codigo_producto,nombre,descripcion_original,descripcion_mejorada,alias_propuestos,accion
11016001,VIRGEN LEV. FRESCA PAQ 500G 100A,"Fresca Calsa para panificación, línea Prensada, presentación comercial de 0.5 kg.","Levadura Fresca Prensada, presentación comercial de 0.5 kg por paquete, con denominación ERP «VIRGEN LEV. FRESCA PAQ 500G 100A». Pertenece a Levaduras Frescas, dentro de Levaduras del catálogo AB Mauri.",virgen lev. fresca paq 500g 100a|virgen levadura. fresca paquete 500g|virgen levadura. fresca|levadura fresca prensada|levaduras frescas|levadura fresca prensada por paquete|levadura fresca|levadura virgen,ACTUALIZAR
40154114,MTK MARG. MASAS CJ4PILX5KG - 100A,"Margarinas Calsa para panificación, línea Masas, presentación comercial de 20 kg.","Margarina para Masas, presentación comercial de 20 kg por caja, con denominación ERP «MTK MARG. MASAS CJ4PILX5KG - 100A». Pertenece a Margarinas para Masas, dentro de Grasas y Margarinas del catálogo AB Mauri.",mtk marg. masas cj4pilx5kg - 100a|mtk margarina. masas cj4pilx5kg|margarina para masas|margarinas para masas|margarina para masas por caja|margarina masas|margarina mtk,ACTUALIZAR
11016082,VIRGEN LEV. FRESCA CJ 20 PAQ 500G 100A,"Fresca Calsa para panificación, línea Prensada, presentación comercial de 10 kg.","Levadura Fresca Prensada, presentación comercial de 10 kg por caja, con denominación ERP «VIRGEN LEV. FRESCA CJ 20 PAQ 500G 100A». Pertenece a Levaduras Frescas, dentro de Levaduras del catálogo AB Mauri.",virgen lev. fresca cj 20 paq 500g 100a|virgen levadura. fresca caja 20 paquete 500g|virgen levadura. fresca caja 20|levadura fresca prensada|levaduras frescas|levadura fresca prensada por caja|levadura fresca|levadura virgen,ACTUALIZAR
11058181,CALSA LPF CLASICA CJ 4D/20FP/50G 100 A,"Fresca Calsa para panificación, línea Prensada, presentación comercial de 4 kg.","Levadura Fresca Prensada, presentación comercial de 4 kg por caja, con denominación ERP «CALSA LPF CLASICA CJ 4D/20FP/50G 100 A». Pertenece a Levaduras Frescas, dentro de Levaduras del catálogo AB Mauri.",calsa lpf clasica cj 4d/20fp/50g 100 a|calsa lpf clasica caja 4d/20fp/50g 100 a|calsa lpf clasica caja 4d/20fp/|levadura fresca prensada|levaduras frescas|levadura fresca prensada por caja|levadura fresca|levadura prensada,ACTUALIZAR
40178014,PREMIUM MASAS LOW TRANS CJ4PILX5KG 100A,"Margarinas Calsa para panificación, línea Masas, presentación comercial de 20 kg.","Margarina para Masas, presentación comercial de 20 kg por caja, con denominación ERP «PREMIUM MASAS LOW TRANS CJ4PILX5KG 100A». Pertenece a Margarinas para Masas, dentro de Grasas y Margarinas del catálogo AB Mauri.",premium masas low trans cj4pilx5kg 100a|premium masas low trans cj4pilx5kg|margarina para masas|margarinas para masas|margarina para masas por caja|margarina premium|margarina low trans,ACTUALIZAR
11081082,LEUDEX LEV. FRESCA CJ 20 PAQ 500G,"Fresca Calsa para panificación, línea Prensada, presentación comercial de 10 kg.","Levadura Fresca Prensada, presentación comercial de 10 kg por caja, con denominación ERP «LEUDEX LEV. FRESCA CJ 20 PAQ 500G». Pertenece a Levaduras Frescas, dentro de Levaduras del catálogo AB Mauri.",leudex lev. fresca cj 20 paq 500g|leudex levadura. fresca caja 20 paquete 500g|leudex levadura. fresca caja 20|levadura fresca prensada|levaduras frescas|levadura fresca prensada por caja|levadura fresca|levadura leudex,ACTUALIZAR
40153114,MTK MARG. HOJAL CJ4PILX5KG- 100A,"Margarinas Calsa para panificación, línea Hojaldre, presentación comercial de 20 kg.","Margarina para Hojaldre, presentación comercial de 20 kg por caja, con denominación ERP «MTK MARG. HOJAL CJ4PILX5KG- 100A». Pertenece a Margarinas para Hojaldre, dentro de Grasas y Margarinas del catálogo AB Mauri.",mtk marg. hojal cj4pilx5kg- 100a|mtk margarina. hojal cj4pilx5kg|margarina para hojaldre|margarinas para hojaldre|margarina para hojaldre por caja|margarina hojaldre|margarina mtk,ACTUALIZAR
72920022,LP KOLAROMA LIMON BIDON 1 LT,"Esencias y Colorantes Calsa para panificación, línea Esencia & Color, presentación comercial de 1 l.","Kolaroma, presentación comercial de 1 l por bidón, con denominación ERP «LP KOLAROMA LIMON BIDON 1 LT». Pertenece a Saborizantes Concentrados, dentro de Esencias y Colorantes del catálogo AB Mauri.",lp kolaroma limon bidon 1 lt|línea de plata kolaroma limon bidon 1 lt|línea de plata kolaroma limon|kolaroma|saborizantes concentrados|kolaroma por bidon|saborizante limón|kolaroma limón,ACTUALIZAR
72401129,LP ESENCIA VAIN. BIDON 5 LT,"Esencias y Colorantes Calsa para panificación, línea Esencias, presentación comercial de 5 l.","Esencia Alimentaria, presentación comercial de 5 l por bidón, con denominación ERP «LP ESENCIA VAIN. BIDON 5 LT». Pertenece a Esencias, dentro de Esencias y Colorantes del catálogo AB Mauri.",lp esencia vain. bidon 5 lt|línea de plata esencia vain. bidon 5 lt|línea de plata esencia vain|esencia alimentaria|esencias|esencia alimentaria por bidon|esencia vainilla|vainilla líquida,ACTUALIZAR
40123015,PARATAPAS MARG. TAPAS CJ2PILX10KG,"Margarinas Calsa para panificación, línea Tapas, presentación comercial de 20 kg.","Margarina para Tapas, presentación comercial de 20 kg por caja, con denominación ERP «PARATAPAS MARG. TAPAS CJ2PILX10KG». Pertenece a Margarinas para Tapas, dentro de Grasas y Margarinas del catálogo AB Mauri.",paratapas marg. tapas cj2pilx10kg|paratapas margarina. tapas cj2pilx10kg|margarina para tapas|margarinas para tapas|margarina para tapas por caja|margarina tapas|margarina paratapas,ACTUALIZAR
40040015,SUPER MARG. HOJ. # ** CJ2PILX10KG - 100A,"Margarinas Calsa para panificación, línea Hojaldre, presentación comercial de 20 kg.","Margarina para Hojaldre, presentación comercial de 20 kg por caja, con denominación ERP «SUPER MARG. HOJ. # ** CJ2PILX10KG - 100A». Pertenece a Margarinas para Hojaldre, dentro de Grasas y Margarinas del catálogo AB Mauri.",super marg. hoj. # ** cj2pilx10kg - 100a|super margarina. hojaldre. # ** cj2pilx10kg|margarina para hojaldre|margarinas para hojaldre|margarina para hojaldre por caja|margarina hojaldre|super margarina,ACTUALIZAR
72401155,LP ESENCIA VAIN. CJ 4X5 LT,"Esencias y Colorantes Calsa para panificación, línea Esencias, presentación comercial de 20 l.","Esencia Alimentaria, presentación comercial de 20 l por caja, con denominación ERP «LP ESENCIA VAIN. CJ 4X5 LT». Pertenece a Esencias, dentro de Esencias y Colorantes del catálogo AB Mauri.",lp esencia vain. cj 4x5 lt|línea de plata esencia vain. caja 4x5 lt|línea de plata esencia vain|esencia alimentaria|esencias|esencia alimentaria por caja|esencia vainilla|vainilla líquida,ACTUALIZAR
72930022,LP KOLAROMA NARANJA BIDON 1 LT,"Esencias y Colorantes Calsa para panificación, línea Esencia & Color, presentación comercial de 1 l.","Kolaroma, presentación comercial de 1 l por bidón, con denominación ERP «LP KOLAROMA NARANJA BIDON 1 LT». Pertenece a Saborizantes Concentrados, dentro de Esencias y Colorantes del catálogo AB Mauri.",lp kolaroma naranja bidon 1 lt|línea de plata kolaroma naranja bidon 1 lt|línea de plata kolaroma naranja|kolaroma|saborizantes concentrados|kolaroma por bidon|saborizante naranja|kolaroma naranja,ACTUALIZAR
31316093,CALSA GRASA OLEOMARGARINA CJX20KG - 100A,"Grasas/Shortenings Calsa para panificación, línea Refinada Blanda, presentación comercial de 20 kg.","Oleomargarina, presentación comercial de 20 kg por caja, con denominación ERP «CALSA GRASA OLEOMARGARINA CJX20KG - 100A». Pertenece a Grasas para Panificación, dentro de Grasas y Margarinas del catálogo AB Mauri.",calsa grasa oleomargarina cjx20kg - 100a|calsa grasa oleomargarina cjx20kg|oleomargarina|grasas para panificación|oleomargarina por caja|grasa oleomargarina|grasa para panificación,ACTUALIZAR
63250144,LP MEJ. FORMULA UNO CJ2X10 KG,"Mejoradores Calsa para panificación, línea Comun, presentación comercial de 20 kg.","Mejorador para Panificación, presentación comercial de 20 kg por caja, con denominación ERP «LP MEJ. FORMULA UNO CJ2X10 KG». Pertenece a Mejoradores Comunes, dentro de Mejoradores del catálogo AB Mauri.",lp mej. formula uno cj2x10 kg|línea de plata mejorador. formula uno cj2x10 kg|mejorador para panificación|mejoradores comunes|mejorador para panificación por caja|mejorador fórmula uno|mejorador panificación|mejorador común,ACTUALIZAR
72401021,LP ESENCIA VAIN. BIDON 2 LT,"Esencias y Colorantes Calsa para panificación, línea Esencias, presentación comercial de 2 l.","Esencia Alimentaria, presentación comercial de 2 l por bidón, con denominación ERP «LP ESENCIA VAIN. BIDON 2 LT». Pertenece a Esencias, dentro de Esencias y Colorantes del catálogo AB Mauri.",lp esencia vain. bidon 2 lt|línea de plata esencia vain. bidon 2 lt|línea de plata esencia vain|esencia alimentaria|esencias|esencia alimentaria por bidon|esencia vainilla|vainilla líquida,ACTUALIZAR
40171014,PREMIUM HOJ LOW TRANS CJ4PILX5KG - 100A,"Margarinas Calsa para panificación, línea Hojaldre, presentación comercial de 20 kg.","Margarina para Hojaldre, presentación comercial de 20 kg por caja, con denominación ERP «PREMIUM HOJ LOW TRANS CJ4PILX5KG - 100A». Pertenece a Margarinas para Hojaldre, dentro de Grasas y Margarinas del catálogo AB Mauri.",premium hoj low trans cj4pilx5kg - 100a|premium hojaldre low trans cj4pilx5kg|margarina para hojaldre|margarinas para hojaldre|margarina para hojaldre por caja|margarina hojaldre|margarina premium|margarina baja en trans,ACTUALIZAR
40148014,SELECTA MELANGE MASAS 0 TRANS CJ4PILX5KG,"Margarinas Calsa para panificación, línea Masas, presentación comercial de 20 kg.","Margarina para Masas, presentación comercial de 20 kg por caja, con denominación ERP «SELECTA MELANGE MASAS 0 TRANS CJ4PILX5KG». Pertenece a Margarinas para Masas, dentro de Grasas y Margarinas del catálogo AB Mauri.",selecta melange masas 0 trans cj4pilx5kg|margarina para masas|margarinas para masas|margarina para masas por caja|margarina selecta|margarina 0 trans,ACTUALIZAR
11057182,CALSA LPF CLASICA CJ 4D/10FP/100G 100A,"Fresca Calsa para panificación, línea Prensada, presentación comercial de 4 kg.","Levadura Fresca Prensada, presentación comercial de 4 kg por caja, con denominación ERP «CALSA LPF CLASICA CJ 4D/10FP/100G 100A». Pertenece a Levaduras Frescas, dentro de Levaduras del catálogo AB Mauri.",calsa lpf clasica cj 4d/10fp/100g 100a|calsa lpf clasica caja 4d/10fp/100g|calsa lpf clasica caja 4d/10fp/|levadura fresca prensada|levaduras frescas|levadura fresca prensada por caja|levadura fresca|levadura prensada,ACTUALIZAR
40185014,PREMIUM HOJALDRE LT CJ4PILX5KG,"Margarinas Calsa para panificación, línea Hojaldre, presentación comercial de 20 kg.","Margarina para Hojaldre, presentación comercial de 20 kg por caja, con denominación ERP «PREMIUM HOJALDRE LT CJ4PILX5KG». Pertenece a Margarinas para Hojaldre, dentro de Grasas y Margarinas del catálogo AB Mauri.",premium hojaldre lt cj4pilx5kg|margarina para hojaldre|margarinas para hojaldre|margarina para hojaldre por caja|margarina hojaldre premium|margarina lt|margarina para repostería,ACTUALIZAR
40021015,SUPER MARG. HOJAL ** CJ2PILX10KG,"Margarinas Calsa para panificación, línea Hojaldre, presentación comercial de 20 kg.","Margarina para Hojaldre, presentación comercial de 20 kg por caja, con denominación ERP «SUPER MARG. HOJAL ** CJ2PILX10KG». Pertenece a Margarinas para Hojaldre, dentro de Grasas y Margarinas del catálogo AB Mauri.",super marg. hojal ** cj2pilx10kg|super margarina. hojal ** cj2pilx10kg|margarina para hojaldre|margarinas para hojaldre|margarina para hojaldre por caja|super margarina|margarina hojaldre|margarina de alta calidad,ACTUALIZAR
40017015,MILHOJAS MARG. HOJAL # ** CJ2PILX10KG,"Margarinas Calsa para panificación, línea Hojaldre, presentación comercial de 20 kg.","Margarina para Hojaldre, presentación comercial de 20 kg por caja, con denominación ERP «MILHOJAS MARG. HOJAL # ** CJ2PILX10KG». Pertenece a Margarinas para Hojaldre, dentro de Grasas y Margarinas del catálogo AB Mauri.",milhojas marg. hojal # ** cj2pilx10kg|milhojas margarina. hojal # ** cj2pilx10kg|margarina para hojaldre|margarinas para hojaldre|margarina para hojaldre por caja|margarina milhojas|margarina hojaldre|margarina para repostería,ACTUALIZAR
63230490,"LP MEJ.CONC. CALSA MAX CJ 4X1,5 KG","Mejoradores Calsa para panificación, línea Concentrado, presentación comercial de 6 kg.","Mejorador para Panificación, presentación comercial de 6 kg por caja, con denominación ERP «LP MEJ.CONC. CALSA MAX CJ 4X1,5 KG». Pertenece a Mejoradores Concentrados, dentro de Mejoradores del catálogo AB Mauri.","lp mej.conc. calsa max cj 4x1,5 kg|línea de plata mejoradorconc. calsa max caja 4x1,5 kg|línea de plata mejoradorconc. calsa max|mejorador para panificación|mejoradores concentrados|mejorador para panificación por caja|mejorador concentrado|mejorador para pan",ACTUALIZAR
40011015,MILHOJAS MARG. HOJAL ** CJ2PILX10KG,"Margarinas Calsa para panificación, línea Hojaldre, presentación comercial de 20 kg.","Margarina para Hojaldre, presentación comercial de 20 kg por caja, con denominación ERP «MILHOJAS MARG. HOJAL ** CJ2PILX10KG». Pertenece a Margarinas para Hojaldre, dentro de Grasas y Margarinas del catálogo AB Mauri.",milhojas marg. hojal ** cj2pilx10kg|milhojas margarina. hojal ** cj2pilx10kg|margarina para hojaldre|margarinas para hojaldre|margarina para hojaldre por caja|margarina milhojas|margarina hojaldre|margarina de alta calidad,ACTUALIZAR
40156014,MTK MARG. MASAS LT CJ4PILX5KG,"Margarinas Calsa para panificación, línea Masas, presentación comercial de 20 kg.","Margarina para Masas, presentación comercial de 20 kg por caja, con denominación ERP «MTK MARG. MASAS LT CJ4PILX5KG». Pertenece a Margarinas para Masas, dentro de Grasas y Margarinas del catálogo AB Mauri.",mtk marg. masas lt cj4pilx5kg|mtk margarina. masas lt cj4pilx5kg|margarina para masas|margarinas para masas|margarina para masas por caja|margarina mtk|margarina baja en trans,ACTUALIZAR
63250042,LP MEJ. FORMULA UNO BOL.10 KG,"Mejoradores Calsa para panificación, línea Comun, presentación comercial de 10 kg.","Mejorador para Panificación, presentación comercial de 10 kg por bolsa, con denominación ERP «LP MEJ. FORMULA UNO BOL.10 KG». Pertenece a Mejoradores Comunes, dentro de Mejoradores del catálogo AB Mauri.",lp mej. formula uno bol.10 kg|línea de plata mejorador. formula uno bolsa10 kg|línea de plata mejorador. formula uno|mejorador para panificación|mejoradores comunes|mejorador para panificación por bolsa|mejorador fórmula uno|mejorador común,ACTUALIZAR
64009144,LP MEJ. MEJORMIGA CJ2X10 KG,"Mejoradores Calsa para panificación, línea Especifico, presentación comercial de 20 kg.","Mejorador para Panificación, presentación comercial de 20 kg por caja, con denominación ERP «LP MEJ. MEJORMIGA CJ2X10 KG». Pertenece a Mejoradores Específicos, dentro de Mejoradores del catálogo AB Mauri.",lp mej. mejormiga cj2x10 kg|línea de plata mejorador. mejormiga cj2x10 kg|mejorador para panificación|mejoradores específicos|mejorador para panificación por caja|mejorador mejoramiga|mejorador específico|mejorador lp,ACTUALIZAR
73732130,LP BAÑO ALFAJ. SEMIAMARGO CJ X 3 KG,"Chocolates Calsa para panificación, línea Baños, presentación comercial de 3 kg.","Baño de Repostería, presentación comercial de 3 kg por caja, con denominación ERP «LP BAÑO ALFAJ. SEMIAMARGO CJ X 3 KG». Pertenece a Baños y Coberturas, dentro de Ingredientes de Pastelería del catálogo AB Mauri.",lp baño alfaj. semiamargo cj x 3 kg|línea de plata baño alfaj. semiamargo caja x 3 kg|línea de plata baño alfaj. semiamargo caja x|baño de repostería|baños y coberturas|baño de repostería por caja|baño alfajor|cobertura semiamarga,ACTUALIZAR
40124015,GOLF MARG. MASAS CJ2PILX10KG,"Margarinas Calsa para panificación, línea Masas, presentación comercial de 20 kg.","Margarina para Masas, presentación comercial de 20 kg por caja, con denominación ERP «GOLF MARG. MASAS CJ2PILX10KG». Pertenece a Margarinas para Masas, dentro de Grasas y Margarinas del catálogo AB Mauri.",golf marg. masas cj2pilx10kg|golf margarina. masas cj2pilx10kg|margarina para masas|margarinas para masas|margarina para masas por caja|margarina golf|margarina de alta calidad,ACTUALIZAR
73044144,LP PREM. FACTURAS Y MEDIALUNAS CJ2X10 KG,"Premezclas Calsa para panificación, línea Panaderia, presentación comercial de 20 kg.","Facturas y Medialunas, presentación comercial de 20 kg por caja, con denominación ERP «LP PREM. FACTURAS Y MEDIALUNAS CJ2X10 KG». Pertenece a Premezclas de Panadería, dentro de Premezclas del catálogo AB Mauri.",lp prem. facturas y medialunas cj2x10 kg|línea de plata premezcla. facturas y medialunas cj2x10 kg|facturas y medialunas|premezclas de panadería|facturas y medialunas por caja|premezcla facturas|premezcla medialunas|premezcla lp,ACTUALIZAR
72421156,LP ESENCIA LIMON CJ 6X2 LT,"Esencias y Colorantes Calsa para panificación, línea Esencias, presentación comercial de 12 l.","Esencia Alimentaria, presentación comercial de 12 l por caja, con denominación ERP «LP ESENCIA LIMON CJ 6X2 LT». Pertenece a Esencias, dentro de Esencias y Colorantes del catálogo AB Mauri.",lp esencia limon cj 6x2 lt|línea de plata esencia limon caja 6x2 lt|línea de plata esencia limon|esencia alimentaria|esencias|esencia alimentaria por caja|esencia limon|limon,ACTUALIZAR
73167145,I360 PREM. BROWNIE. CJ6X3KG,"Premezclas Calsa para panificación, línea Pasteleria, presentación comercial de 18 kg.","Preparados de Pastelería, presentación comercial de 18 kg por caja, con denominación ERP «I360 PREM. BROWNIE. CJ6X3KG». Pertenece a Premezclas de Pastelería, dentro de Premezclas del catálogo AB Mauri.",i360 prem. brownie. cj6x3kg|innova 360 premezcla. brownie. cj6x3kg|preparados de pastelería|premezclas de pastelería|preparados de pastelería por caja|premezcla brownie|brownie|preparado brownie,ACTUALIZAR
72940022,LP KOLAROMA FRUTILLA BIDON 1 LT,"Esencias y Colorantes Calsa para panificación, línea Esencia & Color, presentación comercial de 1 l.","Kolaroma, presentación comercial de 1 l por bidón, con denominación ERP «LP KOLAROMA FRUTILLA BIDON 1 LT». Pertenece a Saborizantes Concentrados, dentro de Esencias y Colorantes del catálogo AB Mauri.",lp kolaroma frutilla bidon 1 lt|línea de plata kolaroma frutilla bidon 1 lt|línea de plata kolaroma frutilla|kolaroma|saborizantes concentrados|kolaroma por bidon|kolaroma frutilla|saborizante frutilla,ACTUALIZAR
21010144,LP HAR. DE MALTA MALTARINA CJ2X10 KG,"Extractos y harinas de malta Calsa para panificación, línea Harinas, presentación comercial de 20 kg.","Harina de Malta, presentación comercial de 20 kg por caja, con denominación ERP «LP HAR. DE MALTA MALTARINA CJ2X10 KG». Pertenece a Maltas, dentro de Aditivos e Ingredientes del catálogo AB Mauri.",lp har. de malta maltarina cj2x10 kg|línea de plata har. de malta maltarina cj2x10 kg|harina de malta|maltas|harina de malta por caja|malta|ingrediente malta|malta panificacion,ACTUALIZAR
72690193,LP CHIPS SEMIAMARGO CAJA 4X1 KG,"Chocolates Calsa para panificación, línea Grageados/Granillo, presentación comercial de 1 kg.","Chocolate para Repostería, presentación comercial de 1 kg por caja, con denominación ERP «LP CHIPS SEMIAMARGO CAJA 4X1 KG». Pertenece a Chocolates, dentro de Ingredientes de Pastelería del catálogo AB Mauri.",lp chips semiamargo caja 4x1 kg|línea de plata chips semiamargo caja 4x1 kg|línea de plata chips semiamargo|chocolate para repostería|chocolates|chocolate para repostería por caja|chips semiamargo|chocolate semiamargo,ACTUALIZAR
73164145,I360 PREM. MUFFIN VAIN. CJ6X3K,"Premezclas Calsa para panificación, línea Pasteleria, presentación comercial de 20 kg.","Muffins, presentación comercial de 20 kg por caja, con denominación ERP «I360 PREM. MUFFIN VAIN. CJ6X3K». Pertenece a Premezclas de Pastelería, dentro de Premezclas del catálogo AB Mauri.",i360 prem. muffin vain. cj6x3k|innova 360 premezcla. muffin vain. cj6x3k|muffins|premezclas de pastelería|muffins por caja|premezcla muffin|muffin vainilla|mezcla muffin,ACTUALIZAR
11054190,LEV. PRENS. FAMILIAR c/MM -CJ/8D/10P/50,"Fresca Calsa para panificación, línea Prensada, presentación comercial de 4 kg.","Levadura Fresca Prensada, presentación comercial de 4 kg por caja, con denominación ERP «LEV. PRENS. FAMILIAR c/MM -CJ/8D/10P/50». Pertenece a Levaduras Frescas, dentro de Levaduras del catálogo AB Mauri.",lev. prens. familiar c/mm -cj/8d/10p/50|levadura. prens. familiar c/mm -caja/8d/10p/50|levadura fresca prensada|levaduras frescas|levadura fresca prensada por caja|levadura prensada|levadura fresca|levadura,ACTUALIZAR
72950022,LP KOLAROMA VAIN. BIDON 1 LT,"Esencias y Colorantes Calsa para panificación, línea Esencia & Color, presentación comercial de 1 l.","Kolaroma, presentación comercial de 1 l por bidón, con denominación ERP «LP KOLAROMA VAIN. BIDON 1 LT». Pertenece a Saborizantes Concentrados, dentro de Esencias y Colorantes del catálogo AB Mauri.",lp kolaroma vain. bidon 1 lt|línea de plata kolaroma vain. bidon 1 lt|línea de plata kolaroma vain|kolaroma|saborizantes concentrados|kolaroma por bidon|kolaroma vainilla|saborizante vainilla,ACTUALIZAR
11044181,CALSA LPF AMASA FACIL CJ 4D/20FP/50G,"Fresca Calsa para panificación, línea Prensada, presentación comercial de 4 kg.","Levadura Fresca Prensada, presentación comercial de 4 kg por caja, con denominación ERP «CALSA LPF AMASA FACIL CJ 4D/20FP/50G». Pertenece a Levaduras Frescas, dentro de Levaduras del catálogo AB Mauri.",calsa lpf amasa facil cj 4d/20fp/50g|calsa lpf amasa facil caja 4d/20fp/50g|calsa lpf amasa facil caja 4d/20fp/|levadura fresca prensada|levaduras frescas|levadura fresca prensada por caja|levadura prensada|levadura fresca,ACTUALIZAR
40027015,SUPER MARG. HOJAL ** CJ2PILX10KG - 100A,"Margarinas Calsa para panificación, línea Hojaldre, presentación comercial de 20 kg.","Margarina para Hojaldre, presentación comercial de 20 kg por caja, con denominación ERP «SUPER MARG. HOJAL ** CJ2PILX10KG - 100A». Pertenece a Margarinas para Hojaldre, dentro de Grasas y Margarinas del catálogo AB Mauri.",super marg. hojal ** cj2pilx10kg - 100a|super margarina. hojal ** cj2pilx10kg|margarina para hojaldre|margarinas para hojaldre|margarina para hojaldre por caja|margarina hojalde|margarina|grasa hojalde,ACTUALIZAR
34322093,LIBERTINA GRASA CJX20KG,"Grasas/Shortenings Calsa para panificación, línea Refinada Dura, presentación comercial de 20 kg.","Grasa Refinada, presentación comercial de 20 kg por caja, con denominación ERP «LIBERTINA GRASA CJX20KG». Pertenece a Grasas para Panificación, dentro de Grasas y Margarinas del catálogo AB Mauri.",libertina grasa cjx20kg|grasa refinada|grasas para panificación|grasa refinada por caja|grasa panificacion|grasa|ingrediente panificacion|grasa para pan,ACTUALIZAR
32001093,HORNITO GRASA AO CJX20KG,"Grasas/Shortenings Calsa para panificación, línea Refinada Blanda, presentación comercial de 20 kg.","Grasa Refinada, presentación comercial de 20 kg por caja, con denominación ERP «HORNITO GRASA AO CJX20KG». Pertenece a Grasas para Panificación, dentro de Grasas y Margarinas del catálogo AB Mauri.",hornito grasa ao cjx20kg|grasa refinada|grasas para panificación|grasa refinada por caja|grasa panificacion|grasa|ingrediente panificacion|grasa para pan,ACTUALIZAR
21010042,LP HAR. DE MALTA MALTARINA BOL X10 KG,"Extractos y harinas de malta Calsa para panificación, línea Harinas, presentación comercial de 10 kg.","Harina de Malta, presentación comercial de 10 kg por bolsa, con denominación ERP «LP HAR. DE MALTA MALTARINA BOL X10 KG». Pertenece a Maltas, dentro de Aditivos e Ingredientes del catálogo AB Mauri.",lp har. de malta maltarina bol x10 kg|línea de plata har. de malta maltarina bolsa x10 kg|harina de malta|maltas|harina de malta por bolsa|malta|ingrediente malta|malta panificacion,ACTUALIZAR
72441156,LP ESENCIA COCO CJ 6X2 LT,"Esencias y Colorantes Calsa para panificación, línea Esencias, presentación comercial de 12 l.","Esencia Alimentaria, presentación comercial de 12 l por caja, con denominación ERP «LP ESENCIA COCO CJ 6X2 LT». Pertenece a Esencias, dentro de Esencias y Colorantes del catálogo AB Mauri.",lp esencia coco cj 6x2 lt|línea de plata esencia coco caja 6x2 lt|línea de plata esencia coco|esencia alimentaria|esencias|esencia alimentaria por caja|esencia coco|coco,ACTUALIZAR
72411156,LP ESENCIA NARAN. CJ 6X2 LT,"Esencias y Colorantes Calsa para panificación, línea Esencias, presentación comercial de 12 l.","Esencia Alimentaria, presentación comercial de 12 l por caja, con denominación ERP «LP ESENCIA NARAN. CJ 6X2 LT». Pertenece a Esencias, dentro de Esencias y Colorantes del catálogo AB Mauri.",lp esencia naran. cj 6x2 lt|línea de plata esencia naran. caja 6x2 lt|línea de plata esencia naran|esencia alimentaria|esencias|esencia alimentaria por caja|esencia naranja|naranja,ACTUALIZAR
40173014,PREMIUM MASA C/MAN LOW TRANS CJ 4PILx5KG,"Margarinas Calsa para panificación, línea Masas, presentación comercial de 20 kg.","Margarina para Masas, presentación comercial de 20 kg por caja, con denominación ERP «PREMIUM MASA C/MAN LOW TRANS CJ 4PILx5KG». Pertenece a Margarinas para Masas, dentro de Grasas y Margarinas del catálogo AB Mauri.",premium masa c/man low trans cj 4pilx5kg|premium masa c/man low trans caja 4pilx5kg|margarina para masas|margarinas para masas|margarina para masas por caja|margarina masa|margarina low trans|margarina premium,ACTUALIZAR
72401156,LP ESENCIA VAIN. CJ 6X2 LT,"Esencias y Colorantes Calsa para panificación, línea Esencias, presentación comercial de 12 l.","Esencia Alimentaria, presentación comercial de 12 l por caja, con denominación ERP «LP ESENCIA VAIN. CJ 6X2 LT». Pertenece a Esencias, dentro de Esencias y Colorantes del catálogo AB Mauri.",lp esencia vain. cj 6x2 lt|línea de plata esencia vain. caja 6x2 lt|línea de plata esencia vain|esencia alimentaria|esencias|esencia alimentaria por caja|esencia vainilla|vainilla liquida,ACTUALIZAR
72421021,LP ESENCIA LIMON BIDON 2 LT,"Esencias y Colorantes Calsa para panificación, línea Esencias, presentación comercial de 2 l.","Esencia Alimentaria, presentación comercial de 2 l por bidón, con denominación ERP «LP ESENCIA LIMON BIDON 2 LT». Pertenece a Esencias, dentro de Esencias y Colorantes del catálogo AB Mauri.",lp esencia limon bidon 2 lt|línea de plata esencia limon bidon 2 lt|línea de plata esencia limon|esencia alimentaria|esencias|esencia alimentaria por bidon|esencia limon|limon liquido,ACTUALIZAR
73165145,I360 PREM. CROISSANT. CJ6X3KG,"Premezclas Calsa para panificación, línea Pasteleria, presentación comercial de 18 kg.","Preparados de Pastelería, presentación comercial de 18 kg por caja, con denominación ERP «I360 PREM. CROISSANT. CJ6X3KG». Pertenece a Premezclas de Pastelería, dentro de Premezclas del catálogo AB Mauri.",i360 prem. croissant. cj6x3kg|innova 360 premezcla. croissant. cj6x3kg|preparados de pastelería|premezclas de pastelería|preparados de pastelería por caja|premezcla croissant|croissant prem|i360 croissant,ACTUALIZAR
11081001,LEUDEX LEV. FRESCA PAQ 500G,"Fresca Calsa para panificación, línea Prensada, presentación comercial de 0.5 kg.","Levadura Fresca Prensada, presentación comercial de 0.5 kg por paquete, con denominación ERP «LEUDEX LEV. FRESCA PAQ 500G». Pertenece a Levaduras Frescas, dentro de Levaduras del catálogo AB Mauri.",leudex lev. fresca paq 500g|leudex levadura. fresca paquete 500g|leudex levadura. fresca|levadura fresca prensada|levaduras frescas|levadura fresca prensada por paquete|levadura fresca|leudante fresco,ACTUALIZAR
73164032,I360 PREM. MUFFIN VAIN. BOL3KG,"Premezclas Calsa para panificación, línea Pasteleria, presentación comercial de 3 kg.","Muffins, presentación comercial de 3 kg por bolsa, con denominación ERP «I360 PREM. MUFFIN VAIN. BOL3KG». Pertenece a Premezclas de Pastelería, dentro de Premezclas del catálogo AB Mauri.",i360 prem. muffin vain. bol3kg|innova 360 premezcla. muffin vain. bol3kg|muffins|premezclas de pastelería|muffins por bolsa|premezcla muffin|muffin vainilla|i360 muffin,ACTUALIZAR
63257144,LP MEJ. FORMULA UNO CJ2X10 KG 100A,"Mejoradores Calsa para panificación, línea Comun, presentación comercial de 20 kg.","Mejorador para Panificación, presentación comercial de 20 kg por caja, con denominación ERP «LP MEJ. FORMULA UNO CJ2X10 KG 100A». Pertenece a Mejoradores Comunes, dentro de Mejoradores del catálogo AB Mauri.",lp mej. formula uno cj2x10 kg 100a|línea de plata mejorador. formula uno cj2x10 kg|mejorador para panificación|mejoradores comunes|mejorador para panificación por caja|mejorador formula uno|mejorador panificacion|lp mejorador,ACTUALIZAR
40229015,FLOR MARG. HOJAL ** CJ2PILX10KG,"Margarinas Calsa para panificación, línea Hojaldre, presentación comercial de 20 kg.","Margarina para Hojaldre, presentación comercial de 20 kg por caja, con denominación ERP «FLOR MARG. HOJAL ** CJ2PILX10KG». Pertenece a Margarinas para Hojaldre, dentro de Grasas y Margarinas del catálogo AB Mauri.",flor marg. hojal ** cj2pilx10kg|flor margarina. hojal ** cj2pilx10kg|margarina para hojaldre|margarinas para hojaldre|margarina para hojaldre por caja|margarina hojalde|flor marg|margarina hojal,ACTUALIZAR
73167032,I360 PREM. BROWNIE. BOL3KG,"Premezclas Calsa para panificación, línea Pasteleria, presentación comercial de 3 kg.","Preparados de Pastelería, presentación comercial de 3 kg por bolsa, con denominación ERP «I360 PREM. BROWNIE. BOL3KG». Pertenece a Premezclas de Pastelería, dentro de Premezclas del catálogo AB Mauri.",i360 prem. brownie. bol3kg|innova 360 premezcla. brownie. bol3kg|preparados de pastelería|premezclas de pastelería|preparados de pastelería por bolsa|premezcla brownie|brownie prem|i360 brownie,ACTUALIZAR
63257042,LP MEJ. FORMULA UNO BOL.10 KG 100A,"Mejoradores Calsa para panificación, línea Comun, presentación comercial de 10 kg.","Mejorador para Panificación, presentación comercial de 10 kg por bolsa, con denominación ERP «LP MEJ. FORMULA UNO BOL.10 KG 100A». Pertenece a Mejoradores Comunes, dentro de Mejoradores del catálogo AB Mauri.",lp mej. formula uno bol.10 kg 100a|línea de plata mejorador. formula uno bolsa10 kg|línea de plata mejorador. formula uno|mejorador para panificación|mejoradores comunes|mejorador para panificación por bolsa|mejorador formula uno|mejorador panificacion,ACTUALIZAR
72411021,LP ESENCIA NARANJA BIDON 2 LT,"Esencias y Colorantes Calsa para panificación, línea Esencias, presentación comercial de 2 l.","Esencia Alimentaria, presentación comercial de 2 l por bidón, con denominación ERP «LP ESENCIA NARANJA BIDON 2 LT». Pertenece a Esencias, dentro de Esencias y Colorantes del catálogo AB Mauri.",lp esencia naranja bidon 2 lt|línea de plata esencia naranja bidon 2 lt|línea de plata esencia naranja|esencia alimentaria|esencias|esencia alimentaria por bidon|esencia naranja|naranja liquida,ACTUALIZAR
40157014,MTK MARG. HOJAL LT CJ4PILX5KG,"Margarinas Calsa para panificación, línea Masas, presentación comercial de 20 kg.","Margarina para Hojaldre, presentación comercial de 20 kg por caja, con denominación ERP «MTK MARG. HOJAL LT CJ4PILX5KG». Pertenece a Margarinas para Hojaldre, dentro de Grasas y Margarinas del catálogo AB Mauri.",mtk marg. hojal lt cj4pilx5kg|mtk margarina. hojal lt cj4pilx5kg|margarina para hojaldre|margarinas para hojaldre|margarina para hojaldre por caja|margarina hojalde|mtk marg|margarina hojal,ACTUALIZAR
31301093,BIZCOCHINA GRASA 35 CJX20KG,"Grasas/Shortenings Calsa para panificación, línea Refinada Blanda, presentación comercial de 20 kg.","Grasa Refinada, presentación comercial de 20 kg por caja, con denominación ERP «BIZCOCHINA GRASA 35 CJX20KG». Pertenece a Grasas para Panificación, dentro de Grasas y Margarinas del catálogo AB Mauri.",bizcochina grasa 35 cjx20kg|grasa refinada|grasas para panificación|grasa refinada por caja|grasa bizcochina|grasa para panificacion|grasa 35,ACTUALIZAR
72690033,LP CHIPS SEMIAMARGO BOL. X1 KG,"Chocolates Calsa para panificación, línea Grageados/Granillo, presentación comercial de 1 kg.","Chocolate para Repostería, presentación comercial de 1 kg por bolsa, con denominación ERP «LP CHIPS SEMIAMARGO BOL. X1 KG». Pertenece a Chocolates, dentro de Ingredientes de Pastelería del catálogo AB Mauri.",lp chips semiamargo bol. x1 kg|línea de plata chips semiamargo bolsa. x1 kg|chocolate para repostería|chocolates|chocolate para repostería por bolsa|chips chocolate|chocolate semiamargo|chocolate reposteria,ACTUALIZAR
11066082,DUQUESA LEV. FRESCA CJ 20 PAQ 500G 100A,"Fresca Calsa para panificación, línea Prensada, presentación comercial de 10 kg.","Levadura Fresca Prensada, presentación comercial de 10 kg por caja, con denominación ERP «DUQUESA LEV. FRESCA CJ 20 PAQ 500G 100A». Pertenece a Levaduras Frescas, dentro de Levaduras del catálogo AB Mauri.",duquesa lev. fresca cj 20 paq 500g 100a|duquesa levadura. fresca caja 20 paquete 500g|duquesa levadura. fresca caja 20|levadura fresca prensada|levaduras frescas|levadura fresca prensada por caja|levadura fresca|leudante fresco,ACTUALIZAR
40184015,GOLF MARG. MASAS LT CJ2PILX10KG,"Margarinas Calsa para panificación, línea Masas, presentación comercial de 20 kg.","Margarina para Masas, presentación comercial de 20 kg por caja, con denominación ERP «GOLF MARG. MASAS LT CJ2PILX10KG». Pertenece a Margarinas para Masas, dentro de Grasas y Margarinas del catálogo AB Mauri.",golf marg. masas lt cj2pilx10kg|golf margarina. masas lt cj2pilx10kg|margarina para masas|margarinas para masas|margarina para masas por caja|margarina masas|margarina 10kg|golf margarina,ACTUALIZAR
72910022,LP KOLAROMA CAFÉ BIDON 1 LT,"Esencias y Colorantes Calsa para panificación, línea Esencia & Color, presentación comercial de 1 l.","Kolaroma, presentación comercial de 1 l por bidón, con denominación ERP «LP KOLAROMA CAFÉ BIDON 1 LT». Pertenece a Saborizantes Concentrados, dentro de Esencias y Colorantes del catálogo AB Mauri.",lp kolaroma café bidon 1 lt|línea de plata kolaroma café bidon 1 lt|línea de plata kolaroma café|kolaroma|saborizantes concentrados|kolaroma por bidon|kolaroma café|saborizante café,ACTUALIZAR
40190093,MARG PREM. MASAS/BATIDOS 0%TRANS-Cajx20K,"Margarinas Calsa para panificación, línea Batidos, presentación comercial de 20 kg.","Margarina para Masas, presentación comercial de 20 kg por caja, con denominación ERP «MARG PREM. MASAS/BATIDOS 0%TRANS-Cajx20K». Pertenece a Margarinas para Masas, dentro de Grasas y Margarinas del catálogo AB Mauri.",marg prem. masas/batidos 0%trans-cajx20k|margarina premezcla. masas/batidos 0%trans-cajx20k|margarina para masas|margarinas para masas|margarina para masas por caja|margarina premium|margarina 0% trans|margarina batidos,ACTUALIZAR
32402090,RICABE GRASA CJ20SACHX1KG,"Grasas/Shortenings Calsa para panificación, línea Refinada Dura, presentación comercial de 1 kg.","Grasa Refinada, presentación comercial de 1 kg por caja, con denominación ERP «RICABE GRASA CJ20SACHX1KG». Pertenece a Grasas para Panificación, dentro de Grasas y Margarinas del catálogo AB Mauri.",ricabe grasa cj20sachx1kg|grasa refinada|grasas para panificación|grasa refinada por caja|ricabe grasa|grasa panificación,ACTUALIZAR
63230493,LP MEJ.CONC. CALSA MAX CJ 12X500 G,"Mejoradores Calsa para panificación, línea Concentrado, presentación comercial de 6 kg.","Mejorador para Panificación, presentación comercial de 6 kg por caja, con denominación ERP «LP MEJ.CONC. CALSA MAX CJ 12X500 G». Pertenece a Mejoradores Concentrados, dentro de Mejoradores del catálogo AB Mauri.",lp mej.conc. calsa max cj 12x500 g|línea de plata mejoradorconc. calsa max caja 12x500 g|línea de plata mejoradorconc. calsa max|mejorador para panificación|mejoradores concentrados|mejorador para panificación por caja|mejorador concentrado|lp mejorador,ACTUALIZAR
32026093,IDEALINA GRASA CJX20KG,"Grasas/Shortenings Calsa para panificación, línea Refinada Dura, presentación comercial de 20 kg.","Grasa Refinada, presentación comercial de 20 kg por caja, con denominación ERP «IDEALINA GRASA CJX20KG». Pertenece a Grasas para Panificación, dentro de Grasas y Margarinas del catálogo AB Mauri.",grasa refinada|grasas para panificación|grasa refinada por caja|grasa 20kg|grasa panificación,ACTUALIZAR
72441021,LP ESENCIA COCO BIDON 2 LT,"Esencias y Colorantes Calsa para panificación, línea Esencias, presentación comercial de 2 l.","Esencia Alimentaria, presentación comercial de 2 l por bidón, con denominación ERP «LP ESENCIA COCO BIDON 2 LT». Pertenece a Esencias, dentro de Esencias y Colorantes del catálogo AB Mauri.",lp esencia coco bidon 2 lt|línea de plata esencia coco bidon 2 lt|línea de plata esencia coco|esencia alimentaria|esencias|esencia alimentaria por bidon|esencia coco|lp esencia coco,ACTUALIZAR
73165032,I360 PREM. CROISSANT. BOL3KG,"Premezclas Calsa para panificación, línea Pasteleria, presentación comercial de 3 kg.","Preparados de Pastelería, presentación comercial de 3 kg por bolsa, con denominación ERP «I360 PREM. CROISSANT. BOL3KG». Pertenece a Premezclas de Pastelería, dentro de Premezclas del catálogo AB Mauri.",i360 prem. croissant. bol3kg|innova 360 premezcla. croissant. bol3kg|preparados de pastelería|premezclas de pastelería|preparados de pastelería por bolsa|premix croissant|premezcla croissant|i360 croissant,ACTUALIZAR
64009042,LP MEJ. MEJORMIGA BOL.10 KG,"Mejoradores Calsa para panificación, línea Especifico, presentación comercial de 10 kg.","Mejorador para Panificación, presentación comercial de 10 kg por bolsa, con denominación ERP «LP MEJ. MEJORMIGA BOL.10 KG». Pertenece a Mejoradores Específicos, dentro de Mejoradores del catálogo AB Mauri.",lp mej. mejormiga bol.10 kg|línea de plata mejorador. mejormiga bolsa10 kg|línea de plata mejorador. mejormiga|mejorador para panificación|mejoradores específicos|mejorador para panificación por bolsa|mejorador mejormiga|lp mejorador,ACTUALIZAR
40182014,PREMIUM HOJ. C/MAN LT CJ 4PILx5KG,"Margarinas Calsa para panificación, línea Masas, presentación comercial de 20 kg.","Margarina para Hojaldre, presentación comercial de 20 kg por caja, con denominación ERP «PREMIUM HOJ. C/MAN LT CJ 4PILx5KG». Pertenece a Margarinas para Hojaldre, dentro de Grasas y Margarinas del catálogo AB Mauri.",premium hoj. c/man lt cj 4pilx5kg|premium hojaldre. c/man lt caja 4pilx5kg|margarina para hojaldre|margarinas para hojaldre|margarina para hojaldre por caja|margarina hojaldre|premium hojaldre|margarina 20kg,ACTUALIZAR
40172014,PREMIUM HOJ. C/MAN LOW TRANS CJ 4PILx5KG,"Margarinas Calsa para panificación, línea Masas, presentación comercial de 20 kg.","Margarina para Hojaldre, presentación comercial de 20 kg por caja, con denominación ERP «PREMIUM HOJ. C/MAN LOW TRANS CJ 4PILx5KG». Pertenece a Margarinas para Hojaldre, dentro de Grasas y Margarinas del catálogo AB Mauri.",premium hoj. c/man low trans cj 4pilx5kg|premium hojaldre. c/man low trans caja 4pilx5kg|margarina para hojaldre|margarinas para hojaldre|margarina para hojaldre por caja|margarina hojaldre low trans|premium hojaldre low trans|margarina 20kg low trans,ACTUALIZAR
73126144,LP PREM. MUFFIN VIN. CJ2X10 KG,"Premezclas Calsa para panificación, línea Pasteleria, presentación comercial de 20 kg.","Muffins, presentación comercial de 20 kg por caja, con denominación ERP «LP PREM. MUFFIN VIN. CJ2X10 KG». Pertenece a Premezclas de Pastelería, dentro de Premezclas del catálogo AB Mauri.",lp prem. muffin vin. cj2x10 kg|línea de plata premezcla. muffin vin. cj2x10 kg|muffins|premezclas de pastelería|muffins por caja|premezcla muffin|lp muffin|muffin 20kg,ACTUALIZAR
40179014,PREMIUM MASAS LT CJ4PILX5KG,"Margarinas Calsa para panificación, línea Masas, presentación comercial de 20 kg.","Margarina para Masas, presentación comercial de 20 kg por caja, con denominación ERP «PREMIUM MASAS LT CJ4PILX5KG». Pertenece a Margarinas para Masas, dentro de Grasas y Margarinas del catálogo AB Mauri.",premium masas lt cj4pilx5kg|margarina para masas|margarinas para masas|margarina para masas por caja|margarina premium|margarina 20kg|margarina masas,ACTUALIZAR
72451021,LP ESENCIA ALMEN. BIDON 2 LT,"Esencias y Colorantes Calsa para panificación, línea Esencias, presentación comercial de 2 l.","Esencia Alimentaria, presentación comercial de 2 l por bidón, con denominación ERP «LP ESENCIA ALMEN. BIDON 2 LT». Pertenece a Esencias, dentro de Esencias y Colorantes del catálogo AB Mauri.",lp esencia almen. bidon 2 lt|línea de plata esencia almen. bidon 2 lt|línea de plata esencia almen|esencia alimentaria|esencias|esencia alimentaria por bidon|esencia almendra|lp esencia almendra,ACTUALIZAR
40143114,MTK MARG. HOJAL CJ4PILX5KG,"Margarinas Calsa para panificación, línea Hojaldre, presentación comercial de 20 kg.","Margarina para Hojaldre, presentación comercial de 20 kg por caja, con denominación ERP «MTK MARG. HOJAL CJ4PILX5KG». Pertenece a Margarinas para Hojaldre, dentro de Grasas y Margarinas del catálogo AB Mauri.",mtk marg. hojal cj4pilx5kg|mtk margarina. hojal cj4pilx5kg|margarina para hojaldre|margarinas para hojaldre|margarina para hojaldre por caja|margarina hojaldre|mtk margarina|margarina 20kg,ACTUALIZAR
73016179,LP PREM. COOKIES CJ7X3 KG,"Premezclas Calsa para panificación, línea Pasteleria, presentación comercial de 21 kg.","Cookies, presentación comercial de 21 kg por caja, con denominación ERP «LP PREM. COOKIES CJ7X3 KG». Pertenece a Premezclas de Pastelería, dentro de Premezclas del catálogo AB Mauri.",lp prem. cookies cj7x3 kg|línea de plata premezcla. cookies cj7x3 kg|cookies|premezclas de pastelería|cookies por caja|prem. cookies|premezcla galletas|cookies 7kg,ACTUALIZAR
11054192,LEV. PRENS. FAMILIAR C/MM -CJ/4D/10P/50,"Fresca Calsa para panificación, línea Prensada, presentación comercial de 2 kg.","Levadura Fresca Prensada, presentación comercial de 2 kg por caja, con denominación ERP «LEV. PRENS. FAMILIAR C/MM -CJ/4D/10P/50». Pertenece a Levaduras Frescas, dentro de Levaduras del catálogo AB Mauri.",lev. prens. familiar c/mm -cj/4d/10p/50|levadura. prens. familiar c/mm -caja/4d/10p/50|levadura fresca prensada|levaduras frescas|levadura fresca prensada por caja|levadura prensada|levadura fresca|levadura familiar,ACTUALIZAR
11044196,CALSA LPF AMASA FACIL CJ 2D/20FP/50G,"Fresca Calsa para panificación, línea Prensada, presentación comercial de 2 kg.","Levadura Fresca Prensada, presentación comercial de 2 kg por caja, con denominación ERP «CALSA LPF AMASA FACIL CJ 2D/20FP/50G». Pertenece a Levaduras Frescas, dentro de Levaduras del catálogo AB Mauri.",calsa lpf amasa facil cj 2d/20fp/50g|calsa lpf amasa facil caja 2d/20fp/50g|calsa lpf amasa facil caja 2d/20fp/|levadura fresca prensada|levaduras frescas|levadura fresca prensada por caja|levadura amasa facil|levadura fresca,ACTUALIZAR
11085082,VIRGEN LEV. FRESCA MECAN. CJ 20 PAQ 500G,"Fresca Calsa para panificación, línea Prensada, presentación comercial de 10 kg.","Levadura Fresca Prensada, presentación comercial de 10 kg por caja, con denominación ERP «VIRGEN LEV. FRESCA MECAN. CJ 20 PAQ 500G». Pertenece a Levaduras Frescas, dentro de Levaduras del catálogo AB Mauri.",virgen lev. fresca mecan. cj 20 paq 500g|virgen levadura. fresca mecan. caja 20 paquete 500g|virgen levadura. fresca mecan. caja 20|levadura fresca prensada|levaduras frescas|levadura fresca prensada por caja|levadura virgen|levadura fresca,ACTUALIZAR
73136145,LP. PREM. EKILIBRIUM FIBRA CJ6X3 KG,"Premezclas Calsa para panificación, línea Panaderia, presentación comercial de 18 kg.","Preparados de Panadería, presentación comercial de 18 kg por caja, con denominación ERP «LP. PREM. EKILIBRIUM FIBRA CJ6X3 KG». Pertenece a Premezclas de Panadería, dentro de Premezclas del catálogo AB Mauri.",lp. prem. ekilibrium fibra cj6x3 kg|línea de plata. premezcla. ekilibrium fibra cj6x3 kg|preparados de panadería|premezclas de panadería|preparados de panadería por caja|prem. ekilibrium|premezcla panadería|preparados pan,ACTUALIZAR
11056190,CALSA LPF CLASICA CJ 8D/10FP/50G 100A,"Fresca Calsa para panificación, línea Prensada, presentación comercial de 4 kg.","Levadura Fresca Prensada, presentación comercial de 4 kg por caja, con denominación ERP «CALSA LPF CLASICA CJ 8D/10FP/50G 100A». Pertenece a Levaduras Frescas, dentro de Levaduras del catálogo AB Mauri.",calsa lpf clasica cj 8d/10fp/50g 100a|calsa lpf clasica caja 8d/10fp/50g|calsa lpf clasica caja 8d/10fp/|levadura fresca prensada|levaduras frescas|levadura fresca prensada por caja|calza lpf clasica|levadura fresca,ACTUALIZAR
33717093,FA 201 P3 - VER - CJ20KG,"Grasas/Shortenings Calsa para panificación, línea Refinada Dura, presentación comercial de 20 kg.","Grasa Refinada, presentación comercial de 20 kg por caja, con denominación ERP «FA 201 P3 - VER - CJ20KG». Pertenece a Grasas para Panificación, dentro de Grasas y Margarinas del catálogo AB Mauri.",fa 201 p3 - ver - cj20kg|grasa refinada|grasas para panificación|grasa refinada por caja|grasa panificación|fa 201 p3,ACTUALIZAR
73016032,LP PREM. COOKIES BOL.3 KG,"Premezclas Calsa para panificación, línea Pasteleria, presentación comercial de 3 kg.","Cookies, presentación comercial de 3 kg por bolsa, con denominación ERP «LP PREM. COOKIES BOL.3 KG». Pertenece a Premezclas de Pastelería, dentro de Premezclas del catálogo AB Mauri.",lp prem. cookies bol.3 kg|línea de plata premezcla. cookies bolsa3 kg|línea de plata premezcla. cookies|cookies|premezclas de pastelería|cookies por bolsa|prem. cookies|premezcla galletas,ACTUALIZAR
72760193,LP BAÑO MOLDEO SEMIAMARGO CJ 4X1 KG,"Chocolates Calsa para panificación, línea Baños, presentación comercial de 4 kg.","Baño de Repostería, presentación comercial de 4 kg por caja, con denominación ERP «LP BAÑO MOLDEO SEMIAMARGO CJ 4X1 KG». Pertenece a Baños y Coberturas, dentro de Ingredientes de Pastelería del catálogo AB Mauri.",lp baño moldeo semiamargo cj 4x1 kg|línea de plata baño moldeo semiamargo caja 4x1 kg|línea de plata baño moldeo semiamargo|baño de repostería|baños y coberturas|baño de repostería por caja|baño moldeado|baño repostería,ACTUALIZAR
72710130,LP COBERTURA SEMIAMARGO CJ X 3 KG,"Chocolates Calsa para panificación, línea Cobertura, presentación comercial de 3 kg.","Chocolate para Repostería, presentación comercial de 3 kg por caja, con denominación ERP «LP COBERTURA SEMIAMARGO CJ X 3 KG». Pertenece a Chocolates, dentro de Ingredientes de Pastelería del catálogo AB Mauri.",lp cobertura semiamargo cj x 3 kg|línea de plata cobertura semiamargo caja x 3 kg|línea de plata cobertura semiamargo caja x|chocolate para repostería|chocolates|chocolate para repostería por caja|cobertura semiamargo|chocolate repostería,ACTUALIZAR
73044042,LP PREM. FACTURAS Y MEDIALUNAS BOL.10 KG,"Premezclas Calsa para panificación, línea Panaderia, presentación comercial de 10 kg.","Facturas y Medialunas, presentación comercial de 10 kg por bolsa, con denominación ERP «LP PREM. FACTURAS Y MEDIALUNAS BOL.10 KG». Pertenece a Premezclas de Panadería, dentro de Premezclas del catálogo AB Mauri.",lp prem. facturas y medialunas bol.10 kg|línea de plata premezcla. facturas y medialunas bolsa10 kg|línea de plata premezcla. facturas y medialunas|facturas y medialunas|premezclas de panadería|facturas y medialunas por bolsa|prem. facturas|premezcla medialunas,ACTUALIZAR
13010035,VIRGEN LEV. ALIM. NATURAL BOLSA 25KG,"Alimenticia Calsa para panificación, línea VIRGEN LEV. ALIM. NATURAL BOLSA 25KG, presentación comercial de 25 kg.","Levadura Alimenticia, presentación comercial de 25 kg por bolsa, con denominación ERP «VIRGEN LEV. ALIM. NATURAL BOLSA 25KG». Pertenece a Levaduras Alimenticias, dentro de Levaduras del catálogo AB Mauri.",virgen lev. alim. natural bolsa 25kg|virgen levadura. alim. natural bolsa 25kg|virgen levadura. alim. natural|levadura alimenticia|levaduras alimenticias|levadura alimenticia por bolsa|virgen lev. alimenticia|levadura 25kg,ACTUALIZAR
40183015,SUPER MARG. HOJAL LT# CJ2PILX10KG,"Margarinas Calsa para panificación, línea Masas, presentación comercial de 20 kg.","Margarina para Hojaldre, presentación comercial de 20 kg por caja, con denominación ERP «SUPER MARG. HOJAL LT# CJ2PILX10KG». Pertenece a Margarinas para Hojaldre, dentro de Grasas y Margarinas del catálogo AB Mauri.",super marg. hojal lt# cj2pilx10kg|super margarina. hojal lt# cj2pilx10kg|margarina para hojaldre|margarinas para hojaldre|margarina para hojaldre por caja|super marg. hojal|margarina hojaldrada|margarina 10kg,ACTUALIZAR
13010105,NUTRILEVA LEV. ALIM. NAT. CJ 36E/BOL500G,"Alimenticia Calsa para panificación, línea NUTRILEVA LEV. ALIM. NAT. CJ 36E/BOL500G, presentación comercial de 18 kg.","Levadura Alimenticia, presentación comercial de 18 kg por caja, con denominación ERP «NUTRILEVA LEV. ALIM. NAT. CJ 36E/BOL500G». Pertenece a Levaduras Alimenticias, dentro de Levaduras del catálogo AB Mauri.",nutrileva lev. alim. nat. cj 36e/bol500g|nutrileva levadura. alim. nat. caja 36e/bol500g|levadura alimenticia|levaduras alimenticias|levadura alimenticia por caja|nutrileva lev. alimenticia|nutrileva 500g,ACTUALIZAR
13010092,NUTRILEVA LEV. ALIM. NAT. CJ 100E/BOL200,"Alimenticia Calsa para panificación, línea NUTRILEVA LEV. ALIM. NAT. CJ 100E/BOL200, presentación comercial de 20 kg.","Levadura Alimenticia, presentación comercial de 20 kg por caja, con denominación ERP «NUTRILEVA LEV. ALIM. NAT. CJ 100E/BOL200». Pertenece a Levaduras Alimenticias, dentro de Levaduras del catálogo AB Mauri.",nutrileva lev. alim. nat. cj 100e/bol200|nutrileva levadura. alim. nat. caja 100e/bol200|levadura alimenticia|levaduras alimenticias|levadura alimenticia por caja|nutrileva lev. alimenticia|nutrileva 200g,ACTUALIZAR
40181014,PREMIUM MASA C/MAN LT CJ 4PILx5KG,"Margarinas Calsa para panificación, línea Masas, presentación comercial de 20 kg.","Margarina para Masas, presentación comercial de 20 kg por caja, con denominación ERP «PREMIUM MASA C/MAN LT CJ 4PILx5KG». Pertenece a Margarinas para Masas, dentro de Grasas y Margarinas del catálogo AB Mauri.",premium masa c/man lt cj 4pilx5kg|premium masa c/man lt caja 4pilx5kg|margarina para masas|margarinas para masas|margarina para masas por caja|margarina masa|margarina premium,ACTUALIZAR
63240490,"LP MEJ.CONC. FORMULA N CJ 4X1,5 KG","Mejoradores Calsa para panificación, línea Concentrado, presentación comercial de 6 kg.","Mejorador para Panificación, presentación comercial de 6 kg por caja, con denominación ERP «LP MEJ.CONC. FORMULA N CJ 4X1,5 KG». Pertenece a Mejoradores Concentrados, dentro de Mejoradores del catálogo AB Mauri.","lp mej.conc. formula n cj 4x1,5 kg|línea de plata mejoradorconc. formula n caja 4x1,5 kg|línea de plata mejoradorconc. formula n|mejorador para panificación|mejoradores concentrados|mejorador para panificación por caja|mejorador concentrado|mejorador panificación",ACTUALIZAR
72760033,LP BAÑO MOLDEO SEMIAMARGO BOL. X1 KG,"Chocolates Calsa para panificación, línea Baños, presentación comercial de 1 kg.","Baño de Repostería, presentación comercial de 1 kg por bolsa, con denominación ERP «LP BAÑO MOLDEO SEMIAMARGO BOL. X1 KG». Pertenece a Baños y Coberturas, dentro de Ingredientes de Pastelería del catálogo AB Mauri.",lp baño moldeo semiamargo bol. x1 kg|línea de plata baño moldeo semiamargo bolsa. x1 kg|baño de repostería|baños y coberturas|baño de repostería por bolsa|baño moldeado|cobertura semiamarga|baño repostería,ACTUALIZAR
22018114,LP EXT. DE MALTA B. VISC. TAMBOR x260KG,"Extractos y harinas de malta Calsa para panificación, línea Extractos., presentación comercial de 260 kg.","Extracto de Malta, presentación comercial de 260 kg por tambor, con denominación ERP «LP EXT. DE MALTA B. VISC. TAMBOR x260KG». Pertenece a Maltas, dentro de Aditivos e Ingredientes del catálogo AB Mauri.",lp ext. de malta b. visc. tambor x260kg|línea de plata ext. de malta b. visc. tambor x260kg|extracto de malta|maltas|extracto de malta por tambor|extracto malta|malta viscosa|malta,ACTUALIZAR
15017097,"LEV. INSTANTANEA ""MAURI"" -CJ 20P.X500G","Seca Calsa para panificación, línea HADY, presentación comercial de 0.5 kg.","Levadura Seca Instantánea, presentación comercial de 0.5 kg por caja, con denominación ERP «LEV. INSTANTANEA ""MAURI"" -CJ 20P.X500G». Pertenece a Levaduras Secas, dentro de Levaduras del catálogo AB Mauri.","lev. instantanea ""mauri"" -cj 20p.x500g|levadura. instantanea ""mauri"" -caja 20p.x500g|levadura seca instantánea|levaduras secas|levadura seca instantánea por caja|levadura instantánea|levadura seca|levadura mauri",ACTUALIZAR
73136032,LP. PREM. EKILIBRIUM FIBRA BOL.3 KG,"Premezclas Calsa para panificación, línea Panaderia, presentación comercial de 3 kg.","Preparados de Panadería, presentación comercial de 3 kg por bolsa, con denominación ERP «LP. PREM. EKILIBRIUM FIBRA BOL.3 KG». Pertenece a Premezclas de Panadería, dentro de Premezclas del catálogo AB Mauri.",lp. prem. ekilibrium fibra bol.3 kg|línea de plata. premezcla. ekilibrium fibra bolsa3 kg|línea de plata. premezcla. ekilibrium fibra|preparados de panadería|premezclas de panadería|preparados de panadería por bolsa|premezcla panadería|preparado panadería,ACTUALIZAR
40024015,SUPER MARG. HOJAL # ** CJ2PILX10KG,"Margarinas Calsa para panificación, línea Hojaldre, presentación comercial de 20 kg.","Margarina para Hojaldre, presentación comercial de 20 kg por caja, con denominación ERP «SUPER MARG. HOJAL # ** CJ2PILX10KG». Pertenece a Margarinas para Hojaldre, dentro de Grasas y Margarinas del catálogo AB Mauri.",super marg. hojal # ** cj2pilx10kg|super margarina. hojal # ** cj2pilx10kg|margarina para hojaldre|margarinas para hojaldre|margarina para hojaldre por caja|margarina hojaldrada|margarina hojaldre|margarina,ACTUALIZAR
13012092,NUTRILEVA LEV ALIM. MANZ. CJ 100E/BOL200,"Alimenticia Calsa para panificación, línea NUTRILEVA LEV ALIM. MANZ. CJ 100E/BOL200, presentación comercial de 20 kg.","Levadura Alimenticia, presentación comercial de 20 kg por caja, con denominación ERP «NUTRILEVA LEV ALIM. MANZ. CJ 100E/BOL200». Pertenece a Levaduras Alimenticias, dentro de Levaduras del catálogo AB Mauri.",nutrileva lev alim. manz. cj 100e/bol200|nutrileva levadura alim. manz. caja 100e/bol200|levadura alimenticia|levaduras alimenticias|levadura alimenticia por caja|nutrileva|levadura,ACTUALIZAR
32402033,RICABE GRASA SACHX1KG,"Grasas/Shortenings Calsa para panificación, línea Refinada Dura, presentación comercial de 1 kg.","Grasa Refinada, presentación comercial de 1 kg por bolsa, con denominación ERP «RICABE GRASA SACHX1KG». Pertenece a Grasas para Panificación, dentro de Grasas y Margarinas del catálogo AB Mauri.",ricabe grasa sachx1kg|grasa refinada|grasas para panificación|grasa refinada por bolsa|grasa panificación|grasa,ACTUALIZAR
32025093,PASTELGRAS GRASA CJX20KG - 100A,"Grasas/Shortenings Calsa para panificación, línea Refinada Dura, presentación comercial de 20 kg.","Grasa Refinada, presentación comercial de 20 kg por caja, con denominación ERP «PASTELGRAS GRASA CJX20KG - 100A». Pertenece a Grasas para Panificación, dentro de Grasas y Margarinas del catálogo AB Mauri.",pastelgras grasa cjx20kg - 100a|pastelgras grasa cjx20kg|grasa refinada|grasas para panificación|grasa refinada por caja|grasa panificación|grasa,ACTUALIZAR
73166030,I360 PREM. PAN DE QUESO. BOL2KG,"Premezclas Calsa para panificación, línea Panaderia, presentación comercial de 2 kg.","Pan de Queso, presentación comercial de 2 kg por bolsa, con denominación ERP «I360 PREM. PAN DE QUESO. BOL2KG». Pertenece a Premezclas de Panadería, dentro de Premezclas del catálogo AB Mauri.",i360 prem. pan de queso. bol2kg|innova 360 premezcla. pan de queso. bol2kg|pan de queso|premezclas de panadería|pan de queso por bolsa|premezcla pan de queso|premezcla,ACTUALIZAR
73166143,I360 PREM. PAN DE QUESO. CJ6X2KG,"Premezclas Calsa para panificación, línea Panaderia, presentación comercial de 12 kg.","Pan de Queso, presentación comercial de 12 kg por caja, con denominación ERP «I360 PREM. PAN DE QUESO. CJ6X2KG». Pertenece a Premezclas de Panadería, dentro de Premezclas del catálogo AB Mauri.",i360 prem. pan de queso. cj6x2kg|innova 360 premezcla. pan de queso. cj6x2kg|pan de queso|premezclas de panadería|pan de queso por caja|premezcla pan de queso|premezcla,ACTUALIZAR
72471156,LP ESENCIA MANTECA CJ 6X2 LT,"Esencias y Colorantes Calsa para panificación, línea Esencias, presentación comercial de 12 l.","Esencia Alimentaria, presentación comercial de 12 l por caja, con denominación ERP «LP ESENCIA MANTECA CJ 6X2 LT». Pertenece a Esencias, dentro de Esencias y Colorantes del catálogo AB Mauri.",lp esencia manteca cj 6x2 lt|línea de plata esencia manteca caja 6x2 lt|línea de plata esencia manteca|esencia alimentaria|esencias|esencia alimentaria por caja|esencia manteca|esencia,ACTUALIZAR
72810145,LP CREMA PASTELERA CJ6X3 KG,"Cremas Calsa para panificación, línea Polvos, presentación comercial de 18 kg.","Crema Pastelera, presentación comercial de 18 kg por caja, con denominación ERP «LP CREMA PASTELERA CJ6X3 KG». Pertenece a Cremas Pasteleras, dentro de Ingredientes de Pastelería del catálogo AB Mauri.",lp crema pastelera cj6x3 kg|línea de plata crema pastelera cj6x3 kg|crema pastelera|cremas pasteleras|crema pastelera por caja|crema|relleno pastelero,ACTUALIZAR
15017082,MAURIPAN LEV. SECA MS CJ 20 PAQ 500G,"Seca Calsa para panificación, línea HADY, presentación comercial de 10 kg.","Levadura Seca Instantánea, presentación comercial de 10 kg por caja, con denominación ERP «MAURIPAN LEV. SECA MS CJ 20 PAQ 500G». Pertenece a Levaduras Secas, dentro de Levaduras del catálogo AB Mauri.",mauripan lev. seca ms cj 20 paq 500g|mauripan levadura. seca ms caja 20 paquete 500g|mauripan levadura. seca ms caja 20|levadura seca instantánea|levaduras secas|levadura seca instantánea por caja|levadura instantánea|levadura seca,ACTUALIZAR
72471021,LP ESENCIA MANTECA BIDON 2 LT,"Esencias y Colorantes Calsa para panificación, línea Esencias, presentación comercial de 2 l.","Esencia Alimentaria, presentación comercial de 2 l por bidón, con denominación ERP «LP ESENCIA MANTECA BIDON 2 LT». Pertenece a Esencias, dentro de Esencias y Colorantes del catálogo AB Mauri.",lp esencia manteca bidon 2 lt|línea de plata esencia manteca bidon 2 lt|línea de plata esencia manteca|esencia alimentaria|esencias|esencia alimentaria por bidon|esencia manteca|manteca líquida,ACTUALIZAR
72970022,LP KOLAROMA MANTECA BIDON 1 LT,"Esencias y Colorantes Calsa para panificación, línea Esencia & Color, presentación comercial de 1 l.","Kolaroma, presentación comercial de 1 l por bidón, con denominación ERP «LP KOLAROMA MANTECA BIDON 1 LT». Pertenece a Saborizantes Concentrados, dentro de Esencias y Colorantes del catálogo AB Mauri.",lp kolaroma manteca bidon 1 lt|línea de plata kolaroma manteca bidon 1 lt|línea de plata kolaroma manteca|kolaroma|saborizantes concentrados|kolaroma por bidon|kolaroma manteca|saborizante manteca,ACTUALIZAR
15112184,MI PAN LSF INSTANTANEA CJ 4D/50S/10G,"Seca Calsa para panificación, línea HADY, presentación comercial de 2 kg.","Levadura Seca Instantánea, presentación comercial de 2 kg por caja, con denominación ERP «MI PAN LSF INSTANTANEA CJ 4D/50S/10G». Pertenece a Levaduras Secas, dentro de Levaduras del catálogo AB Mauri.",mi pan lsf instantanea cj 4d/50s/10g|mi pan lsf instantanea caja 4d/50s/10g|mi pan lsf instantanea caja 4d/50s/|levadura seca instantánea|levaduras secas|levadura seca instantánea por caja|levadura instantánea|levadura seca,ACTUALIZAR
61010195,LP POLVO PARA HORNEAR FLOR CJ4X4 KG,"Polvo de hornear y otros aditi Calsa para panificación, línea Polvo de Hornear, presentación comercial de 16 kg.","Polvo de Hornear, presentación comercial de 16 kg por caja, con denominación ERP «LP POLVO PARA HORNEAR FLOR CJ4X4 KG». Pertenece a Polvos de Hornear, dentro de Aditivos e Ingredientes del catálogo AB Mauri.",lp polvo para hornear flor cj4x4 kg|línea de plata polvo para hornear flor cj4x4 kg|polvo de hornear|polvos de hornear|polvo de hornear por caja|agente leudante|polvo hornear,ACTUALIZAR
72809160,FLEISCH. CREMA VEGETAL VAIN. CJ 12X1 LT,"Cremas Calsa para panificación, línea UHT, presentación comercial de 12 l.","Crema Vegetal, presentación comercial de 12 l por caja, con denominación ERP «FLEISCH. CREMA VEGETAL VAIN. CJ 12X1 LT». Pertenece a Cremas Vegetales, dentro de Ingredientes de Pastelería del catálogo AB Mauri.",fleisch. crema vegetal vain. cj 12x1 lt|fleisch. crema vegetal vain. caja 12x1 lt|fleisch. crema vegetal vain|crema vegetal|cremas vegetales|crema vegetal por caja|crema fleischmann|crema para pastelería,ACTUALIZAR
73093145,LP PREM. BIZCOCHUELO VAI. CJ6X3 KG,"Premezclas Calsa para panificación, línea Pasteleria, presentación comercial de 18 kg.","Bizcochuelos, presentación comercial de 18 kg por caja, con denominación ERP «LP PREM. BIZCOCHUELO VAI. CJ6X3 KG». Pertenece a Premezclas de Pastelería, dentro de Premezclas del catálogo AB Mauri.",lp prem. bizcochuelo vai. cj6x3 kg|línea de plata premezcla. bizcochuelo vai. cj6x3 kg|bizcochuelos|premezclas de pastelería|bizcochuelos por caja|premezcla bizcochuelo|bizcochuelo|premezcla pastelera,ACTUALIZAR
22015066,LP MEJ DIASTASICO BALDE X5KG,"Extractos y harinas de malta Calsa para panificación, línea Extractos., presentación comercial de 5 kg.","Extracto de Malta, presentación comercial de 5 kg por balde, con denominación ERP «LP MEJ DIASTASICO BALDE X5KG». Pertenece a Maltas, dentro de Aditivos e Ingredientes del catálogo AB Mauri.",lp mej diastasico balde x5kg|línea de plata mejorador diastasico balde x5kg|extracto de malta|maltas|extracto de malta por balde|mejorador de pan,ACTUALIZAR
73181032,LP. PREM. BUDIN BASE HUM VAIN BOL 3K,"Premezclas Calsa para panificación, línea Pasteleria, presentación comercial de 10 kg.","Budines, presentación comercial de 10 kg por bolsa, con denominación ERP «LP. PREM. BUDIN BASE HUM VAIN BOL 3K». Pertenece a Premezclas de Pastelería, dentro de Premezclas del catálogo AB Mauri.",lp. prem. budin base hum vain bol 3k|línea de plata. premezcla. budin base hum vain bolsa 3k|budines|premezclas de pastelería|budines por bolsa|premezcla budín|budín vainilla|premezcla pastelera,ACTUALIZAR
73135145,LP. PREM. AKTIVO CEREALES CJ6X3 KG,"Premezclas Calsa para panificación, línea Panaderia, presentación comercial de 18 kg.","Preparados de Panadería, presentación comercial de 18 kg por caja, con denominación ERP «LP. PREM. AKTIVO CEREALES CJ6X3 KG». Pertenece a Premezclas de Panadería, dentro de Premezclas del catálogo AB Mauri.",lp. prem. aktivo cereales cj6x3 kg|línea de plata. premezcla. aktivo cereales cj6x3 kg|preparados de panadería|premezclas de panadería|preparados de panadería por caja|premezcla panadería|preparados de pan|panadería activa,ACTUALIZAR
73181145,LP. PREM. BUDIN BASE HUM VAIN CJ 6X3KG,"Premezclas Calsa para panificación, línea Pasteleria, presentación comercial de 18 kg.","Budines, presentación comercial de 18 kg por caja, con denominación ERP «LP. PREM. BUDIN BASE HUM VAIN CJ 6X3KG». Pertenece a Premezclas de Pastelería, dentro de Premezclas del catálogo AB Mauri.",lp. prem. budin base hum vain cj 6x3kg|línea de plata. premezcla. budin base hum vain caja 6x3kg|línea de plata. premezcla. budin base hum vain|budines|premezclas de pastelería|budines por caja|premezcla budín|budín vainilla,ACTUALIZAR
72980022,LP KOLAROMA CHOCO. BIDON 1 LT,"Esencias y Colorantes Calsa para panificación, línea Esencia & Color, presentación comercial de 1 l.","Kolaroma, presentación comercial de 1 l por bidón, con denominación ERP «LP KOLAROMA CHOCO. BIDON 1 LT». Pertenece a Saborizantes Concentrados, dentro de Esencias y Colorantes del catálogo AB Mauri.",lp kolaroma choco. bidon 1 lt|línea de plata kolaroma choco. bidon 1 lt|línea de plata kolaroma choco|kolaroma|saborizantes concentrados|kolaroma por bidon|kolaroma chocolate|saborizante chocolate,ACTUALIZAR
72809169,FLEISCH. CREMA VEGETAL VAIN. PACK X1 LT,"Cremas Calsa para panificación, línea UHT, presentación comercial de 1 l.","Crema Vegetal, presentación comercial de 1 l por estuche, con denominación ERP «FLEISCH. CREMA VEGETAL VAIN. PACK X1 LT». Pertenece a Cremas Vegetales, dentro de Ingredientes de Pastelería del catálogo AB Mauri.",fleisch. crema vegetal vain. pack x1 lt|crema vegetal|cremas vegetales|crema vegetal por estuche|crema fleischmann|crema para pastelería,ACTUALIZAR
15018082,MAURIPAN LEV. SECA MD CJ 20 PAQ 500G,"Seca Calsa para panificación, línea HADY, presentación comercial de 10 kg.","Levadura Seca Instantánea, presentación comercial de 10 kg por caja, con denominación ERP «MAURIPAN LEV. SECA MD CJ 20 PAQ 500G». Pertenece a Levaduras Secas, dentro de Levaduras del catálogo AB Mauri.",mauripan lev. seca md cj 20 paq 500g|mauripan levadura. seca md caja 20 paquete 500g|mauripan levadura. seca md caja 20|levadura seca instantánea|levaduras secas|levadura seca instantánea por caja|levadura seca|mauripan,ACTUALIZAR
61010034,LP POLVO PARA HORNEAR FLOR BOLSA X 4KG,"Polvo de hornear y otros aditi Calsa para panificación, línea Polvo de Hornear, presentación comercial de 4 kg.","Polvo de Hornear, presentación comercial de 4 kg por bolsa, con denominación ERP «LP POLVO PARA HORNEAR FLOR BOLSA X 4KG». Pertenece a Polvos de Hornear, dentro de Aditivos e Ingredientes del catálogo AB Mauri.",lp polvo para hornear flor bolsa x 4kg|línea de plata polvo para hornear flor bolsa x 4kg|línea de plata polvo para hornear flor bolsa x|polvo de hornear|polvos de hornear|polvo de hornear por bolsa|agente leudante|polvo hornear,ACTUALIZAR
73038145,LP PREM. BIZCOCHUELO CHOCO. CJ6X3 KG,"Premezclas Calsa para panificación, línea Pasteleria, presentación comercial de 18 kg.","Bizcochuelos, presentación comercial de 18 kg por caja, con denominación ERP «LP PREM. BIZCOCHUELO CHOCO. CJ6X3 KG». Pertenece a Premezclas de Pastelería, dentro de Premezclas del catálogo AB Mauri.",lp prem. bizcochuelo choco. cj6x3 kg|línea de plata premezcla. bizcochuelo choco. cj6x3 kg|bizcochuelos|premezclas de pastelería|bizcochuelos por caja|premezcla bizcochuelo|bizcochuelo chocolate|premezcla pastelera,ACTUALIZAR
22015112,LP MEJ DIASTASICO BALDE X28KG,"Extractos y harinas de malta Calsa para panificación, línea Extractos., presentación comercial de 28 kg.","Extracto de Malta, presentación comercial de 28 kg por balde, con denominación ERP «LP MEJ DIASTASICO BALDE X28KG». Pertenece a Maltas, dentro de Aditivos e Ingredientes del catálogo AB Mauri.",lp mej diastasico balde x28kg|línea de plata mejorador diastasico balde x28kg|extracto de malta|maltas|extracto de malta por balde|malta|aditivo de malta,ACTUALIZAR
73108208,I360 PREM. PAN CON SEMILLAS CAJ 4x5 KG,"Premezclas Calsa para panificación, línea Pasteleria, presentación comercial de 5 kg.","Panificados, presentación comercial de 5 kg por caja, con denominación ERP «I360 PREM. PAN CON SEMILLAS CAJ 4x5 KG». Pertenece a Premezclas de Pastelería, dentro de Premezclas del catálogo AB Mauri.",i360 prem. pan con semillas caj 4x5 kg|innova 360 premezcla. pan con semillas caj 4x5 kg|innova 360 premezcla. pan con semillas caj|panificados|premezclas de pastelería|panificados por caja|premezcla pan semillas|pan con semillas,ACTUALIZAR
73108157,I360 PREM. PAN CON SEMILLAS BOL 5 KG,"Premezclas Calsa para panificación, línea Panaderia, presentación comercial de 5 kg.","Panificados, presentación comercial de 5 kg por bolsa, con denominación ERP «I360 PREM. PAN CON SEMILLAS BOL 5 KG». Pertenece a Premezclas de Panadería, dentro de Premezclas del catálogo AB Mauri.",i360 prem. pan con semillas bol 5 kg|innova 360 premezcla. pan con semillas bolsa 5 kg|innova 360 premezcla. pan con semillas|panificados|premezclas de panadería|panificados por bolsa|premezcla pan semillas|pan con semillas,ACTUALIZAR
72810032,LP CREMA PASTELERA BOL.3 KG,"Cremas Calsa para panificación, línea Polvos, presentación comercial de 3 kg.","Crema Pastelera, presentación comercial de 3 kg por bolsa, con denominación ERP «LP CREMA PASTELERA BOL.3 KG». Pertenece a Cremas Pasteleras, dentro de Ingredientes de Pastelería del catálogo AB Mauri.",lp crema pastelera bol.3 kg|línea de plata crema pastelera bolsa3 kg|línea de plata crema pastelera|crema pastelera|cremas pasteleras|crema pastelera por bolsa|crema|ingrediente de pastelería,ACTUALIZAR
73733130,LP BAÑO ALFAJ. BLANCO CJ X 3 KG,"Chocolates Calsa para panificación, línea Baños, presentación comercial de 3 kg.","Baño de Repostería, presentación comercial de 3 kg por caja, con denominación ERP «LP BAÑO ALFAJ. BLANCO CJ X 3 KG». Pertenece a Baños y Coberturas, dentro de Ingredientes de Pastelería del catálogo AB Mauri.",lp baño alfaj. blanco cj x 3 kg|línea de plata baño alfaj. blanco caja x 3 kg|línea de plata baño alfaj. blanco caja x|baño de repostería|baños y coberturas|baño de repostería por caja|cobertura|ingrediente de pastelería,ACTUALIZAR
73163145,I360 PREM. MUFFIN CHOCO. CJ6X3KG 100A,"Premezclas Calsa para panificación, línea Pasteleria, presentación comercial de 18 kg.","Muffins, presentación comercial de 18 kg por caja, con denominación ERP «I360 PREM. MUFFIN CHOCO. CJ6X3KG 100A». Pertenece a Premezclas de Pastelería, dentro de Premezclas del catálogo AB Mauri.",i360 prem. muffin choco. cj6x3kg 100a|innova 360 premezcla. muffin choco. cj6x3kg|muffins|premezclas de pastelería|muffins por caja|premezcla muffin chocolate|muffin chocolate|premezcla,ACTUALIZAR
73093032,LP PREM. BIZCOCHUELO VAI. BOL.3 KG,"Premezclas Calsa para panificación, línea Pasteleria, presentación comercial de 3 kg.","Bizcochuelos, presentación comercial de 3 kg por bolsa, con denominación ERP «LP PREM. BIZCOCHUELO VAI. BOL.3 KG». Pertenece a Premezclas de Pastelería, dentro de Premezclas del catálogo AB Mauri.",lp prem. bizcochuelo vai. bol.3 kg|línea de plata premezcla. bizcochuelo vai. bolsa3 kg|línea de plata premezcla. bizcochuelo vai|bizcochuelos|premezclas de pastelería|bizcochuelos por bolsa|premezcla bizcochuelo vainilla|bizcochuelo vainilla,ACTUALIZAR
73109208,I360 PREM. PAN CON CEREALES CAJ 4x5KG,"Premezclas Calsa para panificación, línea Pasteleria, presentación comercial de 5 kg.","Panificados, presentación comercial de 5 kg por caja, con denominación ERP «I360 PREM. PAN CON CEREALES CAJ 4x5KG». Pertenece a Premezclas de Pastelería, dentro de Premezclas del catálogo AB Mauri.",i360 prem. pan con cereales caj 4x5kg|innova 360 premezcla. pan con cereales caj 4x5kg|innova 360 premezcla. pan con cereales caj|panificados|premezclas de pastelería|panificados por caja|premezcla pan cereales|pan con cereales,ACTUALIZAR
73038032,LP PREM. BIZCOCHUELO CHOCO. BOL.3 KG,"Premezclas Calsa para panificación, línea Pasteleria, presentación comercial de 3 kg.","Bizcochuelos, presentación comercial de 3 kg por bolsa, con denominación ERP «LP PREM. BIZCOCHUELO CHOCO. BOL.3 KG». Pertenece a Premezclas de Pastelería, dentro de Premezclas del catálogo AB Mauri.",lp prem. bizcochuelo choco. bol.3 kg|línea de plata premezcla. bizcochuelo choco. bolsa3 kg|línea de plata premezcla. bizcochuelo choco|bizcochuelos|premezclas de pastelería|bizcochuelos por bolsa|premezcla bizcochuelo chocolate|bizcochuelo chocolate,ACTUALIZAR
72831145,LP CREMA CHANTILLY PREMIUM CJ6X3 KG,"Cremas Calsa para panificación, línea Polvos, presentación comercial de 18 kg.","Crema Pastelera, presentación comercial de 18 kg por caja, con denominación ERP «LP CREMA CHANTILLY PREMIUM CJ6X3 KG». Pertenece a Cremas Pasteleras, dentro de Ingredientes de Pastelería del catálogo AB Mauri.",lp crema chantilly premium cj6x3 kg|línea de plata crema chantilly premium cj6x3 kg|crema pastelera|cremas pasteleras|crema pastelera por caja|crema chantilly|ingrediente de pastelería,ACTUALIZAR
73103032,LP. PREM. BUDIN HUM VAI BOL 3KG,"Premezclas Calsa para panificación, línea Pasteleria, presentación comercial de 3 kg.","Budines, presentación comercial de 3 kg por bolsa, con denominación ERP «LP. PREM. BUDIN HUM VAI BOL 3KG». Pertenece a Premezclas de Pastelería, dentro de Premezclas del catálogo AB Mauri.",lp. prem. budin hum vai bol 3kg|línea de plata. premezcla. budin hum vai bolsa 3kg|línea de plata. premezcla. budin hum vai|budines|premezclas de pastelería|budines por bolsa|premezcla budín vainilla|budín vainilla,ACTUALIZAR
73103145,LP. PREM. BUDIN HUM VAI 6X3KG,"Premezclas Calsa para panificación, línea Pasteleria, presentación comercial de 3 kg.","Budines, presentación comercial de 3 kg por caja, con denominación ERP «LP. PREM. BUDIN HUM VAI 6X3KG». Pertenece a Premezclas de Pastelería, dentro de Premezclas del catálogo AB Mauri.",lp. prem. budin hum vai 6x3kg|línea de plata. premezcla. budin hum vai 6x3kg|línea de plata. premezcla. budin hum vai|budines|premezclas de pastelería|budines por caja|premezcla budín vainilla|budín vainilla,ACTUALIZAR
73180145,LP. PREM. BUDIN BASE HUM CHOCO CJ 6X3KG,"Premezclas Calsa para panificación, línea Pasteleria, presentación comercial de 18 kg.","Budines, presentación comercial de 18 kg por caja, con denominación ERP «LP. PREM. BUDIN BASE HUM CHOCO CJ 6X3KG». Pertenece a Premezclas de Pastelería, dentro de Premezclas del catálogo AB Mauri.",lp. prem. budin base hum choco cj 6x3kg|línea de plata. premezcla. budin base hum choco caja 6x3kg|línea de plata. premezcla. budin base hum choco|budines|premezclas de pastelería|budines por caja|premezcla budín chocolate|budín chocolate,ACTUALIZAR
61010200,LP POLVO PARA HORNEAR FLOR CJ8X2 KG,"Polvo de hornear y otros aditi Calsa para panificación, línea Polvo de Hornear, presentación comercial de 16 kg.","Polvo de Hornear, presentación comercial de 16 kg por caja, con denominación ERP «LP POLVO PARA HORNEAR FLOR CJ8X2 KG». Pertenece a Polvos de Hornear, dentro de Aditivos e Ingredientes del catálogo AB Mauri.",lp polvo para hornear flor cj8x2 kg|línea de plata polvo para hornear flor cj8x2 kg|polvo de hornear|polvos de hornear|polvo de hornear por caja|agente leudante|ingrediente de panificación,ACTUALIZAR
15017001,MAURIPAN LEV. SECA MS PAQ 500G,"Seca Calsa para panificación, línea HADY, presentación comercial de 0.5 kg.","Levadura Seca Instantánea, presentación comercial de 0.5 kg por paquete, con denominación ERP «MAURIPAN LEV. SECA MS PAQ 500G». Pertenece a Levaduras Secas, dentro de Levaduras del catálogo AB Mauri.",mauripan lev. seca ms paq 500g|mauripan levadura. seca ms paquete 500g|mauripan levadura. seca ms|levadura seca instantánea|levaduras secas|levadura seca instantánea por paquete|levadura seca|levadura instantánea,ACTUALIZAR
73094032,LP PREM. ROSCA-PAN DULCE DUAL BOL. 3KG,"Premezclas Calsa para panificación, línea Pasteleria, presentación comercial de 3 kg.","Rosca y Pan Dulce, presentación comercial de 3 kg por bolsa, con denominación ERP «LP PREM. ROSCA-PAN DULCE DUAL BOL. 3KG». Pertenece a Premezclas de Pastelería, dentro de Premezclas del catálogo AB Mauri.",lp prem. rosca-pan dulce dual bol. 3kg|línea de plata premezcla. rosca-pan dulce dual bolsa. 3kg|línea de plata premezcla. rosca-pan dulce dual bolsa|rosca y pan dulce|premezclas de pastelería|rosca y pan dulce por bolsa|rosca|pan dulce,ACTUALIZAR
73180032,LP. PREM. BUDIN BASE HUM CHOCO BOL 3KG,"Premezclas Calsa para panificación, línea Pasteleria, presentación comercial de 3 kg.","Budines, presentación comercial de 3 kg por bolsa, con denominación ERP «LP. PREM. BUDIN BASE HUM CHOCO BOL 3KG». Pertenece a Premezclas de Pastelería, dentro de Premezclas del catálogo AB Mauri.",lp. prem. budin base hum choco bol 3kg|línea de plata. premezcla. budin base hum choco bolsa 3kg|línea de plata. premezcla. budin base hum choco|budines|premezclas de pastelería|budines por bolsa|budin|chocolate,ACTUALIZAR
63230486,"LP MEJ.CONC. CALSA MAX POTE X1,5 KG","Mejoradores Calsa para panificación, línea Concentrado, presentación comercial de 1.5 kg.","Mejorador para Panificación, presentación comercial de 1.5 kg por pote, con denominación ERP «LP MEJ.CONC. CALSA MAX POTE X1,5 KG». Pertenece a Mejoradores Concentrados, dentro de Mejoradores del catálogo AB Mauri.","lp mej.conc. calsa max pote x1,5 kg|línea de plata mejoradorconc. calsa max pote x1,5 kg|línea de plata mejoradorconc. calsa max pote x1|mejorador para panificación|mejoradores concentrados|mejorador para panificación por pote|mejorador|panificación",ACTUALIZAR
73094145,LP PREM. ROSCA-PAN DULCE CJ6X3 KG,"Premezclas Calsa para panificación, línea Pasteleria, presentación comercial de 18 kg.","Rosca y Pan Dulce, presentación comercial de 18 kg por caja, con denominación ERP «LP PREM. ROSCA-PAN DULCE CJ6X3 KG». Pertenece a Premezclas de Pastelería, dentro de Premezclas del catálogo AB Mauri.",lp prem. rosca-pan dulce cj6x3 kg|línea de plata premezcla. rosca-pan dulce cj6x3 kg|rosca y pan dulce|premezclas de pastelería|rosca y pan dulce por caja|rosca|pan dulce|premezcla rosca,ACTUALIZAR
62010132,LP EMULSIONANTE GEL POTE X4 KG,"Polvo de hornear y otros aditi Calsa para panificación, línea Emulsionante, presentación comercial de 4 kg.","Emulsionante, presentación comercial de 4 kg por pote, con denominación ERP «LP EMULSIONANTE GEL POTE X4 KG». Pertenece a Emulsionantes, dentro de Aditivos e Ingredientes del catálogo AB Mauri.",lp emulsionante gel pote x4 kg|línea de plata emulsionante gel pote x4 kg|emulsionante|emulsionantes|emulsionante por pote|panificación|aditivo,ACTUALIZAR
73135032,LP PREM. AKTIVO CEREALES BOL.3 KG,"Premezclas Calsa para panificación, línea Panaderia, presentación comercial de 3 kg.","Preparados de Panadería, presentación comercial de 3 kg por bolsa, con denominación ERP «LP PREM. AKTIVO CEREALES BOL.3 KG». Pertenece a Premezclas de Panadería, dentro de Premezclas del catálogo AB Mauri.",lp prem. aktivo cereales bol.3 kg|línea de plata premezcla. aktivo cereales bolsa3 kg|línea de plata premezcla. aktivo cereales|preparados de panadería|premezclas de panadería|preparados de panadería por bolsa|cereales|premezcla panadería,ACTUALIZAR
73109157,I360 PREM. PAN CON CEREALES BOL 5 KG,"Premezclas Calsa para panificación, línea Panaderia, presentación comercial de 5 kg.","Panificados, presentación comercial de 5 kg por bolsa, con denominación ERP «I360 PREM. PAN CON CEREALES BOL 5 KG». Pertenece a Premezclas de Panadería, dentro de Premezclas del catálogo AB Mauri.",i360 prem. pan con cereales bol 5 kg|innova 360 premezcla. pan con cereales bolsa 5 kg|innova 360 premezcla. pan con cereales|panificados|premezclas de panadería|panificados por bolsa|pan|cereales,ACTUALIZAR
73102145,LP. PREM. BUDIN HUM CHOCO 6X3KG,"Premezclas Calsa para panificación, línea Pasteleria, presentación comercial de 3 kg.","Budines, presentación comercial de 3 kg por caja, con denominación ERP «LP. PREM. BUDIN HUM CHOCO 6X3KG». Pertenece a Premezclas de Pastelería, dentro de Premezclas del catálogo AB Mauri.",lp. prem. budin hum choco 6x3kg|línea de plata. premezcla. budin hum choco 6x3kg|línea de plata. premezcla. budin hum choco|budines|premezclas de pastelería|budines por caja|budin|chocolate,ACTUALIZAR
72830145,LP CREMA CHANTILLY CLASSIC CJ6X3 KG,"Cremas Calsa para panificación, línea Polvos, presentación comercial de 18 kg.","Crema Pastelera, presentación comercial de 18 kg por caja, con denominación ERP «LP CREMA CHANTILLY CLASSIC CJ6X3 KG». Pertenece a Cremas Pasteleras, dentro de Ingredientes de Pastelería del catálogo AB Mauri.",lp crema chantilly classic cj6x3 kg|línea de plata crema chantilly classic cj6x3 kg|crema pastelera|cremas pasteleras|crema pastelera por caja|crema|pastelera,ACTUALIZAR
61010030,LP POLVO PARA HORNEAR FLOR BOLSA X 2KG,"Polvo de hornear y otros aditi Calsa para panificación, línea Polvo de Hornear, presentación comercial de 2 kg.","Polvo de Hornear, presentación comercial de 2 kg por bolsa, con denominación ERP «LP POLVO PARA HORNEAR FLOR BOLSA X 2KG». Pertenece a Polvos de Hornear, dentro de Aditivos e Ingredientes del catálogo AB Mauri.",lp polvo para hornear flor bolsa x 2kg|línea de plata polvo para hornear flor bolsa x 2kg|línea de plata polvo para hornear flor bolsa x|polvo de hornear|polvos de hornear|polvo de hornear por bolsa|polvo|hornear,ACTUALIZAR
73163032,I360 PREM. MUFFIN CHOCO. BOL3KG 100A,"Premezclas Calsa para panificación, línea Pasteleria, presentación comercial de 3 kg.","Muffins, presentación comercial de 3 kg por bolsa, con denominación ERP «I360 PREM. MUFFIN CHOCO. BOL3KG 100A». Pertenece a Premezclas de Pastelería, dentro de Premezclas del catálogo AB Mauri.",i360 prem. muffin choco. bol3kg 100a|innova 360 premezcla. muffin choco. bol3kg|muffins|premezclas de pastelería|muffins por bolsa|muffin|chocolate|premezcla muffin,ACTUALIZAR
72461156,LP ESENCIA PAN DULCE CJ 6X2 LT,"Esencias y Colorantes Calsa para panificación, línea Esencias, presentación comercial de 12 l.","Esencia Alimentaria, presentación comercial de 12 l por caja, con denominación ERP «LP ESENCIA PAN DULCE CJ 6X2 LT». Pertenece a Esencias, dentro de Esencias y Colorantes del catálogo AB Mauri.",lp esencia pan dulce cj 6x2 lt|línea de plata esencia pan dulce caja 6x2 lt|línea de plata esencia pan dulce|esencia alimentaria|esencias|esencia alimentaria por caja|esencia|pan dulce,ACTUALIZAR
73094144,LP PREM. ROSCA-PAN DULCE CJ2X10 KG,"Premezclas Calsa para panificación, línea Pasteleria, presentación comercial de 20 kg.","Rosca y Pan Dulce, presentación comercial de 20 kg por caja, con denominación ERP «LP PREM. ROSCA-PAN DULCE CJ2X10 KG». Pertenece a Premezclas de Pastelería, dentro de Premezclas del catálogo AB Mauri.",lp prem. rosca-pan dulce cj2x10 kg|línea de plata premezcla. rosca-pan dulce cj2x10 kg|rosca y pan dulce|premezclas de pastelería|rosca y pan dulce por caja|rosca|pan dulce|premezcla rosca,ACTUALIZAR
31220093,DELICROK ACEITE LT1 CJX20KG,"Aceites Calsa para panificación, línea Masas., presentación comercial de 20 kg.","Aceite Vegetal, presentación comercial de 20 kg por caja, con denominación ERP «DELICROK ACEITE LT1 CJX20KG». Pertenece a Aceites para Panificación, dentro de Grasas y Margarinas del catálogo AB Mauri.",delicrok aceite lt1 cjx20kg|aceite vegetal|aceites para panificación|aceite vegetal por caja|aceite|vegetal|grasa,ACTUALIZAR
72818145,LP CREMA PASTELERA CJ6X3 KG 100A,"Cremas Calsa para panificación, línea Polvos, presentación comercial de 18 kg.","Crema Pastelera, presentación comercial de 18 kg por caja, con denominación ERP «LP CREMA PASTELERA CJ6X3 KG 100A». Pertenece a Cremas Pasteleras, dentro de Ingredientes de Pastelería del catálogo AB Mauri.",lp crema pastelera cj6x3 kg 100a|línea de plata crema pastelera cj6x3 kg|crema pastelera|cremas pasteleras|crema pastelera por caja|crema|pastelera,ACTUALIZAR
22030067,LP EXT. DE MALTA EXTRAMALT BALDE X12 KG,"Extractos y harinas de malta Calsa para panificación, línea Extractos., presentación comercial de 12 kg.","Extracto de Malta, presentación comercial de 12 kg por balde, con denominación ERP «LP EXT. DE MALTA EXTRAMALT BALDE X12 KG». Pertenece a Maltas, dentro de Aditivos e Ingredientes del catálogo AB Mauri.",lp ext. de malta extramalt balde x12 kg|línea de plata ext. de malta extramalt balde x12 kg|extracto de malta|maltas|extracto de malta por balde|malta extramalt|malta|ingrediente de panificación,ACTUALIZAR
72461021,LP ESENCIA PAN DULCE BIDON 2 LT,"Esencias y Colorantes Calsa para panificación, línea Esencias, presentación comercial de 2 l.","Esencia Alimentaria, presentación comercial de 2 l por bidón, con denominación ERP «LP ESENCIA PAN DULCE BIDON 2 LT». Pertenece a Esencias, dentro de Esencias y Colorantes del catálogo AB Mauri.",lp esencia pan dulce bidon 2 lt|línea de plata esencia pan dulce bidon 2 lt|línea de plata esencia pan dulce|esencia alimentaria|esencias|esencia alimentaria por bidon|esencia pan dulce|saborizante,ACTUALIZAR
73102032,LP. PREM. BUDIN HUM CHOCO BOL 3KG,"Premezclas Calsa para panificación, línea Pasteleria, presentación comercial de 3 kg.","Budines, presentación comercial de 3 kg por bolsa, con denominación ERP «LP. PREM. BUDIN HUM CHOCO BOL 3KG». Pertenece a Premezclas de Pastelería, dentro de Premezclas del catálogo AB Mauri.",lp. prem. budin hum choco bol 3kg|línea de plata. premezcla. budin hum choco bolsa 3kg|línea de plata. premezcla. budin hum choco|budines|premezclas de pastelería|budines por bolsa|premezcla budín|budín de chocolate,ACTUALIZAR
31521093,MR. CHOC ACEITE 927 0 TRANS CJX20KG,"Aceites Calsa para panificación, línea Coberturas / Baños, presentación comercial de 20 kg.","Aceite Vegetal, presentación comercial de 20 kg por caja, con denominación ERP «MR. CHOC ACEITE 927 0 TRANS CJX20KG». Pertenece a Aceites para Panificación, dentro de Grasas y Margarinas del catálogo AB Mauri.",mr. choc aceite 927 0 trans cjx20kg|aceite vegetal|aceites para panificación|aceite vegetal por caja|aceite para panificación|grasa|ingrediente graso|aceite,ACTUALIZAR
15018001,MAURIPAN LEV. SECA MD PAQ 500G,"Seca Calsa para panificación, línea HADY, presentación comercial de 0.5 kg.","Levadura Seca Instantánea, presentación comercial de 0.5 kg por paquete, con denominación ERP «MAURIPAN LEV. SECA MD PAQ 500G». Pertenece a Levaduras Secas, dentro de Levaduras del catálogo AB Mauri.",mauripan lev. seca md paq 500g|mauripan levadura. seca md paquete 500g|mauripan levadura. seca md|levadura seca instantánea|levaduras secas|levadura seca instantánea por paquete|levadura seca|levadura instantánea,ACTUALIZAR
72451156,LP ESENCIA ALMENDRA CJ 6X2 LT,"Esencias y Colorantes Calsa para panificación, línea Esencias, presentación comercial de 12 l.","Esencia Alimentaria, presentación comercial de 12 l por caja, con denominación ERP «LP ESENCIA ALMENDRA CJ 6X2 LT». Pertenece a Esencias, dentro de Esencias y Colorantes del catálogo AB Mauri.",lp esencia almendra cj 6x2 lt|línea de plata esencia almendra caja 6x2 lt|línea de plata esencia almendra|esencia alimentaria|esencias|esencia alimentaria por caja|esencia almendra|saborizante,ACTUALIZAR
31520093,MR. CHOC ACEITE 913 0 TRANS CJX20KG,"Aceites Calsa para panificación, línea Coberturas / Baños, presentación comercial de 20 kg.","Aceite Vegetal, presentación comercial de 20 kg por caja, con denominación ERP «MR. CHOC ACEITE 913 0 TRANS CJX20KG». Pertenece a Aceites para Panificación, dentro de Grasas y Margarinas del catálogo AB Mauri.",mr. choc aceite 913 0 trans cjx20kg|aceite vegetal|aceites para panificación|aceite vegetal por caja|aceite para panificación|grasa|ingrediente graso|aceite,ACTUALIZAR
72804160,LP CREMA VEG REFRIGERATTO CJ 12X1 LT,"Cremas Calsa para panificación, línea UHT, presentación comercial de 12 l.","Crema Vegetal, presentación comercial de 12 l por caja, con denominación ERP «LP CREMA VEG REFRIGERATTO CJ 12X1 LT». Pertenece a Cremas Vegetales, dentro de Ingredientes de Pastelería del catálogo AB Mauri.",lp crema veg refrigeratto cj 12x1 lt|línea de plata crema veg refrigeratto caja 12x1 lt|línea de plata crema veg refrigeratto|crema vegetal|cremas vegetales|crema vegetal por caja|ingrediente de pastelería|crema,ACTUALIZAR
72803160,LP CREMA VEG CHOCOLATE UHT CJ 12X1 LT,"Cremas Calsa para panificación, línea UHT, presentación comercial de 12 l.","Crema Vegetal, presentación comercial de 12 l por caja, con denominación ERP «LP CREMA VEG CHOCOLATE UHT CJ 12X1 LT». Pertenece a Cremas Vegetales, dentro de Ingredientes de Pastelería del catálogo AB Mauri.",lp crema veg chocolate uht cj 12x1 lt|línea de plata crema veg chocolate uht caja 12x1 lt|línea de plata crema veg chocolate uht|crema vegetal|cremas vegetales|crema vegetal por caja|crema vegetal chocolate|crema de chocolate,ACTUALIZAR
72804169,LP CREMA VEG REFRIGERATTO PACK X1,"Cremas Calsa para panificación, línea UHT, presentación comercial de 1 kg.","Crema Vegetal, presentación comercial de 1 kg por estuche, con denominación ERP «LP CREMA VEG REFRIGERATTO PACK X1». Pertenece a Cremas Vegetales, dentro de Ingredientes de Pastelería del catálogo AB Mauri.",lp crema veg refrigeratto pack x1|línea de plata crema veg refrigeratto pack x1|crema vegetal|cremas vegetales|crema vegetal por estuche|ingrediente de pastelería|crema|crema para repostería,ACTUALIZAR
31310093,BIZCOCHINA ACEITE 0% TRANS CJX20KG,"Aceites Calsa para panificación, línea Masas., presentación comercial de 20 kg.","Aceite Vegetal, presentación comercial de 20 kg por caja, con denominación ERP «BIZCOCHINA ACEITE 0% TRANS CJX20KG». Pertenece a Aceites para Panificación, dentro de Grasas y Margarinas del catálogo AB Mauri.",bizcochina aceite 0% trans cjx20kg|aceite vegetal|aceites para panificación|aceite vegetal por caja|aceite 0% trans|grasa|ingrediente graso|aceite,ACTUALIZAR
73094042,LP PREM. ROSCA-PAN DULCE DUAL BOLX10KG,"Premezclas Calsa para panificación, línea Pasteleria, presentación comercial de 10 kg.","Rosca y Pan Dulce, presentación comercial de 10 kg por bolsa, con denominación ERP «LP PREM. ROSCA-PAN DULCE DUAL BOLX10KG». Pertenece a Premezclas de Pastelería, dentro de Premezclas del catálogo AB Mauri.",lp prem. rosca-pan dulce dual bolx10kg|línea de plata premezcla. rosca-pan dulce dual bolx10kg|rosca y pan dulce|premezclas de pastelería|rosca y pan dulce por bolsa|premezcla rosca|pan dulce|mezcla para pan,ACTUALIZAR
72818032,LP CREMA PASTELERA BOL.3 KG 100A,"Cremas Calsa para panificación, línea Polvos, presentación comercial de 3 kg.","Crema Pastelera, presentación comercial de 3 kg por bolsa, con denominación ERP «LP CREMA PASTELERA BOL.3 KG 100A». Pertenece a Cremas Pasteleras, dentro de Ingredientes de Pastelería del catálogo AB Mauri.",lp crema pastelera bol.3 kg 100a|línea de plata crema pastelera bolsa3 kg|línea de plata crema pastelera|crema pastelera|cremas pasteleras|crema pastelera por bolsa|ingrediente de pastelería|crema,ACTUALIZAR
64020195,LP MEJ. PANES BLANDOS CJ 4x4 KG,"Premezclas Calsa para panificación, línea Panaderia, presentación comercial de 16 kg.","Preparados de Panadería, presentación comercial de 16 kg por caja, con denominación ERP «LP MEJ. PANES BLANDOS CJ 4x4 KG». Pertenece a Premezclas de Panadería, dentro de Premezclas del catálogo AB Mauri.",lp mej. panes blandos cj 4x4 kg|línea de plata mejorador. panes blandos caja 4x4 kg|línea de plata mejorador. panes blandos|preparados de panadería|premezclas de panadería|preparados de panadería por caja|mezcla para pan|ingrediente de panificación,ACTUALIZAR
72803169,LP CREMA VEG CHOCOLATE UHT PACK X1,"Cremas Calsa para panificación, línea UHT, presentación comercial de 1 kg.","Crema Vegetal, presentación comercial de 1 kg por estuche, con denominación ERP «LP CREMA VEG CHOCOLATE UHT PACK X1». Pertenece a Cremas Vegetales, dentro de Ingredientes de Pastelería del catálogo AB Mauri.",lp crema veg chocolate uht pack x1|línea de plata crema veg chocolate uht pack x1|crema vegetal|cremas vegetales|crema vegetal por estuche|crema vegetal chocolate|crema de chocolate|ingrediente de pastelería,ACTUALIZAR
72740193,LP BAÑO MOLDEO BLANCO CJ 4X1 KG,"Chocolates Calsa para panificación, línea Baños, presentación comercial de 4 kg.","Baño de Repostería, presentación comercial de 4 kg por caja, con denominación ERP «LP BAÑO MOLDEO BLANCO CJ 4X1 KG». Pertenece a Baños y Coberturas, dentro de Ingredientes de Pastelería del catálogo AB Mauri.",lp baño moldeo blanco cj 4x1 kg|línea de plata baño moldeo blanco caja 4x1 kg|línea de plata baño moldeo blanco|baño de repostería|baños y coberturas|baño de repostería por caja|baño repostería|cobertura blanca,ACTUALIZAR
73086145,I360 PREM.BUDIN CON AVENA FRUTAS CJ6x3KG,"Premezclas Calsa para panificación, línea Panaderia, presentación comercial de 18 kg.","Budines, presentación comercial de 18 kg por caja, con denominación ERP «I360 PREM.BUDIN CON AVENA FRUTAS CJ6x3KG». Pertenece a Premezclas de Panadería, dentro de Premezclas del catálogo AB Mauri.",i360 prem.budin con avena frutas cj6x3kg|innova 360 premezclabudin con avena frutas cj6x3kg|budines|premezclas de panadería|budines por caja|premezcla budín|budín avena frutas|premezcla i360,ACTUALIZAR
73084145,I360 PREM. BUDIN CON GRANOLA CJ6X3KG,"Premezclas Calsa para panificación, línea Panaderia, presentación comercial de 18 kg.","Budines, presentación comercial de 18 kg por caja, con denominación ERP «I360 PREM. BUDIN CON GRANOLA CJ6X3KG». Pertenece a Premezclas de Panadería, dentro de Premezclas del catálogo AB Mauri.",i360 prem. budin con granola cj6x3kg|innova 360 premezcla. budin con granola cj6x3kg|budines|premezclas de panadería|budines por caja|premezcla budín|budín granola|premezcla i360,ACTUALIZAR
13011092,NUTRILEVA LEV ALIM. QUESO CJ 100E/BOL200,"Alimenticia Calsa para panificación, línea NUTRILEVA LEV ALIM. QUESO CJ 100E/BOL200, presentación comercial de 20 kg.","Levadura Alimenticia, presentación comercial de 20 kg por caja, con denominación ERP «NUTRILEVA LEV ALIM. QUESO CJ 100E/BOL200». Pertenece a Levaduras Alimenticias, dentro de Levaduras del catálogo AB Mauri.",nutrileva lev alim. queso cj 100e/bol200|nutrileva levadura alim. queso caja 100e/bol200|levadura alimenticia|levaduras alimenticias|levadura alimenticia por caja|nutrileva queso|levadura nutricional|queso nutrileva,ACTUALIZAR
73086032,I360 PREM.BUDIN CON AVENA FRUTAS BOLx3KG,"Premezclas Calsa para panificación, línea Pasteleria, presentación comercial de 3 kg.","Budines, presentación comercial de 3 kg por bolsa, con denominación ERP «I360 PREM.BUDIN CON AVENA FRUTAS BOLx3KG». Pertenece a Premezclas de Pastelería, dentro de Premezclas del catálogo AB Mauri.",i360 prem.budin con avena frutas bolx3kg|innova 360 premezclabudin con avena frutas bolx3kg|budines|premezclas de pastelería|budines por bolsa|premezcla budín|budín avena frutas|premezcla i360,ACTUALIZAR
73084032,I360 PREM. BUDIN CON GRANOLA BOL. X3 KG,"Premezclas Calsa para panificación, línea Pasteleria, presentación comercial de 3 kg.","Budines, presentación comercial de 3 kg por bolsa, con denominación ERP «I360 PREM. BUDIN CON GRANOLA BOL. X3 KG». Pertenece a Premezclas de Pastelería, dentro de Premezclas del catálogo AB Mauri.",i360 prem. budin con granola bol. x3 kg|innova 360 premezcla. budin con granola bolsa. x3 kg|budines|premezclas de pastelería|budines por bolsa|premezcla budín|budín granola|premezcla i360,ACTUALIZAR
72740033,LP BAÑO MOLDEO BLANCO BOL. X1 KG,"Chocolates Calsa para panificación, línea Baños, presentación comercial de 1 kg.","Baño de Repostería, presentación comercial de 1 kg por bolsa, con denominación ERP «LP BAÑO MOLDEO BLANCO BOL. X1 KG». Pertenece a Baños y Coberturas, dentro de Ingredientes de Pastelería del catálogo AB Mauri.",lp baño moldeo blanco bol. x1 kg|línea de plata baño moldeo blanco bolsa. x1 kg|baño de repostería|baños y coberturas|baño de repostería por bolsa|baño repostería|cobertura blanca|baño moldeado,ACTUALIZAR
15017042,MAURIPAN LEV. SECA MS PAQ 500G,"Seca Calsa para panificación, línea HADY, presentación comercial de 0.5 kg.","Levadura Seca Instantánea, presentación comercial de 0.5 kg por bolsa, con denominación ERP «MAURIPAN LEV. SECA MS PAQ 500G». Pertenece a Levaduras Secas, dentro de Levaduras del catálogo AB Mauri.",mauripan lev. seca ms paq 500g|mauripan levadura. seca ms paquete 500g|mauripan levadura. seca ms|levadura seca instantánea|levaduras secas|levadura seca instantánea por bolsa|levadura seca|mauripan,ACTUALIZAR
63240486,"LP MEJ.CONC. FORMULA N POTE X1,5 KG","Mejoradores Calsa para panificación, línea Concentrado, presentación comercial de 1.5 kg.","Mejorador para Panificación, presentación comercial de 1.5 kg por pote, con denominación ERP «LP MEJ.CONC. FORMULA N POTE X1,5 KG». Pertenece a Mejoradores Concentrados, dentro de Mejoradores del catálogo AB Mauri.","lp mej.conc. formula n pote x1,5 kg|línea de plata mejoradorconc. formula n pote x1,5 kg|línea de plata mejoradorconc. formula n pote x1|mejorador para panificación|mejoradores concentrados|mejorador para panificación por pote|mejorador panificación|mejorador concentrado",ACTUALIZAR
64020034,LP MEJ. PANES BLANDOS BOL x 4KG,"Premezclas Calsa para panificación, línea Panaderia, presentación comercial de 4 kg.","Preparados de Panadería, presentación comercial de 4 kg por bolsa, con denominación ERP «LP MEJ. PANES BLANDOS BOL x 4KG». Pertenece a Premezclas de Panadería, dentro de Premezclas del catálogo AB Mauri.",lp mej. panes blandos bol x 4kg|línea de plata mejorador. panes blandos bolsa x 4kg|línea de plata mejorador. panes blandos bolsa x|preparados de panadería|premezclas de panadería|preparados de panadería por bolsa|premezcla panes blandos|premezcla panadería,ACTUALIZAR
63230492,LP MEJ.CONC. CALSA MAX POTE X500 G,"Mejoradores Calsa para panificación, línea Concentrado, presentación comercial de 0.5 kg.","Mejorador para Panificación, presentación comercial de 0.5 kg por pote, con denominación ERP «LP MEJ.CONC. CALSA MAX POTE X500 G». Pertenece a Mejoradores Concentrados, dentro de Mejoradores del catálogo AB Mauri.",lp mej.conc. calsa max pote x500 g|línea de plata mejoradorconc. calsa max pote x500 g|mejorador para panificación|mejoradores concentrados|mejorador para panificación por pote|mejorador panificación|mejorador concentrado|mejorador lp,ACTUALIZAR
72830032,LP CREMA CHANTILLY CLASSIC BOL.3 KG,"Cremas Calsa para panificación, línea Polvos, presentación comercial de 3 kg.","Crema Pastelera, presentación comercial de 3 kg por bolsa, con denominación ERP «LP CREMA CHANTILLY CLASSIC BOL.3 KG». Pertenece a Cremas Pasteleras, dentro de Ingredientes de Pastelería del catálogo AB Mauri.",lp crema chantilly classic bol.3 kg|línea de plata crema chantilly classic bolsa3 kg|línea de plata crema chantilly classic|crema pastelera|cremas pasteleras|crema pastelera por bolsa|crema chantilly|lp crema,ACTUALIZAR
72831032,LP CREMA CHANTILLY PREMIUM BOL.3 KG,"Cremas Calsa para panificación, línea Polvos, presentación comercial de 3 kg.","Crema Pastelera, presentación comercial de 3 kg por bolsa, con denominación ERP «LP CREMA CHANTILLY PREMIUM BOL.3 KG». Pertenece a Cremas Pasteleras, dentro de Ingredientes de Pastelería del catálogo AB Mauri.",lp crema chantilly premium bol.3 kg|línea de plata crema chantilly premium bolsa3 kg|línea de plata crema chantilly premium|crema pastelera|cremas pasteleras|crema pastelera por bolsa|crema chantilly|lp crema,ACTUALIZAR
10001106,CALSA LEVADURA FLUIDA - PALECON,"Crema Calsa para panificación, línea 1.5:1, presentación comercial de 1 kg.","Crema Pastelera, presentación comercial de 1 kg por unidad, con denominación ERP «CALSA LEVADURA FLUIDA - PALECON». Pertenece a Cremas Pasteleras, dentro de Ingredientes de Pastelería del catálogo AB Mauri.",calsa levadura fluida - palecon|crema pastelera|cremas pasteleras|crema pastelera por unidad|crema fluida|calza crema|crema palecon,ACTUALIZAR
73069032,LP PREM. MUFFINS CHOCO. BOL.3 KG,"Premezclas Calsa para panificación, línea Pasteleria, presentación comercial de 3 kg.","Muffins, presentación comercial de 3 kg por bolsa, con denominación ERP «LP PREM. MUFFINS CHOCO. BOL.3 KG». Pertenece a Premezclas de Pastelería, dentro de Premezclas del catálogo AB Mauri.",lp prem. muffins choco. bol.3 kg|línea de plata premezcla. muffins choco. bolsa3 kg|línea de plata premezcla. muffins choco|muffins|premezclas de pastelería|muffins por bolsa|premezcla muffins|muffins chocolate,ACTUALIZAR
73091180,I360 PM. BUDIN GIRAS&YOG CJ7x2 KG 100A,"Premezclas Calsa para panificación, línea Pasteleria, presentación comercial de 14 kg.","Budines, presentación comercial de 14 kg por caja, con denominación ERP «I360 PM. BUDIN GIRAS&YOG CJ7x2 KG 100A». Pertenece a Premezclas de Pastelería, dentro de Premezclas del catálogo AB Mauri.",i360 pm. budin giras&yog cj7x2 kg 100a|innova 360 pm. budin giras&yog cj7x2 kg|budines|premezclas de pastelería|budines por caja|budin giras|premezcla budin|budin yogur,ACTUALIZAR
73107208,I360 PREM. PAN AVENA CAJ 4 x 5 KG,"Premezclas Calsa para panificación, línea Pasteleria, presentación comercial de 5 kg.","Panificados, presentación comercial de 5 kg por caja, con denominación ERP «I360 PREM. PAN AVENA CAJ 4 x 5 KG». Pertenece a Premezclas de Pastelería, dentro de Premezclas del catálogo AB Mauri.",i360 prem. pan avena caj 4 x 5 kg|innova 360 premezcla. pan avena caj 4 x 5 kg|innova 360 premezcla. pan avena caj|panificados|premezclas de pastelería|panificados por caja|pan avena|premezcla avena,ACTUALIZAR
