product_code,nombre,image_url,descripcion,rotacion_index,qty
12626,CEREAL MIX YOGURT FRUTILLA 6x20x26G,https://arcorencasa.com/wp-content/uploads/2025/08/20250805-12626-300x300.webp,"¡Descubre la explosión de sabor con Cereal Mix Yogurt Frutilla! Este delicioso cereal combina la suavidad del yogurt con el frescor de la frutilla, convirtiéndose en el snack perfecto para cualquier momento del día. Presentado en un formato de 6 cajas con 20 unidades de 26 g cada una, es ideal para exhibir en tu kiosco. Su atractivo sabor y presentación lo convierten en una compra por impulso irresistible, garantizando una alta rotación y márgenes atractivos para tu negocio.
Importante: los clientes se refieren a este producto como barra de frutilla.",0.1554999999999999993338661852249060757458209991455078125,0
13358,ALFAJOR MINITORTA CLASICO 21X69G,https://arcorencasa.com/wp-content/uploads/2024/10/20241008-13358-300x300.webp,"Descubre el irresistible Alfajor Minitorta Clásico de 21x69g, una delicia que combina un suave relleno de dulce de leche con una capa de chocolate que enamora. Este formato incluye 12 displays de 48 unidades, ideal para exhibir en tu kiosco o almacén. Su presentación atractiva y tamaño perfecto lo convierten en una opción ideal para compras por impulso. ¡Aumenta tu margen de ganancia y atrae a un público fiel que busca un capricho dulce irresistible!",0.1533,0
12625,CEREAL MIX YOGURT FRUTILLA LIGHT 6X20X26G,https://arcorencasa.com/wp-content/uploads/2025/08/20250805-12625-300x300.webp,"¡Descubre el delicioso Cereal Mix Yogurt Frutilla Light! Una opción irresistible para los amantes del desayuno saludable y el snack perfecto. Presentado en un práctico formato de 6 cajas de 20 unidades de 26g, es ideal para exhibir en tu kiosco. Su combinación de sabores frescos atrae a consumidores que buscan alternativas ligeras y nutritivas. Además, su bajo contenido calórico lo convierte en un producto de alta rotación, ideal para compras por impulso, garantizando un excelente margen de ganancia. ¡No te quedes sin él!
Importante: los clientes se refieren a este producto como barra de frutilla ligth o barra light frutilla.",0.150600000000000011635137298071640543639659881591796875,0
14611,PURE TOMATE ARCOR 12X520G,https://arcorencasa.com/wp-content/uploads/2024/10/20241009-14611-300x300.webp,"Descubre el auténtico sabor del campo con el Pure Tomate Arcor, ideal para realzar tus platillos favoritos. Cada caja contiene 12 frascos de 520g, perfectos para el uso diario en cocinas. Su formato práctico y atractivo no solo facilita la venta, sino que también capta la atención de los clientes que buscan calidad y frescura. Ofrece a tus consumidores un producto versátil y delicioso, asegurando una alta rotación y un atractivo margen de ganancia en tu negocio. ¡No dejes pasar esta oportunidad!",0.1331,0
9419,OPERA 56X55G,https://arcorencasa.com/wp-content/uploads/2024/10/20241009-9419-300x300.webp,"Descubre OPERA, el exquisito snack que deleitará a tus clientes con su irresistible sabor y textura crujiente. Presentado en un formato práctico de 56 bolsas de 55g, es perfecto para exhibir en tu kiosco o almacén. Este producto no solo es un favorito en el mercado, sino que también impulsa la compra por impulso, garantizando una alta rotación. Con un atractivo margen de ganancia, OPERA atraerá a un amplio público que busca disfrutar de un snack único. ¡No te lo pierdas!",0.1282,0
14408,TRAVIATA SANDWICH POR 3 16X3X108G,https://arcorencasa.com/wp-content/uploads/2024/10/20241009-14408-300x300.webp,"Descubre el irresistible sabor de los Traviata Sandwich, un bocado delicioso que encantará a tus clientes. Presentados en una caja de 16 unidades de 108g cada una, estos sándwiches son ideales para el consumo rápido y la compra por impulso. Su formato conveniente y atractivo los convierte en una opción perfecta para cualquier momento del día. Con un alto margen de rentabilidad y gran rotación, tendrás en tu mostrador un producto que no solo satisface, sino que también incrementa tus ventas. ¡No dejes pasar esta oportunidad!",0.1036,0
13989,FORMIS VAINILLA FRUTILLA 60X72G,https://arcorencasa.com/wp-content/uploads/2024/10/20241009-13989-300x300.webp,"Descubre el irresistible sabor de FORMIS Vainilla Frutilla, la combinación perfecta que cautivará a tus clientes. Presentado en un práctico formato de 60 unidades de 72g, este producto es ideal para kioscos y almacenes que buscan destacar. Su atractivo sabor y presentación lo convierten en una opción de compra por impulso, garantizando una rápida rotación. Al ofrecer un margen atractivo, este producto se convierte en una excelente adición a tu mostrador, atrayendo a un amplio público que busca calidad y sabor. ¡Aumenta tus ventas con FORMIS!
Importante: el cliente suele llamar a este producto como formis chica frutilla.",0.0990000000000000046629367034256574697792530059814453125,0
14365,"ALFAJOR COFLER BLOCK 36X40,7G",https://arcorencasa.com/wp-content/uploads/2024/10/20241008-14365-300x300.webp,"¡Descubre el irresistible Alfajor Cofler Block! Con su delicioso relleno de crema y una cobertura de chocolate que conquista a todos, este alfajor se ha convertido en un favorito en el mercado. Presentado en una caja con 36 unidades de 40,7 g, es ideal para tener siempre a mano. Su atractivo sabor y presentación lo hacen perfecto para la compra por impulso, maximizando tu margen de ganancias. Atrae a un público amplio y asegura una rotación constante en tu negocio. ¡No te quedes sin él!",0.0969,0
13991,FORMIS CHOCOLATE DULCE DE LECHE 60X72G,https://arcorencasa.com/wp-content/uploads/2024/10/20241009-13991-300x300.webp,"Descubre el irresistible sabor de FORMIS CHOCOLATE DULCE DE LECHE, una delicia que conquistará a tus clientes desde el primer bocado. Presentado en un práctico formato de 60 unidades de 72g, este producto es ideal para exhibir en tu mostrador. Su combinación de chocolate y dulce de leche es perfecta para la compra por impulso, garantizando una alta rotación. Atrae a un público amplio, haciendo que cada venta se traduzca en un atractivo margen de ganancia. ¡No dejes pasar esta oportunidad!",0.096,0
11283,COFLER BLOCK 8X12X110G,https://arcorencasa.com/wp-content/uploads/2024/10/20241008-11283-300x300.webp,"Descubre el irresistiblemente delicioso COFLER BLOCK, un chocolate que no solo deleita, sino que se ha convertido en una tendencia entre los amantes del dulce. Este formato de 8 cajas con 12 unidades de 110g es perfecto para exhibir en tu kiosco. Su atractivo sabor y presentación lo convierten en un producto ideal para compras por impulso. Con un excelente margen de ganancia, atraerás a un público diverso, asegurando una rotación rápida y sólida en tu mostrador. ¡No te quedes sin él!
Importante: el cliente suele llamar a este producto como block grande.",0.093200000000000005062616992290713824331760406494140625,0
6074,CELOFAN BLANCO 12x30X25G,https://arcorencasa.com/wp-content/uploads/2024/10/20241008-6074-300x300.webp,"¡Descubre el CELOFAN BLANCO 12x30X25G, la elección perfecta para tus ventas! Este celofán de alta calidad es ideal para envolver y presentar productos, destacando su frescura y atractivo. Cada caja contiene 12 rollos de 30 metros, garantizando un excelente rendimiento. Su versatilidad lo convierte en un imprescindible para cualquier kiosco o almacén, impulsando las compras por impulso. Con un margen atractivo, atraerás a clientes que buscan calidad y presentación. ¡No dejes pasar esta oportunidad de aumentar tus ventas!",0.0852,0
13990,FORMIS VAINILLA CHOCOLATE 60X72G,https://arcorencasa.com/wp-content/uploads/2024/10/20241009-13990-300x300.webp,"Descubre el irresistible sabor de FORMIS Vainilla Chocolate, un snack que combina la suavidad de la vainilla con el intenso sabor del chocolate, perfecto para cualquier momento del día. Viene en un formato práctico de 60 unidades de 72 gramos, ideal para exhibir en tu kiosco o almacén. Su atractivo sabor y presentación lo convierten en una compra por impulso que tus clientes no podrán resistir, garantizando alta rotación y un excelente margen de ganancia. ¡Agrega FORMIS a tu oferta y maximiza tus ventas!",0.0826,0
14393,TRAVIATA CON REX 36X96G,https://arcorencasa.com/wp-content/uploads/2024/10/20241009-14393-300x300.webp,"¡Descubre el irresistible sabor de TRAVIATA CON REX! Este delicioso snack de 96g combina la tradición italiana con un toque moderno, convirtiéndose en la elección perfecta para tus clientes. Presentado en un práctico formato de 36 unidades, ideal para exhibiciones en kioscos y almacenes. Su atractivo diseño y sabor único garantizan una compra por impulso, asegurando un excelente margen de ganancia. No dejes pasar la oportunidad de ofrecer un producto que hará girar la rotación en tu negocio. ¡Atrévete a venderlo!",0.0764,0
6768,TORTITAS BLACK 24X125G,https://arcorencasa.com/wp-content/uploads/2024/10/20241009-6768-300x300.webp,"¡Descubre las irresistibles TORTITAS BLACK! Con su inconfundible sabor y textura crujiente, se han convertido en la tendencia favorita de los amantes de los snacks. Este formato de 24 paquetes de 125g es perfecto para exhibir en tu kiosco o almacén. Su atractivo diseño y sabor único fomentan la compra por impulso, asegurando una alta rotación. Además, con un margen atractivo, estas tortitas son ideales para captar la atención de un público joven y dinámico. ¡No te quedes sin ellas!",0.0764,0
10174,REX BOLSA 32X75G,https://arcorencasa.com/wp-content/uploads/2024/10/20241009-10174-300x300.webp,"Descubre la irresistible REX BOLSA 32X75G, la opción perfecta para satisfacer los antojos de tus clientes. Su exquisito sabor y calidad reconocida la convierten en una elección segura que todos buscan. Este práctico empaque incluye 32 bolsas de 75g, ideal para exhibir en tu kiosco o almacén. Atrae a los compradores impulsivos y maximiza tu rentabilidad con un excelente margen. No dejes pasar la oportunidad de ofrecer un producto que se mueve rápido y conquista a todos. ¡Impulsa tus ventas hoy!",0.0728,0
3750,ALFAJOR BYN TRIPLE NEGRO 21X73.5G,https://arcorencasa.com/wp-content/uploads/2024/10/20241008-3750-300x300.webp,"Descubre el irresistible Alfajor BYN Triple Negro, un deleite que combina capas de galleta suave y un relleno cremoso de chocolate, perfecto para los amantes del sabor intenso. Presentado en un formato de 21 unidades de 73.5g, es ideal para exhibir en tu kiosco o almacén. Su atractivo diseño y exquisito sabor lo convierten en una opción perfecta para la compra por impulso, garantizando un alto margen de ganancia y atrayendo a un público joven y amante de lo dulce. ¡Hazlo parte de tu oferta!",0.0675,0
13357,ALFAJOR MINITORTA BLANCO 21X69G,https://arcorencasa.com/wp-content/uploads/2024/10/20241008-13357-300x300.webp,"Descubre el irresistible Alfajor Minitorta Blanco, una delicia de 69g que combina un suave relleno de dulce de leche con una cobertura de chocolate blanco. Presentado en prácticos packs de 21 unidades, este alfajor es perfecto para el mostrador de tu kiosco o almacén. Su tamaño ideal lo convierte en la opción perfecta para compras por impulso, garantizando una alta rotación. Atraerás a un público amplio, desde niños hasta adultos, ¡y maximizarás tu margen de ganancia!",0.0643,0
13326,MANA RELLENA VAINILLA FRUTILLA 36X152G,https://arcorencasa.com/wp-content/uploads/2025/07/20250724-13326-300x300.webp,"Descubre el irresistible sabor de MANA RELLENA VAINILLA FRUTILLA, un snack que conquista a grandes y pequeños con su deliciosa combinación de crema de vainilla y frutilla. Este formato incluye 36 unidades de 152g, perfecto para exhibir en tu kiosco o almacén. Su atractivo visual y sabor único lo convierten en un producto ideal para compras por impulso, garantizando una rápida rotación y un margen de ganancia atractivo. ¡No dejes pasar la oportunidad de aumentar tus ventas!",0.063,0
13783,MANA VAINILLA 36X136G,https://arcorencasa.com/wp-content/uploads/2024/10/20241009-13783-300x300.webp,"¡Descubre el irresistible sabor de MANA Vainilla! Este delicioso producto, presentado en un formato de 36 unidades de 136g, es perfecto para satisfacer los antojos de tus clientes y atraer a nuevos consumidores. Su cremosidad y toque de vainilla lo convierten en un snack ideal para cualquier momento del día. Además, su atractivo diseño impulsa la compra por impulso, garantizando un rápido movimiento en tu mostrador. Aumenta tu margen de ganancia y no dejes pasar la oportunidad de ofrecer lo mejor.",0.0623,0
13360,ALFAJOR MINITORTA COCO 21X70.5G,https://arcorencasa.com/wp-content/uploads/2024/10/20241008-13360-300x300.webp,"Descubre el irresistible Alfajor Minitorta Coco, una delicia que combina la suavidad de su biscuit con un cremoso relleno de coco, ideal para satisfacer los antojos de tus clientes. Este formato incluye 21 unidades de 70.5g, perfectas para exhibir en tu kiosco o almacén. Su atractivo sabor lo convierte en una opción perfecta para la compra por impulso, generando un alto margen de ganancia. Atrae a un público amante del dulce y asegúrate de que tu mostrador siempre esté abastecido.",0.0598,0
13315,SALSA ARCOR PIZZA 24X340G,https://arcorencasa.com/wp-content/uploads/2024/10/20241008-13315-300x300.webp,"Descubre la irresistible Salsa Arcor Pizza, el aliado perfecto para elevar tus ventas. Con 24 frascos de 340g cada uno, este formato es ideal para exhibir y atraer a tus clientes. Su sabor auténtico y su textura cremosa son irresistibles, convirtiendo cada pizza en una experiencia gourmet. Perfecta para compras por impulso, esta salsa garantiza un alto margen de ganancia y una rápida rotación. Atrae a amantes de la pizza y asegura que tu mostrador siempre esté abastecido. ¡No te quedes sin ella!",0.0586,0
14394,TRAVIATA CON KESITAS 36X96G,https://arcorencasa.com/wp-content/uploads/2024/10/20241009-14394-300x300.webp,"Descubre el irresistible sabor de TRAVIATA CON KESITAS, un snack que combina la crocancia de galletas con un toque dulce que encanta a grandes y chicos. Presentado en un formato práctico de 36 cajas de 96g, es ideal para exhibir en tu kiosco o almacén. Su atractivo diseño y delicioso sabor lo convierten en una compra por impulso perfecta, asegurando un alto margen de ganancia y una rápida rotación en tu mostrador. ¡No te quedes sin este éxito de ventas! Estas galletas son la nueva combinacion de las tradicionales galletas traviata con un toque de kesitas. Los clientes suelen pedirla como Kesitas Nueva.",0.058400000000000000521804821573823573999106884002685546875,0
5679,TOMATE PERITA 24X400G,https://arcorencasa.com/wp-content/uploads/2024/10/20241008-5679-300x300.webp,"Descubre el sabor auténtico y la frescura del TOMATE PERITA, ideal para darle un toque especial a tus platillos. Presentado en un práctico formato de 24 latas de 400g, este producto se adapta perfectamente a las necesidades de tu negocio. Su versatilidad lo convierte en un favorito para la cocina diaria, atrayendo a un amplio público. Con un excelente margen de ganancia, es perfecto para la compra por impulso, asegurando una rotación rápida en tu mostrador. ¡No dejes pasar esta oportunidad!",0.0578,0
13873,POLENTA PRESTOPRONTA 30X490G,https://arcorencasa.com/wp-content/uploads/2024/10/20241008-13873-300x300.webp,"¡Descubre la Polenta Prestopronta, el aliado perfecto para tus comidas! Con su textura suave y delicioso sabor, esta polenta se ha convertido en un favorito entre los consumidores que buscan opciones rápidas y satisfactorias. Presentada en un formato de 30 paquetes de 490g, es ideal para mantener en tu almacén. Su fácil preparación la convierte en una opción irresistible para compras por impulso. Aumenta tus márgenes y atrae a un público que valora la comodidad y calidad en la cocina. ¡No te quedes sin ella!",0.0561,0
13324,MANA RELLENA VAINILLA CHOCOLATE 36X152G,https://arcorencasa.com/wp-content/uploads/2025/07/20250724-13324-300x300.webp,"Descubre el irresistible sabor de MANA RELLENA VAINILLA CHOCOLATE, una combinación perfecta que conquista a grandes y chicos. Presentado en un práctico formato de 36 paquetes de 152g, es ideal para exhibir en tu mostrador. Este delicioso snack es perfecto para la compra por impulso, garantizando un alto margen de ganancia y una rápida rotación. Con una propuesta atractiva para consumidores que buscan un dulce momento, ¡no dejes pasar la oportunidad de atraer más clientes a tu negocio!",0.0505,0
13997,FORMIS CHOCOLATE VAINILLA 36X102G,https://arcorencasa.com/wp-content/uploads/2024/10/20241009-13997-300x300.webp,"Descubre el irresistible placer de FORMIS CHOCOLATE VAINILLA, una deliciosa combinación que encantará a tus clientes. Presentado en un formato práctico de 36 unidades de 102g, este producto se adapta perfectamente a cualquier mostrador. Su exquisito sabor y empaque atractivo fomentan la compra por impulso, garantizando una rápida rotación. Con un buen margen de ganancia, es ideal para atraer a un público amplio, desde niños hasta adultos. ¡No dejes pasar la oportunidad de incrementar tus ventas con FORMIS!",0.0464,0
4303,ALFAJOR BONOBON LECHE 40X40G,https://arcorencasa.com/wp-content/uploads/2024/10/20241008-4303-300x300.webp,"¡Descubre el irresistible Alfajor Bonobón Leche, la combinación perfecta de galleta suave y un delicioso relleno de crema! Presentado en un formato atractivo de 40 unidades de 40g cada una, es ideal para ofrecer a tus clientes un snack dulce y tentador. Este alfajor se vende como pan caliente, garantizando alta rotación y un excelente margen de ganancia. Perfecto para compras por impulso, atraerá a tus consumidores y aumentará tus ventas en el mostrador. ¡No dejes pasar esta oportunidad!",0.0461,0
13993,FORMIS VAINILLA CHOCOLATE 36X102G,https://arcorencasa.com/wp-content/uploads/2024/10/20241009-13993-300x300.webp,"¡Descubre la irresistible combinación de FORMIS Vainilla Chocolate! Este delicioso snack de 102g es el equilibrio perfecto entre la suavidad de la vainilla y el intenso sabor del chocolate, ideal para deleitar a tus clientes. Cada caja incluye 36 unidades, perfectas para exhibir en tu kiosco o almacén. Su atractivo diseño y sabor único garantizan una compra por impulso, asegurando un gran margen de ganancia. ¡No dejes pasar la oportunidad de aumentar tus ventas con FORMIS!",0.0429,0
13364,CEREAL MIX FRUTILLA CHOCOLATE 6x20x26G,https://arcorencasa.com/wp-content/uploads/2025/08/20250805-13364-300x300.webp,"¡Descubre el irresistible Cereal Mix Frutilla Chocolate! Este delicioso combo de sabores combina la frescura de la frutilla con el placer del chocolate, capturando la atención de los amantes del desayuno. Presentado en un formato de 6 cajas, cada una con 20 unidades de 26g, es perfecto para exhibir en tu kiosco. Su atractivo sabor impulsa las compras por impulso, ofreciendo un excelente margen de ganancia y atrayendo a un público diverso. ¡No dejes pasar la oportunidad de incrementar tus ventas!",0.0399,0
9537,ALFAJOR TOFI TRIPLE BLANCO 21X73 G,https://arcorencasa.com/wp-content/uploads/2024/10/20241008-9537-300x300.webp,"Descubre el irresistible Alfajor Tofi Triple Blanco, una delicia que combina la suavidad del dulce de leche con la cremosidad del chocolate blanco. Presentado en un formato de 21 unidades de 73 g, es perfecto para exhibir en tu kiosco. Este alfajor no solo atrae a los amantes de lo dulce, sino que su atractivo diseño impulsa la compra por impulso. Con un margen atractivo, asegúrate de tenerlo en el mostrador para captar a un público fiel y aumentar tus ventas. ¡No te quedes sin él!",0.038,0
10204,CRIOLLITAS POR 3 ORIGINAL 22X3X100G,https://arcorencasa.com/wp-content/uploads/2024/10/20241009-10204-300x300.webp,"¡Descubre el sabor auténtico de CRIOLLITAS POR 3 ORIGINAL! Estas deliciosas galletas, crujientes y llenas de tradición, son el snack perfecto para cualquier momento. Presentadas en un práctico formato de 22 cajas con 3 paquetes de 100g cada una, son ideales para exhibir en tu kiosco o almacén. Su atractivo sabor provoca compras por impulso, asegurando una alta rotación y un excelente margen de ganancia. ¡No dejes pasar la oportunidad de deleitar a tus clientes y aumentar tus ventas!",0.0342,0
15001,ALFAJOR CHOCO CREAMY 21X60G,https://arcorencasa.com/wp-content/uploads/2025/02/20250214-15001-300x300.webp,"Descubre el irresistible Alfajor Choco Creamy, un manjar que conquista paladares con su suave relleno de crema y su cobertura de chocolate. Presentado en un formato de 21 unidades de 60g, es perfecto para exhibir en tu kiosco o almacén. Su atractivo sabor y presentación lo convierten en una opción ideal para compras por impulso, asegurando una alta rotación. Atrae a un público diverso y maximiza tu margen de ganancia con este dulce favorito que no puede faltar en tu mostrador.",0.0341,0
14997,RAMEN CARNE 24X70G,https://arcorencasa.com/wp-content/uploads/2025/04/20250408-14997-300x300.webp,"¡Descubre el irresistible Ramen Carne, una explosión de sabor que encantará a tus clientes! Presentado en un práctico formato de 24 sobres de 70g, este ramen es perfecto para aquellos que buscan una comida rápida y deliciosa. Su fácil preparación lo convierte en una opción ideal para el público joven y dinámico. Además, su atractivo precio y alta demanda aseguran una rotación constante en tu mostrador, generando compras por impulso y un excelente margen de ganancia. ¡No dejes pasar esta oportunidad!",0.0337,0
14744,PORTEÑITAS 36X139G,https://arcorencasa.com/wp-content/uploads/2025/04/20250408-14744-1-300x300.webp,"¡Descubre las irresistibles PORTEÑITAS! Estas delicias de 139g son el snack perfecto que conquista a todos con su sabor único y auténtico. Presentadas en un formato de 36 paquetes, cada uno ideal para atrapar la atención de tus clientes. Su atractivo diseño y el sabor que todos aman las convierten en una compra por impulso irresistible. Aumenta tu rentabilidad con un margen competitivo, atrayendo a un público amplio que busca disfrutar en cualquier momento. ¡No dejes pasar esta oportunidad!",0.0331,0
13781,MANA LECHE 36X136G,https://arcorencasa.com/wp-content/uploads/2024/10/20241009-13781-300x300.webp,"Descubre MANA LECHE, la deliciosa opción que conquista a grandes y chicos con su sabor inconfundible. Presentada en un práctico formato de 36 unidades de 136g, ideal para exhibir en tu kiosco. Este producto no solo es una delicia, sino que también impulsa la compra por impulso, garantizando una alta rotación. Su atractivo precio y popularidad entre el público lo convierten en una excelente oportunidad de rentabilidad para tu negocio. ¡No dejes pasar la oportunidad de ofrecer lo mejor!",0.033,0
10336,AIREADO COFLER LECHE 8x20x27G,https://arcorencasa.com/wp-content/uploads/2024/10/20241008-10336-300x300.webp,"Descubre el irresistible sabor de AIREADO COFLER LECHE, el snack que está marcando tendencia entre los amantes del dulce. Presentado en un formato de 8 packs de 20 unidades de 27g, es perfecto para exhibir en tu kiosco o almacén. Este delicioso producto no solo atrae con su textura ligera y sabor inigualable, sino que también impulsa la compra por impulso, ofreciendo un excelente margen de ganancia. ¡No dejes pasar la oportunidad de deleitar a tus clientes y aumentar tus ventas!",0.0327,0
13325,MANA RELLENA LIMON 36X152G,https://arcorencasa.com/wp-content/uploads/2025/07/20250724-13325-300x300.webp,"Descubre el irresistible sabor de MANA RELLENA LIMÓN, el snack que todos buscan. Con un formato de 36 paquetes de 152g, es perfecto para el mostrador de tu kiosco o almacén. Su frescura y dulzura cítrica hacen que sea el compañero ideal para cualquier momento del día. Este producto es una excelente opción de compra por impulso, con un alto margen de ganancia y atractivo para un amplio público. ¡No dejes pasar la oportunidad de aumentar tus ventas!",0.0313,0
15034,RAMEN POLLO PICANTE 24X70G,https://arcorencasa.com/wp-content/uploads/2025/04/20250408-15034-300x300.webp,"¡Descubre la explosiva combinación de sabores de nuestro Ramen Pollo Picante! Este delicioso producto, con su inconfundible toque picante, está en sintonía con las tendencias actuales de comida rápida y sabrosa. Presentado en un formato de 24 unidades de 70g, es perfecto para reabastecer tu kioskó o almacén. Su atractivo para los amantes de la comida asiática garantiza una alta rotación, convirtiéndolo en una excelente opción para compras por impulso. ¡Aumenta tus márgenes y deleita a tus clientes!",0.0306,0
6973,SALADIX PIZZA ESTUCHE 4X6X100G,https://arcorencasa.com/wp-content/uploads/2024/10/20241009-6973-300x300.webp,"¡Descubre el irresistible sabor de Saladix Pizza! Este práctico estuche de 4 paquetes de 6 unidades de 100g cada uno es perfecto para aquellos que buscan un snack delicioso y fácil de disfrutar en cualquier momento. Su formato conveniente se adapta idealmente a tu mostrador, atrayendo a los consumidores en busca de algo sabroso para saciar sus antojos. Con un alto margen de ganancia y su popularidad creciente, Saladix Pizza garantiza una rotación rápida y compras por impulso, ideal para maximizar tus ventas.",0.0305,0
10342,AIREADO COFLER MIXTO 8x10x55G,https://arcorencasa.com/wp-content/uploads/2024/10/20241008-10342-300x300.webp,"Descubre el irresistible AIREADO COFLER MIXTO, un snack que combina la suavidad del aireado con un sabor único que deleita a grandes y chicos. Presentado en una caja de 8 packs de 10 unidades de 55g cada uno, es perfecto para exhibir en tu kiosco. Su atractivo formato promueve la compra por impulso, asegurando un alto margen de ganancia. Ideal para un público amplio, ¡no dejes pasar la oportunidad de incrementar tus ventas con este delicioso producto!",0.0304,0
14996,RAMEN POLLO 24X70G,https://arcorencasa.com/wp-content/uploads/2025/04/20250408-14996-300x300.webp,"Descubre el delicioso Ramen Pollo, la opción perfecta para satisfacer antojos en minutos. Este atractivo formato de 24 paquetes de 70g es ideal para exhibir en tu kiosco o almacén, capturando la atención de los amantes de la comida rápida. Su sabor irresistible y fácil preparación lo convierten en una compra por impulso, garantizando una alta rotación. Aumenta tu margen con un producto que atrae a un público joven y dinámico que busca conveniencia y sabor. ¡Hazlo parte de tu oferta hoy!",0.0296,0
13242,CHOCLO ARCOR ENTERO 24x300G,https://arcorencasa.com/wp-content/uploads/2024/10/20241008-13242-300x300.webp,"¡Descubre el delicioso Choclo Arcor Entero! Este producto premium es perfecto para realzar tus platos con su sabor natural y textura ideal. Presentado en un formato práctico de 24 latas de 300g, es fácil de almacenar y exhibir. Su versatilidad lo convierte en un favorito para los consumidores, impulsando las compras por impulso. Con un excelente margen de ganancia, atraerás a un público amplio que busca calidad y conveniencia. ¡No dejes pasar la oportunidad de tenerlo en tu mostrador!",0.0281,0
10770,COFLER 3 PLACERES 12x10x55G,https://arcorencasa.com/wp-content/uploads/2025/05/20250506-10770-300x300.webp,"Descubre el irresistible sabor de COFLER 3 PLACERES, el snack que está conquistando paladares. Cada paquete de 55g combina tres deliciosas variedades que garantizan satisfacción en cada bocado. Presentado en un formato de 12 unidades, es ideal para exhibir en tu kiosco o almacén. Su atractivo y versatilidad lo convierten en un producto de compra por impulso, asegurando un alto margen de ganancia y una rápida rotación. ¡Haz que tus clientes disfruten y vuelve a llenar tu mostrador!",0.028,0
10337,AIREADO COFLER BLANCO 8x20x27G,https://arcorencasa.com/wp-content/uploads/2024/10/20241008-10337-300x300.webp,"Descubre el irresistible sabor del Aireado Cofler Blanco, el snack que ha conquistado a todos. Con su textura ligera y su delicioso relleno de crema, es el capricho perfecto para cualquier momento. Presentado en cajas de 8 paquetes de 20 unidades de 27g, facilita la exhibición en tu tienda. Este producto es ideal para la compra por impulso, atrayendo a un amplio público que busca un gusto único. ¡Aumenta tus ventas y sorprende a tus clientes con Aireado Cofler Blanco!",0.0277,0
14669,CEREAL MIX CHOCOLATE 6X20X38G,https://arcorencasa.com/wp-content/uploads/2024/10/20241028-14669-300x300.webp,"¡Descubre el irresistible Cereal Mix Chocolate! Con su combinación perfecta de crujientes trozos y un delicioso sabor a chocolate, este producto se convierte en el snack ideal para todos los amantes de lo dulce. Presentado en 6 cajas de 20 unidades de 38g cada una, es perfecto para exhibir en tu kiosco. Su atractivo para la compra por impulso garantiza una rápida rotación, mientras que su margen atractivo lo convierte en una elección inteligente para atraer a un público diverso. ¡No dejes pasar esta oportunidad!",0.025,0
14407,TRAVIATA SANDWICH 48X108G,https://arcorencasa.com/wp-content/uploads/2024/10/20241009-14407-300x300.webp,"Descubre el irresistible sabor de TRAVIATA SANDWICH, el bocadillo que está marcando tendencia en el mercado. Presentado en un formato práctico de 48 unidades de 108g, es ideal para satisfacer antojos de una manera rápida y deliciosa. Este producto es perfecto para el mostrador de kioscos y almacenes, ya que impulsa las compras por impulso, garantizando una alta rotación. Con un margen atractivo, atraerás a un público amplio y fiel que busca calidad y conveniencia. ¡No dejes pasar esta oportunidad de aumentar tus ventas!",0.0244,0
3777,CRIOLLITAS ORIGINAL 56X100G,https://arcorencasa.com/wp-content/uploads/2024/10/20241009-3777-300x300.webp,"Descubre el sabor auténtico de CRIOLLITAS ORIGINAL, la galleta que conquista paladares con su crujiente textura y delicioso sabor. Presentadas en un formato de 56 paquetes de 100g, son ideales para compartir o disfrutar en cualquier momento. Su atractivo diseño y popularidad garantizan que tus clientes no puedan resistirse a comprarlas. Perfectas para el mostrador, generan una alta rotación y un excelente margen de ganancia, convirtiéndose en una compra por impulso que no puede faltar en tu negocio.",0.0235,0
10338,AIREADO COFLER MIXTO 8x20x27G,https://arcorencasa.com/wp-content/uploads/2024/10/20241008-10338-300x300.webp,"¡Descubre el irresistible AIREADO COFLER MIXTO! Este delicioso snack combina la suavidad de su textura aireada con el sabor inigualable del chocolate y la crema. Presentado en un formato práctico de 8 bolsas de 20 unidades de 27g, es perfecto para el consumo diario. Su atractivo diseño y sabor único lo convierten en una compra por impulso ideal para tus clientes. Aumenta tu rentabilidad con un producto que asegura rotación rápida y atrae a un amplio público amante de los dulces. ¡No te lo pierdas!",0.0234,0
7168,SALADIX CALABRESA ESTUCHE 4X6X100G,https://arcorencasa.com/wp-content/uploads/2024/10/20241009-7168-300x300.webp,"Descubre el irresistible sabor de Saladix Calabresa, la opción perfecta para quienes buscan un snack delicioso y práctico. Este estuche de 4 paquetes de 6 unidades de 100g cada uno es ideal para el mostrador de tu kiosco o almacén. Con su atractivo formato y combinación de sabores, es difícil resistirse a la compra por impulso. Además, su margen de ganancia atractivo asegura que tu negocio se beneficie de cada venta, atrayendo a un público amante de los snacks. ¡No dejes pasar esta oportunidad!",0.0234,0
14380,GALLETAS COFLER RELLENAS BONOBON 27X85G,https://arcorencasa.com/wp-content/uploads/2024/10/20241009-14380-300x300.webp,"Descubre el irresistible sabor de las Galletas Cofler Rellenas Bonobón, la combinación perfecta de galleta crujiente y suave relleno de chocolate. Presentadas en un formato de 27 paquetes de 85g, son ideales para el kiosco o almacén. Su atractivo diseño y delicioso sabor las convierten en un producto de compra por impulso, garantizando una alta rotación y un margen atractivo para tu negocio. ¡No dejes pasar la oportunidad de deleitar a tus clientes y aumentar tus ventas!",0.0221,0
12794,GALLETAS COFLER 30X120G,https://arcorencasa.com/wp-content/uploads/2024/10/20241009-12794-300x300.webp,"¡Descubre el irresistible sabor de las Galletas Cofler! Perfectas para aquellos momentos de antojo, estas galletas son un clásico que no puede faltar en tu kiosco. Presentadas en un formato de 30 paquetes de 120g, son ideales para atraer a tus clientes en busca de un snack delicioso. Con un alto margen de ganancia y su atractivo para el público joven y adulto, las Galletas Cofler garantizan una rápida rotación y compras por impulso. ¡No dejes pasar esta oportunidad! Estas galletas tiene chips de chocolates. Es lo que las caracteriza El cliente suele referirse a ella como galletas con chips.",0.0206999999999999996502797472430756897665560245513916015625,0
14373,"GALLETAS COFLER BAÑADAS BONBON 16X105,6G",https://arcorencasa.com/wp-content/uploads/2024/10/20241009-14373-300x300.webp,"Descubre las irresistibles Galletas Cofler Bañadas Bonbon, un deleite que conquistará a tus clientes con su suave textura y su delicioso sabor a chocolate. Presentadas en un atractivo formato de 16 paquetes de 105,6g, son perfectas para compartir o disfrutar en cualquier momento. Su atractivo diseño y sabor único las convierten en una opción ideal para el impulso de ventas en tu kiosco. Atrae a un público amplio y maximiza tu margen de ganancias con este producto que no puede faltar en tu mostrador.",0.0205,0
3746,SALADIX DUO ESTUCHE 24X80G,https://arcorencasa.com/wp-content/uploads/2024/10/20241009-3746-300x300.webp,"¡Descubre el irresistible sabor de Saladix Duo! Este innovador estuche contiene 24 paquetes de 80g, perfectos para satisfacer a tus clientes en cualquier momento del día. Con su combinación de sabores únicos y su formato práctico, es ideal para el consumo rápido y la compra por impulso. Al tener Saladix Duo en tu mostrador, no solo aumentarás tu margen de ganancias, sino que también atraerás a un público diverso que busca opciones sabrosas y saludables. ¡No te quedes sin él!",0.0204,0
9341,OPERA SIMPLE 28X92G,https://arcorencasa.com/wp-content/uploads/2024/10/20241009-9341-300x300.webp,"¡Descubre el delicioso sabor de OPERA SIMPLE! Este exquisito snack, con su combinación perfecta de crocancia y dulzura, está diseñado para satisfacer a todos los paladares. Presentado en un formato de 28 cajas de 92g, es ideal para exhibir en tu kiosco o almacén. Su atractivo packaging y la tendencia actual hacia los snacks indulgentes lo convierten en una opción irresistible para la compra por impulso. Aumenta tu margen y atrae a un público amplio, ¡no dejes pasar esta oportunidad!",0.0204,0
11584,AIREADO COFLER RELLENO TOFI 8X10X70G,https://arcorencasa.com/wp-content/uploads/2024/10/20241008-11584-300x300.webp,"Descubre el irresistible AIREADO COFLER RELLENO TOFI, una explosión de sabor en cada bocado que atrapará a tus clientes desde el primer momento. Presentado en un práctico formato de 8 packs de 10 unidades de 70g, es perfecto para exhibir en tu kiosco o almacén. Su textura aireada y delicioso relleno lo convierten en un snack ideal para todas las edades. Además, su atractivo precio y alta demanda garantizan una rápida rotación y excelentes márgenes, impulsando tus ventas al instante.",0.0195,0
13323,MANA RELLENA CHOCOLATE VAINILLA 36X152G,https://arcorencasa.com/wp-content/uploads/2025/07/20250724-13323-300x300.webp,"Descubre el irresistible sabor de MANA RELLENA CHOCOLATE VAINILLA, el snack que está conquistando los paladares. Cada bocado combina la suavidad de la vainilla con el deleite del chocolate, convirtiéndose en la opción perfecta para cualquier momento del día. Este formato incluye 36 unidades de 152g, ideal para exhibir en tu kiosco o almacén. Con un alto potencial de compra por impulso y un atractivo para jóvenes y adultos, ¡asegura tu rentabilidad y rotación con este delicioso producto!",0.0191,0
13886,PURE TOMATE LC 12x530G,https://arcorencasa.com/wp-content/uploads/2026/02/20260206-13886-1-300x300.webp,"¡Descubre el sabor auténtico de la cocina con PURE TOMATE LC! Este concentrado de tomate en formato de 12 frascos de 530g cada uno es perfecto para preparar deliciosas salsas, guisos y más. Su calidad premium y versatilidad lo convierten en un must-have en cualquier cocina. Además, ofrece un excelente margen de ganancia, ideal para la compra por impulso. Atrae a tus clientes con este producto esencial que garantiza rotación rápida en tu mostrador. ¡No dejes pasar esta oportunidad!",0.0189,0
10348,COFLER LECHE 12x10x55G,https://arcorencasa.com/wp-content/uploads/2025/05/20250506-10348-300x300.webp,"¡Descubre la delicia de COFLER LECHE! Este exquisito producto combina el sabor auténtico del chocolate con la cremosidad de la leche, convirtiéndolo en una opción irresistible para los amantes de los snacks. Presentado en un formato de 12 cajas de 10 unidades de 55g, es perfecto para exhibir en tu kiosco. Su atractivo diseño y sabor cautivador impulsan las compras por impulso, asegurando un alto margen de ganancia y una rápida rotación en el mostrador. ¡No dejes pasar esta oportunidad!",0.0186,0
13589,RECETA DE LA ABUELA PEPAS 36X183G,https://arcorencasa.com/wp-content/uploads/2024/10/20241009-13589-300x300.webp,"Descubre el irresistible sabor de las Pepas de la Abuela, un clásico que enamora a grandes y chicos. Este formato incluye 36 paquetes de 183g, perfectos para exhibir en tu kiosco. Su atractivo diseño y delicioso sabor convierten estas galletas en la opción ideal para compras por impulso. Con un margen atractivo y una alta rotación, las Pepas son el complemento perfecto para tu oferta, cautivando a un público que busca calidad y nostalgia en cada bocado. ¡Impulsa tus ventas hoy!",0.0184,0
13296,HOGAREÑAS CON SALVADO 30X200G,https://arcorencasa.com/wp-content/uploads/2024/10/20241009-13296-300x300.webp,"Descubre el sabor inigualable de las HOGAREÑAS CON SALVADO, una opción deliciosa y saludable que está en tendencia. Presentadas en un formato de 30 bolsas de 200g, son perfectas para cualquier momento del día. Su combinación de sabor y beneficios nutricionales las convierte en un snack ideal para toda la familia. Colocarlas en tu mostrador garantiza una alta rotación y atractivo para el público que busca opciones saludables. ¡Aumenta tu margen y conquista a tus clientes con este producto!",0.0183,0
13709,COFLER BLOCK BLANCO 8x20x38G,https://arcorencasa.com/wp-content/uploads/2024/10/20241008-13709-300x300.webp,"Descubre la deliciosa combinación de sabor y textura con el COFLER BLOCK BLANCO, un dulce que encanta a todos. Presentado en un práctico formato de 8 cajas de 20 unidades de 38 g cada una, es ideal para exhibir en tu mostrador. Este producto no solo atrae a los amantes del chocolate, sino que también garantiza una alta rotación gracias a su compra por impulso. Aumenta tus márgenes y satisface a un amplio público objetivo con este irresistible snack. ¡No te quedes sin él!",0.0181,0
14369,"GALLETAS COFLER BAÑADAS 16X132,8G",https://arcorencasa.com/wp-content/uploads/2024/10/20241009-14369-300x300.webp,"Descubre el irresistible sabor de las Galletas Cofler Bañadas, una delicia que cautiva a todos. Cada paquete de 16 unidades de 132,8g ofrece la combinación perfecta de galleta crujiente y un exquisito baño de chocolate, ideal para cualquier ocasión. Con su formato atractivo, es un producto que invita a la compra por impulso. Además, su alto margen de rentabilidad y su atractivo para un amplio público, desde niños hasta adultos, aseguran una rotación rápida en tu negocio. ¡Haz que tus clientes se deleiten!",0.0173,0
13136,ATUN LC NATURAL 24X170G,https://arcorencasa.com/wp-content/uploads/2026/01/20260122-13136-300x300.webp,"Descubre el irresistible sabor del Atún LC Natural, una opción saludable que encanta a todos. Presentado en un formato práctico de 24 latas de 170g, es ideal para tu kiosco o almacén. Este producto no solo es versátil para ensaladas y sándwiches, sino que también atrae a un amplio público que busca calidad y conveniencia. Su alta demanda garantiza una rotación rápida, brindándote rentabilidad y margen atractivo. ¡No dejes pasar la oportunidad de tenerlo en tu mostrador!",0.0171,0
13625,SALVADO BAGLEY 36X169G,https://arcorencasa.com/wp-content/uploads/2025/12/20251215-13625-300x300.webp,"¡Descubre el sabor y la calidad del Salvado Bagley! Este delicioso snack, con su crujiente textura y sabor inconfundible, es la opción perfecta para quienes buscan una alternativa saludable y deliciosa. Presentado en un formato práctico de 36 paquetes de 169g, ideal para exhibiciones llamativas en tu negocio. Su atractivo para el público que busca snacks saludables garantizan una alta rotación y margen de ganancia. ¡No dejes pasar la oportunidad de aumentar tus ventas con este favorito de todos!",0.0159,0
10130,MENTHO PLUS STRONG 12X12X29.4G,https://arcorencasa.com/wp-content/uploads/2024/10/20241010-10130-300x300.webp,"Descubre la frescura intensa de MENTHO PLUS STRONG, el caramelo que conquista con su sabor mentolado y refrescante. Cada caja contiene 12 displays de 12 unidades de 29.4g, ideal para exhibir en tu kiosco. Su atractivo packaging y sabor único lo convierten en la opción perfecta para compras por impulso, garantizando una rápida rotación. Atrae a un público diverso, desde jóvenes hasta adultos, y disfruta de un margen de ganancia atractivo. ¡No dejes pasar esta oportunidad para incrementar tus ventas!",0.0154,0
13449,SALSA ARCOR PORTUGUESA 24X340G,https://arcorencasa.com/wp-content/uploads/2024/10/20241008-13449-300x300.webp,"Descubre la irresistible Salsa Arcor Portuguesa, el complemento perfecto que transformará cualquier plato en una experiencia culinaria única. Presentada en un formato de 24 frascos de 340g, esta salsa se convierte en un imprescindible para tu negocio. Su sabor auténtico atrae a todos los amantes de la cocina, haciendo que las ventas se disparen. Con un alto margen de ganancia y una excelente rotación, ¡es el producto ideal para el mostrador! Atrae a tus clientes y potencia tus ingresos.",0.0151,0
12927,PURE TOMATE ARCOR 24X210G,https://arcorencasa.com/wp-content/uploads/2024/10/20241008-12927-300x300.webp,"Descubre el auténtico sabor del tomate con el Pure Tomate Arcor, el aliado perfecto para tus recetas. Este formato de 24 frascos de 210g es ideal para tu almacén o kiosco, asegurando que tus clientes siempre tengan a mano un producto de calidad. Su atractiva presentación y versatilidad lo convierten en una compra por impulso irresistible. Con un excelente margen de ganancia y un público que busca conveniencia, el Pure Tomate Arcor es una opción que asegura rotación y satisfacción en cada venta.",0.015,0
13546,MAYONESA BC 12X250CC,https://arcorencasa.com/wp-content/uploads/2026/01/20260122-13546-300x300.webp,"Descubre la deliciosa Mayonesa BC, el aliado perfecto para realzar el sabor de tus platillos. Presentada en un formato práctico de 12 frascos de 250cc, esta mayonesa es ideal para el consumo diario. Su cremosidad y sabor inconfundible la convierten en la elección favorita de los amantes de la cocina. Al tenerla en tu mostrador, aprovecharás la compra por impulso, garantizando un excelente margen de ganancia y atrayendo a un amplio público que busca calidad y sabor en cada bocado.",0.015,0
14323,CHOCOLINAS 25X250G,https://arcorencasa.com/wp-content/uploads/2024/10/20241009-14323-300x300.webp,"Descubre el irresistible sabor de las CHOCOLINAS, el snack de galleta que conquista a grandes y chicos. Presentadas en un práctico formato de 25 paquetes de 250g, son perfectas para ofrecer en tu kiosco o almacén. Su combinación de chocolate y galleta las convierte en un producto ideal para compras por impulso, garantizando una rotación rápida. Con un margen atractivo, atraerás a un público fiel que busca un antojo delicioso en cualquier momento. ¡No dejes pasar esta oportunidad!",0.0149,0
9808,CHOCLO ARCOR CREMOSO 24x300G,https://arcorencasa.com/wp-content/uploads/2024/10/20241008-9808-300x300.webp,"Descubre la irresistible suavidad del Choclo Arcor Cremoso, un sabor que conquista a todos. Este formato de 24 presentaciones de 300g es perfecto para exhibir en tu kiosco o almacén. Su versatilidad lo convierte en el complemento ideal para ensaladas, guisos o como un snack delicioso. Además, su alto margen de ganancia y su atractivo para el público buscan la compra por impulso. ¡Aprovecha esta oportunidad y eleva la rotación de tu negocio con Choclo Arcor!",0.0148,0
10350,COFLER ALMENDRAS 12x10x55G,https://arcorencasa.com/wp-content/uploads/2025/05/20250506-10350-300x300.webp,"¡Descubre el irresistible sabor de COFLER ALMENDRAS! Con su combinación perfecta de chocolate y almendras, este snack se posiciona como una delicia que no se puede resistir. Presentado en un práctico formato de 12 cajas de 10 unidades de 55g, es ideal para exhibir en tu kiosco o almacén. Su atractivo como compra por impulso garantiza una alta rotación, ofreciendo un excelente margen de ganancia. Atrae a los amantes de los snacks saludables y dulce en tu negocio. ¡No te quedes sin ellos!",0.0144,0
12921,AIREADO COFLER RELLENO BONOBON 8X20X30G,https://arcorencasa.com/wp-content/uploads/2024/10/20241008-12921-300x300.webp,"¡Descubre el irresistible AIREADO COFLER RELLENO BONOBON! Este delicioso dulce combina el crujiente de la galleta con el sabor único del chocolate relleno, perfecto para satisfacer cualquier antojo. Presentado en un conveniente formato de 8 bolsas de 20 g cada una, es ideal para exhibir en tu kiosco o almacén. Su atractivo sabor y presentación lo convierten en una opción de compra por impulso, garantizando un alto margen de ganancia y rotación rápida entre los amantes del chocolate. ¡No te quedes sin él!",0.0144,0
10885,CARAMELO GAJITOS 12x485G,https://arcorencasa.com/wp-content/uploads/2025/12/20251215-10885-300x300.webp,"¡Descubre el inigualable sabor de los Caramelos Gajitos! Perfectos para satisfacer esos antojos dulces, estos caramelos son un éxito en cualquier mostrador. Presentados en un formato de 12 bolsas de 485g, son ideales para ofrecer a tus clientes una opción deliciosa y conveniente. Su atractivo precio y la tendencia hacia los productos de compra impulsiva garantizan un alto margen de ganancias. Atrae a un amplio público y aumenta la rotación en tu negocio con Gajitos, ¡la elección perfecta para tu kiosco o almacén!",0.0138,0
13574,GALLETA CEREAL MIX AVENA PASAS 25x207G,https://arcorencasa.com/wp-content/uploads/2024/10/20241009-13574-300x300.webp,"Descubre la deliciosa Galleta Cereal Mix Avena Pasas, un snack irresistible que combina el sabor auténtico de la avena con la dulzura de las pasas. Presentada en formatos de 25 paquetes de 207g, es perfecta para el consumo individual o en familia. Este producto es ideal para aumentar tus ventas, ya que su atractivo saludable y su sabor reconfortante fomentan la compra por impulso. Atrae a un público consciente de su alimentación y maximiza tu rentabilidad con un margen atractivo. ¡No dejes pasar la oportunidad de tenerlo en tu mostrador!",0.0131,0
13245,LENTEJAS ARCOR 24X300G,https://arcorencasa.com/wp-content/uploads/2024/10/20241008-13245-300x300.webp,"Descubre las Lentejas Arcor, el aliado perfecto para tus clientes que buscan calidad y sabor en cada plato. Presentadas en prácticos paquetes de 300g, cada caja contiene 24 unidades, ideal para optimizar el espacio en tu almacén. Su versatilidad y fácil preparación las convierten en un producto estrella en la compra por impulso, asegurando un excelente margen de ganancia. No dejes pasar la oportunidad de ofrecer a tu público objetivo una opción saludable y deliciosa que no puede faltar en su mesa.",0.0125,0
6900,TOPLINE MENTA 30X20X6.70G,https://arcorencasa.com/wp-content/uploads/2024/10/20241010-6900-300x300.webp,"¡Descubre la frescura inigualable de Topline Menta! Este delicioso chicle es la tendencia que tus clientes buscan para disfrutar de un sabor refrescante en cualquier momento. Presentado en una caja de 30 unidades de 20 chicles cada una (6.70g cada uno), es ideal para exhibir en tu mostrador. Su atractivo precio y su potencial de compra por impulso aseguran un excelente margen de ganancia. Atrae a un público joven y activo, ¡no dejes pasar la oportunidad de incrementar tus ventas!",0.0125,0
13318,SALSA ARCOR FILETTO 24X340G,https://arcorencasa.com/wp-content/uploads/2024/10/20241008-13318-300x300.webp,"Descubre la irresistible Salsa Arcor Filetto, el aliado perfecto para realzar el sabor de tus platillos. Con su exquisita mezcla de tomates frescos y especias, esta salsa es ideal para pastas, pizzas y más. Cada caja contiene 24 frascos de 340g, fácil de exhibir y vender. Atrae a tus clientes con esta opción versátil que impulsa la compra por impulso. Su excelente margen de ganancia y alta rotación la convierten en un producto imprescindible para tu negocio. ¡No te quedes sin ella!",0.0123,0
13977,MELITAS 32X159G,https://arcorencasa.com/wp-content/uploads/2025/03/20250327-13977-300x300.webp,"Descubre las MELITAS 32X159G, un delicioso snack que conquista a todos con su inconfundible sabor y textura crujiente. Este formato incluye 32 unidades de 159 gramos, ideales para exhibir en tu kiosco o almacén. Su atractivo packaging y versatilidad lo convierten en una opción irresistible para compras por impulso. Con un alto margen de ganancia y un público leal que busca calidad y sabor, ¡no dejes pasar la oportunidad de incrementar tus ventas con MELITAS en tu mostrador!",0.0119,0
13135,ATUN LC ACEITE 24X170G,https://arcorencasa.com/wp-content/uploads/2026/01/20260122-13135-300x300.webp,"Descubre el irresistible Atún LC en aceite, un clásico que no puede faltar en tu tienda. Presentado en un práctico formato de 24 latas de 170g, este atún de alta calidad es perfecto para aquellos que buscan sabor y conveniencia. Su versatilidad lo convierte en una opción ideal para ensaladas, sándwiches y más. Al tenerlo en tu mostrador, garantizas una compra por impulso con un excelente margen de ganancia, atrayendo a un público fiel y amante de la buena alimentación. ¡Impulsa tus ventas con Atún LC!",0.0118,0
2001,MOGUL TIBURON 12X12X30G,https://arcorencasa.com/wp-content/uploads/2024/10/20241010-2001-300x300.webp,"¡Descubre la deliciosa experiencia que ofrece MOGUL TIBURÓN! Con su irresistible sabor frutal y su divertida forma, este producto se ha convertido en un favorito entre los más pequeños. Presentado en un formato de 12 displays con 12 unidades de 30 g cada uno, es ideal para exhibir en tu kiosco. Su atractivo diseño y sabor único fomentan las compras por impulso, asegurando una alta rotación y un margen atractivo. ¡No dejes pasar la oportunidad de aumentar tus ventas!",0.0117,0
14325,COQUITAS 40X177G,https://arcorencasa.com/wp-content/uploads/2024/10/20241009-14325-300x300.webp,"Descubre las irresistibles COQUITAS, un snack que combina sabor y nostalgia en cada bocado. Presentadas en un atractivo formato de 40 paquetes de 177g, estas galletas son perfectas para compartir y disfrutar en cualquier momento. Su crujiente textura y delicioso sabor a coco conquistarán a tus clientes, generando compras por impulso en tu tienda. Con un excelente margen de ganancia y un público fiel, tener COQUITAS en tu mostrador es una apuesta segura para aumentar la rotación y tus ventas.",0.0113,0
6770,TORTITAS CHOCOLATES 24X125G,https://arcorencasa.com/wp-content/uploads/2024/10/20241009-6770-300x300.webp,"Descubre la irresistible tentación de las Tortitas Chocolates, un deleite que conquista a grandes y pequeños. Presentadas en un práctico formato de 24 unidades de 125g, estas delicias son perfectas para un snack o un postre. Su combinación de suave bizcocho y exquisito chocolate las convierte en la elección ideal para un consumo frecuente. Atrae a tus clientes con un producto que genera compra por impulso y asegura un excelente margen de ganancia. ¡No dejes que se queden sin ellas!",0.0108,0
14364,ALFAJOR COFLER MOUSSE 40X40G,https://arcorencasa.com/wp-content/uploads/2024/10/20241008-14364-300x300.webp,"Descubre el exquisito Alfajor Cofler Mousse, una deliciosa combinación de galletas suaves y un relleno cremoso que enamora a los amantes del chocolate. Presentado en un práctico formato de 40 unidades de 40 gramos, este producto es perfecto para exhibir en tu kiosco. Su irresistible sabor genera compras por impulso, lo que garantiza una alta rotación y un excelente margen de ganancia. Atrae a un público diverso y convierte cada venta en una oportunidad de negocio. ¡No te quedes sin él!",0.0106,0
11661,ALFAJOR TOFI NEGRO 36X46G,https://arcorencasa.com/wp-content/uploads/2024/10/20241008-11661-300x300.webp,"Descubre el irresistible Alfajor Tofi Negro, una delicia que combina la suavidad de su dulce relleno con el crujiente de su cobertura de chocolate, capturando la esencia de un sabor clásico que encanta a todos. Presentado en un formato práctico de 36 unidades de 46g, este alfajor es perfecto para exhibir en tu kiosco o almacén. Su atractivo para el público lo convierte en un imán de compras por impulso, asegurando un alto margen de rentabilidad y una rápida rotación en tus estantes. ¡No te quedes sin él!",0.0104,0
5671,TOMATE ARCOR CUBETEADO 2x12x400G,https://arcorencasa.com/wp-content/uploads/2024/10/20241008-5671-300x300.webp,"¡Descubre el sabor auténtico del tomate Arcor cubeteado! Ideal para brindar frescura en tus platillos, este producto es perfecto para los amantes de la cocina rápida y saludable. Presentado en un formato de 2 packs de 12 unidades de 400g, es fácil de almacenar y exhibir en tu tienda. Su atractivo para la compra por impulso y su excelente margen de rentabilidad lo convierten en un must-have para tus clientes. Aumenta tus ventas y ofrece calidad en cada bocado.",0.0099,0
10918,TOPLINE SEVEN SANDIA 36x16x14.7G,https://arcorencasa.com/wp-content/uploads/2024/10/20241010-10918-300x300.webp,"¡Descubre el refrescante sabor de TOPLINE SEVEN SANDIA! Este delicioso snack combina la esencia de la sandía con una textura crujiente que enamora a todos. Presentado en un formato práctico de 36 unidades de 16g, es perfecto para exhibir en tu kiosco o almacén. Su atractivo sabor y presentación llamativa garantizan una alta rotación, impulsando las compras por impulso. Además, su margen de ganancia atractivo lo convierte en una opción ideal para captar a un público joven y activo. ¡No dejes pasar esta oportunidad!",0.0098,0
13295,HOGAREÑAS CON SALVADO POR 3 10X3X200G,https://arcorencasa.com/wp-content/uploads/2025/12/20251215-13295-300x300.webp,"Descubre HOGAREÑAS CON SALVADO, el snack que combina sabor y salud en cada bocado. Con un formato práctico de 10 paquetes de 200g, este producto es ideal para quienes buscan una opción deliciosa y nutritiva. Su contenido de salvado no solo aporta fibra, sino que también se alinea con las tendencias de consumo consciente. Coloca HOGAREÑAS en tu mostrador y aprovecha su alta rotación; su atractivo para el público que busca snacks saludables garantiza compras por impulso y un excelente margen de ganancia.",0.0097,0
14091,CEREAL MIX SNACK ORIGINAL 36X100G,https://arcorencasa.com/wp-content/uploads/2024/10/20241009-14091-300x300.webp,"¡Descubre la explosión de sabor con el Cereal Mix Snack Original! Este delicioso snack combina lo mejor de los cereales para ofrecer un picoteo irresistible, perfecto para cualquier momento del día. Presentado en un formato práctico de 36 bolsas de 100g, es ideal para exhibir y atraer a los clientes en tu tienda. Su atractivo para el público joven y adultos, sumado a su margen de ganancia atractivo, garantiza una rotación rápida y compras por impulso en tu mostrador. ¡No te quedes sin él!",0.0094,0
10425,TOPLINE SEVEN VIOLET 36X16X14G,https://arcorencasa.com/wp-content/uploads/2024/10/20241010-10425-300x300.webp,"Descubre TOPLINE SEVEN VIOLET, el snack que encanta a todos con su irresistible sabor y atractiva presentación. Cada caja contiene 36 unidades de 16g, perfectas para exhibir en tu kiosco o almacén. Su formato ideal fomenta la compra por impulso, atrayendo a un público joven y dinámico que busca alternativas deliciosas. Con un excelente margen de ganancia, este producto se convertirá en un éxito en tus ventas, garantizando rotación rápida y satisfacción para tus clientes. ¡No te quedes sin él!",0.0093,0
13023,MOGUL OSO EXTREME 12X10X50G,https://arcorencasa.com/wp-content/uploads/2024/10/20241010-13023-300x300.webp,"¡Descubre el irresistible sabor de MOGUL OSO EXTREME! Estos deliciosos gomitas en forma de oso son la tendencia que tus clientes no podrán resistir. Presentados en un formato de 12 displays de 10 unidades de 50g cada uno, son ideales para exhibir en tu kiosco o almacén. Con un alto margen de ganancia y un atractivo irresistible, fomentan la compra por impulso, capturando la atención de niños y adultos. ¡Aumenta tu rotación y satisfacción del cliente con MOGUL OSO EXTREME!",0.0086,0
13791,MANA CHOCOLATADA 36X136G,https://arcorencasa.com/wp-content/uploads/2024/10/20241009-13791-300x300.webp,"¡Descubre el sabor irresistible de MANA Chocolatada! Este delicioso producto, en un práctico formato de 36 unidades de 136g, es perfecto para satisfacer antojos y atraer a tus clientes. Su sabor único y cremoso lo convierte en un favorito entre niños y adultos, ideal para cualquier momento del día. Al tenerlo en tu mostrador, fomentarás compras por impulso y disfrutarás de un excelente margen de ganancia. ¡Aprovecha la tendencia de los snacks dulces y aumenta tu rotación!",0.0085,0
14125,SALADIX FUEGO ESTUCHE 4X6X100G,https://arcorencasa.com/wp-content/uploads/2024/10/20241009-14125-300x300.webp,"¡Descubre el irresistible sabor de Saladix Fuego! Este snack picante de maíz es perfecto para aquellos que buscan un toque audaz en cada bocado. Presentado en un estuche de 4 unidades de 100g, es ideal para el surtido en tu kiosco o almacén. Su atractivo formato y delicioso sabor lo convierten en la opción perfecta para compras por impulso. Atrae a los amantes del picante y maximiza tu margen de ganancia con un producto que garantiza rotación constante. ¡No te lo pierdas!",0.0085,0
12385,CHUPUTIN EXTREME DUO 12x24x18G,https://arcorencasa.com/wp-content/uploads/2024/10/20241010-12385-300x300.webp,"¡Descubre el irresistible sabor de CHUPUTIN EXTREME DUO! Esta delicia de 18g ofrece una explosión de sabores que encantará a niños y adultos por igual. Presentado en un formato de 12 displays de 24 unidades, es ideal para maximizar tu espacio de venta. Su atractivo diseño y variedad de sabores aseguran una alta rotación y fomentan la compra por impulso. No dejes pasar la oportunidad de atraer a más clientes y aumentar tu margen con este producto de tendencia. ¡Aumenta tus ventas hoy!",0.0081,0
13606,HOGAREÑAS 7 SEMILLAS 36X189G,https://arcorencasa.com/wp-content/uploads/2024/10/20241009-13606-300x300.webp,"¡Descubre el sabor irresistible de HOGAREÑAS 7 SEMILLAS! Con una mezcla única de semillas que aportan un crunch delicioso, este snack es ideal para los amantes de lo saludable. Presentado en un formato de 36 unidades de 189g, perfecto para exhibir en tu kiosco o almacén. Su atractivo para la compra por impulso, junto con un margen de ganancia atractivo, lo convierte en un must-have para atraer a un público consciente de su alimentación. ¡No te quedes sin ellas!",0.0081,0
11646,MOGUL EXTREME ROLLO 12X12X35G,https://arcorencasa.com/wp-content/uploads/2024/10/20241010-11646-300x300.webp,"¡Descubre MOGUL EXTREME ROLLO! Un delicioso snack que combina sabor y diversión en cada bocado, perfecto para satisfacer los antojos de tus clientes. Este atractivo formato incluye 12 displays de 12 unidades de 35g, ideal para exhibir en tu kiosco o almacén. Su diseño llamativo y su irresistible sabor lo convierten en un producto de compra por impulso, garantizando márgenes atractivos. Atrae a un público joven y dinámico que busca experiencias únicas. ¡No dejes pasar la oportunidad de incrementar tus ventas!",0.008,0
13751,MOGUL DIENTES 12X10X50G,https://arcorencasa.com/wp-content/uploads/2024/10/20241010-13751-300x300.webp,"¡Descubre MOGUL DIENTES, el snack que encanta a grandes y chicos! Con su sabor irresistible y su presentación divertida, se ha convertido en la elección favorita de los consumidores. Este producto viene en un práctico formato de 12 displays de 10 unidades de 50g, ideal para exhibir en tu kiosco o almacén. Su atractivo diseño y sabor único fomentan la compra por impulso, asegurando una alta rotación y un excelente margen de ganancia. ¡Aprovecha esta oportunidad y sorprende a tus clientes!",0.008,0
3274,ROCKLETS LENT 12X18X40G,https://arcorencasa.com/wp-content/uploads/2024/10/20241008-3274-300x300.webp,"¡Descubre la explosión de sabor con ROCKLETS LENT! Estas irresistibles bolitas de chocolate están diseñadas para cautivar a todos, desde niños hasta adultos, convirtiéndolas en el snack perfecto para cualquier ocasión. Presentamos un formato de 12 displays, cada uno con 18 unidades de 40g, ideal para exhibir en tu mostrador. Su atractivo y frescura garantizan una rápida rotación y un margen atractivo, impulsando las compras por impulso. ¡Haz de ROCKLETS LENT tu aliado para aumentar las ventas en tu negocio!",0.0078,0
13239,ARVEJAS ARCOR SECAS 24x300G,https://arcorencasa.com/wp-content/uploads/2024/10/20241008-13239-300x300.webp,"¡Descubre el delicioso sabor y la calidad superior de las Arvejas Arcor Secas! Perfectas para enriquecer tus platillos y satisfacer a tus clientes, este formato de 24 paquetes de 300g cada uno es ideal para el consumo diario. Con un excelente margen de ganancia, estas arvejas son perfectas para la compra por impulso, atrayendo a un público que busca opciones saludables y prácticas. ¡No dejes pasar la oportunidad de incluirlas en tu mostrador y aumentar tus ventas!",0.0077,0
10606,BEBIDA BC MULTIFRUTA 24x200ML,https://arcorencasa.com/wp-content/uploads/2024/10/20241008-10606-300x300.webp,"¡Descubre la explosión de sabor que trae la Bebida BC Multifruta! Con su mezcla irresistible de frutas, es perfecta para aquellos que buscan refrescarse en cualquier momento. Presentada en un práctico formato de 24 botellas de 200 ml, es ideal para exhibir en tu kiosco o almacén. Su atractivo precio y sabor único garantizan una alta rotación y compra por impulso. Atrae a un público diverso y maximiza tu margen de ganancias con esta bebida que todos querrán probar. ¡No dejes pasar esta oportunidad!",0.0076,0
14378,GALLETAS COFLER RELLENAS CHOCOLATE 27X85G,https://arcorencasa.com/wp-content/uploads/2024/10/20241009-14378-300x300.webp,"Descubre las irresistibles Galletas Cofler Rellenas Chocolate, el snack que hará que tus clientes regresen por más. Cada caja incluye 27 packs de 85g, ideales para exhibir en tu mostrador y atraer la atención de los amantes del chocolate. Su sabor suave y cremoso se convierte en la opción perfecta para una compra por impulso, asegurando un excelente margen de ganancia. ¡Aprovecha esta tendencia y haz que tus ventas suban al ofrecer un producto que enamora a grandes y chicos!",0.0076,0
14775,SNACK SALADIX EXTRA PICANTE 20X60G,https://arcorencasa.com/wp-content/uploads/2025/02/20250424-14775-300x300.webp,"¡Descubre el explosivo sabor de Snack Saladix Extra Picante! Este delicioso snack no solo es irresistible, sino que también está en tendencia entre los amantes de lo picante. Presentado en un práctico formato de 20 bolsas de 60g, es ideal para exhibir en tu kiosco. Su atractivo sabor y textura crujiente lo convierten en la opción perfecta para compras por impulso. Maximiza tu rentabilidad ofreciendo un producto que cautivará a tus clientes y mantendrá la rotación constante en tu negocio.",0.0076,0
1009,ROCKLETS CHICO 12X24X20G,https://arcorencasa.com/wp-content/uploads/2024/10/20241008-1009-300x300.webp,"¡Descubre la explosión de sabor de ROCKLETS CHICO! Estas pequeñas bolitas de chocolate son perfectas para los amantes de los snacks irresistibles. Presentadas en un formato de 12 displays de 24 unidades de 20g cada uno, son ideales para exhibir en tu kiosco o almacén. Su atractivo visual y delicioso sabor fomentan la compra por impulso, garantizando una rápida rotación y un excelente margen de ganancia. ¡Atrae a tus clientes con ROCKLETS y maximiza tus ventas hoy!",0.0072,0
12404,GRAFFITI BLANCO 16X12X45G,https://arcorencasa.com/wp-content/uploads/2024/10/20241008-12404-300x300.webp,"Descubre GRAFFITI BLANCO, el snack que está marcando tendencia con su sabor irresistible y su presentación innovadora. Este formato incluye 16 sobres de 12 unidades de 45g, ideal para exhibir y atraer a tus clientes. Su combinación de textura crujiente y un toque de sabor lo convierte en el complemento perfecto para cualquier ocasión. Además, su atractivo diseño y tamaño lo hacen perfecto para compras por impulso. Aumenta tu margen de ganancias y la rotación en tu tienda con GRAFFITI BLANCO. ¡No te quedes sin él!",0.0072,0
13784,MANA AGRUPADA VAINILLA POR 3 12X408G,https://arcorencasa.com/wp-content/uploads/2025/12/20251215-13784-300x300.webp,"¡Descubre el irresistible sabor de MANA Agrupada Vainilla! Este delicioso producto es perfecto para quienes buscan un momento dulce en su día. Presentado en un formato de 12 displays de 3 paquetes de 408g cada uno, es ideal para exhibir en tu kiosco o almacén. Su atractivo sabor y presentación llamativa fomentan la compra por impulso, asegurando un excelente margen de ganancia. Atrae a un amplio público objetivo que busca calidad y sabor en cada bocado. ¡No te quedes sin él!",0.0068,0
9509,OPERA SIMPLE POR 4  14X220G,https://arcorencasa.com/wp-content/uploads/2024/10/20241009-9509-300x300.webp,"¡Descubre el placer de OPERA SIMPLE! Con su inconfundible sabor a chocolate y su textura suave, este delicioso postre es el aliado perfecto para satisfacer antojos. Presentado en un formato de 14 paquetes de 220g, cada porción es ideal para compartir o disfrutar solo. Su atractivo precio y demanda constante lo convierten en una compra por impulso que garantiza una rápida rotación en tu kiosco. Atrae a clientes de todas las edades y maximiza tus márgenes con OPERA SIMPLE. ¡No te quedes sin él!",0.0066,0
12334,TOPLINE SEVEN MENTHOL 36X16X14G,https://arcorencasa.com/wp-content/uploads/2024/10/20241010-12334-300x300.webp,"¡Descubre la frescura intensa de TOPLINE SEVEN MENTHOL! Este atractivo producto de 14g es ideal para quienes buscan un sabor mentolado refrescante y envolvente. Presentado en un formato práctico de 36 cajas de 16 unidades, es perfecto para exhibir en tu kiosco o almacén. Su alta demanda asegura una rotación rápida, impulsando las compras por impulso y maximizando tu margen de ganancia. Atrae a los amantes del mentol y aumenta tus ventas con TOPLINE SEVEN. ¡No te quedes sin él!",0.0065,0
7048,SERRANAS SANDWICH 48X112G,https://arcorencasa.com/wp-content/uploads/2024/10/20241009-7048-300x300.webp,"¡Descubre el sabor irresistible de Serranitas Sandwich! Este delicioso snack, ideal para cualquier momento del día, combina la tradición con la modernidad en un formato práctico. Cada caja contiene 48 unidades de 112g, perfectas para exhibir en tu mostrador. Su atractivo diseño y sabor inigualable fomentan la compra por impulso, garantizando una alta rotación. Además, su margen de ganancia es excelente, atrayendo a un público amplio que busca calidad y sabor en cada bocado. ¡Haz que tus clientes lo prueben!",0.0063,0
13247,GARBANZOS ARCOR 24X300G,https://arcorencasa.com/wp-content/uploads/2024/10/20241008-13247-300x300.webp,"Descubre la calidad y el sabor inconfundible de los Garbanzos Arcor, un producto que se destaca en el mercado por su frescura y versatilidad en la cocina. Presentados en un atractivo formato de 24 latas de 300g, son ideales para que tus clientes disfruten de una alimentación saludable y deliciosa. Su alta rotación y la creciente demanda de productos saludables garantizan un excelente margen de ganancia. Atrae a un público consciente y amante de la cocina práctica con esta opción irresistible en tu mostrador.",0.0061,0
6906,TOPLINE STRONG 30X20X6.70G,https://arcorencasa.com/wp-content/uploads/2024/10/20241010-6906-300x300.webp,"Descubre la energía explosiva de TOPLINE STRONG, la bebida que está revolucionando el mercado. Con su formato práctico de 30 unidades de 20 ml, cada lata es una dosis perfecta de vitalidad. Su atractivo diseño y sabor único la convierten en un imán de compra por impulso, ideal para jóvenes y adultos activos. Además, su alta rotación garantiza un excelente margen de ganancia. No dejes pasar la oportunidad de ofrecer a tus clientes la energía que buscan en tu kiosco o almacén.",0.0061,0
4680,MENTHO PLUS SIN AZUCAR CHERRY 12X12X26.6G,https://arcorencasa.com/wp-content/uploads/2024/10/20241010-4680-300x300.webp,"Descubre la frescura irresistible de Mentho Plus Sin Azúcar Cherry, el caramelo que combina un sabor afrutado y refrescante sin remordimientos. Presentado en un formato práctico de 12 displays con 12 unidades de 26.6g cada uno, es perfecto para exhibir en tu kiosco. Este producto es ideal para la compra por impulso, atrayendo a un público que busca opciones más saludables. Aumenta tu margen de ganancia y asegura una rápida rotación en tu mostrador. ¡No te quedes sin él!",0.006,0
10132,MENTHO PLUS MENTA 12X12X29.4G,https://arcorencasa.com/wp-content/uploads/2024/10/20241010-10132-300x300.webp,"¡Descubre MENTHO PLUS MENTA, el refrescante aliado que tus clientes no podrán resistir! Con su irresistible sabor a menta, este producto se ha convertido en un favorito en el mercado. Presentado en un conveniente formato de 12 displays de 12 unidades de 29.4g cada uno, es perfecto para exhibir en tu mostrador. Su atractivo sabor genera compras por impulso, asegurando un alto margen de ganancia y rápida rotación. ¡No dejes pasar la oportunidad de incrementar tus ventas con MENTHO PLUS!",0.0058,0
241,TOMATE LC PERITA PELADO 24X400G,https://arcorencasa.com/wp-content/uploads/2024/10/20241008-00241-300x300.webp,"Descubre el irresistible sabor del Tomate LC Perita Pelado, ideal para tus recetas más queridas. Presentado en un formato de 24 latas de 400g, este producto es perfecto para el almacenamiento en tu negocio. Su versatilidad atrae tanto a chefs como a amas de casa, garantizando un alto índice de compra por impulso. Con un excelente margen de ganancia, ¡no dejes pasar la oportunidad de tenerlo en tu mostrador y satisfacer a tus clientes!",0.0057,0
13222,MERMELADA DIET ARCOR DURAZNO 12X390G,https://arcorencasa.com/wp-content/uploads/2024/10/20230718-13222-300x300.webp,"Descubre el delicioso sabor de la Mermelada Diet Arcor Durazno, una opción irresistible que encanta a quienes buscan disfrutar sin culpas. Presentada en un formato práctico de 12 frascos de 390g, es ideal para mantener en tu kiosco o almacén. Su bajo contenido calórico la convierte en la elección perfecta para el público que cuida su figura, garantizando alta rotación. Atrae a los clientes por impulso y ofrece un margen atractivo. ¡Haz que la dulzura de Arcor forme parte de tu oferta!",0.0054,0
13187,CACAO ARCOA 32X180G,https://arcorencasa.com/wp-content/uploads/2024/10/20231008-13187-300x300.webp,"Descubre el irresistible sabor del Cacao Arcoa, un producto que se ha convertido en la tendencia favorita de los amantes del chocolate. Presentado en un formato conveniente de 32 unidades de 180g, es ideal para exhibir en tu kiosco o almacén. Su atractivo empaque y delicioso sabor lo convierten en una opción perfecta para compras por impulso. Ofrece un excelente margen de ganancia y atrae a un público variado, asegurando una rápida rotación y satisfacción garantizada. ¡Impulsa tus ventas con Cacao Arcoa!",0.0053,0
14093,GALLETA CEREAL MIX FRUTILLA 36X150G,https://arcorencasa.com/wp-content/uploads/2024/10/20241009-14093-300x300.webp,"Descubre el irresistible sabor de la Galleta Cereal Mix Frutilla, la opción perfecta para quienes buscan un snack delicioso y nutritivo. Presentada en un práctico formato de 36 paquetes de 150 g, es ideal para exhibir en tu tienda. Su combinación de cereales y frutilla atrae tanto a niños como a adultos, convirtiéndola en una compra por impulso irresistible. Maximiza tu rentabilidad con un alto margen de ganancia y asegura una rotación rápida en el mostrador. ¡No te quedes sin ellas!",0.0053,0
14167,MOGUL LENGUAS MAX TUTTI FRUTTI 6X24X15G,https://arcorencasa.com/wp-content/uploads/2024/10/20241010-14167-300x300.webp,"¡Descubre la explosión de sabor con MOGUL LENGUAS MAX TUTTI FRUTTI! Estas deliciosas golosinas de 15g son un deleite que atrae a los más pequeños y despierta la nostalgia en los adultos. Presentadas en un formato de 6 cajas de 24 unidades, son perfectas para llenar tu kiosco o almacén. Su atractivo colorido y sabor irresistible fomentan la compra por impulso. Con un margen rentable, asegúrate de tenerlas siempre en tu mostrador para captar a todos los amantes de lo dulce. ¡No te quedes sin ellas!",0.0053,0
13017,COFLER BLOCK 64X170G,https://arcorencasa.com/wp-content/uploads/2024/10/20241008-13017-300x300.webp,"¡Descubre el irresistible COFLER BLOCK! Con su exquisito sabor y textura suave, este chocolate se ha convertido en un favorito instantáneo entre los golosos. Presentado en un práctico formato de 64 unidades de 170g, es perfecto para exhibir en tu kiosco o almacén. Su atractivo precio y alta demanda aseguran un excelente margen de ganancia, impulsando las compras por impulso. No dejes pasar la oportunidad de deleitar a tus clientes y aumentar tus ventas con este delicioso producto.",0.005,0
13545,MAYONESA BC 12X500CC,https://arcorencasa.com/wp-content/uploads/2026/01/20260122-13545-300x300.webp,"¡Descubre la deliciosa Mayonesa BC! Con su sabor cremoso y suave, es el complemento perfecto para ensaladas, sándwiches y más, convirtiéndose en un imprescindible en la cocina. Este formato incluye 12 botellas de 500cc, ideal para mantener siempre a mano este clásico de la gastronomía. Con una alta rotación y un atractivo precio, es el producto ideal para tus clientes que buscan calidad. Atrae el consumo por impulso y asegura un margen atractivo en tu negocio. ¡No te quedes sin ella!",0.005,0
11835,CARAMELO MENTA FRESH CRISTAL 12X405G,https://arcorencasa.com/wp-content/uploads/2024/10/20241010-11835-300x300.webp,"Descubre el delicioso Caramelo Menta Fresh Cristal, el sabor que refresca y sorprende. Perfecto para quienes buscan un dulce que combine frescura y suavidad en cada bocado. Presentado en un formato de 12 paquetes de 405g, es ideal para exhibir en tu kiosco o almacén. Con un atractivo irresistible y un alto margen de ganancia, este caramelo es perfecto para compras por impulso, atrayendo tanto a jóvenes como a adultos. ¡Impulsa tus ventas con Menta Fresh!",0.0049,0
13450,SALSA ARCOR ITALIANA 24X340G,https://arcorencasa.com/wp-content/uploads/2026/01/20230718-13450-300x300.webp,"Descubre la auténtica experiencia italiana con la Salsa Arcor, un sabor que conquista paladares. Presentada en un práctico formato de 24 frascos de 340g, es perfecta para el uso diario en restaurantes y hogares. Su versatilidad la convierte en la elección ideal para acompañar pastas, pizzas y carnes, atrayendo a un amplio público. Además, su excelente margen de ganancia y su alto potencial de compra por impulso aseguran que este producto no puede faltar en tu mostrador. ¡Aprovecha y aumente tus ventas!",0.0049,0
11013,OBLEA BONOBON LECHE XL 8X16X45G,https://arcorencasa.com/wp-content/uploads/2024/10/20241008-11013-300x300.webp,"¡Descubre el irresistible sabor de la Oblea Bonobón Leche XL! Con su deliciosa combinación de oblea crujiente y suave relleno de leche, este producto se convertirá en el favorito de tus clientes. Presentado en un formato de 8 unidades de 16g cada una, es perfecto para exhibir en tu kiosco. Su atractivo sabor y presentación lo hacen ideal para compras por impulso, asegurando alta rotación y un excelente margen de ganancia. ¡No te quedes sin ofrecerlo!",0.004799999999999999579503029423221960314549505710601806640625,0
14884,ALFAJOR BONOBON TRIPLE 21X60G,https://arcorencasa.com/wp-content/uploads/2025/01/20250107-14884-300x300.webp,"Descubre el irresistible Alfajor Bonobón Triple, una explosión de sabor que encanta a grandes y chicos. Cada paquete incluye 21 unidades de 60g, perfectas para satisfacer antojos. Su combinación de suave relleno de dulce de leche y cobertura de chocolate lo convierte en una opción ideal para el consumo diario. Este producto es un imán de compra impulsiva en tu mostrador, garantizando un alto margen de ganancia y atrayendo a un público fiel que busca calidad y placer en cada bocado. ¡No te quedes sin él!",0.0046,0
15141,OBLEA COFLER CHOCOLINA MAX 8X16X60G,https://arcorencasa.com/wp-content/uploads/2025/07/20250627-15141-300x300.webp,"Descubre la irresistible Oblea Cofler Chocolina Max, un deleite que combina la suave textura de la oblea con un delicioso relleno de chocolate. Presentada en un formato ideal de 8 packs de 16 unidades de 60g, es perfecta para maximizar tu inventario. Este producto es ideal para compras por impulso, atrayendo a un público amante del chocolate y los snacks. Con un alto margen de ganancia y rápida rotación, ¡no dejes pasar la oportunidad de aumentar tus ventas en el mostrador!",0.0045,0
13469,PASTA SPAGHETTI LC 20x500G,https://arcorencasa.com/wp-content/uploads/2024/10/20241008-13469-300x300.webp,"Descubre el auténtico sabor de Italia con la Pasta Spaghetti LC. Este formato de 20 paquetes de 500g es ideal para quienes buscan calidad y tradición en cada bocado. Perfecta para preparar deliciosos platillos, su presentación en exhibición facilita la venta. Al tenerla en tu mostrador, garantizas una alta rotación y atractivo para los amantes de la cocina, generando compras por impulso. ¡Aumenta tus márgenes y no dejes pasar la oportunidad de deleitar a tus clientes!",0.0043,0
13655,CONDIMENTO OREGANO 24X23G,https://arcorencasa.com/wp-content/uploads/2024/10/20241008-13655-300x300.webp,"Descubre el sabor auténtico y aromático del Condimento Orégano, la elección preferida de chefs y cocineros en casa. Presentado en un práctico formato de 24 frascos de 23g, es ideal para exhibir en tu kiosco o almacén. Este condimento no solo realza los platillos, sino que también impulsa las ventas por impulso, atrayendo a los amantes de la cocina. Con un excelente margen de ganancia, ¡no dejes pasar la oportunidad de ofrecerlo y potenciar tu rentabilidad!",0.0041,0
11810,MR POPS CHUPETIN SURTIDO POR 24 12X24X18G,https://arcorencasa.com/wp-content/uploads/2024/10/20241010-11810-300x300.webp,"¡Descubre el irresistible sabor de MR POPS Chupetín Surtido! Este delicioso surtido de chicles y caramelos es perfecto para atraer a los más pequeños y a los amantes del dulce. Presentado en un práctico formato de 12 displays, cada uno con 24 chupetines de 18g, se adapta a cualquier kiosco o almacén. Su atractivo diseño y variedad impulsan las compras por impulso, asegurando un alto margen de rentabilidad. ¡No dejes pasar la oportunidad de incrementar tus ventas y satisfacer a tus clientes!",0.004,0
14185,MOGUL JELLY BEANS 6X500G,https://arcorencasa.com/wp-content/uploads/2025/03/20250325-14185-300x300.webp,"¡Descubre los irresistibles MOGUL JELLY BEANS! Con su explosión de sabores frutales y colores vibrantes, son el dulce perfecto para cautivar a tus clientes. Este paquete incluye 6 displays de 500g, ideal para exhibir en tu kiosco o almacén. Su atractivo formato promueve la compra por impulso, garantizando una rápida rotación. Además, con un excelente margen de ganancia, atraerás a un público diverso que busca un snack divertido y delicioso. ¡Haz que tus ventas se disparen con MOGUL JELLY BEANS!",0.004,0
13609,HOGAREÑAS MIX CEREAL 36X185G,https://arcorencasa.com/wp-content/uploads/2024/10/20241009-13609-300x300.webp,"Descubre HOGAREÑAS MIX CEREAL, la deliciosa opción que combina sabor y nutrición en cada bocado. Presentado en un práctico formato de 36 unidades de 185g, es perfecto para atraer a tus clientes con una propuesta saludable y sabrosa. Su mezcla de cereales es ideal para el desayuno o como snack, garantizando una alta rotación en tu tienda. Con un excelente margen de ganancia y un fuerte potencial de compra por impulso, ¡no dejes pasar la oportunidad de tenerlas en tu mostrador!",0.0038,0
15214,CARAMELO RELLENOS MIEL 48X80G,https://arcorencasa.com/wp-content/uploads/2025/08/20250725-15214-300x300.webp,"¡Dulzura irresistible al alcance de tu mano! Los Caramelos Rellenos Miel son la combinación perfecta de sabor y suavidad que conquistará a tus clientes. Presentados en un práctico formato de 48 unidades de 80g, estos caramelos son ideales para ofrecer en tu kiosco o almacén. Su atractivo sabor a miel atrae tanto a niños como a adultos, garantizando una alta rotación. Además, su precio accesible asegura un excelente margen de ganancia. ¡No dejes pasar la oportunidad de aumentar tus ventas!",0.0038,0
14127,SNACK SALADIX STICKS FUEGO 20X80G,https://arcorencasa.com/wp-content/uploads/2026/01/20260107-14127-300x300.webp,"¡Descubre el sabor explosivo de los Snack Saladix Sticks Fuego! Estos deliciosos palitos crujientes, con un toque picante, son perfectos para quienes buscan un snack diferente y lleno de personalidad. Presentados en un práctico formato de 20 bolsas de 80g, son ideales para exhibir en tu kiosco o almacén. Su atractivo sabor genera compras por impulso, garantizando una alta rotación y un margen de ganancia atractivo. ¡No dejes pasar la oportunidad de enriquecer tu oferta y atraer a los amantes del picante!",0.0037,0
5044,BATATA VAINILLA ESTUCHE 12X500G,https://arcorencasa.com/wp-content/uploads/2024/10/20241008-5044-300x300.webp,"¡Descubre la dulzura irresistible de la Batata Vainilla! Este delicioso estuche de 12 paquetes de 500g cada uno es una tendencia que no puede faltar en tu negocio. Su sabor único y versatilidad culinaria atraen a un amplio público, ideal para quienes buscan un snack saludable o un acompañante perfecto. Además, su presentación facilita la exhibición y fomenta la compra por impulso. Con un excelente margen de ganancia, ¡no dejes pasar la oportunidad de aumentar tus ventas hoy mismo!",0.0037,0
6408,AGUILA TAZA BARRITA 24X24X14G,https://arcorencasa.com/wp-content/uploads/2024/10/20241008-6408-300x300.webp,"¡Descubre el irresistible sabor de la Águila Taza Barrita! Este delicioso snack de 14g es perfecto para quienes buscan un momento dulce en su día. Presentado en un formato conveniente de 24 unidades, ideal para exhibir en tu kiosco o almacén. Atrae a tus clientes con este producto que promueve la compra por impulso y ofrece un excelente margen de ganancia. No dejes pasar la oportunidad de aumentar tus ventas con un favorito del público. ¡Hazlo parte de tu oferta hoy!",0.0037,0
13121,MOGUL MORAS 12X10X50G,https://arcorencasa.com/wp-content/uploads/2024/10/20241010-13121-300x300.webp,"¡Descubre el irresistible sabor de MOGUL MORAS! Este delicioso snack en formato de 12 paquetes de 10 unidades de 50g cada uno, ofrece una explosión de frescura y dulzura que cautivará a tus clientes. Perfecto para compartir o disfrutar en cualquier momento, su atractivo diseño y sabor único lo convierten en una opción ideal para el mostrador. Además, su alta rotación y margen de ganancia garantizan que cada compra por impulso se traduzca en mayores ingresos. ¡Atrévete a incluir MOGUL MORAS en tu oferta y verás la diferencia!",0.0036,0
14352,RUMBA 12X3X110G,https://arcorencasa.com/wp-content/uploads/2024/10/20241009-14352-300x300.webp,"¡Descubre RUMBA, la explosión de sabor que todos están buscando! Con su irresistible combinación de galletas crujientes y un delicioso relleno, se ha convertido en la tendencia favorita entre los amantes de los snacks. Este formato de 12 displays de 3 unidades de 110g es perfecto para tu kiosco o almacén. Su atractivo packaging y su precio accesible lo hacen ideal para compras por impulso, garantizando un alto margen de ganancia y rotación constante entre jóvenes y adultos. ¡No dejes pasar esta oportunidad!",0.0036,0
10128,MENTHO PLUS MENTHOL 12X12X29.4G,https://arcorencasa.com/wp-content/uploads/2024/10/20241010-10128-300x300.webp,"Descubre MENTHO PLUS MENTHOL, el refrescante sabor que tus clientes no podrán resistir. Este formato de 12 displays de 12 unidades (29.4g cada uno) es ideal para maximizar tu espacio y facilitar la venta. Perfecto para quienes buscan un alivio instantáneo y una explosión de frescura en cada uso, atraerá a un amplio público, especialmente a los jóvenes. Con un alto margen de ganancia y su potencial de compra por impulso, MENTHO PLUS es un must en tu mostrador.",0.0035,0
12130,MERMELADA ARCOR SIN AZUCAR DURAZNO 12X390G,https://arcorencasa.com/wp-content/uploads/2024/10/20241008-12130-300x300.webp,"Descubre la deliciosa Mermelada Arcor Sin Azúcar de Durazno, el sabor natural que encanta a todos. Presentada en cómodos envases de 390g, esta caja incluye 12 unidades perfectas para exhibir en tu kiosco o almacén. Ideal para quienes buscan opciones saludables, esta mermelada no solo satisface el antojo, sino que también atrae a un público consciente de su alimentación. Incrementa tu rentabilidad y rotación con un producto que se vende solo, perfecto para compras por impulso. ¡Hazla parte de tu oferta hoy!",0.0035,0
12631,POLENTA PRESTOPRONTA ESPINACA Y CREMA 42X250G,https://arcorencasa.com/wp-content/uploads/2024/10/20241008-12631-300x300.webp,"Descubre la deliciosa Polenta Prestopronta Espinaca y Crema, un producto que combina sabor y comodidad en cada bocado. Presentada en un práctico formato de 42 unidades de 250g, es ideal para satisfacer los antojos de tus clientes. Este producto no solo es perfecto para una comida rápida, sino que también se destaca por su alta rotación, gracias a su atractivo en el mercado de comidas listas. Aumenta tus ventas con un artículo que invita a la compra por impulso y ofrece un excelente margen de ganancia. ¡No te lo pierdas!",0.0035,0
13857,CABALLA LC ACEITE Y AGUA 24X300G,https://arcorencasa.com/wp-content/uploads/2026/02/20260206-13857-1-300x300.webp,"Descubre el irresistible sabor de la Caballa LC en aceite y agua, un clásico que nunca pasa de moda. Presentado en un conveniente formato de 24 latas de 300g, este producto es ideal para tus clientes que buscan una opción nutritiva y deliciosa. Además, su fácil apertura y versatilidad lo convierten en un must-have en cualquier mesa. ¡Aprovecha su alta rotación y atractivo para la compra por impulso! Garantiza margen y satisfacción a tus clientes con cada lata.",0.0035,0
12131,MERMELADA ARCOR SIN AZUCAR FRUTILLA 12X390G,https://arcorencasa.com/wp-content/uploads/2024/10/20241008-12131-300x300.webp,"Descubre la deliciosa Mermelada Arcor Sin Azúcar de Frutilla, el sabor que tus clientes anhelan sin remordimientos. Presentada en una caja de 12 frascos de 390g, esta opción saludable es perfecta para quienes buscan disfrutar sin azúcar. Su irresistible sabor y textura la convierten en un must-have en cualquier kiosco o almacén, ideal para compras por impulso. Aumenta tu margen de ganancia ofreciendo un producto que atrae a un público consciente de su salud. ¡No dejes pasar esta oportunidad!",0.0034,0
13395,AREPA PRESTOPRONTA 12x1KG,https://arcorencasa.com/wp-content/uploads/2024/10/20241008-13395-300x300.webp,"Descubre la Arepa Prestopronta, el sabor auténtico de la tradición venezolana, lista para satisfacer a tus clientes en minutos. Presentada en un formato de 12 bolsas de 1 kg, es perfecta para tu negocio. Su versatilidad permite múltiples preparaciones que encantan a todos, desde el desayuno hasta la cena. Incluirla en tu mostrador garantiza una alta rotación y un excelente margen de ganancia, atrayendo a quienes buscan comodidad y calidad en un solo producto. ¡No dejes pasar esta oportunidad!",0.0034,0
13608,HOGAREÑAS SESAMO 36X167G,https://arcorencasa.com/wp-content/uploads/2024/10/20241009-13608-300x300.webp,"¡Descubre las deliciosas HOGAREÑAS SESAMO! Un snack crujiente que combina el sabor auténtico del sésamo con la tradición de un producto que encanta a grandes y chicos. Presentadas en un formato de 36 paquetes de 167g, son perfectas para el mostrador de tu kiosco. Su atractivo y sabor irresistible fomentan la compra por impulso, asegurando una rápida rotación. Además, su bajo costo te permite un excelente margen de ganancia. ¡No dejes pasar la oportunidad de ofrecer calidad y sabor a tus clientes!",0.0034,0
13656,CONDIMENTO PIMENTON 4X10X23G,https://arcorencasa.com/wp-content/uploads/2024/10/20241008-13656-300x300.webp,"Descubre el irresistible sabor del Condimento Pimentón, un clásico que realza cualquier platillo. Presentado en un práctico formato de 4 cajas de 10 unidades de 23g, es perfecto para exhibir en tu mostrador. Este condimento no solo es ideal para potenciar recetas, sino que su atractivo visual y aroma cautivador fomentan las compras por impulso. Con un excelente margen de ganancia, atraerás a un amplio público amante de la cocina, asegurando una rápida rotación en tu negocio. ¡No te quedes sin él!",0.0034,0
15213,CARAMELO RELLENOS FRUTALES 48X80G,https://arcorencasa.com/wp-content/uploads/2025/08/20250725-15213-300x300.webp,"¡Descubre la explosión de sabor de nuestros Caramelos Rellenos Frutales! Con una variedad irresistible de sabores frutales, estos caramelos son el dulce perfecto que cautivará a grandes y chicos. Presentados en un formato de 48 unidades de 80g, son ideales para mantener tu kiosco siempre surtido. Su atractivo packaging y sabor único fomentan la compra por impulso, asegurando un alto margen de ganancia y rápida rotación. ¡No dejes pasar la oportunidad de deleitar a tus clientes!",0.0034,0
12039,CELOFAN 50% CACAO 12x30X25G,https://arcorencasa.com/wp-content/uploads/2025/12/20251215-12039-300x300.webp,"Descubre CELOFAN 50% CACAO, el chocolate que enamora a tus clientes con su intenso sabor y calidad premium. Este atractivo formato incluye 12 displays de 30 unidades de 25g, ideales para exhibir en tu kiosco o almacén. Su alto contenido de cacao lo convierte en una opción irresistible para los amantes del chocolate, lo que asegura una rápida rotación. Aumenta tus ventas con este producto, perfecto para compras impulsivas y con un excelente margen de ganancia. ¡No te quedes sin él!",0.0032,0
13137,SURTIDO CHOCOLATE ARCOR 24X246G,https://arcorencasa.com/wp-content/uploads/2024/10/20241008-13137-300x300.webp,"Descubre el irresistible Surtido de Chocolate Arcor, una explosión de sabores que conquistará a tus clientes. Este atractivo formato de 24 paquetes de 246g cada uno es ideal para compartir y disfrutar en cualquier ocasión. Su variedad y calidad garantizan que siempre habrá algo para cada paladar, convirtiéndolo en un producto perfecto para la compra por impulso. Al tenerlo en tu mostrador, maximizarás tus márgenes y atraerás a un público fiel que regresará por más. ¡No dejes pasar esta oportunidad!",0.0032,0
10057,MENTHO PLUS SIN AZUCAR STRONG 12x12x26.6G,https://arcorencasa.com/wp-content/uploads/2024/10/20240611-10057-300x300.webp,"Descubre el frescor intenso de MENTHO PLUS SIN AZÚCAR STRONG, la opción perfecta para aquellos que buscan un aliento revitalizante sin comprometer su salud. Presentado en un formato de 12 displays, cada uno con 12 unidades de 26.6g, es ideal para exhibir en tu kiosco o almacén. Este producto no solo atrae a los amantes de lo saludable, sino que también impulsa las compras por impulso, asegurando un excelente margen de rentabilidad. ¡Haz que tus clientes disfruten del frescor y tú aprovecha su rotación!",0.0031,0
13310,TABLETA COFLER CHOCOLATE DULCE DE LECHE 8X20X38G,https://arcorencasa.com/wp-content/uploads/2024/10/20241008-13310-300x300.webp,"Descubre la irresistible Tableta Cofler Chocolate Dulce de Leche, un deleite que conquista paladares con su suave y cremoso relleno. Presentada en un formato de 8 cajas de 20 tabletas de 38g cada una, es perfecta para exhibir en tu kiosco. Este producto es ideal para compras por impulso, atrayendo tanto a niños como adultos, lo que garantiza un margen atractivo para tu negocio. No dejes pasar la oportunidad de aumentar tus ventas con este clásico que todos buscan. ¡Atrae a tus clientes ahora!",0.0031,0
5046,MEMBRILLO ARCOR ESTUCHE 12X500G,https://arcorencasa.com/wp-content/uploads/2024/10/20241008-5046-300x300.webp,"Descubre el irresistible sabor del Membrillo Arcor, un clásico que conquista paladares. Este estuche contiene 12 unidades de 500g, ideal para tus clientes que buscan calidad y tradición en cada bocado. Perfecto para acompañar quesos, tostadas o como un delicioso postre, es un producto que impulsa la compra por impulso. Su atractivo precio y excelente margen de ganancia lo convierten en una opción rentable para tu mostrador, asegurando rotación constante y satisfechos consumidores. ¡Hazlo parte de tu oferta!",0.0029,0
10302,KETCHUP LC PICANTE 24x250G,https://arcorencasa.com/wp-content/uploads/2026/01/20260122-10302-300x300.webp,"¡Descubre el sabor explosivo del Ketchup LC Picante! Perfecto para quienes buscan un toque atrevido en sus comidas, este ketchup premium combina calidad y un picante irresistible. Presentado en un práctico formato de 24 unidades de 250g, es ideal para el mostrador de tu negocio. Su atractivo sabor lo convierte en una compra por impulso, asegurando una rápida rotación. Además, su margen de ganancia lo hace rentable, atrayendo a un público amante de las salsas audaces. ¡No te quedes sin él!",0.0028,0
13220,MERMELADA ARCOR CIRUELA 12X454G,https://arcorencasa.com/wp-content/uploads/2024/10/20241008-13220-300x300.webp,"Descubre la deliciosa Mermelada Arcor Ciruela, un manjar que combina el auténtico sabor de la fruta con la calidad de una marca líder. Presentada en un práctico formato de 12 frascos de 454g, es ideal para exhibir en tu kiosco o almacén. Su atractivo sabor y versatilidad la convierten en una opción perfecta para untar o acompañar postres, garantizando compras por impulso. Atrae a un amplio público y maximiza tu margen de ganancias con este producto irresistible en tu mostrador.",0.0028,0
13748,MOGUL EXTREME ROCKS 12X10X45G,https://arcorencasa.com/wp-content/uploads/2024/10/20241010-13748-300x300.webp,"¡Descubre MOGUL EXTREME ROCKS, la explosión de sabor que está arrasando en el mercado! Con su mezcla única de sabores y su formato divertido, este producto atraerá a los amantes de los dulces y a los más jóvenes. Presentado en un atractivo display de 12 paquetes de 10 unidades de 45g cada uno, es perfecto para exhibir en tu tienda. Su alto potencial de compra por impulso y su excelente margen de ganancia lo convierten en un must-have para aumentar tus ventas. ¡No te quedes atrás y súmate a la tendencia!",0.0028,0
15143,OBLEA COFLER BLOCK MAX 8X16X60G,https://arcorencasa.com/wp-content/uploads/2025/07/20250627-15143-300x300.webp,"Descubre la irresistible Oblea Cofler Block Max, un deleite crujiente que conquista a todos con su sabor único y textura perfecta. Presentada en un formato ideal de 8 unidades de 60g, cada caja contiene 16 displays, facilitando su exhibición. Este producto es una excelente opción para el mostrador, favoreciendo la compra por impulso gracias a su popularidad entre niños y adultos. Con un alto margen de rentabilidad, ¡no dejes pasar la oportunidad de atraer a más clientes y aumentar tus ventas!",0.0028,0
11885,BUTTER TOFFEES BONOBON 6X822G,https://arcorencasa.com/wp-content/uploads/2024/10/20241010-11885-300x300.webp,"Descubre el irresistible sabor de los Butter Toffees Bonobón, una delicia que cautivará a tus clientes con su dulce textura y exquisito caramelo. Presentado en un práctico formato de 6 bolsas de 822g, este producto es ideal para exhibir en tu kiosco o almacén. Con un alto margen de ganancia y una rotación rápida, estos toffees son perfectos para compras por impulso, atrayendo tanto a niños como a adultos. ¡No dejes pasar la oportunidad de deleitar a tus clientes y aumentar tus ventas!",0.0027,0
13217,MERMELADA ARCOR DAMASCO 12X454G,https://arcorencasa.com/wp-content/uploads/2024/10/20241008-13217-300x300.webp,"Descubre la irresistible Mermelada Arcor Damasco, un deleite que combina dulzura y frescura en cada cucharada. Presentada en un práctico formato de 12 frascos de 454g, es ideal para el mostrador de tu kiosco o almacén. Su sabor único atrae a los amantes de las mermeladas y a quienes buscan un toque especial en sus desayunos y meriendas. Con un excelente margen de ganancia y alta rotación, ¡asegúrate de tenerla para capturar compras por impulso y deleitar a tus clientes!",0.0027,0
14553,GELATINA GODET CEREZA 6x8x25G,https://arcorencasa.com/wp-content/uploads/2024/10/20241710-14553-300x300.webp,"Descubre el delicioso sabor de la Gelatina Godet Cereza, un producto que encanta a grandes y chicos. Cada presentación incluye 6 packs de 8 unidades de 25g, perfectos para ofrecer en kioscos y almacenes. Su atractivo color y sabor irresistible fomentan la compra por impulso, ideal para esos momentos de antojo. Con un excelente margen de ganancia y un público objetivo que adora los postres, la Gelatina Godet es una opción que no puede faltar en tu mostrador. ¡Aumenta tus ventas hoy!",0.0027,0
14799,MOGUL OSO EXTREME 6X500G,https://arcorencasa.com/wp-content/uploads/2024/10/20241028-14799-300x300.webp,"¡Descubre la explosión de sabor en cada bocado con MOGUL OSO EXTREME! Este delicioso producto de 500g, presentado en cajas de 6 unidades, es la opción perfecta para atraer a los amantes de los dulces en tu kiosco. Su irresistible combinación de sabores y su icónica imagen de oso lo convierten en un imán de compras por impulso. Con un excelente margen de ganancia, MOGUL OSO EXTREME garantiza una rápida rotación en el mostrador, ¡no dejes pasar esta oportunidad de aumentar tus ventas!",0.0027,0
15019,MOGUL OSITO EXTREME PICANTE 12X12X30G,https://arcorencasa.com/wp-content/uploads/2025/03/20250327-15019-300x300.webp,"¡Descubre el sabor explosivo de MOGUL OSITO EXTREME PICANTE! Este delicioso dulce de gomita con un toque de picante es la tendencia perfecta para atraer a los amantes de lo atrevido. Presentado en un formato de 12 cajas con 12 unidades de 30g cada una, es ideal para exhibir en tu kiosco. Su combinación única garantiza una rotación rápida y alta demanda, convirtiéndolo en una compra por impulso irresistible. ¡Aumenta tus márgenes y sorprende a tus clientes con esta deliciosa aventura!",0.0027,0
9849,CHOCLO LC CREMOSO 24X300G,https://arcorencasa.com/wp-content/uploads/2020/07/20250108-9849-300x300.webp,"¡Descubre el delicioso CHOCLO LC CREMOSO! Este cremoso maíz enlatado es perfecto para quienes buscan un sabor auténtico y versátil en su cocina. Presentado en un formato de 24 latas de 300g, es ideal para reabastecer tu kiosco o almacén. Su textura suave y su inconfundible sabor lo convierten en un must-have para tus clientes, incentivando las compras por impulso. Además, su alto margen de ganancia te asegura una excelente rentabilidad. ¡No te quedes sin este favorito!",0.0027,0
11814,HELADO GELATO BONOBON 6X250G,https://arcorencasa.com/wp-content/uploads/2024/10/20241010-11814-300x300.webp,"Descubre el irresistible Helado Gelato Bonobón, una explosión de sabor que enamora a todos. Presentado en un práctico formato de 6 x 250g, ideal para compartir o disfrutar solo. Este producto mezcla la suavidad del gelato con el toque único de Bonobón, convirtiéndose en una opción perfecta para tus clientes. Su atractivo diseño y su sabor excepcional generan compras por impulso, asegurando una alta rotación y márgenes atractivos para tu negocio. ¡No dejes pasar esta oportunidad de incrementar tus ventas!",0.0026,0
12497,SNACK SALADIX ORIGINAL 20x58G,https://arcorencasa.com/wp-content/uploads/2024/10/20241009-12497-300x300.webp,"Descubre el delicioso sabor de Snack Saladix Original, el acompañante perfecto para cualquier momento. Presentado en un formato conveniente de 20 bolsas de 58g, este snack es ideal para compartir o disfrutar solo. Su crujiente textura y sabor irresistible lo convierten en una opción favorita para consumidores de todas las edades. Ofrece alta rotación y un margen atractivo, impulsando las compras por impulso en tu kiosco o almacén. ¡No dejes pasar la oportunidad de aumentar tus ventas con Saladix!",0.0026,0
13338,BARRA COFLER COCO 6X20X40G,https://arcorencasa.com/wp-content/uploads/2025/05/20250506-13338-300x300.webp,"Descubre la irresistible Barra Cofler Coco, el snack que conquista a todos con su sabor tropical y crujiente textura. Presentada en un práctico formato de 6 cajas de 20 unidades y 40g cada una, es ideal para exhibir en tu kiosco o almacén. Este producto es un éxito de ventas, perfecto para compras por impulso, con márgenes atractivos que aumentan tu rentabilidad. Atrae a un público juvenil y adulto que busca un deleite rápido y delicioso. ¡Inclúyelo en tu oferta y observa cómo vuela!",0.0026,0
11858,BUTTER TOFFEES CAFE 6X822G,https://arcorencasa.com/wp-content/uploads/2024/10/20241010-11858-300x300.webp,"Descubre el irresistible sabor de los Butter Toffees Café, un dulce que combina la suavidad del caramelo con un toque de café que encantará a tus clientes. Presentados en un práctico formato de 6 paquetes de 822g, son ideales para exhibir en tu mostrador. Su atractivo sabor los convierte en una opción perfecta para compras por impulso, garantizando una alta rotación y un excelente margen de ganancia. Atrae a los amantes del dulce y del café, ¡no dejes pasar esta oportunidad!",0.0024,0
12490,SNACK SALADIX CROSS PIZZA 32X67G,https://arcorencasa.com/wp-content/uploads/2026/01/20260107-12490-300x300.webp,"¡Descubre el irresistible Snack Saladix Cross Pizza! Con su delicioso sabor a pizza, este snack se ha convertido en la tendencia favorita de los amantes de los picoteos. Presentado en un formato de 32 bolsas de 67g, es ideal para exhibir en tu kiosco. Su atractivo diseño y su sabor único fomentan las compras por impulso, lo que garantiza una rápida rotación y un margen atractivo. Atrae a un amplio público y ¡haz que tus ventas se disparen con Saladix!",0.0024,0
12904,MANI BAÑADO ARCOR 12X16X35G,https://arcorencasa.com/wp-content/uploads/2024/10/20241008-12904-300x300.webp,"¡Descubre el irresistible Mani Bañado Arcor! Con su delicioso recubrimiento de chocolate, se ha convertido en un favorito entre los amantes de los snacks. Presentado en un formato práctico de 12 displays de 16 unidades de 35g cada uno, es perfecto para el mostrador de tu negocio. Este producto no solo atrae la atención de los clientes, sino que también asegura una alta rotación y un margen atractivo. Ideal para compras por impulso, ¡incrementa tus ventas con Arcor!",0.0024,0
11915,BONOBON LECHE 16X18X15G,https://arcorencasa.com/wp-content/uploads/2024/10/20241008-11915-300x300.webp,"¡Descubre el irresistible sabor de Bonobón Leche! Este delicioso chocolate con relleno de leche es el favorito de grandes y chicos, ideal para satisfacer esos antojos. Viene en un práctico formato de 16 cajas de 18 unidades cada una, perfecto para exhibir en tu kiosco o almacén. Su atractivo sabor y presentación lo convierten en un producto de compra por impulso, asegurando un margen atractivo y una rotación rápida al atraer a tu público objetivo. ¡No dejes pasar esta oportunidad!",0.0023,0
14430,JUGO POLVO ARCOR MANZANA 12X18X15G,https://arcorencasa.com/wp-content/uploads/2024/10/20241028-14430-300x300.webp,"Descubre el delicioso Jugo Polvo Arcor Manzana, la opción perfecta para refrescar a tus clientes con un sabor auténtico y frutal que encanta a grandes y chicos. Presentado en un práctico formato de 12 sobres de 18 gramos, este producto es fácil de almacenar y perfecto para ofrecer en tu kiosco. Su atractivo precio y alta demanda aseguran una rotación rápida, convirtiéndolo en una compra por impulso ideal. ¡Aprovecha el margen y sorprende a tu público con Arcor!",0.0023,0
15223,MOGUL CONITOS 46X80G,https://arcorencasa.com/wp-content/uploads/2025/05/20250514-15223-300x300.webp,"Descubre el delicioso mundo de MOGUL CONITOS, el snack que está arrasando en las preferencias de los consumidores. Con un atractivo sabor a marshmallow y una textura crujiente, son irresistibles para cualquier amante de lo dulce. Presentamos este formato práctico de 46 unidades de 80g, ideal para exhibir en tu kiosco o almacén. Su atractivo precio y popularidad garantizan una alta rotación y compra por impulso, asegurando un excelente margen de ganancia. ¡No dejes pasar la oportunidad de incrementar tus ventas!",0.0023,0
13311,COFLER BLOCK MITI MITI 64X170G,https://arcorencasa.com/wp-content/uploads/2024/10/20241008-13311-300x300.webp,"Descubre el irresistible COFLER BLOCK MITI MITI, la combinación perfecta de chocolate y crema que encanta a todos. Presentado en un formato de 64 unidades de 170g, ideal para exhibiciones atractivas en tu tienda. Este producto no solo es un deleite para los amantes del dulce, sino que también es una excelente opción de compra por impulso, asegurando un alto margen de ganancia. ¡Atrae a tus clientes y aumenta tu rotación con esta deliciosa tentación en tu mostrador!",0.0022,0
15142,OBLEA COFLER AVELLANA MAX 8X16X60G,https://arcorencasa.com/wp-content/uploads/2025/07/20250627-15142-300x300.webp,"Descubre el irresistible sabor de la Oblea Cofler Avellana Max, una delicia que combina la crujiente textura de la oblea con el exquisito sabor a avellana. Presentada en un práctico formato de 8 packs de 16 unidades de 60g, es la opción ideal para el mostrador de tu kiosco. Atrae a tus clientes con esta golosina perfecta para compras por impulso, que ofrece un excelente margen de ganancia y se adapta a un público joven y adulto. ¡Aumenta tus ventas hoy mismo!",0.0022,0
11886,BUTTER TOFFEES CHOCOLATE MENTA 6X822G,https://arcorencasa.com/wp-content/uploads/2024/10/20241010-11886-300x300.webp,"Descubre el irresistible sabor de los Butter Toffees Chocolate Menta, una deliciosa combinación que conquista a todos. Presentado en un práctico formato de 6 paquetes de 822 g, este producto es ideal para tener a la vista en tu kiosco o almacén. Su atractivo sabor y textura suave lo convierten en un snack perfecto para cualquier ocasión, generando compras por impulso. Con un excelente margen de ganancia, atraerás a un amplio público que busca un dulce momento de placer. ¡No te quedes sin ellos!",0.0021,0
12505,SNACK SALADIX CHEDDAR 20X58G,https://arcorencasa.com/wp-content/uploads/2024/10/20241009-12505-300x300.webp,"¡Descubre el delicioso sabor de Snack Saladix Cheddar! Este irresistible snack de 58g combina la textura crujiente con el intenso sabor a queso cheddar, ideal para satisfacer esos antojos. Presentado en un formato de 20 unidades, es perfecto para exhibir en tu kiosco o almacén. Con una alta rentabilidad y rotación, este producto es una opción ideal para compras por impulso, atrayendo a un público amplio que busca calidad y sabor. ¡Aumenta tus ventas con Snack Saladix Cheddar!",0.0021,0
14164,MOGUL LADRILLOS FRUTILLA 6X500G,https://arcorencasa.com/wp-content/uploads/2024/10/20241010-14164-300x300.webp,"¡Descubre el delicioso sabor de MOGUL LADRILLOS FRUTILLA! Perfectos para quienes buscan un snack irresistible y refrescante, estos ladrillos de gelatina son el dulce favorito de grandes y pequeños. Cada caja incluye 6 packs de 500g, ideales para vender en tu kiosco o almacén. Su atractivo diseño y sabor vibrante los convierten en una compra por impulso irresistible, garantizando una alta rotación y un margen de ganancia atractivo. ¡Atrae a tus clientes y aumenta tus ventas con MOGUL!",0.0021,0
14471,OBLEA ARCOR MILK 8X20X20G,https://arcorencasa.com/wp-content/uploads/2024/10/20241008-14471-300x300.webp,"Descubre la irresistible Oblea Arcor Milk, un deleite que combina la suavidad de su textura con un sabor lácteo inigualable. Presentada en un formato práctico de 8 paquetes de 20 unidades de 20g cada uno, es perfecta para exhibir en tu kiosco o almacén. Su atractivo dulce y cremoso la convierte en una opción ideal para compras por impulso. Con un excelente margen de ganancia, atraerás a un público que busca un snack delicioso y accesible. ¡Potencia tus ventas hoy!",0.0021,0
14552,GELATINA GODET FRUTILLA 6x8x25G,https://arcorencasa.com/wp-content/uploads/2024/10/20241028-14552-300x300.webp,"¡Descubre el delicioso sabor de la Gelatina Godet Frutilla! Este producto icónico combina la frescura de la frutilla con una textura irresistible, perfecta para satisfacer antojos. Presentado en un práctico formato de 6 cajas de 8 unidades de 25 g cada una, es ideal para exhibir en tu kiosco o almacén. Su atractivo precio y alta demanda garantizan una rápida rotación y un excelente margen de ganancia. Atrae a los amantes de los postres y maximiza tus ventas con este irresistible clásico. ¡No te quedes sin él!",0.0021,0
15170,MOGUL MORAS 46X80G,https://arcorencasa.com/wp-content/uploads/2025/05/20250514-15170-300x300.webp,"¡Descubre el irresistible sabor de MOGUL MORAS! Este delicioso snack de gelatina en formato de 46 cajas de 80 g es perfecto para los amantes de las golosinas frutales. Su colorido empaque llamará la atención de tus clientes, atrayendo a niños y adultos por igual. Además, al ser un producto de alta rotación, garantiza un excelente margen de ganancia. Ideal para compras por impulso, MOGUL MORAS es un must-have en tu mostrador. ¡Haz que tus ventas se disparen!",0.0021,0
6907,TOPLINE DEFENSE 30X20X6.70G,https://arcorencasa.com/wp-content/uploads/2024/10/20241010-6907-300x300.webp,"¡Descubre Topline Defense! Este innovador producto, con un delicioso sabor que conquista a todos, se presenta en un formato de 30 unidades de 20g, ideal para cualquier punto de venta. Su atractivo envase y consistencia son perfectos para atraer a clientes que buscan calidad y bienestar. Además, su alta demanda garantiza una rotación constante y márgenes atractivos para tu negocio. ¡Aprovecha la oportunidad de incrementar tus ventas con un producto que vuela del mostrador!",0.0021,0
14216,HELADO GELATO CHOCOTORTA 6X275G,https://arcorencasa.com/wp-content/uploads/2024/10/20241010-14216-300x300.webp,"Descubre el irresistible Helado Gelato Chocotorta, una experiencia de sabor que captura la esencia de la famosa torta argentina en cada cucharada. Presentado en un práctico formato de 6 unidades de 275g, es perfecto para compartir o disfrutar en solitario. Este producto se convertirá en un favorito entre tus clientes, impulsando las compras por impulso y asegurando una alta rotación en tu almacén. Con un excelente margen de ganancia, ¡no dejes pasar la oportunidad de tentarlos!",0.002,0
14800,MOGUL SANDIA EXTREME 6x500G,https://arcorencasa.com/wp-content/uploads/2024/10/20241028-14800-300x300.webp,"Descubre el irresistible MOGUL Sandía Extreme, el snack que conquista paladares con su explosivo sabor a sandía y su textura única. Presentado en un formato de 6 paquetes de 500g, es ideal para exhibir en tu kiosco o almacén. Este producto no solo atrae la atención por su frescura, sino que también genera compras por impulso, asegurando una alta rotación y márgenes atractivos. Perfecto para refrescar el verano y captar a un público joven y divertido. ¡No dejes pasar esta oportunidad!",0.002,0
15110,MOGUL TWIST MAX BLUEBERRY 6X24X25G,https://arcorencasa.com/wp-content/uploads/2025/07/20250723-15110-300x300.webp,"Descubre MOGUL TWIST MAX BLUEBERRY, el dulce que está conquistando paladares con su explosivo sabor a arándano. Este atractivo producto viene en un formato de 6 cajas de 24 unidades de 25g, ideal para exhibir en tu kiosco. Su presentación colorida y su irresistible sabor lo convierten en una opción perfecta para compras por impulso, garantizando una rápida rotación. Atrae a un público joven y moderno mientras disfrutas de un excelente margen de ganancia. ¡No dejes pasar esta oportunidad!",0.002,0
15205,SALADIX DUO 8X6X33G,https://arcorencasa.com/wp-content/uploads/2025/07/20250627-15205-300x300.webp,"¡Descubre el sabor irresistible de SALADIX DUO! Este snack crujiente de 33g combina dos deliciosos sabores en cada paquete, ideal para disfrutar en cualquier momento. Presentado en un formato de 8 cajas, cada una con 6 unidades, es perfecto para exhibir en tu kiosco o almacén. Su atractivo para el público joven y su capacidad para generar compras por impulso aseguran una rotación rápida y un margen atractivo para tu negocio. ¡No dejes pasar esta oportunidad!",0.002,0
13331,AGUILA BAÑO REPOSTERO LECHE 8X12X150G,https://arcorencasa.com/wp-content/uploads/2024/10/20241008-13331-300x300.webp,"¡Descubre la irresistible suavidad de Águila Baño Repostero Leche! Este delicioso producto, en su práctico formato de 8 paquetes de 12 unidades de 150g, es perfecto para deleitar a tus clientes con su sabor cremoso y versátil. Ideal para repostería, cada bocado invita a comprar más. Su excelente margen de ganancia y demanda constante aseguran una rotación rápida en tu mostrador. No dejes pasar la oportunidad de incrementar tus ventas con este favorito que todos buscan. ¡Aumenta tus ingresos hoy!",0.0019,0
14043,MOGUL TUBITOS FRUTILLA 30X70G,https://arcorencasa.com/wp-content/uploads/2024/10/20241010-14043-300x300.webp,"¡Descubre el irresistible sabor de MOGUL Tubitos Frutilla! Este delicioso producto, en un práctico formato de 30 bolsas de 70 gramos, es perfecto para atraer a los amantes de los dulces y potenciar las ventas de tu negocio. Su presentación colorida y su sabor afrutado son ideales para compras por impulso, garantizando una rápida rotación en el mostrador. Además, su alto margen de ganancia lo convierte en una opción inteligente para kioscos y almacenes. ¡Aumenta tus ventas con MOGUL Tubitos Frutilla!",0.0019,0
14128,SNACK SALADIX CROSS FUEGO 32X67G,https://arcorencasa.com/wp-content/uploads/2026/01/20260107-14128-300x300.webp,"Descubre el irresistible sabor de Snack Saladix Cross Fuego, la opción perfecta para quienes buscan un snack crujiente y lleno de personalidad. Presentado en un formato de 32 bolsas de 67g, es ideal para exhibir en tu mostrador y captar la atención de tus clientes. Su atractivo picante y textura única fomentan la compra por impulso, asegurando una alta rotación y un margen de ganancia atractivo. ¡No dejes pasar la oportunidad de aumentar tus ventas con este favorito del público!",0.0019,0
14670,BONOBON COCO 16X18X15G,https://arcorencasa.com/wp-content/uploads/2024/10/20241008-14670-300x300.webp,"¡Descubre el sabor irresistible de Bonobón Coco! Este delicioso dulce combina la suavidad del chocolate con un toque exótico de coco, convirtiéndose en el favorito de grandes y chicos. Presentado en un práctico formato de 16 cajas con 18 unidades de 15g cada una, es ideal para exhibir en tu kiosco o almacén. Atrae a tus clientes con un producto de alta rotación que fomenta la compra por impulso, generando un excelente margen de ganancia en cada venta. ¡No te quedes sin él!",0.0019,0
14830,"MENTHO PLUS 2 FRUTILLA 12X12X27,2G",https://arcorencasa.com/wp-content/uploads/2025/05/20250506-14830-300x300.webp,"¡Descubre el sabor refrescante de MENTHO PLUS Frutilla! Este delicioso caramelo no solo deleita con su increíble sabor a frutilla, sino que también se posiciona como un favorito entre los consumidores. Presentado en un práctico formato de 12 displays con 12 unidades de 27,2 g cada uno, es perfecto para exhibir en tu mostrador. Ideal para compras por impulso, MENTHO PLUS ofrece un excelente margen de ganancia y atraerá a un público amplio. ¡No dejes pasar esta oportunidad de aumentar tus ventas!",0.0019,0
14236,PASTA MOSTACHOL ARCOR 15X500G,https://arcorencasa.com/wp-content/uploads/2025/05/20250514-14236-300x300.webp,"Descubre la Pasta Mostachol Arcor, un clásico que conquista paladares con su textura al dente y versatilidad culinaria. Presentada en cómodos paquetes de 500g, cada caja incluye 15 unidades, ideal para mantener en tu almacén. Este producto es perfecto para compras por impulso, ya que su rápida preparación y calidad garantizada atraen a familias y amantes de la buena cocina. Aprovecha un margen de ganancia atractivo y asegúrate de que este favorito esté siempre al alcance de tus clientes.",0.0018,0
13226,MERMELADA DIET ARCOR NARANJA12X390G,https://arcorencasa.com/wp-content/uploads/2024/10/20241008-13226-300x300.webp,"Descubre la deliciosa Mermelada Diet Arcor Naranja, un placer irresistible que combina sabor y salud en cada cucharada. Presentada en un formato de 12 frascos de 390g, es perfecta para kioscos y almacenes. Su bajo contenido calórico atrae a un público consciente de su alimentación, ideal para compras por impulso. Con un excelente margen de rentabilidad, esta mermelada se convierte en un producto que no solo encanta, sino que también asegura una rápida rotación en tu mostrador. ¡Aprovecha esta tendencia saludable y aumenta tus ventas!",0.0017,0
13343,SIMPLE BARRA SACIETY CHOCOLATE 6X16X30G,https://arcorencasa.com/wp-content/uploads/2024/10/20221123-13343-300x300.webp,"Descubre la deliciosa SIMPLE BARRA SACIETY CHOCOLATE, la opción perfecta para los amantes del chocolate y quienes buscan un snack indulgente. Cada caja contiene 6 displays de 16 unidades de 30g, ideales para exhibir en tu kiosco o almacén. Su irresistible sabor y presentación atractiva fomentan la compra por impulso, asegurando un rápido movimiento en tu mostrador. Además, su margen de ganancia competitivo atraerá a un público amplio, convirtiéndola en una excelente adición a tu oferta de productos.",0.0017,0
14412,REX 15X225G,https://arcorencasa.com/wp-content/uploads/2024/10/20241009-14412-300x300.webp,"¡Descubre REX, el sabor que conquista! Este producto premium de 15 unidades de 225g cada una es ideal para satisfacer a tus clientes más exigentes. Su versatilidad y calidad garantizan que se convertirá en un favorito en tu kiosco o almacén. Al exhibirlo en tu mostrador, impulsas las compras por impulso, aumentando tu margen de ganancia. Con REX, aseguras una rotación rápida y atraes un público fiel que vuelve por más. ¡No te quedes sin este éxito en tu inventario!",0.0017,0
14555,GELATINA GODET DURAZNO 6X8X25G,https://arcorencasa.com/wp-content/uploads/2024/10/20241028-14555-300x300.webp,"Descubre la irresistible Gelatina Godet de Durazno, un deleite que conquista paladares con su sabor afrutado y textura suave. Presentada en un práctico formato de 6 cajas de 8 unidades de 25g cada una, es perfecta para el consumo diario y fácil de almacenar. Este producto no solo atrae a los amantes de los postres, sino que también impulsa las compras por impulso en tu tienda. Aumenta tu margen de ganancia y deleita a tus clientes con esta deliciosa opción. ¡No te quedes sin ella!",0.0017,0
12963,SNACK SALADIX CROSS ORIGINAL 32X67G,https://arcorencasa.com/wp-content/uploads/2026/01/20260107-12963-300x300.webp,"¡Descubre el irresistible sabor de Snack Saladix Cross Original! Este innovador snack combina la crujiente textura de galletas con un toque de sabor único que enamora a todos. Presentado en un empaque práctico de 32 unidades de 67g, es ideal para exhibir en tu kiosco. Su formato atractivo y delicioso asegura una rápida rotación, convirtiéndose en el favorito de los consumidores. Atrae a compradores por impulso y maximiza tu margen de ganancias al ofrecer una opción perfecta para el snack diario. ¡No te quedes sin él!",0.0016,0
13140,MERMELADA LC DURAZNO 12x454G,https://arcorencasa.com/wp-content/uploads/2024/10/20241008-13140-300x300.webp,"¡Descubre la deliciosa Mermelada LC de Durazno, el sabor que encanta a todos! Su textura suave y afrutada es perfecta para untar en tostadas o para dar un toque especial a postres. Presentada en un formato de 12 frascos de 454g, es ideal para reabastecer tu negocio. Este producto no solo atraerá a los amantes de lo dulce, sino que también genera altas ventas por impulso, ofreciendo un margen atractivo que asegurará la rotación en tu tienda. ¡No te quedes sin ella!",0.0016,0
14392,TRAVIATA CON REX POR 3 12X3X96G,https://arcorencasa.com/wp-content/uploads/2024/10/20241009-14392-300x300.webp,"Descubre la irresistible combinación de sabor que ofrece TRAVIATA CON REX, un snack que está revolucionando las tendencias. Presentado en un formato práctico de 12 displays de 48 unidades, es perfecto para exhibir en tu kiosco o almacén. Este producto no solo atrae a los amantes de lo delicioso, sino que también garantiza una alta rotación gracias a su compra por impulso. Con un excelente margen de ganancia, TRAVIATA CON REX se convierte en un imprescindible para cautivar a tus clientes y maximizar tus ventas. ¡No te quedes sin él!",0.0016,0
14993,MR POPS CHUPETIN SURTIDO POR 10 24X180G,https://arcorencasa.com/wp-content/uploads/2025/02/20250214-14993-300x300.webp,"¡Descubre la irresistibilidad de los Chupetines Mr. Pops! Con su surtido de sabores coloridos y divertidos, atraerás a los más pequeños y a los nostálgicos. Este formato incluye 24 cajas de 10 chupetines de 180g cada una, perfecto para exhibir en tu tienda. Su atractivo precio y su popularidad garantizan una alta rotación y un excelente margen de ganancia. Ideal para compras por impulso, ¡no dejes pasar la oportunidad de tenerlos en tu mostrador!",0.0016,0
15221,MOGUL ANILLOS 46X80G,https://arcorencasa.com/wp-content/uploads/2025/05/20250514-15221-300x300.webp,"Descubre los irresistibles MOGUL ANILLOS, el snack que conquista a grandes y pequeños con su sabor único y su divertida forma. Presentados en un formato práctico de 12 displays de 48 unidades, estos anillos son perfectos para exhibir en tu kiosco o almacén. Su atractivo visual y delicioso sabor fomentan la compra por impulso, asegurando un alto margen de ganancia. Además, su popularidad entre el público juvenil garantiza una rápida rotación. ¡No dejes pasar esta oportunidad!",0.0016,0
13153,MERMELADA BC FRUTILLA 12X390 G,https://arcorencasa.com/wp-content/uploads/2024/10/20241008-13153-300x300.webp,"Descubre la irresistible Mermelada BC de Frutilla, el sabor que enamora a todos. Su fórmula única resalta el frescor de las fresas, ideal para untar en tostadas o como ingrediente estrella en postres. Este formato incluye 12 frascos de 390 g, perfectos para exhibir en tu almacén. Atrae a los amantes de lo dulce y aprovecha el alto margen de ganancia. Ideal para compras por impulso, ¡asegúrate de tenerla en tu mostrador y deleita a tus clientes!",0.0015,0
13662,CONDIMENTO COMINO MOLIDO 4X10X23G,https://arcorencasa.com/wp-content/uploads/2024/10/20241008-13662-300x300.webp,"¡Descubre el sabor auténtico en cada plato con nuestro Condimento Comino Molido! Ideal para realzar tus recetas y seguir la tendencia de la cocina saludable. Presentado en un pack de 4 cajas de 10 unidades de 23g cada una, es perfecto para kioscos y almacenes. Su irresistible aroma atraerá a los amantes de la cocina, generando compras por impulso. Con un margen atractivo y un público objetivo amplio, este condimento se convertirá en un bestseller en tu mostrador.",0.0015,0
13901,CRIOLLITAS POR 5 ORIGINAL 12X5X100G,https://arcorencasa.com/wp-content/uploads/2025/07/20250707-13901-300x300.webp,"¡Descubre el sabor auténtico de CRIOLLITAS POR 5 ORIGINAL! Estas exquisitas galletas son el snack perfecto para consentir a tus clientes con un toque criollo que no pueden resistir. Presentadas en un formato de 12 cajas de 5 paquetes de 100g, son ideales para exhibir en tu kiosco o almacén. Su atractivo diseño y sabor irresistible fomentan la compra por impulso, asegurando un excelente margen de ganancia y alta rotación. ¡Haz que tus clientes vuelvan por más!",0.0015,0
14436,JUGO POLVO ARCOR NARANJA DULCE 12X18X15G,https://arcorencasa.com/wp-content/uploads/2024/10/20241028-14436-300x300.webp,"Descubre el irresistible sabor del Jugo Polvo Arcor Naranja Dulce, la opción perfecta para refrescar cualquier momento. Presentado en un formato de 12 displays de 18 unidades de 15g, este producto es ideal para el mostrador de tu negocio. Su atractivo precio y fácil preparación convierten a este jugo en una compra por impulso, garantizando alta rotación y márgenes atractivos. Atrae a familias y jóvenes que buscan una bebida deliciosa y accesible. ¡No dejes pasar la oportunidad de sumar este bestseller a tu oferta!",0.0015,0
14554,GELATINA GODET FRAMBUESA 6x8x25G,https://arcorencasa.com/wp-content/uploads/2024/10/20241028-14554-300x300.webp,"Descubre la irresistible Gelatina Godet de Frambuesa, un sabor fresco y vibrante que conquistará a tus clientes. Presentada en un formato de 6 cajas de 8 unidades de 25g, es ideal para exhibir en tu kiosco o almacén. Este producto es perfecto para compras por impulso, ofreciendo un margen atractivo que maximiza tus ganancias. Además, su popularidad entre jóvenes y adultos asegura una rápida rotación en el mostrador. ¡No dejes pasar la oportunidad de deleitar a tus clientes!",0.0015,0
14750,MOGUL TUBITOS EXTREME TUTTI FRUTTI 6X500G,https://arcorencasa.com/wp-content/uploads/2025/02/20250214-14750-300x300.webp,"¡Descubre el explosivo sabor de MOGUL TUBITOS EXTREME TUTTI FRUTTI! Estos deliciosos tubitos son la combinación perfecta de frutas que enamorarán a tus clientes. Presentados en un formato de 6 bolsas de 500g, son ideales para exhibiciones atractivas en tu kiosco o almacén. Con un alto potencial de compra por impulso, este producto ofrece un excelente margen de ganancia y es perfecto para un público joven y dinámico. ¡Aumenta tu rotación y sorprende a tus clientes!",0.0015,0
15120,MOGUL PALOTES PICANTES SURTIDO 12X8X48G,https://arcorencasa.com/wp-content/uploads/2025/03/20250327-15120-300x300.webp,"¡Descubre el explosivo sabor de MOGUL PALOTES PICANTES SURTIDO! Estos irresistibles palotes son perfectos para los amantes de los sabores intensos y picantes. Cada caja incluye 12 displays de 8 unidades de 48g, ideales para exhibir en tu kiosco o almacén. Su atractivo diseño y variedad de sabores garantizan una compra por impulso, aumentando tu margen de ganancia. Con un público joven y entusiasta, no dejes pasar la oportunidad de tener este producto en tu mostrador. ¡Aumenta tu rotación y satisfacción del cliente!",0.0015,0
15203,SALADIX CALABRESA 8X6X40G,https://arcorencasa.com/wp-content/uploads/2025/07/20250627-15203-300x300.webp,"¡Descubre el irresistible sabor de Saladix Calabresa! Este snack crujiente y sabroso es perfecto para captar la atención de tus clientes, ideal para aquellos que buscan un picoteo delicioso. La presentación incluye 8 paquetes de 6 unidades de 40g, lo que facilita la exhibición y venta en tu tienda. Su atractivo formato promueve la compra por impulso, asegurando un excelente margen de ganancia. ¡No dejes pasar la oportunidad de ofrecer esta tendencia en snacks a tu público objetivo!",0.0014,0
11883,BUTTER TOFFEES CHOCOLATE BLANCO 6X822G,https://arcorencasa.com/wp-content/uploads/2024/10/20241010-11883-300x300.webp,"Descubre el irresistible sabor de los Butter Toffees con Chocolate Blanco, el dulce que está marcando tendencia entre los amantes del chocolate. Presentado en un práctico formato de 6 paquetes de 822g, es ideal para exhibir en tu kiosco o almacén. Su suave textura y delicioso sabor generan compras por impulso, asegurando una alta rotación. Atrae a un público diverso y maximiza tu margen de ganancia con este producto que encantará a tus clientes y elevará tus ventas.",0.0013,0
12451,CRIOLLITAS TOSTADAS SALVADO 18X195G,https://arcorencasa.com/wp-content/uploads/2024/10/20241009-12451-300x300.webp,"Descubre el irresistible sabor de las Criollitas Tostadas Salvado, la opción perfecta para los amantes de los snacks saludables. Presentadas en una conveniente caja de 18 paquetes de 195 g, estas tostadas son ideales para acompañar tus comidas o disfrutar en cualquier momento del día. Su alto contenido de fibra las convierte en una elección popular entre consumidores conscientes de su salud. Colocarlas en tu mostrador no solo impulsa las ventas por impulso, sino que también garantiza un atractivo margen de ganancia. ¡No dejes pasar esta oportunidad!",0.0013,0
13156,MERMELADA BC ARANDANO 12X390 G,https://arcorencasa.com/wp-content/uploads/2024/10/20230718-13156-300x300.webp,"Descubre la irresistible Mermelada BC de Arándano, un deleite que combina el sabor frutal auténtico con la tendencia de lo natural. Presentada en un formato práctico de 12 frascos de 390 g, es ideal para exhibir en tu kiosco o almacén. Su atractivo se traduce en una alta rotación, ya que es perfecta para compras por impulso. Además, su margen de ganancia es excelente, atrayendo a clientes que buscan calidad y frescura en cada desayuno o merienda. ¡No te quedes sin ella!",0.0013,0
13180,JUGO POLVO BC NARANJA DULCE 16x18x7G,https://arcorencasa.com/wp-content/uploads/2024/10/20241022-13180-300x300.webp,"¡Descubre el refrescante sabor del Jugo Polvo BC Naranja Dulce! Este delicioso jugo en polvo se presenta en un formato práctico de 16 cajas, cada una con 18 sobres de 7g, ideal para quienes buscan una bebida rápida y sabrosa. Su fácil preparación lo convierte en una opción perfecta para cualquier momento del día, capturando a un público amplio que busca calidad y buen precio. Atrae a tus clientes con esta opción de compra por impulso y maximiza tus márgenes en cada venta. ¡No te quedes sin él en tu mostrador!",0.0013,0
10747,MOGUL FRUTILLA Y CREMA 6x500G,https://arcorencasa.com/wp-content/uploads/2024/10/20241010-10747-300x300.webp,"¡Descubre la explosión de sabor con MOGUL Frutilla y Crema! Este irresistible postre en formato de 6x500g es ideal para cautivar a tus clientes con su textura suave y dulce frescura. Perfecto para compartir, su atractivo diseño y presentación lo convierten en un must-have para tu kiosco. Además, su gran aceptación garantiza una alta rotación y margen de ganancia, siendo una opción perfecta para compras por impulso. ¡No dejes pasar la oportunidad de deleitar a tus consumidores!",0.0012,0
11240,HELADO GELATO COFLER DULCE 6X450CC,https://arcorencasa.com/wp-content/uploads/2024/10/20241010-11240-300x300.webp,"¡Descubre el irresistible Helado Gelato Cofler Dulce! Con su cremosidad y sabor auténtico, este helado conquista a los amantes del dulce en cada cucharada. Presentado en un formato práctico de 6 envases de 450 cc, es ideal para exhibir en tu kiosco o almacén. Su atractivo diseño y sabor premium lo convierten en una opción perfecta para compras por impulso. Aumenta tus márgenes y atrae a un público que busca calidad y placer, ¡no dejes pasar esta oportunidad!",0.0012,0
12343,SNACK SALADIX KESITOS 20X70G,https://arcorencasa.com/wp-content/uploads/2024/10/20241009-12343-300x300.webp,"Descubre el irresistible sabor de los Snack Saladix Kesitos, el snack perfecto para quienes buscan una opción deliciosa y ligera. Cada caja contiene 20 paquetes de 70g, ideales para el exhibidor de tu negocio. Su formato práctico y atractivo garantiza una alta rotación, capturando la atención de los amantes de los snacks y los consumidores conscientes de su salud. Ofrece a tus clientes un producto sabroso y rentable: ¡un must-have en tu kiosco que impulsará tus ventas!",0.0012,0
13073,HELADO ARCOR DULCE DE LECHE 20X75G,https://arcorencasa.com/wp-content/uploads/2024/10/20241010-13073-300x300.webp,"Descubre el irresistible Helado Arcor de Dulce de Leche, un deleite que conquista a todos con su sabor auténtico y cremosidad única. Presentado en un práctico formato de 20 unidades de 75g, es perfecto para exhibir en tu kiosco o almacén. Este producto no solo satisface antojos, sino que también impulsa las compras por impulso, aumentando tu margen de ganancia. Atrae a clientes de todas las edades con esta delicia que no puede faltar en tu mostrador. ¡Aumenta tus ventas hoy!",0.0012,0
13669,CONDIMENTO PIMENTON 4X10X48G,https://arcorencasa.com/wp-content/uploads/2024/10/20241008-13669-300x300.webp,"Descubre el irresistible sabor del Condimento Pimentón, un must-have que realza cualquier platillo. Presentado en un práctico formato de 4 cajas de 10 unidades de 48g, es ideal para exhibir en tu kiosco o almacén. Su versatilidad lo convierte en la opción favorita de chefs y amantes de la cocina, asegurando una rápida rotación. Con un excelente margen de ganancia y su atractivo para compras impulsivas, ¡no dejes pasar la oportunidad de incrementar tus ventas con este producto!",0.0012,0
14192,HELADO PALITO DIENTES MOGUL 16X60G,https://arcorencasa.com/wp-content/uploads/2024/10/20241010-14192-300x300.webp,"¡Descubre el irresistible sabor del Helado Palito Dientes Mogul! Este delicioso helado de 60g combina cremosidad y frescura en cada bocado, convirtiéndose en el favorito de grandes y chicos. Presentado en un formato de 16 unidades por caja, es perfecto para exhibir en tu kiosco o almacén. Su atractivo diseño y variedad de sabores impulsan las compras por impulso, asegurando un alto margen de ganancia. ¡No dejes pasar la oportunidad de deleitar a tus clientes y aumentar tus ventas!",0.0012,0
14233,PASTA TIRABUZON ARCOR 15X500G,https://arcorencasa.com/wp-content/uploads/2025/05/20250514-14233-300x300.webp,"Descubre la irresistible Pasta Tirabuzón Arcor, un clásico que encanta a grandes y chicos con su sabor y textura únicos. Presentada en un práctico formato de 15 paquetes de 500g, es perfecta para quienes buscan calidad y versatilidad en la cocina. Este producto no solo es ideal para recetas rápidas, sino que también garantiza una alta rotación en tu negocio, atrayendo a un público familiar. Aumenta tus ventas con un margen atractivo y conviértelo en una opción irresistible en tu mostrador. ¡No te quedes sin ella!",0.0012,0
9461,CRIOLLITAS MAS GRANDES 36X169G,https://arcorencasa.com/wp-content/uploads/2024/10/20241009-9461-300x300.webp,"¡Descubre el irresistible sabor de las CRIOLLITAS MAS GRANDES! Perfectas para disfrutar en cualquier momento, estas galletas de 169g son ideales para acompañar un buen café o como snack. Presentadas en un formato de 36 unidades, optimizan tu espacio y garantizan un flujo constante de ventas. Su atractivo y popularidad aseguran una alta rotación en tu negocio, incentivando las compras por impulso. Aumenta tu margen y deleita a tus clientes con este delicioso clásico que no puede faltar en tu mostrador.",0.0012,0
13177,JUGO POLVO BC NARANJA 16x18x7G,https://arcorencasa.com/wp-content/uploads/2024/10/20241022-13177-300x300.webp,"¡Descubre el refrescante sabor del Jugo Polvo BC Naranja! Este producto es la opción perfecta para quienes buscan disfrutar de una deliciosa bebida en segundos. Viene en un práctico formato de 16 cajas, cada una con 18 sobres de 7 gramos, ideal para exhibir en tu kiosco o almacén. Su rentabilidad es impresionante: los clientes lo eligen por su conveniencia y sabor, generando compras por impulso. Aumenta tu margen y atrae a un público que busca opciones rápidas y sabrosas. ¡No te lo pierdas!",0.0011,0
13670,CONDIMENTO AJI TRITURADO 4X10X48G,https://arcorencasa.com/wp-content/uploads/2024/10/20241008-13670-300x300.webp,"¡Descubre el sabor explosivo del Condimento Ají Triturado! Este producto es el aliado perfecto para realzar cualquier platillo, atrayendo a tus clientes amantes de la cocina picante. Presentado en un práctico formato de 4 cajas de 10 unidades de 48g cada una, es ideal para optimizar tu espacio de venta. Su atractivo diseño y versatilidad lo convierten en una compra por impulso irresistible. Aumenta tus márgenes y ofrece a tu público objetivo un toque especial que hará que regresen por más.",0.0011,0
14166,MOGUL TUBITOS TUTTI FRUTTI 30X70G,https://arcorencasa.com/wp-content/uploads/2024/10/20241010-14166-300x300.webp,"¡Descubre la explosión de sabor de MOGUL TUBITOS TUTTI FRUTTI! Estos deliciosos tubitos de gelatina son la golosina perfecta para atraer a niños y adultos por igual, convirtiéndolos en un irresistible capricho. Presentados en un formato de 30 unidades de 70g, son ideales para exhibir en tu kiosco. Su atractivo colorido y su sabor frutal fomentan la compra por impulso, garantizando una alta rotación y un excelente margen de ganancia. ¡No dejes pasar esta oportunidad de aumentar tus ventas!",0.0011,0
15211,BUTTER TOFFEES SURTIDO 48X80G,https://arcorencasa.com/wp-content/uploads/2025/07/20250723-15211-300x300.webp,"Descubre el irresistible sabor de los Butter Toffees Surtido, un deleite que no puede faltar en tu tienda. Cada paquete de 48 unidades de 80g es perfecto para atraer a los amantes de los dulces, ofreciendo una variedad de sabores que encantan a todos. Su formato atractivo no solo llama la atención, sino que también es ideal para la compra por impulso. Aumenta tu margen de ganancias al tener este producto en tu mostrador y asegura la rotación constante para satisfacer la demanda de tus clientes. ¡Haz que se enamoren de cada bocado!",0.0011,0
9463,CRIOLLITAS SIN SAL 36X169G,https://arcorencasa.com/wp-content/uploads/2024/10/20241009-9463-300x300.webp,"Descubre las CRIOLLITAS SIN SAL, el snack saludable que conquista a todos con su sabor auténtico y crujiente. Presentadas en un formato de 36 paquetes de 169g, son perfectas para un consumo rápido y compartir. Este producto se adapta a la tendencia de alimentación balanceada, atrayendo a un público que busca opciones más saludables. Al tenerlas en tu mostrador, fomentarás la compra por impulso, asegurando un excelente margen de ganancia y alta rotación en tu tienda. ¡No te quedes sin ellas!",0.0011,0
10347,AIREADO COFLER ALMENDRAS 4x12x100G,https://arcorencasa.com/wp-content/uploads/2024/10/20241008-10347-300x300.webp,"Descubre el irresistible sabor de AIREADO COFLER ALMENDRAS, un snack que combina la crocancia de las almendras con la suavidad de su textura aireada. Presentado en un formato práctico de 4 cajas de 12 unidades de 100g cada una, es perfecto para exhibir en tu mostrador. Este producto de alta rotación es ideal para compras por impulso, atrayendo a un amplio público que busca un deleite saludable. Incrementa tu margen de ganancias y sorprende a tus clientes con esta deliciosa opción.",0.0009,0
13068,CHOCOLATIN ARCOR LECHE 40X20X8G,https://arcorencasa.com/wp-content/uploads/2024/10/20241008-13068-300x300.webp,"Descubre el irresistible CHOCOLATIN ARCOR LECHE, el snack que conquista a grandes y chicos con su delicioso sabor a chocolate con leche. Presentado en un formato práctico de 40 unidades, perfectas para exhibir en tu kiosco o almacén. Este producto es ideal para la compra por impulso, asegurando un alto margen de ganancia y rápida rotación. Atrae a los amantes del dulce y convierte cada visita en una oportunidad de venta. ¡No dejes pasar este éxito en tu mostrador!",0.0009,0
13797,"MENTHO PLUS 2 DULCE DE LECHE 12X12X27,2G",https://arcorencasa.com/wp-content/uploads/2025/05/20250506-13797-300x300.webp,"Descubre el irresistible sabor de MENTHO PLUS 2 en su deliciosa variante dulce de leche, ¡un verdadero deleite para tus clientes! Este atractivo formato incluye 12 displays de 12 unidades cada uno, perfectos para exhibir y maximizar la visibilidad en tu tienda. Ideal para compras por impulso, su margen atractivo garantiza una rápida rotación. Con un público objetivo que busca calidad y sabor, este producto se convertirá en un imprescindible en tu mostrador. ¡No te quedes sin él!",0.0009,0
13872,POLENTA PRESTOPRONTA 24x730G,https://arcorencasa.com/wp-content/uploads/2024/10/20241008-13872-300x300.webp,"Descubre la deliciosa Polenta Prestopronta, un clásico que seduce con su sabor auténtico y su textura perfecta. Presentada en un formato de 24 unidades de 730 g, es ideal para cualquier tipo de negocio. Su fácil preparación y versatilidad la convierten en la opción perfecta para quienes buscan una comida rápida y nutritiva. Al tenerla en tu mostrador, fomentas la compra por impulso de clientes que valoran la calidad, asegurando un margen atractivo y una rápida rotación. ¡No te quedes sin ella!",0.0009,0
14347,AGUILA 80% CACAO 4X15X150G,https://arcorencasa.com/wp-content/uploads/2024/10/20241008-14347-300x300.webp,"Descubre el placer del chocolate con Águila 80% Cacao, una delicia intensa que cautiva a los amantes del buen sabor. Presentado en un práctico formato de 4 cajas de 15 unidades de 150g cada una, este producto premium se convierte en una opción irresistible para tu tienda. Su alto contenido de cacao lo hace perfecto para un público exigente que busca calidad. Aumenta tu rentabilidad con compras por impulso y ofrece un producto que asegura rotación constante en el mostrador. ¡No dejes pasar esta oportunidad!",0.0009,0
14677,MOGUL BANANITAS 12X12X30G,https://arcorencasa.com/wp-content/uploads/2024/10/20241028-14677-300x300.webp,"Descubre MOGUL BANANITAS, el dulce que está arrasando en el mercado con su irresistible sabor a plátano y textura suave. Presentado en un formato conveniente de 12 cajas con 12 unidades de 30g cada una, es perfecto para exhibir en tu kiosco o almacén. Su atractivo diseño y sabor único fomentan la compra por impulso, asegurando un alto margen de ganancia. Ideal para niños y adultos, ¡no dejes pasar la oportunidad de incrementar tus ventas con este producto estrella!",0.0009,0
11090,MENTHO PLUS ACIDOS MANZANA 12X12X28G,https://arcorencasa.com/wp-content/uploads/2024/10/20241010-11090-300x300.webp,"¡Descubre MENTHO PLUS ÁCIDOS MANZANA, el sabor que conquista paladares! Con su irresistible combinación de frescura y dulzura, este producto se convierte en un favorito entre los jóvenes y adultos por igual. Presentado en un formato de 12 displays de 12 unidades de 28g, es ideal para exhibir en tu kiosco. Su atractivo sabor genera compras por impulso, asegurando una excelente rotación y un margen de ganancia atractivo. ¡No dejes pasar la oportunidad de aumentar tus ventas!",0.0008,0
12501,SNACK SALADIX BARBACOA 20X58G,https://arcorencasa.com/wp-content/uploads/2024/10/20241009-12501-300x300.webp,"¡Descubre el sabor irresistible de Snack Saladix Barbacoa! Con su exquisito toque ahumado y crujiente, este snack se convierte en la opción perfecta para los amantes de los sabores intensos. Presentado en un formato práctico de 20 bolsas de 58 g, es ideal para exhibir en tu kiosco o almacén. Atrae a los consumidores que buscan un bocadillo rápido y delicioso, garantizando una alta rotación y márgenes atractivos. ¡No dejes pasar la oportunidad de incrementar tus ventas con este must-have!",0.0008,0
12901,AGUILA TAZA FAMILIAR 4X15X150G,https://arcorencasa.com/wp-content/uploads/2024/10/20241008-12901-300x300.webp,"¡Descubre el sabor inconfundible del café Águila! Esta Taza Familiar trae 4 paquetes de 15 sachets de 150g cada uno, perfectos para disfrutar en familia o con amigos. Su formato práctico permite una fácil preparación y almacenamiento, ideal para el día a día. Al tenerlo en tu mostrador, garantizas una compra por impulso que atraerá a tus clientes, maximizando tu margen de ganancias. No dejes pasar la oportunidad de ofrecerles la experiencia de un café premium. ¡Aumenta tus ventas hoy!",0.0008,0
13178,JUGO POLVO BC LIMONADA 16x18x7G,https://arcorencasa.com/wp-content/uploads/2024/10/20241022-13178-300x300.webp,"Descubre el refrescante Jugo Polvo BC Limónada, la opción perfecta para quienes buscan una bebida deliciosa y rápida. Presentado en un formato práctico de 16 cajas, cada una con 18 sobres de 7 g, este producto es ideal para el kiosco o almacén. Su sabor vibrante y natural atrae a consumidores de todas las edades, garantizando una compra por impulso. Con un excelente margen de ganancia, ¡no dejes pasar la oportunidad de aumentar tu rotación de productos!",0.0008,0
13185,JUGO POLVO BC POMELO ROSADO 16x18x7G,https://arcorencasa.com/wp-content/uploads/2024/10/20241022-13185-300x300.webp,"Descubre el irresistible Jugo Polvo BC Pomelo Rosado, la opción refrescante y deliciosa que conquistará a tus clientes. Presentado en un formato de 16 cajas, cada una con 18 sobres de 7 gramos, es perfecto para llevar y disfrutar en cualquier lugar. Su atractivo sabor y color vibrante lo convierten en un producto ideal para la compra por impulso. Aumenta tu rentabilidad y rotación al ofrecer una alternativa refrescante que atraerá a un público joven y activo en tu kiosco o almacén. ¡No dejes pasar esta oportunidad!",0.0008,0
13776,CRIOLLITAS TOSTADAS ARROZ DULCES 24X110G,https://arcorencasa.com/wp-content/uploads/2024/10/20241009-13776-300x300.webp,"¡Descubre la irresistible delicia de las Criollitas Tostadas de Arroz Dulces! Con su crujiente textura y sabor dulce, son el snack perfecto para cualquier momento del día. Presentadas en un práctico formato de 24 paquetes de 110 g, cada unidad es ideal para atraer a tus clientes y fomentar la compra por impulso. Con un alto margen de ganancia y un público que busca opciones saludables y sabrosas, ¡no dejes pasar la oportunidad de tener este éxito en tu mostrador!",0.0008,0
14326,COQUITAS 25X260G,https://arcorencasa.com/wp-content/uploads/2024/10/20241009-14326-300x300.webp,"¡Descubre el irresistible sabor de las COQUITAS! Estas deliciosas galletas de coco son la tendencia perfecta para cautivar a tus clientes. Presentadas en un formato de 25 paquetes de 260g, son ideales para exhibir en tu kiosco o almacén. Su atractivo y sabor único favorecen la compra por impulso, garantizando una rápida rotación. Además, ofrecen un excelente margen de ganancia, atrayendo tanto a los amantes del coco como a quienes buscan un snack delicioso. ¡No dejes pasar esta oportunidad!",0.0008,0
14441,JUGO POLVO ARCOR POMELO ROSADO 12X18X15G,https://arcorencasa.com/wp-content/uploads/2024/10/20241028-14441-300x300.webp,"Descubre el refrescante sabor del Jugo Polvo Arcor Pomelo Rosado, una opción ideal para quienes buscan una bebida deliciosa y versátil. Presentado en un formato de 12 cajas de 18 sachets de 15g, es perfecto para ofrecer a tus clientes una alternativa práctica y económica. Su atractivo sabor y fácil preparación lo convierten en una compra por impulso irresistible. Aumenta tu rentabilidad y rotación en el mostrador, cautivando a un público joven y moderno que busca calidad y frescura en cada sorbo.",0.0008,0
14537,PASTA TALLARIN ARCOR 20X500G,https://arcorencasa.com/wp-content/uploads/2025/05/20250514-14537-300x300.webp,"Descubre la deliciosa Pasta Tallarín Arcor, un clásico que nunca pasa de moda. Su textura perfecta y sabor auténtico la convierten en la elección ideal para cualquier plato. Presentada en un formato de 20 paquetes de 500g, es perfecta para maximizar tu inventario. Al tenerla en tu kiosco o almacén, aseguras una alta rotación gracias a su gran demanda y atractivo para familias. ¡Aumenta tus ventas con este producto que es sinónimo de calidad y tradición!",0.0008,0
14562,GELATINA BC FRUTILLA LIGHT 6x8x18G,https://arcorencasa.com/wp-content/uploads/2024/10/20241028-14562-300x300.webp,"Descubre la Gelatina BC Frutilla Light, el delicioso postre que conquista a todos con su sabor irresistible y bajo en calorías. Presentada en un práctico formato de 6 cajas de 8 unidades de 18g, es perfecta para aquellos que buscan indulgencia sin culpa. Ideal para exhibir en tu kiosco o almacén, este producto es un imán para las compras por impulso, atrayendo a un público consciente de su salud. Aumenta tu margen y rotación con esta opción deliciosa y ligera. ¡No te quedes sin ella!",0.0008,0
14565,GELATINA BC FRAMBUESA LIGHT 6X8X18G,https://arcorencasa.com/wp-content/uploads/2024/10/20241028-14565-300x300.webp,"Descubre la Gelatina BC Frambuesa Light, un sabor irresistiblemente fresco y ligero que conquista a todos. Presentada en un formato de 6 packs de 8 unidades de 18g, es perfecta para el consumo diario y se adapta a cualquier momento del día. Su atractivo bajo en calorías la convierte en una opción ideal para quienes buscan cuidarse sin renunciar al placer. Colócala en tu mostrador y aprovecha su alta rotación y margen atractivo, ideal para compras por impulso. ¡No dejes pasar esta oportunidad!",0.0008,0
15070,ROCKLETS BOLLS CEREAL 12X8X35G,https://arcorencasa.com/wp-content/uploads/2025/07/20250723-15070-300x300.webp,"¡Descubre la explosión de sabor de Rocklets Balls Cereal! Este delicioso snack combina la crocancia del cereal con la irresistible dulzura de los Rocklets, atrayendo a niños y adultos por igual. Presentado en un práctico formato de 12 displays de 8 unidades de 35g, es perfecto para exhibir en tu kiosco. Su atractivo diseño y sabor único fomentan la compra por impulso, generando un alto margen de ganancia y rápida rotación. ¡No dejes pasar la oportunidad de atraer más clientes!",0.0008,0
15273,MOGUL LADRILLOS EXTREME FRUTILLA 24X100G,https://arcorencasa.com/wp-content/uploads/2025/08/20250725-15273-300x300.webp,"¡Descubre la explosión de sabor con MOGUL LADRILLOS EXTREME FRUTILLA! Este delicioso snack de gelatina es perfecto para quienes buscan una experiencia única y refrescante. Presentado en un atractivo formato de 24 unidades de 100 g, ideal para exhibir en tu tienda. Su irresistible sabor frutal atraerá a todos, convirtiéndolo en un producto de compra por impulso. Con un alto margen de ganancia y una rotación rápida, ¡no querrás que falte en tu mostrador!",0.0008,0
10600,BEBIDA BC MULTIFRUTA 12x1L,https://arcorencasa.com/wp-content/uploads/2024/10/20241008-10600-300x300.webp,"Descubre la irresistible frescura de la Bebida BC Multifruta, una explosión de sabores naturales que encantará a tus clientes. Presentada en un formato de 12 botellas de 1 litro, es ideal para exhibir en tu tienda y atraer a los amantes de las bebidas frutales. Su atractivo precio y versatilidad la convierten en una opción perfecta para compras por impulso, garantizando un alto margen de ganancia. No dejes pasar la oportunidad de aumentar tu rotación y satisfacer a un público sediento de novedad.",0.0007,0
11331,HELADO SLICE LIMON 22X70CC,https://arcorencasa.com/wp-content/uploads/2024/10/20241010-11331-300x300.webp,"Descubre el frescor irresistible del Helado Slice Limón, un deleite que combina sabor cítrico y cremosidad en cada bocado. Presentado en un práctico formato de 22 unidades de 70cc, ideal para exhibir en tu kiosco. Este helado es perfecto para la compra por impulso en días calurosos, atrayendo a un público joven y familias en busca de un refresco delicioso. Con un excelente margen de ganancia, ¡no dejes pasar la oportunidad de aumentar tus ventas este verano!",0.0007,0
12453,CRIOLLITAS TOSTADAS DULCES 18X195G,https://arcorencasa.com/wp-content/uploads/2024/10/20241009-12453-300x300.webp,"Descubre el irresistible sabor de las CRIOLLITAS TOSTADAS DULCES, una deliciosa opción que encantará a tus clientes y elevará tu oferta. Presentadas en un conveniente formato de 18 paquetes de 195g, son perfectas para compartir o disfrutar en solitario. Su atractivo dulce y crujiente las convierte en un snack ideal para cualquier momento del día. Con un alto potencial de compra por impulso y un excelente margen de ganancia, ¡añádelas a tu mostrador y observa cómo se venden solas!",0.0007,0
14177,COFLER 60% CACAO NARANJA 4X16X100G,https://arcorencasa.com/wp-content/uploads/2024/10/20241008-14177-300x300.webp,"Descubre el irresistible sabor de COFLER 60% Cacao Naranja, una combinación única que cautiva a los amantes del chocolate. Este formato incluye 4 cajas de 16 unidades de 100g, ideal para exhibir en tu kiosco o almacén. Su atractivo diseño y sabor delicioso garantizan compras por impulso, aumentando tu rentabilidad. Con un margen atractivo, atraerás a un público que busca calidad y indulgencia. ¡No dejes pasar la oportunidad de elevar tu mostrador con COFLER!",0.0007,0
14432,JUGO POLVO ARCOR NARANJA DURAZNO 12X18X15G,https://arcorencasa.com/wp-content/uploads/2024/10/20241028-14432-300x300.webp,"¡Descubre el delicioso sabor del Jugo Polvo Arcor Naranja Durazno! Esta irresistible combinación de frutas es perfecta para refrescar cualquier momento. Presentado en un formato práctico de 12 displays con 18 sobres de 15g cada uno, es ideal para exhibir en tu kiosco o almacén. Su atractivo sabor y fácil preparación lo convierten en un producto de compra impulsiva, garantizando una alta rotación y márgenes atractivos. No dejes pasar la oportunidad de satisfacer a tus clientes y aumentar tus ventas.",0.0007,0
15222,MOGUL EUCALIPTUS 46X80G,https://arcorencasa.com/wp-content/uploads/2025/05/20250514-15222-300x300.webp,"Descubre MOGUL EUCALIPTUS, la deliciosa golosina que combina un refrescante sabor a eucalipto con la calidad inconfundible de nuestra marca. Presentado en un formato atractivo de 46 paquetes de 80g, es perfecto para exhibir en tu kiosco. Este producto es ideal para compras por impulso, atrayendo a clientes que buscan un snack único y revitalizante. Con un excelente margen de ganancia, MOGUL EUCALIPTUS garantizará una rápida rotación y te ayudará a aumentar tus ingresos. ¡No te quedes sin él!",0.0007,0
12187,HELADO POSTRE AGUILA 6X637G,https://arcorencasa.com/wp-content/uploads/2024/10/20241010-12187-300x300.webp,"Descubre el irresistible Helado Postre Águila, un deleite cremoso que conquista paladares. En un formato de 6x637g, este producto es perfecto para compartir y disfrutar en cualquier ocasión. Su exquisito sabor y textura lo convierten en un imprescindible en tu kiosco o almacén. Además, su atractivo precio y alta demanda garantizan rotación rápida y márgenes de ganancia atractivos. No dejes pasar la oportunidad de ofrecer esta delicia que hará que tus clientes regresen por más. ¡Impulsa tus ventas!",0.0006,0
13143,MERMELADA LC NARANJA 12x454G,https://arcorencasa.com/wp-content/uploads/2024/10/20230718-13143-300x300.webp,"Descubre la irresistible Mermelada LC Naranja, un sabor fresco y vibrante que cautivará a tus clientes. Presentada en un práctico formato de 12 frascos de 454g, es ideal para exhibir en tu kiosco o almacén. Su textura suave y delicioso dulzor la convierten en la elección perfecta para desayunos y meriendas. Este producto no solo atrae la compra por impulso, sino que también ofrece un excelente margen de ganancia, asegurando una rotación rápida y constante en tu negocio. ¡No te quedes sin ella!",0.0006,0
13223,MERMELADA DIET ARCOR DAMASCO 12X390G,https://arcorencasa.com/wp-content/uploads/2024/10/20241008-13223-300x300.webp,"¡Descubre la deliciosa Mermelada Diet Arcor de Damasco! Con su exquisito sabor y baja en calorías, es la opción perfecta para quienes buscan disfrutar sin culpa. Presentada en un formato de 12 frascos de 390g, es ideal para tu kiosco o almacén. Este producto no solo atrae a los amantes de lo dulce, sino también a quienes cuidan su figura, garantizando una rotación rápida. Aumenta tu margen de ganancias y capta la atención del público objetivo con esta tentadora mermelada.",0.0006,0
13316,SALSATI PIZZA 24X340G,https://arcorencasa.com/wp-content/uploads/2024/10/20241008-13316-300x300.webp,"Descubre la irresistible salsa Salsati Pizza, ¡el toque que todo amante de la pizza estaba esperando! Con su sabor auténtico y su perfecta textura, eleva cualquier pizza a otro nivel. Presentada en un formato de 24 frascos de 340g, es ideal para abastecer tu negocio. Su alta demanda asegura una rápida rotación, convirtiéndola en una opción de compra por impulso. Atraerás a un amplio público, maximizando tus márgenes y manteniendo a tus clientes felices. ¡No te quedes sin ella!",0.0006,0
13610,HOGAREÑAS MIX CEREAL POR 3 12X3X185G,https://arcorencasa.com/wp-content/uploads/2024/10/20241009-13610-300x300.webp,"Descubre el delicioso sabor de HOGAREÑAS MIX CEREAL, una opción irresistible para tus clientes. Con un formato de 12 displays de 3 unidades de 185g, este producto es perfecto para el consumo diario y los antojos. La mezcla de cereales ofrece una experiencia crujiente y nutritiva que atrae a un amplio público. Tener HOGAREÑAS en tu mostrador garantiza una alta rotación y margen de ganancia, ideal para compras por impulso. ¡Potencia tus ventas con este favorito de todos!",0.0006,0
