pedido_ref,cliente_codigo,fecha,estado,total,notas,is_mock,es_pedido_abierto,origen,erp_reference_id,vendedor_nombre
70199,1850,2026-10-01,pendiente,47177.59,ERP RESERVA vendedor=MELLADO FACUNDO,false,true,erp,70199,MELLADO FACUNDO
70200,1438,2026-10-01,pendiente,0.00,ERP RESERVA vendedor=MELLADO FACUNDO,false,true,erp,70200,MELLADO FACUNDO
70201,35,2026-10-01,pendiente,0.00,ERP RESERVA vendedor=GUTIERREZ VERONICA INES,false,true,erp,70201,GUTIERREZ VERONICA INES
70202,1049,2026-10-01,facturado,107380.26,ERP VENTA vendedor=GUTIERREZ VERONICA INES,false,false,erp,70202,GUTIERREZ VERONICA INES
70203,499,2026-10-01,pendiente,0.00,ERP RESERVA vendedor=GUTIERREZ VERONICA INES,false,true,erp,70203,GUTIERREZ VERONICA INES
70204,858,2026-10-01,facturado,159935.89,ERP VENTA vendedor=GUTIERREZ VERONICA INES,false,false,erp,70204,GUTIERREZ VERONICA INES
70205,1638,2026-10-01,facturado,180603.27,ERP VENTA vendedor=MELLADO FACUNDO,false,false,erp,70205,MELLADO FACUNDO
70206,971,2026-10-01,facturado,676280.12,ERP VENTA vendedor=GUTIERREZ VERONICA INES,false,false,erp,70206,GUTIERREZ VERONICA INES
70181,1146,2026-09-30,pendiente,0.00,ERP RESERVA vendedor=MELLADO FACUNDO,false,true,erp,70181,MELLADO FACUNDO
70182,184,2026-09-30,facturado,285212.19,ERP VENTA vendedor=GUTIERREZ VERONICA INES,false,false,erp,70182,GUTIERREZ VERONICA INES
70183,990,2026-09-30,confirmado,0.00,ERP RESERVA PREPARADA vendedor=GUTIERREZ VERONICA INES,false,true,erp,70183,GUTIERREZ VERONICA INES
70184,1454,2026-09-30,facturado,151147.40,ERP VENTA vendedor=GUTIERREZ VERONICA INES,false,false,erp,70184,GUTIERREZ VERONICA INES
70185,1906,2026-09-30,facturado,116354.41,ERP VENTA vendedor=MELLADO FACUNDO,false,false,erp,70185,MELLADO FACUNDO
70186,557,2026-09-30,facturado,102967.26,ERP VENTA vendedor=MELLADO FACUNDO,false,false,erp,70186,MELLADO FACUNDO
70187,557,2026-09-30,facturado,456488.20,ERP VENTA vendedor=MELLADO FACUNDO,false,false,erp,70187,MELLADO FACUNDO
70189,1901,2026-09-30,facturado,134061.26,ERP VENTA vendedor=MELLADO FACUNDO,false,false,erp,70189,MELLADO FACUNDO
70190,1567,2026-09-30,confirmado,445435.96,ERP RESERVA CONFIRMADA vendedor=MELLADO FACUNDO,false,false,erp,70190,MELLADO FACUNDO
70191,6,2026-09-30,confirmado,1630953.44,ERP RESERVA CONFIRMADA vendedor=MELLADO FACUNDO,false,false,erp,70191,MELLADO FACUNDO
70192,431,2026-09-30,confirmado,500394.59,ERP RESERVA CONFIRMADA vendedor=MELLADO FACUNDO,false,false,erp,70192,MELLADO FACUNDO
70193,1342,2026-09-30,confirmado,691000.36,ERP RESERVA CONFIRMADA vendedor=MELLADO FACUNDO,false,false,erp,70193,MELLADO FACUNDO
70194,1815,2026-09-30,facturado,134061.26,ERP VENTA vendedor=MELLADO FACUNDO,false,false,erp,70194,MELLADO FACUNDO
70196,1595,2026-09-30,facturado,359370.00,ERP VENTA vendedor=MELLADO FACUNDO,false,false,erp,70196,MELLADO FACUNDO
70197,1595,2026-09-30,pendiente,0.00,ERP RESERVA vendedor=MELLADO FACUNDO,false,true,erp,70197,MELLADO FACUNDO
70198,1214,2026-09-30,confirmado,158127.42,ERP RESERVA CONFIRMADA vendedor=MELLADO FACUNDO,false,false,erp,70198,MELLADO FACUNDO
70139,796,2026-09-29,confirmado,777540.27,ERP RESERVA CONFIRMADA vendedor=MELLADO FACUNDO,false,false,erp,70139,MELLADO FACUNDO
70140,1137,2026-09-29,confirmado,340094.91,ERP RESERVA CONFIRMADA vendedor=ALEGRIA ESTEBAN,false,false,erp,70140,ALEGRIA ESTEBAN
70141,1735,2026-09-29,confirmado,183614.19,ERP RESERVA CONFIRMADA vendedor=MELLADO FACUNDO,false,false,erp,70141,MELLADO FACUNDO
70142,354,2026-09-29,confirmado,118354.80,ERP RESERVA CONFIRMADA vendedor=ALEGRIA ESTEBAN,false,false,erp,70142,ALEGRIA ESTEBAN
70143,1735,2026-09-29,confirmado,218803.85,ERP RESERVA CONFIRMADA vendedor=MELLADO FACUNDO,false,false,erp,70143,MELLADO FACUNDO
70144,1586,2026-09-29,confirmado,359334.45,ERP RESERVA CONFIRMADA vendedor=ALEGRIA ESTEBAN,false,false,erp,70144,ALEGRIA ESTEBAN
70145,1955,2026-09-29,confirmado,134958.58,ERP RESERVA CONFIRMADA vendedor=MELLADO FACUNDO,false,false,erp,70145,MELLADO FACUNDO
70146,1326,2026-09-29,confirmado,356172.19,ERP RESERVA CONFIRMADA vendedor=ALEGRIA ESTEBAN,false,false,erp,70146,ALEGRIA ESTEBAN
70148,909,2026-09-29,confirmado,147336.50,ERP RESERVA CONFIRMADA vendedor=ALEGRIA ESTEBAN,false,false,erp,70148,ALEGRIA ESTEBAN
70149,909,2026-09-29,confirmado,182616.12,ERP RESERVA CONFIRMADA vendedor=ALEGRIA ESTEBAN,false,false,erp,70149,ALEGRIA ESTEBAN
70150,1750,2026-09-29,confirmado,366708.68,ERP RESERVA CONFIRMADA vendedor=MELLADO FACUNDO,false,false,erp,70150,MELLADO FACUNDO
70152,909,2026-09-29,confirmado,199718.92,ERP RESERVA CONFIRMADA vendedor=ALEGRIA ESTEBAN,false,false,erp,70152,ALEGRIA ESTEBAN
70153,1894,2026-09-29,confirmado,158200.11,ERP RESERVA CONFIRMADA vendedor=ALEGRIA ESTEBAN,false,false,erp,70153,ALEGRIA ESTEBAN
70154,710,2026-09-29,confirmado,139927.54,ERP RESERVA CONFIRMADA vendedor=ALEGRIA ESTEBAN,false,false,erp,70154,ALEGRIA ESTEBAN
70155,710,2026-09-29,confirmado,150953.20,ERP RESERVA CONFIRMADA vendedor=ALEGRIA ESTEBAN,false,false,erp,70155,ALEGRIA ESTEBAN
70156,1757,2026-09-29,confirmado,268638.52,ERP RESERVA CONFIRMADA vendedor=ALEGRIA ESTEBAN,false,false,erp,70156,ALEGRIA ESTEBAN
70157,1858,2026-09-29,facturado,173223.48,ERP VENTA vendedor=GUTIERREZ VERONICA INES,false,false,erp,70157,GUTIERREZ VERONICA INES
70158,316,2026-09-29,facturado,352651.24,ERP VENTA vendedor=GUTIERREZ VERONICA INES,false,false,erp,70158,GUTIERREZ VERONICA INES
70159,316,2026-09-29,facturado,364530.57,ERP VENTA vendedor=MELLADO FACUNDO,false,false,erp,70159,MELLADO FACUNDO
70160,630,2026-09-29,confirmado,160304.25,ERP RESERVA CONFIRMADA vendedor=MELLADO FACUNDO,false,false,erp,70160,MELLADO FACUNDO
70161,1722,2026-09-29,facturado,95498.24,ERP VENTA vendedor=GUTIERREZ VERONICA INES,false,false,erp,70161,GUTIERREZ VERONICA INES
70162,1878,2026-09-29,confirmado,215917.05,ERP RESERVA CONFIRMADA vendedor=GUTIERREZ VERONICA INES,false,false,erp,70162,GUTIERREZ VERONICA INES
70163,787,2026-09-29,facturado,245898.21,ERP VENTA vendedor=MELLADO FACUNDO,false,false,erp,70163,MELLADO FACUNDO
70164,787,2026-09-29,facturado,61710.00,ERP VENTA vendedor=MELLADO FACUNDO,false,false,erp,70164,MELLADO FACUNDO
70165,39,2026-09-29,confirmado,361565.23,ERP RESERVA CONFIRMADA vendedor=GUTIERREZ VERONICA INES,false,false,erp,70165,GUTIERREZ VERONICA INES
70166,1284,2026-09-29,pendiente,0.00,ERP RESERVA vendedor=MELLADO FACUNDO,false,true,erp,70166,MELLADO FACUNDO
70167,143,2026-09-29,confirmado,307185.82,ERP RESERVA CONFIRMADA vendedor=MELLADO FACUNDO,false,false,erp,70167,MELLADO FACUNDO
70168,31,2026-09-29,confirmado,752102.10,ERP RESERVA CONFIRMADA vendedor=MELLADO FACUNDO,false,false,erp,70168,MELLADO FACUNDO
70169,36,2026-09-29,confirmado,319392.23,ERP RESERVA CONFIRMADA vendedor=MELLADO FACUNDO,false,false,erp,70169,MELLADO FACUNDO
70170,1159,2026-09-29,confirmado,362779.62,ERP RESERVA CONFIRMADA vendedor=GUTIERREZ VERONICA INES,false,false,erp,70170,GUTIERREZ VERONICA INES
70171,1955,2026-09-29,confirmado,305765.93,ERP RESERVA CONFIRMADA vendedor=MELLADO FACUNDO,false,false,erp,70171,MELLADO FACUNDO
70172,1849,2026-09-29,confirmado,344531.53,ERP RESERVA CONFIRMADA vendedor=MELLADO FACUNDO,false,false,erp,70172,MELLADO FACUNDO
70173,1307,2026-09-29,confirmado,483582.78,ERP RESERVA CONFIRMADA vendedor=MELLADO FACUNDO,false,false,erp,70173,MELLADO FACUNDO
70174,1802,2026-09-29,facturado,123858.28,ERP VENTA vendedor=MELLADO FACUNDO,false,false,erp,70174,MELLADO FACUNDO
70175,678,2026-09-29,facturado,121593.20,ERP VENTA vendedor=MELLADO FACUNDO,false,false,erp,70175,MELLADO FACUNDO
70176,75,2026-09-29,facturado,220069.55,ERP VENTA vendedor=MELLADO FACUNDO,false,false,erp,70176,MELLADO FACUNDO
70177,35,2026-09-29,facturado,21603.39,ERP VENTA vendedor=MELLADO FACUNDO,false,false,erp,70177,MELLADO FACUNDO
70178,316,2026-09-29,facturado,53930.96,ERP VENTA vendedor=MELLADO FACUNDO,false,false,erp,70178,MELLADO FACUNDO
70179,1414,2026-09-29,facturado,833984.85,ERP VENTA vendedor=MELLADO FACUNDO,false,false,erp,70179,MELLADO FACUNDO
70180,1985,2026-09-29,facturado,147642.90,ERP VENTA vendedor=MELLADO FACUNDO,false,false,erp,70180,MELLADO FACUNDO
70130,35,2026-09-26,confirmado,273097.99,ERP RESERVA CONFIRMADA vendedor=MELLADO FACUNDO,false,false,erp,70130,MELLADO FACUNDO
70131,1984,2026-09-26,facturado,93253.86,ERP VENTA vendedor=MELLADO FACUNDO,false,false,erp,70131,MELLADO FACUNDO
70132,316,2026-09-26,facturado,257947.80,ERP VENTA vendedor=MELLADO FACUNDO,false,false,erp,70132,MELLADO FACUNDO
70133,509,2026-09-26,confirmado,514559.74,ERP RESERVA CONFIRMADA vendedor=MELLADO FACUNDO,false,false,erp,70133,MELLADO FACUNDO
70135,1241,2026-09-26,confirmado,384455.83,ERP RESERVA CONFIRMADA vendedor=MELLADO FACUNDO,false,false,erp,70135,MELLADO FACUNDO
70136,42,2026-09-26,facturado,103114.98,ERP VENTA vendedor=GUTIERREZ VERONICA INES,false,false,erp,70136,GUTIERREZ VERONICA INES
70137,1665,2026-09-26,facturado,108175.68,ERP VENTA vendedor=MELLADO FACUNDO,false,false,erp,70137,MELLADO FACUNDO
70138,968,2026-09-26,facturado,442161.51,ERP VENTA vendedor=GUTIERREZ VERONICA INES,false,false,erp,70138,GUTIERREZ VERONICA INES
70117,1651,2026-09-25,confirmado,715363.04,ERP RESERVA CONFIRMADA vendedor=MELLADO FACUNDO,false,false,erp,70117,MELLADO FACUNDO
70118,1732,2026-09-25,facturado,111427.78,ERP VENTA vendedor=GUTIERREZ VERONICA INES,false,false,erp,70118,GUTIERREZ VERONICA INES
70119,1858,2026-09-25,facturado,292363.45,ERP VENTA vendedor=GUTIERREZ VERONICA INES,false,false,erp,70119,GUTIERREZ VERONICA INES
70120,316,2026-09-25,facturado,38916.90,ERP VENTA vendedor=GUTIERREZ VERONICA INES,false,false,erp,70120,GUTIERREZ VERONICA INES
70121,1202,2026-09-25,facturado,216142.10,ERP VENTA vendedor=MELLADO FACUNDO,false,false,erp,70121,MELLADO FACUNDO
70122,1384,2026-09-25,facturado,9755.75,ERP VENTA vendedor=MELLADO FACUNDO,false,false,erp,70122,MELLADO FACUNDO
70123,316,2026-09-25,facturado,70331.25,ERP VENTA vendedor=GUTIERREZ VERONICA INES,false,false,erp,70123,GUTIERREZ VERONICA INES
70124,1380,2026-09-25,confirmado,310889.54,ERP RESERVA CONFIRMADA vendedor=GUTIERREZ VERONICA INES,false,false,erp,70124,GUTIERREZ VERONICA INES
70125,1406,2026-09-25,facturado,103578.60,ERP VENTA vendedor=MELLADO FACUNDO,false,false,erp,70125,MELLADO FACUNDO
70126,207,2026-09-25,confirmado,143031.03,ERP RESERVA CONFIRMADA vendedor=MELLADO FACUNDO,false,false,erp,70126,MELLADO FACUNDO
70127,1326,2026-09-25,confirmado,4191944.71,ERP RESERVA CONFIRMADA vendedor=MELLADO FACUNDO,false,false,erp,70127,MELLADO FACUNDO
70128,1359,2026-09-25,facturado,95465.93,ERP VENTA vendedor=MELLADO FACUNDO,false,false,erp,70128,MELLADO FACUNDO
70129,1982,2026-09-25,facturado,119207.45,ERP VENTA vendedor=MELLADO FACUNDO,false,false,erp,70129,MELLADO FACUNDO
70109,1580,2026-09-24,facturado,140913.77,ERP VENTA vendedor=GUTIERREZ VERONICA INES,false,false,erp,70109,GUTIERREZ VERONICA INES
70110,971,2026-09-24,facturado,310217.33,ERP VENTA vendedor=GUTIERREZ VERONICA INES,false,false,erp,70110,GUTIERREZ VERONICA INES
70111,996,2026-09-24,confirmado,482202.30,ERP RESERVA CONFIRMADA vendedor=GUTIERREZ VERONICA INES,false,false,erp,70111,GUTIERREZ VERONICA INES
70112,858,2026-09-24,confirmado,191698.39,ERP RESERVA CONFIRMADA vendedor=GUTIERREZ VERONICA INES,false,false,erp,70112,GUTIERREZ VERONICA INES
70113,140,2026-09-24,confirmado,367433.38,ERP RESERVA CONFIRMADA vendedor=MELLADO FACUNDO,false,false,erp,70113,MELLADO FACUNDO
70114,1146,2026-09-24,confirmado,1028486.67,ERP RESERVA CONFIRMADA vendedor=GUTIERREZ VERONICA INES,false,false,erp,70114,GUTIERREZ VERONICA INES
70115,797,2026-09-24,facturado,128307.44,ERP VENTA vendedor=MELLADO FACUNDO,false,false,erp,70115,MELLADO FACUNDO
70116,200,2026-09-24,confirmado,279569.50,ERP RESERVA CONFIRMADA vendedor=MELLADO FACUNDO,false,false,erp,70116,MELLADO FACUNDO
70095,1506,2026-09-23,facturado,129600.00,ERP VENTA vendedor=GUTIERREZ VERONICA INES,false,false,erp,70095,GUTIERREZ VERONICA INES
70096,46,2026-09-23,pendiente,0.00,ERP RESERVA vendedor=GUTIERREZ VERONICA INES,false,true,erp,70096,GUTIERREZ VERONICA INES
70098,834,2026-09-23,facturado,108158.66,ERP VENTA vendedor=GUTIERREZ VERONICA INES,false,false,erp,70098,GUTIERREZ VERONICA INES
70099,1948,2026-09-23,facturado,224637.14,ERP VENTA vendedor=GUTIERREZ VERONICA INES,false,false,erp,70099,GUTIERREZ VERONICA INES
70100,1941,2026-09-23,confirmado,547916.66,ERP RESERVA CONFIRMADA vendedor=GUTIERREZ VERONICA INES,false,false,erp,70100,GUTIERREZ VERONICA INES
70101,316,2026-09-23,facturado,140855.12,ERP VENTA vendedor=GUTIERREZ VERONICA INES,false,false,erp,70101,GUTIERREZ VERONICA INES
70102,1924,2026-09-23,confirmado,228933.80,ERP RESERVA CONFIRMADA vendedor=MELLADO FACUNDO,false,false,erp,70102,MELLADO FACUNDO
70103,125,2026-09-23,confirmado,312306.39,ERP RESERVA CONFIRMADA vendedor=GUTIERREZ VERONICA INES,false,false,erp,70103,GUTIERREZ VERONICA INES
70104,962,2026-09-23,facturado,151739.51,ERP VENTA vendedor=MELLADO FACUNDO,false,false,erp,70104,MELLADO FACUNDO
70105,56,2026-09-23,confirmado,288623.73,ERP RESERVA CONFIRMADA vendedor=MELLADO FACUNDO,false,false,erp,70105,MELLADO FACUNDO
70106,35,2026-09-23,confirmado,332888.93,ERP RESERVA CONFIRMADA vendedor=MELLADO FACUNDO,false,false,erp,70106,MELLADO FACUNDO
70107,1871,2026-09-23,facturado,150032.89,ERP VENTA vendedor=MELLADO FACUNDO,false,false,erp,70107,MELLADO FACUNDO
70073,1923,2026-09-22,confirmado,129073.03,ERP RESERVA CONFIRMADA vendedor=MELLADO FACUNDO,false,false,erp,70073,MELLADO FACUNDO
70074,419,2026-09-22,confirmado,491097.74,ERP RESERVA CONFIRMADA vendedor=MELLADO FACUNDO,false,false,erp,70074,MELLADO FACUNDO
70075,1512,2026-09-22,confirmado,359730.73,ERP RESERVA CONFIRMADA vendedor=MELLADO FACUNDO,false,false,erp,70075,MELLADO FACUNDO
70076,478,2026-09-22,confirmado,432476.00,ERP RESERVA CONFIRMADA vendedor=MELLADO FACUNDO,false,false,erp,70076,MELLADO FACUNDO
70077,1955,2026-09-22,confirmado,235499.55,ERP RESERVA CONFIRMADA vendedor=MELLADO FACUNDO,false,false,erp,70077,MELLADO FACUNDO
70078,1977,2026-09-22,facturado,112251.26,ERP VENTA vendedor=GUTIERREZ VERONICA INES,false,false,erp,70078,GUTIERREZ VERONICA INES
70079,31,2026-09-22,confirmado,2027936.63,ERP RESERVA CONFIRMADA vendedor=GUTIERREZ VERONICA INES,false,false,erp,70079,GUTIERREZ VERONICA INES
70081,1455,2026-09-22,facturado,147920.36,ERP VENTA vendedor=GUTIERREZ VERONICA INES,false,false,erp,70081,GUTIERREZ VERONICA INES
70082,1832,2026-09-22,facturado,101773.69,ERP VENTA vendedor=GUTIERREZ VERONICA INES,false,false,erp,70082,GUTIERREZ VERONICA INES
70083,108,2026-09-22,confirmado,305399.94,ERP RESERVA CONFIRMADA vendedor=GUTIERREZ VERONICA INES,false,false,erp,70083,GUTIERREZ VERONICA INES
70084,1955,2026-09-22,confirmado,168171.41,ERP RESERVA CONFIRMADA vendedor=GUTIERREZ VERONICA INES,false,false,erp,70084,GUTIERREZ VERONICA INES
70085,184,2026-09-22,confirmado,162240.50,ERP RESERVA CONFIRMADA vendedor=GUTIERREZ VERONICA INES,false,false,erp,70085,GUTIERREZ VERONICA INES
70086,947,2026-09-22,facturado,510000.00,ERP VENTA vendedor=MELLADO FACUNDO,false,false,erp,70086,MELLADO FACUNDO
70087,36,2026-09-22,confirmado,105251.15,ERP RESERVA CONFIRMADA vendedor=MELLADO FACUNDO,false,false,erp,70087,MELLADO FACUNDO
70088,1307,2026-09-22,confirmado,310902.78,ERP RESERVA CONFIRMADA vendedor=MELLADO FACUNDO,false,false,erp,70088,MELLADO FACUNDO
70089,1384,2026-09-22,confirmado,499998.90,ERP RESERVA CONFIRMADA vendedor=MELLADO FACUNDO,false,false,erp,70089,MELLADO FACUNDO
70090,1950,2026-09-22,facturado,322911.15,ERP VENTA vendedor=MELLADO FACUNDO,false,false,erp,70090,MELLADO FACUNDO
70091,35,2026-09-22,facturado,531840.92,ERP VENTA vendedor=MELLADO FACUNDO,false,false,erp,70091,MELLADO FACUNDO
70092,1442,2026-09-22,facturado,356022.56,ERP VENTA vendedor=MELLADO FACUNDO,false,false,erp,70092,MELLADO FACUNDO
70093,968,2026-09-22,facturado,52272.00,ERP VENTA vendedor=MELLADO FACUNDO,false,false,erp,70093,MELLADO FACUNDO
70094,947,2026-09-22,confirmado,407490.79,ERP RESERVA CONFIRMADA vendedor=MELLADO FACUNDO,false,false,erp,70094,MELLADO FACUNDO
70032,1326,2026-09-21,confirmado,684010.96,ERP RESERVA CONFIRMADA vendedor=MELLADO FACUNDO,false,false,erp,70032,MELLADO FACUNDO
70033,909,2026-09-21,confirmado,142852.30,ERP RESERVA CONFIRMADA vendedor=MELLADO FACUNDO,false,false,erp,70033,MELLADO FACUNDO
70034,909,2026-09-21,confirmado,279964.16,ERP RESERVA CONFIRMADA vendedor=MELLADO FACUNDO,false,false,erp,70034,MELLADO FACUNDO
70035,710,2026-09-21,confirmado,116079.56,ERP RESERVA CONFIRMADA vendedor=MELLADO FACUNDO,false,false,erp,70035,MELLADO FACUNDO
70036,710,2026-09-21,confirmado,111103.39,ERP RESERVA CONFIRMADA vendedor=MELLADO FACUNDO,false,false,erp,70036,MELLADO FACUNDO
70037,1894,2026-09-21,confirmado,413562.80,ERP RESERVA CONFIRMADA vendedor=MELLADO FACUNDO,false,false,erp,70037,MELLADO FACUNDO
70038,35,2026-09-21,confirmado,365498.75,ERP RESERVA CONFIRMADA vendedor=MELLADO FACUNDO,false,false,erp,70038,MELLADO FACUNDO
70039,1586,2026-09-21,confirmado,829902.02,ERP RESERVA CONFIRMADA vendedor=MELLADO FACUNDO,false,false,erp,70039,MELLADO FACUNDO
70040,1247,2026-09-21,confirmado,306755.51,ERP RESERVA CONFIRMADA vendedor=MELLADO FACUNDO,false,false,erp,70040,MELLADO FACUNDO
70041,909,2026-09-21,confirmado,284368.64,ERP RESERVA CONFIRMADA vendedor=MELLADO FACUNDO,false,false,erp,70041,MELLADO FACUNDO
70042,823,2026-09-21,facturado,127076.20,ERP VENTA vendedor=MELLADO FACUNDO,false,false,erp,70042,MELLADO FACUNDO
70044,316,2026-09-21,facturado,180385.27,ERP VENTA vendedor=GUTIERREZ VERONICA INES,false,false,erp,70044,GUTIERREZ VERONICA INES
70045,1958,2026-09-21,confirmado,160703.32,ERP RESERVA CONFIRMADA vendedor=MELLADO FACUNDO,false,false,erp,70045,MELLADO FACUNDO
70046,1241,2026-09-21,confirmado,192533.32,ERP RESERVA CONFIRMADA vendedor=GUTIERREZ VERONICA INES,false,false,erp,70046,GUTIERREZ VERONICA INES
70047,574,2026-09-21,confirmado,200812.66,ERP RESERVA CONFIRMADA vendedor=GUTIERREZ VERONICA INES,false,false,erp,70047,GUTIERREZ VERONICA INES
70048,138,2026-09-21,facturado,764970.63,ERP VENTA vendedor=GUTIERREZ VERONICA INES,false,false,erp,70048,GUTIERREZ VERONICA INES
70049,630,2026-09-21,confirmado,432290.95,ERP RESERVA CONFIRMADA vendedor=GUTIERREZ VERONICA INES,false,false,erp,70049,GUTIERREZ VERONICA INES
70050,1155,2026-09-21,confirmado,170996.42,ERP RESERVA CONFIRMADA vendedor=GUTIERREZ VERONICA INES,false,false,erp,70050,GUTIERREZ VERONICA INES
70051,837,2026-09-21,confirmado,205044.41,ERP RESERVA CONFIRMADA vendedor=MELLADO FACUNDO,false,false,erp,70051,MELLADO FACUNDO
70052,1513,2026-09-21,facturado,284685.04,ERP VENTA vendedor=MELLADO FACUNDO,false,false,erp,70052,MELLADO FACUNDO
70053,1533,2026-09-21,facturado,124768.99,ERP VENTA vendedor=MELLADO FACUNDO,false,false,erp,70053,MELLADO FACUNDO
70056,1137,2026-09-21,confirmado,603001.35,ERP RESERVA CONFIRMADA vendedor=ALEGRIA ESTEBAN,false,false,erp,70056,ALEGRIA ESTEBAN
70057,796,2026-09-21,confirmado,960987.60,ERP RESERVA CONFIRMADA vendedor=ALEGRIA ESTEBAN,false,false,erp,70057,ALEGRIA ESTEBAN
70058,1519,2026-09-21,confirmado,442011.79,ERP RESERVA CONFIRMADA vendedor=PATRICIA CURLO,false,false,erp,70058,PATRICIA CURLO
70059,1754,2026-09-21,confirmado,153553.51,ERP RESERVA CONFIRMADA vendedor=ALEGRIA ESTEBAN,false,false,erp,70059,ALEGRIA ESTEBAN
70061,1310,2026-09-21,facturado,45310.68,ERP VENTA vendedor=MELLADO FACUNDO,false,false,erp,70061,MELLADO FACUNDO
70062,952,2026-09-21,confirmado,191075.66,ERP RESERVA CONFIRMADA vendedor=ALEGRIA ESTEBAN,false,false,erp,70062,ALEGRIA ESTEBAN
70063,666,2026-09-21,confirmado,184885.80,ERP RESERVA CONFIRMADA vendedor=ALEGRIA ESTEBAN,false,false,erp,70063,ALEGRIA ESTEBAN
70064,1878,2026-09-21,confirmado,149102.48,ERP RESERVA CONFIRMADA vendedor=ALEGRIA ESTEBAN,false,false,erp,70064,ALEGRIA ESTEBAN
70065,839,2026-09-21,confirmado,256708.06,ERP RESERVA CONFIRMADA vendedor=ALEGRIA ESTEBAN,false,false,erp,70065,ALEGRIA ESTEBAN
70066,1735,2026-09-21,confirmado,384447.35,ERP RESERVA CONFIRMADA vendedor=ALEGRIA ESTEBAN,false,false,erp,70066,ALEGRIA ESTEBAN
70067,1735,2026-09-21,confirmado,344260.14,ERP RESERVA CONFIRMADA vendedor=ALEGRIA ESTEBAN,false,false,erp,70067,ALEGRIA ESTEBAN
70068,700,2026-09-21,confirmado,199002.16,ERP RESERVA CONFIRMADA vendedor=ALEGRIA ESTEBAN,false,false,erp,70068,ALEGRIA ESTEBAN
70070,1417,2026-09-21,confirmado,201477.51,ERP RESERVA CONFIRMADA vendedor=ALEGRIA ESTEBAN,false,false,erp,70070,ALEGRIA ESTEBAN
70071,354,2026-09-21,confirmado,179220.64,ERP RESERVA CONFIRMADA vendedor=ALEGRIA ESTEBAN,false,false,erp,70071,ALEGRIA ESTEBAN
70072,650,2026-09-21,confirmado,100618.00,ERP RESERVA CONFIRMADA vendedor=ALEGRIA ESTEBAN,false,false,erp,70072,ALEGRIA ESTEBAN
70018,968,2026-09-19,facturado,61169.43,ERP VENTA vendedor=MELLADO FACUNDO,false,false,erp,70018,MELLADO FACUNDO
70019,1417,2026-09-19,facturado,173257.25,ERP VENTA vendedor=GUTIERREZ VERONICA INES,false,false,erp,70019,GUTIERREZ VERONICA INES
70020,971,2026-09-19,facturado,299835.45,ERP VENTA vendedor=MELLADO FACUNDO,false,false,erp,70020,MELLADO FACUNDO
70021,1820,2026-09-19,confirmado,200562.94,ERP RESERVA CONFIRMADA vendedor=GUTIERREZ VERONICA INES,false,false,erp,70021,GUTIERREZ VERONICA INES
70022,1930,2026-09-19,facturado,0.00,ERP VENTA vendedor=MELLADO FACUNDO,false,false,erp,70022,MELLADO FACUNDO
70023,1930,2026-09-19,facturado,133437.75,ERP VENTA vendedor=MELLADO FACUNDO,false,false,erp,70023,MELLADO FACUNDO
70024,1199,2026-09-19,facturado,237116.78,ERP VENTA vendedor=MELLADO FACUNDO,false,false,erp,70024,MELLADO FACUNDO
70025,316,2026-09-19,facturado,15674.07,ERP VENTA vendedor=GUTIERREZ VERONICA INES,false,false,erp,70025,GUTIERREZ VERONICA INES
70026,837,2026-09-19,confirmado,105860.74,ERP RESERVA CONFIRMADA vendedor=MELLADO FACUNDO,false,false,erp,70026,MELLADO FACUNDO
70027,1529,2026-09-19,facturado,89843.00,ERP VENTA vendedor=GUTIERREZ VERONICA INES,false,false,erp,70027,GUTIERREZ VERONICA INES
70028,1326,2026-09-19,confirmado,4375199.73,ERP RESERVA CONFIRMADA vendedor=GUTIERREZ VERONICA INES,false,false,erp,70028,GUTIERREZ VERONICA INES
70029,695,2026-09-19,facturado,175195.75,ERP VENTA vendedor=MELLADO FACUNDO,false,false,erp,70029,MELLADO FACUNDO
70030,16,2026-09-19,facturado,597310.32,ERP VENTA vendedor=MELLADO FACUNDO,false,false,erp,70030,MELLADO FACUNDO
70031,1735,2026-09-19,facturado,93701.43,ERP VENTA vendedor=GUTIERREZ VERONICA INES,false,false,erp,70031,GUTIERREZ VERONICA INES
70005,1651,2026-09-18,confirmado,586979.57,ERP RESERVA CONFIRMADA vendedor=MELLADO FACUNDO,false,false,erp,70005,MELLADO FACUNDO
70006,1757,2026-09-18,confirmado,439618.74,ERP RESERVA CONFIRMADA vendedor=MELLADO FACUNDO,false,false,erp,70006,MELLADO FACUNDO
70007,1010,2026-09-18,confirmado,138858.26,ERP RESERVA CONFIRMADA vendedor=MELLADO FACUNDO,false,false,erp,70007,MELLADO FACUNDO
70008,1909,2026-09-18,confirmado,98367.57,ERP RESERVA CONFIRMADA vendedor=GUTIERREZ VERONICA INES,false,false,erp,70008,GUTIERREZ VERONICA INES
70009,178,2026-09-18,facturado,943781.19,ERP VENTA vendedor=GUTIERREZ VERONICA INES,false,false,erp,70009,GUTIERREZ VERONICA INES
70010,460,2026-09-18,facturado,436046.25,ERP VENTA vendedor=GUTIERREZ VERONICA INES,false,false,erp,70010,GUTIERREZ VERONICA INES
70011,1539,2026-09-18,facturado,140657.12,ERP VENTA vendedor=MELLADO FACUNDO,false,false,erp,70011,MELLADO FACUNDO
70012,42,2026-09-18,facturado,126314.20,ERP VENTA vendedor=ALEGRIA ESTEBAN,false,false,erp,70012,ALEGRIA ESTEBAN
70013,1580,2026-09-18,confirmado,470421.68,ERP RESERVA CONFIRMADA vendedor=MELLADO FACUNDO,false,false,erp,70013,MELLADO FACUNDO
70014,16,2026-09-18,facturado,570598.68,ERP VENTA vendedor=MELLADO FACUNDO,false,false,erp,70014,MELLADO FACUNDO
70015,316,2026-09-18,facturado,58773.65,ERP VENTA vendedor=ALEGRIA ESTEBAN,false,false,erp,70015,ALEGRIA ESTEBAN
70016,1665,2026-09-18,facturado,94068.15,ERP VENTA vendedor=MELLADO FACUNDO,false,false,erp,70016,MELLADO FACUNDO
70017,316,2026-09-18,facturado,19919.73,ERP VENTA vendedor=MELLADO FACUNDO,false,false,erp,70017,MELLADO FACUNDO
69984,45,2026-09-17,confirmado,236911.17,ERP RESERVA CONFIRMADA vendedor=MELLADO FACUNDO,false,false,erp,69984,MELLADO FACUNDO
69985,20,2026-09-17,confirmado,126741.15,ERP RESERVA CONFIRMADA vendedor=MELLADO FACUNDO,false,false,erp,69985,MELLADO FACUNDO
69986,200,2026-09-17,confirmado,277381.28,ERP RESERVA CONFIRMADA vendedor=MELLADO FACUNDO,false,false,erp,69986,MELLADO FACUNDO
69987,56,2026-09-17,confirmado,501275.86,ERP RESERVA CONFIRMADA vendedor=GUTIERREZ VERONICA INES,false,false,erp,69987,GUTIERREZ VERONICA INES
69988,1320,2026-09-17,confirmado,189811.80,ERP RESERVA CONFIRMADA vendedor=GUTIERREZ VERONICA INES,false,false,erp,69988,GUTIERREZ VERONICA INES
69989,532,2026-09-17,confirmado,299994.09,ERP RESERVA CONFIRMADA vendedor=MELLADO FACUNDO,false,false,erp,69989,MELLADO FACUNDO
69990,1438,2026-09-17,confirmado,119372.80,ERP RESERVA CONFIRMADA vendedor=MELLADO FACUNDO,false,false,erp,69990,MELLADO FACUNDO
69991,996,2026-09-17,confirmado,669357.36,ERP RESERVA CONFIRMADA vendedor=GUTIERREZ VERONICA INES,false,false,erp,69991,GUTIERREZ VERONICA INES
69992,1971,2026-09-17,facturado,134144.16,ERP VENTA vendedor=MELLADO FACUNDO,false,false,erp,69992,MELLADO FACUNDO
69993,1851,2026-09-17,confirmado,104684.73,ERP RESERVA CONFIRMADA vendedor=GUTIERREZ VERONICA INES,false,false,erp,69993,GUTIERREZ VERONICA INES
69994,1817,2026-09-17,facturado,96394.97,ERP VENTA vendedor=GUTIERREZ VERONICA INES,false,false,erp,69994,GUTIERREZ VERONICA INES
69995,1957,2026-09-17,confirmado,177615.87,ERP RESERVA CONFIRMADA vendedor=MELLADO FACUNDO,false,false,erp,69995,MELLADO FACUNDO
69996,1606,2026-09-17,confirmado,316849.80,ERP RESERVA CONFIRMADA vendedor=GUTIERREZ VERONICA INES,false,false,erp,69996,GUTIERREZ VERONICA INES
69997,640,2026-09-17,facturado,505296.00,ERP VENTA vendedor=MELLADO FACUNDO,false,false,erp,69997,MELLADO FACUNDO
69998,1202,2026-09-17,facturado,203436.32,ERP VENTA vendedor=MELLADO FACUNDO,false,false,erp,69998,MELLADO FACUNDO
69999,7,2026-09-17,confirmado,267991.03,ERP RESERVA CONFIRMADA vendedor=MELLADO FACUNDO,false,false,erp,69999,MELLADO FACUNDO
70000,995,2026-09-17,confirmado,139468.61,ERP RESERVA CONFIRMADA vendedor=MELLADO FACUNDO,false,false,erp,70000,MELLADO FACUNDO
70001,1801,2026-09-17,facturado,153818.03,ERP VENTA vendedor=MELLADO FACUNDO,false,false,erp,70001,MELLADO FACUNDO
70002,1980,2026-09-17,facturado,107059.12,ERP VENTA vendedor=MELLADO FACUNDO,false,false,erp,70002,MELLADO FACUNDO
70003,1120,2026-09-17,confirmado,129628.73,ERP RESERVA CONFIRMADA vendedor=MELLADO FACUNDO,false,false,erp,70003,MELLADO FACUNDO
70004,1146,2026-09-17,confirmado,766327.80,ERP RESERVA CONFIRMADA vendedor=MELLADO FACUNDO,false,false,erp,70004,MELLADO FACUNDO
69966,316,2026-09-16,facturado,98935.38,ERP VENTA vendedor=GUTIERREZ VERONICA INES,false,false,erp,69966,GUTIERREZ VERONICA INES
69967,1941,2026-09-16,confirmado,235531.58,ERP RESERVA CONFIRMADA vendedor=GUTIERREZ VERONICA INES,false,false,erp,69967,GUTIERREZ VERONICA INES
69968,971,2026-09-16,facturado,258144.63,ERP VENTA vendedor=GUTIERREZ VERONICA INES,false,false,erp,69968,GUTIERREZ VERONICA INES
69969,710,2026-09-16,facturado,40779.62,ERP VENTA vendedor=MELLADO FACUNDO,false,false,erp,69969,MELLADO FACUNDO
69970,161,2026-09-16,facturado,318492.12,ERP VENTA vendedor=MELLADO FACUNDO,false,false,erp,69970,MELLADO FACUNDO
69971,1638,2026-09-16,confirmado,234010.17,ERP RESERVA CONFIRMADA vendedor=GUTIERREZ VERONICA INES,false,false,erp,69971,GUTIERREZ VERONICA INES
69972,968,2026-09-16,confirmado,237177.20,ERP RESERVA CONFIRMADA vendedor=MELLADO FACUNDO,false,false,erp,69972,MELLADO FACUNDO
69973,1454,2026-09-16,facturado,115081.25,ERP VENTA vendedor=GUTIERREZ VERONICA INES,false,false,erp,69973,GUTIERREZ VERONICA INES
69974,778,2026-09-16,facturado,117938.76,ERP VENTA vendedor=GUTIERREZ VERONICA INES,false,false,erp,69974,GUTIERREZ VERONICA INES
69975,797,2026-09-16,confirmado,292365.56,ERP RESERVA CONFIRMADA vendedor=MELLADO FACUNDO,false,false,erp,69975,MELLADO FACUNDO
69976,1924,2026-09-16,confirmado,137718.24,ERP RESERVA CONFIRMADA vendedor=MELLADO FACUNDO,false,false,erp,69976,MELLADO FACUNDO
69977,1910,2026-09-16,facturado,265174.70,ERP VENTA vendedor=GUTIERREZ VERONICA INES,false,false,erp,69977,GUTIERREZ VERONICA INES
69978,1342,2026-09-16,confirmado,1113809.05,ERP RESERVA CONFIRMADA vendedor=MELLADO FACUNDO,false,false,erp,69978,MELLADO FACUNDO
69979,35,2026-09-16,confirmado,336410.23,ERP RESERVA CONFIRMADA vendedor=MELLADO FACUNDO,false,false,erp,69979,MELLADO FACUNDO
69980,872,2026-09-16,confirmado,135006.25,ERP RESERVA CONFIRMADA vendedor=MELLADO FACUNDO,false,false,erp,69980,MELLADO FACUNDO
69981,6,2026-09-16,confirmado,86248.00,ERP RESERVA CONFIRMADA vendedor=MELLADO FACUNDO,false,false,erp,69981,MELLADO FACUNDO
69982,428,2026-09-16,confirmado,893228.44,ERP RESERVA CONFIRMADA vendedor=MELLADO FACUNDO,false,false,erp,69982,MELLADO FACUNDO
69983,1802,2026-09-16,facturado,205864.00,ERP VENTA vendedor=MELLADO FACUNDO,false,false,erp,69983,MELLADO FACUNDO
69932,630,2026-09-15,confirmado,254550.67,ERP RESERVA CONFIRMADA vendedor=ALEGRIA ESTEBAN,false,false,erp,69932,ALEGRIA ESTEBAN
69934,1750,2026-09-15,confirmado,222553.92,ERP RESERVA CONFIRMADA vendedor=MELLADO FACUNDO,false,false,erp,69934,MELLADO FACUNDO
69935,796,2026-09-15,confirmado,1113581.38,ERP RESERVA CONFIRMADA vendedor=ALEGRIA ESTEBAN,false,false,erp,69935,ALEGRIA ESTEBAN
69936,1735,2026-09-15,confirmado,280008.98,ERP RESERVA CONFIRMADA vendedor=MELLADO FACUNDO,false,false,erp,69936,MELLADO FACUNDO
69937,872,2026-09-15,confirmado,333391.01,ERP RESERVA CONFIRMADA vendedor=MELLADO FACUNDO,false,false,erp,69937,MELLADO FACUNDO
69938,509,2026-09-15,confirmado,142285.38,ERP RESERVA CONFIRMADA vendedor=MELLADO FACUNDO,false,false,erp,69938,MELLADO FACUNDO
69939,1868,2026-09-15,facturado,509281.04,ERP VENTA vendedor=MELLADO FACUNDO,false,false,erp,69939,MELLADO FACUNDO
69940,974,2026-09-15,facturado,145246.74,ERP VENTA vendedor=MELLADO FACUNDO,false,false,erp,69940,MELLADO FACUNDO
69941,1384,2026-09-15,confirmado,149704.68,ERP RESERVA CONFIRMADA vendedor=MELLADO FACUNDO,false,false,erp,69941,MELLADO FACUNDO
69942,824,2026-09-15,confirmado,367032.48,ERP RESERVA CONFIRMADA vendedor=MELLADO FACUNDO,false,false,erp,69942,MELLADO FACUNDO
69943,1462,2026-09-15,facturado,41261.57,ERP VENTA vendedor=GUTIERREZ VERONICA INES,false,false,erp,69943,GUTIERREZ VERONICA INES
69944,1849,2026-09-15,confirmado,175232.08,ERP RESERVA CONFIRMADA vendedor=GUTIERREZ VERONICA INES,false,false,erp,69944,GUTIERREZ VERONICA INES
69945,42,2026-09-15,facturado,140600.54,ERP VENTA vendedor=GUTIERREZ VERONICA INES,false,false,erp,69945,GUTIERREZ VERONICA INES
69947,129,2026-09-15,confirmado,205091.40,ERP RESERVA CONFIRMADA vendedor=GUTIERREZ VERONICA INES,false,false,erp,69947,GUTIERREZ VERONICA INES
69948,1948,2026-09-15,facturado,141778.16,ERP VENTA vendedor=ALEGRIA ESTEBAN,false,false,erp,69948,ALEGRIA ESTEBAN
69949,1513,2026-09-15,facturado,176873.04,ERP VENTA vendedor=MELLADO FACUNDO,false,false,erp,69949,MELLADO FACUNDO
69950,993,2026-09-15,confirmado,556152.68,ERP RESERVA CONFIRMADA vendedor=ALEGRIA ESTEBAN,false,false,erp,69950,ALEGRIA ESTEBAN
69951,1955,2026-09-15,confirmado,151559.76,ERP RESERVA CONFIRMADA vendedor=ALEGRIA ESTEBAN,false,false,erp,69951,ALEGRIA ESTEBAN
69952,968,2026-09-15,confirmado,762566.67,ERP RESERVA CONFIRMADA vendedor=MELLADO FACUNDO,false,false,erp,69952,MELLADO FACUNDO
69953,36,2026-09-15,confirmado,130342.18,ERP RESERVA CONFIRMADA vendedor=ALEGRIA ESTEBAN,false,false,erp,69953,ALEGRIA ESTEBAN
69954,184,2026-09-15,confirmado,250336.36,ERP RESERVA CONFIRMADA vendedor=MELLADO FACUNDO,false,false,erp,69954,MELLADO FACUNDO
69955,1214,2026-09-15,confirmado,115961.08,ERP RESERVA CONFIRMADA vendedor=MELLADO FACUNDO,false,false,erp,69955,MELLADO FACUNDO
69956,1567,2026-09-15,confirmado,342077.54,ERP RESERVA CONFIRMADA vendedor=ALEGRIA ESTEBAN,false,false,erp,69956,ALEGRIA ESTEBAN
69957,947,2026-09-15,confirmado,289885.04,ERP RESERVA CONFIRMADA vendedor=ALEGRIA ESTEBAN,false,false,erp,69957,ALEGRIA ESTEBAN
69958,151,2026-09-15,confirmado,404642.30,ERP RESERVA CONFIRMADA vendedor=MELLADO FACUNDO,false,false,erp,69958,MELLADO FACUNDO
69959,40,2026-09-15,confirmado,517896.49,ERP RESERVA CONFIRMADA vendedor=ALEGRIA ESTEBAN,false,false,erp,69959,ALEGRIA ESTEBAN
69960,31,2026-09-15,confirmado,756339.91,ERP RESERVA CONFIRMADA vendedor=MELLADO FACUNDO,false,false,erp,69960,MELLADO FACUNDO
69961,65,2026-09-15,confirmado,132211.61,ERP RESERVA CONFIRMADA vendedor=MELLADO FACUNDO,false,false,erp,69961,MELLADO FACUNDO
69962,1882,2026-09-15,confirmado,235235.43,ERP RESERVA CONFIRMADA vendedor=MELLADO FACUNDO,false,false,erp,69962,MELLADO FACUNDO
69964,1735,2026-09-15,facturado,18948.60,ERP VENTA vendedor=MELLADO FACUNDO,false,false,erp,69964,MELLADO FACUNDO
69897,1894,2026-09-14,confirmado,228814.23,ERP RESERVA CONFIRMADA vendedor=MELLADO FACUNDO,false,false,erp,69897,MELLADO FACUNDO
69898,909,2026-09-14,confirmado,195836.50,ERP RESERVA CONFIRMADA vendedor=MELLADO FACUNDO,false,false,erp,69898,MELLADO FACUNDO
69899,909,2026-09-14,confirmado,137465.31,ERP RESERVA CONFIRMADA vendedor=MELLADO FACUNDO,false,false,erp,69899,MELLADO FACUNDO
69900,909,2026-09-14,confirmado,176219.40,ERP RESERVA CONFIRMADA vendedor=MELLADO FACUNDO,false,false,erp,69900,MELLADO FACUNDO
69901,710,2026-09-14,confirmado,91414.39,ERP RESERVA CONFIRMADA vendedor=MELLADO FACUNDO,false,false,erp,69901,MELLADO FACUNDO
69902,710,2026-09-14,confirmado,178830.76,ERP RESERVA CONFIRMADA vendedor=MELLADO FACUNDO,false,false,erp,69902,MELLADO FACUNDO
69903,35,2026-09-14,confirmado,400558.73,ERP RESERVA CONFIRMADA vendedor=MELLADO FACUNDO,false,false,erp,69903,MELLADO FACUNDO
69904,1586,2026-09-14,confirmado,393846.95,ERP RESERVA CONFIRMADA vendedor=MELLADO FACUNDO,false,false,erp,69904,MELLADO FACUNDO
69905,159,2026-09-14,confirmado,303739.62,ERP RESERVA CONFIRMADA vendedor=MELLADO FACUNDO,false,false,erp,69905,MELLADO FACUNDO
69906,1939,2026-09-14,confirmado,179704.20,ERP RESERVA CONFIRMADA vendedor=MELLADO FACUNDO,false,false,erp,69906,MELLADO FACUNDO
69907,1326,2026-09-14,confirmado,345499.91,ERP RESERVA CONFIRMADA vendedor=MELLADO FACUNDO,false,false,erp,69907,MELLADO FACUNDO
69908,1137,2026-09-14,confirmado,670491.61,ERP RESERVA CONFIRMADA vendedor=MELLADO FACUNDO,false,false,erp,69908,MELLADO FACUNDO
69909,1155,2026-09-14,confirmado,154483.92,ERP RESERVA CONFIRMADA vendedor=MELLADO FACUNDO,false,false,erp,69909,MELLADO FACUNDO
69910,1536,2026-09-14,facturado,65348.30,ERP VENTA vendedor=MELLADO FACUNDO,false,false,erp,69910,MELLADO FACUNDO
69912,1735,2026-09-14,confirmado,253654.98,ERP RESERVA CONFIRMADA vendedor=MELLADO FACUNDO,false,false,erp,69912,MELLADO FACUNDO
69913,1580,2026-09-14,facturado,316084.02,ERP VENTA vendedor=MELLADO FACUNDO,false,false,erp,69913,MELLADO FACUNDO
69915,974,2026-09-14,facturado,81705.21,ERP VENTA vendedor=MELLADO FACUNDO,false,false,erp,69915,MELLADO FACUNDO
69916,1911,2026-09-14,facturado,77446.28,ERP VENTA vendedor=MELLADO FACUNDO,false,false,erp,69916,MELLADO FACUNDO
69917,817,2026-09-14,confirmado,129917.61,ERP RESERVA CONFIRMADA vendedor=MELLADO FACUNDO,false,false,erp,69917,MELLADO FACUNDO
69918,1754,2026-09-14,facturado,291498.67,ERP VENTA vendedor=GUTIERREZ VERONICA INES,false,false,erp,69918,GUTIERREZ VERONICA INES
69919,857,2026-09-14,facturado,247670.75,ERP VENTA vendedor=MELLADO FACUNDO,false,false,erp,69919,MELLADO FACUNDO
69920,143,2026-09-14,confirmado,129913.37,ERP RESERVA CONFIRMADA vendedor=MELLADO FACUNDO,false,false,erp,69920,MELLADO FACUNDO
69921,650,2026-09-14,confirmado,237295.64,ERP RESERVA CONFIRMADA vendedor=MELLADO FACUNDO,false,false,erp,69921,MELLADO FACUNDO
69922,952,2026-09-14,confirmado,123231.31,ERP RESERVA CONFIRMADA vendedor=MELLADO FACUNDO,false,false,erp,69922,MELLADO FACUNDO
69923,587,2026-09-14,confirmado,169977.09,ERP RESERVA CONFIRMADA vendedor=MELLADO FACUNDO,false,false,erp,69923,MELLADO FACUNDO
69924,1159,2026-09-14,confirmado,218736.59,ERP RESERVA CONFIRMADA vendedor=MELLADO FACUNDO,false,false,erp,69924,MELLADO FACUNDO
69925,1923,2026-09-14,facturado,271867.77,ERP VENTA vendedor=MELLADO FACUNDO,false,false,erp,69925,MELLADO FACUNDO
69926,1684,2026-09-14,facturado,123420.00,ERP VENTA vendedor=MELLADO FACUNDO,false,false,erp,69926,MELLADO FACUNDO
69927,700,2026-09-14,confirmado,120394.19,ERP RESERVA CONFIRMADA vendedor=MELLADO FACUNDO,false,false,erp,69927,MELLADO FACUNDO
69928,1955,2026-09-14,confirmado,298712.29,ERP RESERVA CONFIRMADA vendedor=MELLADO FACUNDO,false,false,erp,69928,MELLADO FACUNDO
69930,1878,2026-09-14,confirmado,239296.16,ERP RESERVA CONFIRMADA vendedor=MELLADO FACUNDO,false,false,erp,69930,MELLADO FACUNDO
69931,419,2026-09-14,confirmado,187215.49,ERP RESERVA CONFIRMADA vendedor=MELLADO FACUNDO,false,false,erp,69931,MELLADO FACUNDO
69891,971,2026-09-12,facturado,318562.02,ERP VENTA vendedor=MELLADO FACUNDO,false,false,erp,69891,MELLADO FACUNDO
69892,15,2026-09-12,facturado,845482.97,ERP VENTA vendedor=MELLADO FACUNDO,false,false,erp,69892,MELLADO FACUNDO
69893,1326,2026-09-12,confirmado,4384391.07,ERP RESERVA CONFIRMADA vendedor=MELLADO FACUNDO,false,false,erp,69893,MELLADO FACUNDO
69894,15,2026-09-12,facturado,136347.96,ERP VENTA vendedor=MELLADO FACUNDO,false,false,erp,69894,MELLADO FACUNDO
69895,695,2026-09-12,facturado,227569.85,ERP VENTA vendedor=MELLADO FACUNDO,false,false,erp,69895,MELLADO FACUNDO
69896,1735,2026-09-12,facturado,154034.66,ERP VENTA vendedor=MELLADO FACUNDO,false,false,erp,69896,MELLADO FACUNDO
69884,1973,2026-09-11,confirmado,229143.55,ERP RESERVA CONFIRMADA vendedor=MELLADO FACUNDO,false,false,erp,69884,MELLADO FACUNDO
69885,1651,2026-09-11,confirmado,466772.70,ERP RESERVA CONFIRMADA vendedor=MELLADO FACUNDO,false,false,erp,69885,MELLADO FACUNDO
69887,858,2026-09-11,facturado,450514.22,ERP VENTA vendedor=MELLADO FACUNDO,false,false,erp,69887,MELLADO FACUNDO
69888,710,2026-09-11,facturado,39796.43,ERP VENTA vendedor=MELLADO FACUNDO,false,false,erp,69888,MELLADO FACUNDO
69889,1359,2026-09-11,facturado,115287.66,ERP VENTA vendedor=MELLADO FACUNDO,false,false,erp,69889,MELLADO FACUNDO
69890,1609,2026-09-11,facturado,115930.41,ERP VENTA vendedor=MELLADO FACUNDO,false,false,erp,69890,MELLADO FACUNDO
69861,1722,2026-09-10,facturado,112398.28,ERP VENTA vendedor=MELLADO FACUNDO,false,false,erp,69861,MELLADO FACUNDO
69862,1741,2026-09-10,confirmado,179573.21,ERP RESERVA CONFIRMADA vendedor=MELLADO FACUNDO,false,false,erp,69862,MELLADO FACUNDO
69863,200,2026-09-10,confirmado,263539.00,ERP RESERVA CONFIRMADA vendedor=MELLADO FACUNDO,false,false,erp,69863,MELLADO FACUNDO
69864,583,2026-09-10,confirmado,294435.42,ERP RESERVA CONFIRMADA vendedor=MELLADO FACUNDO,false,false,erp,69864,MELLADO FACUNDO
69865,1304,2026-09-10,facturado,100810.99,ERP VENTA vendedor=MELLADO FACUNDO,false,false,erp,69865,MELLADO FACUNDO
69866,38,2026-09-10,confirmado,198909.69,ERP RESERVA CONFIRMADA vendedor=MELLADO FACUNDO,false,false,erp,69866,MELLADO FACUNDO
69867,971,2026-09-10,facturado,284224.65,ERP VENTA vendedor=MELLADO FACUNDO,false,false,erp,69867,MELLADO FACUNDO
69868,640,2026-09-10,confirmado,179685.00,ERP RESERVA CONFIRMADA vendedor=MELLADO FACUNDO,false,false,erp,69868,MELLADO FACUNDO
69869,640,2026-09-10,confirmado,179685.00,ERP RESERVA CONFIRMADA vendedor=MELLADO FACUNDO,false,false,erp,69869,MELLADO FACUNDO
69870,837,2026-09-10,confirmado,101670.22,ERP RESERVA CONFIRMADA vendedor=MELLADO FACUNDO,false,false,erp,69870,MELLADO FACUNDO
69871,1444,2026-09-10,confirmado,184538.64,ERP RESERVA CONFIRMADA vendedor=MELLADO FACUNDO,false,false,erp,69871,MELLADO FACUNDO
69872,140,2026-09-10,confirmado,387762.61,ERP RESERVA CONFIRMADA vendedor=MELLADO FACUNDO,false,false,erp,69872,MELLADO FACUNDO
69874,1970,2026-09-10,facturado,495354.21,ERP VENTA vendedor=MELLADO FACUNDO,false,false,erp,69874,MELLADO FACUNDO
69875,1970,2026-09-10,facturado,10200.23,ERP VENTA vendedor=MELLADO FACUNDO,false,false,erp,69875,MELLADO FACUNDO
69876,1125,2026-09-10,facturado,118649.86,ERP VENTA vendedor=MELLADO FACUNDO,false,false,erp,69876,MELLADO FACUNDO
69877,207,2026-09-10,confirmado,127773.50,ERP RESERVA CONFIRMADA vendedor=MELLADO FACUNDO,false,false,erp,69877,MELLADO FACUNDO
69878,7,2026-09-10,confirmado,363579.65,ERP RESERVA CONFIRMADA vendedor=MELLADO FACUNDO,false,false,erp,69878,MELLADO FACUNDO
69879,1270,2026-09-10,confirmado,131770.00,ERP RESERVA CONFIRMADA vendedor=MELLADO FACUNDO,false,false,erp,69879,MELLADO FACUNDO
69880,1326,2026-09-10,facturado,38930.40,ERP VENTA vendedor=PATRICIA CURLO,false,false,erp,69880,PATRICIA CURLO
69881,1146,2026-09-10,confirmado,1209651.47,ERP RESERVA CONFIRMADA vendedor=MELLADO FACUNDO,false,false,erp,69881,MELLADO FACUNDO
69882,996,2026-09-10,confirmado,472720.05,ERP RESERVA CONFIRMADA vendedor=MELLADO FACUNDO,false,false,erp,69882,MELLADO FACUNDO
69883,1202,2026-09-10,facturado,198003.15,ERP VENTA vendedor=MELLADO FACUNDO,false,false,erp,69883,MELLADO FACUNDO
69846,1939,2026-09-09,confirmado,164747.72,ERP RESERVA CONFIRMADA vendedor=MELLADO FACUNDO,false,false,erp,69846,MELLADO FACUNDO
69847,1735,2026-09-09,confirmado,19443.05,ERP RESERVA CONFIRMADA vendedor=MELLADO FACUNDO,false,false,erp,69847,MELLADO FACUNDO
69848,1567,2026-09-09,confirmado,173365.15,ERP RESERVA CONFIRMADA vendedor=MELLADO FACUNDO,false,false,erp,69848,MELLADO FACUNDO
69849,1137,2026-09-09,confirmado,67966.02,ERP RESERVA CONFIRMADA vendedor=MELLADO FACUNDO,false,false,erp,69849,MELLADO FACUNDO
69850,6,2026-09-09,confirmado,2423932.12,ERP RESERVA CONFIRMADA vendedor=MELLADO FACUNDO,false,false,erp,69850,MELLADO FACUNDO
69851,797,2026-09-09,confirmado,162276.50,ERP RESERVA CONFIRMADA vendedor=MELLADO FACUNDO,false,false,erp,69851,MELLADO FACUNDO
69852,849,2026-09-09,confirmado,277252.62,ERP RESERVA CONFIRMADA vendedor=MELLADO FACUNDO,false,false,erp,69852,MELLADO FACUNDO
69853,993,2026-09-09,confirmado,575629.73,ERP RESERVA CONFIRMADA vendedor=MELLADO FACUNDO,false,false,erp,69853,MELLADO FACUNDO
69854,35,2026-09-09,confirmado,565459.65,ERP RESERVA CONFIRMADA vendedor=MELLADO FACUNDO,false,false,erp,69854,MELLADO FACUNDO
69855,1049,2026-09-09,confirmado,123146.85,ERP RESERVA CONFIRMADA vendedor=MELLADO FACUNDO,false,false,erp,69855,MELLADO FACUNDO
69856,110,2026-09-09,confirmado,522444.01,ERP RESERVA CONFIRMADA vendedor=MELLADO FACUNDO,false,false,erp,69856,MELLADO FACUNDO
69857,110,2026-09-09,facturado,441707.64,ERP VENTA vendedor=MELLADO FACUNDO,false,false,erp,69857,MELLADO FACUNDO
69858,1910,2026-09-09,facturado,123552.50,ERP VENTA vendedor=MELLADO FACUNDO,false,false,erp,69858,MELLADO FACUNDO
69859,1414,2026-09-09,facturado,191180.27,ERP VENTA vendedor=MELLADO FACUNDO,false,false,erp,69859,MELLADO FACUNDO
69820,1137,2026-09-08,confirmado,242101.36,ERP RESERVA CONFIRMADA vendedor=MELLADO FACUNDO,false,false,erp,69820,MELLADO FACUNDO
69821,354,2026-09-08,confirmado,207534.98,ERP RESERVA CONFIRMADA vendedor=MELLADO FACUNDO,false,false,erp,69821,MELLADO FACUNDO
69822,419,2026-09-08,confirmado,368522.28,ERP RESERVA CONFIRMADA vendedor=MELLADO FACUNDO,false,false,erp,69822,MELLADO FACUNDO
69823,834,2026-09-08,facturado,113464.87,ERP VENTA vendedor=MELLADO FACUNDO,false,false,erp,69823,MELLADO FACUNDO
69825,1860,2026-09-08,facturado,131669.13,ERP VENTA vendedor=MELLADO FACUNDO,false,false,erp,69825,MELLADO FACUNDO
69827,1194,2026-09-08,confirmado,274245.59,ERP RESERVA CONFIRMADA vendedor=MELLADO FACUNDO,false,false,erp,69827,MELLADO FACUNDO
69828,971,2026-09-08,facturado,169991.97,ERP VENTA vendedor=MELLADO FACUNDO,false,false,erp,69828,MELLADO FACUNDO
69829,971,2026-09-08,facturado,23021.25,ERP VENTA vendedor=MELLADO FACUNDO,false,false,erp,69829,MELLADO FACUNDO
69830,316,2026-09-08,facturado,250733.78,ERP VENTA vendedor=MELLADO FACUNDO,false,false,erp,69830,MELLADO FACUNDO
69831,36,2026-09-08,confirmado,106578.99,ERP RESERVA CONFIRMADA vendedor=MELLADO FACUNDO,false,false,erp,69831,MELLADO FACUNDO
69832,35,2026-09-08,facturado,69406.52,ERP VENTA vendedor=MELLADO FACUNDO,false,false,erp,69832,MELLADO FACUNDO
69834,152,2026-09-08,confirmado,112493.44,ERP RESERVA CONFIRMADA vendedor=MELLADO FACUNDO,false,false,erp,69834,MELLADO FACUNDO
69835,968,2026-09-08,confirmado,654890.33,ERP RESERVA CONFIRMADA vendedor=MELLADO FACUNDO,false,false,erp,69835,MELLADO FACUNDO
69836,732,2026-09-08,confirmado,166128.01,ERP RESERVA CONFIRMADA vendedor=MELLADO FACUNDO,false,false,erp,69836,MELLADO FACUNDO
69837,124,2026-09-08,confirmado,2421493.61,ERP RESERVA CONFIRMADA vendedor=MELLADO FACUNDO,false,false,erp,69837,MELLADO FACUNDO
69838,1942,2026-09-08,confirmado,148140.26,ERP RESERVA CONFIRMADA vendedor=MELLADO FACUNDO,false,false,erp,69838,MELLADO FACUNDO
69839,1307,2026-09-08,confirmado,202091.22,ERP RESERVA CONFIRMADA vendedor=MELLADO FACUNDO,false,false,erp,69839,MELLADO FACUNDO
69840,108,2026-09-08,confirmado,145989.08,ERP RESERVA CONFIRMADA vendedor=MELLADO FACUNDO,false,false,erp,69840,MELLADO FACUNDO
69841,125,2026-09-08,confirmado,370120.16,ERP RESERVA CONFIRMADA vendedor=MELLADO FACUNDO,false,false,erp,69841,MELLADO FACUNDO
69842,31,2026-09-08,confirmado,1114908.90,ERP RESERVA CONFIRMADA vendedor=MELLADO FACUNDO,false,false,erp,69842,MELLADO FACUNDO
69843,1955,2026-09-08,confirmado,117053.51,ERP RESERVA CONFIRMADA vendedor=MELLADO FACUNDO,false,false,erp,69843,MELLADO FACUNDO
69844,348,2026-09-08,confirmado,379759.07,ERP RESERVA CONFIRMADA vendedor=MELLADO FACUNDO,false,false,erp,69844,MELLADO FACUNDO
69845,235,2026-09-08,facturado,104017.01,ERP VENTA vendedor=MELLADO FACUNDO,false,false,erp,69845,MELLADO FACUNDO
69775,909,2026-09-07,confirmado,120429.05,ERP RESERVA CONFIRMADA vendedor=MELLADO FACUNDO,false,false,erp,69775,MELLADO FACUNDO
69776,909,2026-09-07,confirmado,153729.51,ERP RESERVA CONFIRMADA vendedor=MELLADO FACUNDO,false,false,erp,69776,MELLADO FACUNDO
69777,909,2026-09-07,confirmado,150026.24,ERP RESERVA CONFIRMADA vendedor=MELLADO FACUNDO,false,false,erp,69777,MELLADO FACUNDO
69778,1326,2026-09-07,confirmado,286878.06,ERP RESERVA CONFIRMADA vendedor=MELLADO FACUNDO,false,false,erp,69778,MELLADO FACUNDO
69779,1894,2026-09-07,confirmado,254677.64,ERP RESERVA CONFIRMADA vendedor=MELLADO FACUNDO,false,false,erp,69779,MELLADO FACUNDO
69780,1326,2026-09-07,confirmado,3011073.77,ERP RESERVA CONFIRMADA vendedor=MELLADO FACUNDO,false,false,erp,69780,MELLADO FACUNDO
69781,1586,2026-09-07,facturado,285935.65,ERP VENTA vendedor=MELLADO FACUNDO,false,false,erp,69781,MELLADO FACUNDO
69782,710,2026-09-07,confirmado,101285.58,ERP RESERVA CONFIRMADA vendedor=MELLADO FACUNDO,false,false,erp,69782,MELLADO FACUNDO
69783,710,2026-09-07,confirmado,104873.62,ERP RESERVA CONFIRMADA vendedor=MELLADO FACUNDO,false,false,erp,69783,MELLADO FACUNDO
69784,1820,2026-09-07,confirmado,190371.56,ERP RESERVA CONFIRMADA vendedor=MELLADO FACUNDO,false,false,erp,69784,MELLADO FACUNDO
69785,787,2026-09-07,confirmado,138078.31,ERP RESERVA CONFIRMADA vendedor=MELLADO FACUNDO,false,false,erp,69785,MELLADO FACUNDO
69786,1442,2026-09-07,facturado,555639.43,ERP VENTA vendedor=MELLADO FACUNDO,false,false,erp,69786,MELLADO FACUNDO
69787,1968,2026-09-07,facturado,331058.16,ERP VENTA vendedor=MELLADO FACUNDO,false,false,erp,69787,MELLADO FACUNDO
69788,1878,2026-09-07,confirmado,183953.32,ERP RESERVA CONFIRMADA vendedor=MELLADO FACUNDO,false,false,erp,69788,MELLADO FACUNDO
69789,630,2026-09-07,confirmado,269062.24,ERP RESERVA CONFIRMADA vendedor=MELLADO FACUNDO,false,false,erp,69789,MELLADO FACUNDO
69790,658,2026-09-07,facturado,403548.34,ERP VENTA vendedor=MELLADO FACUNDO,false,false,erp,69790,MELLADO FACUNDO
69791,1326,2026-09-07,facturado,341704.74,ERP VENTA vendedor=MELLADO FACUNDO,false,false,erp,69791,MELLADO FACUNDO
69792,1854,2026-09-07,confirmado,113280.58,ERP RESERVA CONFIRMADA vendedor=MELLADO FACUNDO,false,false,erp,69792,MELLADO FACUNDO
69793,796,2026-09-07,confirmado,471053.59,ERP RESERVA CONFIRMADA vendedor=MELLADO FACUNDO,false,false,erp,69793,MELLADO FACUNDO
69794,1092,2026-09-07,facturado,20222.95,ERP VENTA vendedor=MELLADO FACUNDO,false,false,erp,69794,MELLADO FACUNDO
69795,1015,2026-09-07,confirmado,125997.73,ERP RESERVA CONFIRMADA vendedor=MELLADO FACUNDO,false,false,erp,69795,MELLADO FACUNDO
69796,1832,2026-09-07,confirmado,141115.85,ERP RESERVA CONFIRMADA vendedor=MELLADO FACUNDO,false,false,erp,69796,MELLADO FACUNDO
69797,1384,2026-09-07,confirmado,118024.33,ERP RESERVA CONFIRMADA vendedor=MELLADO FACUNDO,false,false,erp,69797,MELLADO FACUNDO
69798,1735,2026-09-07,confirmado,204697.49,ERP RESERVA CONFIRMADA vendedor=MELLADO FACUNDO,false,false,erp,69798,MELLADO FACUNDO
69800,1735,2026-09-07,confirmado,236322.49,ERP RESERVA CONFIRMADA vendedor=MELLADO FACUNDO,false,false,erp,69800,MELLADO FACUNDO
69801,1291,2026-09-07,facturado,255760.46,ERP VENTA vendedor=ALEGRIA ESTEBAN,false,false,erp,69801,ALEGRIA ESTEBAN
69802,962,2026-09-07,confirmado,111827.29,ERP RESERVA CONFIRMADA vendedor=MELLADO FACUNDO,false,false,erp,69802,MELLADO FACUNDO
69803,35,2026-09-07,confirmado,193451.20,ERP RESERVA CONFIRMADA vendedor=MELLADO FACUNDO,false,false,erp,69803,MELLADO FACUNDO
69804,1241,2026-09-07,confirmado,270204.10,ERP RESERVA CONFIRMADA vendedor=MELLADO FACUNDO,false,false,erp,69804,MELLADO FACUNDO
69805,947,2026-09-07,confirmado,200305.40,ERP RESERVA CONFIRMADA vendedor=MELLADO FACUNDO,false,false,erp,69805,MELLADO FACUNDO
69806,1519,2026-09-07,confirmado,427652.77,ERP RESERVA CONFIRMADA vendedor=MELLADO FACUNDO,false,false,erp,69806,MELLADO FACUNDO
69807,184,2026-09-07,confirmado,184484.23,ERP RESERVA CONFIRMADA vendedor=MELLADO FACUNDO,false,false,erp,69807,MELLADO FACUNDO
69808,851,2026-09-07,confirmado,245699.88,ERP RESERVA CONFIRMADA vendedor=MELLADO FACUNDO,false,false,erp,69808,MELLADO FACUNDO
69809,1923,2026-09-07,confirmado,142701.82,ERP RESERVA CONFIRMADA vendedor=MELLADO FACUNDO,false,false,erp,69809,MELLADO FACUNDO
69810,650,2026-09-07,confirmado,293075.88,ERP RESERVA CONFIRMADA vendedor=MELLADO FACUNDO,false,false,erp,69810,MELLADO FACUNDO
69811,666,2026-09-07,confirmado,162914.28,ERP RESERVA CONFIRMADA vendedor=MELLADO FACUNDO,false,false,erp,69811,MELLADO FACUNDO
69812,316,2026-09-07,facturado,243917.87,ERP VENTA vendedor=MELLADO FACUNDO,false,false,erp,69812,MELLADO FACUNDO
69813,700,2026-09-07,confirmado,117626.69,ERP RESERVA CONFIRMADA vendedor=MELLADO FACUNDO,false,false,erp,69813,MELLADO FACUNDO
69814,1858,2026-09-07,confirmado,272695.92,ERP RESERVA CONFIRMADA vendedor=MELLADO FACUNDO,false,false,erp,69814,MELLADO FACUNDO
69815,1955,2026-09-07,confirmado,205780.29,ERP RESERVA CONFIRMADA vendedor=MELLADO FACUNDO,false,false,erp,69815,MELLADO FACUNDO
69816,1512,2026-09-07,confirmado,398489.36,ERP RESERVA CONFIRMADA vendedor=MELLADO FACUNDO,false,false,erp,69816,MELLADO FACUNDO
69817,839,2026-09-07,confirmado,378745.29,ERP RESERVA CONFIRMADA vendedor=MELLADO FACUNDO,false,false,erp,69817,MELLADO FACUNDO
69818,1512,2026-09-07,confirmado,674955.97,ERP RESERVA CONFIRMADA vendedor=MELLADO FACUNDO,false,false,erp,69818,MELLADO FACUNDO
69819,87,2026-09-07,facturado,177224.63,ERP VENTA vendedor=MELLADO FACUNDO,false,false,erp,69819,MELLADO FACUNDO
69766,138,2026-09-05,facturado,533297.29,ERP VENTA vendedor=MELLADO FACUNDO,false,false,erp,69766,MELLADO FACUNDO
69767,138,2026-09-05,facturado,51351.07,ERP VENTA vendedor=MELLADO FACUNDO,false,false,erp,69767,MELLADO FACUNDO
69768,1922,2026-09-05,facturado,98058.94,ERP VENTA vendedor=MELLADO FACUNDO,false,false,erp,69768,MELLADO FACUNDO
69769,178,2026-09-05,facturado,260401.01,ERP VENTA vendedor=MELLADO FACUNDO,false,false,erp,69769,MELLADO FACUNDO
69770,837,2026-09-05,facturado,102422.00,ERP VENTA vendedor=MELLADO FACUNDO,false,false,erp,69770,MELLADO FACUNDO
69771,1247,2026-09-05,confirmado,409563.75,ERP RESERVA CONFIRMADA vendedor=MELLADO FACUNDO,false,false,erp,69771,MELLADO FACUNDO
69772,1735,2026-09-05,confirmado,28213.32,ERP RESERVA CONFIRMADA vendedor=MELLADO FACUNDO,false,false,erp,69772,MELLADO FACUNDO
69773,178,2026-09-05,facturado,46167.56,ERP VENTA vendedor=MELLADO FACUNDO,false,false,erp,69773,MELLADO FACUNDO
69774,1861,2026-09-05,facturado,124219.10,ERP VENTA vendedor=MELLADO FACUNDO,false,false,erp,69774,MELLADO FACUNDO
69754,898,2026-09-04,facturado,130439.68,ERP VENTA vendedor=ALEGRIA ESTEBAN,false,false,erp,69754,ALEGRIA ESTEBAN
69755,532,2026-09-04,facturado,325427.70,ERP VENTA vendedor=ALEGRIA ESTEBAN,false,false,erp,69755,ALEGRIA ESTEBAN
69756,993,2026-09-04,confirmado,405074.80,ERP RESERVA CONFIRMADA vendedor=ALEGRIA ESTEBAN,false,false,erp,69756,ALEGRIA ESTEBAN
69757,1636,2026-09-04,facturado,21553.95,ERP VENTA vendedor=ALEGRIA ESTEBAN,false,false,erp,69757,ALEGRIA ESTEBAN
69758,633,2026-09-04,facturado,100177.21,ERP VENTA vendedor=ALEGRIA ESTEBAN,false,false,erp,69758,ALEGRIA ESTEBAN
69759,1957,2026-09-04,facturado,101341.89,ERP VENTA vendedor=ALEGRIA ESTEBAN,false,false,erp,69759,ALEGRIA ESTEBAN
69760,1844,2026-09-04,facturado,783154.99,ERP VENTA vendedor=ALEGRIA ESTEBAN,false,false,erp,69760,ALEGRIA ESTEBAN
69761,1796,2026-09-04,facturado,113636.70,ERP VENTA vendedor=ALEGRIA ESTEBAN,false,false,erp,69761,ALEGRIA ESTEBAN
69762,1513,2026-09-04,facturado,107812.00,ERP VENTA vendedor=ALEGRIA ESTEBAN,false,false,erp,69762,ALEGRIA ESTEBAN
69763,161,2026-09-04,facturado,326818.07,ERP VENTA vendedor=ALEGRIA ESTEBAN,false,false,erp,69763,ALEGRIA ESTEBAN
69764,678,2026-09-04,facturado,108863.69,ERP VENTA vendedor=ALEGRIA ESTEBAN,false,false,erp,69764,ALEGRIA ESTEBAN
69765,42,2026-09-04,facturado,103361.56,ERP VENTA vendedor=ALEGRIA ESTEBAN,false,false,erp,69765,ALEGRIA ESTEBAN
69729,455,2026-09-03,facturado,217573.39,ERP VENTA vendedor=MELLADO FACUNDO,false,false,erp,69729,MELLADO FACUNDO
69730,971,2026-09-03,facturado,304394.58,ERP VENTA vendedor=MELLADO FACUNDO,false,false,erp,69730,MELLADO FACUNDO
69731,1438,2026-09-03,confirmado,185283.40,ERP RESERVA CONFIRMADA vendedor=MELLADO FACUNDO,false,false,erp,69731,MELLADO FACUNDO
69732,151,2026-09-03,confirmado,43107.90,ERP RESERVA CONFIRMADA vendedor=MELLADO FACUNDO,false,false,erp,69732,MELLADO FACUNDO
69734,993,2026-09-03,confirmado,324913.02,ERP RESERVA CONFIRMADA vendedor=MELLADO FACUNDO,false,false,erp,69734,MELLADO FACUNDO
69735,242,2026-09-03,facturado,113801.00,ERP VENTA vendedor=MELLADO FACUNDO,false,false,erp,69735,MELLADO FACUNDO
69736,997,2026-09-03,confirmado,114231.95,ERP RESERVA CONFIRMADA vendedor=MELLADO FACUNDO,false,false,erp,69736,MELLADO FACUNDO
69737,1320,2026-09-03,confirmado,164531.46,ERP RESERVA CONFIRMADA vendedor=MELLADO FACUNDO,false,false,erp,69737,MELLADO FACUNDO
69738,1586,2026-09-03,facturado,205920.62,ERP VENTA vendedor=MELLADO FACUNDO,false,false,erp,69738,MELLADO FACUNDO
69739,35,2026-09-03,facturado,101048.20,ERP VENTA vendedor=ALEGRIA ESTEBAN,false,false,erp,69739,ALEGRIA ESTEBAN
69740,1146,2026-09-03,confirmado,1054059.93,ERP RESERVA CONFIRMADA vendedor=MELLADO FACUNDO,false,false,erp,69740,MELLADO FACUNDO
69741,1044,2026-09-03,facturado,218117.10,ERP VENTA vendedor=MELLADO FACUNDO,false,false,erp,69741,MELLADO FACUNDO
69742,1120,2026-09-03,confirmado,100894.02,ERP RESERVA CONFIRMADA vendedor=MELLADO FACUNDO,false,false,erp,69742,MELLADO FACUNDO
69743,996,2026-09-03,confirmado,416452.81,ERP RESERVA CONFIRMADA vendedor=MELLADO FACUNDO,false,false,erp,69743,MELLADO FACUNDO
69744,1910,2026-09-03,facturado,249850.94,ERP VENTA vendedor=MELLADO FACUNDO,false,false,erp,69744,MELLADO FACUNDO
69745,1774,2026-09-03,facturado,142982.81,ERP VENTA vendedor=MELLADO FACUNDO,false,false,erp,69745,MELLADO FACUNDO
69746,1851,2026-09-03,confirmado,150620.07,ERP RESERVA CONFIRMADA vendedor=MELLADO FACUNDO,false,false,erp,69746,MELLADO FACUNDO
69747,207,2026-09-03,confirmado,153730.25,ERP RESERVA CONFIRMADA vendedor=MELLADO FACUNDO,false,false,erp,69747,MELLADO FACUNDO
69748,62,2026-09-03,pendiente,0.00,ERP RESERVA vendedor=MELLADO FACUNDO,false,true,erp,69748,MELLADO FACUNDO
69749,1533,2026-09-03,confirmado,324553.34,ERP RESERVA CONFIRMADA vendedor=MELLADO FACUNDO,false,false,erp,69749,MELLADO FACUNDO
69751,1049,2026-09-03,confirmado,117228.85,ERP RESERVA CONFIRMADA vendedor=MELLADO FACUNDO,false,false,erp,69751,MELLADO FACUNDO
69752,1651,2026-09-03,confirmado,564296.87,ERP RESERVA CONFIRMADA vendedor=MELLADO FACUNDO,false,false,erp,69752,MELLADO FACUNDO
69713,1359,2026-09-02,confirmado,163339.81,ERP RESERVA CONFIRMADA vendedor=MELLADO FACUNDO,false,false,erp,69713,MELLADO FACUNDO
69714,35,2026-09-02,confirmado,469680.26,ERP RESERVA CONFIRMADA vendedor=MELLADO FACUNDO,false,false,erp,69714,MELLADO FACUNDO
69716,963,2026-09-02,facturado,66755.68,ERP VENTA vendedor=MELLADO FACUNDO,false,false,erp,69716,MELLADO FACUNDO
69717,36,2026-09-02,confirmado,136865.21,ERP RESERVA CONFIRMADA vendedor=MELLADO FACUNDO,false,false,erp,69717,MELLADO FACUNDO
69718,499,2026-09-02,confirmado,182304.94,ERP RESERVA CONFIRMADA vendedor=MELLADO FACUNDO,false,false,erp,69718,MELLADO FACUNDO
69719,20,2026-09-02,confirmado,159185.66,ERP RESERVA CONFIRMADA vendedor=MELLADO FACUNDO,false,false,erp,69719,MELLADO FACUNDO
69720,1606,2026-09-02,confirmado,391925.11,ERP RESERVA CONFIRMADA vendedor=MELLADO FACUNDO,false,false,erp,69720,MELLADO FACUNDO
69721,1328,2026-09-02,facturado,254831.13,ERP VENTA vendedor=MELLADO FACUNDO,false,false,erp,69721,MELLADO FACUNDO
69722,1847,2026-09-02,facturado,383283.12,ERP VENTA vendedor=MELLADO FACUNDO,false,false,erp,69722,MELLADO FACUNDO
69723,431,2026-09-02,confirmado,201289.39,ERP RESERVA CONFIRMADA vendedor=MELLADO FACUNDO,false,false,erp,69723,MELLADO FACUNDO
69724,1342,2026-09-02,confirmado,770842.79,ERP RESERVA CONFIRMADA vendedor=MELLADO FACUNDO,false,false,erp,69724,MELLADO FACUNDO
69725,45,2026-09-02,confirmado,439923.60,ERP RESERVA CONFIRMADA vendedor=MELLADO FACUNDO,false,false,erp,69725,MELLADO FACUNDO
69726,1941,2026-09-02,confirmado,395972.15,ERP RESERVA CONFIRMADA vendedor=MELLADO FACUNDO,false,false,erp,69726,MELLADO FACUNDO
69727,787,2026-09-02,facturado,61710.00,ERP VENTA vendedor=MELLADO FACUNDO,false,false,erp,69727,MELLADO FACUNDO
69728,1966,2026-09-02,facturado,166467.14,ERP VENTA vendedor=MELLADO FACUNDO,false,false,erp,69728,MELLADO FACUNDO
69691,419,2026-09-01,confirmado,153041.60,ERP RESERVA CONFIRMADA vendedor=MELLADO FACUNDO,false,false,erp,69691,MELLADO FACUNDO
69692,700,2026-09-01,confirmado,143752.32,ERP RESERVA CONFIRMADA vendedor=MELLADO FACUNDO,false,false,erp,69692,MELLADO FACUNDO
69693,385,2026-09-01,confirmado,171709.59,ERP RESERVA CONFIRMADA vendedor=MELLADO FACUNDO,false,false,erp,69693,MELLADO FACUNDO
69694,1137,2026-09-01,confirmado,441921.28,ERP RESERVA CONFIRMADA vendedor=MELLADO FACUNDO,false,false,erp,69694,MELLADO FACUNDO
69695,1955,2026-09-01,confirmado,93227.95,ERP RESERVA CONFIRMADA vendedor=MELLADO FACUNDO,false,false,erp,69695,MELLADO FACUNDO
69696,151,2026-09-01,confirmado,383094.73,ERP RESERVA CONFIRMADA vendedor=MELLADO FACUNDO,false,false,erp,69696,MELLADO FACUNDO
69697,1911,2026-09-01,facturado,52235.51,ERP VENTA vendedor=MELLADO FACUNDO,false,false,erp,69697,MELLADO FACUNDO
69698,316,2026-09-01,facturado,347060.20,ERP VENTA vendedor=MELLADO FACUNDO,false,false,erp,69698,MELLADO FACUNDO
69699,31,2026-09-01,confirmado,1499629.01,ERP RESERVA CONFIRMADA vendedor=MELLADO FACUNDO,false,false,erp,69699,MELLADO FACUNDO
69700,428,2026-09-01,confirmado,962981.31,ERP RESERVA CONFIRMADA vendedor=MELLADO FACUNDO,false,false,erp,69700,MELLADO FACUNDO
69701,851,2026-09-01,confirmado,114172.74,ERP RESERVA CONFIRMADA vendedor=MELLADO FACUNDO,false,false,erp,69701,MELLADO FACUNDO
69702,36,2026-09-01,confirmado,136865.21,ERP RESERVA CONFIRMADA vendedor=MELLADO FACUNDO,false,false,erp,69702,MELLADO FACUNDO
69703,200,2026-09-01,confirmado,306634.04,ERP RESERVA CONFIRMADA vendedor=MELLADO FACUNDO,false,false,erp,69703,MELLADO FACUNDO
69704,1382,2026-09-01,confirmado,176062.30,ERP RESERVA CONFIRMADA vendedor=MELLADO FACUNDO,false,false,erp,69704,MELLADO FACUNDO
69705,947,2026-09-01,confirmado,523894.75,ERP RESERVA CONFIRMADA vendedor=MELLADO FACUNDO,false,false,erp,69705,MELLADO FACUNDO
69706,1801,2026-09-01,confirmado,190223.91,ERP RESERVA CONFIRMADA vendedor=MELLADO FACUNDO,false,false,erp,69706,MELLADO FACUNDO
69707,1965,2026-09-01,facturado,99783.46,ERP VENTA vendedor=MELLADO FACUNDO,false,false,erp,69707,MELLADO FACUNDO
69708,184,2026-09-01,confirmado,347254.34,ERP RESERVA CONFIRMADA vendedor=MELLADO FACUNDO,false,false,erp,69708,MELLADO FACUNDO
69709,1849,2026-09-01,confirmado,111574.04,ERP RESERVA CONFIRMADA vendedor=MELLADO FACUNDO,false,false,erp,69709,MELLADO FACUNDO
69710,990,2026-09-01,confirmado,113801.00,ERP RESERVA CONFIRMADA vendedor=MELLADO FACUNDO,false,false,erp,69710,MELLADO FACUNDO
69711,797,2026-09-01,confirmado,188820.67,ERP RESERVA CONFIRMADA vendedor=MELLADO FACUNDO,false,false,erp,69711,MELLADO FACUNDO
69712,1850,2026-09-01,confirmado,103818.98,ERP RESERVA CONFIRMADA vendedor=MELLADO FACUNDO,false,false,erp,69712,MELLADO FACUNDO
69656,909,2026-08-31,confirmado,228116.53,ERP RESERVA CONFIRMADA vendedor=MELLADO FACUNDO,false,false,erp,69656,MELLADO FACUNDO
69657,909,2026-08-31,confirmado,216457.80,ERP RESERVA CONFIRMADA vendedor=MELLADO FACUNDO,false,false,erp,69657,MELLADO FACUNDO
69658,1326,2026-08-31,confirmado,298131.45,ERP RESERVA CONFIRMADA vendedor=MELLADO FACUNDO,false,false,erp,69658,MELLADO FACUNDO
69659,909,2026-08-31,confirmado,91944.08,ERP RESERVA CONFIRMADA vendedor=MELLADO FACUNDO,false,false,erp,69659,MELLADO FACUNDO
69660,1894,2026-08-31,confirmado,152173.10,ERP RESERVA CONFIRMADA vendedor=MELLADO FACUNDO,false,false,erp,69660,MELLADO FACUNDO
69661,1010,2026-08-31,confirmado,108056.07,ERP RESERVA CONFIRMADA vendedor=MELLADO FACUNDO,false,false,erp,69661,MELLADO FACUNDO
69662,710,2026-08-31,confirmado,110095.59,ERP RESERVA CONFIRMADA vendedor=MELLADO FACUNDO,false,false,erp,69662,MELLADO FACUNDO
69663,710,2026-08-31,confirmado,165903.15,ERP RESERVA CONFIRMADA vendedor=MELLADO FACUNDO,false,false,erp,69663,MELLADO FACUNDO
69664,35,2026-08-31,confirmado,183607.03,ERP RESERVA CONFIRMADA vendedor=MELLADO FACUNDO,false,false,erp,69664,MELLADO FACUNDO
69665,834,2026-08-31,facturado,183146.26,ERP VENTA vendedor=MELLADO FACUNDO,false,false,erp,69665,MELLADO FACUNDO
69666,316,2026-08-31,facturado,89906.77,ERP VENTA vendedor=MELLADO FACUNDO,false,false,erp,69666,MELLADO FACUNDO
69667,1930,2026-08-31,facturado,75614.72,ERP VENTA vendedor=MELLADO FACUNDO,false,false,erp,69667,MELLADO FACUNDO
69668,837,2026-08-31,confirmado,147457.36,ERP RESERVA CONFIRMADA vendedor=MELLADO FACUNDO,false,false,erp,69668,MELLADO FACUNDO
69669,195,2026-08-31,confirmado,165650.67,ERP RESERVA CONFIRMADA vendedor=MELLADO FACUNDO,false,false,erp,69669,MELLADO FACUNDO
69670,35,2026-08-31,facturado,179183.90,ERP VENTA vendedor=MELLADO FACUNDO,false,false,erp,69670,MELLADO FACUNDO
69671,1878,2026-08-31,confirmado,132362.97,ERP RESERVA CONFIRMADA vendedor=MELLADO FACUNDO,false,false,erp,69671,MELLADO FACUNDO
69672,952,2026-08-31,confirmado,156049.84,ERP RESERVA CONFIRMADA vendedor=MELLADO FACUNDO,false,false,erp,69672,MELLADO FACUNDO
69673,908,2026-08-31,confirmado,182463.89,ERP RESERVA CONFIRMADA vendedor=MELLADO FACUNDO,false,false,erp,69673,MELLADO FACUNDO
69674,1817,2026-08-31,facturado,61188.73,ERP VENTA vendedor=MELLADO FACUNDO,false,false,erp,69674,MELLADO FACUNDO
69675,1513,2026-08-31,facturado,161718.00,ERP VENTA vendedor=MELLADO FACUNDO,false,false,erp,69675,MELLADO FACUNDO
69676,1298,2026-08-31,confirmado,101686.12,ERP RESERVA CONFIRMADA vendedor=MELLADO FACUNDO,false,false,erp,69676,MELLADO FACUNDO
69677,1735,2026-08-31,confirmado,207933.88,ERP RESERVA CONFIRMADA vendedor=MELLADO FACUNDO,false,false,erp,69677,MELLADO FACUNDO
69678,1735,2026-08-31,confirmado,344520.87,ERP RESERVA CONFIRMADA vendedor=MELLADO FACUNDO,false,false,erp,69678,MELLADO FACUNDO
69679,630,2026-08-31,confirmado,187114.99,ERP RESERVA CONFIRMADA vendedor=MELLADO FACUNDO,false,false,erp,69679,MELLADO FACUNDO
69680,354,2026-08-31,confirmado,258710.44,ERP RESERVA CONFIRMADA vendedor=MELLADO FACUNDO,false,false,erp,69680,MELLADO FACUNDO
69681,796,2026-08-31,confirmado,1224806.67,ERP RESERVA CONFIRMADA vendedor=MELLADO FACUNDO,false,false,erp,69681,MELLADO FACUNDO
69682,1241,2026-08-31,confirmado,125384.49,ERP RESERVA CONFIRMADA vendedor=MELLADO FACUNDO,false,false,erp,69682,MELLADO FACUNDO
69683,1414,2026-08-31,facturado,738161.51,ERP VENTA vendedor=MELLADO FACUNDO,false,false,erp,69683,MELLADO FACUNDO
69684,143,2026-08-31,confirmado,196696.21,ERP RESERVA CONFIRMADA vendedor=MELLADO FACUNDO,false,false,erp,69684,MELLADO FACUNDO
69685,1159,2026-08-31,confirmado,158480.26,ERP RESERVA CONFIRMADA vendedor=MELLADO FACUNDO,false,false,erp,69685,MELLADO FACUNDO
69686,1417,2026-08-31,facturado,125523.64,ERP VENTA vendedor=MELLADO FACUNDO,false,false,erp,69686,MELLADO FACUNDO
69688,824,2026-08-31,confirmado,755088.31,ERP RESERVA CONFIRMADA vendedor=MELLADO FACUNDO,false,false,erp,69688,MELLADO FACUNDO
69689,574,2026-08-31,confirmado,123947.64,ERP RESERVA CONFIRMADA vendedor=MELLADO FACUNDO,false,false,erp,69689,MELLADO FACUNDO
69690,1955,2026-08-31,confirmado,223380.38,ERP RESERVA CONFIRMADA vendedor=MELLADO FACUNDO,false,false,erp,69690,MELLADO FACUNDO
69650,159,2026-08-29,confirmado,248349.74,ERP RESERVA CONFIRMADA vendedor=MELLADO FACUNDO,false,false,erp,69650,MELLADO FACUNDO
69651,1137,2026-08-29,facturado,189612.50,ERP VENTA vendedor=MELLADO FACUNDO,false,false,erp,69651,MELLADO FACUNDO
69652,971,2026-08-29,facturado,379244.97,ERP VENTA vendedor=MELLADO FACUNDO,false,false,erp,69652,MELLADO FACUNDO
69653,42,2026-08-29,facturado,72422.85,ERP VENTA vendedor=ALEGRIA ESTEBAN,false,false,erp,69653,ALEGRIA ESTEBAN
69654,90,2026-08-29,facturado,55070.64,ERP VENTA vendedor=MELLADO FACUNDO,false,false,erp,69654,MELLADO FACUNDO
69655,1948,2026-08-29,facturado,79747.86,ERP VENTA vendedor=MELLADO FACUNDO,false,false,erp,69655,MELLADO FACUNDO
69639,522,2026-08-28,confirmado,102418.07,ERP RESERVA CONFIRMADA vendedor=MELLADO FACUNDO,false,false,erp,69639,MELLADO FACUNDO
69640,1651,2026-08-28,confirmado,773414.01,ERP RESERVA CONFIRMADA vendedor=MELLADO FACUNDO,false,false,erp,69640,MELLADO FACUNDO
69642,645,2026-08-28,facturado,69731.94,ERP VENTA vendedor=MELLADO FACUNDO,false,false,erp,69642,MELLADO FACUNDO
69643,1722,2026-08-28,facturado,85842.41,ERP VENTA vendedor=MELLADO FACUNDO,false,false,erp,69643,MELLADO FACUNDO
69644,1815,2026-08-28,facturado,53906.00,ERP VENTA vendedor=MELLADO FACUNDO,false,false,erp,69644,MELLADO FACUNDO
69645,1911,2026-08-28,facturado,66917.36,ERP VENTA vendedor=MELLADO FACUNDO,false,false,erp,69645,MELLADO FACUNDO
69646,15,2026-08-28,facturado,461095.98,ERP VENTA vendedor=MELLADO FACUNDO,false,false,erp,69646,MELLADO FACUNDO
69647,1586,2026-08-28,confirmado,243092.12,ERP RESERVA CONFIRMADA vendedor=MELLADO FACUNDO,false,false,erp,69647,MELLADO FACUNDO
69648,522,2026-08-28,confirmado,29618.60,ERP RESERVA CONFIRMADA vendedor=MELLADO FACUNDO,false,false,erp,69648,MELLADO FACUNDO
69649,1326,2026-08-28,confirmado,4080328.61,ERP RESERVA CONFIRMADA vendedor=MELLADO FACUNDO,false,false,erp,69649,MELLADO FACUNDO
69630,1146,2026-08-27,confirmado,662624.19,ERP RESERVA CONFIRMADA vendedor=MELLADO FACUNDO,false,false,erp,69630,MELLADO FACUNDO
69631,35,2026-08-27,confirmado,244268.39,ERP RESERVA CONFIRMADA vendedor=MELLADO FACUNDO,false,false,erp,69631,MELLADO FACUNDO
69632,1638,2026-08-27,facturado,423755.13,ERP VENTA vendedor=MELLADO FACUNDO,false,false,erp,69632,MELLADO FACUNDO
69633,797,2026-08-27,facturado,352683.95,ERP VENTA vendedor=MELLADO FACUNDO,false,false,erp,69633,MELLADO FACUNDO
69634,1145,2026-08-27,facturado,69006.47,ERP VENTA vendedor=ALEGRIA ESTEBAN,false,false,erp,69634,ALEGRIA ESTEBAN
69635,207,2026-08-27,facturado,99824.25,ERP VENTA vendedor=MELLADO FACUNDO,false,false,erp,69635,MELLADO FACUNDO
69636,7,2026-08-27,confirmado,250534.63,ERP RESERVA CONFIRMADA vendedor=MELLADO FACUNDO,false,false,erp,69636,MELLADO FACUNDO
69637,968,2026-08-27,facturado,163350.07,ERP VENTA vendedor=MELLADO FACUNDO,false,false,erp,69637,MELLADO FACUNDO
69638,1107,2026-08-27,confirmado,307294.16,ERP RESERVA CONFIRMADA vendedor=MELLADO FACUNDO,false,false,erp,69638,MELLADO FACUNDO
69618,1214,2026-08-26,confirmado,180056.43,ERP RESERVA CONFIRMADA vendedor=ALEGRIA ESTEBAN,false,false,erp,69618,ALEGRIA ESTEBAN
69619,35,2026-08-26,facturado,163360.67,ERP VENTA vendedor=ALEGRIA ESTEBAN,false,false,erp,69619,ALEGRIA ESTEBAN
69620,316,2026-08-26,facturado,349898.00,ERP VENTA vendedor=ALEGRIA ESTEBAN,false,false,erp,69620,ALEGRIA ESTEBAN
69621,200,2026-08-26,confirmado,227676.18,ERP RESERVA CONFIRMADA vendedor=ALEGRIA ESTEBAN,false,false,erp,69621,ALEGRIA ESTEBAN
69622,695,2026-08-26,facturado,305544.30,ERP VENTA vendedor=ALEGRIA ESTEBAN,false,false,erp,69622,ALEGRIA ESTEBAN
69623,1817,2026-08-26,facturado,104331.33,ERP VENTA vendedor=ALEGRIA ESTEBAN,false,false,erp,69623,ALEGRIA ESTEBAN
69624,1146,2026-08-26,confirmado,250427.54,ERP RESERVA CONFIRMADA vendedor=ALEGRIA ESTEBAN,false,false,erp,69624,ALEGRIA ESTEBAN
69625,532,2026-08-26,facturado,168068.98,ERP VENTA vendedor=ALEGRIA ESTEBAN,false,false,erp,69625,ALEGRIA ESTEBAN
69626,996,2026-08-26,confirmado,425815.79,ERP RESERVA CONFIRMADA vendedor=ALEGRIA ESTEBAN,false,false,erp,69626,ALEGRIA ESTEBAN
69627,131,2026-08-26,confirmado,302094.06,ERP RESERVA CONFIRMADA vendedor=ALEGRIA ESTEBAN,false,false,erp,69627,ALEGRIA ESTEBAN
69628,1270,2026-08-26,confirmado,113801.00,ERP RESERVA CONFIRMADA vendedor=ALEGRIA ESTEBAN,false,false,erp,69628,ALEGRIA ESTEBAN
69629,1963,2026-08-26,facturado,93215.91,ERP VENTA vendedor=ALEGRIA ESTEBAN,false,false,erp,69629,ALEGRIA ESTEBAN
69603,1754,2026-08-25,confirmado,132441.09,ERP RESERVA CONFIRMADA vendedor=MELLADO FACUNDO,false,false,erp,69603,MELLADO FACUNDO
69604,354,2026-08-25,confirmado,123324.65,ERP RESERVA CONFIRMADA vendedor=MELLADO FACUNDO,false,false,erp,69604,MELLADO FACUNDO
69605,1320,2026-08-25,confirmado,237422.60,ERP RESERVA CONFIRMADA vendedor=MELLADO FACUNDO,false,false,erp,69605,MELLADO FACUNDO
69606,971,2026-08-25,facturado,416472.37,ERP VENTA vendedor=MELLADO FACUNDO,false,false,erp,69606,MELLADO FACUNDO
69607,152,2026-08-25,confirmado,121592.36,ERP RESERVA CONFIRMADA vendedor=MELLADO FACUNDO,false,false,erp,69607,MELLADO FACUNDO
69608,1806,2026-08-25,confirmado,212361.91,ERP RESERVA CONFIRMADA vendedor=MELLADO FACUNDO,false,false,erp,69608,MELLADO FACUNDO
69610,947,2026-08-25,facturado,508045.12,ERP VENTA vendedor=MELLADO FACUNDO,false,false,erp,69610,MELLADO FACUNDO
69611,31,2026-08-25,confirmado,985796.68,ERP RESERVA CONFIRMADA vendedor=MELLADO FACUNDO,false,false,erp,69611,MELLADO FACUNDO
69612,348,2026-08-25,confirmado,200039.14,ERP RESERVA CONFIRMADA vendedor=MELLADO FACUNDO,false,false,erp,69612,MELLADO FACUNDO
69613,947,2026-08-25,confirmado,428761.12,ERP RESERVA CONFIRMADA vendedor=MELLADO FACUNDO,false,false,erp,69613,MELLADO FACUNDO
69614,110,2026-08-25,confirmado,284124.86,ERP RESERVA CONFIRMADA vendedor=MELLADO FACUNDO,false,false,erp,69614,MELLADO FACUNDO
69615,110,2026-08-25,facturado,488021.12,ERP VENTA vendedor=MELLADO FACUNDO,false,false,erp,69615,MELLADO FACUNDO
69616,1567,2026-08-25,confirmado,439000.07,ERP RESERVA CONFIRMADA vendedor=MELLADO FACUNDO,false,false,erp,69616,MELLADO FACUNDO
69617,968,2026-08-25,facturado,691194.33,ERP VENTA vendedor=MELLADO FACUNDO,false,false,erp,69617,MELLADO FACUNDO
69560,787,2026-08-24,confirmado,224263.74,ERP RESERVA CONFIRMADA vendedor=MELLADO FACUNDO,false,false,erp,69560,MELLADO FACUNDO
69561,909,2026-08-24,confirmado,108407.55,ERP RESERVA CONFIRMADA vendedor=MELLADO FACUNDO,false,false,erp,69561,MELLADO FACUNDO
69562,909,2026-08-24,confirmado,88186.13,ERP RESERVA CONFIRMADA vendedor=MELLADO FACUNDO,false,false,erp,69562,MELLADO FACUNDO
69563,1326,2026-08-24,confirmado,373637.70,ERP RESERVA CONFIRMADA vendedor=MELLADO FACUNDO,false,false,erp,69563,MELLADO FACUNDO
69564,909,2026-08-24,confirmado,139195.29,ERP RESERVA CONFIRMADA vendedor=MELLADO FACUNDO,false,false,erp,69564,MELLADO FACUNDO
69565,35,2026-08-24,confirmado,165094.94,ERP RESERVA CONFIRMADA vendedor=MELLADO FACUNDO,false,false,erp,69565,MELLADO FACUNDO
69566,1894,2026-08-24,confirmado,183689.23,ERP RESERVA CONFIRMADA vendedor=MELLADO FACUNDO,false,false,erp,69566,MELLADO FACUNDO
69567,993,2026-08-24,confirmado,410371.50,ERP RESERVA CONFIRMADA vendedor=MELLADO FACUNDO,false,false,erp,69567,MELLADO FACUNDO
69568,1909,2026-08-24,confirmado,121719.36,ERP RESERVA CONFIRMADA vendedor=MELLADO FACUNDO,false,false,erp,69568,MELLADO FACUNDO
69569,710,2026-08-24,confirmado,118132.36,ERP RESERVA CONFIRMADA vendedor=MELLADO FACUNDO,false,false,erp,69569,MELLADO FACUNDO
69570,710,2026-08-24,confirmado,116760.09,ERP RESERVA CONFIRMADA vendedor=MELLADO FACUNDO,false,false,erp,69570,MELLADO FACUNDO
69571,849,2026-08-24,facturado,73960.18,ERP VENTA vendedor=MELLADO FACUNDO,false,false,erp,69571,MELLADO FACUNDO
69572,1735,2026-08-24,confirmado,392141.76,ERP RESERVA CONFIRMADA vendedor=MELLADO FACUNDO,false,false,erp,69572,MELLADO FACUNDO
69573,1735,2026-08-24,confirmado,358592.05,ERP RESERVA CONFIRMADA vendedor=MELLADO FACUNDO,false,false,erp,69573,MELLADO FACUNDO
69574,708,2026-08-24,confirmado,185679.85,ERP RESERVA CONFIRMADA vendedor=MELLADO FACUNDO,false,false,erp,69574,MELLADO FACUNDO
69575,1929,2026-08-24,facturado,356516.03,ERP VENTA vendedor=MELLADO FACUNDO,false,false,erp,69575,MELLADO FACUNDO
69576,316,2026-08-24,facturado,80654.54,ERP VENTA vendedor=MELLADO FACUNDO,false,false,erp,69576,MELLADO FACUNDO
69577,1219,2026-08-24,facturado,295684.80,ERP VENTA vendedor=MELLADO FACUNDO,false,false,erp,69577,MELLADO FACUNDO
69578,1854,2026-08-24,confirmado,143749.00,ERP RESERVA CONFIRMADA vendedor=MELLADO FACUNDO,false,false,erp,69578,MELLADO FACUNDO
69579,1878,2026-08-24,confirmado,93168.66,ERP RESERVA CONFIRMADA vendedor=MELLADO FACUNDO,false,false,erp,69579,MELLADO FACUNDO
69580,509,2026-08-24,confirmado,476436.03,ERP RESERVA CONFIRMADA vendedor=MELLADO FACUNDO,false,false,erp,69580,MELLADO FACUNDO
69581,1137,2026-08-24,confirmado,373480.13,ERP RESERVA CONFIRMADA vendedor=MELLADO FACUNDO,false,false,erp,69581,MELLADO FACUNDO
69582,1849,2026-08-24,confirmado,107812.00,ERP RESERVA CONFIRMADA vendedor=MELLADO FACUNDO,false,false,erp,69582,MELLADO FACUNDO
69583,1947,2026-08-24,confirmado,139027.24,ERP RESERVA CONFIRMADA vendedor=MELLADO FACUNDO,false,false,erp,69583,MELLADO FACUNDO
69584,35,2026-08-24,confirmado,112275.80,ERP RESERVA CONFIRMADA vendedor=MELLADO FACUNDO,false,false,erp,69584,MELLADO FACUNDO
69585,1955,2026-08-24,confirmado,145845.77,ERP RESERVA CONFIRMADA vendedor=MELLADO FACUNDO,false,false,erp,69585,MELLADO FACUNDO
69586,1955,2026-08-24,confirmado,82259.96,ERP RESERVA CONFIRMADA vendedor=MELLADO FACUNDO,false,false,erp,69586,MELLADO FACUNDO
69587,1307,2026-08-24,confirmado,454996.98,ERP RESERVA CONFIRMADA vendedor=MELLADO FACUNDO,false,false,erp,69587,MELLADO FACUNDO
69588,796,2026-08-24,confirmado,430544.34,ERP RESERVA CONFIRMADA vendedor=MELLADO FACUNDO,false,false,erp,69588,MELLADO FACUNDO
69589,650,2026-08-24,confirmado,138759.82,ERP RESERVA CONFIRMADA vendedor=MELLADO FACUNDO,false,false,erp,69589,MELLADO FACUNDO
69590,184,2026-08-24,confirmado,317324.81,ERP RESERVA CONFIRMADA vendedor=MELLADO FACUNDO,false,false,erp,69590,MELLADO FACUNDO
69592,161,2026-08-24,facturado,386955.31,ERP VENTA vendedor=MELLADO FACUNDO,false,false,erp,69592,MELLADO FACUNDO
69593,666,2026-08-24,confirmado,262957.06,ERP RESERVA CONFIRMADA vendedor=MELLADO FACUNDO,false,false,erp,69593,MELLADO FACUNDO
69594,839,2026-08-24,confirmado,214751.36,ERP RESERVA CONFIRMADA vendedor=MELLADO FACUNDO,false,false,erp,69594,MELLADO FACUNDO
69595,823,2026-08-24,facturado,213710.09,ERP VENTA vendedor=MELLADO FACUNDO,false,false,erp,69595,MELLADO FACUNDO
69596,630,2026-08-24,confirmado,233077.80,ERP RESERVA CONFIRMADA vendedor=ALEGRIA ESTEBAN,false,false,erp,69596,ALEGRIA ESTEBAN
69597,108,2026-08-24,confirmado,146237.58,ERP RESERVA CONFIRMADA vendedor=ALEGRIA ESTEBAN,false,false,erp,69597,ALEGRIA ESTEBAN
69598,872,2026-08-24,confirmado,172903.97,ERP RESERVA CONFIRMADA vendedor=MELLADO FACUNDO,false,false,erp,69598,MELLADO FACUNDO
69599,1453,2026-08-24,confirmado,198920.42,ERP RESERVA CONFIRMADA vendedor=MELLADO FACUNDO,false,false,erp,69599,MELLADO FACUNDO
69600,419,2026-08-24,confirmado,212190.73,ERP RESERVA CONFIRMADA vendedor=MELLADO FACUNDO,false,false,erp,69600,MELLADO FACUNDO
69601,1063,2026-08-24,confirmado,101551.04,ERP RESERVA CONFIRMADA vendedor=MELLADO FACUNDO,false,false,erp,69601,MELLADO FACUNDO
69602,1858,2026-08-24,confirmado,264753.34,ERP RESERVA CONFIRMADA vendedor=MELLADO FACUNDO,false,false,erp,69602,MELLADO FACUNDO
69550,1770,2026-08-22,facturado,269894.38,ERP VENTA vendedor=MELLADO FACUNDO,false,false,erp,69550,MELLADO FACUNDO
69551,159,2026-08-22,confirmado,390105.09,ERP RESERVA CONFIRMADA vendedor=MELLADO FACUNDO,false,false,erp,69551,MELLADO FACUNDO
69552,1512,2026-08-22,confirmado,912969.99,ERP RESERVA CONFIRMADA vendedor=MELLADO FACUNDO,false,false,erp,69552,MELLADO FACUNDO
69553,1326,2026-08-22,confirmado,4417847.77,ERP RESERVA CONFIRMADA vendedor=MELLADO FACUNDO,false,false,erp,69553,MELLADO FACUNDO
69554,1586,2026-08-22,facturado,299531.84,ERP VENTA vendedor=MELLADO FACUNDO,false,false,erp,69554,MELLADO FACUNDO
69556,1957,2026-08-22,facturado,242126.86,ERP VENTA vendedor=MELLADO FACUNDO,false,false,erp,69556,MELLADO FACUNDO
69557,778,2026-08-22,facturado,89943.90,ERP VENTA vendedor=MELLADO FACUNDO,false,false,erp,69557,MELLADO FACUNDO
69558,178,2026-08-22,facturado,168520.33,ERP VENTA vendedor=MELLADO FACUNDO,false,false,erp,69558,MELLADO FACUNDO
69559,1460,2026-08-22,facturado,228450.94,ERP VENTA vendedor=MELLADO FACUNDO,false,false,erp,69559,MELLADO FACUNDO
69539,1326,2026-08-21,facturado,301870.72,ERP VENTA vendedor=MELLADO FACUNDO,false,false,erp,69539,MELLADO FACUNDO
69540,87,2026-08-21,facturado,238616.24,ERP VENTA vendedor=MELLADO FACUNDO,false,false,erp,69540,MELLADO FACUNDO
69541,837,2026-08-21,facturado,55771.42,ERP VENTA vendedor=MELLADO FACUNDO,false,false,erp,69541,MELLADO FACUNDO
69542,1453,2026-08-21,facturado,44483.48,ERP VENTA vendedor=MELLADO FACUNDO,false,false,erp,69542,MELLADO FACUNDO
69543,971,2026-08-21,facturado,349070.79,ERP VENTA vendedor=MELLADO FACUNDO,false,false,erp,69543,MELLADO FACUNDO
69544,971,2026-08-21,facturado,38647.52,ERP VENTA vendedor=MELLADO FACUNDO,false,false,erp,69544,MELLADO FACUNDO
69545,1923,2026-08-21,facturado,141532.72,ERP VENTA vendedor=MELLADO FACUNDO,false,false,erp,69545,MELLADO FACUNDO
69546,1923,2026-08-21,confirmado,158053.02,ERP RESERVA CONFIRMADA vendedor=MELLADO FACUNDO,false,false,erp,69546,MELLADO FACUNDO
69547,1832,2026-08-21,facturado,120833.88,ERP VENTA vendedor=MELLADO FACUNDO,false,false,erp,69547,MELLADO FACUNDO
69548,1417,2026-08-21,facturado,341011.52,ERP VENTA vendedor=MELLADO FACUNDO,false,false,erp,69548,MELLADO FACUNDO
69549,611,2026-08-21,facturado,53906.00,ERP VENTA vendedor=MELLADO FACUNDO,false,false,erp,69549,MELLADO FACUNDO
69511,1850,2026-08-20,confirmado,107869.72,ERP RESERVA CONFIRMADA vendedor=MELLADO FACUNDO,false,false,erp,69511,MELLADO FACUNDO
69512,56,2026-08-20,confirmado,373335.71,ERP RESERVA CONFIRMADA vendedor=MELLADO FACUNDO,false,false,erp,69512,MELLADO FACUNDO
69513,1049,2026-08-20,confirmado,116611.28,ERP RESERVA CONFIRMADA vendedor=MELLADO FACUNDO,false,false,erp,69513,MELLADO FACUNDO
69514,1948,2026-08-20,facturado,70097.79,ERP VENTA vendedor=MELLADO FACUNDO,false,false,erp,69514,MELLADO FACUNDO
69515,1860,2026-08-20,facturado,67600.78,ERP VENTA vendedor=MELLADO FACUNDO,false,false,erp,69515,MELLADO FACUNDO
69516,35,2026-08-20,confirmado,175781.52,ERP RESERVA CONFIRMADA vendedor=MELLADO FACUNDO,false,false,erp,69516,MELLADO FACUNDO
69517,1858,2026-08-20,facturado,173223.48,ERP VENTA vendedor=MELLADO FACUNDO,false,false,erp,69517,MELLADO FACUNDO
69518,1651,2026-08-20,confirmado,720769.01,ERP RESERVA CONFIRMADA vendedor=MELLADO FACUNDO,false,false,erp,69518,MELLADO FACUNDO
69519,1962,2026-08-20,facturado,71098.42,ERP VENTA vendedor=MELLADO FACUNDO,false,false,erp,69519,MELLADO FACUNDO
69520,316,2026-08-20,facturado,44431.20,ERP VENTA vendedor=MELLADO FACUNDO,false,false,erp,69520,MELLADO FACUNDO
69521,38,2026-08-20,confirmado,161717.36,ERP RESERVA CONFIRMADA vendedor=MELLADO FACUNDO,false,false,erp,69521,MELLADO FACUNDO
69522,985,2026-08-20,facturado,62307.34,ERP VENTA vendedor=MELLADO FACUNDO,false,false,erp,69522,MELLADO FACUNDO
69523,140,2026-08-20,confirmado,194975.71,ERP RESERVA CONFIRMADA vendedor=MELLADO FACUNDO,false,false,erp,69523,MELLADO FACUNDO
69524,957,2026-08-20,confirmado,182513.22,ERP RESERVA CONFIRMADA vendedor=MELLADO FACUNDO,false,false,erp,69524,MELLADO FACUNDO
69525,1580,2026-08-20,facturado,157224.15,ERP VENTA vendedor=MELLADO FACUNDO,false,false,erp,69525,MELLADO FACUNDO
69526,1939,2026-08-20,facturado,49613.50,ERP VENTA vendedor=MELLADO FACUNDO,false,false,erp,69526,MELLADO FACUNDO
69527,532,2026-08-20,facturado,117581.88,ERP VENTA vendedor=MELLADO FACUNDO,false,false,erp,69527,MELLADO FACUNDO
69528,1146,2026-08-20,confirmado,328776.84,ERP RESERVA CONFIRMADA vendedor=MELLADO FACUNDO,false,false,erp,69528,MELLADO FACUNDO
69529,200,2026-08-20,confirmado,253735.00,ERP RESERVA CONFIRMADA vendedor=MELLADO FACUNDO,false,false,erp,69529,MELLADO FACUNDO
69530,1120,2026-08-20,confirmado,192921.13,ERP RESERVA CONFIRMADA vendedor=MELLADO FACUNDO,false,false,erp,69530,MELLADO FACUNDO
69531,996,2026-08-20,confirmado,461535.31,ERP RESERVA CONFIRMADA vendedor=MELLADO FACUNDO,false,false,erp,69531,MELLADO FACUNDO
69532,1606,2026-08-20,confirmado,137333.19,ERP RESERVA CONFIRMADA vendedor=MELLADO FACUNDO,false,false,erp,69532,MELLADO FACUNDO
69533,151,2026-08-20,confirmado,55659.99,ERP RESERVA CONFIRMADA vendedor=MELLADO FACUNDO,false,false,erp,69533,MELLADO FACUNDO
69534,7,2026-08-20,confirmado,657907.96,ERP RESERVA CONFIRMADA vendedor=MELLADO FACUNDO,false,false,erp,69534,MELLADO FACUNDO
69535,1851,2026-08-20,confirmado,179120.44,ERP RESERVA CONFIRMADA vendedor=MELLADO FACUNDO,false,false,erp,69535,MELLADO FACUNDO
69536,1489,2026-08-20,confirmado,511250.87,ERP RESERVA CONFIRMADA vendedor=MELLADO FACUNDO,false,false,erp,69536,MELLADO FACUNDO
69537,453,2026-08-20,confirmado,217320.97,ERP RESERVA CONFIRMADA vendedor=MELLADO FACUNDO,false,false,erp,69537,MELLADO FACUNDO
69538,42,2026-08-20,facturado,113339.33,ERP VENTA vendedor=MELLADO FACUNDO,false,false,erp,69538,MELLADO FACUNDO
69487,316,2026-08-19,facturado,129037.60,ERP VENTA vendedor=MELLADO FACUNDO,false,false,erp,69487,MELLADO FACUNDO
69488,1438,2026-08-19,confirmado,152538.29,ERP RESERVA CONFIRMADA vendedor=MELLADO FACUNDO,false,false,erp,69488,MELLADO FACUNDO
69489,1901,2026-08-19,confirmado,143749.00,ERP RESERVA CONFIRMADA vendedor=MELLADO FACUNDO,false,false,erp,69489,MELLADO FACUNDO
69490,110,2026-08-19,confirmado,391049.67,ERP RESERVA CONFIRMADA vendedor=MELLADO FACUNDO,false,false,erp,69490,MELLADO FACUNDO
69491,1817,2026-08-19,facturado,79032.30,ERP VENTA vendedor=MELLADO FACUNDO,false,false,erp,69491,MELLADO FACUNDO
69492,797,2026-08-19,confirmado,216256.81,ERP RESERVA CONFIRMADA vendedor=MELLADO FACUNDO,false,false,erp,69492,MELLADO FACUNDO
69493,1214,2026-08-19,confirmado,151121.86,ERP RESERVA CONFIRMADA vendedor=MELLADO FACUNDO,false,false,erp,69493,MELLADO FACUNDO
69494,46,2026-08-19,confirmado,126364.56,ERP RESERVA CONFIRMADA vendedor=MELLADO FACUNDO,false,false,erp,69494,MELLADO FACUNDO
69495,125,2026-08-19,confirmado,181982.78,ERP RESERVA CONFIRMADA vendedor=MELLADO FACUNDO,false,false,erp,69495,MELLADO FACUNDO
69496,607,2026-08-19,confirmado,121667.92,ERP RESERVA CONFIRMADA vendedor=MELLADO FACUNDO,false,false,erp,69496,MELLADO FACUNDO
69497,1754,2026-08-19,facturado,131770.00,ERP VENTA vendedor=MELLADO FACUNDO,false,false,erp,69497,MELLADO FACUNDO
69498,6,2026-08-19,confirmado,843220.59,ERP RESERVA CONFIRMADA vendedor=MELLADO FACUNDO,false,false,erp,69498,MELLADO FACUNDO
69499,1937,2026-08-19,facturado,72599.98,ERP VENTA vendedor=MELLADO FACUNDO,false,false,erp,69499,MELLADO FACUNDO
69500,541,2026-08-19,facturado,87827.82,ERP VENTA vendedor=MELLADO FACUNDO,false,false,erp,69500,MELLADO FACUNDO
69501,963,2026-08-19,facturado,13049.84,ERP VENTA vendedor=MELLADO FACUNDO,false,false,erp,69501,MELLADO FACUNDO
69502,90,2026-08-19,facturado,59957.92,ERP VENTA vendedor=MELLADO FACUNDO,false,false,erp,69502,MELLADO FACUNDO
69503,1794,2026-08-19,confirmado,359083.99,ERP RESERVA CONFIRMADA vendedor=MELLADO FACUNDO,false,false,erp,69503,MELLADO FACUNDO
69504,110,2026-08-19,facturado,518609.91,ERP VENTA vendedor=MELLADO FACUNDO,false,false,erp,69504,MELLADO FACUNDO
69505,1342,2026-08-19,confirmado,1219671.31,ERP RESERVA CONFIRMADA vendedor=MELLADO FACUNDO,false,false,erp,69505,MELLADO FACUNDO
69506,31,2026-08-19,confirmado,1624625.69,ERP RESERVA CONFIRMADA vendedor=MELLADO FACUNDO,false,false,erp,69506,MELLADO FACUNDO
69507,1878,2026-08-19,confirmado,18295.20,ERP RESERVA CONFIRMADA vendedor=MELLADO FACUNDO,false,false,erp,69507,MELLADO FACUNDO
69508,478,2026-08-19,confirmado,738205.32,ERP RESERVA CONFIRMADA vendedor=MELLADO FACUNDO,false,false,erp,69508,MELLADO FACUNDO
69509,963,2026-08-19,facturado,99670.96,ERP VENTA vendedor=MELLADO FACUNDO,false,false,erp,69509,MELLADO FACUNDO
69510,75,2026-08-19,confirmado,99558.92,ERP RESERVA CONFIRMADA vendedor=MELLADO FACUNDO,false,false,erp,69510,MELLADO FACUNDO
69446,1241,2026-08-18,confirmado,131720.82,ERP RESERVA CONFIRMADA vendedor=MELLADO FACUNDO,false,false,erp,69446,MELLADO FACUNDO
69447,909,2026-08-18,confirmado,150572.94,ERP RESERVA CONFIRMADA vendedor=MELLADO FACUNDO,false,false,erp,69447,MELLADO FACUNDO
69448,909,2026-08-18,confirmado,227911.19,ERP RESERVA CONFIRMADA vendedor=MELLADO FACUNDO,false,false,erp,69448,MELLADO FACUNDO
69449,1757,2026-08-18,confirmado,774351.63,ERP RESERVA CONFIRMADA vendedor=MELLADO FACUNDO,false,false,erp,69449,MELLADO FACUNDO
69450,200,2026-08-18,confirmado,238982.00,ERP RESERVA CONFIRMADA vendedor=MELLADO FACUNDO,false,false,erp,69450,MELLADO FACUNDO
69451,1735,2026-08-18,confirmado,157454.73,ERP RESERVA CONFIRMADA vendedor=MELLADO FACUNDO,false,false,erp,69451,MELLADO FACUNDO
69452,710,2026-08-18,confirmado,83542.45,ERP RESERVA CONFIRMADA vendedor=MELLADO FACUNDO,false,false,erp,69452,MELLADO FACUNDO
69453,710,2026-08-18,confirmado,139568.25,ERP RESERVA CONFIRMADA vendedor=MELLADO FACUNDO,false,false,erp,69453,MELLADO FACUNDO
69455,354,2026-08-18,confirmado,232958.34,ERP RESERVA CONFIRMADA vendedor=MELLADO FACUNDO,false,false,erp,69455,MELLADO FACUNDO
69456,787,2026-08-18,confirmado,155808.01,ERP RESERVA CONFIRMADA vendedor=MELLADO FACUNDO,false,false,erp,69456,MELLADO FACUNDO
69457,35,2026-08-18,confirmado,292381.55,ERP RESERVA CONFIRMADA vendedor=MELLADO FACUNDO,false,false,erp,69457,MELLADO FACUNDO
69458,1894,2026-08-18,confirmado,263817.74,ERP RESERVA CONFIRMADA vendedor=MELLADO FACUNDO,false,false,erp,69458,MELLADO FACUNDO
69459,1950,2026-08-18,confirmado,303361.73,ERP RESERVA CONFIRMADA vendedor=MELLADO FACUNDO,false,false,erp,69459,MELLADO FACUNDO
69460,1326,2026-08-18,confirmado,220240.58,ERP RESERVA CONFIRMADA vendedor=MELLADO FACUNDO,false,false,erp,69460,MELLADO FACUNDO
69461,796,2026-08-18,confirmado,1142357.84,ERP RESERVA CONFIRMADA vendedor=MELLADO FACUNDO,false,false,erp,69461,MELLADO FACUNDO
69462,419,2026-08-18,confirmado,245520.49,ERP RESERVA CONFIRMADA vendedor=MELLADO FACUNDO,false,false,erp,69462,MELLADO FACUNDO
69463,1442,2026-08-18,facturado,1115204.48,ERP VENTA vendedor=MELLADO FACUNDO,false,false,erp,69463,MELLADO FACUNDO
69464,1930,2026-08-18,facturado,77295.04,ERP VENTA vendedor=MELLADO FACUNDO,false,false,erp,69464,MELLADO FACUNDO
69465,944,2026-08-18,confirmado,198687.99,ERP RESERVA CONFIRMADA vendedor=MELLADO FACUNDO,false,false,erp,69465,MELLADO FACUNDO
69466,1735,2026-08-18,confirmado,270584.11,ERP RESERVA CONFIRMADA vendedor=MELLADO FACUNDO,false,false,erp,69466,MELLADO FACUNDO
69468,35,2026-08-18,confirmado,146068.68,ERP RESERVA CONFIRMADA vendedor=MELLADO FACUNDO,false,false,erp,69468,MELLADO FACUNDO
69469,138,2026-08-18,facturado,68580.01,ERP VENTA vendedor=MELLADO FACUNDO,false,false,erp,69469,MELLADO FACUNDO
69470,1599,2026-08-18,facturado,70035.13,ERP VENTA vendedor=MELLADO FACUNDO,false,false,erp,69470,MELLADO FACUNDO
69471,1878,2026-08-18,confirmado,202640.04,ERP RESERVA CONFIRMADA vendedor=MELLADO FACUNDO,false,false,erp,69471,MELLADO FACUNDO
69472,151,2026-08-18,confirmado,316581.75,ERP RESERVA CONFIRMADA vendedor=MELLADO FACUNDO,false,false,erp,69472,MELLADO FACUNDO
69473,1320,2026-08-18,confirmado,185160.82,ERP RESERVA CONFIRMADA vendedor=MELLADO FACUNDO,false,false,erp,69473,MELLADO FACUNDO
69474,1461,2026-08-18,confirmado,106511.48,ERP RESERVA CONFIRMADA vendedor=MELLADO FACUNDO,false,false,erp,69474,MELLADO FACUNDO
69475,797,2026-08-18,facturado,122225.83,ERP VENTA vendedor=MELLADO FACUNDO,false,false,erp,69475,MELLADO FACUNDO
69476,947,2026-08-18,confirmado,646913.85,ERP RESERVA CONFIRMADA vendedor=MELLADO FACUNDO,false,false,erp,69476,MELLADO FACUNDO
69477,854,2026-08-18,confirmado,199852.81,ERP RESERVA CONFIRMADA vendedor=MELLADO FACUNDO,false,false,erp,69477,MELLADO FACUNDO
69478,152,2026-08-18,confirmado,246983.36,ERP RESERVA CONFIRMADA vendedor=MELLADO FACUNDO,false,false,erp,69478,MELLADO FACUNDO
69479,184,2026-08-18,confirmado,121202.94,ERP RESERVA CONFIRMADA vendedor=MELLADO FACUNDO,false,false,erp,69479,MELLADO FACUNDO
69480,36,2026-08-18,confirmado,269170.02,ERP RESERVA CONFIRMADA vendedor=MELLADO FACUNDO,false,false,erp,69480,MELLADO FACUNDO
69481,732,2026-08-18,confirmado,185124.97,ERP RESERVA CONFIRMADA vendedor=MELLADO FACUNDO,false,false,erp,69481,MELLADO FACUNDO
69482,962,2026-08-18,confirmado,100929.88,ERP RESERVA CONFIRMADA vendedor=MELLADO FACUNDO,false,false,erp,69482,MELLADO FACUNDO
69483,1359,2026-08-18,confirmado,112435.42,ERP RESERVA CONFIRMADA vendedor=MELLADO FACUNDO,false,false,erp,69483,MELLADO FACUNDO
69484,1159,2026-08-18,confirmado,207568.91,ERP RESERVA CONFIRMADA vendedor=MELLADO FACUNDO,false,false,erp,69484,MELLADO FACUNDO
69485,1159,2026-08-18,confirmado,164193.47,ERP RESERVA CONFIRMADA vendedor=MELLADO FACUNDO,false,false,erp,69485,MELLADO FACUNDO
69486,1384,2026-08-18,confirmado,943375.38,ERP RESERVA CONFIRMADA vendedor=MELLADO FACUNDO,false,false,erp,69486,MELLADO FACUNDO
69434,1202,2026-08-15,facturado,230491.17,ERP VENTA vendedor=MELLADO FACUNDO,false,false,erp,69434,MELLADO FACUNDO
69435,316,2026-08-15,facturado,21098.09,ERP VENTA vendedor=MELLADO FACUNDO,false,false,erp,69435,MELLADO FACUNDO
69436,666,2026-08-15,confirmado,330120.32,ERP RESERVA CONFIRMADA vendedor=MELLADO FACUNDO,false,false,erp,69436,MELLADO FACUNDO
69437,630,2026-08-15,confirmado,154612.31,ERP RESERVA CONFIRMADA vendedor=MELLADO FACUNDO,false,false,erp,69437,MELLADO FACUNDO
69438,872,2026-08-15,facturado,395027.63,ERP VENTA vendedor=MELLADO FACUNDO,false,false,erp,69438,MELLADO FACUNDO
69439,993,2026-08-15,confirmado,587388.92,ERP RESERVA CONFIRMADA vendedor=MELLADO FACUNDO,false,false,erp,69439,MELLADO FACUNDO
69440,1612,2026-08-15,facturado,78926.76,ERP VENTA vendedor=ALEGRIA ESTEBAN,false,false,erp,69440,ALEGRIA ESTEBAN
69441,658,2026-08-15,facturado,204493.32,ERP VENTA vendedor=ALEGRIA ESTEBAN,false,false,erp,69441,ALEGRIA ESTEBAN
69442,700,2026-08-15,confirmado,89687.63,ERP RESERVA CONFIRMADA vendedor=MELLADO FACUNDO,false,false,erp,69442,MELLADO FACUNDO
69443,1137,2026-08-15,confirmado,166020.33,ERP RESERVA CONFIRMADA vendedor=MELLADO FACUNDO,false,false,erp,69443,MELLADO FACUNDO
69444,1586,2026-08-15,confirmado,311298.81,ERP RESERVA CONFIRMADA vendedor=MELLADO FACUNDO,false,false,erp,69444,MELLADO FACUNDO
69445,650,2026-08-15,confirmado,106432.61,ERP RESERVA CONFIRMADA vendedor=MELLADO FACUNDO,false,false,erp,69445,MELLADO FACUNDO
69423,1512,2026-08-14,confirmado,214577.38,ERP RESERVA CONFIRMADA vendedor=MELLADO FACUNDO,false,false,erp,69423,MELLADO FACUNDO
69424,1146,2026-08-14,confirmado,792121.39,ERP RESERVA CONFIRMADA vendedor=MELLADO FACUNDO,false,false,erp,69424,MELLADO FACUNDO
69425,1453,2026-08-14,facturado,336749.78,ERP VENTA vendedor=MELLADO FACUNDO,false,false,erp,69425,MELLADO FACUNDO
69426,857,2026-08-14,facturado,224351.50,ERP VENTA vendedor=MELLADO FACUNDO,false,false,erp,69426,MELLADO FACUNDO
69427,1796,2026-08-14,facturado,194542.50,ERP VENTA vendedor=MELLADO FACUNDO,false,false,erp,69427,MELLADO FACUNDO
69428,42,2026-08-14,facturado,69931.46,ERP VENTA vendedor=MELLADO FACUNDO,false,false,erp,69428,MELLADO FACUNDO
69429,1961,2026-08-14,facturado,91215.74,ERP VENTA vendedor=MELLADO FACUNDO,false,false,erp,69429,MELLADO FACUNDO
69430,1015,2026-08-14,facturado,26620.00,ERP VENTA vendedor=MELLADO FACUNDO,false,false,erp,69430,MELLADO FACUNDO
69431,1326,2026-08-14,confirmado,2943986.94,ERP RESERVA CONFIRMADA vendedor=MELLADO FACUNDO,false,false,erp,69431,MELLADO FACUNDO
69432,1414,2026-08-14,facturado,550531.15,ERP VENTA vendedor=MELLADO FACUNDO,false,false,erp,69432,MELLADO FACUNDO
69433,532,2026-08-14,facturado,51081.60,ERP VENTA vendedor=MELLADO FACUNDO,false,false,erp,69433,MELLADO FACUNDO
69408,110,2026-08-13,confirmado,140842.65,ERP RESERVA CONFIRMADA vendedor=MELLADO FACUNDO,false,false,erp,69408,MELLADO FACUNDO
69409,499,2026-08-13,facturado,82509.83,ERP VENTA vendedor=MELLADO FACUNDO,false,false,erp,69409,MELLADO FACUNDO
69410,1755,2026-08-13,facturado,74412.92,ERP VENTA vendedor=MELLADO FACUNDO,false,false,erp,69410,MELLADO FACUNDO
69411,428,2026-08-13,facturado,883701.20,ERP VENTA vendedor=MELLADO FACUNDO,false,false,erp,69411,MELLADO FACUNDO
69412,207,2026-08-13,confirmado,98486.83,ERP RESERVA CONFIRMADA vendedor=MELLADO FACUNDO,false,false,erp,69412,MELLADO FACUNDO
69413,1454,2026-08-13,confirmado,132773.35,ERP RESERVA CONFIRMADA vendedor=MELLADO FACUNDO,false,false,erp,69413,MELLADO FACUNDO
69414,1911,2026-08-13,facturado,60980.75,ERP VENTA vendedor=MELLADO FACUNDO,false,false,erp,69414,MELLADO FACUNDO
69416,1651,2026-08-13,confirmado,442207.63,ERP RESERVA CONFIRMADA vendedor=MELLADO FACUNDO,false,false,erp,69416,MELLADO FACUNDO
69417,159,2026-08-13,confirmado,790792.04,ERP RESERVA CONFIRMADA vendedor=MELLADO FACUNDO,false,false,erp,69417,MELLADO FACUNDO
69418,996,2026-08-13,confirmado,449844.50,ERP RESERVA CONFIRMADA vendedor=MELLADO FACUNDO,false,false,erp,69418,MELLADO FACUNDO
69419,834,2026-08-13,facturado,54475.17,ERP VENTA vendedor=MELLADO FACUNDO,false,false,erp,69419,MELLADO FACUNDO
69420,15,2026-08-13,facturado,241261.15,ERP VENTA vendedor=MELLADO FACUNDO,false,false,erp,69420,MELLADO FACUNDO
69421,858,2026-08-13,facturado,267115.48,ERP VENTA vendedor=MELLADO FACUNDO,false,false,erp,69421,MELLADO FACUNDO
69422,652,2026-08-13,facturado,621183.76,ERP VENTA vendedor=MELLADO FACUNDO,false,false,erp,69422,MELLADO FACUNDO
69388,1307,2026-08-12,confirmado,574935.26,ERP RESERVA CONFIRMADA vendedor=MELLADO FACUNDO,false,false,erp,69388,MELLADO FACUNDO
69389,563,2026-08-12,confirmado,132156.39,ERP RESERVA CONFIRMADA vendedor=MELLADO FACUNDO,false,false,erp,69389,MELLADO FACUNDO
69390,974,2026-08-12,facturado,134442.22,ERP VENTA vendedor=MELLADO FACUNDO,false,false,erp,69390,MELLADO FACUNDO
69391,1580,2026-08-12,facturado,118997.64,ERP VENTA vendedor=MELLADO FACUNDO,false,false,erp,69391,MELLADO FACUNDO
69392,787,2026-08-12,confirmado,169176.91,ERP RESERVA CONFIRMADA vendedor=PATRICIA CURLO,false,false,erp,69392,PATRICIA CURLO
69393,45,2026-08-12,confirmado,193893.16,ERP RESERVA CONFIRMADA vendedor=MELLADO FACUNDO,false,false,erp,69393,MELLADO FACUNDO
69395,797,2026-08-12,confirmado,500029.34,ERP RESERVA CONFIRMADA vendedor=MELLADO FACUNDO,false,false,erp,69395,MELLADO FACUNDO
69396,131,2026-08-12,confirmado,205400.29,ERP RESERVA CONFIRMADA vendedor=MELLADO FACUNDO,false,false,erp,69396,MELLADO FACUNDO
69397,1015,2026-08-12,confirmado,113801.00,ERP RESERVA CONFIRMADA vendedor=MELLADO FACUNDO,false,false,erp,69397,MELLADO FACUNDO
69398,460,2026-08-12,confirmado,227602.00,ERP RESERVA CONFIRMADA vendedor=MELLADO FACUNDO,false,false,erp,69398,MELLADO FACUNDO
69399,1328,2026-08-12,facturado,206003.33,ERP VENTA vendedor=MELLADO FACUNDO,false,false,erp,69399,MELLADO FACUNDO
69400,184,2026-08-12,facturado,211769.78,ERP VENTA vendedor=MELLADO FACUNDO,false,false,erp,69400,MELLADO FACUNDO
69401,695,2026-08-12,facturado,177355.39,ERP VENTA vendedor=MELLADO FACUNDO,false,false,erp,69401,MELLADO FACUNDO
69402,1923,2026-08-12,facturado,214744.50,ERP VENTA vendedor=MELLADO FACUNDO,false,false,erp,69402,MELLADO FACUNDO
69403,361,2026-08-12,facturado,81680.57,ERP VENTA vendedor=PATRICIA CURLO,false,false,erp,69403,PATRICIA CURLO
69404,1438,2026-08-12,facturado,141086.18,ERP VENTA vendedor=PATRICIA CURLO,false,false,erp,69404,PATRICIA CURLO
69405,674,2026-08-12,confirmado,204358.30,ERP RESERVA CONFIRMADA vendedor=MELLADO FACUNDO,false,false,erp,69405,MELLADO FACUNDO
69406,1924,2026-08-12,confirmado,100134.00,ERP RESERVA CONFIRMADA vendedor=MELLADO FACUNDO,false,false,erp,69406,MELLADO FACUNDO
69407,66,2026-08-12,facturado,94945.80,ERP VENTA vendedor=MELLADO FACUNDO,false,false,erp,69407,MELLADO FACUNDO
69367,200,2026-08-11,confirmado,256053.00,ERP RESERVA CONFIRMADA vendedor=MELLADO FACUNDO,false,false,erp,69367,MELLADO FACUNDO
69368,1754,2026-08-11,confirmado,160730.64,ERP RESERVA CONFIRMADA vendedor=MELLADO FACUNDO,false,false,erp,69368,MELLADO FACUNDO
69369,993,2026-08-11,confirmado,287214.21,ERP RESERVA CONFIRMADA vendedor=MELLADO FACUNDO,false,false,erp,69369,MELLADO FACUNDO
69370,960,2026-08-11,confirmado,101822.00,ERP RESERVA CONFIRMADA vendedor=MELLADO FACUNDO,false,false,erp,69370,MELLADO FACUNDO
69371,1567,2026-08-11,confirmado,182697.05,ERP RESERVA CONFIRMADA vendedor=MELLADO FACUNDO,false,false,erp,69371,MELLADO FACUNDO
69372,1801,2026-08-11,confirmado,107601.04,ERP RESERVA CONFIRMADA vendedor=MELLADO FACUNDO,false,false,erp,69372,MELLADO FACUNDO
69373,152,2026-08-11,confirmado,139514.82,ERP RESERVA CONFIRMADA vendedor=MELLADO FACUNDO,false,false,erp,69373,MELLADO FACUNDO
69374,1941,2026-08-11,confirmado,183263.87,ERP RESERVA CONFIRMADA vendedor=MELLADO FACUNDO,false,false,erp,69374,MELLADO FACUNDO
69376,35,2026-08-11,confirmado,577025.64,ERP RESERVA CONFIRMADA vendedor=MELLADO FACUNDO,false,false,erp,69376,MELLADO FACUNDO
69377,587,2026-08-11,confirmado,213391.97,ERP RESERVA CONFIRMADA vendedor=MELLADO FACUNDO,false,false,erp,69377,MELLADO FACUNDO
69378,35,2026-08-11,facturado,61940.73,ERP VENTA vendedor=MELLADO FACUNDO,false,false,erp,69378,MELLADO FACUNDO
69379,31,2026-08-11,confirmado,770028.71,ERP RESERVA CONFIRMADA vendedor=MELLADO FACUNDO,false,false,erp,69379,MELLADO FACUNDO
69380,532,2026-08-11,facturado,198223.21,ERP VENTA vendedor=MELLADO FACUNDO,false,false,erp,69380,MELLADO FACUNDO
69381,1342,2026-08-11,facturado,338956.55,ERP VENTA vendedor=MELLADO FACUNDO,false,false,erp,69381,MELLADO FACUNDO
69382,1860,2026-08-11,facturado,72158.90,ERP VENTA vendedor=MELLADO FACUNDO,false,false,erp,69382,MELLADO FACUNDO
69383,74,2026-08-11,confirmado,173743.11,ERP RESERVA CONFIRMADA vendedor=MELLADO FACUNDO,false,false,erp,69383,MELLADO FACUNDO
69384,1901,2026-08-11,confirmado,124598.09,ERP RESERVA CONFIRMADA vendedor=MELLADO FACUNDO,false,false,erp,69384,MELLADO FACUNDO
69385,574,2026-08-11,confirmado,196673.97,ERP RESERVA CONFIRMADA vendedor=MELLADO FACUNDO,false,false,erp,69385,MELLADO FACUNDO
69386,990,2026-08-11,confirmado,247732.28,ERP RESERVA CONFIRMADA vendedor=MELLADO FACUNDO,false,false,erp,69386,MELLADO FACUNDO
69387,963,2026-08-11,facturado,73960.18,ERP VENTA vendedor=MELLADO FACUNDO,false,false,erp,69387,MELLADO FACUNDO
69328,909,2026-08-10,confirmado,60499.99,ERP RESERVA CONFIRMADA vendedor=MELLADO FACUNDO,false,false,erp,69328,MELLADO FACUNDO
69329,1326,2026-08-10,confirmado,428447.18,ERP RESERVA CONFIRMADA vendedor=MELLADO FACUNDO,false,false,erp,69329,MELLADO FACUNDO
69330,909,2026-08-10,confirmado,75189.97,ERP RESERVA CONFIRMADA vendedor=MELLADO FACUNDO,false,false,erp,69330,MELLADO FACUNDO
69331,710,2026-08-10,confirmado,73617.71,ERP RESERVA CONFIRMADA vendedor=MELLADO FACUNDO,false,false,erp,69331,MELLADO FACUNDO
69332,710,2026-08-10,confirmado,72397.86,ERP RESERVA CONFIRMADA vendedor=MELLADO FACUNDO,false,false,erp,69332,MELLADO FACUNDO
69333,1894,2026-08-10,confirmado,209970.45,ERP RESERVA CONFIRMADA vendedor=MELLADO FACUNDO,false,false,erp,69333,MELLADO FACUNDO
69334,1735,2026-08-10,confirmado,159916.36,ERP RESERVA CONFIRMADA vendedor=MELLADO FACUNDO,false,false,erp,69334,MELLADO FACUNDO
69335,1735,2026-08-10,confirmado,193983.74,ERP RESERVA CONFIRMADA vendedor=MELLADO FACUNDO,false,false,erp,69335,MELLADO FACUNDO
69336,118,2026-08-10,facturado,146737.42,ERP VENTA vendedor=MELLADO FACUNDO,false,false,erp,69336,MELLADO FACUNDO
69337,837,2026-08-10,confirmado,117722.84,ERP RESERVA CONFIRMADA vendedor=MELLADO FACUNDO,false,false,erp,69337,MELLADO FACUNDO
69338,971,2026-08-10,facturado,344799.04,ERP VENTA vendedor=MELLADO FACUNDO,false,false,erp,69338,MELLADO FACUNDO
69339,35,2026-08-10,confirmado,101048.20,ERP RESERVA CONFIRMADA vendedor=MELLADO FACUNDO,false,false,erp,69339,MELLADO FACUNDO
69340,1939,2026-08-10,facturado,188722.85,ERP VENTA vendedor=MELLADO FACUNDO,false,false,erp,69340,MELLADO FACUNDO
69341,316,2026-08-10,facturado,106248.51,ERP VENTA vendedor=MELLADO FACUNDO,false,false,erp,69341,MELLADO FACUNDO
69342,1878,2026-08-10,confirmado,294840.15,ERP RESERVA CONFIRMADA vendedor=MELLADO FACUNDO,false,false,erp,69342,MELLADO FACUNDO
69343,1536,2026-08-10,facturado,62109.62,ERP VENTA vendedor=MELLADO FACUNDO,false,false,erp,69343,MELLADO FACUNDO
69344,1539,2026-08-10,facturado,139632.55,ERP VENTA vendedor=MELLADO FACUNDO,false,false,erp,69344,MELLADO FACUNDO
69345,348,2026-08-10,confirmado,138764.70,ERP RESERVA CONFIRMADA vendedor=MELLADO FACUNDO,false,false,erp,69345,MELLADO FACUNDO
69346,952,2026-08-10,confirmado,421350.51,ERP RESERVA CONFIRMADA vendedor=MELLADO FACUNDO,false,false,erp,69346,MELLADO FACUNDO
69347,1137,2026-08-10,confirmado,103712.67,ERP RESERVA CONFIRMADA vendedor=MELLADO FACUNDO,false,false,erp,69347,MELLADO FACUNDO
69348,1948,2026-08-10,facturado,210737.72,ERP VENTA vendedor=MELLADO FACUNDO,false,false,erp,69348,MELLADO FACUNDO
69349,574,2026-08-10,confirmado,244461.79,ERP RESERVA CONFIRMADA vendedor=PATRICIA CURLO,false,false,erp,69349,PATRICIA CURLO
69350,36,2026-08-10,confirmado,178593.14,ERP RESERVA CONFIRMADA vendedor=MELLADO FACUNDO,false,false,erp,69350,MELLADO FACUNDO
69351,1858,2026-08-10,confirmado,252132.79,ERP RESERVA CONFIRMADA vendedor=MELLADO FACUNDO,false,false,erp,69351,MELLADO FACUNDO
69352,354,2026-08-10,confirmado,196733.54,ERP RESERVA CONFIRMADA vendedor=MELLADO FACUNDO,false,false,erp,69352,MELLADO FACUNDO
69353,1774,2026-08-10,facturado,57093.78,ERP VENTA vendedor=MELLADO FACUNDO,false,false,erp,69353,MELLADO FACUNDO
69354,796,2026-08-10,confirmado,898271.37,ERP RESERVA CONFIRMADA vendedor=PATRICIA CURLO,false,false,erp,69354,PATRICIA CURLO
69355,54,2026-08-10,confirmado,720944.14,ERP RESERVA CONFIRMADA vendedor=PATRICIA CURLO,false,false,erp,69355,PATRICIA CURLO
69356,1955,2026-08-10,confirmado,214453.56,ERP RESERVA CONFIRMADA vendedor=PATRICIA CURLO,false,false,erp,69356,PATRICIA CURLO
69357,1955,2026-08-10,confirmado,116467.80,ERP RESERVA CONFIRMADA vendedor=PATRICIA CURLO,false,false,erp,69357,PATRICIA CURLO
69358,1519,2026-08-10,confirmado,467293.41,ERP RESERVA CONFIRMADA vendedor=MELLADO FACUNDO,false,false,erp,69358,MELLADO FACUNDO
69359,1359,2026-08-10,confirmado,96999.10,ERP RESERVA CONFIRMADA vendedor=MELLADO FACUNDO,false,false,erp,69359,MELLADO FACUNDO
69360,39,2026-08-10,confirmado,222663.76,ERP RESERVA CONFIRMADA vendedor=MELLADO FACUNDO,false,false,erp,69360,MELLADO FACUNDO
69361,1959,2026-08-10,facturado,62565.14,ERP VENTA vendedor=MELLADO FACUNDO,false,false,erp,69361,MELLADO FACUNDO
69362,1959,2026-08-10,facturado,9409.99,ERP VENTA vendedor=MELLADO FACUNDO,false,false,erp,69362,MELLADO FACUNDO
69363,839,2026-08-10,confirmado,188950.26,ERP RESERVA CONFIRMADA vendedor=MELLADO FACUNDO,false,false,erp,69363,MELLADO FACUNDO
69364,178,2026-08-10,confirmado,123381.74,ERP RESERVA CONFIRMADA vendedor=MELLADO FACUNDO,false,false,erp,69364,MELLADO FACUNDO
69365,1952,2026-08-10,confirmado,101105.42,ERP RESERVA CONFIRMADA vendedor=MELLADO FACUNDO,false,false,erp,69365,MELLADO FACUNDO
69366,419,2026-08-10,confirmado,168861.74,ERP RESERVA CONFIRMADA vendedor=MELLADO FACUNDO,false,false,erp,69366,MELLADO FACUNDO
69323,7,2026-08-08,confirmado,103234.76,ERP RESERVA CONFIRMADA vendedor=MELLADO FACUNDO,false,false,erp,69323,MELLADO FACUNDO
69324,38,2026-08-08,confirmado,61434.10,ERP RESERVA CONFIRMADA vendedor=MELLADO FACUNDO,false,false,erp,69324,MELLADO FACUNDO
69325,1326,2026-08-08,confirmado,2582168.28,ERP RESERVA CONFIRMADA vendedor=MELLADO FACUNDO,false,false,erp,69325,MELLADO FACUNDO
69326,1417,2026-08-08,facturado,510416.63,ERP VENTA vendedor=MELLADO FACUNDO,false,false,erp,69326,MELLADO FACUNDO
69327,1735,2026-08-08,facturado,79062.00,ERP VENTA vendedor=MELLADO FACUNDO,false,false,erp,69327,MELLADO FACUNDO
69316,1651,2026-08-07,confirmado,186095.47,ERP RESERVA CONFIRMADA vendedor=MELLADO FACUNDO,false,false,erp,69316,MELLADO FACUNDO
69317,316,2026-08-07,facturado,242351.31,ERP VENTA vendedor=MELLADO FACUNDO,false,false,erp,69317,MELLADO FACUNDO
69319,35,2026-08-07,facturado,157454.00,ERP VENTA vendedor=MELLADO FACUNDO,false,false,erp,69319,MELLADO FACUNDO
69320,1942,2026-08-07,confirmado,194265.67,ERP RESERVA CONFIRMADA vendedor=MELLADO FACUNDO,false,false,erp,69320,MELLADO FACUNDO
69321,1586,2026-08-07,facturado,581294.24,ERP VENTA vendedor=MELLADO FACUNDO,false,false,erp,69321,MELLADO FACUNDO
69322,1921,2026-08-07,confirmado,141871.23,ERP RESERVA CONFIRMADA vendedor=MELLADO FACUNDO,false,false,erp,69322,MELLADO FACUNDO
69295,7,2026-08-06,confirmado,952551.53,ERP RESERVA CONFIRMADA vendedor=MELLADO FACUNDO,false,false,erp,69295,MELLADO FACUNDO
69296,1320,2026-08-06,confirmado,167347.76,ERP RESERVA CONFIRMADA vendedor=MELLADO FACUNDO,false,false,erp,69296,MELLADO FACUNDO
69297,1953,2026-08-06,facturado,29316.62,ERP VENTA vendedor=MELLADO FACUNDO,false,false,erp,69297,MELLADO FACUNDO
69298,35,2026-08-06,confirmado,182771.93,ERP RESERVA CONFIRMADA vendedor=MELLADO FACUNDO,false,false,erp,69298,MELLADO FACUNDO
69299,56,2026-08-06,confirmado,147480.90,ERP RESERVA CONFIRMADA vendedor=MELLADO FACUNDO,false,false,erp,69299,MELLADO FACUNDO
69300,1957,2026-08-06,facturado,65392.95,ERP VENTA vendedor=MELLADO FACUNDO,false,false,erp,69300,MELLADO FACUNDO
69301,993,2026-08-06,confirmado,264227.13,ERP RESERVA CONFIRMADA vendedor=MELLADO FACUNDO,false,false,erp,69301,MELLADO FACUNDO
69302,1438,2026-08-06,confirmado,110493.05,ERP RESERVA CONFIRMADA vendedor=MELLADO FACUNDO,false,false,erp,69302,MELLADO FACUNDO
69303,38,2026-08-06,confirmado,480221.53,ERP RESERVA CONFIRMADA vendedor=MELLADO FACUNDO,false,false,erp,69303,MELLADO FACUNDO
69304,1606,2026-08-06,confirmado,244657.35,ERP RESERVA CONFIRMADA vendedor=MELLADO FACUNDO,false,false,erp,69304,MELLADO FACUNDO
69305,140,2026-08-06,confirmado,234710.18,ERP RESERVA CONFIRMADA vendedor=MELLADO FACUNDO,false,false,erp,69305,MELLADO FACUNDO
69306,1851,2026-08-06,confirmado,105436.92,ERP RESERVA CONFIRMADA vendedor=MELLADO FACUNDO,false,false,erp,69306,MELLADO FACUNDO
69307,1120,2026-08-06,confirmado,152496.85,ERP RESERVA CONFIRMADA vendedor=MELLADO FACUNDO,false,false,erp,69307,MELLADO FACUNDO
69308,1146,2026-08-06,confirmado,466452.06,ERP RESERVA CONFIRMADA vendedor=MELLADO FACUNDO,false,false,erp,69308,MELLADO FACUNDO
69309,1533,2026-08-06,confirmado,204830.25,ERP RESERVA CONFIRMADA vendedor=MELLADO FACUNDO,false,false,erp,69309,MELLADO FACUNDO
69310,996,2026-08-06,confirmado,431549.30,ERP RESERVA CONFIRMADA vendedor=MELLADO FACUNDO,false,false,erp,69310,MELLADO FACUNDO
69311,207,2026-08-06,facturado,161718.00,ERP VENTA vendedor=MELLADO FACUNDO,false,false,erp,69311,MELLADO FACUNDO
69312,1958,2026-08-06,facturado,120919.95,ERP VENTA vendedor=MELLADO FACUNDO,false,false,erp,69312,MELLADO FACUNDO
69313,1630,2026-08-06,facturado,57083.16,ERP VENTA vendedor=ALEGRIA ESTEBAN,false,false,erp,69313,ALEGRIA ESTEBAN
69314,35,2026-08-06,facturado,0.00,ERP VENTA vendedor=MELLADO FACUNDO,false,false,erp,69314,MELLADO FACUNDO
69315,76,2026-08-06,facturado,23333.80,ERP VENTA vendedor=PATRICIA CURLO,false,false,erp,69315,PATRICIA CURLO
69284,431,2026-08-05,confirmado,161710.34,ERP RESERVA CONFIRMADA vendedor=MELLADO FACUNDO,false,false,erp,69284,MELLADO FACUNDO
69285,125,2026-08-05,confirmado,187656.11,ERP RESERVA CONFIRMADA vendedor=MELLADO FACUNDO,false,false,erp,69285,MELLADO FACUNDO
69286,316,2026-08-05,facturado,53930.96,ERP VENTA vendedor=MELLADO FACUNDO,false,false,erp,69286,MELLADO FACUNDO
69287,316,2026-08-05,facturado,48537.86,ERP VENTA vendedor=MELLADO FACUNDO,false,false,erp,69287,MELLADO FACUNDO
69288,1342,2026-08-05,confirmado,417305.00,ERP RESERVA CONFIRMADA vendedor=MELLADO FACUNDO,false,false,erp,69288,MELLADO FACUNDO
69289,1929,2026-08-05,facturado,306043.03,ERP VENTA vendedor=MELLADO FACUNDO,false,false,erp,69289,MELLADO FACUNDO
69290,110,2026-08-05,confirmado,188327.97,ERP RESERVA CONFIRMADA vendedor=MELLADO FACUNDO,false,false,erp,69290,MELLADO FACUNDO
69291,45,2026-08-05,confirmado,207501.60,ERP RESERVA CONFIRMADA vendedor=MELLADO FACUNDO,false,false,erp,69291,MELLADO FACUNDO
69292,6,2026-08-05,confirmado,1643406.38,ERP RESERVA CONFIRMADA vendedor=MELLADO FACUNDO,false,false,erp,69292,MELLADO FACUNDO
69293,797,2026-08-05,confirmado,184098.00,ERP RESERVA CONFIRMADA vendedor=MELLADO FACUNDO,false,false,erp,69293,MELLADO FACUNDO
69294,20,2026-08-05,facturado,131630.55,ERP VENTA vendedor=MELLADO FACUNDO,false,false,erp,69294,MELLADO FACUNDO
69264,1137,2026-08-04,confirmado,273073.20,ERP RESERVA CONFIRMADA vendedor=MELLADO FACUNDO,false,false,erp,69264,MELLADO FACUNDO
69265,1955,2026-08-04,confirmado,188505.25,ERP RESERVA CONFIRMADA vendedor=MELLADO FACUNDO,false,false,erp,69265,MELLADO FACUNDO
69266,316,2026-08-04,facturado,242351.31,ERP VENTA vendedor=MELLADO FACUNDO,false,false,erp,69266,MELLADO FACUNDO
69267,316,2026-08-04,facturado,101555.86,ERP VENTA vendedor=MELLADO FACUNDO,false,false,erp,69267,MELLADO FACUNDO
69268,1384,2026-08-04,confirmado,314564.31,ERP RESERVA CONFIRMADA vendedor=MELLADO FACUNDO,false,false,erp,69268,MELLADO FACUNDO
69269,184,2026-08-04,confirmado,325491.00,ERP RESERVA CONFIRMADA vendedor=MELLADO FACUNDO,false,false,erp,69269,MELLADO FACUNDO
69270,1878,2026-08-04,confirmado,193983.74,ERP RESERVA CONFIRMADA vendedor=MELLADO FACUNDO,false,false,erp,69270,MELLADO FACUNDO
69271,1137,2026-08-04,confirmado,189612.50,ERP RESERVA CONFIRMADA vendedor=MELLADO FACUNDO,false,false,erp,69271,MELLADO FACUNDO
69272,962,2026-08-04,confirmado,136739.44,ERP RESERVA CONFIRMADA vendedor=MELLADO FACUNDO,false,false,erp,69272,MELLADO FACUNDO
69273,1555,2026-08-04,facturado,86756.74,ERP VENTA vendedor=MELLADO FACUNDO,false,false,erp,69273,MELLADO FACUNDO
69274,1382,2026-08-04,confirmado,150717.28,ERP RESERVA CONFIRMADA vendedor=MELLADO FACUNDO,false,false,erp,69274,MELLADO FACUNDO
69275,1460,2026-08-04,confirmado,164799.64,ERP RESERVA CONFIRMADA vendedor=MELLADO FACUNDO,false,false,erp,69275,MELLADO FACUNDO
69276,968,2026-08-04,facturado,923593.48,ERP VENTA vendedor=MELLADO FACUNDO,false,false,erp,69276,MELLADO FACUNDO
69277,1849,2026-08-04,confirmado,110160.22,ERP RESERVA CONFIRMADA vendedor=MELLADO FACUNDO,false,false,erp,69277,MELLADO FACUNDO
69278,40,2026-08-04,confirmado,433440.39,ERP RESERVA CONFIRMADA vendedor=MELLADO FACUNDO,false,false,erp,69278,MELLADO FACUNDO
69279,1194,2026-08-04,confirmado,130304.20,ERP RESERVA CONFIRMADA vendedor=MELLADO FACUNDO,false,false,erp,69279,MELLADO FACUNDO
69280,947,2026-08-04,confirmado,332887.93,ERP RESERVA CONFIRMADA vendedor=MELLADO FACUNDO,false,false,erp,69280,MELLADO FACUNDO
69281,947,2026-08-04,facturado,303067.68,ERP VENTA vendedor=MELLADO FACUNDO,false,false,erp,69281,MELLADO FACUNDO
69282,31,2026-08-04,confirmado,1256493.60,ERP RESERVA CONFIRMADA vendedor=MELLADO FACUNDO,false,false,erp,69282,MELLADO FACUNDO
69283,1661,2026-08-04,confirmado,219677.26,ERP RESERVA CONFIRMADA vendedor=MELLADO FACUNDO,false,false,erp,69283,MELLADO FACUNDO
69223,1894,2026-08-03,confirmado,140996.02,ERP RESERVA CONFIRMADA vendedor=MELLADO FACUNDO,false,false,erp,69223,MELLADO FACUNDO
69224,837,2026-08-03,confirmado,211621.13,ERP RESERVA CONFIRMADA vendedor=MELLADO FACUNDO,false,false,erp,69224,MELLADO FACUNDO
69225,909,2026-08-03,confirmado,126625.60,ERP RESERVA CONFIRMADA vendedor=MELLADO FACUNDO,false,false,erp,69225,MELLADO FACUNDO
69226,909,2026-08-03,confirmado,167702.62,ERP RESERVA CONFIRMADA vendedor=MELLADO FACUNDO,false,false,erp,69226,MELLADO FACUNDO
69227,200,2026-08-03,confirmado,273122.00,ERP RESERVA CONFIRMADA vendedor=MELLADO FACUNDO,false,false,erp,69227,MELLADO FACUNDO
69228,1326,2026-08-03,confirmado,143755.36,ERP RESERVA CONFIRMADA vendedor=MELLADO FACUNDO,false,false,erp,69228,MELLADO FACUNDO
69229,1010,2026-08-03,confirmado,215990.61,ERP RESERVA CONFIRMADA vendedor=MELLADO FACUNDO,false,false,erp,69229,MELLADO FACUNDO
69230,909,2026-08-03,confirmado,146059.11,ERP RESERVA CONFIRMADA vendedor=MELLADO FACUNDO,false,false,erp,69230,MELLADO FACUNDO
69233,35,2026-08-03,confirmado,369952.98,ERP RESERVA CONFIRMADA vendedor=MELLADO FACUNDO,false,false,erp,69233,MELLADO FACUNDO
69234,1586,2026-08-03,facturado,327516.89,ERP VENTA vendedor=ALEGRIA ESTEBAN,false,false,erp,69234,ALEGRIA ESTEBAN
69235,1820,2026-08-03,confirmado,155317.53,ERP RESERVA CONFIRMADA vendedor=MELLADO FACUNDO,false,false,erp,69235,MELLADO FACUNDO
69236,1735,2026-08-03,confirmado,238959.11,ERP RESERVA CONFIRMADA vendedor=MELLADO FACUNDO,false,false,erp,69236,MELLADO FACUNDO
69237,1735,2026-08-03,confirmado,225263.32,ERP RESERVA CONFIRMADA vendedor=MELLADO FACUNDO,false,false,erp,69237,MELLADO FACUNDO
69238,1953,2026-08-03,confirmado,314097.55,ERP RESERVA CONFIRMADA vendedor=MELLADO FACUNDO,false,false,erp,69238,MELLADO FACUNDO
69239,708,2026-08-03,confirmado,170607.64,ERP RESERVA CONFIRMADA vendedor=MELLADO FACUNDO,false,false,erp,69239,MELLADO FACUNDO
69240,35,2026-08-03,facturado,785538.20,ERP VENTA vendedor=MELLADO FACUNDO,false,false,erp,69240,MELLADO FACUNDO
69241,316,2026-08-03,facturado,300123.84,ERP VENTA vendedor=MELLADO FACUNDO,false,false,erp,69241,MELLADO FACUNDO
69242,1801,2026-08-03,facturado,256806.60,ERP VENTA vendedor=MELLADO FACUNDO,false,false,erp,69242,MELLADO FACUNDO
69243,971,2026-08-03,facturado,177263.24,ERP VENTA vendedor=MELLADO FACUNDO,false,false,erp,69243,MELLADO FACUNDO
69244,872,2026-08-03,confirmado,156332.96,ERP RESERVA CONFIRMADA vendedor=MELLADO FACUNDO,false,false,erp,69244,MELLADO FACUNDO
69245,1241,2026-08-03,confirmado,334973.79,ERP RESERVA CONFIRMADA vendedor=MELLADO FACUNDO,false,false,erp,69245,MELLADO FACUNDO
69246,1326,2026-08-03,confirmado,389427.00,ERP RESERVA CONFIRMADA vendedor=ALEGRIA ESTEBAN,false,false,erp,69246,ALEGRIA ESTEBAN
69247,710,2026-08-03,facturado,104791.29,ERP VENTA vendedor=ALEGRIA ESTEBAN,false,false,erp,69247,ALEGRIA ESTEBAN
69248,710,2026-08-03,facturado,150303.11,ERP VENTA vendedor=ALEGRIA ESTEBAN,false,false,erp,69248,ALEGRIA ESTEBAN
69249,908,2026-08-03,confirmado,181350.50,ERP RESERVA CONFIRMADA vendedor=MELLADO FACUNDO,false,false,erp,69249,MELLADO FACUNDO
69250,630,2026-08-03,confirmado,117726.65,ERP RESERVA CONFIRMADA vendedor=MELLADO FACUNDO,false,false,erp,69250,MELLADO FACUNDO
69251,354,2026-08-03,confirmado,132492.95,ERP RESERVA CONFIRMADA vendedor=MELLADO FACUNDO,false,false,erp,69251,MELLADO FACUNDO
69252,828,2026-08-03,confirmado,124723.07,ERP RESERVA CONFIRMADA vendedor=MELLADO FACUNDO,false,false,erp,69252,MELLADO FACUNDO
69253,509,2026-08-03,confirmado,213008.07,ERP RESERVA CONFIRMADA vendedor=MELLADO FACUNDO,false,false,erp,69253,MELLADO FACUNDO
69254,1155,2026-08-03,confirmado,126523.77,ERP RESERVA CONFIRMADA vendedor=MELLADO FACUNDO,false,false,erp,69254,MELLADO FACUNDO
69255,1952,2026-08-03,confirmado,103285.12,ERP RESERVA CONFIRMADA vendedor=MELLADO FACUNDO,false,false,erp,69255,MELLADO FACUNDO
69256,839,2026-08-03,confirmado,111391.29,ERP RESERVA CONFIRMADA vendedor=MELLADO FACUNDO,false,false,erp,69256,MELLADO FACUNDO
69257,796,2026-08-03,confirmado,858655.06,ERP RESERVA CONFIRMADA vendedor=MELLADO FACUNDO,false,false,erp,69257,MELLADO FACUNDO
69258,909,2026-08-03,confirmado,244844.72,ERP RESERVA CONFIRMADA vendedor=MELLADO FACUNDO,false,false,erp,69258,MELLADO FACUNDO
69259,1159,2026-08-03,confirmado,155836.69,ERP RESERVA CONFIRMADA vendedor=MELLADO FACUNDO,false,false,erp,69259,MELLADO FACUNDO
69260,419,2026-08-03,confirmado,110761.38,ERP RESERVA CONFIRMADA vendedor=MELLADO FACUNDO,false,false,erp,69260,MELLADO FACUNDO
69261,666,2026-08-03,confirmado,117448.56,ERP RESERVA CONFIRMADA vendedor=MELLADO FACUNDO,false,false,erp,69261,MELLADO FACUNDO
69262,1750,2026-08-03,confirmado,181201.28,ERP RESERVA CONFIRMADA vendedor=MELLADO FACUNDO,false,false,erp,69262,MELLADO FACUNDO
69263,1868,2026-08-03,confirmado,90808.66,ERP RESERVA CONFIRMADA vendedor=MELLADO FACUNDO,false,false,erp,69263,MELLADO FACUNDO
69216,993,2026-08-01,confirmado,407495.71,ERP RESERVA CONFIRMADA vendedor=ALEGRIA ESTEBAN,false,false,erp,69216,ALEGRIA ESTEBAN
69217,1757,2026-08-01,confirmado,252663.97,ERP RESERVA CONFIRMADA vendedor=ALEGRIA ESTEBAN,false,false,erp,69217,ALEGRIA ESTEBAN
69218,1326,2026-08-01,confirmado,2675367.46,ERP RESERVA CONFIRMADA vendedor=ALEGRIA ESTEBAN,false,false,erp,69218,ALEGRIA ESTEBAN
69219,1832,2026-08-01,facturado,118903.00,ERP VENTA vendedor=ALEGRIA ESTEBAN,false,false,erp,69219,ALEGRIA ESTEBAN
69220,178,2026-08-01,facturado,112262.30,ERP VENTA vendedor=ALEGRIA ESTEBAN,false,false,erp,69220,ALEGRIA ESTEBAN
69221,522,2026-08-01,confirmado,48492.70,ERP RESERVA CONFIRMADA vendedor=ALEGRIA ESTEBAN,false,false,erp,69221,ALEGRIA ESTEBAN
69222,1929,2026-08-01,facturado,77137.50,ERP VENTA vendedor=ALEGRIA ESTEBAN,false,false,erp,69222,ALEGRIA ESTEBAN
69209,1651,2026-07-31,confirmado,202886.82,ERP RESERVA CONFIRMADA vendedor=ALEGRIA ESTEBAN,false,false,erp,69209,ALEGRIA ESTEBAN
69210,964,2026-07-31,facturado,83346.04,ERP VENTA vendedor=ALEGRIA ESTEBAN,false,false,erp,69210,ALEGRIA ESTEBAN
69211,964,2026-07-31,facturado,9018.93,ERP VENTA vendedor=ALEGRIA ESTEBAN,false,false,erp,69211,ALEGRIA ESTEBAN
69212,178,2026-07-31,facturado,559326.33,ERP VENTA vendedor=ALEGRIA ESTEBAN,false,false,erp,69212,ALEGRIA ESTEBAN
69213,1512,2026-07-31,confirmado,380911.73,ERP RESERVA CONFIRMADA vendedor=ALEGRIA ESTEBAN,false,false,erp,69213,ALEGRIA ESTEBAN
69214,532,2026-07-31,facturado,43128.51,ERP VENTA vendedor=ALEGRIA ESTEBAN,false,false,erp,69214,ALEGRIA ESTEBAN
69215,1954,2026-07-31,facturado,21399.68,ERP VENTA vendedor=ALEGRIA ESTEBAN,false,false,erp,69215,ALEGRIA ESTEBAN
69197,1342,2026-07-30,confirmado,345297.37,ERP RESERVA CONFIRMADA vendedor=ALEGRIA ESTEBAN,false,false,erp,69197,ALEGRIA ESTEBAN
69198,35,2026-07-30,confirmado,391122.27,ERP RESERVA CONFIRMADA vendedor=ALEGRIA ESTEBAN,false,false,erp,69198,ALEGRIA ESTEBAN
69199,1817,2026-07-30,facturado,80104.98,ERP VENTA vendedor=ALEGRIA ESTEBAN,false,false,erp,69199,ALEGRIA ESTEBAN
69200,1310,2026-07-30,confirmado,107811.00,ERP RESERVA CONFIRMADA vendedor=ALEGRIA ESTEBAN,false,false,erp,69200,ALEGRIA ESTEBAN
69201,557,2026-07-30,facturado,116797.80,ERP VENTA vendedor=ALEGRIA ESTEBAN,false,false,erp,69201,ALEGRIA ESTEBAN
69202,1146,2026-07-30,confirmado,794513.30,ERP RESERVA CONFIRMADA vendedor=ALEGRIA ESTEBAN,false,false,erp,69202,ALEGRIA ESTEBAN
69203,726,2026-07-30,confirmado,159504.34,ERP RESERVA CONFIRMADA vendedor=ALEGRIA ESTEBAN,false,false,erp,69203,ALEGRIA ESTEBAN
69204,1911,2026-07-30,facturado,76288.58,ERP VENTA vendedor=ALEGRIA ESTEBAN,false,false,erp,69204,ALEGRIA ESTEBAN
69205,1536,2026-07-30,facturado,144232.22,ERP VENTA vendedor=ALEGRIA ESTEBAN,false,false,erp,69205,ALEGRIA ESTEBAN
69206,1049,2026-07-30,confirmado,103571.45,ERP RESERVA CONFIRMADA vendedor=ALEGRIA ESTEBAN,false,false,erp,69206,ALEGRIA ESTEBAN
69208,787,2026-07-30,confirmado,198500.63,ERP RESERVA CONFIRMADA vendedor=ALEGRIA ESTEBAN,false,false,erp,69208,ALEGRIA ESTEBAN
69184,1326,2026-07-29,facturado,233851.68,ERP VENTA vendedor=ALEGRIA ESTEBAN,false,false,erp,69184,ALEGRIA ESTEBAN
69185,1438,2026-07-29,confirmado,154608.93,ERP RESERVA CONFIRMADA vendedor=ALEGRIA ESTEBAN,false,false,erp,69185,ALEGRIA ESTEBAN
69187,557,2026-07-29,facturado,95590.59,ERP VENTA vendedor=ALEGRIA ESTEBAN,false,false,erp,69187,ALEGRIA ESTEBAN
69188,557,2026-07-29,facturado,7355.75,ERP VENTA vendedor=ALEGRIA ESTEBAN,false,false,erp,69188,ALEGRIA ESTEBAN
69189,971,2026-07-29,facturado,195061.29,ERP VENTA vendedor=ALEGRIA ESTEBAN,false,false,erp,69189,ALEGRIA ESTEBAN
69190,695,2026-07-29,facturado,199720.36,ERP VENTA vendedor=ALEGRIA ESTEBAN,false,false,erp,69190,ALEGRIA ESTEBAN
69191,1146,2026-07-29,confirmado,234498.00,ERP RESERVA CONFIRMADA vendedor=ALEGRIA ESTEBAN,false,false,erp,69191,ALEGRIA ESTEBAN
69192,1612,2026-07-29,facturado,64159.84,ERP VENTA vendedor=ALEGRIA ESTEBAN,false,false,erp,69192,ALEGRIA ESTEBAN
69193,891,2026-07-29,facturado,53906.00,ERP VENTA vendedor=ALEGRIA ESTEBAN,false,false,erp,69193,ALEGRIA ESTEBAN
69194,996,2026-07-29,confirmado,421404.87,ERP RESERVA CONFIRMADA vendedor=ALEGRIA ESTEBAN,false,false,erp,69194,ALEGRIA ESTEBAN
69195,428,2026-07-29,confirmado,820858.33,ERP RESERVA CONFIRMADA vendedor=ALEGRIA ESTEBAN,false,false,erp,69195,ALEGRIA ESTEBAN
69160,839,2026-07-28,confirmado,130456.98,ERP RESERVA CONFIRMADA vendedor=ALEGRIA ESTEBAN,false,false,erp,69160,ALEGRIA ESTEBAN
69161,591,2026-07-28,confirmado,161718.00,ERP RESERVA CONFIRMADA vendedor=ALEGRIA ESTEBAN,false,false,erp,69161,ALEGRIA ESTEBAN
69162,1754,2026-07-28,confirmado,177683.45,ERP RESERVA CONFIRMADA vendedor=ALEGRIA ESTEBAN,false,false,erp,69162,ALEGRIA ESTEBAN
69163,1137,2026-07-28,confirmado,143627.44,ERP RESERVA CONFIRMADA vendedor=ALEGRIA ESTEBAN,false,false,erp,69163,ALEGRIA ESTEBAN
69164,905,2026-07-28,confirmado,70829.46,ERP RESERVA CONFIRMADA vendedor=ALEGRIA ESTEBAN,false,false,erp,69164,ALEGRIA ESTEBAN
69165,124,2026-07-28,confirmado,1680826.07,ERP RESERVA CONFIRMADA vendedor=ALEGRIA ESTEBAN,false,false,erp,69165,ALEGRIA ESTEBAN
69166,710,2026-07-28,facturado,114662.48,ERP VENTA vendedor=ALEGRIA ESTEBAN,false,false,erp,69166,ALEGRIA ESTEBAN
69167,710,2026-07-28,facturado,132050.96,ERP VENTA vendedor=ALEGRIA ESTEBAN,false,false,erp,69167,ALEGRIA ESTEBAN
69168,35,2026-07-28,facturado,142642.68,ERP VENTA vendedor=ALEGRIA ESTEBAN,false,false,erp,69168,ALEGRIA ESTEBAN
69169,1850,2026-07-28,confirmado,84327.97,ERP RESERVA CONFIRMADA vendedor=PATRICIA CURLO,false,false,erp,69169,PATRICIA CURLO
69170,993,2026-07-28,confirmado,98949.12,ERP RESERVA CONFIRMADA vendedor=ALEGRIA ESTEBAN,false,false,erp,69170,ALEGRIA ESTEBAN
69171,45,2026-07-28,confirmado,249521.32,ERP RESERVA CONFIRMADA vendedor=ALEGRIA ESTEBAN,false,false,erp,69171,ALEGRIA ESTEBAN
69172,1247,2026-07-28,confirmado,848668.83,ERP RESERVA CONFIRMADA vendedor=ALEGRIA ESTEBAN,false,false,erp,69172,ALEGRIA ESTEBAN
69173,151,2026-07-28,confirmado,719215.31,ERP RESERVA CONFIRMADA vendedor=ALEGRIA ESTEBAN,false,false,erp,69173,ALEGRIA ESTEBAN
69174,31,2026-07-28,confirmado,648835.80,ERP RESERVA CONFIRMADA vendedor=ALEGRIA ESTEBAN,false,false,erp,69174,ALEGRIA ESTEBAN
69175,161,2026-07-28,confirmado,290460.93,ERP RESERVA CONFIRMADA vendedor=ALEGRIA ESTEBAN,false,false,erp,69175,ALEGRIA ESTEBAN
69176,947,2026-07-28,confirmado,96614.01,ERP RESERVA CONFIRMADA vendedor=ALEGRIA ESTEBAN,false,false,erp,69176,ALEGRIA ESTEBAN
69177,1901,2026-07-28,confirmado,132773.35,ERP RESERVA CONFIRMADA vendedor=ALEGRIA ESTEBAN,false,false,erp,69177,ALEGRIA ESTEBAN
69178,1817,2026-07-28,facturado,75083.68,ERP VENTA vendedor=ALEGRIA ESTEBAN,false,false,erp,69178,ALEGRIA ESTEBAN
69179,797,2026-07-28,confirmado,169412.17,ERP RESERVA CONFIRMADA vendedor=ALEGRIA ESTEBAN,false,false,erp,69179,ALEGRIA ESTEBAN
69180,108,2026-07-28,confirmado,100504.66,ERP RESERVA CONFIRMADA vendedor=ALEGRIA ESTEBAN,false,false,erp,69180,ALEGRIA ESTEBAN
69181,1929,2026-07-28,facturado,33577.50,ERP VENTA vendedor=ALEGRIA ESTEBAN,false,false,erp,69181,ALEGRIA ESTEBAN
69182,110,2026-07-28,confirmado,230625.55,ERP RESERVA CONFIRMADA vendedor=PATRICIA CURLO,false,false,erp,69182,PATRICIA CURLO
69125,909,2026-07-27,confirmado,63812.32,ERP RESERVA CONFIRMADA vendedor=ALEGRIA ESTEBAN,false,false,erp,69125,ALEGRIA ESTEBAN
69126,909,2026-07-27,confirmado,150572.94,ERP RESERVA CONFIRMADA vendedor=ALEGRIA ESTEBAN,false,false,erp,69126,ALEGRIA ESTEBAN
69127,35,2026-07-27,confirmado,303891.82,ERP RESERVA CONFIRMADA vendedor=ALEGRIA ESTEBAN,false,false,erp,69127,ALEGRIA ESTEBAN
69128,1326,2026-07-27,confirmado,316915.44,ERP RESERVA CONFIRMADA vendedor=ALEGRIA ESTEBAN,false,false,erp,69128,ALEGRIA ESTEBAN
69129,1894,2026-07-27,confirmado,151502.54,ERP RESERVA CONFIRMADA vendedor=ALEGRIA ESTEBAN,false,false,erp,69129,ALEGRIA ESTEBAN
69130,1442,2026-07-27,facturado,614493.70,ERP VENTA vendedor=ALEGRIA ESTEBAN,false,false,erp,69130,ALEGRIA ESTEBAN
69131,993,2026-07-27,confirmado,240563.00,ERP RESERVA CONFIRMADA vendedor=ALEGRIA ESTEBAN,false,false,erp,69131,ALEGRIA ESTEBAN
69132,316,2026-07-27,facturado,112919.88,ERP VENTA vendedor=ALEGRIA ESTEBAN,false,false,erp,69132,ALEGRIA ESTEBAN
69133,1442,2026-07-27,confirmado,1013279.61,ERP RESERVA CONFIRMADA vendedor=ALEGRIA ESTEBAN,false,false,erp,69133,ALEGRIA ESTEBAN
69134,1924,2026-07-27,confirmado,157990.68,ERP RESERVA CONFIRMADA vendedor=ALEGRIA ESTEBAN,false,false,erp,69134,ALEGRIA ESTEBAN
69135,1069,2026-07-27,facturado,62043.91,ERP VENTA vendedor=ALEGRIA ESTEBAN,false,false,erp,69135,ALEGRIA ESTEBAN
69137,207,2026-07-27,confirmado,185784.23,ERP RESERVA CONFIRMADA vendedor=ALEGRIA ESTEBAN,false,false,erp,69137,ALEGRIA ESTEBAN
69138,630,2026-07-27,confirmado,129968.81,ERP RESERVA CONFIRMADA vendedor=ALEGRIA ESTEBAN,false,false,erp,69138,ALEGRIA ESTEBAN
69139,908,2026-07-27,confirmado,125823.84,ERP RESERVA CONFIRMADA vendedor=ALEGRIA ESTEBAN,false,false,erp,69139,ALEGRIA ESTEBAN
69140,1878,2026-07-27,confirmado,260042.11,ERP RESERVA CONFIRMADA vendedor=ALEGRIA ESTEBAN,false,false,erp,69140,ALEGRIA ESTEBAN
69141,796,2026-07-27,confirmado,765289.33,ERP RESERVA CONFIRMADA vendedor=ALEGRIA ESTEBAN,false,false,erp,69141,ALEGRIA ESTEBAN
69142,851,2026-07-27,confirmado,310428.58,ERP RESERVA CONFIRMADA vendedor=ALEGRIA ESTEBAN,false,false,erp,69142,ALEGRIA ESTEBAN
69145,184,2026-07-27,confirmado,111115.40,ERP RESERVA CONFIRMADA vendedor=ALEGRIA ESTEBAN,false,false,erp,69145,ALEGRIA ESTEBAN
69146,36,2026-07-27,confirmado,331565.61,ERP RESERVA CONFIRMADA vendedor=ALEGRIA ESTEBAN,false,false,erp,69146,ALEGRIA ESTEBAN
69147,1849,2026-07-27,confirmado,110769.17,ERP RESERVA CONFIRMADA vendedor=ALEGRIA ESTEBAN,false,false,erp,69147,ALEGRIA ESTEBAN
69148,574,2026-07-27,confirmado,96570.22,ERP RESERVA CONFIRMADA vendedor=ALEGRIA ESTEBAN,false,false,erp,69148,ALEGRIA ESTEBAN
69150,1735,2026-07-27,confirmado,276175.90,ERP RESERVA CONFIRMADA vendedor=ALEGRIA ESTEBAN,false,false,erp,69150,ALEGRIA ESTEBAN
69151,1735,2026-07-27,confirmado,160197.33,ERP RESERVA CONFIRMADA vendedor=ALEGRIA ESTEBAN,false,false,erp,69151,ALEGRIA ESTEBAN
69152,666,2026-07-27,confirmado,156598.08,ERP RESERVA CONFIRMADA vendedor=ALEGRIA ESTEBAN,false,false,erp,69152,ALEGRIA ESTEBAN
69154,1868,2026-07-27,confirmado,235055.84,ERP RESERVA CONFIRMADA vendedor=ALEGRIA ESTEBAN,false,false,erp,69154,ALEGRIA ESTEBAN
69155,16,2026-07-27,facturado,203305.57,ERP VENTA vendedor=ALEGRIA ESTEBAN,false,false,erp,69155,ALEGRIA ESTEBAN
69156,1684,2026-07-27,facturado,64667.47,ERP VENTA vendedor=ALEGRIA ESTEBAN,false,false,erp,69156,ALEGRIA ESTEBAN
69157,419,2026-07-27,confirmado,311912.03,ERP RESERVA CONFIRMADA vendedor=ALEGRIA ESTEBAN,false,false,erp,69157,ALEGRIA ESTEBAN
69158,1414,2026-07-27,facturado,606119.57,ERP VENTA vendedor=ALEGRIA ESTEBAN,false,false,erp,69158,ALEGRIA ESTEBAN
69116,195,2026-07-25,confirmado,186542.03,ERP RESERVA CONFIRMADA vendedor=ALEGRIA ESTEBAN,false,false,erp,69116,ALEGRIA ESTEBAN
69118,778,2026-07-25,facturado,53592.74,ERP VENTA vendedor=ALEGRIA ESTEBAN,false,false,erp,69118,ALEGRIA ESTEBAN
69119,1326,2026-07-25,confirmado,5165780.18,ERP RESERVA CONFIRMADA vendedor=ALEGRIA ESTEBAN,false,false,erp,69119,ALEGRIA ESTEBAN
69120,1911,2026-07-25,facturado,171248.24,ERP VENTA vendedor=ALEGRIA ESTEBAN,false,false,erp,69120,ALEGRIA ESTEBAN
69121,1586,2026-07-25,confirmado,163376.81,ERP RESERVA CONFIRMADA vendedor=ALEGRIA ESTEBAN,false,false,erp,69121,ALEGRIA ESTEBAN
69122,1909,2026-07-25,confirmado,67535.77,ERP RESERVA CONFIRMADA vendedor=ALEGRIA ESTEBAN,false,false,erp,69122,ALEGRIA ESTEBAN
69123,1796,2026-07-25,facturado,92709.81,ERP VENTA vendedor=ALEGRIA ESTEBAN,false,false,erp,69123,ALEGRIA ESTEBAN
69124,159,2026-07-25,confirmado,314424.76,ERP RESERVA CONFIRMADA vendedor=ALEGRIA ESTEBAN,false,false,erp,69124,ALEGRIA ESTEBAN
69110,985,2026-07-24,facturado,54513.84,ERP VENTA vendedor=ALEGRIA ESTEBAN,false,false,erp,69110,ALEGRIA ESTEBAN
69111,778,2026-07-24,facturado,64667.47,ERP VENTA vendedor=ALEGRIA ESTEBAN,false,false,erp,69111,ALEGRIA ESTEBAN
69112,375,2026-07-24,facturado,54304.80,ERP VENTA vendedor=ALEGRIA ESTEBAN,false,false,erp,69112,ALEGRIA ESTEBAN
69113,971,2026-07-24,facturado,489564.89,ERP VENTA vendedor=ALEGRIA ESTEBAN,false,false,erp,69113,ALEGRIA ESTEBAN
69114,678,2026-07-24,facturado,73960.18,ERP VENTA vendedor=ALEGRIA ESTEBAN,false,false,erp,69114,ALEGRIA ESTEBAN
69115,1939,2026-07-24,facturado,55015.89,ERP VENTA vendedor=ALEGRIA ESTEBAN,false,false,erp,69115,ALEGRIA ESTEBAN
69092,1889,2026-07-23,facturado,5456.22,ERP VENTA vendedor=ARIAS MACARENA,false,false,erp,69092,ARIAS MACARENA
69093,1851,2026-07-23,confirmado,56717.96,ERP RESERVA CONFIRMADA vendedor=ALEGRIA ESTEBAN,false,false,erp,69093,ALEGRIA ESTEBAN
69094,35,2026-07-23,confirmado,269218.08,ERP RESERVA CONFIRMADA vendedor=ALEGRIA ESTEBAN,false,false,erp,69094,ALEGRIA ESTEBAN
69095,963,2026-07-23,facturado,164368.38,ERP VENTA vendedor=ALEGRIA ESTEBAN,false,false,erp,69095,ALEGRIA ESTEBAN
69096,15,2026-07-23,facturado,161718.00,ERP VENTA vendedor=ALEGRIA ESTEBAN,false,false,erp,69096,ALEGRIA ESTEBAN
69097,1851,2026-07-23,confirmado,52259.20,ERP RESERVA CONFIRMADA vendedor=ALEGRIA ESTEBAN,false,false,erp,69097,ALEGRIA ESTEBAN
69098,1019,2026-07-23,confirmado,1208720.56,ERP RESERVA CONFIRMADA vendedor=ALEGRIA ESTEBAN,false,false,erp,69098,ALEGRIA ESTEBAN
69099,316,2026-07-23,facturado,123200.52,ERP VENTA vendedor=ALEGRIA ESTEBAN,false,false,erp,69099,ALEGRIA ESTEBAN
69100,1939,2026-07-23,facturado,94546.09,ERP VENTA vendedor=ALEGRIA ESTEBAN,false,false,erp,69100,ALEGRIA ESTEBAN
69101,207,2026-07-23,facturado,52568.85,ERP VENTA vendedor=ALEGRIA ESTEBAN,false,false,erp,69101,ALEGRIA ESTEBAN
69102,42,2026-07-23,facturado,141840.24,ERP VENTA vendedor=ALEGRIA ESTEBAN,false,false,erp,69102,ALEGRIA ESTEBAN
69104,1146,2026-07-23,confirmado,709098.36,ERP RESERVA CONFIRMADA vendedor=ALEGRIA ESTEBAN,false,false,erp,69104,ALEGRIA ESTEBAN
69105,1651,2026-07-23,confirmado,138233.67,ERP RESERVA CONFIRMADA vendedor=ALEGRIA ESTEBAN,false,false,erp,69105,ALEGRIA ESTEBAN
69106,1950,2026-07-23,facturado,336532.17,ERP VENTA vendedor=ALEGRIA ESTEBAN,false,false,erp,69106,ALEGRIA ESTEBAN
69107,979,2026-07-23,facturado,567151.20,ERP VENTA vendedor=ALEGRIA ESTEBAN,false,false,erp,69107,ALEGRIA ESTEBAN
69108,1722,2026-07-23,facturado,129719.57,ERP VENTA vendedor=ALEGRIA ESTEBAN,false,false,erp,69108,ALEGRIA ESTEBAN
69109,1832,2026-07-23,facturado,53906.00,ERP VENTA vendedor=ALEGRIA ESTEBAN,false,false,erp,69109,ALEGRIA ESTEBAN
69074,1871,2026-07-22,facturado,80460.97,ERP VENTA vendedor=ALEGRIA ESTEBAN,false,false,erp,69074,ALEGRIA ESTEBAN
69075,56,2026-07-22,confirmado,116536.69,ERP RESERVA CONFIRMADA vendedor=ALEGRIA ESTEBAN,false,false,erp,69075,ALEGRIA ESTEBAN
69076,184,2026-07-22,confirmado,246217.53,ERP RESERVA CONFIRMADA vendedor=ALEGRIA ESTEBAN,false,false,erp,69076,ALEGRIA ESTEBAN
69077,658,2026-07-22,facturado,215330.64,ERP VENTA vendedor=ALEGRIA ESTEBAN,false,false,erp,69077,ALEGRIA ESTEBAN
69078,812,2026-07-22,facturado,61118.64,ERP VENTA vendedor=ALEGRIA ESTEBAN,false,false,erp,69078,ALEGRIA ESTEBAN
69079,837,2026-07-22,confirmado,213733.11,ERP RESERVA CONFIRMADA vendedor=ALEGRIA ESTEBAN,false,false,erp,69079,ALEGRIA ESTEBAN
69080,140,2026-07-22,confirmado,308351.21,ERP RESERVA CONFIRMADA vendedor=ALEGRIA ESTEBAN,false,false,erp,69080,ALEGRIA ESTEBAN
69081,996,2026-07-22,confirmado,261324.86,ERP RESERVA CONFIRMADA vendedor=ALEGRIA ESTEBAN,false,false,erp,69081,ALEGRIA ESTEBAN
69082,1948,2026-07-22,facturado,252599.36,ERP VENTA vendedor=ALEGRIA ESTEBAN,false,false,erp,69082,ALEGRIA ESTEBAN
69083,1359,2026-07-22,facturado,71877.64,ERP VENTA vendedor=ALEGRIA ESTEBAN,false,false,erp,69083,ALEGRIA ESTEBAN
69084,7,2026-07-22,confirmado,464539.52,ERP RESERVA CONFIRMADA vendedor=ALEGRIA ESTEBAN,false,false,erp,69084,ALEGRIA ESTEBAN
69085,1455,2026-07-22,facturado,73960.18,ERP VENTA vendedor=ALEGRIA ESTEBAN,false,false,erp,69085,ALEGRIA ESTEBAN
69086,1326,2026-07-22,confirmado,966963.09,ERP RESERVA CONFIRMADA vendedor=ALEGRIA ESTEBAN,false,false,erp,69086,ALEGRIA ESTEBAN
69087,1871,2026-07-22,facturado,92709.81,ERP VENTA vendedor=ALEGRIA ESTEBAN,false,false,erp,69087,ALEGRIA ESTEBAN
69088,1414,2026-07-22,facturado,287013.95,ERP VENTA vendedor=ALEGRIA ESTEBAN,false,false,erp,69088,ALEGRIA ESTEBAN
69089,1923,2026-07-22,facturado,169306.32,ERP VENTA vendedor=ALEGRIA ESTEBAN,false,false,erp,69089,ALEGRIA ESTEBAN
69090,1923,2026-07-22,facturado,49558.10,ERP VENTA vendedor=ALEGRIA ESTEBAN,false,false,erp,69090,ALEGRIA ESTEBAN
69091,15,2026-07-22,facturado,97690.19,ERP VENTA vendedor=AGUILERA MOLINA LUCAS JD,false,false,erp,69091,AGUILERA MOLINA LUCAS JD
69058,1536,2026-07-21,confirmado,105187.44,ERP RESERVA CONFIRMADA vendedor=ALEGRIA ESTEBAN,false,false,erp,69058,ALEGRIA ESTEBAN
69059,700,2026-07-21,confirmado,101760.28,ERP RESERVA CONFIRMADA vendedor=ALEGRIA ESTEBAN,false,false,erp,69059,ALEGRIA ESTEBAN
69060,184,2026-07-21,confirmado,589325.67,ERP RESERVA CONFIRMADA vendedor=ALEGRIA ESTEBAN,false,false,erp,69060,ALEGRIA ESTEBAN
69061,1384,2026-07-21,confirmado,411878.38,ERP RESERVA CONFIRMADA vendedor=ALEGRIA ESTEBAN,false,false,erp,69061,ALEGRIA ESTEBAN
69062,583,2026-07-21,confirmado,204463.71,ERP RESERVA CONFIRMADA vendedor=ALEGRIA ESTEBAN,false,false,erp,69062,ALEGRIA ESTEBAN
69063,1320,2026-07-21,confirmado,186902.52,ERP RESERVA CONFIRMADA vendedor=ALEGRIA ESTEBAN,false,false,erp,69063,ALEGRIA ESTEBAN
69064,854,2026-07-21,facturado,176341.43,ERP VENTA vendedor=ALEGRIA ESTEBAN,false,false,erp,69064,ALEGRIA ESTEBAN
69065,1871,2026-07-21,facturado,145525.02,ERP VENTA vendedor=ALEGRIA ESTEBAN,false,false,erp,69065,ALEGRIA ESTEBAN
69066,15,2026-07-21,facturado,334937.46,ERP VENTA vendedor=ALEGRIA ESTEBAN,false,false,erp,69066,ALEGRIA ESTEBAN
69067,1849,2026-07-21,confirmado,107812.00,ERP RESERVA CONFIRMADA vendedor=ALEGRIA ESTEBAN,false,false,erp,69067,ALEGRIA ESTEBAN
69068,947,2026-07-21,confirmado,397720.39,ERP RESERVA CONFIRMADA vendedor=ALEGRIA ESTEBAN,false,false,erp,69068,ALEGRIA ESTEBAN
69071,957,2026-07-21,confirmado,121026.63,ERP RESERVA CONFIRMADA vendedor=PATRICIA CURLO,false,false,erp,69071,PATRICIA CURLO
69072,997,2026-07-21,confirmado,112550.51,ERP RESERVA CONFIRMADA vendedor=ALEGRIA ESTEBAN,false,false,erp,69072,ALEGRIA ESTEBAN
69073,666,2026-07-21,facturado,278863.20,ERP VENTA vendedor=ALEGRIA ESTEBAN,false,false,erp,69073,ALEGRIA ESTEBAN
69029,909,2026-07-20,confirmado,107816.46,ERP RESERVA CONFIRMADA vendedor=ALEGRIA ESTEBAN,false,false,erp,69029,ALEGRIA ESTEBAN
69030,909,2026-07-20,confirmado,233567.45,ERP RESERVA CONFIRMADA vendedor=ALEGRIA ESTEBAN,false,false,erp,69030,ALEGRIA ESTEBAN
69031,909,2026-07-20,confirmado,101257.60,ERP RESERVA CONFIRMADA vendedor=ALEGRIA ESTEBAN,false,false,erp,69031,ALEGRIA ESTEBAN
69032,710,2026-07-20,confirmado,78540.50,ERP RESERVA CONFIRMADA vendedor=ALEGRIA ESTEBAN,false,false,erp,69032,ALEGRIA ESTEBAN
69033,710,2026-07-20,confirmado,63746.52,ERP RESERVA CONFIRMADA vendedor=ALEGRIA ESTEBAN,false,false,erp,69033,ALEGRIA ESTEBAN
69034,1326,2026-07-20,confirmado,420054.10,ERP RESERVA CONFIRMADA vendedor=ALEGRIA ESTEBAN,false,false,erp,69034,ALEGRIA ESTEBAN
69035,1241,2026-07-20,confirmado,119373.53,ERP RESERVA CONFIRMADA vendedor=ALEGRIA ESTEBAN,false,false,erp,69035,ALEGRIA ESTEBAN
69037,1137,2026-07-20,confirmado,489055.82,ERP RESERVA CONFIRMADA vendedor=ALEGRIA ESTEBAN,false,false,erp,69037,ALEGRIA ESTEBAN
69038,1155,2026-07-20,confirmado,99317.60,ERP RESERVA CONFIRMADA vendedor=ALEGRIA ESTEBAN,false,false,erp,69038,ALEGRIA ESTEBAN
69039,630,2026-07-20,confirmado,213270.36,ERP RESERVA CONFIRMADA vendedor=ALEGRIA ESTEBAN,false,false,erp,69039,ALEGRIA ESTEBAN
69040,509,2026-07-20,confirmado,429951.93,ERP RESERVA CONFIRMADA vendedor=ALEGRIA ESTEBAN,false,false,erp,69040,ALEGRIA ESTEBAN
69041,35,2026-07-20,facturado,101048.20,ERP VENTA vendedor=ALEGRIA ESTEBAN,false,false,erp,69041,ALEGRIA ESTEBAN
69042,1342,2026-07-20,facturado,118879.56,ERP VENTA vendedor=ALEGRIA ESTEBAN,false,false,erp,69042,ALEGRIA ESTEBAN
69043,1878,2026-07-20,confirmado,246020.93,ERP RESERVA CONFIRMADA vendedor=ALEGRIA ESTEBAN,false,false,erp,69043,ALEGRIA ESTEBAN
69044,1929,2026-07-20,facturado,198744.70,ERP VENTA vendedor=ALEGRIA ESTEBAN,false,false,erp,69044,ALEGRIA ESTEBAN
69045,1817,2026-07-20,facturado,51163.46,ERP VENTA vendedor=ALEGRIA ESTEBAN,false,false,erp,69045,ALEGRIA ESTEBAN
69046,1512,2026-07-20,confirmado,395577.47,ERP RESERVA CONFIRMADA vendedor=ALEGRIA ESTEBAN,false,false,erp,69046,ALEGRIA ESTEBAN
69047,837,2026-07-20,confirmado,135350.33,ERP RESERVA CONFIRMADA vendedor=ALEGRIA ESTEBAN,false,false,erp,69047,ALEGRIA ESTEBAN
69048,796,2026-07-20,confirmado,784340.05,ERP RESERVA CONFIRMADA vendedor=ALEGRIA ESTEBAN,false,false,erp,69048,ALEGRIA ESTEBAN
69049,354,2026-07-20,confirmado,99014.73,ERP RESERVA CONFIRMADA vendedor=ALEGRIA ESTEBAN,false,false,erp,69049,ALEGRIA ESTEBAN
69050,1159,2026-07-20,confirmado,125556.15,ERP RESERVA CONFIRMADA vendedor=ALEGRIA ESTEBAN,false,false,erp,69050,ALEGRIA ESTEBAN
69051,1735,2026-07-20,confirmado,256542.90,ERP RESERVA CONFIRMADA vendedor=ALEGRIA ESTEBAN,false,false,erp,69051,ALEGRIA ESTEBAN
69052,1735,2026-07-20,confirmado,257254.31,ERP RESERVA CONFIRMADA vendedor=ALEGRIA ESTEBAN,false,false,erp,69052,ALEGRIA ESTEBAN
69053,1063,2026-07-20,confirmado,110941.09,ERP RESERVA CONFIRMADA vendedor=ALEGRIA ESTEBAN,false,false,erp,69053,ALEGRIA ESTEBAN
69054,839,2026-07-20,confirmado,140177.08,ERP RESERVA CONFIRMADA vendedor=ALEGRIA ESTEBAN,false,false,erp,69054,ALEGRIA ESTEBAN
69055,108,2026-07-20,confirmado,226706.88,ERP RESERVA CONFIRMADA vendedor=ALEGRIA ESTEBAN,false,false,erp,69055,ALEGRIA ESTEBAN
69017,993,2026-07-18,confirmado,1083165.41,ERP RESERVA CONFIRMADA vendedor=MELLADO FACUNDO,false,false,erp,69017,MELLADO FACUNDO
69018,532,2026-07-18,confirmado,503194.76,ERP RESERVA CONFIRMADA vendedor=MELLADO FACUNDO,false,false,erp,69018,MELLADO FACUNDO
69019,1326,2026-07-18,confirmado,5109836.26,ERP RESERVA CONFIRMADA vendedor=MELLADO FACUNDO,false,false,erp,69019,MELLADO FACUNDO
69020,695,2026-07-18,facturado,122731.69,ERP VENTA vendedor=MELLADO FACUNDO,false,false,erp,69020,MELLADO FACUNDO
69021,971,2026-07-18,facturado,153484.32,ERP VENTA vendedor=MELLADO FACUNDO,false,false,erp,69021,MELLADO FACUNDO
69022,35,2026-07-18,confirmado,272005.88,ERP RESERVA CONFIRMADA vendedor=MELLADO FACUNDO,false,false,erp,69022,MELLADO FACUNDO
69023,1894,2026-07-18,confirmado,286288.41,ERP RESERVA CONFIRMADA vendedor=MELLADO FACUNDO,false,false,erp,69023,MELLADO FACUNDO
69024,974,2026-07-18,facturado,187519.06,ERP VENTA vendedor=MELLADO FACUNDO,false,false,erp,69024,MELLADO FACUNDO
69025,1906,2026-07-18,facturado,52593.72,ERP VENTA vendedor=MELLADO FACUNDO,false,false,erp,69025,MELLADO FACUNDO
69026,1929,2026-07-18,facturado,404818.65,ERP VENTA vendedor=MELLADO FACUNDO,false,false,erp,69026,MELLADO FACUNDO
69027,1820,2026-07-18,confirmado,80790.53,ERP RESERVA CONFIRMADA vendedor=MELLADO FACUNDO,false,false,erp,69027,MELLADO FACUNDO
69028,1951,2026-07-18,facturado,48692.82,ERP VENTA vendedor=MELLADO FACUNDO,false,false,erp,69028,MELLADO FACUNDO
69003,1454,2026-07-17,confirmado,114752.98,ERP RESERVA CONFIRMADA vendedor=MELLADO FACUNDO,false,false,erp,69003,MELLADO FACUNDO
69004,1146,2026-07-17,confirmado,892749.84,ERP RESERVA CONFIRMADA vendedor=MELLADO FACUNDO,false,false,erp,69004,MELLADO FACUNDO
69005,200,2026-07-17,confirmado,134244.00,ERP RESERVA CONFIRMADA vendedor=MELLADO FACUNDO,false,false,erp,69005,MELLADO FACUNDO
69006,1945,2026-07-17,facturado,77865.20,ERP VENTA vendedor=MELLADO FACUNDO,false,false,erp,69006,MELLADO FACUNDO
69007,902,2026-07-17,facturado,145340.74,ERP VENTA vendedor=MELLADO FACUNDO,false,false,erp,69007,MELLADO FACUNDO
69008,1937,2026-07-17,facturado,86804.28,ERP VENTA vendedor=MELLADO FACUNDO,false,false,erp,69008,MELLADO FACUNDO
69009,46,2026-07-17,confirmado,136600.28,ERP RESERVA CONFIRMADA vendedor=MELLADO FACUNDO,false,false,erp,69009,MELLADO FACUNDO
69010,1342,2026-07-17,facturado,95287.50,ERP VENTA vendedor=MELLADO FACUNDO,false,false,erp,69010,MELLADO FACUNDO
69011,200,2026-07-17,confirmado,52968.00,ERP RESERVA CONFIRMADA vendedor=MELLADO FACUNDO,false,false,erp,69011,MELLADO FACUNDO
69012,837,2026-07-17,facturado,141506.85,ERP VENTA vendedor=MELLADO FACUNDO,false,false,erp,69012,MELLADO FACUNDO
69013,1832,2026-07-17,facturado,113801.00,ERP VENTA vendedor=MELLADO FACUNDO,false,false,erp,69013,MELLADO FACUNDO
69014,1586,2026-07-17,confirmado,609657.43,ERP RESERVA CONFIRMADA vendedor=MELLADO FACUNDO,false,false,erp,69014,MELLADO FACUNDO
69015,1342,2026-07-17,facturado,129334.94,ERP VENTA vendedor=MELLADO FACUNDO,false,false,erp,69015,MELLADO FACUNDO
69016,1722,2026-07-17,facturado,119946.28,ERP VENTA vendedor=MELLADO FACUNDO,false,false,erp,69016,MELLADO FACUNDO
68990,587,2026-07-16,confirmado,211941.07,ERP RESERVA CONFIRMADA vendedor=MELLADO FACUNDO,false,false,erp,68990,MELLADO FACUNDO
68991,996,2026-07-16,confirmado,501368.87,ERP RESERVA CONFIRMADA vendedor=MELLADO FACUNDO,false,false,erp,68991,MELLADO FACUNDO
68992,316,2026-07-16,facturado,42595.63,ERP VENTA vendedor=MELLADO FACUNDO,false,false,erp,68992,MELLADO FACUNDO
68993,1438,2026-07-16,confirmado,334528.35,ERP RESERVA CONFIRMADA vendedor=MELLADO FACUNDO,false,false,erp,68993,MELLADO FACUNDO
68994,971,2026-07-16,facturado,180589.24,ERP VENTA vendedor=MELLADO FACUNDO,false,false,erp,68994,MELLADO FACUNDO
68995,993,2026-07-16,confirmado,99709.94,ERP RESERVA CONFIRMADA vendedor=MELLADO FACUNDO,false,false,erp,68995,MELLADO FACUNDO
68996,7,2026-07-16,confirmado,139343.85,ERP RESERVA CONFIRMADA vendedor=MELLADO FACUNDO,false,false,erp,68996,MELLADO FACUNDO
68997,1651,2026-07-16,confirmado,327669.53,ERP RESERVA CONFIRMADA vendedor=MELLADO FACUNDO,false,false,erp,68997,MELLADO FACUNDO
68998,1754,2026-07-16,facturado,136345.75,ERP VENTA vendedor=MELLADO FACUNDO,false,false,erp,68998,MELLADO FACUNDO
68999,666,2026-07-16,facturado,135275.36,ERP VENTA vendedor=MELLADO FACUNDO,false,false,erp,68999,MELLADO FACUNDO
69000,944,2026-07-16,facturado,186248.54,ERP VENTA vendedor=MELLADO FACUNDO,false,false,erp,69000,MELLADO FACUNDO
69001,35,2026-07-16,facturado,13329.36,ERP VENTA vendedor=MELLADO FACUNDO,false,false,erp,69001,MELLADO FACUNDO
69002,968,2026-07-16,facturado,339417.07,ERP VENTA vendedor=MELLADO FACUNDO,false,false,erp,69002,MELLADO FACUNDO
68976,316,2026-07-15,facturado,77828.19,ERP VENTA vendedor=MELLADO FACUNDO,false,false,erp,68976,MELLADO FACUNDO
68977,31,2026-07-15,confirmado,1770400.36,ERP RESERVA CONFIRMADA vendedor=MELLADO FACUNDO,false,false,erp,68977,MELLADO FACUNDO
68978,6,2026-07-15,confirmado,1812494.90,ERP RESERVA CONFIRMADA vendedor=MELLADO FACUNDO,false,false,erp,68978,MELLADO FACUNDO
68979,1882,2026-07-15,confirmado,160705.99,ERP RESERVA CONFIRMADA vendedor=MELLADO FACUNDO,false,false,erp,68979,MELLADO FACUNDO
68980,1638,2026-07-15,confirmado,465304.45,ERP RESERVA CONFIRMADA vendedor=MELLADO FACUNDO,false,false,erp,68980,MELLADO FACUNDO
68981,1214,2026-07-15,confirmado,101016.57,ERP RESERVA CONFIRMADA vendedor=MELLADO FACUNDO,false,false,erp,68981,MELLADO FACUNDO
68982,129,2026-07-15,confirmado,149338.38,ERP RESERVA CONFIRMADA vendedor=MELLADO FACUNDO,false,false,erp,68982,MELLADO FACUNDO
68983,1817,2026-07-15,facturado,67652.35,ERP VENTA vendedor=AGUILERA MOLINA LUCAS JD,false,false,erp,68983,AGUILERA MOLINA LUCAS JD
68984,695,2026-07-15,facturado,70583.16,ERP VENTA vendedor=ARIAS MACARENA,false,false,erp,68984,ARIAS MACARENA
68985,316,2026-07-15,facturado,116076.60,ERP VENTA vendedor=AGUILERA MOLINA LUCAS JD,false,false,erp,68985,AGUILERA MOLINA LUCAS JD
68986,35,2026-07-15,confirmado,679634.59,ERP RESERVA CONFIRMADA vendedor=MELLADO FACUNDO,false,false,erp,68986,MELLADO FACUNDO
68987,1264,2026-07-15,confirmado,238569.99,ERP RESERVA CONFIRMADA vendedor=MELLADO FACUNDO,false,false,erp,68987,MELLADO FACUNDO
68988,1342,2026-07-15,confirmado,658932.52,ERP RESERVA CONFIRMADA vendedor=MELLADO FACUNDO,false,false,erp,68988,MELLADO FACUNDO
68989,376,2026-07-15,facturado,90093.44,ERP VENTA vendedor=MELLADO FACUNDO,false,false,erp,68989,MELLADO FACUNDO
68954,1137,2026-07-14,confirmado,343205.69,ERP RESERVA CONFIRMADA vendedor=MELLADO FACUNDO,false,false,erp,68954,MELLADO FACUNDO
68955,1519,2026-07-14,confirmado,366343.61,ERP RESERVA CONFIRMADA vendedor=MELLADO FACUNDO,false,false,erp,68955,MELLADO FACUNDO
68956,419,2026-07-14,confirmado,224791.13,ERP RESERVA CONFIRMADA vendedor=MELLADO FACUNDO,false,false,erp,68956,MELLADO FACUNDO
68957,787,2026-07-14,confirmado,106725.76,ERP RESERVA CONFIRMADA vendedor=MELLADO FACUNDO,false,false,erp,68957,MELLADO FACUNDO
68958,89,2026-07-14,confirmado,188131.92,ERP RESERVA CONFIRMADA vendedor=MELLADO FACUNDO,false,false,erp,68958,MELLADO FACUNDO
68959,184,2026-07-14,confirmado,220864.99,ERP RESERVA CONFIRMADA vendedor=MELLADO FACUNDO,false,false,erp,68959,MELLADO FACUNDO
68960,1084,2026-07-14,facturado,96146.12,ERP VENTA vendedor=MELLADO FACUNDO,false,false,erp,68960,MELLADO FACUNDO
68961,152,2026-07-14,confirmado,110027.42,ERP RESERVA CONFIRMADA vendedor=MELLADO FACUNDO,false,false,erp,68961,MELLADO FACUNDO
68962,947,2026-07-14,confirmado,215405.23,ERP RESERVA CONFIRMADA vendedor=MELLADO FACUNDO,false,false,erp,68962,MELLADO FACUNDO
68963,151,2026-07-14,confirmado,116776.22,ERP RESERVA CONFIRMADA vendedor=MELLADO FACUNDO,false,false,erp,68963,MELLADO FACUNDO
68964,905,2026-07-14,confirmado,69215.12,ERP RESERVA CONFIRMADA vendedor=MELLADO FACUNDO,false,false,erp,68964,MELLADO FACUNDO
68965,161,2026-07-14,confirmado,357910.80,ERP RESERVA CONFIRMADA vendedor=MELLADO FACUNDO,false,false,erp,68965,MELLADO FACUNDO
68966,1941,2026-07-14,confirmado,654028.08,ERP RESERVA CONFIRMADA vendedor=MELLADO FACUNDO,false,false,erp,68966,MELLADO FACUNDO
68967,962,2026-07-14,confirmado,110342.83,ERP RESERVA CONFIRMADA vendedor=MELLADO FACUNDO,false,false,erp,68967,MELLADO FACUNDO
68968,316,2026-07-14,facturado,53930.96,ERP VENTA vendedor=MELLADO FACUNDO,false,false,erp,68968,MELLADO FACUNDO
68969,125,2026-07-14,confirmado,238841.96,ERP RESERVA CONFIRMADA vendedor=MELLADO FACUNDO,false,false,erp,68969,MELLADO FACUNDO
68970,1901,2026-07-14,confirmado,132773.35,ERP RESERVA CONFIRMADA vendedor=MELLADO FACUNDO,false,false,erp,68970,MELLADO FACUNDO
68971,1146,2026-07-14,confirmado,125213.77,ERP RESERVA CONFIRMADA vendedor=MELLADO FACUNDO,false,false,erp,68971,MELLADO FACUNDO
68972,1735,2026-07-14,confirmado,256888.32,ERP RESERVA CONFIRMADA vendedor=MELLADO FACUNDO,false,false,erp,68972,MELLADO FACUNDO
68973,1735,2026-07-14,confirmado,256542.90,ERP RESERVA CONFIRMADA vendedor=MELLADO FACUNDO,false,false,erp,68973,MELLADO FACUNDO
68974,36,2026-07-14,confirmado,228007.14,ERP RESERVA CONFIRMADA vendedor=MELLADO FACUNDO,false,false,erp,68974,MELLADO FACUNDO
68975,1567,2026-07-14,confirmado,256931.05,ERP RESERVA CONFIRMADA vendedor=MELLADO FACUNDO,false,false,erp,68975,MELLADO FACUNDO
68924,1757,2026-07-13,confirmado,147528.09,ERP RESERVA CONFIRMADA vendedor=MELLADO FACUNDO,false,false,erp,68924,MELLADO FACUNDO
68925,1326,2026-07-13,confirmado,357864.13,ERP RESERVA CONFIRMADA vendedor=MELLADO FACUNDO,false,false,erp,68925,MELLADO FACUNDO
68926,909,2026-07-13,confirmado,121512.25,ERP RESERVA CONFIRMADA vendedor=MELLADO FACUNDO,false,false,erp,68926,MELLADO FACUNDO
68927,909,2026-07-13,confirmado,127558.84,ERP RESERVA CONFIRMADA vendedor=MELLADO FACUNDO,false,false,erp,68927,MELLADO FACUNDO
68928,909,2026-07-13,confirmado,198480.56,ERP RESERVA CONFIRMADA vendedor=MELLADO FACUNDO,false,false,erp,68928,MELLADO FACUNDO
68929,710,2026-07-13,confirmado,79785.14,ERP RESERVA CONFIRMADA vendedor=MELLADO FACUNDO,false,false,erp,68929,MELLADO FACUNDO
68930,710,2026-07-13,confirmado,168756.82,ERP RESERVA CONFIRMADA vendedor=MELLADO FACUNDO,false,false,erp,68930,MELLADO FACUNDO
68931,1894,2026-07-13,confirmado,230693.86,ERP RESERVA CONFIRMADA vendedor=MELLADO FACUNDO,false,false,erp,68931,MELLADO FACUNDO
68932,636,2026-07-13,confirmado,191665.00,ERP RESERVA CONFIRMADA vendedor=MELLADO FACUNDO,false,false,erp,68932,MELLADO FACUNDO
68933,1949,2026-07-13,facturado,50128.63,ERP VENTA vendedor=MELLADO FACUNDO,false,false,erp,68933,MELLADO FACUNDO
68934,316,2026-07-13,facturado,276989.93,ERP VENTA vendedor=MELLADO FACUNDO,false,false,erp,68934,MELLADO FACUNDO
68935,857,2026-07-13,facturado,239105.78,ERP VENTA vendedor=MELLADO FACUNDO,false,false,erp,68935,MELLADO FACUNDO
68936,1929,2026-07-13,facturado,201089.22,ERP VENTA vendedor=MELLADO FACUNDO,false,false,erp,68936,MELLADO FACUNDO
68937,1586,2026-07-13,confirmado,96226.08,ERP RESERVA CONFIRMADA vendedor=MELLADO FACUNDO,false,false,erp,68937,MELLADO FACUNDO
68938,1241,2026-07-13,confirmado,175500.99,ERP RESERVA CONFIRMADA vendedor=MELLADO FACUNDO,false,false,erp,68938,MELLADO FACUNDO
68939,796,2026-07-13,confirmado,1057206.71,ERP RESERVA CONFIRMADA vendedor=MELLADO FACUNDO,false,false,erp,68939,MELLADO FACUNDO
68940,650,2026-07-13,confirmado,251502.71,ERP RESERVA CONFIRMADA vendedor=MELLADO FACUNDO,false,false,erp,68940,MELLADO FACUNDO
68941,1942,2026-07-13,facturado,400402.39,ERP VENTA vendedor=MELLADO FACUNDO,false,false,erp,68941,MELLADO FACUNDO
68942,1878,2026-07-13,confirmado,228762.53,ERP RESERVA CONFIRMADA vendedor=MELLADO FACUNDO,false,false,erp,68942,MELLADO FACUNDO
68943,1948,2026-07-13,facturado,109426.19,ERP VENTA vendedor=MELLADO FACUNDO,false,false,erp,68943,MELLADO FACUNDO
68944,1921,2026-07-13,facturado,73960.18,ERP VENTA vendedor=MELLADO FACUNDO,false,false,erp,68944,MELLADO FACUNDO
68945,1194,2026-07-13,facturado,50442.81,ERP VENTA vendedor=MELLADO FACUNDO,false,false,erp,68945,MELLADO FACUNDO
68946,839,2026-07-13,confirmado,170477.53,ERP RESERVA CONFIRMADA vendedor=MELLADO FACUNDO,false,false,erp,68946,MELLADO FACUNDO
68947,952,2026-07-13,confirmado,133960.96,ERP RESERVA CONFIRMADA vendedor=MELLADO FACUNDO,false,false,erp,68947,MELLADO FACUNDO
68948,354,2026-07-13,confirmado,174469.86,ERP RESERVA CONFIRMADA vendedor=MELLADO FACUNDO,false,false,erp,68948,MELLADO FACUNDO
68949,1414,2026-07-13,facturado,349236.01,ERP VENTA vendedor=MELLADO FACUNDO,false,false,erp,68949,MELLADO FACUNDO
68950,1414,2026-07-13,facturado,40759.09,ERP VENTA vendedor=MELLADO FACUNDO,false,false,erp,68950,MELLADO FACUNDO
68951,797,2026-07-13,facturado,932511.94,ERP VENTA vendedor=MELLADO FACUNDO,false,false,erp,68951,MELLADO FACUNDO
68918,837,2026-07-11,facturado,118809.60,ERP VENTA vendedor=MELLADO FACUNDO,false,false,erp,68918,MELLADO FACUNDO
68919,971,2026-07-11,facturado,501648.01,ERP VENTA vendedor=MELLADO FACUNDO,false,false,erp,68919,MELLADO FACUNDO
68920,1326,2026-07-11,confirmado,2965556.08,ERP RESERVA CONFIRMADA vendedor=MELLADO FACUNDO,false,false,erp,68920,MELLADO FACUNDO
68921,35,2026-07-11,confirmado,259346.89,ERP RESERVA CONFIRMADA vendedor=MELLADO FACUNDO,false,false,erp,68921,MELLADO FACUNDO
68922,1930,2026-07-11,facturado,264178.98,ERP VENTA vendedor=MELLADO FACUNDO,false,false,erp,68922,MELLADO FACUNDO
68923,1586,2026-07-11,confirmado,607518.34,ERP RESERVA CONFIRMADA vendedor=MELLADO FACUNDO,false,false,erp,68923,MELLADO FACUNDO
68905,428,2026-07-10,confirmado,549163.01,ERP RESERVA CONFIRMADA vendedor=MELLADO FACUNDO,false,false,erp,68905,MELLADO FACUNDO
68906,1851,2026-07-10,confirmado,202355.43,ERP RESERVA CONFIRMADA vendedor=MELLADO FACUNDO,false,false,erp,68906,MELLADO FACUNDO
68907,993,2026-07-10,confirmado,164544.63,ERP RESERVA CONFIRMADA vendedor=MELLADO FACUNDO,false,false,erp,68907,MELLADO FACUNDO
68908,1146,2026-07-10,confirmado,906073.88,ERP RESERVA CONFIRMADA vendedor=MELLADO FACUNDO,false,false,erp,68908,MELLADO FACUNDO
68909,996,2026-07-10,confirmado,450903.67,ERP RESERVA CONFIRMADA vendedor=MELLADO FACUNDO,false,false,erp,68909,MELLADO FACUNDO
68910,957,2026-07-10,confirmado,22144.51,ERP RESERVA CONFIRMADA vendedor=MELLADO FACUNDO,false,false,erp,68910,MELLADO FACUNDO
68911,872,2026-07-10,confirmado,433808.48,ERP RESERVA CONFIRMADA vendedor=MELLADO FACUNDO,false,false,erp,68911,MELLADO FACUNDO
68912,1735,2026-07-10,facturado,18295.20,ERP VENTA vendedor=MELLADO FACUNDO,false,false,erp,68912,MELLADO FACUNDO
68913,178,2026-07-10,facturado,202531.82,ERP VENTA vendedor=MELLADO FACUNDO,false,false,erp,68913,MELLADO FACUNDO
68914,178,2026-07-10,facturado,84743.66,ERP VENTA vendedor=MELLADO FACUNDO,false,false,erp,68914,MELLADO FACUNDO
68915,1735,2026-07-10,facturado,218566.95,ERP VENTA vendedor=MELLADO FACUNDO,false,false,erp,68915,MELLADO FACUNDO
68916,1907,2026-07-10,facturado,53906.00,ERP VENTA vendedor=MELLADO FACUNDO,false,false,erp,68916,MELLADO FACUNDO
68917,666,2026-07-10,facturado,78299.04,ERP VENTA vendedor=MELLADO FACUNDO,false,false,erp,68917,MELLADO FACUNDO
68888,45,2026-07-08,confirmado,247412.16,ERP RESERVA CONFIRMADA vendedor=MELLADO FACUNDO,false,false,erp,68888,MELLADO FACUNDO
68889,131,2026-07-08,confirmado,107738.40,ERP RESERVA CONFIRMADA vendedor=MELLADO FACUNDO,false,false,erp,68889,MELLADO FACUNDO
68890,1860,2026-07-08,facturado,72433.61,ERP VENTA vendedor=MELLADO FACUNDO,false,false,erp,68890,MELLADO FACUNDO
68891,200,2026-07-08,confirmado,603307.46,ERP RESERVA CONFIRMADA vendedor=MELLADO FACUNDO,false,false,erp,68891,MELLADO FACUNDO
68892,42,2026-07-08,facturado,69931.46,ERP VENTA vendedor=MELLADO FACUNDO,false,false,erp,68892,MELLADO FACUNDO
68893,35,2026-07-08,confirmado,406543.65,ERP RESERVA CONFIRMADA vendedor=MELLADO FACUNDO,false,false,erp,68893,MELLADO FACUNDO
68894,38,2026-07-08,confirmado,168664.59,ERP RESERVA CONFIRMADA vendedor=MELLADO FACUNDO,false,false,erp,68894,MELLADO FACUNDO
68895,1533,2026-07-08,confirmado,224412.89,ERP RESERVA CONFIRMADA vendedor=MELLADO FACUNDO,false,false,erp,68895,MELLADO FACUNDO
68896,1291,2026-07-08,facturado,397852.34,ERP VENTA vendedor=MELLADO FACUNDO,false,false,erp,68896,MELLADO FACUNDO
68897,1858,2026-07-08,facturado,358658.89,ERP VENTA vendedor=MELLADO FACUNDO,false,false,erp,68897,MELLADO FACUNDO
68898,1529,2026-07-08,facturado,113801.00,ERP VENTA vendedor=MELLADO FACUNDO,false,false,erp,68898,MELLADO FACUNDO
68899,1651,2026-07-08,confirmado,428366.64,ERP RESERVA CONFIRMADA vendedor=MELLADO FACUNDO,false,false,erp,68899,MELLADO FACUNDO
68900,75,2026-07-08,facturado,73737.46,ERP VENTA vendedor=MELLADO FACUNDO,false,false,erp,68900,MELLADO FACUNDO
68901,1762,2026-07-08,facturado,175715.53,ERP VENTA vendedor=MELLADO FACUNDO,false,false,erp,68901,MELLADO FACUNDO
68902,316,2026-07-08,facturado,242351.31,ERP VENTA vendedor=MELLADO FACUNDO,false,false,erp,68902,MELLADO FACUNDO
68903,1762,2026-07-08,facturado,12353.22,ERP VENTA vendedor=MELLADO FACUNDO,false,false,erp,68903,MELLADO FACUNDO
68904,260,2026-07-08,facturado,87265.31,ERP VENTA vendedor=MELLADO FACUNDO,false,false,erp,68904,MELLADO FACUNDO
68863,1512,2026-07-07,confirmado,417659.65,ERP RESERVA CONFIRMADA vendedor=MELLADO FACUNDO,false,false,erp,68863,MELLADO FACUNDO
68864,1801,2026-07-07,confirmado,115946.68,ERP RESERVA CONFIRMADA vendedor=MELLADO FACUNDO,false,false,erp,68864,MELLADO FACUNDO
68865,1137,2026-07-07,confirmado,105139.05,ERP RESERVA CONFIRMADA vendedor=MELLADO FACUNDO,false,false,erp,68865,MELLADO FACUNDO
68866,891,2026-07-07,facturado,206396.28,ERP VENTA vendedor=MELLADO FACUNDO,false,false,erp,68866,MELLADO FACUNDO
68867,90,2026-07-07,facturado,75194.13,ERP VENTA vendedor=MELLADO FACUNDO,false,false,erp,68867,MELLADO FACUNDO
68868,316,2026-07-07,facturado,23336.20,ERP VENTA vendedor=MELLADO FACUNDO,false,false,erp,68868,MELLADO FACUNDO
68869,1359,2026-07-07,confirmado,110514.96,ERP RESERVA CONFIRMADA vendedor=MELLADO FACUNDO,false,false,erp,68869,MELLADO FACUNDO
68870,1304,2026-07-07,facturado,81686.50,ERP VENTA vendedor=MELLADO FACUNDO,false,false,erp,68870,MELLADO FACUNDO
68871,962,2026-07-07,confirmado,102519.86,ERP RESERVA CONFIRMADA vendedor=MELLADO FACUNDO,false,false,erp,68871,MELLADO FACUNDO
68872,1384,2026-07-07,confirmado,218521.91,ERP RESERVA CONFIRMADA vendedor=MELLADO FACUNDO,false,false,erp,68872,MELLADO FACUNDO
68873,161,2026-07-07,facturado,247327.39,ERP VENTA vendedor=MELLADO FACUNDO,false,false,erp,68873,MELLADO FACUNDO
68874,971,2026-07-07,facturado,244086.71,ERP VENTA vendedor=MELLADO FACUNDO,false,false,erp,68874,MELLADO FACUNDO
68875,611,2026-07-07,facturado,53906.00,ERP VENTA vendedor=ALEGRIA ESTEBAN,false,false,erp,68875,ALEGRIA ESTEBAN
68876,1943,2026-07-07,confirmado,229582.97,ERP RESERVA CONFIRMADA vendedor=MELLADO FACUNDO,false,false,erp,68876,MELLADO FACUNDO
68877,36,2026-07-07,confirmado,261713.45,ERP RESERVA CONFIRMADA vendedor=MELLADO FACUNDO,false,false,erp,68877,MELLADO FACUNDO
68878,1901,2026-07-07,confirmado,124598.09,ERP RESERVA CONFIRMADA vendedor=MELLADO FACUNDO,false,false,erp,68878,MELLADO FACUNDO
68879,151,2026-07-07,confirmado,273254.66,ERP RESERVA CONFIRMADA vendedor=MELLADO FACUNDO,false,false,erp,68879,MELLADO FACUNDO
68880,905,2026-07-07,confirmado,142722.49,ERP RESERVA CONFIRMADA vendedor=MELLADO FACUNDO,false,false,erp,68880,MELLADO FACUNDO
68881,812,2026-07-07,facturado,88826.88,ERP VENTA vendedor=MELLADO FACUNDO,false,false,erp,68881,MELLADO FACUNDO
68882,947,2026-07-07,confirmado,436800.46,ERP RESERVA CONFIRMADA vendedor=MELLADO FACUNDO,false,false,erp,68882,MELLADO FACUNDO
68883,131,2026-07-07,confirmado,153125.99,ERP RESERVA CONFIRMADA vendedor=MELLADO FACUNDO,false,false,erp,68883,MELLADO FACUNDO
68884,1320,2026-07-07,confirmado,200495.61,ERP RESERVA CONFIRMADA vendedor=MELLADO FACUNDO,false,false,erp,68884,MELLADO FACUNDO
68885,184,2026-07-07,confirmado,248845.08,ERP RESERVA CONFIRMADA vendedor=MELLADO FACUNDO,false,false,erp,68885,MELLADO FACUNDO
68886,152,2026-07-07,confirmado,111552.29,ERP RESERVA CONFIRMADA vendedor=MELLADO FACUNDO,false,false,erp,68886,MELLADO FACUNDO
68887,968,2026-07-07,facturado,119418.33,ERP VENTA vendedor=MELLADO FACUNDO,false,false,erp,68887,MELLADO FACUNDO
68826,1894,2026-07-06,confirmado,119473.32,ERP RESERVA CONFIRMADA vendedor=MELLADO FACUNDO,false,false,erp,68826,MELLADO FACUNDO
68827,909,2026-07-06,confirmado,71486.21,ERP RESERVA CONFIRMADA vendedor=MELLADO FACUNDO,false,false,erp,68827,MELLADO FACUNDO
68828,909,2026-07-06,confirmado,228179.93,ERP RESERVA CONFIRMADA vendedor=MELLADO FACUNDO,false,false,erp,68828,MELLADO FACUNDO
68829,909,2026-07-06,confirmado,157745.63,ERP RESERVA CONFIRMADA vendedor=MELLADO FACUNDO,false,false,erp,68829,MELLADO FACUNDO
68830,35,2026-07-06,confirmado,368954.99,ERP RESERVA CONFIRMADA vendedor=MELLADO FACUNDO,false,false,erp,68830,MELLADO FACUNDO
68831,1326,2026-07-06,confirmado,166283.44,ERP RESERVA CONFIRMADA vendedor=MELLADO FACUNDO,false,false,erp,68831,MELLADO FACUNDO
68832,1326,2026-07-06,confirmado,443650.12,ERP RESERVA CONFIRMADA vendedor=MELLADO FACUNDO,false,false,erp,68832,MELLADO FACUNDO
68833,993,2026-07-06,confirmado,701090.00,ERP RESERVA CONFIRMADA vendedor=MELLADO FACUNDO,false,false,erp,68833,MELLADO FACUNDO
68834,1442,2026-07-06,facturado,1043468.60,ERP VENTA vendedor=MELLADO FACUNDO,false,false,erp,68834,MELLADO FACUNDO
68835,1735,2026-07-06,confirmado,193983.74,ERP RESERVA CONFIRMADA vendedor=MELLADO FACUNDO,false,false,erp,68835,MELLADO FACUNDO
68836,1735,2026-07-06,confirmado,194329.16,ERP RESERVA CONFIRMADA vendedor=MELLADO FACUNDO,false,false,erp,68836,MELLADO FACUNDO
68837,1241,2026-07-06,confirmado,67545.18,ERP RESERVA CONFIRMADA vendedor=MELLADO FACUNDO,false,false,erp,68837,MELLADO FACUNDO
68838,1750,2026-07-06,confirmado,366480.90,ERP RESERVA CONFIRMADA vendedor=MELLADO FACUNDO,false,false,erp,68838,MELLADO FACUNDO
68839,944,2026-07-06,confirmado,186248.54,ERP RESERVA CONFIRMADA vendedor=MELLADO FACUNDO,false,false,erp,68839,MELLADO FACUNDO
68840,787,2026-07-06,confirmado,182743.91,ERP RESERVA CONFIRMADA vendedor=MELLADO FACUNDO,false,false,erp,68840,MELLADO FACUNDO
68841,1878,2026-07-06,confirmado,172900.74,ERP RESERVA CONFIRMADA vendedor=MELLADO FACUNDO,false,false,erp,68841,MELLADO FACUNDO
68842,796,2026-07-06,confirmado,667729.38,ERP RESERVA CONFIRMADA vendedor=MELLADO FACUNDO,false,false,erp,68842,MELLADO FACUNDO
68843,1506,2026-07-06,facturado,57408.86,ERP VENTA vendedor=MELLADO FACUNDO,false,false,erp,68843,MELLADO FACUNDO
68844,1948,2026-07-06,facturado,277534.53,ERP VENTA vendedor=MELLADO FACUNDO,false,false,erp,68844,MELLADO FACUNDO
68845,1939,2026-07-06,facturado,101131.79,ERP VENTA vendedor=MELLADO FACUNDO,false,false,erp,68845,MELLADO FACUNDO
68846,35,2026-07-06,confirmado,156946.51,ERP RESERVA CONFIRMADA vendedor=MELLADO FACUNDO,false,false,erp,68846,MELLADO FACUNDO
68847,957,2026-07-06,confirmado,240192.70,ERP RESERVA CONFIRMADA vendedor=MELLADO FACUNDO,false,false,erp,68847,MELLADO FACUNDO
68848,824,2026-07-06,confirmado,196418.76,ERP RESERVA CONFIRMADA vendedor=MELLADO FACUNDO,false,false,erp,68848,MELLADO FACUNDO
68849,1832,2026-07-06,facturado,113869.77,ERP VENTA vendedor=MELLADO FACUNDO,false,false,erp,68849,MELLADO FACUNDO
68850,1462,2026-07-06,facturado,22144.51,ERP VENTA vendedor=MELLADO FACUNDO,false,false,erp,68850,MELLADO FACUNDO
68851,1526,2026-07-06,confirmado,134252.98,ERP RESERVA CONFIRMADA vendedor=MELLADO FACUNDO,false,false,erp,68851,MELLADO FACUNDO
68852,650,2026-07-06,confirmado,425077.97,ERP RESERVA CONFIRMADA vendedor=MELLADO FACUNDO,false,false,erp,68852,MELLADO FACUNDO
68853,700,2026-07-06,confirmado,121227.37,ERP RESERVA CONFIRMADA vendedor=MELLADO FACUNDO,false,false,erp,68853,MELLADO FACUNDO
68854,1307,2026-07-06,confirmado,516644.44,ERP RESERVA CONFIRMADA vendedor=MELLADO FACUNDO,false,false,erp,68854,MELLADO FACUNDO
68855,630,2026-07-06,confirmado,140061.18,ERP RESERVA CONFIRMADA vendedor=MELLADO FACUNDO,false,false,erp,68855,MELLADO FACUNDO
68856,316,2026-07-06,facturado,84743.60,ERP VENTA vendedor=MELLADO FACUNDO,false,false,erp,68856,MELLADO FACUNDO
68857,1414,2026-07-06,facturado,867402.32,ERP VENTA vendedor=MELLADO FACUNDO,false,false,erp,68857,MELLADO FACUNDO
68858,354,2026-07-06,confirmado,198509.77,ERP RESERVA CONFIRMADA vendedor=MELLADO FACUNDO,false,false,erp,68858,MELLADO FACUNDO
68859,419,2026-07-06,confirmado,105719.66,ERP RESERVA CONFIRMADA vendedor=MELLADO FACUNDO,false,false,erp,68859,MELLADO FACUNDO
68860,574,2026-07-06,confirmado,100487.99,ERP RESERVA CONFIRMADA vendedor=MELLADO FACUNDO,false,false,erp,68860,MELLADO FACUNDO
68818,971,2026-07-04,facturado,68686.57,ERP VENTA vendedor=MELLADO FACUNDO,false,false,erp,68818,MELLADO FACUNDO
68819,1945,2026-07-04,facturado,87899.20,ERP VENTA vendedor=MELLADO FACUNDO,false,false,erp,68819,MELLADO FACUNDO
68820,1586,2026-07-04,confirmado,534646.97,ERP RESERVA CONFIRMADA vendedor=MELLADO FACUNDO,false,false,erp,68820,MELLADO FACUNDO
68821,778,2026-07-04,facturado,127197.42,ERP VENTA vendedor=MELLADO FACUNDO,false,false,erp,68821,MELLADO FACUNDO
68822,1929,2026-07-04,facturado,463096.43,ERP VENTA vendedor=MELLADO FACUNDO,false,false,erp,68822,MELLADO FACUNDO
68823,971,2026-07-04,facturado,172821.44,ERP VENTA vendedor=ALEGRIA ESTEBAN,false,false,erp,68823,ALEGRIA ESTEBAN
68824,1817,2026-07-04,facturado,94679.24,ERP VENTA vendedor=MELLADO FACUNDO,false,false,erp,68824,MELLADO FACUNDO
68825,1247,2026-07-04,confirmado,626631.86,ERP RESERVA CONFIRMADA vendedor=MELLADO FACUNDO,false,false,erp,68825,MELLADO FACUNDO
68809,1049,2026-07-03,confirmado,148954.58,ERP RESERVA CONFIRMADA vendedor=MELLADO FACUNDO,false,false,erp,68809,MELLADO FACUNDO
68810,195,2026-07-03,confirmado,250250.06,ERP RESERVA CONFIRMADA vendedor=MELLADO FACUNDO,false,false,erp,68810,MELLADO FACUNDO
68811,1684,2026-07-03,facturado,64667.47,ERP VENTA vendedor=MELLADO FACUNDO,false,false,erp,68811,MELLADO FACUNDO
68812,532,2026-07-03,facturado,173405.94,ERP VENTA vendedor=MELLADO FACUNDO,false,false,erp,68812,MELLADO FACUNDO
68813,1841,2026-07-03,facturado,73688.40,ERP VENTA vendedor=MELLADO FACUNDO,false,false,erp,68813,MELLADO FACUNDO
68814,35,2026-07-03,facturado,218957.06,ERP VENTA vendedor=MELLADO FACUNDO,false,false,erp,68814,MELLADO FACUNDO
68815,1651,2026-07-03,facturado,316340.62,ERP VENTA vendedor=MELLADO FACUNDO,false,false,erp,68815,MELLADO FACUNDO
68816,557,2026-07-03,facturado,77865.20,ERP VENTA vendedor=MELLADO FACUNDO,false,false,erp,68816,MELLADO FACUNDO
68817,996,2026-07-03,facturado,156397.90,ERP VENTA vendedor=MELLADO FACUNDO,false,false,erp,68817,MELLADO FACUNDO
68801,993,2026-07-02,confirmado,113578.36,ERP RESERVA CONFIRMADA vendedor=MELLADO FACUNDO,false,false,erp,68801,MELLADO FACUNDO
68802,1847,2026-07-02,confirmado,384425.07,ERP RESERVA CONFIRMADA vendedor=ALEGRIA ESTEBAN,false,false,erp,68802,ALEGRIA ESTEBAN
68803,971,2026-07-02,facturado,267278.49,ERP VENTA vendedor=ALEGRIA ESTEBAN,false,false,erp,68803,ALEGRIA ESTEBAN
68804,35,2026-07-02,confirmado,287798.36,ERP RESERVA CONFIRMADA vendedor=ALEGRIA ESTEBAN,false,false,erp,68804,ALEGRIA ESTEBAN
68805,996,2026-07-02,confirmado,236119.58,ERP RESERVA CONFIRMADA vendedor=ALEGRIA ESTEBAN,false,false,erp,68805,ALEGRIA ESTEBAN
68806,1342,2026-07-02,confirmado,618439.27,ERP RESERVA CONFIRMADA vendedor=ALEGRIA ESTEBAN,false,false,erp,68806,ALEGRIA ESTEBAN
68807,854,2026-07-02,facturado,207633.63,ERP VENTA vendedor=ALEGRIA ESTEBAN,false,false,erp,68807,ALEGRIA ESTEBAN
68808,1146,2026-07-02,confirmado,656810.00,ERP RESERVA CONFIRMADA vendedor=ALEGRIA ESTEBAN,false,false,erp,68808,ALEGRIA ESTEBAN
68791,159,2026-07-01,facturado,690217.76,ERP VENTA vendedor=MELLADO FACUNDO,false,false,erp,68791,MELLADO FACUNDO
68792,89,2026-07-01,confirmado,389474.80,ERP RESERVA CONFIRMADA vendedor=MELLADO FACUNDO,false,false,erp,68792,MELLADO FACUNDO
68793,1320,2026-07-01,facturado,178354.05,ERP VENTA vendedor=MELLADO FACUNDO,false,false,erp,68793,MELLADO FACUNDO
68794,1438,2026-07-01,confirmado,289884.29,ERP RESERVA CONFIRMADA vendedor=MELLADO FACUNDO,false,false,erp,68794,MELLADO FACUNDO
68795,31,2026-07-01,confirmado,1078917.88,ERP RESERVA CONFIRMADA vendedor=MELLADO FACUNDO,false,false,erp,68795,MELLADO FACUNDO
68796,1589,2026-07-01,facturado,68837.48,ERP VENTA vendedor=MELLADO FACUNDO,false,false,erp,68796,MELLADO FACUNDO
68797,837,2026-07-01,confirmado,494001.39,ERP RESERVA CONFIRMADA vendedor=MELLADO FACUNDO,false,false,erp,68797,MELLADO FACUNDO
68798,557,2026-07-01,facturado,104464.40,ERP VENTA vendedor=MELLADO FACUNDO,false,false,erp,68798,MELLADO FACUNDO
68799,1815,2026-07-01,facturado,89843.00,ERP VENTA vendedor=MELLADO FACUNDO,false,false,erp,68799,MELLADO FACUNDO
68800,587,2026-07-01,confirmado,179113.46,ERP RESERVA CONFIRMADA vendedor=MELLADO FACUNDO,false,false,erp,68800,MELLADO FACUNDO
68776,1806,2026-06-30,confirmado,23958.00,ERP RESERVA CONFIRMADA vendedor=MELLADO FACUNDO,false,false,erp,68776,MELLADO FACUNDO
68777,348,2026-06-30,confirmado,270424.51,ERP RESERVA CONFIRMADA vendedor=MELLADO FACUNDO,false,false,erp,68777,MELLADO FACUNDO
68778,108,2026-06-30,confirmado,99921.89,ERP RESERVA CONFIRMADA vendedor=MELLADO FACUNDO,false,false,erp,68778,MELLADO FACUNDO
68779,695,2026-06-30,facturado,178872.65,ERP VENTA vendedor=MELLADO FACUNDO,false,false,erp,68779,MELLADO FACUNDO
68780,1382,2026-06-30,confirmado,121419.14,ERP RESERVA CONFIRMADA vendedor=MELLADO FACUNDO,false,false,erp,68780,MELLADO FACUNDO
68781,947,2026-06-30,confirmado,227411.56,ERP RESERVA CONFIRMADA vendedor=MELLADO FACUNDO,false,false,erp,68781,MELLADO FACUNDO
68782,478,2026-06-30,confirmado,659454.60,ERP RESERVA CONFIRMADA vendedor=MELLADO FACUNDO,false,false,erp,68782,MELLADO FACUNDO
68783,796,2026-06-30,confirmado,36326.74,ERP RESERVA CONFIRMADA vendedor=MELLADO FACUNDO,false,false,erp,68783,MELLADO FACUNDO
68784,797,2026-06-30,facturado,64681.12,ERP VENTA vendedor=MELLADO FACUNDO,false,false,erp,68784,MELLADO FACUNDO
68785,1722,2026-06-30,facturado,103979.14,ERP VENTA vendedor=MELLADO FACUNDO,false,false,erp,68785,MELLADO FACUNDO
68786,1722,2026-06-30,facturado,14019.43,ERP VENTA vendedor=MELLADO FACUNDO,false,false,erp,68786,MELLADO FACUNDO
68787,947,2026-06-30,facturado,422339.44,ERP VENTA vendedor=MELLADO FACUNDO,false,false,erp,68787,MELLADO FACUNDO
68788,207,2026-06-30,facturado,52273.93,ERP VENTA vendedor=MELLADO FACUNDO,false,false,erp,68788,MELLADO FACUNDO
68789,1010,2026-06-30,confirmado,118581.11,ERP RESERVA CONFIRMADA vendedor=MELLADO FACUNDO,false,false,erp,68789,MELLADO FACUNDO
68790,1536,2026-06-30,facturado,61547.95,ERP VENTA vendedor=MELLADO FACUNDO,false,false,erp,68790,MELLADO FACUNDO
68744,1894,2026-06-29,confirmado,183109.23,ERP RESERVA CONFIRMADA vendedor=MELLADO FACUNDO,false,false,erp,68744,MELLADO FACUNDO
68745,710,2026-06-29,confirmado,122282.82,ERP RESERVA CONFIRMADA vendedor=MELLADO FACUNDO,false,false,erp,68745,MELLADO FACUNDO
68746,710,2026-06-29,confirmado,58536.30,ERP RESERVA CONFIRMADA vendedor=MELLADO FACUNDO,false,false,erp,68746,MELLADO FACUNDO
68747,909,2026-06-29,confirmado,106928.37,ERP RESERVA CONFIRMADA vendedor=MELLADO FACUNDO,false,false,erp,68747,MELLADO FACUNDO
68748,787,2026-06-29,confirmado,303497.05,ERP RESERVA CONFIRMADA vendedor=MELLADO FACUNDO,false,false,erp,68748,MELLADO FACUNDO
68749,909,2026-06-29,confirmado,154230.89,ERP RESERVA CONFIRMADA vendedor=MELLADO FACUNDO,false,false,erp,68749,MELLADO FACUNDO
68750,1326,2026-06-29,confirmado,126564.65,ERP RESERVA CONFIRMADA vendedor=MELLADO FACUNDO,false,false,erp,68750,MELLADO FACUNDO
68751,1820,2026-06-29,confirmado,186215.10,ERP RESERVA CONFIRMADA vendedor=MELLADO FACUNDO,false,false,erp,68751,MELLADO FACUNDO
68752,1137,2026-06-29,confirmado,413510.81,ERP RESERVA CONFIRMADA vendedor=MELLADO FACUNDO,false,false,erp,68752,MELLADO FACUNDO
68753,952,2026-06-29,confirmado,291615.68,ERP RESERVA CONFIRMADA vendedor=MELLADO FACUNDO,false,false,erp,68753,MELLADO FACUNDO
68754,1946,2026-06-29,facturado,72684.19,ERP VENTA vendedor=MELLADO FACUNDO,false,false,erp,68754,MELLADO FACUNDO
68755,1735,2026-06-29,confirmado,191195.94,ERP RESERVA CONFIRMADA vendedor=MELLADO FACUNDO,false,false,erp,68755,MELLADO FACUNDO
68756,1735,2026-06-29,confirmado,225263.32,ERP RESERVA CONFIRMADA vendedor=MELLADO FACUNDO,false,false,erp,68756,MELLADO FACUNDO
68757,974,2026-06-29,facturado,160209.96,ERP VENTA vendedor=MELLADO FACUNDO,false,false,erp,68757,MELLADO FACUNDO
68758,1817,2026-06-29,facturado,120835.14,ERP VENTA vendedor=MELLADO FACUNDO,false,false,erp,68758,MELLADO FACUNDO
68759,1947,2026-06-29,facturado,215976.82,ERP VENTA vendedor=MELLADO FACUNDO,false,false,erp,68759,MELLADO FACUNDO
68760,971,2026-06-29,facturado,417197.72,ERP VENTA vendedor=MELLADO FACUNDO,false,false,erp,68760,MELLADO FACUNDO
68761,1070,2026-06-29,facturado,49608.62,ERP VENTA vendedor=ALEGRIA ESTEBAN,false,false,erp,68761,ALEGRIA ESTEBAN
68762,1878,2026-06-29,confirmado,172900.74,ERP RESERVA CONFIRMADA vendedor=MELLADO FACUNDO,false,false,erp,68762,MELLADO FACUNDO
68763,184,2026-06-29,confirmado,333212.43,ERP RESERVA CONFIRMADA vendedor=MELLADO FACUNDO,false,false,erp,68763,MELLADO FACUNDO
68764,354,2026-06-29,confirmado,101754.62,ERP RESERVA CONFIRMADA vendedor=MELLADO FACUNDO,false,false,erp,68764,MELLADO FACUNDO
68765,630,2026-06-29,confirmado,196104.54,ERP RESERVA CONFIRMADA vendedor=MELLADO FACUNDO,false,false,erp,68765,MELLADO FACUNDO
68766,1159,2026-06-29,confirmado,170271.85,ERP RESERVA CONFIRMADA vendedor=MELLADO FACUNDO,false,false,erp,68766,MELLADO FACUNDO
68767,1417,2026-06-29,facturado,268738.16,ERP VENTA vendedor=MELLADO FACUNDO,false,false,erp,68767,MELLADO FACUNDO
68768,796,2026-06-29,confirmado,724234.75,ERP RESERVA CONFIRMADA vendedor=MELLADO FACUNDO,false,false,erp,68768,MELLADO FACUNDO
68769,1512,2026-06-29,confirmado,270917.30,ERP RESERVA CONFIRMADA vendedor=MELLADO FACUNDO,false,false,erp,68769,MELLADO FACUNDO
68772,419,2026-06-29,confirmado,387527.41,ERP RESERVA CONFIRMADA vendedor=MELLADO FACUNDO,false,false,erp,68772,MELLADO FACUNDO
68773,1754,2026-06-29,confirmado,175459.45,ERP RESERVA CONFIRMADA vendedor=MELLADO FACUNDO,false,false,erp,68773,MELLADO FACUNDO
68774,839,2026-06-29,confirmado,209016.66,ERP RESERVA CONFIRMADA vendedor=MELLADO FACUNDO,false,false,erp,68774,MELLADO FACUNDO
68775,872,2026-06-29,confirmado,378261.82,ERP RESERVA CONFIRMADA vendedor=MELLADO FACUNDO,false,false,erp,68775,MELLADO FACUNDO
68736,1326,2026-06-27,confirmado,3681227.87,ERP RESERVA CONFIRMADA vendedor=MELLADO FACUNDO,false,false,erp,68736,MELLADO FACUNDO
68737,1586,2026-06-27,confirmado,440000.86,ERP RESERVA CONFIRMADA vendedor=MELLADO FACUNDO,false,false,erp,68737,MELLADO FACUNDO
68738,35,2026-06-27,confirmado,332666.88,ERP RESERVA CONFIRMADA vendedor=MELLADO FACUNDO,false,false,erp,68738,MELLADO FACUNDO
68739,633,2026-06-27,facturado,152325.31,ERP VENTA vendedor=MELLADO FACUNDO,false,false,erp,68739,MELLADO FACUNDO
68740,1757,2026-06-27,confirmado,219475.94,ERP RESERVA CONFIRMADA vendedor=MELLADO FACUNDO,false,false,erp,68740,MELLADO FACUNDO
68741,1832,2026-06-27,facturado,89843.00,ERP VENTA vendedor=MELLADO FACUNDO,false,false,erp,68741,MELLADO FACUNDO
68742,318,2026-06-27,facturado,54646.42,ERP VENTA vendedor=MELLADO FACUNDO,false,false,erp,68742,MELLADO FACUNDO
68743,1442,2026-06-27,facturado,1141656.82,ERP VENTA vendedor=MELLADO FACUNDO,false,false,erp,68743,MELLADO FACUNDO
68729,31,2026-06-26,confirmado,75953.12,ERP RESERVA CONFIRMADA vendedor=MELLADO FACUNDO,false,false,erp,68729,MELLADO FACUNDO
68730,316,2026-06-26,facturado,72606.31,ERP VENTA vendedor=MELLADO FACUNDO,false,false,erp,68730,MELLADO FACUNDO
68731,7,2026-06-26,confirmado,340401.51,ERP RESERVA CONFIRMADA vendedor=MELLADO FACUNDO,false,false,erp,68731,MELLADO FACUNDO
68732,428,2026-06-26,confirmado,519164.36,ERP RESERVA CONFIRMADA vendedor=MELLADO FACUNDO,false,false,erp,68732,MELLADO FACUNDO
68733,532,2026-06-26,facturado,51258.00,ERP VENTA vendedor=PATRICIA CURLO,false,false,erp,68733,PATRICIA CURLO
68734,1506,2026-06-26,facturado,164076.00,ERP VENTA vendedor=ARIAS MACARENA,false,false,erp,68734,ARIAS MACARENA
68735,587,2026-06-26,confirmado,5052.57,ERP RESERVA CONFIRMADA vendedor=MELLADO FACUNDO,false,false,erp,68735,MELLADO FACUNDO
68717,993,2026-06-25,confirmado,617403.75,ERP RESERVA CONFIRMADA vendedor=MELLADO FACUNDO,false,false,erp,68717,MELLADO FACUNDO
68718,1943,2026-06-25,facturado,51262.15,ERP VENTA vendedor=MELLADO FACUNDO,false,false,erp,68718,MELLADO FACUNDO
68719,1630,2026-06-25,facturado,50093.99,ERP VENTA vendedor=MELLADO FACUNDO,false,false,erp,68719,MELLADO FACUNDO
68720,38,2026-06-25,confirmado,182803.90,ERP RESERVA CONFIRMADA vendedor=MELLADO FACUNDO,false,false,erp,68720,MELLADO FACUNDO
68721,1651,2026-06-25,confirmado,317269.36,ERP RESERVA CONFIRMADA vendedor=MELLADO FACUNDO,false,false,erp,68721,MELLADO FACUNDO
68722,1944,2026-06-25,facturado,632676.29,ERP VENTA vendedor=MELLADO FACUNDO,false,false,erp,68722,MELLADO FACUNDO
68723,1945,2026-06-25,facturado,139754.47,ERP VENTA vendedor=MELLADO FACUNDO,false,false,erp,68723,MELLADO FACUNDO
68724,7,2026-06-25,confirmado,218540.99,ERP RESERVA CONFIRMADA vendedor=MELLADO FACUNDO,false,false,erp,68724,MELLADO FACUNDO
68725,200,2026-06-25,confirmado,131972.88,ERP RESERVA CONFIRMADA vendedor=MELLADO FACUNDO,false,false,erp,68725,MELLADO FACUNDO
68726,1512,2026-06-25,confirmado,156083.48,ERP RESERVA CONFIRMADA vendedor=MELLADO FACUNDO,false,false,erp,68726,MELLADO FACUNDO
68727,1851,2026-06-25,confirmado,122288.78,ERP RESERVA CONFIRMADA vendedor=MELLADO FACUNDO,false,false,erp,68727,MELLADO FACUNDO
68701,947,2026-06-24,confirmado,284806.48,ERP RESERVA CONFIRMADA vendedor=MELLADO FACUNDO,false,false,erp,68701,MELLADO FACUNDO
68702,35,2026-06-24,confirmado,267084.90,ERP RESERVA CONFIRMADA vendedor=MELLADO FACUNDO,false,false,erp,68702,MELLADO FACUNDO
68703,316,2026-06-24,facturado,233275.48,ERP VENTA vendedor=MELLADO FACUNDO,false,false,erp,68703,MELLADO FACUNDO
68704,431,2026-06-24,confirmado,177674.91,ERP RESERVA CONFIRMADA vendedor=MELLADO FACUNDO,false,false,erp,68704,MELLADO FACUNDO
68705,56,2026-06-24,confirmado,341092.09,ERP RESERVA CONFIRMADA vendedor=MELLADO FACUNDO,false,false,erp,68705,MELLADO FACUNDO
68706,1806,2026-06-24,confirmado,218431.97,ERP RESERVA CONFIRMADA vendedor=MELLADO FACUNDO,false,false,erp,68706,MELLADO FACUNDO
68707,6,2026-06-24,confirmado,320920.23,ERP RESERVA CONFIRMADA vendedor=MELLADO FACUNDO,false,false,erp,68707,MELLADO FACUNDO
68708,640,2026-06-24,facturado,406560.00,ERP VENTA vendedor=MELLADO FACUNDO,false,false,erp,68708,MELLADO FACUNDO
68709,1264,2026-06-24,confirmado,288112.91,ERP RESERVA CONFIRMADA vendedor=AGUILERA MOLINA LUCAS JD,false,false,erp,68709,AGUILERA MOLINA LUCAS JD
68710,1941,2026-06-24,confirmado,201045.08,ERP RESERVA CONFIRMADA vendedor=MELLADO FACUNDO,false,false,erp,68710,MELLADO FACUNDO
68711,1832,2026-06-24,facturado,82757.95,ERP VENTA vendedor=AGUILERA MOLINA LUCAS JD,false,false,erp,68711,AGUILERA MOLINA LUCAS JD
68712,1911,2026-06-24,facturado,118188.00,ERP VENTA vendedor=MELLADO FACUNDO,false,false,erp,68712,MELLADO FACUNDO
68713,1300,2026-06-24,facturado,69606.79,ERP VENTA vendedor=MELLADO FACUNDO,false,false,erp,68713,MELLADO FACUNDO
68714,996,2026-06-24,confirmado,409751.30,ERP RESERVA CONFIRMADA vendedor=MELLADO FACUNDO,false,false,erp,68714,MELLADO FACUNDO
68715,1146,2026-06-24,confirmado,96899.98,ERP RESERVA CONFIRMADA vendedor=MELLADO FACUNDO,false,false,erp,68715,MELLADO FACUNDO
68716,1146,2026-06-24,confirmado,909096.02,ERP RESERVA CONFIRMADA vendedor=MELLADO FACUNDO,false,false,erp,68716,MELLADO FACUNDO
68677,200,2026-06-23,confirmado,131972.88,ERP RESERVA CONFIRMADA vendedor=MELLADO FACUNDO,false,false,erp,68677,MELLADO FACUNDO
68678,996,2026-06-23,confirmado,19742.38,ERP RESERVA CONFIRMADA vendedor=MELLADO FACUNDO,false,false,erp,68678,MELLADO FACUNDO
68679,1454,2026-06-23,facturado,156731.35,ERP VENTA vendedor=MELLADO FACUNDO,false,false,erp,68679,MELLADO FACUNDO
68680,1214,2026-06-23,confirmado,190887.17,ERP RESERVA CONFIRMADA vendedor=MELLADO FACUNDO,false,false,erp,68680,MELLADO FACUNDO
68681,1384,2026-06-23,confirmado,141308.59,ERP RESERVA CONFIRMADA vendedor=MELLADO FACUNDO,false,false,erp,68681,MELLADO FACUNDO
68682,658,2026-06-23,facturado,1430223.20,ERP VENTA vendedor=MELLADO FACUNDO,false,false,erp,68682,MELLADO FACUNDO
68683,695,2026-06-23,facturado,237767.92,ERP VENTA vendedor=MELLADO FACUNDO,false,false,erp,68683,MELLADO FACUNDO
68684,35,2026-06-23,facturado,493590.51,ERP VENTA vendedor=MELLADO FACUNDO,false,false,erp,68684,MELLADO FACUNDO
68685,1567,2026-06-23,confirmado,669771.15,ERP RESERVA CONFIRMADA vendedor=MELLADO FACUNDO,false,false,erp,68685,MELLADO FACUNDO
68686,971,2026-06-23,facturado,282553.17,ERP VENTA vendedor=MELLADO FACUNDO,false,false,erp,68686,MELLADO FACUNDO
68687,184,2026-06-23,confirmado,249518.48,ERP RESERVA CONFIRMADA vendedor=MELLADO FACUNDO,false,false,erp,68687,MELLADO FACUNDO
68688,952,2026-06-23,confirmado,350558.14,ERP RESERVA CONFIRMADA vendedor=MELLADO FACUNDO,false,false,erp,68688,MELLADO FACUNDO
68689,152,2026-06-23,confirmado,129765.86,ERP RESERVA CONFIRMADA vendedor=MELLADO FACUNDO,false,false,erp,68689,MELLADO FACUNDO
68690,1320,2026-06-23,confirmado,167905.24,ERP RESERVA CONFIRMADA vendedor=MELLADO FACUNDO,false,false,erp,68690,MELLADO FACUNDO
68692,747,2026-06-23,confirmado,517016.15,ERP RESERVA CONFIRMADA vendedor=MELLADO FACUNDO,false,false,erp,68692,MELLADO FACUNDO
68693,1291,2026-06-23,facturado,171177.95,ERP VENTA vendedor=MELLADO FACUNDO,false,false,erp,68693,MELLADO FACUNDO
68694,31,2026-06-23,confirmado,1359019.38,ERP RESERVA CONFIRMADA vendedor=MELLADO FACUNDO,false,false,erp,68694,MELLADO FACUNDO
68695,131,2026-06-23,confirmado,452859.64,ERP RESERVA CONFIRMADA vendedor=MELLADO FACUNDO,false,false,erp,68695,MELLADO FACUNDO
68696,587,2026-06-23,confirmado,147972.89,ERP RESERVA CONFIRMADA vendedor=MELLADO FACUNDO,false,false,erp,68696,MELLADO FACUNDO
68697,990,2026-06-23,confirmado,128936.73,ERP RESERVA CONFIRMADA vendedor=MELLADO FACUNDO,false,false,erp,68697,MELLADO FACUNDO
68698,700,2026-06-23,facturado,86658.30,ERP VENTA vendedor=MELLADO FACUNDO,false,false,erp,68698,MELLADO FACUNDO
68699,125,2026-06-23,confirmado,126634.72,ERP RESERVA CONFIRMADA vendedor=MELLADO FACUNDO,false,false,erp,68699,MELLADO FACUNDO
68700,1414,2026-06-23,facturado,963179.67,ERP VENTA vendedor=MELLADO FACUNDO,false,false,erp,68700,MELLADO FACUNDO
68644,909,2026-06-22,confirmado,114101.06,ERP RESERVA CONFIRMADA vendedor=MELLADO FACUNDO,false,false,erp,68644,MELLADO FACUNDO
68645,909,2026-06-22,confirmado,149045.69,ERP RESERVA CONFIRMADA vendedor=MELLADO FACUNDO,false,false,erp,68645,MELLADO FACUNDO
68646,35,2026-06-22,confirmado,254683.03,ERP RESERVA CONFIRMADA vendedor=MELLADO FACUNDO,false,false,erp,68646,MELLADO FACUNDO
68647,909,2026-06-22,confirmado,101257.60,ERP RESERVA CONFIRMADA vendedor=MELLADO FACUNDO,false,false,erp,68647,MELLADO FACUNDO
68648,710,2026-06-22,confirmado,112411.63,ERP RESERVA CONFIRMADA vendedor=MELLADO FACUNDO,false,false,erp,68648,MELLADO FACUNDO
68649,710,2026-06-22,confirmado,120046.09,ERP RESERVA CONFIRMADA vendedor=MELLADO FACUNDO,false,false,erp,68649,MELLADO FACUNDO
68650,1894,2026-06-22,confirmado,145637.03,ERP RESERVA CONFIRMADA vendedor=MELLADO FACUNDO,false,false,erp,68650,MELLADO FACUNDO
68651,1326,2026-06-22,confirmado,181432.54,ERP RESERVA CONFIRMADA vendedor=MELLADO FACUNDO,false,false,erp,68651,MELLADO FACUNDO
68652,993,2026-06-22,confirmado,440200.98,ERP RESERVA CONFIRMADA vendedor=MELLADO FACUNDO,false,false,erp,68652,MELLADO FACUNDO
68653,963,2026-06-22,facturado,169798.13,ERP VENTA vendedor=MELLADO FACUNDO,false,false,erp,68653,MELLADO FACUNDO
68654,837,2026-06-22,confirmado,108111.00,ERP RESERVA CONFIRMADA vendedor=MELLADO FACUNDO,false,false,erp,68654,MELLADO FACUNDO
68655,1586,2026-06-22,confirmado,192613.02,ERP RESERVA CONFIRMADA vendedor=MELLADO FACUNDO,false,false,erp,68655,MELLADO FACUNDO
68656,1735,2026-06-22,confirmado,225263.32,ERP RESERVA CONFIRMADA vendedor=MELLADO FACUNDO,false,false,erp,68656,MELLADO FACUNDO
68657,1735,2026-06-22,confirmado,367595.89,ERP RESERVA CONFIRMADA vendedor=MELLADO FACUNDO,false,false,erp,68657,MELLADO FACUNDO
68658,971,2026-06-22,facturado,279563.33,ERP VENTA vendedor=MELLADO FACUNDO,false,false,erp,68658,MELLADO FACUNDO
68659,1698,2026-06-22,confirmado,116797.80,ERP RESERVA CONFIRMADA vendedor=MELLADO FACUNDO,false,false,erp,68659,MELLADO FACUNDO
68660,1137,2026-06-22,confirmado,101332.47,ERP RESERVA CONFIRMADA vendedor=MELLADO FACUNDO,false,false,erp,68660,MELLADO FACUNDO
68661,36,2026-06-22,confirmado,222412.74,ERP RESERVA CONFIRMADA vendedor=MELLADO FACUNDO,false,false,erp,68661,MELLADO FACUNDO
68662,1878,2026-06-22,confirmado,345466.41,ERP RESERVA CONFIRMADA vendedor=MELLADO FACUNDO,false,false,erp,68662,MELLADO FACUNDO
68663,1849,2026-06-22,confirmado,107812.00,ERP RESERVA CONFIRMADA vendedor=MELLADO FACUNDO,false,false,erp,68663,MELLADO FACUNDO
68664,908,2026-06-22,confirmado,141744.94,ERP RESERVA CONFIRMADA vendedor=MELLADO FACUNDO,false,false,erp,68664,MELLADO FACUNDO
68665,1359,2026-06-22,confirmado,125541.84,ERP RESERVA CONFIRMADA vendedor=MELLADO FACUNDO,false,false,erp,68665,MELLADO FACUNDO
68666,630,2026-06-22,confirmado,97832.55,ERP RESERVA CONFIRMADA vendedor=MELLADO FACUNDO,false,false,erp,68666,MELLADO FACUNDO
68667,666,2026-06-22,confirmado,132273.79,ERP RESERVA CONFIRMADA vendedor=MELLADO FACUNDO,false,false,erp,68667,MELLADO FACUNDO
68668,1241,2026-06-22,confirmado,139684.81,ERP RESERVA CONFIRMADA vendedor=MELLADO FACUNDO,false,false,erp,68668,MELLADO FACUNDO
68669,1901,2026-06-22,facturado,142567.09,ERP VENTA vendedor=MELLADO FACUNDO,false,false,erp,68669,MELLADO FACUNDO
68670,968,2026-06-22,facturado,263713.55,ERP VENTA vendedor=MELLADO FACUNDO,false,false,erp,68670,MELLADO FACUNDO
68671,354,2026-06-22,confirmado,240119.55,ERP RESERVA CONFIRMADA vendedor=MELLADO FACUNDO,false,false,erp,68671,MELLADO FACUNDO
68672,796,2026-06-22,confirmado,866803.20,ERP RESERVA CONFIRMADA vendedor=MELLADO FACUNDO,false,false,erp,68672,MELLADO FACUNDO
68673,944,2026-06-22,confirmado,186248.54,ERP RESERVA CONFIRMADA vendedor=MELLADO FACUNDO,false,false,erp,68673,MELLADO FACUNDO
68676,1868,2026-06-22,confirmado,162577.51,ERP RESERVA CONFIRMADA vendedor=MELLADO FACUNDO,false,false,erp,68676,MELLADO FACUNDO
68634,971,2026-06-19,facturado,134546.17,ERP VENTA vendedor=MELLADO FACUNDO,false,false,erp,68634,MELLADO FACUNDO
68635,898,2026-06-19,facturado,77865.20,ERP VENTA vendedor=MELLADO FACUNDO,false,false,erp,68635,MELLADO FACUNDO
68636,1735,2026-06-19,facturado,63250.00,ERP VENTA vendedor=MELLADO FACUNDO,false,false,erp,68636,MELLADO FACUNDO
68637,778,2026-06-19,facturado,64667.47,ERP VENTA vendedor=MELLADO FACUNDO,false,false,erp,68637,MELLADO FACUNDO
68638,1049,2026-06-19,facturado,53898.34,ERP VENTA vendedor=ALEGRIA ESTEBAN,false,false,erp,68638,ALEGRIA ESTEBAN
68639,532,2026-06-19,facturado,53988.48,ERP VENTA vendedor=MELLADO FACUNDO,false,false,erp,68639,MELLADO FACUNDO
68640,1326,2026-06-19,confirmado,4038415.78,ERP RESERVA CONFIRMADA vendedor=MELLADO FACUNDO,false,false,erp,68640,MELLADO FACUNDO
68641,964,2026-06-19,facturado,30213.22,ERP VENTA vendedor=MELLADO FACUNDO,false,false,erp,68641,MELLADO FACUNDO
68642,90,2026-06-19,facturado,114451.28,ERP VENTA vendedor=MELLADO FACUNDO,false,false,erp,68642,MELLADO FACUNDO
68643,787,2026-06-19,confirmado,74188.57,ERP RESERVA CONFIRMADA vendedor=MELLADO FACUNDO,false,false,erp,68643,MELLADO FACUNDO
68616,905,2026-06-18,confirmado,127461.62,ERP RESERVA CONFIRMADA vendedor=MELLADO FACUNDO,false,false,erp,68616,MELLADO FACUNDO
68617,1733,2026-06-18,confirmado,121465.25,ERP RESERVA CONFIRMADA vendedor=MELLADO FACUNDO,false,false,erp,68617,MELLADO FACUNDO
68618,1849,2026-06-18,confirmado,93081.54,ERP RESERVA CONFIRMADA vendedor=MELLADO FACUNDO,false,false,erp,68618,MELLADO FACUNDO
68619,964,2026-06-18,facturado,113124.86,ERP VENTA vendedor=MELLADO FACUNDO,false,false,erp,68619,MELLADO FACUNDO
68620,1732,2026-06-18,facturado,115433.12,ERP VENTA vendedor=ALEGRIA ESTEBAN,false,false,erp,68620,ALEGRIA ESTEBAN
68621,316,2026-06-18,facturado,41073.52,ERP VENTA vendedor=MELLADO FACUNDO,false,false,erp,68621,MELLADO FACUNDO
68622,1849,2026-06-18,confirmado,24066.23,ERP RESERVA CONFIRMADA vendedor=MELLADO FACUNDO,false,false,erp,68622,MELLADO FACUNDO
68623,1359,2026-06-18,confirmado,114352.64,ERP RESERVA CONFIRMADA vendedor=MELLADO FACUNDO,false,false,erp,68623,MELLADO FACUNDO
68624,1939,2026-06-18,confirmado,190291.25,ERP RESERVA CONFIRMADA vendedor=MELLADO FACUNDO,false,false,erp,68624,MELLADO FACUNDO
68625,35,2026-06-18,confirmado,333787.91,ERP RESERVA CONFIRMADA vendedor=MELLADO FACUNDO,false,false,erp,68625,MELLADO FACUNDO
68626,993,2026-06-18,confirmado,938607.15,ERP RESERVA CONFIRMADA vendedor=MELLADO FACUNDO,false,false,erp,68626,MELLADO FACUNDO
68627,1146,2026-06-18,confirmado,944369.46,ERP RESERVA CONFIRMADA vendedor=MELLADO FACUNDO,false,false,erp,68627,MELLADO FACUNDO
68628,1651,2026-06-18,confirmado,248408.54,ERP RESERVA CONFIRMADA vendedor=MELLADO FACUNDO,false,false,erp,68628,MELLADO FACUNDO
68629,1342,2026-06-18,facturado,362286.22,ERP VENTA vendedor=MELLADO FACUNDO,false,false,erp,68629,MELLADO FACUNDO
68630,1202,2026-06-18,facturado,73492.50,ERP VENTA vendedor=ALEGRIA ESTEBAN,false,false,erp,68630,ALEGRIA ESTEBAN
68631,207,2026-06-18,facturado,51881.00,ERP VENTA vendedor=MELLADO FACUNDO,false,false,erp,68631,MELLADO FACUNDO
68632,996,2026-06-18,confirmado,416685.44,ERP RESERVA CONFIRMADA vendedor=MELLADO FACUNDO,false,false,erp,68632,MELLADO FACUNDO
68633,532,2026-06-18,facturado,213251.23,ERP VENTA vendedor=MELLADO FACUNDO,false,false,erp,68633,MELLADO FACUNDO
68603,1909,2026-06-17,facturado,49645.95,ERP VENTA vendedor=MELLADO FACUNDO,false,false,erp,68603,MELLADO FACUNDO
68604,1438,2026-06-17,confirmado,154608.93,ERP RESERVA CONFIRMADA vendedor=MELLADO FACUNDO,false,false,erp,68604,MELLADO FACUNDO
68605,1817,2026-06-17,facturado,65595.55,ERP VENTA vendedor=MELLADO FACUNDO,false,false,erp,68605,MELLADO FACUNDO
68606,184,2026-06-17,confirmado,141508.75,ERP RESERVA CONFIRMADA vendedor=MELLADO FACUNDO,false,false,erp,68606,MELLADO FACUNDO
68607,348,2026-06-17,confirmado,277069.43,ERP RESERVA CONFIRMADA vendedor=MELLADO FACUNDO,false,false,erp,68607,MELLADO FACUNDO
68608,1044,2026-06-17,facturado,75453.53,ERP VENTA vendedor=MELLADO FACUNDO,false,false,erp,68608,MELLADO FACUNDO
68609,152,2026-06-17,confirmado,100086.26,ERP RESERVA CONFIRMADA vendedor=MELLADO FACUNDO,false,false,erp,68609,MELLADO FACUNDO
68610,962,2026-06-17,confirmado,178603.70,ERP RESERVA CONFIRMADA vendedor=MELLADO FACUNDO,false,false,erp,68610,MELLADO FACUNDO
68611,947,2026-06-17,confirmado,279733.45,ERP RESERVA CONFIRMADA vendedor=MELLADO FACUNDO,false,false,erp,68611,MELLADO FACUNDO
68612,161,2026-06-17,confirmado,188576.65,ERP RESERVA CONFIRMADA vendedor=MELLADO FACUNDO,false,false,erp,68612,MELLADO FACUNDO
68613,1606,2026-06-17,confirmado,263575.97,ERP RESERVA CONFIRMADA vendedor=MELLADO FACUNDO,false,false,erp,68613,MELLADO FACUNDO
68614,1921,2026-06-17,facturado,175326.68,ERP VENTA vendedor=MELLADO FACUNDO,false,false,erp,68614,MELLADO FACUNDO
68615,1921,2026-06-17,facturado,52265.10,ERP VENTA vendedor=MELLADO FACUNDO,false,false,erp,68615,MELLADO FACUNDO
68559,1894,2026-06-16,confirmado,161499.04,ERP RESERVA CONFIRMADA vendedor=MELLADO FACUNDO,false,false,erp,68559,MELLADO FACUNDO
68560,909,2026-06-16,confirmado,224867.11,ERP RESERVA CONFIRMADA vendedor=MELLADO FACUNDO,false,false,erp,68560,MELLADO FACUNDO
68561,909,2026-06-16,confirmado,106310.00,ERP RESERVA CONFIRMADA vendedor=MELLADO FACUNDO,false,false,erp,68561,MELLADO FACUNDO
68562,909,2026-06-16,confirmado,288210.40,ERP RESERVA CONFIRMADA vendedor=MELLADO FACUNDO,false,false,erp,68562,MELLADO FACUNDO
68563,710,2026-06-16,confirmado,112411.63,ERP RESERVA CONFIRMADA vendedor=MELLADO FACUNDO,false,false,erp,68563,MELLADO FACUNDO
68564,710,2026-06-16,confirmado,174995.80,ERP RESERVA CONFIRMADA vendedor=MELLADO FACUNDO,false,false,erp,68564,MELLADO FACUNDO
68565,1326,2026-06-16,confirmado,505799.84,ERP RESERVA CONFIRMADA vendedor=MELLADO FACUNDO,false,false,erp,68565,MELLADO FACUNDO
68566,1010,2026-06-16,confirmado,89482.34,ERP RESERVA CONFIRMADA vendedor=MELLADO FACUNDO,false,false,erp,68566,MELLADO FACUNDO
68567,1586,2026-06-16,confirmado,286836.52,ERP RESERVA CONFIRMADA vendedor=MELLADO FACUNDO,false,false,erp,68567,MELLADO FACUNDO
68568,35,2026-06-16,confirmado,405958.86,ERP RESERVA CONFIRMADA vendedor=MELLADO FACUNDO,false,false,erp,68568,MELLADO FACUNDO
68569,1735,2026-06-16,confirmado,306744.07,ERP RESERVA CONFIRMADA vendedor=MELLADO FACUNDO,false,false,erp,68569,MELLADO FACUNDO
68570,159,2026-06-16,confirmado,438265.10,ERP RESERVA CONFIRMADA vendedor=MELLADO FACUNDO,false,false,erp,68570,MELLADO FACUNDO
68571,1326,2026-06-16,confirmado,3582968.80,ERP RESERVA CONFIRMADA vendedor=MELLADO FACUNDO,false,false,erp,68571,MELLADO FACUNDO
68572,522,2026-06-16,confirmado,122868.20,ERP RESERVA CONFIRMADA vendedor=MELLADO FACUNDO,false,false,erp,68572,MELLADO FACUNDO
68573,1878,2026-06-16,confirmado,237573.16,ERP RESERVA CONFIRMADA vendedor=MELLADO FACUNDO,false,false,erp,68573,MELLADO FACUNDO
68574,89,2026-06-16,confirmado,217367.13,ERP RESERVA CONFIRMADA vendedor=MELLADO FACUNDO,false,false,erp,68574,MELLADO FACUNDO
68575,1328,2026-06-16,facturado,206003.33,ERP VENTA vendedor=MELLADO FACUNDO,false,false,erp,68575,MELLADO FACUNDO
68578,1137,2026-06-16,confirmado,249755.86,ERP RESERVA CONFIRMADA vendedor=MELLADO FACUNDO,false,false,erp,68578,MELLADO FACUNDO
68579,151,2026-06-16,confirmado,516451.83,ERP RESERVA CONFIRMADA vendedor=MELLADO FACUNDO,false,false,erp,68579,MELLADO FACUNDO
68580,851,2026-06-16,facturado,114626.46,ERP VENTA vendedor=MELLADO FACUNDO,false,false,erp,68580,MELLADO FACUNDO
68581,108,2026-06-16,confirmado,174316.55,ERP RESERVA CONFIRMADA vendedor=MELLADO FACUNDO,false,false,erp,68581,MELLADO FACUNDO
68582,1735,2026-06-16,confirmado,266739.48,ERP RESERVA CONFIRMADA vendedor=MELLADO FACUNDO,false,false,erp,68582,MELLADO FACUNDO
68583,630,2026-06-16,confirmado,216144.28,ERP RESERVA CONFIRMADA vendedor=MELLADO FACUNDO,false,false,erp,68583,MELLADO FACUNDO
68584,1320,2026-06-16,facturado,92095.42,ERP VENTA vendedor=MELLADO FACUNDO,false,false,erp,68584,MELLADO FACUNDO
68585,837,2026-06-16,facturado,188494.74,ERP VENTA vendedor=MELLADO FACUNDO,false,false,erp,68585,MELLADO FACUNDO
68586,787,2026-06-16,facturado,184302.30,ERP VENTA vendedor=MELLADO FACUNDO,false,false,erp,68586,MELLADO FACUNDO
68587,1384,2026-06-16,confirmado,125569.21,ERP RESERVA CONFIRMADA vendedor=MELLADO FACUNDO,false,false,erp,68587,MELLADO FACUNDO
68588,872,2026-06-16,confirmado,197029.08,ERP RESERVA CONFIRMADA vendedor=MELLADO FACUNDO,false,false,erp,68588,MELLADO FACUNDO
68589,1858,2026-06-16,confirmado,139343.85,ERP RESERVA CONFIRMADA vendedor=MELLADO FACUNDO,false,false,erp,68589,MELLADO FACUNDO
68590,1063,2026-06-16,confirmado,103425.58,ERP RESERVA CONFIRMADA vendedor=MELLADO FACUNDO,false,false,erp,68590,MELLADO FACUNDO
68591,891,2026-06-16,facturado,392043.36,ERP VENTA vendedor=ALEGRIA ESTEBAN,false,false,erp,68591,ALEGRIA ESTEBAN
68592,971,2026-06-16,facturado,323564.95,ERP VENTA vendedor=MELLADO FACUNDO,false,false,erp,68592,MELLADO FACUNDO
68593,797,2026-06-16,facturado,321727.61,ERP VENTA vendedor=MELLADO FACUNDO,false,false,erp,68593,MELLADO FACUNDO
68594,796,2026-06-16,confirmado,944287.88,ERP RESERVA CONFIRMADA vendedor=MELLADO FACUNDO,false,false,erp,68594,MELLADO FACUNDO
68595,1417,2026-06-16,confirmado,90575.76,ERP RESERVA CONFIRMADA vendedor=MELLADO FACUNDO,false,false,erp,68595,MELLADO FACUNDO
68596,1241,2026-06-16,confirmado,218842.51,ERP RESERVA CONFIRMADA vendedor=MELLADO FACUNDO,false,false,erp,68596,MELLADO FACUNDO
68597,574,2026-06-16,confirmado,100700.86,ERP RESERVA CONFIRMADA vendedor=MELLADO FACUNDO,false,false,erp,68597,MELLADO FACUNDO
68598,354,2026-06-16,confirmado,259778.53,ERP RESERVA CONFIRMADA vendedor=MELLADO FACUNDO,false,false,erp,68598,MELLADO FACUNDO
68599,839,2026-06-16,confirmado,125437.38,ERP RESERVA CONFIRMADA vendedor=MELLADO FACUNDO,false,false,erp,68599,MELLADO FACUNDO
68600,419,2026-06-16,confirmado,484177.39,ERP RESERVA CONFIRMADA vendedor=MELLADO FACUNDO,false,false,erp,68600,MELLADO FACUNDO
68601,650,2026-06-16,confirmado,348454.73,ERP RESERVA CONFIRMADA vendedor=MELLADO FACUNDO,false,false,erp,68601,MELLADO FACUNDO
68602,1512,2026-06-16,confirmado,693568.06,ERP RESERVA CONFIRMADA vendedor=MELLADO FACUNDO,false,false,erp,68602,MELLADO FACUNDO
68552,316,2026-06-13,facturado,9673.95,ERP VENTA vendedor=MELLADO FACUNDO,false,false,erp,68552,MELLADO FACUNDO
68553,42,2026-06-13,facturado,209091.69,ERP VENTA vendedor=MELLADO FACUNDO,false,false,erp,68553,MELLADO FACUNDO
68554,42,2026-06-13,facturado,25940.50,ERP VENTA vendedor=MELLADO FACUNDO,false,false,erp,68554,MELLADO FACUNDO
68555,993,2026-06-13,confirmado,48621.37,ERP RESERVA CONFIRMADA vendedor=MELLADO FACUNDO,false,false,erp,68555,MELLADO FACUNDO
68557,1735,2026-06-13,facturado,170784.53,ERP VENTA vendedor=MELLADO FACUNDO,false,false,erp,68557,MELLADO FACUNDO
68558,1832,2026-06-13,facturado,58799.95,ERP VENTA vendedor=MELLADO FACUNDO,false,false,erp,68558,MELLADO FACUNDO
68543,200,2026-06-12,confirmado,129150.16,ERP RESERVA CONFIRMADA vendedor=MELLADO FACUNDO,false,false,erp,68543,MELLADO FACUNDO
68544,31,2026-06-12,confirmado,189882.80,ERP RESERVA CONFIRMADA vendedor=MELLADO FACUNDO,false,false,erp,68544,MELLADO FACUNDO
68545,161,2026-06-12,facturado,191166.43,ERP VENTA vendedor=MELLADO FACUNDO,false,false,erp,68545,MELLADO FACUNDO
68546,532,2026-06-12,facturado,338651.44,ERP VENTA vendedor=MELLADO FACUNDO,false,false,erp,68546,MELLADO FACUNDO
68547,1539,2026-06-12,facturado,129253.07,ERP VENTA vendedor=MELLADO FACUNDO,false,false,erp,68547,MELLADO FACUNDO
68548,398,2026-06-12,facturado,136435.36,ERP VENTA vendedor=MELLADO FACUNDO,false,false,erp,68548,MELLADO FACUNDO
68549,968,2026-06-12,facturado,374017.24,ERP VENTA vendedor=MELLADO FACUNDO,false,false,erp,68549,MELLADO FACUNDO
68550,1774,2026-06-12,facturado,375413.01,ERP VENTA vendedor=MELLADO FACUNDO,false,false,erp,68550,MELLADO FACUNDO
68551,700,2026-06-12,facturado,90587.81,ERP VENTA vendedor=MELLADO FACUNDO,false,false,erp,68551,MELLADO FACUNDO
68525,1722,2026-06-11,facturado,51916.35,ERP VENTA vendedor=MELLADO FACUNDO,false,false,erp,68525,MELLADO FACUNDO
68526,131,2026-06-11,confirmado,38478.00,ERP RESERVA CONFIRMADA vendedor=MELLADO FACUNDO,false,false,erp,68526,MELLADO FACUNDO
68527,1851,2026-06-11,confirmado,157350.93,ERP RESERVA CONFIRMADA vendedor=MELLADO FACUNDO,false,false,erp,68527,MELLADO FACUNDO
68528,993,2026-06-11,confirmado,680948.53,ERP RESERVA CONFIRMADA vendedor=MELLADO FACUNDO,false,false,erp,68528,MELLADO FACUNDO
68529,1489,2026-06-11,confirmado,468938.95,ERP RESERVA CONFIRMADA vendedor=MELLADO FACUNDO,false,false,erp,68529,MELLADO FACUNDO
68530,971,2026-06-11,facturado,76677.38,ERP VENTA vendedor=MELLADO FACUNDO,false,false,erp,68530,MELLADO FACUNDO
68531,583,2026-06-11,confirmado,121277.12,ERP RESERVA CONFIRMADA vendedor=MELLADO FACUNDO,false,false,erp,68531,MELLADO FACUNDO
68532,1120,2026-06-11,confirmado,145695.16,ERP RESERVA CONFIRMADA vendedor=MELLADO FACUNDO,false,false,erp,68532,MELLADO FACUNDO
68533,1869,2026-06-11,facturado,115089.36,ERP VENTA vendedor=ALEGRIA ESTEBAN,false,false,erp,68533,ALEGRIA ESTEBAN
68534,1838,2026-06-11,facturado,109534.49,ERP VENTA vendedor=MELLADO FACUNDO,false,false,erp,68534,MELLADO FACUNDO
68535,1320,2026-06-11,confirmado,104613.48,ERP RESERVA CONFIRMADA vendedor=MELLADO FACUNDO,false,false,erp,68535,MELLADO FACUNDO
68536,1609,2026-06-11,facturado,68693.65,ERP VENTA vendedor=MELLADO FACUNDO,false,false,erp,68536,MELLADO FACUNDO
68537,1939,2026-06-11,facturado,93948.49,ERP VENTA vendedor=MELLADO FACUNDO,false,false,erp,68537,MELLADO FACUNDO
68538,587,2026-06-11,confirmado,179823.75,ERP RESERVA CONFIRMADA vendedor=MELLADO FACUNDO,false,false,erp,68538,MELLADO FACUNDO
68539,7,2026-06-11,confirmado,258470.27,ERP RESERVA CONFIRMADA vendedor=MELLADO FACUNDO,false,false,erp,68539,MELLADO FACUNDO
68540,1146,2026-06-11,confirmado,731306.67,ERP RESERVA CONFIRMADA vendedor=ALEGRIA ESTEBAN,false,false,erp,68540,ALEGRIA ESTEBAN
68541,1728,2026-06-11,confirmado,412641.90,ERP RESERVA CONFIRMADA vendedor=MELLADO FACUNDO,false,false,erp,68541,MELLADO FACUNDO
68542,1107,2026-06-11,confirmado,414603.73,ERP RESERVA CONFIRMADA vendedor=MELLADO FACUNDO,false,false,erp,68542,MELLADO FACUNDO
68502,131,2026-06-10,confirmado,133920.25,ERP RESERVA CONFIRMADA vendedor=MELLADO FACUNDO,false,false,erp,68502,MELLADO FACUNDO
68503,674,2026-06-10,confirmado,118418.27,ERP RESERVA CONFIRMADA vendedor=MELLADO FACUNDO,false,false,erp,68503,MELLADO FACUNDO
68504,1342,2026-06-10,confirmado,434747.01,ERP RESERVA CONFIRMADA vendedor=MELLADO FACUNDO,false,false,erp,68504,MELLADO FACUNDO
68505,1049,2026-06-10,confirmado,53898.34,ERP RESERVA CONFIRMADA vendedor=MELLADO FACUNDO,false,false,erp,68505,MELLADO FACUNDO
68506,35,2026-06-10,confirmado,288079.82,ERP RESERVA CONFIRMADA vendedor=MELLADO FACUNDO,false,false,erp,68506,MELLADO FACUNDO
68507,1937,2026-06-10,facturado,104935.09,ERP VENTA vendedor=MELLADO FACUNDO,false,false,erp,68507,MELLADO FACUNDO
68508,1445,2026-06-10,confirmado,249865.62,ERP RESERVA CONFIRMADA vendedor=MELLADO FACUNDO,false,false,erp,68508,MELLADO FACUNDO
68509,1722,2026-06-10,facturado,79597.86,ERP VENTA vendedor=MELLADO FACUNDO,false,false,erp,68509,MELLADO FACUNDO
68510,997,2026-06-10,confirmado,104990.37,ERP RESERVA CONFIRMADA vendedor=MELLADO FACUNDO,false,false,erp,68510,MELLADO FACUNDO
68511,45,2026-06-10,confirmado,212005.86,ERP RESERVA CONFIRMADA vendedor=MELLADO FACUNDO,false,false,erp,68511,MELLADO FACUNDO
68512,1757,2026-06-10,confirmado,101925.63,ERP RESERVA CONFIRMADA vendedor=MELLADO FACUNDO,false,false,erp,68512,MELLADO FACUNDO
68513,1214,2026-06-10,confirmado,134076.23,ERP RESERVA CONFIRMADA vendedor=MELLADO FACUNDO,false,false,erp,68513,MELLADO FACUNDO
68514,1832,2026-06-10,facturado,94736.95,ERP VENTA vendedor=ALEGRIA ESTEBAN,false,false,erp,68514,ALEGRIA ESTEBAN
68515,1202,2026-06-10,facturado,147733.12,ERP VENTA vendedor=MELLADO FACUNDO,false,false,erp,68515,MELLADO FACUNDO
68516,996,2026-06-10,confirmado,389685.26,ERP RESERVA CONFIRMADA vendedor=MELLADO FACUNDO,false,false,erp,68516,MELLADO FACUNDO
68517,957,2026-06-10,confirmado,232031.26,ERP RESERVA CONFIRMADA vendedor=MELLADO FACUNDO,false,false,erp,68517,MELLADO FACUNDO
68518,140,2026-06-10,confirmado,296461.68,ERP RESERVA CONFIRMADA vendedor=MELLADO FACUNDO,false,false,erp,68518,MELLADO FACUNDO
68520,1519,2026-06-10,confirmado,659393.65,ERP RESERVA CONFIRMADA vendedor=MELLADO FACUNDO,false,false,erp,68520,MELLADO FACUNDO
68521,1444,2026-06-10,confirmado,194948.75,ERP RESERVA CONFIRMADA vendedor=MELLADO FACUNDO,false,false,erp,68521,MELLADO FACUNDO
68522,56,2026-06-10,confirmado,153285.37,ERP RESERVA CONFIRMADA vendedor=MELLADO FACUNDO,false,false,erp,68522,MELLADO FACUNDO
68524,1069,2026-06-10,facturado,62014.74,ERP VENTA vendedor=MELLADO FACUNDO,false,false,erp,68524,MELLADO FACUNDO
68489,839,2026-06-09,confirmado,201282.87,ERP RESERVA CONFIRMADA vendedor=MELLADO FACUNDO,false,false,erp,68489,MELLADO FACUNDO
68490,184,2026-06-09,confirmado,384214.72,ERP RESERVA CONFIRMADA vendedor=MELLADO FACUNDO,false,false,erp,68490,MELLADO FACUNDO
68491,108,2026-06-09,confirmado,130680.00,ERP RESERVA CONFIRMADA vendedor=MELLADO FACUNDO,false,false,erp,68491,MELLADO FACUNDO
68492,1595,2026-06-09,facturado,364160.00,ERP VENTA vendedor=MELLADO FACUNDO,false,false,erp,68492,MELLADO FACUNDO
68493,1849,2026-06-09,confirmado,105060.54,ERP RESERVA CONFIRMADA vendedor=MELLADO FACUNDO,false,false,erp,68493,MELLADO FACUNDO
68494,971,2026-06-09,facturado,338770.66,ERP VENTA vendedor=MELLADO FACUNDO,false,false,erp,68494,MELLADO FACUNDO
68495,837,2026-06-09,facturado,83003.58,ERP VENTA vendedor=MELLADO FACUNDO,false,false,erp,68495,MELLADO FACUNDO
68496,152,2026-06-09,confirmado,106703.75,ERP RESERVA CONFIRMADA vendedor=MELLADO FACUNDO,false,false,erp,68496,MELLADO FACUNDO
68497,797,2026-06-09,confirmado,241268.68,ERP RESERVA CONFIRMADA vendedor=ALEGRIA ESTEBAN,false,false,erp,68497,ALEGRIA ESTEBAN
68498,1159,2026-06-09,confirmado,119651.42,ERP RESERVA CONFIRMADA vendedor=MELLADO FACUNDO,false,false,erp,68498,MELLADO FACUNDO
68499,31,2026-06-09,confirmado,1677180.36,ERP RESERVA CONFIRMADA vendedor=MELLADO FACUNDO,false,false,erp,68499,MELLADO FACUNDO
68500,1901,2026-06-09,confirmado,113801.00,ERP RESERVA CONFIRMADA vendedor=MELLADO FACUNDO,false,false,erp,68500,MELLADO FACUNDO
68501,1936,2026-06-09,facturado,80992.75,ERP VENTA vendedor=MELLADO FACUNDO,false,false,erp,68501,MELLADO FACUNDO
68449,1894,2026-06-08,confirmado,109692.37,ERP RESERVA CONFIRMADA vendedor=MELLADO FACUNDO,false,false,erp,68449,MELLADO FACUNDO
68450,909,2026-06-08,confirmado,102383.35,ERP RESERVA CONFIRMADA vendedor=MELLADO FACUNDO,false,false,erp,68450,MELLADO FACUNDO
68451,1326,2026-06-08,confirmado,282629.48,ERP RESERVA CONFIRMADA vendedor=MELLADO FACUNDO,false,false,erp,68451,MELLADO FACUNDO
68452,909,2026-06-08,confirmado,117687.65,ERP RESERVA CONFIRMADA vendedor=MELLADO FACUNDO,false,false,erp,68452,MELLADO FACUNDO
68453,710,2026-06-08,confirmado,122282.82,ERP RESERVA CONFIRMADA vendedor=MELLADO FACUNDO,false,false,erp,68453,MELLADO FACUNDO
68454,710,2026-06-08,confirmado,90734.43,ERP RESERVA CONFIRMADA vendedor=MELLADO FACUNDO,false,false,erp,68454,MELLADO FACUNDO
68455,909,2026-06-08,confirmado,57187.66,ERP RESERVA CONFIRMADA vendedor=MELLADO FACUNDO,false,false,erp,68455,MELLADO FACUNDO
68456,200,2026-06-08,confirmado,155390.00,ERP RESERVA CONFIRMADA vendedor=MELLADO FACUNDO,false,false,erp,68456,MELLADO FACUNDO
68457,1586,2026-06-08,confirmado,127091.37,ERP RESERVA CONFIRMADA vendedor=MELLADO FACUNDO,false,false,erp,68457,MELLADO FACUNDO
68458,1735,2026-06-08,confirmado,225263.32,ERP RESERVA CONFIRMADA vendedor=MELLADO FACUNDO,false,false,erp,68458,MELLADO FACUNDO
68459,1735,2026-06-08,confirmado,322028.54,ERP RESERVA CONFIRMADA vendedor=MELLADO FACUNDO,false,false,erp,68459,MELLADO FACUNDO
68460,1580,2026-06-08,facturado,211913.36,ERP VENTA vendedor=MELLADO FACUNDO,false,false,erp,68460,MELLADO FACUNDO
68461,1580,2026-06-08,facturado,259855.41,ERP VENTA vendedor=MELLADO FACUNDO,false,false,erp,68461,MELLADO FACUNDO
68462,361,2026-06-08,facturado,51053.91,ERP VENTA vendedor=ALEGRIA ESTEBAN,false,false,erp,68462,ALEGRIA ESTEBAN
68463,316,2026-06-08,facturado,116076.60,ERP VENTA vendedor=MELLADO FACUNDO,false,false,erp,68463,MELLADO FACUNDO
68464,1241,2026-06-08,confirmado,311808.19,ERP RESERVA CONFIRMADA vendedor=MELLADO FACUNDO,false,false,erp,68464,MELLADO FACUNDO
68465,666,2026-06-08,confirmado,186248.54,ERP RESERVA CONFIRMADA vendedor=MELLADO FACUNDO,false,false,erp,68465,MELLADO FACUNDO
68466,89,2026-06-08,confirmado,512100.00,ERP RESERVA CONFIRMADA vendedor=MELLADO FACUNDO,false,false,erp,68466,MELLADO FACUNDO
68467,828,2026-06-08,confirmado,239795.90,ERP RESERVA CONFIRMADA vendedor=MELLADO FACUNDO,false,false,erp,68467,MELLADO FACUNDO
68468,1878,2026-06-08,confirmado,236126.89,ERP RESERVA CONFIRMADA vendedor=MELLADO FACUNDO,false,false,erp,68468,MELLADO FACUNDO
68469,857,2026-06-08,facturado,147015.29,ERP VENTA vendedor=MELLADO FACUNDO,false,false,erp,68469,MELLADO FACUNDO
68470,952,2026-06-08,confirmado,236336.68,ERP RESERVA CONFIRMADA vendedor=MELLADO FACUNDO,false,false,erp,68470,MELLADO FACUNDO
68471,974,2026-06-08,facturado,80104.98,ERP VENTA vendedor=MELLADO FACUNDO,false,false,erp,68471,MELLADO FACUNDO
68472,713,2026-06-08,facturado,105349.01,ERP VENTA vendedor=MELLADO FACUNDO,false,false,erp,68472,MELLADO FACUNDO
68473,1442,2026-06-08,facturado,495778.26,ERP VENTA vendedor=MELLADO FACUNDO,false,false,erp,68473,MELLADO FACUNDO
68474,796,2026-06-08,confirmado,719012.40,ERP RESERVA CONFIRMADA vendedor=MELLADO FACUNDO,false,false,erp,68474,MELLADO FACUNDO
68475,101,2026-06-08,confirmado,103315.12,ERP RESERVA CONFIRMADA vendedor=MELLADO FACUNDO,false,false,erp,68475,MELLADO FACUNDO
68476,509,2026-06-08,confirmado,311257.08,ERP RESERVA CONFIRMADA vendedor=MELLADO FACUNDO,false,false,erp,68476,MELLADO FACUNDO
68479,1506,2026-06-08,confirmado,135276.40,ERP RESERVA CONFIRMADA vendedor=MELLADO FACUNDO,false,false,erp,68479,MELLADO FACUNDO
68480,1512,2026-06-08,confirmado,888509.06,ERP RESERVA CONFIRMADA vendedor=MELLADO FACUNDO,false,false,erp,68480,MELLADO FACUNDO
68481,1923,2026-06-08,facturado,319241.14,ERP VENTA vendedor=MELLADO FACUNDO,false,false,erp,68481,MELLADO FACUNDO
68482,1359,2026-06-08,facturado,85635.02,ERP VENTA vendedor=MELLADO FACUNDO,false,false,erp,68482,MELLADO FACUNDO
68483,944,2026-06-08,confirmado,132273.79,ERP RESERVA CONFIRMADA vendedor=MELLADO FACUNDO,false,false,erp,68483,MELLADO FACUNDO
68485,36,2026-06-08,confirmado,141084.70,ERP RESERVA CONFIRMADA vendedor=MELLADO FACUNDO,false,false,erp,68485,MELLADO FACUNDO
68486,1750,2026-06-08,confirmado,263872.22,ERP RESERVA CONFIRMADA vendedor=MELLADO FACUNDO,false,false,erp,68486,MELLADO FACUNDO
68487,1414,2026-06-08,facturado,183615.45,ERP VENTA vendedor=MELLADO FACUNDO,false,false,erp,68487,MELLADO FACUNDO
68488,354,2026-06-08,confirmado,260815.13,ERP RESERVA CONFIRMADA vendedor=MELLADO FACUNDO,false,false,erp,68488,MELLADO FACUNDO
68440,184,2026-06-06,facturado,398160.99,ERP VENTA vendedor=MELLADO FACUNDO,false,false,erp,68440,MELLADO FACUNDO
68441,971,2026-06-06,facturado,205587.67,ERP VENTA vendedor=MELLADO FACUNDO,false,false,erp,68441,MELLADO FACUNDO
68442,1907,2026-06-06,confirmado,154708.02,ERP RESERVA CONFIRMADA vendedor=MELLADO FACUNDO,false,false,erp,68442,MELLADO FACUNDO
68443,35,2026-06-06,confirmado,731707.67,ERP RESERVA CONFIRMADA vendedor=MELLADO FACUNDO,false,false,erp,68443,MELLADO FACUNDO
68444,1801,2026-06-06,facturado,119968.14,ERP VENTA vendedor=MELLADO FACUNDO,false,false,erp,68444,MELLADO FACUNDO
68445,1344,2026-06-06,facturado,35605.19,ERP VENTA vendedor=ALEGRIA ESTEBAN,false,false,erp,68445,ALEGRIA ESTEBAN
68446,787,2026-06-06,confirmado,303082.74,ERP RESERVA CONFIRMADA vendedor=MELLADO FACUNDO,false,false,erp,68446,MELLADO FACUNDO
68447,1326,2026-06-06,confirmado,4544514.65,ERP RESERVA CONFIRMADA vendedor=MELLADO FACUNDO,false,false,erp,68447,MELLADO FACUNDO
68448,1861,2026-06-06,facturado,59895.00,ERP VENTA vendedor=MELLADO FACUNDO,false,false,erp,68448,MELLADO FACUNDO
68425,993,2026-06-05,confirmado,1128907.33,ERP RESERVA CONFIRMADA vendedor=MELLADO FACUNDO,false,false,erp,68425,MELLADO FACUNDO
68426,14,2026-06-05,facturado,77679.84,ERP VENTA vendedor=MELLADO FACUNDO,false,false,erp,68426,MELLADO FACUNDO
68427,837,2026-06-05,facturado,119069.34,ERP VENTA vendedor=MELLADO FACUNDO,false,false,erp,68427,MELLADO FACUNDO
68428,985,2026-06-05,facturado,54513.84,ERP VENTA vendedor=MELLADO FACUNDO,false,false,erp,68428,MELLADO FACUNDO
68429,1871,2026-06-05,facturado,113801.00,ERP VENTA vendedor=MELLADO FACUNDO,false,false,erp,68429,MELLADO FACUNDO
68430,1684,2026-06-05,facturado,64733.20,ERP VENTA vendedor=MELLADO FACUNDO,false,false,erp,68430,MELLADO FACUNDO
68431,962,2026-06-05,facturado,22144.51,ERP VENTA vendedor=MELLADO FACUNDO,false,false,erp,68431,MELLADO FACUNDO
68432,1817,2026-06-05,facturado,69744.23,ERP VENTA vendedor=MELLADO FACUNDO,false,false,erp,68432,MELLADO FACUNDO
68433,87,2026-06-05,facturado,100202.19,ERP VENTA vendedor=MELLADO FACUNDO,false,false,erp,68433,MELLADO FACUNDO
68434,695,2026-06-05,facturado,131605.91,ERP VENTA vendedor=MELLADO FACUNDO,false,false,erp,68434,MELLADO FACUNDO
68435,87,2026-06-05,facturado,101290.61,ERP VENTA vendedor=MELLADO FACUNDO,false,false,erp,68435,MELLADO FACUNDO
68436,1832,2026-06-05,facturado,112698.29,ERP VENTA vendedor=MELLADO FACUNDO,false,false,erp,68436,MELLADO FACUNDO
68437,1930,2026-06-05,facturado,227338.35,ERP VENTA vendedor=MELLADO FACUNDO,false,false,erp,68437,MELLADO FACUNDO
68438,1930,2026-06-05,confirmado,38932.60,ERP RESERVA CONFIRMADA vendedor=MELLADO FACUNDO,false,false,erp,68438,MELLADO FACUNDO
68439,986,2026-06-05,facturado,128791.05,ERP VENTA vendedor=MELLADO FACUNDO,false,false,erp,68439,MELLADO FACUNDO
68418,1733,2026-06-04,confirmado,154210.45,ERP RESERVA CONFIRMADA vendedor=MELLADO FACUNDO,false,false,erp,68418,MELLADO FACUNDO
68419,1651,2026-06-04,confirmado,267949.45,ERP RESERVA CONFIRMADA vendedor=MELLADO FACUNDO,false,false,erp,68419,MELLADO FACUNDO
68420,1935,2026-06-04,facturado,85153.36,ERP VENTA vendedor=MELLADO FACUNDO,false,false,erp,68420,MELLADO FACUNDO
68421,38,2026-06-04,confirmado,290958.65,ERP RESERVA CONFIRMADA vendedor=MELLADO FACUNDO,false,false,erp,68421,MELLADO FACUNDO
68422,1202,2026-06-04,facturado,50530.29,ERP VENTA vendedor=MELLADO FACUNDO,false,false,erp,68422,MELLADO FACUNDO
68423,539,2026-06-04,facturado,225294.69,ERP VENTA vendedor=ALEGRIA ESTEBAN,false,false,erp,68423,ALEGRIA ESTEBAN
68424,7,2026-06-04,facturado,521590.56,ERP VENTA vendedor=MELLADO FACUNDO,false,false,erp,68424,MELLADO FACUNDO
68400,1342,2026-06-03,confirmado,627713.18,ERP RESERVA CONFIRMADA vendedor=MELLADO FACUNDO,false,false,erp,68400,MELLADO FACUNDO
68401,1307,2026-06-03,confirmado,513744.70,ERP RESERVA CONFIRMADA vendedor=MELLADO FACUNDO,false,false,erp,68401,MELLADO FACUNDO
68402,837,2026-06-03,facturado,45955.68,ERP VENTA vendedor=MELLADO FACUNDO,false,false,erp,68402,MELLADO FACUNDO
68403,1326,2026-06-03,facturado,259618.00,ERP VENTA vendedor=MELLADO FACUNDO,false,false,erp,68403,MELLADO FACUNDO
68404,45,2026-06-03,confirmado,516042.72,ERP RESERVA CONFIRMADA vendedor=MELLADO FACUNDO,false,false,erp,68404,MELLADO FACUNDO
68405,971,2026-06-03,facturado,146747.45,ERP VENTA vendedor=MELLADO FACUNDO,false,false,erp,68405,MELLADO FACUNDO
68406,797,2026-06-03,confirmado,492239.43,ERP RESERVA CONFIRMADA vendedor=MELLADO FACUNDO,false,false,erp,68406,MELLADO FACUNDO
68407,541,2026-06-03,facturado,135275.36,ERP VENTA vendedor=MELLADO FACUNDO,false,false,erp,68407,MELLADO FACUNDO
68408,1747,2026-06-03,facturado,81746.76,ERP VENTA vendedor=MELLADO FACUNDO,false,false,erp,68408,MELLADO FACUNDO
68409,6,2026-06-03,confirmado,1161174.28,ERP RESERVA CONFIRMADA vendedor=MELLADO FACUNDO,false,false,erp,68409,MELLADO FACUNDO
68410,1320,2026-06-03,confirmado,102163.11,ERP RESERVA CONFIRMADA vendedor=MELLADO FACUNDO,false,false,erp,68410,MELLADO FACUNDO
68411,1146,2026-06-03,confirmado,740999.72,ERP RESERVA CONFIRMADA vendedor=MELLADO FACUNDO,false,false,erp,68411,MELLADO FACUNDO
68412,996,2026-06-03,confirmado,407000.36,ERP RESERVA CONFIRMADA vendedor=MELLADO FACUNDO,false,false,erp,68412,MELLADO FACUNDO
68413,872,2026-06-03,facturado,103013.89,ERP VENTA vendedor=MELLADO FACUNDO,false,false,erp,68413,MELLADO FACUNDO
68414,872,2026-06-03,facturado,25644.52,ERP VENTA vendedor=MELLADO FACUNDO,false,false,erp,68414,MELLADO FACUNDO
68416,957,2026-06-03,confirmado,313534.30,ERP RESERVA CONFIRMADA vendedor=MELLADO FACUNDO,false,false,erp,68416,MELLADO FACUNDO
68417,20,2026-06-03,confirmado,154509.43,ERP RESERVA CONFIRMADA vendedor=MELLADO FACUNDO,false,false,erp,68417,MELLADO FACUNDO
68367,1137,2026-06-02,confirmado,125824.86,ERP RESERVA CONFIRMADA vendedor=MELLADO FACUNDO,false,false,erp,68367,MELLADO FACUNDO
68368,207,2026-06-02,confirmado,126182.12,ERP RESERVA CONFIRMADA vendedor=MELLADO FACUNDO,false,false,erp,68368,MELLADO FACUNDO
68369,905,2026-06-02,confirmado,101291.98,ERP RESERVA CONFIRMADA vendedor=MELLADO FACUNDO,false,false,erp,68369,MELLADO FACUNDO
68371,1567,2026-06-02,confirmado,324783.85,ERP RESERVA CONFIRMADA vendedor=MELLADO FACUNDO,false,false,erp,68371,MELLADO FACUNDO
68372,1924,2026-06-02,confirmado,145813.14,ERP RESERVA CONFIRMADA vendedor=MELLADO FACUNDO,false,false,erp,68372,MELLADO FACUNDO
68373,31,2026-06-02,confirmado,1553455.14,ERP RESERVA CONFIRMADA vendedor=MELLADO FACUNDO,false,false,erp,68373,MELLADO FACUNDO
68374,89,2026-06-02,confirmado,194855.93,ERP RESERVA CONFIRMADA vendedor=MELLADO FACUNDO,false,false,erp,68374,MELLADO FACUNDO
68375,431,2026-06-02,confirmado,206314.82,ERP RESERVA CONFIRMADA vendedor=MELLADO FACUNDO,false,false,erp,68375,MELLADO FACUNDO
68377,35,2026-06-02,facturado,80816.23,ERP VENTA vendedor=MELLADO FACUNDO,false,false,erp,68377,MELLADO FACUNDO
68378,1934,2026-06-02,facturado,69531.93,ERP VENTA vendedor=MELLADO FACUNDO,false,false,erp,68378,MELLADO FACUNDO
68379,1460,2026-06-02,confirmado,144316.56,ERP RESERVA CONFIRMADA vendedor=MELLADO FACUNDO,false,false,erp,68379,MELLADO FACUNDO
68380,152,2026-06-02,confirmado,136187.40,ERP RESERVA CONFIRMADA vendedor=MELLADO FACUNDO,false,false,erp,68380,MELLADO FACUNDO
68381,1214,2026-06-02,confirmado,107394.75,ERP RESERVA CONFIRMADA vendedor=MELLADO FACUNDO,false,false,erp,68381,MELLADO FACUNDO
68382,131,2026-06-02,confirmado,245164.96,ERP RESERVA CONFIRMADA vendedor=MELLADO FACUNDO,false,false,erp,68382,MELLADO FACUNDO
68383,990,2026-06-02,confirmado,179686.00,ERP RESERVA CONFIRMADA vendedor=MELLADO FACUNDO,false,false,erp,68383,MELLADO FACUNDO
68384,962,2026-06-02,confirmado,103160.55,ERP RESERVA CONFIRMADA vendedor=MELLADO FACUNDO,false,false,erp,68384,MELLADO FACUNDO
68385,778,2026-06-02,facturado,82214.06,ERP VENTA vendedor=MELLADO FACUNDO,false,false,erp,68385,MELLADO FACUNDO
68386,1722,2026-06-02,facturado,119946.28,ERP VENTA vendedor=MELLADO FACUNDO,false,false,erp,68386,MELLADO FACUNDO
68387,1817,2026-06-02,facturado,122142.83,ERP VENTA vendedor=MELLADO FACUNDO,false,false,erp,68387,MELLADO FACUNDO
68388,125,2026-06-02,confirmado,149111.54,ERP RESERVA CONFIRMADA vendedor=MELLADO FACUNDO,false,false,erp,68388,MELLADO FACUNDO
68389,1618,2026-06-02,facturado,54272.14,ERP VENTA vendedor=ALEGRIA ESTEBAN,false,false,erp,68389,ALEGRIA ESTEBAN
68391,36,2026-06-02,confirmado,149533.14,ERP RESERVA CONFIRMADA vendedor=MELLADO FACUNDO,false,false,erp,68391,MELLADO FACUNDO
68392,161,2026-06-02,confirmado,168715.84,ERP RESERVA CONFIRMADA vendedor=MELLADO FACUNDO,false,false,erp,68392,MELLADO FACUNDO
68393,460,2026-06-02,confirmado,293487.00,ERP RESERVA CONFIRMADA vendedor=MELLADO FACUNDO,false,false,erp,68393,MELLADO FACUNDO
68394,623,2026-06-02,confirmado,127692.11,ERP RESERVA CONFIRMADA vendedor=MELLADO FACUNDO,false,false,erp,68394,MELLADO FACUNDO
68395,1911,2026-06-02,facturado,104265.27,ERP VENTA vendedor=MELLADO FACUNDO,false,false,erp,68395,MELLADO FACUNDO
68397,947,2026-06-02,confirmado,477148.68,ERP RESERVA CONFIRMADA vendedor=MELLADO FACUNDO,false,false,erp,68397,MELLADO FACUNDO
68398,15,2026-06-02,facturado,291148.03,ERP VENTA vendedor=MELLADO FACUNDO,false,false,erp,68398,MELLADO FACUNDO
68399,1901,2026-06-02,confirmado,124598.09,ERP RESERVA CONFIRMADA vendedor=MELLADO FACUNDO,false,false,erp,68399,MELLADO FACUNDO
68333,909,2026-06-01,confirmado,24561.17,ERP RESERVA CONFIRMADA vendedor=MELLADO FACUNDO,false,false,erp,68333,MELLADO FACUNDO
68334,909,2026-06-01,confirmado,99411.08,ERP RESERVA CONFIRMADA vendedor=MELLADO FACUNDO,false,false,erp,68334,MELLADO FACUNDO
68335,1586,2026-06-01,confirmado,406835.43,ERP RESERVA CONFIRMADA vendedor=MELLADO FACUNDO,false,false,erp,68335,MELLADO FACUNDO
68336,710,2026-06-01,confirmado,147545.81,ERP RESERVA CONFIRMADA vendedor=MELLADO FACUNDO,false,false,erp,68336,MELLADO FACUNDO
68337,710,2026-06-01,confirmado,112255.03,ERP RESERVA CONFIRMADA vendedor=MELLADO FACUNDO,false,false,erp,68337,MELLADO FACUNDO
68338,35,2026-06-01,confirmado,226255.70,ERP RESERVA CONFIRMADA vendedor=MELLADO FACUNDO,false,false,erp,68338,MELLADO FACUNDO
68339,1894,2026-06-01,confirmado,246095.94,ERP RESERVA CONFIRMADA vendedor=MELLADO FACUNDO,false,false,erp,68339,MELLADO FACUNDO
68340,1326,2026-06-01,confirmado,2516415.66,ERP RESERVA CONFIRMADA vendedor=MELLADO FACUNDO,false,false,erp,68340,MELLADO FACUNDO
68341,1735,2026-06-01,confirmado,204525.74,ERP RESERVA CONFIRMADA vendedor=MELLADO FACUNDO,false,false,erp,68341,MELLADO FACUNDO
68342,1735,2026-06-01,confirmado,335604.90,ERP RESERVA CONFIRMADA vendedor=MELLADO FACUNDO,false,false,erp,68342,MELLADO FACUNDO
68343,1326,2026-06-01,confirmado,73975.25,ERP RESERVA CONFIRMADA vendedor=MELLADO FACUNDO,false,false,erp,68343,MELLADO FACUNDO
68344,316,2026-06-01,confirmado,417120.06,ERP RESERVA CONFIRMADA vendedor=ARIAS MACARENA,false,false,erp,68344,ARIAS MACARENA
68345,1167,2026-06-01,confirmado,53507.28,ERP RESERVA CONFIRMADA vendedor=ARIAS MACARENA,false,false,erp,68345,ARIAS MACARENA
68346,971,2026-06-01,facturado,181850.73,ERP VENTA vendedor=MELLADO FACUNDO,false,false,erp,68346,MELLADO FACUNDO
68347,552,2026-06-01,facturado,268722.46,ERP VENTA vendedor=MELLADO FACUNDO,false,false,erp,68347,MELLADO FACUNDO
68348,574,2026-06-01,confirmado,99936.06,ERP RESERVA CONFIRMADA vendedor=MELLADO FACUNDO,false,false,erp,68348,MELLADO FACUNDO
68349,1878,2026-06-01,confirmado,212559.91,ERP RESERVA CONFIRMADA vendedor=MELLADO FACUNDO,false,false,erp,68349,MELLADO FACUNDO
68350,35,2026-06-01,confirmado,97379.12,ERP RESERVA CONFIRMADA vendedor=MELLADO FACUNDO,false,false,erp,68350,MELLADO FACUNDO
68351,1384,2026-06-01,confirmado,123455.87,ERP RESERVA CONFIRMADA vendedor=MELLADO FACUNDO,false,false,erp,68351,MELLADO FACUNDO
68353,184,2026-06-01,confirmado,382807.66,ERP RESERVA CONFIRMADA vendedor=MELLADO FACUNDO,false,false,erp,68353,MELLADO FACUNDO
68354,1612,2026-06-01,facturado,87685.50,ERP VENTA vendedor=MELLADO FACUNDO,false,false,erp,68354,MELLADO FACUNDO
68355,708,2026-06-01,confirmado,132449.56,ERP RESERVA CONFIRMADA vendedor=MELLADO FACUNDO,false,false,erp,68355,MELLADO FACUNDO
68356,872,2026-06-01,confirmado,152324.76,ERP RESERVA CONFIRMADA vendedor=MELLADO FACUNDO,false,false,erp,68356,MELLADO FACUNDO
68359,796,2026-06-01,confirmado,589106.11,ERP RESERVA CONFIRMADA vendedor=MELLADO FACUNDO,false,false,erp,68359,MELLADO FACUNDO
68360,630,2026-06-01,confirmado,75574.75,ERP RESERVA CONFIRMADA vendedor=MELLADO FACUNDO,false,false,erp,68360,MELLADO FACUNDO
68361,1146,2026-06-01,confirmado,215305.99,ERP RESERVA CONFIRMADA vendedor=MELLADO FACUNDO,false,false,erp,68361,MELLADO FACUNDO
68362,1155,2026-06-01,confirmado,98237.82,ERP RESERVA CONFIRMADA vendedor=MELLADO FACUNDO,false,false,erp,68362,MELLADO FACUNDO
68363,666,2026-06-01,confirmado,131585.61,ERP RESERVA CONFIRMADA vendedor=MELLADO FACUNDO,false,false,erp,68363,MELLADO FACUNDO
68364,1868,2026-06-01,confirmado,180081.04,ERP RESERVA CONFIRMADA vendedor=MELLADO FACUNDO,false,false,erp,68364,MELLADO FACUNDO
68365,1453,2026-06-01,confirmado,110494.13,ERP RESERVA CONFIRMADA vendedor=MELLADO FACUNDO,false,false,erp,68365,MELLADO FACUNDO
68366,419,2026-06-01,confirmado,104052.30,ERP RESERVA CONFIRMADA vendedor=MELLADO FACUNDO,false,false,erp,68366,MELLADO FACUNDO
68323,710,2026-05-30,confirmado,76186.58,ERP RESERVA CONFIRMADA vendedor=MELLADO FACUNDO,false,false,erp,68323,MELLADO FACUNDO
68324,837,2026-05-30,confirmado,155521.76,ERP RESERVA CONFIRMADA vendedor=MELLADO FACUNDO,false,false,erp,68324,MELLADO FACUNDO
68325,316,2026-05-30,facturado,502098.04,ERP VENTA vendedor=MELLADO FACUNDO,false,false,erp,68325,MELLADO FACUNDO
68326,1820,2026-05-30,confirmado,104132.81,ERP RESERVA CONFIRMADA vendedor=MELLADO FACUNDO,false,false,erp,68326,MELLADO FACUNDO
68327,1454,2026-05-30,facturado,107485.54,ERP VENTA vendedor=MELLADO FACUNDO,false,false,erp,68327,MELLADO FACUNDO
68328,1860,2026-05-30,facturado,114599.75,ERP VENTA vendedor=MELLADO FACUNDO,false,false,erp,68328,MELLADO FACUNDO
68329,1735,2026-05-30,facturado,31625.00,ERP VENTA vendedor=MELLADO FACUNDO,false,false,erp,68329,MELLADO FACUNDO
68330,1642,2026-05-30,facturado,61610.68,ERP VENTA vendedor=ALEGRIA ESTEBAN,false,false,erp,68330,ALEGRIA ESTEBAN
68331,1638,2026-05-30,facturado,304535.78,ERP VENTA vendedor=MELLADO FACUNDO,false,false,erp,68331,MELLADO FACUNDO
68332,974,2026-05-30,facturado,275271.97,ERP VENTA vendedor=MELLADO FACUNDO,false,false,erp,68332,MELLADO FACUNDO
68315,1651,2026-05-29,confirmado,251031.51,ERP RESERVA CONFIRMADA vendedor=MELLADO FACUNDO,false,false,erp,68315,MELLADO FACUNDO
68316,963,2026-05-29,facturado,88209.12,ERP VENTA vendedor=MELLADO FACUNDO,false,false,erp,68316,MELLADO FACUNDO
68317,1342,2026-05-29,facturado,70530.86,ERP VENTA vendedor=MELLADO FACUNDO,false,false,erp,68317,MELLADO FACUNDO
68318,42,2026-05-29,facturado,90646.18,ERP VENTA vendedor=MELLADO FACUNDO,false,false,erp,68318,MELLADO FACUNDO
68319,1921,2026-05-29,facturado,49005.44,ERP VENTA vendedor=MELLADO FACUNDO,false,false,erp,68319,MELLADO FACUNDO
68320,1921,2026-05-29,facturado,16437.76,ERP VENTA vendedor=MELLADO FACUNDO,false,false,erp,68320,MELLADO FACUNDO
68321,1512,2026-05-29,confirmado,606638.50,ERP RESERVA CONFIRMADA vendedor=MELLADO FACUNDO,false,false,erp,68321,MELLADO FACUNDO
68322,1832,2026-05-29,facturado,170476.48,ERP VENTA vendedor=MELLADO FACUNDO,false,false,erp,68322,MELLADO FACUNDO
68303,428,2026-05-28,confirmado,286987.92,ERP RESERVA CONFIRMADA vendedor=MELLADO FACUNDO,false,false,erp,68303,MELLADO FACUNDO
68304,200,2026-05-28,confirmado,153633.00,ERP RESERVA CONFIRMADA vendedor=MELLADO FACUNDO,false,false,erp,68304,MELLADO FACUNDO
68305,316,2026-05-28,facturado,83685.12,ERP VENTA vendedor=MELLADO FACUNDO,false,false,erp,68305,MELLADO FACUNDO
68306,35,2026-05-28,confirmado,247749.84,ERP RESERVA CONFIRMADA vendedor=MELLADO FACUNDO,false,false,erp,68306,MELLADO FACUNDO
68307,971,2026-05-28,facturado,206579.96,ERP VENTA vendedor=MELLADO FACUNDO,false,false,erp,68307,MELLADO FACUNDO
68308,1506,2026-05-28,facturado,51906.36,ERP VENTA vendedor=MELLADO FACUNDO,false,false,erp,68308,MELLADO FACUNDO
68309,1146,2026-05-28,confirmado,883238.68,ERP RESERVA CONFIRMADA vendedor=MELLADO FACUNDO,false,false,erp,68309,MELLADO FACUNDO
68310,1933,2026-05-28,facturado,81079.67,ERP VENTA vendedor=MELLADO FACUNDO,false,false,erp,68310,MELLADO FACUNDO
68311,1796,2026-05-28,facturado,49272.58,ERP VENTA vendedor=MELLADO FACUNDO,false,false,erp,68311,MELLADO FACUNDO
68312,993,2026-05-28,confirmado,457059.84,ERP RESERVA CONFIRMADA vendedor=MELLADO FACUNDO,false,false,erp,68312,MELLADO FACUNDO
68313,1859,2026-05-28,confirmado,231687.65,ERP RESERVA CONFIRMADA vendedor=MELLADO FACUNDO,false,false,erp,68313,MELLADO FACUNDO
68314,87,2026-05-28,facturado,131995.80,ERP VENTA vendedor=MELLADO FACUNDO,false,false,erp,68314,MELLADO FACUNDO
68294,1234,2026-05-27,confirmado,108609.60,ERP RESERVA CONFIRMADA vendedor=MELLADO FACUNDO,false,false,erp,68294,MELLADO FACUNDO
68296,1849,2026-05-27,confirmado,143749.00,ERP RESERVA CONFIRMADA vendedor=MELLADO FACUNDO,false,false,erp,68296,MELLADO FACUNDO
68297,1438,2026-05-27,confirmado,154608.93,ERP RESERVA CONFIRMADA vendedor=MELLADO FACUNDO,false,false,erp,68297,MELLADO FACUNDO
68298,1326,2026-05-27,facturado,1597321.18,ERP VENTA vendedor=MELLADO FACUNDO,false,false,erp,68298,MELLADO FACUNDO
68299,1732,2026-05-27,facturado,71265.23,ERP VENTA vendedor=MELLADO FACUNDO,false,false,erp,68299,MELLADO FACUNDO
68300,796,2026-05-27,confirmado,428182.72,ERP RESERVA CONFIRMADA vendedor=MELLADO FACUNDO,false,false,erp,68300,MELLADO FACUNDO
68301,695,2026-05-27,facturado,164145.17,ERP VENTA vendedor=MELLADO FACUNDO,false,false,erp,68301,MELLADO FACUNDO
68302,996,2026-05-27,confirmado,304500.68,ERP RESERVA CONFIRMADA vendedor=MELLADO FACUNDO,false,false,erp,68302,MELLADO FACUNDO
68255,1247,2026-05-26,confirmado,767322.75,ERP RESERVA CONFIRMADA vendedor=MELLADO FACUNDO,false,false,erp,68255,MELLADO FACUNDO
68256,909,2026-05-26,confirmado,117073.33,ERP RESERVA CONFIRMADA vendedor=MELLADO FACUNDO,false,false,erp,68256,MELLADO FACUNDO
68257,1894,2026-05-26,confirmado,96126.04,ERP RESERVA CONFIRMADA vendedor=MELLADO FACUNDO,false,false,erp,68257,MELLADO FACUNDO
68258,909,2026-05-26,confirmado,110120.29,ERP RESERVA CONFIRMADA vendedor=MELLADO FACUNDO,false,false,erp,68258,MELLADO FACUNDO
68259,909,2026-05-26,confirmado,220335.33,ERP RESERVA CONFIRMADA vendedor=MELLADO FACUNDO,false,false,erp,68259,MELLADO FACUNDO
68260,35,2026-05-26,confirmado,330022.33,ERP RESERVA CONFIRMADA vendedor=MELLADO FACUNDO,false,false,erp,68260,MELLADO FACUNDO
68261,1326,2026-05-26,confirmado,327495.38,ERP RESERVA CONFIRMADA vendedor=MELLADO FACUNDO,false,false,erp,68261,MELLADO FACUNDO
68262,1757,2026-05-26,confirmado,114183.53,ERP RESERVA CONFIRMADA vendedor=MELLADO FACUNDO,false,false,erp,68262,MELLADO FACUNDO
68263,1010,2026-05-26,confirmado,105328.59,ERP RESERVA CONFIRMADA vendedor=MELLADO FACUNDO,false,false,erp,68263,MELLADO FACUNDO
68264,1586,2026-05-26,confirmado,832454.35,ERP RESERVA CONFIRMADA vendedor=MELLADO FACUNDO,false,false,erp,68264,MELLADO FACUNDO
68265,963,2026-05-26,facturado,126476.16,ERP VENTA vendedor=MELLADO FACUNDO,false,false,erp,68265,MELLADO FACUNDO
68266,1137,2026-05-26,confirmado,182439.07,ERP RESERVA CONFIRMADA vendedor=MELLADO FACUNDO,false,false,erp,68266,MELLADO FACUNDO
68267,1878,2026-05-26,confirmado,193983.74,ERP RESERVA CONFIRMADA vendedor=MELLADO FACUNDO,false,false,erp,68267,MELLADO FACUNDO
68268,971,2026-05-26,facturado,166159.72,ERP VENTA vendedor=MELLADO FACUNDO,false,false,erp,68268,MELLADO FACUNDO
68270,1735,2026-05-26,confirmado,280435.27,ERP RESERVA CONFIRMADA vendedor=MELLADO FACUNDO,false,false,erp,68270,MELLADO FACUNDO
68271,1241,2026-05-26,confirmado,99606.31,ERP RESERVA CONFIRMADA vendedor=MELLADO FACUNDO,false,false,erp,68271,MELLADO FACUNDO
68272,1858,2026-05-26,confirmado,318978.03,ERP RESERVA CONFIRMADA vendedor=MELLADO FACUNDO,false,false,erp,68272,MELLADO FACUNDO
68273,1320,2026-05-26,facturado,128533.19,ERP VENTA vendedor=MELLADO FACUNDO,false,false,erp,68273,MELLADO FACUNDO
68274,1466,2026-05-26,facturado,67787.25,ERP VENTA vendedor=MELLADO FACUNDO,false,false,erp,68274,MELLADO FACUNDO
68275,1770,2026-05-26,facturado,174191.10,ERP VENTA vendedor=MELLADO FACUNDO,false,false,erp,68275,MELLADO FACUNDO
68276,944,2026-05-26,confirmado,185159.54,ERP RESERVA CONFIRMADA vendedor=MELLADO FACUNDO,false,false,erp,68276,MELLADO FACUNDO
68277,1735,2026-05-26,confirmado,193983.74,ERP RESERVA CONFIRMADA vendedor=MELLADO FACUNDO,false,false,erp,68277,MELLADO FACUNDO
68278,184,2026-05-26,confirmado,170120.50,ERP RESERVA CONFIRMADA vendedor=MELLADO FACUNDO,false,false,erp,68278,MELLADO FACUNDO
68279,630,2026-05-26,confirmado,107828.28,ERP RESERVA CONFIRMADA vendedor=MELLADO FACUNDO,false,false,erp,68279,MELLADO FACUNDO
68280,532,2026-05-26,facturado,338727.68,ERP VENTA vendedor=MELLADO FACUNDO,false,false,erp,68280,MELLADO FACUNDO
68281,796,2026-05-26,confirmado,453837.06,ERP RESERVA CONFIRMADA vendedor=MELLADO FACUNDO,false,false,erp,68281,MELLADO FACUNDO
68282,666,2026-05-26,confirmado,316344.33,ERP RESERVA CONFIRMADA vendedor=MELLADO FACUNDO,false,false,erp,68282,MELLADO FACUNDO
68283,839,2026-05-26,confirmado,183270.65,ERP RESERVA CONFIRMADA vendedor=MELLADO FACUNDO,false,false,erp,68283,MELLADO FACUNDO
68284,354,2026-05-26,confirmado,100382.27,ERP RESERVA CONFIRMADA vendedor=MELLADO FACUNDO,false,false,erp,68284,MELLADO FACUNDO
68285,1754,2026-05-26,facturado,124420.81,ERP VENTA vendedor=MELLADO FACUNDO,false,false,erp,68285,MELLADO FACUNDO
68286,650,2026-05-26,confirmado,74538.96,ERP RESERVA CONFIRMADA vendedor=MELLADO FACUNDO,false,false,erp,68286,MELLADO FACUNDO
68287,1854,2026-05-26,confirmado,100810.99,ERP RESERVA CONFIRMADA vendedor=MELLADO FACUNDO,false,false,erp,68287,MELLADO FACUNDO
68288,700,2026-05-26,facturado,61981.94,ERP VENTA vendedor=MELLADO FACUNDO,false,false,erp,68288,MELLADO FACUNDO
68289,419,2026-05-26,confirmado,137225.79,ERP RESERVA CONFIRMADA vendedor=MELLADO FACUNDO,false,false,erp,68289,MELLADO FACUNDO
68291,1414,2026-05-26,facturado,493460.85,ERP VENTA vendedor=MELLADO FACUNDO,false,false,erp,68291,MELLADO FACUNDO
68292,316,2026-05-26,facturado,145311.81,ERP VENTA vendedor=MELLADO FACUNDO,false,false,erp,68292,MELLADO FACUNDO
68249,1326,2026-05-23,confirmado,4228716.45,ERP RESERVA CONFIRMADA vendedor=MELLADO FACUNDO,false,false,erp,68249,MELLADO FACUNDO
68250,1774,2026-05-23,facturado,190401.51,ERP VENTA vendedor=MELLADO FACUNDO,false,false,erp,68250,MELLADO FACUNDO
68251,1058,2026-05-23,facturado,53159.83,ERP VENTA vendedor=ALEGRIA ESTEBAN,false,false,erp,68251,ALEGRIA ESTEBAN
68252,159,2026-05-23,confirmado,380507.36,ERP RESERVA CONFIRMADA vendedor=MELLADO FACUNDO,false,false,erp,68252,MELLADO FACUNDO
68253,1832,2026-05-23,facturado,112822.37,ERP VENTA vendedor=MELLADO FACUNDO,false,false,erp,68253,MELLADO FACUNDO
68254,1832,2026-05-23,facturado,31460.00,ERP VENTA vendedor=MELLADO FACUNDO,false,false,erp,68254,MELLADO FACUNDO
68242,184,2026-05-22,facturado,51586.36,ERP VENTA vendedor=MELLADO FACUNDO,false,false,erp,68242,MELLADO FACUNDO
68243,891,2026-05-22,facturado,247772.57,ERP VENTA vendedor=MELLADO FACUNDO,false,false,erp,68243,MELLADO FACUNDO
68244,986,2026-05-22,facturado,139343.85,ERP VENTA vendedor=MELLADO FACUNDO,false,false,erp,68244,MELLADO FACUNDO
68245,824,2026-05-22,facturado,338845.38,ERP VENTA vendedor=MELLADO FACUNDO,false,false,erp,68245,MELLADO FACUNDO
68246,824,2026-05-22,facturado,26983.01,ERP VENTA vendedor=MELLADO FACUNDO,false,false,erp,68246,MELLADO FACUNDO
68247,1817,2026-05-22,facturado,52277.31,ERP VENTA vendedor=MELLADO FACUNDO,false,false,erp,68247,MELLADO FACUNDO
68248,1417,2026-05-22,facturado,113830.12,ERP VENTA vendedor=MELLADO FACUNDO,false,false,erp,68248,MELLADO FACUNDO
68224,428,2026-05-21,confirmado,388333.05,ERP RESERVA CONFIRMADA vendedor=MELLADO FACUNDO,false,false,erp,68224,MELLADO FACUNDO
68225,1851,2026-05-21,confirmado,113801.00,ERP RESERVA CONFIRMADA vendedor=MELLADO FACUNDO,false,false,erp,68225,MELLADO FACUNDO
68226,1909,2026-05-21,facturado,178696.24,ERP VENTA vendedor=MELLADO FACUNDO,false,false,erp,68226,MELLADO FACUNDO
68227,1049,2026-05-21,confirmado,92709.81,ERP RESERVA CONFIRMADA vendedor=MELLADO FACUNDO,false,false,erp,68227,MELLADO FACUNDO
68228,996,2026-05-21,confirmado,401173.68,ERP RESERVA CONFIRMADA vendedor=MELLADO FACUNDO,false,false,erp,68228,MELLADO FACUNDO
68229,963,2026-05-21,facturado,88286.74,ERP VENTA vendedor=MELLADO FACUNDO,false,false,erp,68229,MELLADO FACUNDO
68230,837,2026-05-21,facturado,89625.61,ERP VENTA vendedor=MELLADO FACUNDO,false,false,erp,68230,MELLADO FACUNDO
68231,225,2026-05-21,confirmado,333327.92,ERP RESERVA CONFIRMADA vendedor=MELLADO FACUNDO,false,false,erp,68231,MELLADO FACUNDO
68232,974,2026-05-21,facturado,59973.14,ERP VENTA vendedor=MELLADO FACUNDO,false,false,erp,68232,MELLADO FACUNDO
68233,35,2026-05-21,confirmado,222756.49,ERP RESERVA CONFIRMADA vendedor=MELLADO FACUNDO,false,false,erp,68233,MELLADO FACUNDO
68234,1342,2026-05-21,facturado,720069.51,ERP VENTA vendedor=MELLADO FACUNDO,false,false,erp,68234,MELLADO FACUNDO
68235,993,2026-05-21,confirmado,409204.96,ERP RESERVA CONFIRMADA vendedor=MELLADO FACUNDO,false,false,erp,68235,MELLADO FACUNDO
68236,1609,2026-05-21,facturado,141735.73,ERP VENTA vendedor=MELLADO FACUNDO,false,false,erp,68236,MELLADO FACUNDO
68237,1932,2026-05-21,facturado,105153.54,ERP VENTA vendedor=MELLADO FACUNDO,false,false,erp,68237,MELLADO FACUNDO
68238,797,2026-05-21,facturado,360321.01,ERP VENTA vendedor=MELLADO FACUNDO,false,false,erp,68238,MELLADO FACUNDO
68239,1146,2026-05-21,confirmado,636271.36,ERP RESERVA CONFIRMADA vendedor=MELLADO FACUNDO,false,false,erp,68239,MELLADO FACUNDO
68240,1606,2026-05-21,confirmado,296603.18,ERP RESERVA CONFIRMADA vendedor=MELLADO FACUNDO,false,false,erp,68240,MELLADO FACUNDO
68241,587,2026-05-21,confirmado,101945.33,ERP RESERVA CONFIRMADA vendedor=MELLADO FACUNDO,false,false,erp,68241,MELLADO FACUNDO
68209,633,2026-05-20,facturado,54761.14,ERP VENTA vendedor=MELLADO FACUNDO,false,false,erp,68209,MELLADO FACUNDO
68210,1930,2026-05-20,facturado,323968.23,ERP VENTA vendedor=MELLADO FACUNDO,false,false,erp,68210,MELLADO FACUNDO
68211,1930,2026-05-20,facturado,216096.47,ERP VENTA vendedor=MELLADO FACUNDO,false,false,erp,68211,MELLADO FACUNDO
68212,35,2026-05-20,facturado,103630.47,ERP VENTA vendedor=MELLADO FACUNDO,false,false,erp,68212,MELLADO FACUNDO
68214,607,2026-05-20,confirmado,140272.71,ERP RESERVA CONFIRMADA vendedor=MELLADO FACUNDO,false,false,erp,68214,MELLADO FACUNDO
68215,1911,2026-05-20,facturado,69510.18,ERP VENTA vendedor=AGUILERA MOLINA LUCAS JD,false,false,erp,68215,AGUILERA MOLINA LUCAS JD
68217,1044,2026-05-20,facturado,100563.68,ERP VENTA vendedor=AGUILERA MOLINA LUCAS JD,false,false,erp,68217,AGUILERA MOLINA LUCAS JD
68218,1512,2026-05-20,confirmado,200562.20,ERP RESERVA CONFIRMADA vendedor=MELLADO FACUNDO,false,false,erp,68218,MELLADO FACUNDO
68219,7,2026-05-20,confirmado,437348.42,ERP RESERVA CONFIRMADA vendedor=MELLADO FACUNDO,false,false,erp,68219,MELLADO FACUNDO
68220,1651,2026-05-20,confirmado,518403.51,ERP RESERVA CONFIRMADA vendedor=MELLADO FACUNDO,false,false,erp,68220,MELLADO FACUNDO
68221,200,2026-05-20,confirmado,170702.00,ERP RESERVA CONFIRMADA vendedor=MELLADO FACUNDO,false,false,erp,68221,MELLADO FACUNDO
68222,1665,2026-05-20,facturado,81237.45,ERP VENTA vendedor=MELLADO FACUNDO,false,false,erp,68222,MELLADO FACUNDO
68223,1414,2026-05-20,facturado,327506.06,ERP VENTA vendedor=MELLADO FACUNDO,false,false,erp,68223,MELLADO FACUNDO
68193,184,2026-05-19,confirmado,394306.09,ERP RESERVA CONFIRMADA vendedor=MELLADO FACUNDO,false,false,erp,68193,MELLADO FACUNDO
68194,89,2026-05-19,confirmado,780715.09,ERP RESERVA CONFIRMADA vendedor=MELLADO FACUNDO,false,false,erp,68194,MELLADO FACUNDO
68195,348,2026-05-19,confirmado,209951.74,ERP RESERVA CONFIRMADA vendedor=MELLADO FACUNDO,false,false,erp,68195,MELLADO FACUNDO
68196,1159,2026-05-19,confirmado,112255.03,ERP RESERVA CONFIRMADA vendedor=MELLADO FACUNDO,false,false,erp,68196,MELLADO FACUNDO
68197,1384,2026-05-19,confirmado,485243.46,ERP RESERVA CONFIRMADA vendedor=MELLADO FACUNDO,false,false,erp,68197,MELLADO FACUNDO
68198,1755,2026-05-19,facturado,74412.92,ERP VENTA vendedor=MELLADO FACUNDO,false,false,erp,68198,MELLADO FACUNDO
68199,947,2026-05-19,confirmado,400425.03,ERP RESERVA CONFIRMADA vendedor=MELLADO FACUNDO,false,false,erp,68199,MELLADO FACUNDO
68200,1864,2026-05-19,facturado,64242.28,ERP VENTA vendedor=MELLADO FACUNDO,false,false,erp,68200,MELLADO FACUNDO
68201,40,2026-05-19,confirmado,501985.34,ERP RESERVA CONFIRMADA vendedor=MELLADO FACUNDO,false,false,erp,68201,MELLADO FACUNDO
68202,1533,2026-05-19,confirmado,362632.84,ERP RESERVA CONFIRMADA vendedor=MELLADO FACUNDO,false,false,erp,68202,MELLADO FACUNDO
68203,1291,2026-05-19,facturado,299154.69,ERP VENTA vendedor=MELLADO FACUNDO,false,false,erp,68203,MELLADO FACUNDO
68204,316,2026-05-19,facturado,110679.11,ERP VENTA vendedor=MELLADO FACUNDO,false,false,erp,68204,MELLADO FACUNDO
68205,1417,2026-05-19,facturado,188643.00,ERP VENTA vendedor=MELLADO FACUNDO,false,false,erp,68205,MELLADO FACUNDO
68206,968,2026-05-19,facturado,406500.97,ERP VENTA vendedor=MELLADO FACUNDO,false,false,erp,68206,MELLADO FACUNDO
68207,87,2026-05-19,facturado,258569.19,ERP VENTA vendedor=MELLADO FACUNDO,false,false,erp,68207,MELLADO FACUNDO
68208,87,2026-05-19,facturado,15663.95,ERP VENTA vendedor=MELLADO FACUNDO,false,false,erp,68208,MELLADO FACUNDO
68157,710,2026-05-18,confirmado,112821.71,ERP RESERVA CONFIRMADA vendedor=MELLADO FACUNDO,false,false,erp,68157,MELLADO FACUNDO
68158,710,2026-05-18,confirmado,60452.84,ERP RESERVA CONFIRMADA vendedor=MELLADO FACUNDO,false,false,erp,68158,MELLADO FACUNDO
68159,35,2026-05-18,confirmado,378477.45,ERP RESERVA CONFIRMADA vendedor=MELLADO FACUNDO,false,false,erp,68159,MELLADO FACUNDO
68160,909,2026-05-18,confirmado,67636.92,ERP RESERVA CONFIRMADA vendedor=MELLADO FACUNDO,false,false,erp,68160,MELLADO FACUNDO
68161,909,2026-05-18,confirmado,214995.92,ERP RESERVA CONFIRMADA vendedor=MELLADO FACUNDO,false,false,erp,68161,MELLADO FACUNDO
68162,909,2026-05-18,confirmado,146453.78,ERP RESERVA CONFIRMADA vendedor=MELLADO FACUNDO,false,false,erp,68162,MELLADO FACUNDO
68163,1326,2026-05-18,confirmado,160982.70,ERP RESERVA CONFIRMADA vendedor=MELLADO FACUNDO,false,false,erp,68163,MELLADO FACUNDO
68164,159,2026-05-18,confirmado,275631.31,ERP RESERVA CONFIRMADA vendedor=MELLADO FACUNDO,false,false,erp,68164,MELLADO FACUNDO
68165,1586,2026-05-18,confirmado,561451.73,ERP RESERVA CONFIRMADA vendedor=MELLADO FACUNDO,false,false,erp,68165,MELLADO FACUNDO
68166,1894,2026-05-18,confirmado,142207.21,ERP RESERVA CONFIRMADA vendedor=MELLADO FACUNDO,false,false,erp,68166,MELLADO FACUNDO
68167,1735,2026-05-18,confirmado,243839.49,ERP RESERVA CONFIRMADA vendedor=MELLADO FACUNDO,false,false,erp,68167,MELLADO FACUNDO
68168,1735,2026-05-18,confirmado,288513.32,ERP RESERVA CONFIRMADA vendedor=MELLADO FACUNDO,false,false,erp,68168,MELLADO FACUNDO
68169,854,2026-05-18,confirmado,237594.64,ERP RESERVA CONFIRMADA vendedor=MELLADO FACUNDO,false,false,erp,68169,MELLADO FACUNDO
68170,854,2026-05-18,facturado,153109.43,ERP VENTA vendedor=MELLADO FACUNDO,false,false,erp,68170,MELLADO FACUNDO
68171,1359,2026-05-18,confirmado,104687.67,ERP RESERVA CONFIRMADA vendedor=MELLADO FACUNDO,false,false,erp,68171,MELLADO FACUNDO
68172,1878,2026-05-18,confirmado,396214.21,ERP RESERVA CONFIRMADA vendedor=MELLADO FACUNDO,false,false,erp,68172,MELLADO FACUNDO
68173,1241,2026-05-18,confirmado,218183.65,ERP RESERVA CONFIRMADA vendedor=MELLADO FACUNDO,false,false,erp,68173,MELLADO FACUNDO
68175,908,2026-05-18,confirmado,111933.63,ERP RESERVA CONFIRMADA vendedor=MELLADO FACUNDO,false,false,erp,68175,MELLADO FACUNDO
68176,630,2026-05-18,confirmado,366894.69,ERP RESERVA CONFIRMADA vendedor=MELLADO FACUNDO,false,false,erp,68176,MELLADO FACUNDO
68177,952,2026-05-18,confirmado,185764.72,ERP RESERVA CONFIRMADA vendedor=MELLADO FACUNDO,false,false,erp,68177,MELLADO FACUNDO
68178,796,2026-05-18,confirmado,733318.47,ERP RESERVA CONFIRMADA vendedor=MELLADO FACUNDO,false,false,erp,68178,MELLADO FACUNDO
68179,1858,2026-05-18,confirmado,199117.84,ERP RESERVA CONFIRMADA vendedor=MELLADO FACUNDO,false,false,erp,68179,MELLADO FACUNDO
68180,1519,2026-05-18,confirmado,531812.67,ERP RESERVA CONFIRMADA vendedor=MELLADO FACUNDO,false,false,erp,68180,MELLADO FACUNDO
68181,817,2026-05-18,facturado,350393.40,ERP VENTA vendedor=MELLADO FACUNDO,false,false,erp,68181,MELLADO FACUNDO
68182,316,2026-05-18,facturado,148665.03,ERP VENTA vendedor=MELLADO FACUNDO,false,false,erp,68182,MELLADO FACUNDO
68185,354,2026-05-18,confirmado,112741.47,ERP RESERVA CONFIRMADA vendedor=MELLADO FACUNDO,false,false,erp,68185,MELLADO FACUNDO
68186,1307,2026-05-18,confirmado,216384.41,ERP RESERVA CONFIRMADA vendedor=MELLADO FACUNDO,false,false,erp,68186,MELLADO FACUNDO
68187,872,2026-05-18,confirmado,318274.20,ERP RESERVA CONFIRMADA vendedor=MELLADO FACUNDO,false,false,erp,68187,MELLADO FACUNDO
68188,1155,2026-05-18,confirmado,147444.84,ERP RESERVA CONFIRMADA vendedor=MELLADO FACUNDO,false,false,erp,68188,MELLADO FACUNDO
68189,36,2026-05-18,confirmado,117427.56,ERP RESERVA CONFIRMADA vendedor=MELLADO FACUNDO,false,false,erp,68189,MELLADO FACUNDO
68190,1167,2026-05-18,facturado,58110.12,ERP VENTA vendedor=MELLADO FACUNDO,false,false,erp,68190,MELLADO FACUNDO
68191,419,2026-05-18,confirmado,325242.26,ERP RESERVA CONFIRMADA vendedor=MELLADO FACUNDO,false,false,erp,68191,MELLADO FACUNDO
68192,1665,2026-05-18,facturado,81237.45,ERP VENTA vendedor=MELLADO FACUNDO,false,false,erp,68192,MELLADO FACUNDO
68148,695,2026-05-16,facturado,163831.73,ERP VENTA vendedor=MELLADO FACUNDO,false,false,erp,68148,MELLADO FACUNDO
68149,971,2026-05-16,facturado,211607.30,ERP VENTA vendedor=MELLADO FACUNDO,false,false,erp,68149,MELLADO FACUNDO
68150,1778,2026-05-16,confirmado,69652.21,ERP RESERVA CONFIRMADA vendedor=ALEGRIA ESTEBAN,false,false,erp,68150,ALEGRIA ESTEBAN
68151,1754,2026-05-16,facturado,101189.62,ERP VENTA vendedor=ALEGRIA ESTEBAN,false,false,erp,68151,ALEGRIA ESTEBAN
68152,778,2026-05-16,facturado,127197.42,ERP VENTA vendedor=ALEGRIA ESTEBAN,false,false,erp,68152,ALEGRIA ESTEBAN
68153,1801,2026-05-16,facturado,222052.13,ERP VENTA vendedor=ALEGRIA ESTEBAN,false,false,erp,68153,ALEGRIA ESTEBAN
68154,42,2026-05-16,facturado,69931.46,ERP VENTA vendedor=MELLADO FACUNDO,false,false,erp,68154,MELLADO FACUNDO
68155,1326,2026-05-16,confirmado,4151552.77,ERP RESERVA CONFIRMADA vendedor=ALEGRIA ESTEBAN,false,false,erp,68155,ALEGRIA ESTEBAN
68156,1910,2026-05-16,facturado,52032.60,ERP VENTA vendedor=MELLADO FACUNDO,false,false,erp,68156,MELLADO FACUNDO
68135,1733,2026-05-15,confirmado,101403.23,ERP RESERVA CONFIRMADA vendedor=MELLADO FACUNDO,false,false,erp,68135,MELLADO FACUNDO
68136,963,2026-05-15,facturado,77805.74,ERP VENTA vendedor=MELLADO FACUNDO,false,false,erp,68136,MELLADO FACUNDO
68137,316,2026-05-15,facturado,160137.59,ERP VENTA vendedor=MELLADO FACUNDO,false,false,erp,68137,MELLADO FACUNDO
68138,316,2026-05-15,facturado,60197.96,ERP VENTA vendedor=MELLADO FACUNDO,false,false,erp,68138,MELLADO FACUNDO
68139,837,2026-05-15,confirmado,128089.33,ERP RESERVA CONFIRMADA vendedor=MELLADO FACUNDO,false,false,erp,68139,MELLADO FACUNDO
68140,625,2026-05-15,facturado,165792.81,ERP VENTA vendedor=MELLADO FACUNDO,false,false,erp,68140,MELLADO FACUNDO
68141,1774,2026-05-15,facturado,446339.54,ERP VENTA vendedor=MELLADO FACUNDO,false,false,erp,68141,MELLADO FACUNDO
68142,1342,2026-05-15,facturado,150997.01,ERP VENTA vendedor=MELLADO FACUNDO,false,false,erp,68142,MELLADO FACUNDO
68143,532,2026-05-15,facturado,247153.56,ERP VENTA vendedor=MELLADO FACUNDO,false,false,erp,68143,MELLADO FACUNDO
68144,56,2026-05-15,confirmado,143246.79,ERP RESERVA CONFIRMADA vendedor=MELLADO FACUNDO,false,false,erp,68144,MELLADO FACUNDO
68145,1512,2026-05-15,confirmado,396298.40,ERP RESERVA CONFIRMADA vendedor=MELLADO FACUNDO,false,false,erp,68145,MELLADO FACUNDO
68146,455,2026-05-15,facturado,165792.81,ERP VENTA vendedor=MELLADO FACUNDO,false,false,erp,68146,MELLADO FACUNDO
68147,1871,2026-05-15,facturado,53906.00,ERP VENTA vendedor=MELLADO FACUNDO,false,false,erp,68147,MELLADO FACUNDO
68123,1146,2026-05-14,confirmado,619383.68,ERP RESERVA CONFIRMADA vendedor=MELLADO FACUNDO,false,false,erp,68123,MELLADO FACUNDO
68124,1735,2026-05-14,confirmado,145784.04,ERP RESERVA CONFIRMADA vendedor=MELLADO FACUNDO,false,false,erp,68124,MELLADO FACUNDO
68125,1858,2026-05-14,facturado,139343.85,ERP VENTA vendedor=MELLADO FACUNDO,false,false,erp,68125,MELLADO FACUNDO
68126,993,2026-05-14,confirmado,582123.85,ERP RESERVA CONFIRMADA vendedor=MELLADO FACUNDO,false,false,erp,68126,MELLADO FACUNDO
68127,1929,2026-05-14,facturado,559260.26,ERP VENTA vendedor=MELLADO FACUNDO,false,false,erp,68127,MELLADO FACUNDO
68128,891,2026-05-14,facturado,165292.52,ERP VENTA vendedor=MELLADO FACUNDO,false,false,erp,68128,MELLADO FACUNDO
68129,1817,2026-05-14,facturado,49086.14,ERP VENTA vendedor=MELLADO FACUNDO,false,false,erp,68129,MELLADO FACUNDO
68130,1304,2026-05-14,facturado,93081.54,ERP VENTA vendedor=MELLADO FACUNDO,false,false,erp,68130,MELLADO FACUNDO
68131,857,2026-05-14,facturado,178661.01,ERP VENTA vendedor=MELLADO FACUNDO,false,false,erp,68131,MELLADO FACUNDO
68132,7,2026-05-14,confirmado,453627.44,ERP RESERVA CONFIRMADA vendedor=MELLADO FACUNDO,false,false,erp,68132,MELLADO FACUNDO
68133,996,2026-05-14,confirmado,316068.78,ERP RESERVA CONFIRMADA vendedor=MELLADO FACUNDO,false,false,erp,68133,MELLADO FACUNDO
68134,902,2026-05-14,facturado,121382.74,ERP VENTA vendedor=MELLADO FACUNDO,false,false,erp,68134,MELLADO FACUNDO
68107,674,2026-05-13,confirmado,103827.72,ERP RESERVA CONFIRMADA vendedor=MELLADO FACUNDO,false,false,erp,68107,MELLADO FACUNDO
68108,1320,2026-05-13,confirmado,119071.65,ERP RESERVA CONFIRMADA vendedor=MELLADO FACUNDO,false,false,erp,68108,MELLADO FACUNDO
68109,944,2026-05-13,facturado,218191.81,ERP VENTA vendedor=MELLADO FACUNDO,false,false,erp,68109,MELLADO FACUNDO
68110,944,2026-05-13,facturado,22433.40,ERP VENTA vendedor=MELLADO FACUNDO,false,false,erp,68110,MELLADO FACUNDO
68111,56,2026-05-13,confirmado,264333.23,ERP RESERVA CONFIRMADA vendedor=MELLADO FACUNDO,false,false,erp,68111,MELLADO FACUNDO
68112,35,2026-05-13,facturado,124784.80,ERP VENTA vendedor=MELLADO FACUNDO,false,false,erp,68112,MELLADO FACUNDO
68113,38,2026-05-13,confirmado,159991.03,ERP RESERVA CONFIRMADA vendedor=MELLADO FACUNDO,false,false,erp,68113,MELLADO FACUNDO
68114,1851,2026-05-13,confirmado,184453.61,ERP RESERVA CONFIRMADA vendedor=MELLADO FACUNDO,false,false,erp,68114,MELLADO FACUNDO
68115,797,2026-05-13,confirmado,310327.14,ERP RESERVA CONFIRMADA vendedor=MELLADO FACUNDO,false,false,erp,68115,MELLADO FACUNDO
68117,1924,2026-05-13,confirmado,102933.90,ERP RESERVA CONFIRMADA vendedor=MELLADO FACUNDO,false,false,erp,68117,MELLADO FACUNDO
68118,1901,2026-05-13,confirmado,116975.00,ERP RESERVA CONFIRMADA vendedor=MELLADO FACUNDO,false,false,erp,68118,MELLADO FACUNDO
68119,957,2026-05-13,confirmado,99290.42,ERP RESERVA CONFIRMADA vendedor=MELLADO FACUNDO,false,false,erp,68119,MELLADO FACUNDO
68120,1454,2026-05-13,confirmado,113801.00,ERP RESERVA CONFIRMADA vendedor=MELLADO FACUNDO,false,false,erp,68120,MELLADO FACUNDO
68121,499,2026-05-13,confirmado,129130.25,ERP RESERVA CONFIRMADA vendedor=MELLADO FACUNDO,false,false,erp,68121,MELLADO FACUNDO
68122,45,2026-05-13,confirmado,261225.48,ERP RESERVA CONFIRMADA vendedor=MELLADO FACUNDO,false,false,erp,68122,MELLADO FACUNDO
68093,905,2026-05-12,confirmado,121590.60,ERP RESERVA CONFIRMADA vendedor=MELLADO FACUNDO,false,false,erp,68093,MELLADO FACUNDO
68094,666,2026-05-12,confirmado,376605.48,ERP RESERVA CONFIRMADA vendedor=MELLADO FACUNDO,false,false,erp,68094,MELLADO FACUNDO
68095,152,2026-05-12,confirmado,112385.40,ERP RESERVA CONFIRMADA vendedor=MELLADO FACUNDO,false,false,erp,68095,MELLADO FACUNDO
68096,1849,2026-05-12,confirmado,148061.00,ERP RESERVA CONFIRMADA vendedor=MELLADO FACUNDO,false,false,erp,68096,MELLADO FACUNDO
68097,823,2026-05-12,facturado,109035.40,ERP VENTA vendedor=ALEGRIA ESTEBAN,false,false,erp,68097,ALEGRIA ESTEBAN
68098,962,2026-05-12,confirmado,106104.13,ERP RESERVA CONFIRMADA vendedor=MELLADO FACUNDO,false,false,erp,68098,MELLADO FACUNDO
68099,1928,2026-05-12,facturado,165649.88,ERP VENTA vendedor=ALEGRIA ESTEBAN,false,false,erp,68099,ALEGRIA ESTEBAN
68100,161,2026-05-12,confirmado,99352.27,ERP RESERVA CONFIRMADA vendedor=MELLADO FACUNDO,false,false,erp,68100,MELLADO FACUNDO
68101,1906,2026-05-12,facturado,89108.60,ERP VENTA vendedor=MELLADO FACUNDO,false,false,erp,68101,MELLADO FACUNDO
68102,36,2026-05-12,confirmado,163170.92,ERP RESERVA CONFIRMADA vendedor=MELLADO FACUNDO,false,false,erp,68102,MELLADO FACUNDO
68103,1871,2026-05-12,facturado,192781.40,ERP VENTA vendedor=MELLADO FACUNDO,false,false,erp,68103,MELLADO FACUNDO
68104,31,2026-05-12,confirmado,1141103.03,ERP RESERVA CONFIRMADA vendedor=MELLADO FACUNDO,false,false,erp,68104,MELLADO FACUNDO
68105,1802,2026-05-12,facturado,153149.76,ERP VENTA vendedor=MELLADO FACUNDO,false,false,erp,68105,MELLADO FACUNDO
68106,1057,2026-05-12,facturado,51096.86,ERP VENTA vendedor=MELLADO FACUNDO,false,false,erp,68106,MELLADO FACUNDO
68058,1326,2026-05-11,confirmado,233986.57,ERP RESERVA CONFIRMADA vendedor=MELLADO FACUNDO,false,false,erp,68058,MELLADO FACUNDO
68059,1247,2026-05-11,confirmado,105648.57,ERP RESERVA CONFIRMADA vendedor=MELLADO FACUNDO,false,false,erp,68059,MELLADO FACUNDO
68060,909,2026-05-11,confirmado,110136.19,ERP RESERVA CONFIRMADA vendedor=MELLADO FACUNDO,false,false,erp,68060,MELLADO FACUNDO
68061,909,2026-05-11,confirmado,123378.81,ERP RESERVA CONFIRMADA vendedor=MELLADO FACUNDO,false,false,erp,68061,MELLADO FACUNDO
68062,909,2026-05-11,confirmado,130470.85,ERP RESERVA CONFIRMADA vendedor=MELLADO FACUNDO,false,false,erp,68062,MELLADO FACUNDO
68063,1757,2026-05-11,confirmado,126137.56,ERP RESERVA CONFIRMADA vendedor=MELLADO FACUNDO,false,false,erp,68063,MELLADO FACUNDO
68064,710,2026-05-11,confirmado,97712.57,ERP RESERVA CONFIRMADA vendedor=MELLADO FACUNDO,false,false,erp,68064,MELLADO FACUNDO
68066,1894,2026-05-11,confirmado,181203.10,ERP RESERVA CONFIRMADA vendedor=MELLADO FACUNDO,false,false,erp,68066,MELLADO FACUNDO
68067,636,2026-05-11,confirmado,101576.10,ERP RESERVA CONFIRMADA vendedor=MELLADO FACUNDO,false,false,erp,68067,MELLADO FACUNDO
68068,1326,2026-05-11,confirmado,2946027.32,ERP RESERVA CONFIRMADA vendedor=MELLADO FACUNDO,false,false,erp,68068,MELLADO FACUNDO
68069,710,2026-05-11,confirmado,45933.16,ERP RESERVA CONFIRMADA vendedor=MELLADO FACUNDO,false,false,erp,68069,MELLADO FACUNDO
68070,1735,2026-05-11,confirmado,300262.98,ERP RESERVA CONFIRMADA vendedor=MELLADO FACUNDO,false,false,erp,68070,MELLADO FACUNDO
68071,1735,2026-05-11,confirmado,192193.57,ERP RESERVA CONFIRMADA vendedor=MELLADO FACUNDO,false,false,erp,68071,MELLADO FACUNDO
68072,1894,2026-05-11,confirmado,50303.80,ERP RESERVA CONFIRMADA vendedor=MELLADO FACUNDO,false,false,erp,68072,MELLADO FACUNDO
68073,1698,2026-05-11,confirmado,120301.74,ERP RESERVA CONFIRMADA vendedor=MELLADO FACUNDO,false,false,erp,68073,MELLADO FACUNDO
68074,1359,2026-05-11,confirmado,139263.04,ERP RESERVA CONFIRMADA vendedor=MELLADO FACUNDO,false,false,erp,68074,MELLADO FACUNDO
68075,1878,2026-05-11,confirmado,210992.39,ERP RESERVA CONFIRMADA vendedor=MELLADO FACUNDO,false,false,erp,68075,MELLADO FACUNDO
68076,650,2026-05-11,confirmado,260739.04,ERP RESERVA CONFIRMADA vendedor=MELLADO FACUNDO,false,false,erp,68076,MELLADO FACUNDO
68077,354,2026-05-11,confirmado,176880.31,ERP RESERVA CONFIRMADA vendedor=MELLADO FACUNDO,false,false,erp,68077,MELLADO FACUNDO
68078,726,2026-05-11,facturado,137285.44,ERP VENTA vendedor=MELLADO FACUNDO,false,false,erp,68078,MELLADO FACUNDO
68079,1926,2026-05-11,facturado,50407.58,ERP VENTA vendedor=MELLADO FACUNDO,false,false,erp,68079,MELLADO FACUNDO
68080,184,2026-05-11,confirmado,93394.20,ERP RESERVA CONFIRMADA vendedor=MELLADO FACUNDO,false,false,erp,68080,MELLADO FACUNDO
68081,726,2026-05-11,confirmado,137285.44,ERP RESERVA CONFIRMADA vendedor=MELLADO FACUNDO,false,false,erp,68081,MELLADO FACUNDO
68082,35,2026-05-11,confirmado,522757.99,ERP RESERVA CONFIRMADA vendedor=MELLADO FACUNDO,false,false,erp,68082,MELLADO FACUNDO
68083,837,2026-05-11,facturado,47761.12,ERP VENTA vendedor=MELLADO FACUNDO,false,false,erp,68083,MELLADO FACUNDO
68084,817,2026-05-11,confirmado,401005.80,ERP RESERVA CONFIRMADA vendedor=MELLADO FACUNDO,false,false,erp,68084,MELLADO FACUNDO
68085,796,2026-05-11,confirmado,668222.58,ERP RESERVA CONFIRMADA vendedor=MELLADO FACUNDO,false,false,erp,68085,MELLADO FACUNDO
68088,1871,2026-05-11,facturado,113373.80,ERP VENTA vendedor=MELLADO FACUNDO,false,false,erp,68088,MELLADO FACUNDO
68089,1031,2026-05-11,facturado,291931.74,ERP VENTA vendedor=MELLADO FACUNDO,false,false,erp,68089,MELLADO FACUNDO
68091,419,2026-05-11,confirmado,397486.43,ERP RESERVA CONFIRMADA vendedor=MELLADO FACUNDO,false,false,erp,68091,MELLADO FACUNDO
68092,1092,2026-05-11,facturado,19602.51,ERP VENTA vendedor=MELLADO FACUNDO,false,false,erp,68092,MELLADO FACUNDO
68055,1762,2026-05-09,facturado,55722.49,ERP VENTA vendedor=MELLADO FACUNDO,false,false,erp,68055,MELLADO FACUNDO
68056,695,2026-05-09,facturado,91235.40,ERP VENTA vendedor=MELLADO FACUNDO,false,false,erp,68056,MELLADO FACUNDO
68057,1832,2026-05-09,facturado,89908.85,ERP VENTA vendedor=MELLADO FACUNDO,false,false,erp,68057,MELLADO FACUNDO
68043,968,2026-05-08,confirmado,792165.89,ERP RESERVA CONFIRMADA vendedor=MELLADO FACUNDO,false,false,erp,68043,MELLADO FACUNDO
68044,140,2026-05-08,confirmado,567600.35,ERP RESERVA CONFIRMADA vendedor=MELLADO FACUNDO,false,false,erp,68044,MELLADO FACUNDO
68045,1920,2026-05-08,confirmado,168729.77,ERP RESERVA CONFIRMADA vendedor=MELLADO FACUNDO,false,false,erp,68045,MELLADO FACUNDO
68046,971,2026-05-08,facturado,233539.49,ERP VENTA vendedor=MELLADO FACUNDO,false,false,erp,68046,MELLADO FACUNDO
68047,1910,2026-05-08,facturado,182461.62,ERP VENTA vendedor=MELLADO FACUNDO,false,false,erp,68047,MELLADO FACUNDO
68048,1911,2026-05-08,facturado,71595.50,ERP VENTA vendedor=MELLADO FACUNDO,false,false,erp,68048,MELLADO FACUNDO
68049,45,2026-05-08,facturado,79264.80,ERP VENTA vendedor=MELLADO FACUNDO,false,false,erp,68049,MELLADO FACUNDO
68050,1815,2026-05-08,facturado,80201.16,ERP VENTA vendedor=MELLADO FACUNDO,false,false,erp,68050,MELLADO FACUNDO
68051,1925,2026-05-08,facturado,106924.20,ERP VENTA vendedor=ALEGRIA ESTEBAN,false,false,erp,68051,ALEGRIA ESTEBAN
68052,1455,2026-05-08,facturado,76178.98,ERP VENTA vendedor=MELLADO FACUNDO,false,false,erp,68052,MELLADO FACUNDO
68053,964,2026-05-08,facturado,125270.69,ERP VENTA vendedor=MELLADO FACUNDO,false,false,erp,68053,MELLADO FACUNDO
68054,1665,2026-05-08,facturado,96890.19,ERP VENTA vendedor=MELLADO FACUNDO,false,false,erp,68054,MELLADO FACUNDO
68033,1924,2026-05-07,confirmado,420675.66,ERP RESERVA CONFIRMADA vendedor=MELLADO FACUNDO,false,false,erp,68033,MELLADO FACUNDO
68034,834,2026-05-07,facturado,54794.61,ERP VENTA vendedor=MELLADO FACUNDO,false,false,erp,68034,MELLADO FACUNDO
68035,1651,2026-05-07,confirmado,460326.68,ERP RESERVA CONFIRMADA vendedor=MELLADO FACUNDO,false,false,erp,68035,MELLADO FACUNDO
68036,963,2026-05-07,facturado,123157.71,ERP VENTA vendedor=MELLADO FACUNDO,false,false,erp,68036,MELLADO FACUNDO
68037,837,2026-05-07,facturado,86530.82,ERP VENTA vendedor=MELLADO FACUNDO,false,false,erp,68037,MELLADO FACUNDO
68038,31,2026-05-07,confirmado,78231.76,ERP RESERVA CONFIRMADA vendedor=MELLADO FACUNDO,false,false,erp,68038,MELLADO FACUNDO
68039,903,2026-05-07,facturado,72203.25,ERP VENTA vendedor=ALEGRIA ESTEBAN,false,false,erp,68039,ALEGRIA ESTEBAN
68040,138,2026-05-07,facturado,147304.43,ERP VENTA vendedor=ALEGRIA ESTEBAN,false,false,erp,68040,ALEGRIA ESTEBAN
68041,1536,2026-05-07,facturado,143524.17,ERP VENTA vendedor=ALEGRIA ESTEBAN,false,false,erp,68041,ALEGRIA ESTEBAN
68042,996,2026-05-07,confirmado,304670.54,ERP RESERVA CONFIRMADA vendedor=ALEGRIA ESTEBAN,false,false,erp,68042,ALEGRIA ESTEBAN
68014,1044,2026-05-06,facturado,53397.08,ERP VENTA vendedor=MELLADO FACUNDO,false,false,erp,68014,MELLADO FACUNDO
68015,316,2026-05-06,facturado,201113.95,ERP VENTA vendedor=MELLADO FACUNDO,false,false,erp,68015,MELLADO FACUNDO
68016,1913,2026-05-06,confirmado,168729.77,ERP RESERVA CONFIRMADA vendedor=MELLADO FACUNDO,false,false,erp,68016,MELLADO FACUNDO
68017,42,2026-05-06,facturado,50458.62,ERP VENTA vendedor=MELLADO FACUNDO,false,false,erp,68017,MELLADO FACUNDO
68018,1438,2026-05-06,confirmado,159247.19,ERP RESERVA CONFIRMADA vendedor=MELLADO FACUNDO,false,false,erp,68018,MELLADO FACUNDO
68019,993,2026-05-06,confirmado,406376.62,ERP RESERVA CONFIRMADA vendedor=MELLADO FACUNDO,false,false,erp,68019,MELLADO FACUNDO
68020,31,2026-05-06,confirmado,165971.83,ERP RESERVA CONFIRMADA vendedor=MELLADO FACUNDO,false,false,erp,68020,MELLADO FACUNDO
68021,1882,2026-05-06,confirmado,113801.00,ERP RESERVA CONFIRMADA vendedor=MELLADO FACUNDO,false,false,erp,68021,MELLADO FACUNDO
68022,674,2026-05-06,confirmado,109507.70,ERP RESERVA CONFIRMADA vendedor=MELLADO FACUNDO,false,false,erp,68022,MELLADO FACUNDO
68023,812,2026-05-06,facturado,88826.88,ERP VENTA vendedor=ALEGRIA ESTEBAN,false,false,erp,68023,ALEGRIA ESTEBAN
68024,812,2026-05-06,facturado,4390.04,ERP VENTA vendedor=ALEGRIA ESTEBAN,false,false,erp,68024,ALEGRIA ESTEBAN
68025,35,2026-05-06,facturado,21248.84,ERP VENTA vendedor=MELLADO FACUNDO,false,false,erp,68025,MELLADO FACUNDO
68026,6,2026-05-06,confirmado,1511830.52,ERP RESERVA CONFIRMADA vendedor=MELLADO FACUNDO,false,false,erp,68026,MELLADO FACUNDO
68027,1342,2026-05-06,confirmado,478171.73,ERP RESERVA CONFIRMADA vendedor=MELLADO FACUNDO,false,false,erp,68027,MELLADO FACUNDO
68028,1923,2026-05-06,facturado,162264.73,ERP VENTA vendedor=MELLADO FACUNDO,false,false,erp,68028,MELLADO FACUNDO
68029,1901,2026-05-06,confirmado,143749.00,ERP RESERVA CONFIRMADA vendedor=MELLADO FACUNDO,false,false,erp,68029,MELLADO FACUNDO
68030,35,2026-05-06,confirmado,178924.40,ERP RESERVA CONFIRMADA vendedor=MELLADO FACUNDO,false,false,erp,68030,MELLADO FACUNDO
68032,1774,2026-05-06,facturado,110606.88,ERP VENTA vendedor=MELLADO FACUNDO,false,false,erp,68032,MELLADO FACUNDO
67997,828,2026-05-05,confirmado,210475.63,ERP RESERVA CONFIRMADA vendedor=MELLADO FACUNDO,false,false,erp,67997,MELLADO FACUNDO
67998,872,2026-05-05,confirmado,196010.49,ERP RESERVA CONFIRMADA vendedor=MELLADO FACUNDO,false,false,erp,67998,MELLADO FACUNDO
67999,35,2026-05-05,facturado,107980.18,ERP VENTA vendedor=MELLADO FACUNDO,false,false,erp,67999,MELLADO FACUNDO
68000,74,2026-05-05,confirmado,142315.58,ERP RESERVA CONFIRMADA vendedor=MELLADO FACUNDO,false,false,erp,68000,MELLADO FACUNDO
68001,348,2026-05-05,confirmado,142358.96,ERP RESERVA CONFIRMADA vendedor=MELLADO FACUNDO,false,false,erp,68001,MELLADO FACUNDO
68002,563,2026-05-05,confirmado,114550.73,ERP RESERVA CONFIRMADA vendedor=MELLADO FACUNDO,false,false,erp,68002,MELLADO FACUNDO
68003,990,2026-05-05,confirmado,167041.00,ERP RESERVA CONFIRMADA vendedor=MELLADO FACUNDO,false,false,erp,68003,MELLADO FACUNDO
68004,1567,2026-05-05,confirmado,128791.05,ERP RESERVA CONFIRMADA vendedor=MELLADO FACUNDO,false,false,erp,68004,MELLADO FACUNDO
68005,747,2026-05-05,confirmado,760704.10,ERP RESERVA CONFIRMADA vendedor=MELLADO FACUNDO,false,false,erp,68005,MELLADO FACUNDO
68006,1806,2026-05-05,confirmado,200196.00,ERP RESERVA CONFIRMADA vendedor=MELLADO FACUNDO,false,false,erp,68006,MELLADO FACUNDO
68007,797,2026-05-05,confirmado,400993.64,ERP RESERVA CONFIRMADA vendedor=MELLADO FACUNDO,false,false,erp,68007,MELLADO FACUNDO
68008,1406,2026-05-05,facturado,132970.59,ERP VENTA vendedor=MELLADO FACUNDO,false,false,erp,68008,MELLADO FACUNDO
68009,623,2026-05-05,facturado,186702.82,ERP VENTA vendedor=ALEGRIA ESTEBAN,false,false,erp,68009,ALEGRIA ESTEBAN
68010,1407,2026-05-05,facturado,53999.73,ERP VENTA vendedor=ALEGRIA ESTEBAN,false,false,erp,68010,ALEGRIA ESTEBAN
68011,1214,2026-05-05,confirmado,50371.69,ERP RESERVA CONFIRMADA vendedor=MELLADO FACUNDO,false,false,erp,68011,MELLADO FACUNDO
68012,678,2026-05-05,facturado,63297.39,ERP VENTA vendedor=MELLADO FACUNDO,false,false,erp,68012,MELLADO FACUNDO
68013,148,2026-05-05,confirmado,154686.40,ERP RESERVA CONFIRMADA vendedor=MELLADO FACUNDO,false,false,erp,68013,MELLADO FACUNDO
67958,909,2026-05-04,confirmado,156898.34,ERP RESERVA CONFIRMADA vendedor=MELLADO FACUNDO,false,false,erp,67958,MELLADO FACUNDO
67960,909,2026-05-04,confirmado,96438.81,ERP RESERVA CONFIRMADA vendedor=MELLADO FACUNDO,false,false,erp,67960,MELLADO FACUNDO
67961,909,2026-05-04,confirmado,89539.89,ERP RESERVA CONFIRMADA vendedor=MELLADO FACUNDO,false,false,erp,67961,MELLADO FACUNDO
67962,710,2026-05-04,confirmado,94866.55,ERP RESERVA CONFIRMADA vendedor=MELLADO FACUNDO,false,false,erp,67962,MELLADO FACUNDO
67964,1326,2026-05-04,confirmado,262082.59,ERP RESERVA CONFIRMADA vendedor=MELLADO FACUNDO,false,false,erp,67964,MELLADO FACUNDO
67965,710,2026-05-04,confirmado,70031.12,ERP RESERVA CONFIRMADA vendedor=MELLADO FACUNDO,false,false,erp,67965,MELLADO FACUNDO
67966,1586,2026-05-04,confirmado,677705.10,ERP RESERVA CONFIRMADA vendedor=MELLADO FACUNDO,false,false,erp,67966,MELLADO FACUNDO
67967,1326,2026-05-04,confirmado,3859699.63,ERP RESERVA CONFIRMADA vendedor=MELLADO FACUNDO,false,false,erp,67967,MELLADO FACUNDO
67968,159,2026-05-04,confirmado,101594.52,ERP RESERVA CONFIRMADA vendedor=MELLADO FACUNDO,false,false,erp,67968,MELLADO FACUNDO
67969,1735,2026-05-04,confirmado,325408.32,ERP RESERVA CONFIRMADA vendedor=MELLADO FACUNDO,false,false,erp,67969,MELLADO FACUNDO
67970,1735,2026-05-04,confirmado,296938.11,ERP RESERVA CONFIRMADA vendedor=MELLADO FACUNDO,false,false,erp,67970,MELLADO FACUNDO
67971,1909,2026-05-04,confirmado,157471.36,ERP RESERVA CONFIRMADA vendedor=MELLADO FACUNDO,false,false,erp,67971,MELLADO FACUNDO
67972,316,2026-05-04,facturado,32588.43,ERP VENTA vendedor=MELLADO FACUNDO,false,false,erp,67972,MELLADO FACUNDO
67973,1909,2026-05-04,confirmado,163958.14,ERP RESERVA CONFIRMADA vendedor=MELLADO FACUNDO,false,false,erp,67973,MELLADO FACUNDO
67974,1878,2026-05-04,confirmado,286760.26,ERP RESERVA CONFIRMADA vendedor=MELLADO FACUNDO,false,false,erp,67974,MELLADO FACUNDO
67975,1722,2026-05-04,facturado,119946.28,ERP VENTA vendedor=MELLADO FACUNDO,false,false,erp,67975,MELLADO FACUNDO
67976,1817,2026-05-04,facturado,59434.92,ERP VENTA vendedor=ALEGRIA ESTEBAN,false,false,erp,67976,ALEGRIA ESTEBAN
67977,1612,2026-05-04,facturado,85922.48,ERP VENTA vendedor=ALEGRIA ESTEBAN,false,false,erp,67977,ALEGRIA ESTEBAN
67978,630,2026-05-04,confirmado,180121.99,ERP RESERVA CONFIRMADA vendedor=MELLADO FACUNDO,false,false,erp,67978,MELLADO FACUNDO
67979,89,2026-05-04,confirmado,588755.26,ERP RESERVA CONFIRMADA vendedor=MELLADO FACUNDO,false,false,erp,67979,MELLADO FACUNDO
67980,1137,2026-05-04,confirmado,47442.56,ERP RESERVA CONFIRMADA vendedor=MELLADO FACUNDO,false,false,erp,67980,MELLADO FACUNDO
67983,478,2026-05-04,confirmado,865868.48,ERP RESERVA CONFIRMADA vendedor=MELLADO FACUNDO,false,false,erp,67983,MELLADO FACUNDO
67984,184,2026-05-04,confirmado,152152.36,ERP RESERVA CONFIRMADA vendedor=MELLADO FACUNDO,false,false,erp,67984,MELLADO FACUNDO
67985,952,2026-05-04,confirmado,118168.34,ERP RESERVA CONFIRMADA vendedor=MELLADO FACUNDO,false,false,erp,67985,MELLADO FACUNDO
67986,1307,2026-05-04,confirmado,198218.82,ERP RESERVA CONFIRMADA vendedor=MELLADO FACUNDO,false,false,erp,67986,MELLADO FACUNDO
67987,796,2026-05-04,confirmado,745642.12,ERP RESERVA CONFIRMADA vendedor=MELLADO FACUNDO,false,false,erp,67987,MELLADO FACUNDO
67988,36,2026-05-04,confirmado,166318.64,ERP RESERVA CONFIRMADA vendedor=MELLADO FACUNDO,false,false,erp,67988,MELLADO FACUNDO
67989,839,2026-05-04,confirmado,190187.07,ERP RESERVA CONFIRMADA vendedor=MELLADO FACUNDO,false,false,erp,67989,MELLADO FACUNDO
67990,1063,2026-05-04,confirmado,114512.66,ERP RESERVA CONFIRMADA vendedor=MELLADO FACUNDO,false,false,erp,67990,MELLADO FACUNDO
67991,1512,2026-05-04,confirmado,266087.07,ERP RESERVA CONFIRMADA vendedor=MELLADO FACUNDO,false,false,erp,67991,MELLADO FACUNDO
67992,1922,2026-05-04,facturado,54040.54,ERP VENTA vendedor=MELLADO FACUNDO,false,false,erp,67992,MELLADO FACUNDO
67993,15,2026-05-04,facturado,686915.19,ERP VENTA vendedor=ALEGRIA ESTEBAN,false,false,erp,67993,ALEGRIA ESTEBAN
67994,1414,2026-05-04,facturado,488237.37,ERP VENTA vendedor=MELLADO FACUNDO,false,false,erp,67994,MELLADO FACUNDO
67995,1414,2026-05-04,facturado,216254.23,ERP VENTA vendedor=MELLADO FACUNDO,false,false,erp,67995,MELLADO FACUNDO
67996,75,2026-05-04,facturado,64733.20,ERP VENTA vendedor=ALEGRIA ESTEBAN,false,false,erp,67996,ALEGRIA ESTEBAN
67944,891,2026-05-02,facturado,213928.41,ERP VENTA vendedor=MELLADO FACUNDO,false,false,erp,67944,MELLADO FACUNDO
67945,1921,2026-05-02,confirmado,257722.35,ERP RESERVA CONFIRMADA vendedor=MELLADO FACUNDO,false,false,erp,67945,MELLADO FACUNDO
67946,1860,2026-05-02,facturado,172165.91,ERP VENTA vendedor=MELLADO FACUNDO,false,false,erp,67946,MELLADO FACUNDO
67947,1359,2026-05-02,facturado,111860.36,ERP VENTA vendedor=MELLADO FACUNDO,false,false,erp,67947,MELLADO FACUNDO
67948,1735,2026-05-02,facturado,93838.74,ERP VENTA vendedor=MELLADO FACUNDO,false,false,erp,67948,MELLADO FACUNDO
67949,1735,2026-05-02,facturado,93838.74,ERP VENTA vendedor=MELLADO FACUNDO,false,false,erp,67949,MELLADO FACUNDO
67950,1735,2026-05-02,facturado,21083.00,ERP VENTA vendedor=MELLADO FACUNDO,false,false,erp,67950,MELLADO FACUNDO
67951,1814,2026-05-02,confirmado,122660.78,ERP RESERVA CONFIRMADA vendedor=MELLADO FACUNDO,false,false,erp,67951,MELLADO FACUNDO
67952,229,2026-05-02,confirmado,38478.00,ERP RESERVA CONFIRMADA vendedor=MELLADO FACUNDO,false,false,erp,67952,MELLADO FACUNDO
67953,1539,2026-05-02,facturado,170576.38,ERP VENTA vendedor=MELLADO FACUNDO,false,false,erp,67953,MELLADO FACUNDO
67954,35,2026-05-02,confirmado,555004.68,ERP RESERVA CONFIRMADA vendedor=MELLADO FACUNDO,false,false,erp,67954,MELLADO FACUNDO
67955,695,2026-05-02,facturado,166115.21,ERP VENTA vendedor=MELLADO FACUNDO,false,false,erp,67955,MELLADO FACUNDO
67956,1442,2026-05-02,facturado,864666.85,ERP VENTA vendedor=MELLADO FACUNDO,false,false,erp,67956,MELLADO FACUNDO
67957,1754,2026-05-02,facturado,134105.83,ERP VENTA vendedor=MELLADO FACUNDO,false,false,erp,67957,MELLADO FACUNDO
67938,626,2026-04-30,facturado,89843.00,ERP VENTA vendedor=MELLADO FACUNDO,false,false,erp,67938,MELLADO FACUNDO
67939,1454,2026-04-30,facturado,156731.35,ERP VENTA vendedor=MELLADO FACUNDO,false,false,erp,67939,MELLADO FACUNDO
67940,1841,2026-04-30,facturado,63739.18,ERP VENTA vendedor=MELLADO FACUNDO,false,false,erp,67940,MELLADO FACUNDO
67941,1841,2026-04-30,facturado,37873.99,ERP VENTA vendedor=MELLADO FACUNDO,false,false,erp,67941,MELLADO FACUNDO
67942,1832,2026-04-30,facturado,113801.00,ERP VENTA vendedor=ALEGRIA ESTEBAN,false,false,erp,67942,ALEGRIA ESTEBAN
67943,1417,2026-04-30,facturado,263632.84,ERP VENTA vendedor=ALEGRIA ESTEBAN,false,false,erp,67943,ALEGRIA ESTEBAN
67921,1519,2026-04-29,confirmado,489075.22,ERP RESERVA CONFIRMADA vendedor=MELLADO FACUNDO,false,false,erp,67921,MELLADO FACUNDO
67922,1241,2026-04-29,confirmado,201752.62,ERP RESERVA CONFIRMADA vendedor=MELLADO FACUNDO,false,false,erp,67922,MELLADO FACUNDO
67923,1512,2026-04-29,confirmado,479819.54,ERP RESERVA CONFIRMADA vendedor=MELLADO FACUNDO,false,false,erp,67923,MELLADO FACUNDO
67924,993,2026-04-29,confirmado,457059.84,ERP RESERVA CONFIRMADA vendedor=ALEGRIA ESTEBAN,false,false,erp,67924,ALEGRIA ESTEBAN
67925,963,2026-04-29,facturado,131780.49,ERP VENTA vendedor=ALEGRIA ESTEBAN,false,false,erp,67925,ALEGRIA ESTEBAN
67926,1599,2026-04-29,facturado,50635.35,ERP VENTA vendedor=ALEGRIA ESTEBAN,false,false,erp,67926,ALEGRIA ESTEBAN
67927,1735,2026-04-29,confirmado,273303.08,ERP RESERVA CONFIRMADA vendedor=ALEGRIA ESTEBAN,false,false,erp,67927,ALEGRIA ESTEBAN
67928,996,2026-04-29,confirmado,412259.86,ERP RESERVA CONFIRMADA vendedor=ALEGRIA ESTEBAN,false,false,erp,67928,ALEGRIA ESTEBAN
67929,1270,2026-04-29,confirmado,113801.00,ERP RESERVA CONFIRMADA vendedor=ALEGRIA ESTEBAN,false,false,erp,67929,ALEGRIA ESTEBAN
67930,1120,2026-04-29,confirmado,119865.34,ERP RESERVA CONFIRMADA vendedor=ALEGRIA ESTEBAN,false,false,erp,67930,ALEGRIA ESTEBAN
67931,140,2026-04-29,confirmado,188627.99,ERP RESERVA CONFIRMADA vendedor=MELLADO FACUNDO,false,false,erp,67931,MELLADO FACUNDO
67932,45,2026-04-29,confirmado,722490.82,ERP RESERVA CONFIRMADA vendedor=MELLADO FACUNDO,false,false,erp,67932,MELLADO FACUNDO
67933,1578,2026-04-29,facturado,78005.29,ERP VENTA vendedor=MELLADO FACUNDO,false,false,erp,67933,MELLADO FACUNDO
67934,1851,2026-04-29,confirmado,160418.43,ERP RESERVA CONFIRMADA vendedor=MELLADO FACUNDO,false,false,erp,67934,MELLADO FACUNDO
67935,1684,2026-04-29,facturado,64733.20,ERP VENTA vendedor=MELLADO FACUNDO,false,false,erp,67935,MELLADO FACUNDO
67936,541,2026-04-29,facturado,116797.80,ERP VENTA vendedor=MELLADO FACUNDO,false,false,erp,67936,MELLADO FACUNDO
67937,1651,2026-04-29,confirmado,761718.21,ERP RESERVA CONFIRMADA vendedor=MELLADO FACUNDO,false,false,erp,67937,MELLADO FACUNDO
67903,36,2026-04-28,confirmado,109921.70,ERP RESERVA CONFIRMADA vendedor=MELLADO FACUNDO,false,false,erp,67903,MELLADO FACUNDO
67904,1732,2026-04-28,facturado,54627.99,ERP VENTA vendedor=MELLADO FACUNDO,false,false,erp,67904,MELLADO FACUNDO
67905,947,2026-04-28,confirmado,547776.81,ERP RESERVA CONFIRMADA vendedor=MELLADO FACUNDO,false,false,erp,67905,MELLADO FACUNDO
67906,1159,2026-04-28,confirmado,116944.55,ERP RESERVA CONFIRMADA vendedor=MELLADO FACUNDO,false,false,erp,67906,MELLADO FACUNDO
67907,962,2026-04-28,confirmado,132751.07,ERP RESERVA CONFIRMADA vendedor=MELLADO FACUNDO,false,false,erp,67907,MELLADO FACUNDO
67908,1911,2026-04-28,facturado,69510.18,ERP VENTA vendedor=MELLADO FACUNDO,false,false,erp,67908,MELLADO FACUNDO
67909,35,2026-04-28,confirmado,425465.24,ERP RESERVA CONFIRMADA vendedor=MELLADO FACUNDO,false,false,erp,67909,MELLADO FACUNDO
67910,1320,2026-04-28,confirmado,191653.19,ERP RESERVA CONFIRMADA vendedor=MELLADO FACUNDO,false,false,erp,67910,MELLADO FACUNDO
67911,710,2026-04-28,facturado,199914.68,ERP VENTA vendedor=MELLADO FACUNDO,false,false,erp,67911,MELLADO FACUNDO
67912,837,2026-04-28,facturado,72117.54,ERP VENTA vendedor=MELLADO FACUNDO,false,false,erp,67912,MELLADO FACUNDO
67913,957,2026-04-28,confirmado,152004.56,ERP RESERVA CONFIRMADA vendedor=MELLADO FACUNDO,false,false,erp,67913,MELLADO FACUNDO
67914,152,2026-04-28,confirmado,127718.71,ERP RESERVA CONFIRMADA vendedor=MELLADO FACUNDO,false,false,erp,67914,MELLADO FACUNDO
67915,1848,2026-04-28,confirmado,139605.70,ERP RESERVA CONFIRMADA vendedor=MELLADO FACUNDO,false,false,erp,67915,MELLADO FACUNDO
67916,1194,2026-04-28,confirmado,123102.87,ERP RESERVA CONFIRMADA vendedor=MELLADO FACUNDO,false,false,erp,67916,MELLADO FACUNDO
67917,108,2026-04-28,confirmado,217485.41,ERP RESERVA CONFIRMADA vendedor=MELLADO FACUNDO,false,false,erp,67917,MELLADO FACUNDO
67918,1146,2026-04-28,confirmado,1360057.14,ERP RESERVA CONFIRMADA vendedor=MELLADO FACUNDO,false,false,erp,67918,MELLADO FACUNDO
67919,1146,2026-04-28,confirmado,110747.58,ERP RESERVA CONFIRMADA vendedor=MELLADO FACUNDO,false,false,erp,67919,MELLADO FACUNDO
67920,161,2026-04-28,confirmado,97624.33,ERP RESERVA CONFIRMADA vendedor=MELLADO FACUNDO,false,false,erp,67920,MELLADO FACUNDO
67874,1326,2026-04-27,confirmado,423456.12,ERP RESERVA CONFIRMADA vendedor=MELLADO FACUNDO,false,false,erp,67874,MELLADO FACUNDO
67875,1586,2026-04-27,confirmado,448107.35,ERP RESERVA CONFIRMADA vendedor=MELLADO FACUNDO,false,false,erp,67875,MELLADO FACUNDO
67876,909,2026-04-27,confirmado,75189.97,ERP RESERVA CONFIRMADA vendedor=MELLADO FACUNDO,false,false,erp,67876,MELLADO FACUNDO
67877,909,2026-04-27,confirmado,102997.67,ERP RESERVA CONFIRMADA vendedor=MELLADO FACUNDO,false,false,erp,67877,MELLADO FACUNDO
67878,909,2026-04-27,confirmado,132354.95,ERP RESERVA CONFIRMADA vendedor=MELLADO FACUNDO,false,false,erp,67878,MELLADO FACUNDO
67879,1442,2026-04-27,facturado,757035.46,ERP VENTA vendedor=MELLADO FACUNDO,false,false,erp,67879,MELLADO FACUNDO
67880,1735,2026-04-27,confirmado,165857.95,ERP RESERVA CONFIRMADA vendedor=MELLADO FACUNDO,false,false,erp,67880,MELLADO FACUNDO
67881,1735,2026-04-27,confirmado,199254.74,ERP RESERVA CONFIRMADA vendedor=MELLADO FACUNDO,false,false,erp,67881,MELLADO FACUNDO
67882,1849,2026-04-27,confirmado,110941.09,ERP RESERVA CONFIRMADA vendedor=MELLADO FACUNDO,false,false,erp,67882,MELLADO FACUNDO
67883,1384,2026-04-27,confirmado,187122.33,ERP RESERVA CONFIRMADA vendedor=MELLADO FACUNDO,false,false,erp,67883,MELLADO FACUNDO
67884,944,2026-04-27,confirmado,140001.46,ERP RESERVA CONFIRMADA vendedor=MELLADO FACUNDO,false,false,erp,67884,MELLADO FACUNDO
67885,1878,2026-04-27,confirmado,251291.93,ERP RESERVA CONFIRMADA vendedor=MELLADO FACUNDO,false,false,erp,67885,MELLADO FACUNDO
67886,1917,2026-04-27,confirmado,103106.81,ERP RESERVA CONFIRMADA vendedor=MELLADO FACUNDO,false,false,erp,67886,MELLADO FACUNDO
67887,1019,2026-04-27,confirmado,659469.77,ERP RESERVA CONFIRMADA vendedor=MELLADO FACUNDO,false,false,erp,67887,MELLADO FACUNDO
67888,1342,2026-04-27,facturado,26862.00,ERP VENTA vendedor=MELLADO FACUNDO,false,false,erp,67888,MELLADO FACUNDO
67889,1241,2026-04-27,confirmado,91771.13,ERP RESERVA CONFIRMADA vendedor=MELLADO FACUNDO,false,false,erp,67889,MELLADO FACUNDO
67890,39,2026-04-27,confirmado,247500.58,ERP RESERVA CONFIRMADA vendedor=MELLADO FACUNDO,false,false,erp,67890,MELLADO FACUNDO
67891,1414,2026-04-27,facturado,175913.26,ERP VENTA vendedor=ALEGRIA ESTEBAN,false,false,erp,67891,ALEGRIA ESTEBAN
67892,35,2026-04-27,facturado,100270.57,ERP VENTA vendedor=ALEGRIA ESTEBAN,false,false,erp,67892,ALEGRIA ESTEBAN
67893,184,2026-04-27,confirmado,198241.05,ERP RESERVA CONFIRMADA vendedor=MELLADO FACUNDO,false,false,erp,67893,MELLADO FACUNDO
67894,354,2026-04-27,confirmado,266950.98,ERP RESERVA CONFIRMADA vendedor=MELLADO FACUNDO,false,false,erp,67894,MELLADO FACUNDO
67897,796,2026-04-27,confirmado,672419.84,ERP RESERVA CONFIRMADA vendedor=MELLADO FACUNDO,false,false,erp,67897,MELLADO FACUNDO
67898,348,2026-04-27,confirmado,118948.82,ERP RESERVA CONFIRMADA vendedor=MELLADO FACUNDO,false,false,erp,67898,MELLADO FACUNDO
67899,54,2026-04-27,confirmado,1074498.97,ERP RESERVA CONFIRMADA vendedor=MELLADO FACUNDO,false,false,erp,67899,MELLADO FACUNDO
67900,419,2026-04-27,confirmado,421639.13,ERP RESERVA CONFIRMADA vendedor=MELLADO FACUNDO,false,false,erp,67900,MELLADO FACUNDO
67901,700,2026-04-27,confirmado,100655.62,ERP RESERVA CONFIRMADA vendedor=MELLADO FACUNDO,false,false,erp,67901,MELLADO FACUNDO
67902,143,2026-04-27,confirmado,160907.35,ERP RESERVA CONFIRMADA vendedor=MELLADO FACUNDO,false,false,erp,67902,MELLADO FACUNDO
67866,823,2026-04-25,facturado,222409.07,ERP VENTA vendedor=MELLADO FACUNDO,false,false,erp,67866,MELLADO FACUNDO
67867,1326,2026-04-25,confirmado,751934.14,ERP RESERVA CONFIRMADA vendedor=MELLADO FACUNDO,false,false,erp,67867,MELLADO FACUNDO
67868,971,2026-04-25,facturado,367155.38,ERP VENTA vendedor=MELLADO FACUNDO,false,false,erp,67868,MELLADO FACUNDO
67869,695,2026-04-25,facturado,250299.68,ERP VENTA vendedor=MELLADO FACUNDO,false,false,erp,67869,MELLADO FACUNDO
67871,1757,2026-04-25,confirmado,137936.97,ERP RESERVA CONFIRMADA vendedor=MELLADO FACUNDO,false,false,erp,67871,MELLADO FACUNDO
67872,1820,2026-04-25,confirmado,121551.59,ERP RESERVA CONFIRMADA vendedor=MELLADO FACUNDO,false,false,erp,67872,MELLADO FACUNDO
67873,1894,2026-04-25,confirmado,281769.57,ERP RESERVA CONFIRMADA vendedor=MELLADO FACUNDO,false,false,erp,67873,MELLADO FACUNDO
67849,1146,2026-04-24,confirmado,465306.86,ERP RESERVA CONFIRMADA vendedor=MELLADO FACUNDO,false,false,erp,67849,MELLADO FACUNDO
67850,1651,2026-04-24,confirmado,355174.80,ERP RESERVA CONFIRMADA vendedor=MELLADO FACUNDO,false,false,erp,67850,MELLADO FACUNDO
67851,1049,2026-04-24,confirmado,112492.40,ERP RESERVA CONFIRMADA vendedor=MELLADO FACUNDO,false,false,erp,67851,MELLADO FACUNDO
67852,1901,2026-04-24,facturado,89843.00,ERP VENTA vendedor=MELLADO FACUNDO,false,false,erp,67852,MELLADO FACUNDO
67854,902,2026-04-24,facturado,100810.99,ERP VENTA vendedor=PATRICIA CURLO,false,false,erp,67854,PATRICIA CURLO
67855,1801,2026-04-24,facturado,80214.54,ERP VENTA vendedor=MELLADO FACUNDO,false,false,erp,67855,MELLADO FACUNDO
67856,993,2026-04-24,confirmado,388525.59,ERP RESERVA CONFIRMADA vendedor=MELLADO FACUNDO,false,false,erp,67856,MELLADO FACUNDO
67858,35,2026-04-24,confirmado,587728.27,ERP RESERVA CONFIRMADA vendedor=MELLADO FACUNDO,false,false,erp,67858,MELLADO FACUNDO
67859,1010,2026-04-24,confirmado,103816.44,ERP RESERVA CONFIRMADA vendedor=MELLADO FACUNDO,false,false,erp,67859,MELLADO FACUNDO
67860,1652,2026-04-24,confirmado,90330.08,ERP RESERVA CONFIRMADA vendedor=MELLADO FACUNDO,false,false,erp,67860,MELLADO FACUNDO
67861,1580,2026-04-24,facturado,132312.84,ERP VENTA vendedor=MELLADO FACUNDO,false,false,erp,67861,MELLADO FACUNDO
67862,1506,2026-04-24,facturado,76902.01,ERP VENTA vendedor=MELLADO FACUNDO,false,false,erp,67862,MELLADO FACUNDO
67863,131,2026-04-24,confirmado,142897.36,ERP RESERVA CONFIRMADA vendedor=MELLADO FACUNDO,false,false,erp,67863,MELLADO FACUNDO
67864,75,2026-04-24,facturado,131098.66,ERP VENTA vendedor=MELLADO FACUNDO,false,false,erp,67864,MELLADO FACUNDO
67865,1417,2026-04-24,facturado,191247.61,ERP VENTA vendedor=MELLADO FACUNDO,false,false,erp,67865,MELLADO FACUNDO
67833,45,2026-04-23,confirmado,388500.76,ERP RESERVA CONFIRMADA vendedor=MELLADO FACUNDO,false,false,erp,67833,MELLADO FACUNDO
67834,1722,2026-04-23,facturado,119946.28,ERP VENTA vendedor=ALEGRIA ESTEBAN,false,false,erp,67834,ALEGRIA ESTEBAN
67835,971,2026-04-23,facturado,130831.54,ERP VENTA vendedor=MELLADO FACUNDO,false,false,erp,67835,MELLADO FACUNDO
67836,1580,2026-04-23,facturado,243265.17,ERP VENTA vendedor=MELLADO FACUNDO,false,false,erp,67836,MELLADO FACUNDO
67837,499,2026-04-23,confirmado,99928.24,ERP RESERVA CONFIRMADA vendedor=MELLADO FACUNDO,false,false,erp,67837,MELLADO FACUNDO
67838,1733,2026-04-23,confirmado,101298.34,ERP RESERVA CONFIRMADA vendedor=MELLADO FACUNDO,false,false,erp,67838,MELLADO FACUNDO
67839,1438,2026-04-23,confirmado,135275.36,ERP RESERVA CONFIRMADA vendedor=MELLADO FACUNDO,false,false,erp,67839,MELLADO FACUNDO
67840,38,2026-04-23,confirmado,227333.13,ERP RESERVA CONFIRMADA vendedor=MELLADO FACUNDO,false,false,erp,67840,MELLADO FACUNDO
67841,316,2026-04-23,facturado,29021.85,ERP VENTA vendedor=MELLADO FACUNDO,false,false,erp,67841,MELLADO FACUNDO
67843,173,2026-04-23,facturado,220704.00,ERP VENTA vendedor=ALEGRIA ESTEBAN,false,false,erp,67843,ALEGRIA ESTEBAN
67844,1817,2026-04-23,facturado,57114.02,ERP VENTA vendedor=ALEGRIA ESTEBAN,false,false,erp,67844,ALEGRIA ESTEBAN
67845,1920,2026-04-23,facturado,373758.24,ERP VENTA vendedor=MELLADO FACUNDO,false,false,erp,67845,MELLADO FACUNDO
67846,428,2026-04-23,confirmado,409866.89,ERP RESERVA CONFIRMADA vendedor=MELLADO FACUNDO,false,false,erp,67846,MELLADO FACUNDO
67847,1851,2026-04-23,confirmado,117231.31,ERP RESERVA CONFIRMADA vendedor=MELLADO FACUNDO,false,false,erp,67847,MELLADO FACUNDO
67848,1454,2026-04-23,facturado,192791.24,ERP VENTA vendedor=MELLADO FACUNDO,false,false,erp,67848,MELLADO FACUNDO
67820,968,2026-04-22,confirmado,1622177.24,ERP RESERVA CONFIRMADA vendedor=MELLADO FACUNDO,false,false,erp,67820,MELLADO FACUNDO
67821,1214,2026-04-22,confirmado,183643.10,ERP RESERVA CONFIRMADA vendedor=MELLADO FACUNDO,false,false,erp,67821,MELLADO FACUNDO
67822,431,2026-04-22,confirmado,182077.28,ERP RESERVA CONFIRMADA vendedor=MELLADO FACUNDO,false,false,erp,67822,MELLADO FACUNDO
67824,31,2026-04-22,confirmado,918603.03,ERP RESERVA CONFIRMADA vendedor=MELLADO FACUNDO,false,false,erp,67824,MELLADO FACUNDO
67825,1489,2026-04-22,confirmado,130057.79,ERP RESERVA CONFIRMADA vendedor=MELLADO FACUNDO,false,false,erp,67825,MELLADO FACUNDO
67826,1342,2026-04-22,confirmado,381876.75,ERP RESERVA CONFIRMADA vendedor=MELLADO FACUNDO,false,false,erp,67826,MELLADO FACUNDO
67827,974,2026-04-22,facturado,160209.96,ERP VENTA vendedor=MELLADO FACUNDO,false,false,erp,67827,MELLADO FACUNDO
67828,6,2026-04-22,confirmado,1124235.06,ERP RESERVA CONFIRMADA vendedor=MELLADO FACUNDO,false,false,erp,67828,MELLADO FACUNDO
67829,131,2026-04-22,confirmado,121805.63,ERP RESERVA CONFIRMADA vendedor=MELLADO FACUNDO,false,false,erp,67829,MELLADO FACUNDO
67830,110,2026-04-22,confirmado,394154.40,ERP RESERVA CONFIRMADA vendedor=MELLADO FACUNDO,false,false,erp,67830,MELLADO FACUNDO
67831,583,2026-04-22,confirmado,129466.40,ERP RESERVA CONFIRMADA vendedor=MELLADO FACUNDO,false,false,erp,67831,MELLADO FACUNDO
67832,1444,2026-04-22,confirmado,129466.40,ERP RESERVA CONFIRMADA vendedor=MELLADO FACUNDO,false,false,erp,67832,MELLADO FACUNDO
67802,839,2026-04-21,confirmado,75004.09,ERP RESERVA CONFIRMADA vendedor=MELLADO FACUNDO,false,false,erp,67802,MELLADO FACUNDO
67803,1868,2026-04-21,confirmado,123291.68,ERP RESERVA CONFIRMADA vendedor=MELLADO FACUNDO,false,false,erp,67803,MELLADO FACUNDO
67804,1849,2026-04-21,confirmado,114287.86,ERP RESERVA CONFIRMADA vendedor=MELLADO FACUNDO,false,false,erp,67804,MELLADO FACUNDO
67805,1735,2026-04-21,facturado,63249.00,ERP VENTA vendedor=MELLADO FACUNDO,false,false,erp,67805,MELLADO FACUNDO
67806,1735,2026-04-21,facturado,63249.00,ERP VENTA vendedor=MELLADO FACUNDO,false,false,erp,67806,MELLADO FACUNDO
67807,46,2026-04-21,confirmado,158757.89,ERP RESERVA CONFIRMADA vendedor=MELLADO FACUNDO,false,false,erp,67807,MELLADO FACUNDO
67808,161,2026-04-21,confirmado,103955.09,ERP RESERVA CONFIRMADA vendedor=MELLADO FACUNDO,false,false,erp,67808,MELLADO FACUNDO
67809,532,2026-04-21,facturado,155676.27,ERP VENTA vendedor=MELLADO FACUNDO,false,false,erp,67809,MELLADO FACUNDO
67810,151,2026-04-21,confirmado,136432.42,ERP RESERVA CONFIRMADA vendedor=MELLADO FACUNDO,false,false,erp,67810,MELLADO FACUNDO
67811,108,2026-04-21,confirmado,100134.00,ERP RESERVA CONFIRMADA vendedor=MELLADO FACUNDO,false,false,erp,67811,MELLADO FACUNDO
67812,152,2026-04-21,confirmado,100712.04,ERP RESERVA CONFIRMADA vendedor=MELLADO FACUNDO,false,false,erp,67812,MELLADO FACUNDO
67813,905,2026-04-21,confirmado,105407.27,ERP RESERVA CONFIRMADA vendedor=MELLADO FACUNDO,false,false,erp,67813,MELLADO FACUNDO
67814,797,2026-04-21,facturado,251992.42,ERP VENTA vendedor=ALEGRIA ESTEBAN,false,false,erp,67814,ALEGRIA ESTEBAN
67815,1848,2026-04-21,confirmado,122940.42,ERP RESERVA CONFIRMADA vendedor=MELLADO FACUNDO,false,false,erp,67815,MELLADO FACUNDO
67816,1909,2026-04-21,facturado,264165.96,ERP VENTA vendedor=MELLADO FACUNDO,false,false,erp,67816,MELLADO FACUNDO
67817,326,2026-04-21,facturado,62712.10,ERP VENTA vendedor=MELLADO FACUNDO,false,false,erp,67817,MELLADO FACUNDO
67818,1414,2026-04-21,facturado,326304.45,ERP VENTA vendedor=MELLADO FACUNDO,false,false,erp,67818,MELLADO FACUNDO
67762,1735,2026-04-20,confirmado,251962.74,ERP RESERVA CONFIRMADA vendedor=MELLADO FACUNDO,false,false,erp,67762,MELLADO FACUNDO
67763,1735,2026-04-20,confirmado,141966.58,ERP RESERVA CONFIRMADA vendedor=MELLADO FACUNDO,false,false,erp,67763,MELLADO FACUNDO
67764,909,2026-04-20,confirmado,190846.65,ERP RESERVA CONFIRMADA vendedor=MELLADO FACUNDO,false,false,erp,67764,MELLADO FACUNDO
67765,1326,2026-04-20,confirmado,452677.05,ERP RESERVA CONFIRMADA vendedor=MELLADO FACUNDO,false,false,erp,67765,MELLADO FACUNDO
67766,909,2026-04-20,confirmado,155710.65,ERP RESERVA CONFIRMADA vendedor=MELLADO FACUNDO,false,false,erp,67766,MELLADO FACUNDO
67767,909,2026-04-20,confirmado,113827.29,ERP RESERVA CONFIRMADA vendedor=MELLADO FACUNDO,false,false,erp,67767,MELLADO FACUNDO
67768,1247,2026-04-20,confirmado,308667.62,ERP RESERVA CONFIRMADA vendedor=MELLADO FACUNDO,false,false,erp,67768,MELLADO FACUNDO
67769,35,2026-04-20,confirmado,342691.73,ERP RESERVA CONFIRMADA vendedor=MELLADO FACUNDO,false,false,erp,67769,MELLADO FACUNDO
67770,710,2026-04-20,confirmado,162836.68,ERP RESERVA CONFIRMADA vendedor=MELLADO FACUNDO,false,false,erp,67770,MELLADO FACUNDO
67771,710,2026-04-20,confirmado,130210.19,ERP RESERVA CONFIRMADA vendedor=MELLADO FACUNDO,false,false,erp,67771,MELLADO FACUNDO
67772,1326,2026-04-20,confirmado,1675924.86,ERP RESERVA CONFIRMADA vendedor=MELLADO FACUNDO,false,false,erp,67772,MELLADO FACUNDO
67773,1586,2026-04-20,facturado,529528.25,ERP VENTA vendedor=MELLADO FACUNDO,false,false,erp,67773,MELLADO FACUNDO
67774,1842,2026-04-20,facturado,110091.55,ERP VENTA vendedor=MELLADO FACUNDO,false,false,erp,67774,MELLADO FACUNDO
67776,1137,2026-04-20,confirmado,261193.28,ERP RESERVA CONFIRMADA vendedor=MELLADO FACUNDO,false,false,erp,67776,MELLADO FACUNDO
67777,1284,2026-04-20,confirmado,678422.41,ERP RESERVA CONFIRMADA vendedor=MELLADO FACUNDO,false,false,erp,67777,MELLADO FACUNDO
67778,891,2026-04-20,facturado,192138.52,ERP VENTA vendedor=MELLADO FACUNDO,false,false,erp,67778,MELLADO FACUNDO
67779,35,2026-04-20,facturado,48112.08,ERP VENTA vendedor=MELLADO FACUNDO,false,false,erp,67779,MELLADO FACUNDO
67780,963,2026-04-20,facturado,69744.23,ERP VENTA vendedor=MELLADO FACUNDO,false,false,erp,67780,MELLADO FACUNDO
67781,1878,2026-04-20,confirmado,242298.43,ERP RESERVA CONFIRMADA vendedor=MELLADO FACUNDO,false,false,erp,67781,MELLADO FACUNDO
67782,1871,2026-04-20,facturado,89325.91,ERP VENTA vendedor=MELLADO FACUNDO,false,false,erp,67782,MELLADO FACUNDO
67783,1460,2026-04-20,confirmado,190989.12,ERP RESERVA CONFIRMADA vendedor=MELLADO FACUNDO,false,false,erp,67783,MELLADO FACUNDO
67784,1858,2026-04-20,confirmado,111675.48,ERP RESERVA CONFIRMADA vendedor=MELLADO FACUNDO,false,false,erp,67784,MELLADO FACUNDO
67785,650,2026-04-20,confirmado,138606.13,ERP RESERVA CONFIRMADA vendedor=MELLADO FACUNDO,false,false,erp,67785,MELLADO FACUNDO
67786,1750,2026-04-20,confirmado,300582.04,ERP RESERVA CONFIRMADA vendedor=MELLADO FACUNDO,false,false,erp,67786,MELLADO FACUNDO
67787,1854,2026-04-20,confirmado,101312.68,ERP RESERVA CONFIRMADA vendedor=MELLADO FACUNDO,false,false,erp,67787,MELLADO FACUNDO
67788,630,2026-04-20,confirmado,158740.11,ERP RESERVA CONFIRMADA vendedor=MELLADO FACUNDO,false,false,erp,67788,MELLADO FACUNDO
67789,908,2026-04-20,confirmado,143384.93,ERP RESERVA CONFIRMADA vendedor=MELLADO FACUNDO,false,false,erp,67789,MELLADO FACUNDO
67790,509,2026-04-20,confirmado,224546.36,ERP RESERVA CONFIRMADA vendedor=MELLADO FACUNDO,false,false,erp,67790,MELLADO FACUNDO
67793,872,2026-04-20,confirmado,238984.49,ERP RESERVA CONFIRMADA vendedor=MELLADO FACUNDO,false,false,erp,67793,MELLADO FACUNDO
67794,1536,2026-04-20,confirmado,132886.83,ERP RESERVA CONFIRMADA vendedor=MELLADO FACUNDO,false,false,erp,67794,MELLADO FACUNDO
67795,796,2026-04-20,confirmado,516876.90,ERP RESERVA CONFIRMADA vendedor=MELLADO FACUNDO,false,false,erp,67795,MELLADO FACUNDO
67796,184,2026-04-20,confirmado,139216.04,ERP RESERVA CONFIRMADA vendedor=MELLADO FACUNDO,false,false,erp,67796,MELLADO FACUNDO
67797,36,2026-04-20,confirmado,114671.08,ERP RESERVA CONFIRMADA vendedor=MELLADO FACUNDO,false,false,erp,67797,MELLADO FACUNDO
67799,574,2026-04-20,confirmado,109461.98,ERP RESERVA CONFIRMADA vendedor=MELLADO FACUNDO,false,false,erp,67799,MELLADO FACUNDO
67800,1606,2026-04-20,confirmado,244725.43,ERP RESERVA CONFIRMADA vendedor=MELLADO FACUNDO,false,false,erp,67800,MELLADO FACUNDO
67801,89,2026-04-20,confirmado,385959.33,ERP RESERVA CONFIRMADA vendedor=MELLADO FACUNDO,false,false,erp,67801,MELLADO FACUNDO
67757,159,2026-04-18,confirmado,306640.96,ERP RESERVA CONFIRMADA vendedor=MELLADO FACUNDO,false,false,erp,67757,MELLADO FACUNDO
67758,15,2026-04-18,facturado,113491.68,ERP VENTA vendedor=MELLADO FACUNDO,false,false,erp,67758,MELLADO FACUNDO
67759,316,2026-04-18,facturado,47219.64,ERP VENTA vendedor=ALEGRIA ESTEBAN,false,false,erp,67759,ALEGRIA ESTEBAN
67760,1917,2026-04-18,confirmado,134092.44,ERP RESERVA CONFIRMADA vendedor=MELLADO FACUNDO,false,false,erp,67760,MELLADO FACUNDO
67761,1774,2026-04-18,facturado,111241.56,ERP VENTA vendedor=MELLADO FACUNDO,false,false,erp,67761,MELLADO FACUNDO
67750,1916,2026-04-17,confirmado,237597.81,ERP RESERVA CONFIRMADA vendedor=MELLADO FACUNDO,false,false,erp,67750,MELLADO FACUNDO
67751,1533,2026-04-17,confirmado,154765.06,ERP RESERVA CONFIRMADA vendedor=MELLADO FACUNDO,false,false,erp,67751,MELLADO FACUNDO
67752,993,2026-04-17,confirmado,727974.66,ERP RESERVA CONFIRMADA vendedor=MELLADO FACUNDO,false,false,erp,67752,MELLADO FACUNDO
67753,1851,2026-04-17,facturado,41852.34,ERP VENTA vendedor=MELLADO FACUNDO,false,false,erp,67753,MELLADO FACUNDO
67754,787,2026-04-17,confirmado,146336.53,ERP RESERVA CONFIRMADA vendedor=MELLADO FACUNDO,false,false,erp,67754,MELLADO FACUNDO
67755,837,2026-04-17,facturado,189382.41,ERP VENTA vendedor=MELLADO FACUNDO,false,false,erp,67755,MELLADO FACUNDO
67756,1894,2026-04-17,confirmado,109579.05,ERP RESERVA CONFIRMADA vendedor=MELLADO FACUNDO,false,false,erp,67756,MELLADO FACUNDO
67731,1454,2026-04-16,confirmado,158855.53,ERP RESERVA CONFIRMADA vendedor=MELLADO FACUNDO,false,false,erp,67731,MELLADO FACUNDO
67732,428,2026-04-16,confirmado,872623.42,ERP RESERVA CONFIRMADA vendedor=MELLADO FACUNDO,false,false,erp,67732,MELLADO FACUNDO
67733,1567,2026-04-16,confirmado,262018.44,ERP RESERVA CONFIRMADA vendedor=MELLADO FACUNDO,false,false,erp,67733,MELLADO FACUNDO
67734,316,2026-04-16,facturado,133263.85,ERP VENTA vendedor=MELLADO FACUNDO,false,false,erp,67734,MELLADO FACUNDO
67735,700,2026-04-16,facturado,66151.60,ERP VENTA vendedor=MELLADO FACUNDO,false,false,erp,67735,MELLADO FACUNDO
67736,751,2026-04-16,confirmado,135034.68,ERP RESERVA CONFIRMADA vendedor=MELLADO FACUNDO,false,false,erp,67736,MELLADO FACUNDO
67737,1320,2026-04-16,confirmado,103658.19,ERP RESERVA CONFIRMADA vendedor=MELLADO FACUNDO,false,false,erp,67737,MELLADO FACUNDO
67738,453,2026-04-16,facturado,790244.00,ERP VENTA vendedor=MELLADO FACUNDO,false,false,erp,67738,MELLADO FACUNDO
67739,1146,2026-04-16,confirmado,641720.31,ERP RESERVA CONFIRMADA vendedor=MELLADO FACUNDO,false,false,erp,67739,MELLADO FACUNDO
67740,1851,2026-04-16,confirmado,105969.25,ERP RESERVA CONFIRMADA vendedor=MELLADO FACUNDO,false,false,erp,67740,MELLADO FACUNDO
67741,1344,2026-04-16,facturado,17136.43,ERP VENTA vendedor=ALEGRIA ESTEBAN,false,false,erp,67741,ALEGRIA ESTEBAN
67742,453,2026-04-16,facturado,40082.39,ERP VENTA vendedor=MELLADO FACUNDO,false,false,erp,67742,MELLADO FACUNDO
67743,1871,2026-04-16,facturado,86263.32,ERP VENTA vendedor=MELLADO FACUNDO,false,false,erp,67743,MELLADO FACUNDO
67744,996,2026-04-16,confirmado,302771.47,ERP RESERVA CONFIRMADA vendedor=MELLADO FACUNDO,false,false,erp,67744,MELLADO FACUNDO
67745,1506,2026-04-16,facturado,290486.07,ERP VENTA vendedor=MELLADO FACUNDO,false,false,erp,67745,MELLADO FACUNDO
67746,1890,2026-04-16,facturado,158749.00,ERP VENTA vendedor=MELLADO FACUNDO,false,false,erp,67746,MELLADO FACUNDO
67747,1506,2026-04-16,facturado,42930.35,ERP VENTA vendedor=MELLADO FACUNDO,false,false,erp,67747,MELLADO FACUNDO
67748,1445,2026-04-16,confirmado,232038.64,ERP RESERVA CONFIRMADA vendedor=MELLADO FACUNDO,false,false,erp,67748,MELLADO FACUNDO
67749,125,2026-04-16,confirmado,547355.67,ERP RESERVA CONFIRMADA vendedor=MELLADO FACUNDO,false,false,erp,67749,MELLADO FACUNDO
67722,35,2026-04-15,confirmado,356529.24,ERP RESERVA CONFIRMADA vendedor=MELLADO FACUNDO,false,false,erp,67722,MELLADO FACUNDO
67723,797,2026-04-15,confirmado,286513.26,ERP RESERVA CONFIRMADA vendedor=MELLADO FACUNDO,false,false,erp,67723,MELLADO FACUNDO
67724,947,2026-04-15,confirmado,407887.35,ERP RESERVA CONFIRMADA vendedor=MELLADO FACUNDO,false,false,erp,67724,MELLADO FACUNDO
67725,125,2026-04-15,confirmado,173286.51,ERP RESERVA CONFIRMADA vendedor=MELLADO FACUNDO,false,false,erp,67725,MELLADO FACUNDO
67726,1871,2026-04-15,facturado,137323.84,ERP VENTA vendedor=MELLADO FACUNDO,false,false,erp,67726,MELLADO FACUNDO
67727,56,2026-04-15,confirmado,277045.51,ERP RESERVA CONFIRMADA vendedor=MELLADO FACUNDO,false,false,erp,67727,MELLADO FACUNDO
67728,997,2026-04-15,confirmado,110850.33,ERP RESERVA CONFIRMADA vendedor=MELLADO FACUNDO,false,false,erp,67728,MELLADO FACUNDO
67729,1651,2026-04-15,confirmado,433600.02,ERP RESERVA CONFIRMADA vendedor=MELLADO FACUNDO,false,false,erp,67729,MELLADO FACUNDO
67730,1911,2026-04-15,facturado,316746.30,ERP VENTA vendedor=MELLADO FACUNDO,false,false,erp,67730,MELLADO FACUNDO
67696,354,2026-04-14,confirmado,95167.28,ERP RESERVA CONFIRMADA vendedor=MELLADO FACUNDO,false,false,erp,67696,MELLADO FACUNDO
67697,161,2026-04-14,confirmado,158751.90,ERP RESERVA CONFIRMADA vendedor=MELLADO FACUNDO,false,false,erp,67697,MELLADO FACUNDO
67698,184,2026-04-14,confirmado,238273.94,ERP RESERVA CONFIRMADA vendedor=MELLADO FACUNDO,false,false,erp,67698,MELLADO FACUNDO
67699,151,2026-04-14,confirmado,179843.36,ERP RESERVA CONFIRMADA vendedor=MELLADO FACUNDO,false,false,erp,67699,MELLADO FACUNDO
67700,1860,2026-04-14,facturado,134492.86,ERP VENTA vendedor=MELLADO FACUNDO,false,false,erp,67700,MELLADO FACUNDO
67701,1328,2026-04-14,facturado,232603.74,ERP VENTA vendedor=MELLADO FACUNDO,false,false,erp,67701,MELLADO FACUNDO
67702,837,2026-04-14,facturado,80477.00,ERP VENTA vendedor=MELLADO FACUNDO,false,false,erp,67702,MELLADO FACUNDO
67703,1384,2026-04-14,confirmado,314544.98,ERP RESERVA CONFIRMADA vendedor=MELLADO FACUNDO,false,false,erp,67703,MELLADO FACUNDO
67704,710,2026-04-14,facturado,151177.45,ERP VENTA vendedor=MELLADO FACUNDO,false,false,erp,67704,MELLADO FACUNDO
67705,985,2026-04-14,facturado,55297.02,ERP VENTA vendedor=MELLADO FACUNDO,false,false,erp,67705,MELLADO FACUNDO
67706,1519,2026-04-14,facturado,148230.01,ERP VENTA vendedor=MELLADO FACUNDO,false,false,erp,67706,MELLADO FACUNDO
67707,1307,2026-04-14,confirmado,178982.35,ERP RESERVA CONFIRMADA vendedor=MELLADO FACUNDO,false,false,erp,67707,MELLADO FACUNDO
67708,947,2026-04-14,confirmado,453208.18,ERP RESERVA CONFIRMADA vendedor=MELLADO FACUNDO,false,false,erp,67708,MELLADO FACUNDO
67709,851,2026-04-14,confirmado,516329.25,ERP RESERVA CONFIRMADA vendedor=MELLADO FACUNDO,false,false,erp,67709,MELLADO FACUNDO
67710,373,2026-04-14,facturado,59867.47,ERP VENTA vendedor=MELLADO FACUNDO,false,false,erp,67710,MELLADO FACUNDO
67711,1359,2026-04-14,confirmado,81135.00,ERP RESERVA CONFIRMADA vendedor=MELLADO FACUNDO,false,false,erp,67711,MELLADO FACUNDO
67712,1849,2026-04-14,confirmado,113801.00,ERP RESERVA CONFIRMADA vendedor=MELLADO FACUNDO,false,false,erp,67712,MELLADO FACUNDO
67713,7,2026-04-14,confirmado,525773.01,ERP RESERVA CONFIRMADA vendedor=MELLADO FACUNDO,false,false,erp,67713,MELLADO FACUNDO
67714,1382,2026-04-14,confirmado,98633.77,ERP RESERVA CONFIRMADA vendedor=MELLADO FACUNDO,false,false,erp,67714,MELLADO FACUNDO
67715,1813,2026-04-14,confirmado,24469.75,ERP RESERVA CONFIRMADA vendedor=AGUILERA MOLINA LUCAS JD,false,false,erp,67715,AGUILERA MOLINA LUCAS JD
67716,1414,2026-04-14,facturado,295649.68,ERP VENTA vendedor=MELLADO FACUNDO,false,false,erp,67716,MELLADO FACUNDO
67717,31,2026-04-14,confirmado,1562266.63,ERP RESERVA CONFIRMADA vendedor=MELLADO FACUNDO,false,false,erp,67717,MELLADO FACUNDO
67718,1414,2026-04-14,facturado,220026.99,ERP VENTA vendedor=MELLADO FACUNDO,false,false,erp,67718,MELLADO FACUNDO
67719,1417,2026-04-14,confirmado,205385.40,ERP RESERVA CONFIRMADA vendedor=ARIAS MACARENA,false,false,erp,67719,ARIAS MACARENA
67720,1414,2026-04-14,facturado,10778.58,ERP VENTA vendedor=MELLADO FACUNDO,false,false,erp,67720,MELLADO FACUNDO
67721,1183,2026-04-14,facturado,85726.53,ERP VENTA vendedor=MELLADO FACUNDO,false,false,erp,67721,MELLADO FACUNDO
67585,1512,2026-04-13,confirmado,39837.14,ERP RESERVA CONFIRMADA vendedor=MELLADO FACUNDO,false,false,erp,67585,MELLADO FACUNDO
67657,1326,2026-04-13,confirmado,185662.75,ERP RESERVA CONFIRMADA vendedor=MELLADO FACUNDO,false,false,erp,67657,MELLADO FACUNDO
67658,909,2026-04-13,confirmado,103161.76,ERP RESERVA CONFIRMADA vendedor=MELLADO FACUNDO,false,false,erp,67658,MELLADO FACUNDO
67659,909,2026-04-13,confirmado,142055.87,ERP RESERVA CONFIRMADA vendedor=MELLADO FACUNDO,false,false,erp,67659,MELLADO FACUNDO
67660,909,2026-04-13,confirmado,123358.42,ERP RESERVA CONFIRMADA vendedor=MELLADO FACUNDO,false,false,erp,67660,MELLADO FACUNDO
67661,1010,2026-04-13,confirmado,130164.43,ERP RESERVA CONFIRMADA vendedor=MELLADO FACUNDO,false,false,erp,67661,MELLADO FACUNDO
67662,1894,2026-04-13,confirmado,279973.62,ERP RESERVA CONFIRMADA vendedor=MELLADO FACUNDO,false,false,erp,67662,MELLADO FACUNDO
67663,1326,2026-04-13,confirmado,620926.44,ERP RESERVA CONFIRMADA vendedor=MELLADO FACUNDO,false,false,erp,67663,MELLADO FACUNDO
67665,1586,2026-04-13,facturado,201705.83,ERP VENTA vendedor=MELLADO FACUNDO,false,false,erp,67665,MELLADO FACUNDO
67666,1858,2026-04-13,confirmado,152400.52,ERP RESERVA CONFIRMADA vendedor=MELLADO FACUNDO,false,false,erp,67666,MELLADO FACUNDO
67667,1442,2026-04-13,facturado,392892.26,ERP VENTA vendedor=MELLADO FACUNDO,false,false,erp,67667,MELLADO FACUNDO
67668,35,2026-04-13,confirmado,194758.24,ERP RESERVA CONFIRMADA vendedor=MELLADO FACUNDO,false,false,erp,67668,MELLADO FACUNDO
67669,316,2026-04-13,facturado,30743.79,ERP VENTA vendedor=MELLADO FACUNDO,false,false,erp,67669,MELLADO FACUNDO
67670,1137,2026-04-13,confirmado,248636.19,ERP RESERVA CONFIRMADA vendedor=MELLADO FACUNDO,false,false,erp,67670,MELLADO FACUNDO
67671,1901,2026-04-13,facturado,89843.00,ERP VENTA vendedor=MELLADO FACUNDO,false,false,erp,67671,MELLADO FACUNDO
67672,1912,2026-04-13,facturado,76054.50,ERP VENTA vendedor=MELLADO FACUNDO,false,false,erp,67672,MELLADO FACUNDO
67673,1241,2026-04-13,confirmado,219371.58,ERP RESERVA CONFIRMADA vendedor=ALEGRIA ESTEBAN,false,false,erp,67673,ALEGRIA ESTEBAN
67674,839,2026-04-13,confirmado,198927.53,ERP RESERVA CONFIRMADA vendedor=ALEGRIA ESTEBAN,false,false,erp,67674,ALEGRIA ESTEBAN
67675,1159,2026-04-13,confirmado,128665.42,ERP RESERVA CONFIRMADA vendedor=MELLADO FACUNDO,false,false,erp,67675,MELLADO FACUNDO
67676,1878,2026-04-13,confirmado,224994.63,ERP RESERVA CONFIRMADA vendedor=MELLADO FACUNDO,false,false,erp,67676,MELLADO FACUNDO
67677,1735,2026-04-13,confirmado,207334.11,ERP RESERVA CONFIRMADA vendedor=MELLADO FACUNDO,false,false,erp,67677,MELLADO FACUNDO
67678,1735,2026-04-13,confirmado,159897.11,ERP RESERVA CONFIRMADA vendedor=MELLADO FACUNDO,false,false,erp,67678,MELLADO FACUNDO
67680,796,2026-04-13,confirmado,1126325.65,ERP RESERVA CONFIRMADA vendedor=MELLADO FACUNDO,false,false,erp,67680,MELLADO FACUNDO
67682,952,2026-04-13,confirmado,107294.54,ERP RESERVA CONFIRMADA vendedor=MELLADO FACUNDO,false,false,erp,67682,MELLADO FACUNDO
67683,1754,2026-04-13,confirmado,144558.81,ERP RESERVA CONFIRMADA vendedor=MELLADO FACUNDO,false,false,erp,67683,MELLADO FACUNDO
67684,587,2026-04-13,facturado,88546.20,ERP VENTA vendedor=MELLADO FACUNDO,false,false,erp,67684,MELLADO FACUNDO
67688,36,2026-04-13,confirmado,137500.08,ERP RESERVA CONFIRMADA vendedor=MELLADO FACUNDO,false,false,erp,67688,MELLADO FACUNDO
67690,1847,2026-04-13,facturado,155327.21,ERP VENTA vendedor=MELLADO FACUNDO,false,false,erp,67690,MELLADO FACUNDO
67691,630,2026-04-13,confirmado,134366.83,ERP RESERVA CONFIRMADA vendedor=MELLADO FACUNDO,false,false,erp,67691,MELLADO FACUNDO
67692,316,2026-04-13,facturado,85191.26,ERP VENTA vendedor=MELLADO FACUNDO,false,false,erp,67692,MELLADO FACUNDO
67693,1063,2026-04-13,confirmado,109039.90,ERP RESERVA CONFIRMADA vendedor=MELLADO FACUNDO,false,false,erp,67693,MELLADO FACUNDO
67694,1512,2026-04-13,confirmado,218572.86,ERP RESERVA CONFIRMADA vendedor=MELLADO FACUNDO,false,false,erp,67694,MELLADO FACUNDO
67695,419,2026-04-13,confirmado,235981.82,ERP RESERVA CONFIRMADA vendedor=MELLADO FACUNDO,false,false,erp,67695,MELLADO FACUNDO
67650,1529,2026-04-11,facturado,262505.41,ERP VENTA vendedor=MELLADO FACUNDO,false,false,erp,67650,MELLADO FACUNDO
67651,971,2026-04-11,facturado,462923.95,ERP VENTA vendedor=MELLADO FACUNDO,false,false,erp,67651,MELLADO FACUNDO
67652,1733,2026-04-11,facturado,171484.74,ERP VENTA vendedor=MELLADO FACUNDO,false,false,erp,67652,MELLADO FACUNDO
67653,1586,2026-04-11,facturado,62986.65,ERP VENTA vendedor=MELLADO FACUNDO,false,false,erp,67653,MELLADO FACUNDO
67654,1326,2026-04-11,confirmado,890158.30,ERP RESERVA CONFIRMADA vendedor=MELLADO FACUNDO,false,false,erp,67654,MELLADO FACUNDO
67655,1757,2026-04-11,confirmado,650875.20,ERP RESERVA CONFIRMADA vendedor=MELLADO FACUNDO,false,false,erp,67655,MELLADO FACUNDO
67656,636,2026-04-11,confirmado,95940.23,ERP RESERVA CONFIRMADA vendedor=MELLADO FACUNDO,false,false,erp,67656,MELLADO FACUNDO
67642,1911,2026-04-10,facturado,375848.00,ERP VENTA vendedor=MELLADO FACUNDO,false,false,erp,67642,MELLADO FACUNDO
67643,1202,2026-04-10,facturado,57354.00,ERP VENTA vendedor=MELLADO FACUNDO,false,false,erp,67643,MELLADO FACUNDO
67644,971,2026-04-10,facturado,216340.34,ERP VENTA vendedor=MELLADO FACUNDO,false,false,erp,67644,MELLADO FACUNDO
67645,42,2026-04-10,facturado,155560.71,ERP VENTA vendedor=MELLADO FACUNDO,false,false,erp,67645,MELLADO FACUNDO
67646,1735,2026-04-10,confirmado,45418.64,ERP RESERVA CONFIRMADA vendedor=MELLADO FACUNDO,false,false,erp,67646,MELLADO FACUNDO
67647,42,2026-04-10,confirmado,65986.44,ERP RESERVA CONFIRMADA vendedor=MELLADO FACUNDO,false,false,erp,67647,MELLADO FACUNDO
67648,89,2026-04-10,confirmado,205659.72,ERP RESERVA CONFIRMADA vendedor=MELLADO FACUNDO,false,false,erp,67648,MELLADO FACUNDO
67649,1426,2026-04-10,facturado,196130.07,ERP VENTA vendedor=MELLADO FACUNDO,false,false,erp,67649,MELLADO FACUNDO
67596,1320,2026-04-09,confirmado,161003.44,ERP RESERVA CONFIRMADA vendedor=MELLADO FACUNDO,false,false,erp,67596,MELLADO FACUNDO
67601,1049,2026-04-09,confirmado,161858.78,ERP RESERVA CONFIRMADA vendedor=MELLADO FACUNDO,false,false,erp,67601,MELLADO FACUNDO
67608,1146,2026-04-09,confirmado,207647.56,ERP RESERVA CONFIRMADA vendedor=MELLADO FACUNDO,false,false,erp,67608,MELLADO FACUNDO
67614,1438,2026-04-09,confirmado,154608.93,ERP RESERVA CONFIRMADA vendedor=MELLADO FACUNDO,false,false,erp,67614,MELLADO FACUNDO
67619,1270,2026-04-09,confirmado,113801.00,ERP RESERVA CONFIRMADA vendedor=MELLADO FACUNDO,false,false,erp,67619,MELLADO FACUNDO
67620,1651,2026-04-09,confirmado,410678.03,ERP RESERVA CONFIRMADA vendedor=MELLADO FACUNDO,false,false,erp,67620,MELLADO FACUNDO
67623,1342,2026-04-09,confirmado,508848.83,ERP RESERVA CONFIRMADA vendedor=AGUILERA MOLINA LUCAS JD,false,false,erp,67623,AGUILERA MOLINA LUCAS JD
67624,131,2026-04-09,confirmado,113515.29,ERP RESERVA CONFIRMADA vendedor=AGUILERA MOLINA LUCAS JD,false,false,erp,67624,AGUILERA MOLINA LUCAS JD
67625,695,2026-04-09,facturado,116515.71,ERP VENTA vendedor=AGUILERA MOLINA LUCAS JD,false,false,erp,67625,AGUILERA MOLINA LUCAS JD
67626,944,2026-04-09,facturado,149737.44,ERP VENTA vendedor=MELLADO FACUNDO,false,false,erp,67626,MELLADO FACUNDO
67627,944,2026-04-09,facturado,74868.72,ERP VENTA vendedor=MELLADO FACUNDO,false,false,erp,67627,MELLADO FACUNDO
67628,963,2026-04-09,facturado,69744.23,ERP VENTA vendedor=MELLADO FACUNDO,false,false,erp,67628,MELLADO FACUNDO
67629,1728,2026-04-09,confirmado,525166.39,ERP RESERVA CONFIRMADA vendedor=MELLADO FACUNDO,false,false,erp,67629,MELLADO FACUNDO
67630,140,2026-04-09,confirmado,413673.75,ERP RESERVA CONFIRMADA vendedor=MELLADO FACUNDO,false,false,erp,67630,MELLADO FACUNDO
67631,316,2026-04-09,facturado,382875.01,ERP VENTA vendedor=MELLADO FACUNDO,false,false,erp,67631,MELLADO FACUNDO
67632,1489,2026-04-09,confirmado,223919.49,ERP RESERVA CONFIRMADA vendedor=MELLADO FACUNDO,false,false,erp,67632,MELLADO FACUNDO
67633,1146,2026-04-09,confirmado,517929.89,ERP RESERVA CONFIRMADA vendedor=MELLADO FACUNDO,false,false,erp,67633,MELLADO FACUNDO
67635,1454,2026-04-09,confirmado,102420.00,ERP RESERVA CONFIRMADA vendedor=MELLADO FACUNDO,false,false,erp,67635,MELLADO FACUNDO
67636,658,2026-04-09,facturado,56211.84,ERP VENTA vendedor=MELLADO FACUNDO,false,false,erp,67636,MELLADO FACUNDO
67637,1851,2026-04-09,confirmado,271774.94,ERP RESERVA CONFIRMADA vendedor=MELLADO FACUNDO,false,false,erp,67637,MELLADO FACUNDO
67638,35,2026-04-09,confirmado,589339.28,ERP RESERVA CONFIRMADA vendedor=MELLADO FACUNDO,false,false,erp,67638,MELLADO FACUNDO
67639,996,2026-04-09,confirmado,383787.67,ERP RESERVA CONFIRMADA vendedor=MELLADO FACUNDO,false,false,erp,67639,MELLADO FACUNDO
67640,7,2026-04-09,confirmado,459653.38,ERP RESERVA CONFIRMADA vendedor=MELLADO FACUNDO,false,false,erp,67640,MELLADO FACUNDO
67641,200,2026-04-09,confirmado,281676.45,ERP RESERVA CONFIRMADA vendedor=MELLADO FACUNDO,false,false,erp,67641,MELLADO FACUNDO
67600,31,2026-04-08,confirmado,932676.53,ERP RESERVA CONFIRMADA vendedor=MELLADO FACUNDO,false,false,erp,67600,MELLADO FACUNDO
67604,732,2026-04-08,confirmado,162870.54,ERP RESERVA CONFIRMADA vendedor=MELLADO FACUNDO,false,false,erp,67604,MELLADO FACUNDO
67605,837,2026-04-08,confirmado,51211.00,ERP RESERVA CONFIRMADA vendedor=MELLADO FACUNDO,false,false,erp,67605,MELLADO FACUNDO
67606,1580,2026-04-08,facturado,143180.80,ERP VENTA vendedor=MELLADO FACUNDO,false,false,erp,67606,MELLADO FACUNDO
67607,129,2026-04-08,confirmado,138509.92,ERP RESERVA CONFIRMADA vendedor=MELLADO FACUNDO,false,false,erp,67607,MELLADO FACUNDO
67609,902,2026-04-08,facturado,80232.20,ERP VENTA vendedor=MELLADO FACUNDO,false,false,erp,67609,MELLADO FACUNDO
67610,1910,2026-04-08,facturado,162722.17,ERP VENTA vendedor=MELLADO FACUNDO,false,false,erp,67610,MELLADO FACUNDO
67611,1910,2026-04-08,facturado,73410.64,ERP VENTA vendedor=MELLADO FACUNDO,false,false,erp,67611,MELLADO FACUNDO
67612,460,2026-04-08,confirmado,287480.06,ERP RESERVA CONFIRMADA vendedor=MELLADO FACUNDO,false,false,erp,67612,MELLADO FACUNDO
67613,747,2026-04-08,confirmado,744294.70,ERP RESERVA CONFIRMADA vendedor=MELLADO FACUNDO,false,false,erp,67613,MELLADO FACUNDO
67615,35,2026-04-08,facturado,68127.96,ERP VENTA vendedor=MELLADO FACUNDO,false,false,erp,67615,MELLADO FACUNDO
67616,1214,2026-04-08,confirmado,145416.60,ERP RESERVA CONFIRMADA vendedor=MELLADO FACUNDO,false,false,erp,67616,MELLADO FACUNDO
67618,1567,2026-04-08,confirmado,306504.82,ERP RESERVA CONFIRMADA vendedor=MELLADO FACUNDO,false,false,erp,67618,MELLADO FACUNDO
67622,1871,2026-04-08,confirmado,248106.39,ERP RESERVA CONFIRMADA vendedor=MELLADO FACUNDO,false,false,erp,67622,MELLADO FACUNDO
67557,1384,2026-04-07,confirmado,279987.17,ERP RESERVA CONFIRMADA vendedor=MELLADO FACUNDO,false,false,erp,67557,MELLADO FACUNDO
67559,1735,2026-04-07,confirmado,362430.66,ERP RESERVA CONFIRMADA vendedor=MELLADO FACUNDO,false,false,erp,67559,MELLADO FACUNDO
67563,1878,2026-04-07,confirmado,301353.71,ERP RESERVA CONFIRMADA vendedor=MELLADO FACUNDO,false,false,erp,67563,MELLADO FACUNDO
67578,36,2026-04-07,confirmado,299498.38,ERP RESERVA CONFIRMADA vendedor=MELLADO FACUNDO,false,false,erp,67578,MELLADO FACUNDO
67581,419,2026-04-07,confirmado,251107.90,ERP RESERVA CONFIRMADA vendedor=MELLADO FACUNDO,false,false,erp,67581,MELLADO FACUNDO
67582,905,2026-04-07,confirmado,110380.26,ERP RESERVA CONFIRMADA vendedor=MELLADO FACUNDO,false,false,erp,67582,MELLADO FACUNDO
67583,124,2026-04-07,confirmado,2056285.21,ERP RESERVA CONFIRMADA vendedor=MELLADO FACUNDO,false,false,erp,67583,MELLADO FACUNDO
67584,1095,2026-04-07,confirmado,109870.84,ERP RESERVA CONFIRMADA vendedor=MELLADO FACUNDO,false,false,erp,67584,MELLADO FACUNDO
67586,151,2026-04-07,confirmado,236892.40,ERP RESERVA CONFIRMADA vendedor=MELLADO FACUNDO,false,false,erp,67586,MELLADO FACUNDO
67587,962,2026-04-07,confirmado,130710.68,ERP RESERVA CONFIRMADA vendedor=MELLADO FACUNDO,false,false,erp,67587,MELLADO FACUNDO
67588,1359,2026-04-07,confirmado,109656.65,ERP RESERVA CONFIRMADA vendedor=MELLADO FACUNDO,false,false,erp,67588,MELLADO FACUNDO
67589,963,2026-04-07,facturado,53974.75,ERP VENTA vendedor=MELLADO FACUNDO,false,false,erp,67589,MELLADO FACUNDO
67590,152,2026-04-07,confirmado,165890.93,ERP RESERVA CONFIRMADA vendedor=MELLADO FACUNDO,false,false,erp,67590,MELLADO FACUNDO
67591,348,2026-04-07,confirmado,240532.82,ERP RESERVA CONFIRMADA vendedor=MELLADO FACUNDO,false,false,erp,67591,MELLADO FACUNDO
67592,108,2026-04-07,confirmado,103508.87,ERP RESERVA CONFIRMADA vendedor=MELLADO FACUNDO,false,false,erp,67592,MELLADO FACUNDO
67593,1801,2026-04-07,facturado,110351.58,ERP VENTA vendedor=MELLADO FACUNDO,false,false,erp,67593,MELLADO FACUNDO
67594,1801,2026-04-07,facturado,14356.17,ERP VENTA vendedor=MELLADO FACUNDO,false,false,erp,67594,MELLADO FACUNDO
67595,338,2026-04-07,facturado,85303.82,ERP VENTA vendedor=MELLADO FACUNDO,false,false,erp,67595,MELLADO FACUNDO
67597,1607,2026-04-07,facturado,50678.18,ERP VENTA vendedor=MELLADO FACUNDO,false,false,erp,67597,MELLADO FACUNDO
67598,778,2026-04-07,facturado,80104.98,ERP VENTA vendedor=MELLADO FACUNDO,false,false,erp,67598,MELLADO FACUNDO
67599,184,2026-04-07,confirmado,301174.05,ERP RESERVA CONFIRMADA vendedor=MELLADO FACUNDO,false,false,erp,67599,MELLADO FACUNDO
67602,1039,2026-04-07,facturado,52418.19,ERP VENTA vendedor=MELLADO FACUNDO,false,false,erp,67602,MELLADO FACUNDO
67603,1612,2026-04-07,facturado,74011.41,ERP VENTA vendedor=MELLADO FACUNDO,false,false,erp,67603,MELLADO FACUNDO
67544,1326,2026-04-06,confirmado,61364.05,ERP RESERVA CONFIRMADA vendedor=MELLADO FACUNDO,false,false,erp,67544,MELLADO FACUNDO
67545,1326,2026-04-06,confirmado,419593.24,ERP RESERVA CONFIRMADA vendedor=MELLADO FACUNDO,false,false,erp,67545,MELLADO FACUNDO
67546,1326,2026-04-06,confirmado,1460493.80,ERP RESERVA CONFIRMADA vendedor=MELLADO FACUNDO,false,false,erp,67546,MELLADO FACUNDO
67547,1894,2026-04-06,confirmado,207995.62,ERP RESERVA CONFIRMADA vendedor=MELLADO FACUNDO,false,false,erp,67547,MELLADO FACUNDO
67548,35,2026-04-06,confirmado,301330.54,ERP RESERVA CONFIRMADA vendedor=MELLADO FACUNDO,false,false,erp,67548,MELLADO FACUNDO
67549,909,2026-04-06,confirmado,205166.68,ERP RESERVA CONFIRMADA vendedor=MELLADO FACUNDO,false,false,erp,67549,MELLADO FACUNDO
67550,787,2026-04-06,confirmado,306055.01,ERP RESERVA CONFIRMADA vendedor=MELLADO FACUNDO,false,false,erp,67550,MELLADO FACUNDO
67551,909,2026-04-06,confirmado,217111.13,ERP RESERVA CONFIRMADA vendedor=MELLADO FACUNDO,false,false,erp,67551,MELLADO FACUNDO
67552,1586,2026-04-06,confirmado,441068.10,ERP RESERVA CONFIRMADA vendedor=MELLADO FACUNDO,false,false,erp,67552,MELLADO FACUNDO
67553,837,2026-04-06,confirmado,170460.03,ERP RESERVA CONFIRMADA vendedor=MELLADO FACUNDO,false,false,erp,67553,MELLADO FACUNDO
67554,1010,2026-04-06,confirmado,122999.56,ERP RESERVA CONFIRMADA vendedor=MELLADO FACUNDO,false,false,erp,67554,MELLADO FACUNDO
67555,1820,2026-04-06,confirmado,70331.21,ERP RESERVA CONFIRMADA vendedor=MELLADO FACUNDO,false,false,erp,67555,MELLADO FACUNDO
67556,652,2026-04-06,facturado,258932.76,ERP VENTA vendedor=ALEGRIA ESTEBAN,false,false,erp,67556,ALEGRIA ESTEBAN
67558,1735,2026-04-06,confirmado,362430.66,ERP RESERVA CONFIRMADA vendedor=MELLADO FACUNDO,false,false,erp,67558,MELLADO FACUNDO
67560,1137,2026-04-06,confirmado,110663.63,ERP RESERVA CONFIRMADA vendedor=MELLADO FACUNDO,false,false,erp,67560,MELLADO FACUNDO
67561,908,2026-04-06,confirmado,176051.87,ERP RESERVA CONFIRMADA vendedor=MELLADO FACUNDO,false,false,erp,67561,MELLADO FACUNDO
67562,952,2026-04-06,confirmado,181959.28,ERP RESERVA CONFIRMADA vendedor=MELLADO FACUNDO,false,false,erp,67562,MELLADO FACUNDO
67564,630,2026-04-06,confirmado,245591.88,ERP RESERVA CONFIRMADA vendedor=MELLADO FACUNDO,false,false,erp,67564,MELLADO FACUNDO
67565,650,2026-04-06,confirmado,270454.97,ERP RESERVA CONFIRMADA vendedor=MELLADO FACUNDO,false,false,erp,67565,MELLADO FACUNDO
67566,872,2026-04-06,confirmado,278608.40,ERP RESERVA CONFIRMADA vendedor=MELLADO FACUNDO,false,false,erp,67566,MELLADO FACUNDO
67567,710,2026-04-06,facturado,70009.43,ERP VENTA vendedor=MELLADO FACUNDO,false,false,erp,67567,MELLADO FACUNDO
67568,710,2026-04-06,facturado,76911.09,ERP VENTA vendedor=MELLADO FACUNDO,false,false,erp,67568,MELLADO FACUNDO
67569,509,2026-04-06,confirmado,214885.35,ERP RESERVA CONFIRMADA vendedor=ALEGRIA ESTEBAN,false,false,erp,67569,ALEGRIA ESTEBAN
67570,796,2026-04-06,confirmado,564021.01,ERP RESERVA CONFIRMADA vendedor=ALEGRIA ESTEBAN,false,false,erp,67570,ALEGRIA ESTEBAN
67571,532,2026-04-06,facturado,215849.53,ERP VENTA vendedor=MELLADO FACUNDO,false,false,erp,67571,MELLADO FACUNDO
67572,316,2026-04-06,facturado,251409.64,ERP VENTA vendedor=MELLADO FACUNDO,false,false,erp,67572,MELLADO FACUNDO
67574,354,2026-04-06,confirmado,299894.19,ERP RESERVA CONFIRMADA vendedor=MELLADO FACUNDO,false,false,erp,67574,MELLADO FACUNDO
67575,1241,2026-04-06,confirmado,241570.42,ERP RESERVA CONFIRMADA vendedor=MELLADO FACUNDO,false,false,erp,67575,MELLADO FACUNDO
67577,1512,2026-04-06,confirmado,163888.19,ERP RESERVA CONFIRMADA vendedor=MELLADO FACUNDO,false,false,erp,67577,MELLADO FACUNDO
67579,35,2026-04-06,facturado,70657.00,ERP VENTA vendedor=MELLADO FACUNDO,false,false,erp,67579,MELLADO FACUNDO
67580,31,2026-04-06,confirmado,35826.94,ERP RESERVA CONFIRMADA vendedor=MELLADO FACUNDO,false,false,erp,67580,MELLADO FACUNDO
67531,161,2026-04-04,facturado,267492.50,ERP VENTA vendedor=MELLADO FACUNDO,false,false,erp,67531,MELLADO FACUNDO
67532,161,2026-04-04,facturado,301009.35,ERP VENTA vendedor=MELLADO FACUNDO,false,false,erp,67532,MELLADO FACUNDO
67533,968,2026-04-04,facturado,254418.33,ERP VENTA vendedor=MELLADO FACUNDO,false,false,erp,67533,MELLADO FACUNDO
67534,1909,2026-04-04,facturado,66371.74,ERP VENTA vendedor=MELLADO FACUNDO,false,false,erp,67534,MELLADO FACUNDO
67535,857,2026-04-04,facturado,22024.95,ERP VENTA vendedor=MELLADO FACUNDO,false,false,erp,67535,MELLADO FACUNDO
67536,1817,2026-04-04,facturado,64871.99,ERP VENTA vendedor=ALEGRIA ESTEBAN,false,false,erp,67536,ALEGRIA ESTEBAN
67537,1735,2026-04-04,facturado,312254.16,ERP VENTA vendedor=ALEGRIA ESTEBAN,false,false,erp,67537,ALEGRIA ESTEBAN
67538,1414,2026-04-04,facturado,580483.85,ERP VENTA vendedor=MELLADO FACUNDO,false,false,erp,67538,MELLADO FACUNDO
67539,1754,2026-04-04,facturado,188897.81,ERP VENTA vendedor=MELLADO FACUNDO,false,false,erp,67539,MELLADO FACUNDO
67540,1832,2026-04-04,facturado,185733.41,ERP VENTA vendedor=MELLADO FACUNDO,false,false,erp,67540,MELLADO FACUNDO
67541,1722,2026-04-04,facturado,59973.14,ERP VENTA vendedor=MELLADO FACUNDO,false,false,erp,67541,MELLADO FACUNDO
67542,1417,2026-04-04,facturado,247652.88,ERP VENTA vendedor=MELLADO FACUNDO,false,false,erp,67542,MELLADO FACUNDO
67543,695,2026-04-04,facturado,202997.47,ERP VENTA vendedor=ALEGRIA ESTEBAN,false,false,erp,67543,ALEGRIA ESTEBAN
67516,1042,2026-04-01,facturado,99259.41,ERP VENTA vendedor=ALEGRIA ESTEBAN,false,false,erp,67516,ALEGRIA ESTEBAN
67517,971,2026-04-01,facturado,708648.65,ERP VENTA vendedor=ALEGRIA ESTEBAN,false,false,erp,67517,ALEGRIA ESTEBAN
67518,857,2026-04-01,confirmado,375631.32,ERP RESERVA CONFIRMADA vendedor=ALEGRIA ESTEBAN,false,false,erp,67518,ALEGRIA ESTEBAN
67519,1320,2026-04-01,confirmado,129466.38,ERP RESERVA CONFIRMADA vendedor=ALEGRIA ESTEBAN,false,false,erp,67519,ALEGRIA ESTEBAN
67520,857,2026-04-01,facturado,23380.31,ERP VENTA vendedor=ALEGRIA ESTEBAN,false,false,erp,67520,ALEGRIA ESTEBAN
67521,993,2026-04-01,confirmado,345264.98,ERP RESERVA CONFIRMADA vendedor=ALEGRIA ESTEBAN,false,false,erp,67521,ALEGRIA ESTEBAN
67522,75,2026-04-01,facturado,166108.18,ERP VENTA vendedor=ALEGRIA ESTEBAN,false,false,erp,67522,ALEGRIA ESTEBAN
67523,971,2026-04-01,facturado,320917.65,ERP VENTA vendedor=ALEGRIA ESTEBAN,false,false,erp,67523,ALEGRIA ESTEBAN
67524,161,2026-04-01,facturado,100237.81,ERP VENTA vendedor=ALEGRIA ESTEBAN,false,false,erp,67524,ALEGRIA ESTEBAN
67525,1519,2026-04-01,facturado,99407.21,ERP VENTA vendedor=ALEGRIA ESTEBAN,false,false,erp,67525,ALEGRIA ESTEBAN
67526,797,2026-04-01,facturado,759709.54,ERP VENTA vendedor=ALEGRIA ESTEBAN,false,false,erp,67526,ALEGRIA ESTEBAN
67527,1417,2026-04-01,facturado,260523.01,ERP VENTA vendedor=ALEGRIA ESTEBAN,false,false,erp,67527,ALEGRIA ESTEBAN
67528,1042,2026-04-01,facturado,56428.24,ERP VENTA vendedor=ALEGRIA ESTEBAN,false,false,erp,67528,ALEGRIA ESTEBAN
67529,1342,2026-04-01,facturado,357533.20,ERP VENTA vendedor=ALEGRIA ESTEBAN,false,false,erp,67529,ALEGRIA ESTEBAN
67530,42,2026-04-01,facturado,132833.88,ERP VENTA vendedor=ALEGRIA ESTEBAN,false,false,erp,67530,ALEGRIA ESTEBAN
67390,957,2026-03-31,confirmado,107861.70,ERP RESERVA CONFIRMADA vendedor=MELLADO FACUNDO,false,false,erp,67390,MELLADO FACUNDO
67438,1735,2026-03-31,confirmado,197874.12,ERP RESERVA CONFIRMADA vendedor=MELLADO FACUNDO,false,false,erp,67438,MELLADO FACUNDO
67450,1384,2026-03-31,confirmado,396677.64,ERP RESERVA CONFIRMADA vendedor=MELLADO FACUNDO,false,false,erp,67450,MELLADO FACUNDO
67452,1878,2026-03-31,confirmado,269812.75,ERP RESERVA CONFIRMADA vendedor=MELLADO FACUNDO,false,false,erp,67452,MELLADO FACUNDO
67454,1320,2026-03-31,confirmado,112310.61,ERP RESERVA CONFIRMADA vendedor=MELLADO FACUNDO,false,false,erp,67454,MELLADO FACUNDO
67456,1159,2026-03-31,confirmado,172376.79,ERP RESERVA CONFIRMADA vendedor=MELLADO FACUNDO,false,false,erp,67456,MELLADO FACUNDO
67458,35,2026-03-31,confirmado,651326.91,ERP RESERVA CONFIRMADA vendedor=MELLADO FACUNDO,false,false,erp,67458,MELLADO FACUNDO
67459,151,2026-03-31,confirmado,474354.46,ERP RESERVA CONFIRMADA vendedor=MELLADO FACUNDO,false,false,erp,67459,MELLADO FACUNDO
67462,1438,2026-03-31,confirmado,77865.20,ERP RESERVA CONFIRMADA vendedor=MELLADO FACUNDO,false,false,erp,67462,MELLADO FACUNDO
67465,1359,2026-03-31,confirmado,91319.11,ERP RESERVA CONFIRMADA vendedor=MELLADO FACUNDO,false,false,erp,67465,MELLADO FACUNDO
67482,419,2026-03-31,confirmado,361849.42,ERP RESERVA CONFIRMADA vendedor=MELLADO FACUNDO,false,false,erp,67482,MELLADO FACUNDO
67483,1063,2026-03-31,confirmado,86451.17,ERP RESERVA CONFIRMADA vendedor=MELLADO FACUNDO,false,false,erp,67483,MELLADO FACUNDO
67484,700,2026-03-31,confirmado,102235.50,ERP RESERVA CONFIRMADA vendedor=MELLADO FACUNDO,false,false,erp,67484,MELLADO FACUNDO
67485,1892,2026-03-31,facturado,76672.15,ERP VENTA vendedor=MELLADO FACUNDO,false,false,erp,67485,MELLADO FACUNDO
67486,1580,2026-03-31,facturado,89818.56,ERP VENTA vendedor=ALEGRIA ESTEBAN,false,false,erp,67486,ALEGRIA ESTEBAN
67487,974,2026-03-31,facturado,392763.80,ERP VENTA vendedor=MELLADO FACUNDO,false,false,erp,67487,MELLADO FACUNDO
67488,89,2026-03-31,confirmado,1058764.81,ERP RESERVA CONFIRMADA vendedor=MELLADO FACUNDO,false,false,erp,67488,MELLADO FACUNDO
67489,947,2026-03-31,confirmado,305650.30,ERP RESERVA CONFIRMADA vendedor=MELLADO FACUNDO,false,false,erp,67489,MELLADO FACUNDO
67490,1489,2026-03-31,confirmado,194480.63,ERP RESERVA CONFIRMADA vendedor=MELLADO FACUNDO,false,false,erp,67490,MELLADO FACUNDO
67491,499,2026-03-31,confirmado,98260.50,ERP RESERVA CONFIRMADA vendedor=MELLADO FACUNDO,false,false,erp,67491,MELLADO FACUNDO
67492,1454,2026-03-31,confirmado,244070.61,ERP RESERVA CONFIRMADA vendedor=MELLADO FACUNDO,false,false,erp,67492,MELLADO FACUNDO
67493,152,2026-03-31,confirmado,262813.44,ERP RESERVA CONFIRMADA vendedor=MELLADO FACUNDO,false,false,erp,67493,MELLADO FACUNDO
67494,316,2026-03-31,facturado,16437.76,ERP VENTA vendedor=MELLADO FACUNDO,false,false,erp,67494,MELLADO FACUNDO
67495,140,2026-03-31,confirmado,278899.08,ERP RESERVA CONFIRMADA vendedor=MELLADO FACUNDO,false,false,erp,67495,MELLADO FACUNDO
67496,56,2026-03-31,confirmado,425427.68,ERP RESERVA CONFIRMADA vendedor=MELLADO FACUNDO,false,false,erp,67496,MELLADO FACUNDO
67497,110,2026-03-31,facturado,552570.77,ERP VENTA vendedor=MELLADO FACUNDO,false,false,erp,67497,MELLADO FACUNDO
67498,316,2026-03-31,facturado,522513.60,ERP VENTA vendedor=MELLADO FACUNDO,false,false,erp,67498,MELLADO FACUNDO
67499,1146,2026-03-31,confirmado,1382409.40,ERP RESERVA CONFIRMADA vendedor=MELLADO FACUNDO,false,false,erp,67499,MELLADO FACUNDO
67500,38,2026-03-31,confirmado,136633.26,ERP RESERVA CONFIRMADA vendedor=MELLADO FACUNDO,false,false,erp,67500,MELLADO FACUNDO
67501,1774,2026-03-31,facturado,156339.93,ERP VENTA vendedor=MELLADO FACUNDO,false,false,erp,67501,MELLADO FACUNDO
67502,710,2026-03-31,facturado,82163.19,ERP VENTA vendedor=MELLADO FACUNDO,false,false,erp,67502,MELLADO FACUNDO
67503,710,2026-03-31,facturado,55370.58,ERP VENTA vendedor=MELLADO FACUNDO,false,false,erp,67503,MELLADO FACUNDO
67504,710,2026-03-31,facturado,5238.20,ERP VENTA vendedor=MELLADO FACUNDO,false,false,erp,67504,MELLADO FACUNDO
67505,1120,2026-03-31,confirmado,142582.25,ERP RESERVA CONFIRMADA vendedor=MELLADO FACUNDO,false,false,erp,67505,MELLADO FACUNDO
67506,1848,2026-03-31,confirmado,307664.78,ERP RESERVA CONFIRMADA vendedor=MELLADO FACUNDO,false,false,erp,67506,MELLADO FACUNDO
67507,7,2026-03-31,confirmado,482089.99,ERP RESERVA CONFIRMADA vendedor=MELLADO FACUNDO,false,false,erp,67507,MELLADO FACUNDO
67508,996,2026-03-31,confirmado,420764.32,ERP RESERVA CONFIRMADA vendedor=MELLADO FACUNDO,false,false,erp,67508,MELLADO FACUNDO
67509,1706,2026-03-31,facturado,187038.58,ERP VENTA vendedor=MELLADO FACUNDO,false,false,erp,67509,MELLADO FACUNDO
67510,200,2026-03-31,confirmado,307418.91,ERP RESERVA CONFIRMADA vendedor=MELLADO FACUNDO,false,false,erp,67510,MELLADO FACUNDO
67511,316,2026-03-31,facturado,27075.80,ERP VENTA vendedor=MELLADO FACUNDO,false,false,erp,67511,MELLADO FACUNDO
67512,1762,2026-03-31,facturado,62482.10,ERP VENTA vendedor=MELLADO FACUNDO,false,false,erp,67512,MELLADO FACUNDO
67513,1239,2026-03-31,facturado,194199.57,ERP VENTA vendedor=MELLADO FACUNDO,false,false,erp,67513,MELLADO FACUNDO
67514,1651,2026-03-31,confirmado,660539.64,ERP RESERVA CONFIRMADA vendedor=MELLADO FACUNDO,false,false,erp,67514,MELLADO FACUNDO
67515,40,2026-03-31,confirmado,124172.97,ERP RESERVA CONFIRMADA vendedor=MELLADO FACUNDO,false,false,erp,67515,MELLADO FACUNDO
67431,1326,2026-03-30,confirmado,369891.29,ERP RESERVA CONFIRMADA vendedor=MELLADO FACUNDO,false,false,erp,67431,MELLADO FACUNDO
67432,909,2026-03-30,confirmado,159473.63,ERP RESERVA CONFIRMADA vendedor=MELLADO FACUNDO,false,false,erp,67432,MELLADO FACUNDO
67433,1010,2026-03-30,confirmado,135291.79,ERP RESERVA CONFIRMADA vendedor=MELLADO FACUNDO,false,false,erp,67433,MELLADO FACUNDO
67434,909,2026-03-30,confirmado,109201.01,ERP RESERVA CONFIRMADA vendedor=MELLADO FACUNDO,false,false,erp,67434,MELLADO FACUNDO
67435,909,2026-03-30,confirmado,163419.02,ERP RESERVA CONFIRMADA vendedor=MELLADO FACUNDO,false,false,erp,67435,MELLADO FACUNDO
67436,1586,2026-03-30,confirmado,410134.64,ERP RESERVA CONFIRMADA vendedor=MELLADO FACUNDO,false,false,erp,67436,MELLADO FACUNDO
67437,1735,2026-03-30,confirmado,201436.62,ERP RESERVA CONFIRMADA vendedor=MELLADO FACUNDO,false,false,erp,67437,MELLADO FACUNDO
67439,1442,2026-03-30,facturado,303845.78,ERP VENTA vendedor=MELLADO FACUNDO,false,false,erp,67439,MELLADO FACUNDO
67440,1580,2026-03-30,facturado,132312.84,ERP VENTA vendedor=MELLADO FACUNDO,false,false,erp,67440,MELLADO FACUNDO
67441,316,2026-03-30,facturado,228707.64,ERP VENTA vendedor=ALEGRIA ESTEBAN,false,false,erp,67441,ALEGRIA ESTEBAN
67442,1869,2026-03-30,facturado,85606.24,ERP VENTA vendedor=MELLADO FACUNDO,false,false,erp,67442,MELLADO FACUNDO
67443,35,2026-03-30,facturado,151220.71,ERP VENTA vendedor=MELLADO FACUNDO,false,false,erp,67443,MELLADO FACUNDO
67444,1442,2026-03-30,confirmado,745598.29,ERP RESERVA CONFIRMADA vendedor=MELLADO FACUNDO,false,false,erp,67444,MELLADO FACUNDO
67445,1698,2026-03-30,confirmado,77865.20,ERP RESERVA CONFIRMADA vendedor=MELLADO FACUNDO,false,false,erp,67445,MELLADO FACUNDO
67447,1858,2026-03-30,confirmado,119756.12,ERP RESERVA CONFIRMADA vendedor=MELLADO FACUNDO,false,false,erp,67447,MELLADO FACUNDO
67448,1539,2026-03-30,facturado,248048.42,ERP VENTA vendedor=MELLADO FACUNDO,false,false,erp,67448,MELLADO FACUNDO
67449,971,2026-03-30,facturado,129324.69,ERP VENTA vendedor=MELLADO FACUNDO,false,false,erp,67449,MELLADO FACUNDO
67451,1733,2026-03-30,facturado,125407.34,ERP VENTA vendedor=MELLADO FACUNDO,false,false,erp,67451,MELLADO FACUNDO
67453,611,2026-03-30,facturado,87000.00,ERP VENTA vendedor=MELLADO FACUNDO,false,false,erp,67453,MELLADO FACUNDO
67455,574,2026-03-30,confirmado,100796.03,ERP RESERVA CONFIRMADA vendedor=MELLADO FACUNDO,false,false,erp,67455,MELLADO FACUNDO
67457,1849,2026-03-30,confirmado,115204.02,ERP RESERVA CONFIRMADA vendedor=MELLADO FACUNDO,false,false,erp,67457,MELLADO FACUNDO
67460,630,2026-03-30,confirmado,81000.66,ERP RESERVA CONFIRMADA vendedor=MELLADO FACUNDO,false,false,erp,67460,MELLADO FACUNDO
67463,1137,2026-03-30,confirmado,259338.90,ERP RESERVA CONFIRMADA vendedor=MELLADO FACUNDO,false,false,erp,67463,MELLADO FACUNDO
67464,851,2026-03-30,confirmado,108107.92,ERP RESERVA CONFIRMADA vendedor=MELLADO FACUNDO,false,false,erp,67464,MELLADO FACUNDO
67466,650,2026-03-30,confirmado,273639.44,ERP RESERVA CONFIRMADA vendedor=MELLADO FACUNDO,false,false,erp,67466,MELLADO FACUNDO
67467,354,2026-03-30,confirmado,178556.72,ERP RESERVA CONFIRMADA vendedor=MELLADO FACUNDO,false,false,erp,67467,MELLADO FACUNDO
67468,75,2026-03-30,facturado,56275.32,ERP VENTA vendedor=ALEGRIA ESTEBAN,false,false,erp,67468,ALEGRIA ESTEBAN
67469,1868,2026-03-30,confirmado,125030.80,ERP RESERVA CONFIRMADA vendedor=MELLADO FACUNDO,false,false,erp,67469,MELLADO FACUNDO
67470,952,2026-03-30,confirmado,218753.58,ERP RESERVA CONFIRMADA vendedor=MELLADO FACUNDO,false,false,erp,67470,MELLADO FACUNDO
67473,891,2026-03-30,facturado,511612.69,ERP VENTA vendedor=MELLADO FACUNDO,false,false,erp,67473,MELLADO FACUNDO
67474,1414,2026-03-30,facturado,318021.38,ERP VENTA vendedor=MELLADO FACUNDO,false,false,erp,67474,MELLADO FACUNDO
67475,1202,2026-03-30,facturado,296466.68,ERP VENTA vendedor=ALEGRIA ESTEBAN,false,false,erp,67475,ALEGRIA ESTEBAN
67476,173,2026-03-30,facturado,1361158.67,ERP VENTA vendedor=MELLADO FACUNDO,false,false,erp,67476,MELLADO FACUNDO
67477,173,2026-03-30,facturado,198429.75,ERP VENTA vendedor=MELLADO FACUNDO,false,false,erp,67477,MELLADO FACUNDO
67478,839,2026-03-30,confirmado,198324.33,ERP RESERVA CONFIRMADA vendedor=MELLADO FACUNDO,false,false,erp,67478,MELLADO FACUNDO
67479,796,2026-03-30,confirmado,820260.46,ERP RESERVA CONFIRMADA vendedor=MELLADO FACUNDO,false,false,erp,67479,MELLADO FACUNDO
67480,1512,2026-03-30,confirmado,371962.28,ERP RESERVA CONFIRMADA vendedor=MELLADO FACUNDO,false,false,erp,67480,MELLADO FACUNDO
67481,184,2026-03-30,facturado,233256.80,ERP VENTA vendedor=MELLADO FACUNDO,false,false,erp,67481,MELLADO FACUNDO
67419,532,2026-03-28,facturado,169468.92,ERP VENTA vendedor=MELLADO FACUNDO,false,false,erp,67419,MELLADO FACUNDO
67420,1326,2026-03-28,confirmado,853482.78,ERP RESERVA CONFIRMADA vendedor=MELLADO FACUNDO,false,false,erp,67420,MELLADO FACUNDO
67421,1326,2026-03-28,confirmado,690239.76,ERP RESERVA CONFIRMADA vendedor=MELLADO FACUNDO,false,false,erp,67421,MELLADO FACUNDO
67423,1858,2026-03-28,facturado,64007.72,ERP VENTA vendedor=MELLADO FACUNDO,false,false,erp,67423,MELLADO FACUNDO
67424,633,2026-03-28,facturado,76119.77,ERP VENTA vendedor=MELLADO FACUNDO,false,false,erp,67424,MELLADO FACUNDO
67425,1905,2026-03-28,facturado,72208.95,ERP VENTA vendedor=MELLADO FACUNDO,false,false,erp,67425,MELLADO FACUNDO
67426,90,2026-03-28,facturado,71620.92,ERP VENTA vendedor=MELLADO FACUNDO,false,false,erp,67426,MELLADO FACUNDO
67427,1609,2026-03-28,facturado,312649.76,ERP VENTA vendedor=MELLADO FACUNDO,false,false,erp,67427,MELLADO FACUNDO
67428,1757,2026-03-28,confirmado,143522.02,ERP RESERVA CONFIRMADA vendedor=MELLADO FACUNDO,false,false,erp,67428,MELLADO FACUNDO
67429,1906,2026-03-28,facturado,93413.91,ERP VENTA vendedor=MELLADO FACUNDO,false,false,erp,67429,MELLADO FACUNDO
67430,1861,2026-03-28,facturado,59400.00,ERP VENTA vendedor=MELLADO FACUNDO,false,false,erp,67430,MELLADO FACUNDO
67398,328,2026-03-27,facturado,1324893.60,ERP VENTA vendedor=MELLADO FACUNDO,false,false,erp,67398,MELLADO FACUNDO
67399,964,2026-03-27,facturado,87651.77,ERP VENTA vendedor=MELLADO FACUNDO,false,false,erp,67399,MELLADO FACUNDO
67400,947,2026-03-27,facturado,1824922.00,ERP VENTA vendedor=MELLADO FACUNDO,false,false,erp,67400,MELLADO FACUNDO
67401,710,2026-03-27,facturado,83158.21,ERP VENTA vendedor=MELLADO FACUNDO,false,false,erp,67401,MELLADO FACUNDO
67402,710,2026-03-27,facturado,87522.15,ERP VENTA vendedor=MELLADO FACUNDO,false,false,erp,67402,MELLADO FACUNDO
67403,1754,2026-03-27,facturado,7698.67,ERP VENTA vendedor=MELLADO FACUNDO,false,false,erp,67403,MELLADO FACUNDO
67404,522,2026-03-27,facturado,388399.14,ERP VENTA vendedor=MELLADO FACUNDO,false,false,erp,67404,MELLADO FACUNDO
67405,947,2026-03-27,facturado,2208156.00,ERP VENTA vendedor=MELLADO FACUNDO,false,false,erp,67405,MELLADO FACUNDO
67406,1672,2026-03-27,facturado,48892.60,ERP VENTA vendedor=MELLADO FACUNDO,false,false,erp,67406,MELLADO FACUNDO
67407,361,2026-03-27,facturado,56164.44,ERP VENTA vendedor=MELLADO FACUNDO,false,false,erp,67407,MELLADO FACUNDO
67408,1684,2026-03-27,facturado,64733.19,ERP VENTA vendedor=MELLADO FACUNDO,false,false,erp,67408,MELLADO FACUNDO
67409,1044,2026-03-27,facturado,242975.42,ERP VENTA vendedor=MELLADO FACUNDO,false,false,erp,67409,MELLADO FACUNDO
67410,1832,2026-03-27,facturado,91156.17,ERP VENTA vendedor=MELLADO FACUNDO,false,false,erp,67410,MELLADO FACUNDO
67411,993,2026-03-27,confirmado,651435.57,ERP RESERVA CONFIRMADA vendedor=MELLADO FACUNDO,false,false,erp,67411,MELLADO FACUNDO
67412,1851,2026-03-27,confirmado,43560.00,ERP RESERVA CONFIRMADA vendedor=MELLADO FACUNDO,false,false,erp,67412,MELLADO FACUNDO
67413,1904,2026-03-27,facturado,55126.74,ERP VENTA vendedor=MELLADO FACUNDO,false,false,erp,67413,MELLADO FACUNDO
67414,161,2026-03-27,facturado,155043.91,ERP VENTA vendedor=MELLADO FACUNDO,false,false,erp,67414,MELLADO FACUNDO
67415,1580,2026-03-27,facturado,122766.57,ERP VENTA vendedor=MELLADO FACUNDO,false,false,erp,67415,MELLADO FACUNDO
67416,1869,2026-03-27,facturado,171558.85,ERP VENTA vendedor=MELLADO FACUNDO,false,false,erp,67416,MELLADO FACUNDO
67417,678,2026-03-27,facturado,64733.19,ERP VENTA vendedor=MELLADO FACUNDO,false,false,erp,67417,MELLADO FACUNDO
67418,678,2026-03-27,facturado,23792.88,ERP VENTA vendedor=MELLADO FACUNDO,false,false,erp,67418,MELLADO FACUNDO
67350,200,2026-03-26,confirmado,183672.50,ERP RESERVA CONFIRMADA vendedor=MELLADO FACUNDO,false,false,erp,67350,MELLADO FACUNDO
67356,1320,2026-03-26,confirmado,164439.28,ERP RESERVA CONFIRMADA vendedor=MELLADO FACUNDO,false,false,erp,67356,MELLADO FACUNDO
67360,1651,2026-03-26,confirmado,937779.97,ERP RESERVA CONFIRMADA vendedor=MELLADO FACUNDO,false,false,erp,67360,MELLADO FACUNDO
67363,152,2026-03-26,confirmado,129466.38,ERP RESERVA CONFIRMADA vendedor=MELLADO FACUNDO,false,false,erp,67363,MELLADO FACUNDO
67368,35,2026-03-26,confirmado,386423.63,ERP RESERVA CONFIRMADA vendedor=MELLADO FACUNDO,false,false,erp,67368,MELLADO FACUNDO
67369,38,2026-03-26,confirmado,136566.15,ERP RESERVA CONFIRMADA vendedor=MELLADO FACUNDO,false,false,erp,67369,MELLADO FACUNDO
67370,75,2026-03-26,confirmado,116731.84,ERP RESERVA CONFIRMADA vendedor=MELLADO FACUNDO,false,false,erp,67370,MELLADO FACUNDO
67371,385,2026-03-26,confirmado,114048.48,ERP RESERVA CONFIRMADA vendedor=MELLADO FACUNDO,false,false,erp,67371,MELLADO FACUNDO
67372,1146,2026-03-26,confirmado,576454.90,ERP RESERVA CONFIRMADA vendedor=MELLADO FACUNDO,false,false,erp,67372,MELLADO FACUNDO
67373,7,2026-03-26,confirmado,276101.20,ERP RESERVA CONFIRMADA vendedor=MELLADO FACUNDO,false,false,erp,67373,MELLADO FACUNDO
67374,996,2026-03-26,confirmado,241403.65,ERP RESERVA CONFIRMADA vendedor=MELLADO FACUNDO,false,false,erp,67374,MELLADO FACUNDO
67375,307,2026-03-26,facturado,80595.20,ERP VENTA vendedor=MELLADO FACUNDO,false,false,erp,67375,MELLADO FACUNDO
67376,1860,2026-03-26,facturado,87120.00,ERP VENTA vendedor=MELLADO FACUNDO,false,false,erp,67376,MELLADO FACUNDO
67377,1735,2026-03-26,confirmado,145697.10,ERP RESERVA CONFIRMADA vendedor=MELLADO FACUNDO,false,false,erp,67377,MELLADO FACUNDO
67378,328,2026-03-26,facturado,1094953.20,ERP VENTA vendedor=MELLADO FACUNDO,false,false,erp,67378,MELLADO FACUNDO
67379,1606,2026-03-26,confirmado,286060.93,ERP RESERVA CONFIRMADA vendedor=MELLADO FACUNDO,false,false,erp,67379,MELLADO FACUNDO
67380,1176,2026-03-26,facturado,63132.38,ERP VENTA vendedor=MELLADO FACUNDO,false,false,erp,67380,MELLADO FACUNDO
67381,963,2026-03-26,facturado,65110.39,ERP VENTA vendedor=MELLADO FACUNDO,false,false,erp,67381,MELLADO FACUNDO
67382,1533,2026-03-26,confirmado,208189.84,ERP RESERVA CONFIRMADA vendedor=MELLADO FACUNDO,false,false,erp,67382,MELLADO FACUNDO
67383,1512,2026-03-26,confirmado,95137.90,ERP RESERVA CONFIRMADA vendedor=MELLADO FACUNDO,false,false,erp,67383,MELLADO FACUNDO
67384,971,2026-03-26,facturado,311238.55,ERP VENTA vendedor=MELLADO FACUNDO,false,false,erp,67384,MELLADO FACUNDO
67385,962,2026-03-26,confirmado,107356.96,ERP RESERVA CONFIRMADA vendedor=MELLADO FACUNDO,false,false,erp,67385,MELLADO FACUNDO
67386,1754,2026-03-26,facturado,85181.17,ERP VENTA vendedor=MELLADO FACUNDO,false,false,erp,67386,MELLADO FACUNDO
67388,1900,2026-03-26,facturado,158620.10,ERP VENTA vendedor=ALEGRIA ESTEBAN,false,false,erp,67388,ALEGRIA ESTEBAN
67389,1851,2026-03-26,confirmado,202105.90,ERP RESERVA CONFIRMADA vendedor=MELLADO FACUNDO,false,false,erp,67389,MELLADO FACUNDO
67391,1901,2026-03-26,facturado,87000.00,ERP VENTA vendedor=MELLADO FACUNDO,false,false,erp,67391,MELLADO FACUNDO
67392,16,2026-03-26,facturado,702978.29,ERP VENTA vendedor=MELLADO FACUNDO,false,false,erp,67392,MELLADO FACUNDO
67393,16,2026-03-26,confirmado,222215.64,ERP RESERVA CONFIRMADA vendedor=MELLADO FACUNDO,false,false,erp,67393,MELLADO FACUNDO
67394,1728,2026-03-26,confirmado,462471.89,ERP RESERVA CONFIRMADA vendedor=MELLADO FACUNDO,false,false,erp,67394,MELLADO FACUNDO
67395,1599,2026-03-26,facturado,68673.25,ERP VENTA vendedor=MELLADO FACUNDO,false,false,erp,67395,MELLADO FACUNDO
67396,1903,2026-03-26,facturado,58939.50,ERP VENTA vendedor=MELLADO FACUNDO,false,false,erp,67396,MELLADO FACUNDO
67397,1831,2026-03-26,facturado,154345.02,ERP VENTA vendedor=MELLADO FACUNDO,false,false,erp,67397,MELLADO FACUNDO
67291,960,2026-03-25,confirmado,50953.95,ERP RESERVA CONFIRMADA vendedor=MELLADO FACUNDO,false,false,erp,67291,MELLADO FACUNDO
67345,905,2026-03-25,confirmado,116460.58,ERP RESERVA CONFIRMADA vendedor=MELLADO FACUNDO,false,false,erp,67345,MELLADO FACUNDO
67346,419,2026-03-25,confirmado,308349.09,ERP RESERVA CONFIRMADA vendedor=MELLADO FACUNDO,false,false,erp,67346,MELLADO FACUNDO
67347,1567,2026-03-25,confirmado,402563.69,ERP RESERVA CONFIRMADA vendedor=MELLADO FACUNDO,false,false,erp,67347,MELLADO FACUNDO
67348,31,2026-03-25,confirmado,524847.47,ERP RESERVA CONFIRMADA vendedor=MELLADO FACUNDO,false,false,erp,67348,MELLADO FACUNDO
67349,666,2026-03-25,confirmado,149301.84,ERP RESERVA CONFIRMADA vendedor=MELLADO FACUNDO,false,false,erp,67349,MELLADO FACUNDO
67351,316,2026-03-25,facturado,20682.38,ERP VENTA vendedor=MELLADO FACUNDO,false,false,erp,67351,MELLADO FACUNDO
67352,1899,2026-03-25,confirmado,176573.00,ERP RESERVA CONFIRMADA vendedor=MELLADO FACUNDO,false,false,erp,67352,MELLADO FACUNDO
67353,1638,2026-03-25,confirmado,428053.69,ERP RESERVA CONFIRMADA vendedor=MELLADO FACUNDO,false,false,erp,67353,MELLADO FACUNDO
67354,316,2026-03-25,facturado,55192.37,ERP VENTA vendedor=MELLADO FACUNDO,false,false,erp,67354,MELLADO FACUNDO
67355,1342,2026-03-25,confirmado,698422.16,ERP RESERVA CONFIRMADA vendedor=MELLADO FACUNDO,false,false,erp,67355,MELLADO FACUNDO
67357,1214,2026-03-25,confirmado,107595.21,ERP RESERVA CONFIRMADA vendedor=MELLADO FACUNDO,false,false,erp,67357,MELLADO FACUNDO
67358,971,2026-03-25,facturado,188365.45,ERP VENTA vendedor=MELLADO FACUNDO,false,false,erp,67358,MELLADO FACUNDO
67359,640,2026-03-25,facturado,768398.40,ERP VENTA vendedor=MELLADO FACUNDO,false,false,erp,67359,MELLADO FACUNDO
67361,1794,2026-03-25,confirmado,521747.31,ERP RESERVA CONFIRMADA vendedor=MELLADO FACUNDO,false,false,erp,67361,MELLADO FACUNDO
67362,56,2026-03-25,confirmado,234682.89,ERP RESERVA CONFIRMADA vendedor=MELLADO FACUNDO,false,false,erp,67362,MELLADO FACUNDO
67364,131,2026-03-25,confirmado,194880.17,ERP RESERVA CONFIRMADA vendedor=MELLADO FACUNDO,false,false,erp,67364,MELLADO FACUNDO
67365,110,2026-03-25,confirmado,863978.30,ERP RESERVA CONFIRMADA vendedor=MELLADO FACUNDO,false,false,erp,67365,MELLADO FACUNDO
67366,6,2026-03-25,confirmado,971754.65,ERP RESERVA CONFIRMADA vendedor=MELLADO FACUNDO,false,false,erp,67366,MELLADO FACUNDO
67305,787,2026-03-23,confirmado,274012.55,ERP RESERVA CONFIRMADA vendedor=MELLADO FACUNDO,false,false,erp,67305,MELLADO FACUNDO
67306,909,2026-03-23,confirmado,204849.01,ERP RESERVA CONFIRMADA vendedor=MELLADO FACUNDO,false,false,erp,67306,MELLADO FACUNDO
67307,909,2026-03-23,confirmado,115541.35,ERP RESERVA CONFIRMADA vendedor=MELLADO FACUNDO,false,false,erp,67307,MELLADO FACUNDO
67308,909,2026-03-23,confirmado,62719.36,ERP RESERVA CONFIRMADA vendedor=MELLADO FACUNDO,false,false,erp,67308,MELLADO FACUNDO
67309,1774,2026-03-23,facturado,1294982.09,ERP VENTA vendedor=MELLADO FACUNDO,false,false,erp,67309,MELLADO FACUNDO
67310,1586,2026-03-23,facturado,278814.64,ERP VENTA vendedor=MELLADO FACUNDO,false,false,erp,67310,MELLADO FACUNDO
67311,1326,2026-03-23,confirmado,133942.47,ERP RESERVA CONFIRMADA vendedor=MELLADO FACUNDO,false,false,erp,67311,MELLADO FACUNDO
67312,1735,2026-03-23,confirmado,59018.08,ERP RESERVA CONFIRMADA vendedor=MELLADO FACUNDO,false,false,erp,67312,MELLADO FACUNDO
67313,1735,2026-03-23,confirmado,210223.16,ERP RESERVA CONFIRMADA vendedor=MELLADO FACUNDO,false,false,erp,67313,MELLADO FACUNDO
67314,159,2026-03-23,confirmado,173972.90,ERP RESERVA CONFIRMADA vendedor=MELLADO FACUNDO,false,false,erp,67314,MELLADO FACUNDO
67315,1894,2026-03-23,confirmado,122651.81,ERP RESERVA CONFIRMADA vendedor=MELLADO FACUNDO,false,false,erp,67315,MELLADO FACUNDO
67316,35,2026-03-23,confirmado,472196.64,ERP RESERVA CONFIRMADA vendedor=MELLADO FACUNDO,false,false,erp,67316,MELLADO FACUNDO
67317,1241,2026-03-23,confirmado,332756.46,ERP RESERVA CONFIRMADA vendedor=MELLADO FACUNDO,false,false,erp,67317,MELLADO FACUNDO
67318,952,2026-03-23,confirmado,232053.30,ERP RESERVA CONFIRMADA vendedor=MELLADO FACUNDO,false,false,erp,67318,MELLADO FACUNDO
67319,1878,2026-03-23,confirmado,139111.83,ERP RESERVA CONFIRMADA vendedor=MELLADO FACUNDO,false,false,erp,67319,MELLADO FACUNDO
67321,1898,2026-03-23,facturado,51166.58,ERP VENTA vendedor=ALEGRIA ESTEBAN,false,false,erp,67321,ALEGRIA ESTEBAN
67322,1155,2026-03-23,confirmado,119366.84,ERP RESERVA CONFIRMADA vendedor=MELLADO FACUNDO,false,false,erp,67322,MELLADO FACUNDO
67323,1612,2026-03-23,facturado,79474.22,ERP VENTA vendedor=MELLADO FACUNDO,false,false,erp,67323,MELLADO FACUNDO
67324,591,2026-03-23,confirmado,264137.08,ERP RESERVA CONFIRMADA vendedor=MELLADO FACUNDO,false,false,erp,67324,MELLADO FACUNDO
67325,1307,2026-03-23,confirmado,303567.35,ERP RESERVA CONFIRMADA vendedor=MELLADO FACUNDO,false,false,erp,67325,MELLADO FACUNDO
67326,1137,2026-03-23,confirmado,397920.73,ERP RESERVA CONFIRMADA vendedor=MELLADO FACUNDO,false,false,erp,67326,MELLADO FACUNDO
67327,152,2026-03-23,confirmado,75163.15,ERP RESERVA CONFIRMADA vendedor=MELLADO FACUNDO,false,false,erp,67327,MELLADO FACUNDO
67328,1454,2026-03-23,facturado,170721.46,ERP VENTA vendedor=MELLADO FACUNDO,false,false,erp,67328,MELLADO FACUNDO
67329,851,2026-03-23,confirmado,380828.80,ERP RESERVA CONFIRMADA vendedor=ALEGRIA ESTEBAN,false,false,erp,67329,ALEGRIA ESTEBAN
67330,184,2026-03-23,confirmado,153172.00,ERP RESERVA CONFIRMADA vendedor=ALEGRIA ESTEBAN,false,false,erp,67330,ALEGRIA ESTEBAN
67331,1382,2026-03-23,confirmado,105780.89,ERP RESERVA CONFIRMADA vendedor=ALEGRIA ESTEBAN,false,false,erp,67331,ALEGRIA ESTEBAN
67332,700,2026-03-23,confirmado,93935.52,ERP RESERVA CONFIRMADA vendedor=ALEGRIA ESTEBAN,false,false,erp,67332,ALEGRIA ESTEBAN
67333,797,2026-03-23,facturado,282695.71,ERP VENTA vendedor=ALEGRIA ESTEBAN,false,false,erp,67333,ALEGRIA ESTEBAN
67334,872,2026-03-23,confirmado,424642.86,ERP RESERVA CONFIRMADA vendedor=MELLADO FACUNDO,false,false,erp,67334,MELLADO FACUNDO
67335,354,2026-03-23,confirmado,230970.41,ERP RESERVA CONFIRMADA vendedor=MELLADO FACUNDO,false,false,erp,67335,MELLADO FACUNDO
67336,824,2026-03-23,confirmado,217998.88,ERP RESERVA CONFIRMADA vendedor=MELLADO FACUNDO,false,false,erp,67336,MELLADO FACUNDO
67337,630,2026-03-23,confirmado,61278.82,ERP RESERVA CONFIRMADA vendedor=MELLADO FACUNDO,false,false,erp,67337,MELLADO FACUNDO
67338,796,2026-03-23,confirmado,293345.20,ERP RESERVA CONFIRMADA vendedor=MELLADO FACUNDO,false,false,erp,67338,MELLADO FACUNDO
67339,348,2026-03-23,confirmado,324523.19,ERP RESERVA CONFIRMADA vendedor=MELLADO FACUNDO,false,false,erp,67339,MELLADO FACUNDO
67340,574,2026-03-23,confirmado,56385.21,ERP RESERVA CONFIRMADA vendedor=MELLADO FACUNDO,false,false,erp,67340,MELLADO FACUNDO
67341,1460,2026-03-23,confirmado,213459.15,ERP RESERVA CONFIRMADA vendedor=MELLADO FACUNDO,false,false,erp,67341,MELLADO FACUNDO
67342,947,2026-03-23,confirmado,569767.70,ERP RESERVA CONFIRMADA vendedor=MELLADO FACUNDO,false,false,erp,67342,MELLADO FACUNDO
67298,737,2026-03-21,facturado,63165.58,ERP VENTA vendedor=MELLADO FACUNDO,false,false,erp,67298,MELLADO FACUNDO
67299,200,2026-03-21,confirmado,479391.26,ERP RESERVA CONFIRMADA vendedor=MELLADO FACUNDO,false,false,erp,67299,MELLADO FACUNDO
67300,1674,2026-03-21,facturado,55140.30,ERP VENTA vendedor=MELLADO FACUNDO,false,false,erp,67300,MELLADO FACUNDO
67301,658,2026-03-21,facturado,506773.70,ERP VENTA vendedor=MELLADO FACUNDO,false,false,erp,67301,MELLADO FACUNDO
67302,1832,2026-03-21,facturado,71695.31,ERP VENTA vendedor=MELLADO FACUNDO,false,false,erp,67302,MELLADO FACUNDO
67303,1536,2026-03-21,facturado,145067.71,ERP VENTA vendedor=MELLADO FACUNDO,false,false,erp,67303,MELLADO FACUNDO
67304,823,2026-03-21,facturado,123218.34,ERP VENTA vendedor=ALEGRIA ESTEBAN,false,false,erp,67304,ALEGRIA ESTEBAN
67286,1733,2026-03-20,confirmado,103010.07,ERP RESERVA CONFIRMADA vendedor=MELLADO FACUNDO,false,false,erp,67286,MELLADO FACUNDO
67287,46,2026-03-20,confirmado,49161.16,ERP RESERVA CONFIRMADA vendedor=ALEGRIA ESTEBAN,false,false,erp,67287,ALEGRIA ESTEBAN
67288,1891,2026-03-20,facturado,77999.65,ERP VENTA vendedor=ALEGRIA ESTEBAN,false,false,erp,67288,ALEGRIA ESTEBAN
67289,971,2026-03-20,facturado,262182.00,ERP VENTA vendedor=MELLADO FACUNDO,false,false,erp,67289,MELLADO FACUNDO
67290,971,2026-03-20,facturado,447849.57,ERP VENTA vendedor=MELLADO FACUNDO,false,false,erp,67290,MELLADO FACUNDO
67292,161,2026-03-20,facturado,101478.12,ERP VENTA vendedor=MELLADO FACUNDO,false,false,erp,67292,MELLADO FACUNDO
67293,1672,2026-03-20,facturado,106645.43,ERP VENTA vendedor=MELLADO FACUNDO,false,false,erp,67293,MELLADO FACUNDO
67294,1869,2026-03-20,facturado,76036.22,ERP VENTA vendedor=MELLADO FACUNDO,false,false,erp,67294,MELLADO FACUNDO
67295,1869,2026-03-20,facturado,94886.70,ERP VENTA vendedor=MELLADO FACUNDO,false,false,erp,67295,MELLADO FACUNDO
67296,1512,2026-03-20,confirmado,279578.83,ERP RESERVA CONFIRMADA vendedor=MELLADO FACUNDO,false,false,erp,67296,MELLADO FACUNDO
67297,1892,2026-03-20,facturado,169402.04,ERP VENTA vendedor=MELLADO FACUNDO,false,false,erp,67297,MELLADO FACUNDO
67243,1049,2026-03-19,confirmado,70439.36,ERP RESERVA CONFIRMADA vendedor=MELLADO FACUNDO,false,false,erp,67243,MELLADO FACUNDO
67248,35,2026-03-19,confirmado,500285.43,ERP RESERVA CONFIRMADA vendedor=MELLADO FACUNDO,false,false,erp,67248,MELLADO FACUNDO
67249,1320,2026-03-19,confirmado,213559.30,ERP RESERVA CONFIRMADA vendedor=MELLADO FACUNDO,false,false,erp,67249,MELLADO FACUNDO
67253,140,2026-03-19,confirmado,310167.36,ERP RESERVA CONFIRMADA vendedor=MELLADO FACUNDO,false,false,erp,67253,MELLADO FACUNDO
67255,1651,2026-03-19,confirmado,335651.14,ERP RESERVA CONFIRMADA vendedor=MELLADO FACUNDO,false,false,erp,67255,MELLADO FACUNDO
67267,607,2026-03-19,confirmado,129466.38,ERP RESERVA CONFIRMADA vendedor=MELLADO FACUNDO,false,false,erp,67267,MELLADO FACUNDO
67268,1816,2026-03-19,confirmado,135779.56,ERP RESERVA CONFIRMADA vendedor=MELLADO FACUNDO,false,false,erp,67268,MELLADO FACUNDO
67269,428,2026-03-19,confirmado,389881.53,ERP RESERVA CONFIRMADA vendedor=MELLADO FACUNDO,false,false,erp,67269,MELLADO FACUNDO
67272,996,2026-03-19,confirmado,277980.83,ERP RESERVA CONFIRMADA vendedor=MELLADO FACUNDO,false,false,erp,67272,MELLADO FACUNDO
67273,1146,2026-03-19,confirmado,591288.65,ERP RESERVA CONFIRMADA vendedor=MELLADO FACUNDO,false,false,erp,67273,MELLADO FACUNDO
67274,45,2026-03-19,facturado,1502371.94,ERP VENTA vendedor=MELLADO FACUNDO,false,false,erp,67274,MELLADO FACUNDO
67275,45,2026-03-19,facturado,1342951.30,ERP VENTA vendedor=MELLADO FACUNDO,false,false,erp,67275,MELLADO FACUNDO
67276,42,2026-03-19,facturado,52565.27,ERP VENTA vendedor=ALEGRIA ESTEBAN,false,false,erp,67276,ALEGRIA ESTEBAN
67277,15,2026-03-19,confirmado,569912.54,ERP RESERVA CONFIRMADA vendedor=ALEGRIA ESTEBAN,false,false,erp,67277,ALEGRIA ESTEBAN
67278,993,2026-03-19,confirmado,1977429.77,ERP RESERVA CONFIRMADA vendedor=ALEGRIA ESTEBAN,false,false,erp,67278,ALEGRIA ESTEBAN
67279,1851,2026-03-19,confirmado,170320.69,ERP RESERVA CONFIRMADA vendedor=ALEGRIA ESTEBAN,false,false,erp,67279,ALEGRIA ESTEBAN
67280,7,2026-03-19,confirmado,297446.98,ERP RESERVA CONFIRMADA vendedor=MELLADO FACUNDO,false,false,erp,67280,MELLADO FACUNDO
67281,75,2026-03-19,facturado,1867663.48,ERP VENTA vendedor=MELLADO FACUNDO,false,false,erp,67281,MELLADO FACUNDO
67282,1454,2026-03-19,confirmado,88815.33,ERP RESERVA CONFIRMADA vendedor=ALEGRIA ESTEBAN,false,false,erp,67282,ALEGRIA ESTEBAN
67283,75,2026-03-19,facturado,19703.64,ERP VENTA vendedor=MELLADO FACUNDO,false,false,erp,67283,MELLADO FACUNDO
67284,1270,2026-03-19,confirmado,104758.00,ERP RESERVA CONFIRMADA vendedor=MELLADO FACUNDO,false,false,erp,67284,MELLADO FACUNDO
67285,541,2026-03-19,facturado,77865.20,ERP VENTA vendedor=MELLADO FACUNDO,false,false,erp,67285,MELLADO FACUNDO
67197,960,2026-03-18,confirmado,350065.22,ERP RESERVA CONFIRMADA vendedor=MELLADO FACUNDO,false,false,erp,67197,MELLADO FACUNDO
67233,1086,2026-03-18,confirmado,119895.00,ERP RESERVA CONFIRMADA vendedor=MELLADO FACUNDO,false,false,erp,67233,MELLADO FACUNDO
67244,31,2026-03-18,confirmado,784688.13,ERP RESERVA CONFIRMADA vendedor=MELLADO FACUNDO,false,false,erp,67244,MELLADO FACUNDO
67245,695,2026-03-18,facturado,129113.45,ERP VENTA vendedor=MELLADO FACUNDO,false,false,erp,67245,MELLADO FACUNDO
67246,431,2026-03-18,confirmado,311818.33,ERP RESERVA CONFIRMADA vendedor=MELLADO FACUNDO,false,false,erp,67246,MELLADO FACUNDO
67247,797,2026-03-18,confirmado,361552.14,ERP RESERVA CONFIRMADA vendedor=MELLADO FACUNDO,false,false,erp,67247,MELLADO FACUNDO
67250,1342,2026-03-18,confirmado,888371.29,ERP RESERVA CONFIRMADA vendedor=MELLADO FACUNDO,false,false,erp,67250,MELLADO FACUNDO
67251,1342,2026-03-18,facturado,829451.80,ERP VENTA vendedor=MELLADO FACUNDO,false,false,erp,67251,MELLADO FACUNDO
67252,1489,2026-03-18,confirmado,134568.25,ERP RESERVA CONFIRMADA vendedor=MELLADO FACUNDO,false,false,erp,67252,MELLADO FACUNDO
67254,1722,2026-03-18,facturado,75142.24,ERP VENTA vendedor=MELLADO FACUNDO,false,false,erp,67254,MELLADO FACUNDO
67256,1414,2026-03-18,facturado,391490.35,ERP VENTA vendedor=MELLADO FACUNDO,false,false,erp,67256,MELLADO FACUNDO
67257,891,2026-03-18,facturado,274962.25,ERP VENTA vendedor=MELLADO FACUNDO,false,false,erp,67257,MELLADO FACUNDO
67259,1414,2026-03-18,facturado,1444458.00,ERP VENTA vendedor=MELLADO FACUNDO,false,false,erp,67259,MELLADO FACUNDO
67260,316,2026-03-18,facturado,7698.67,ERP VENTA vendedor=MELLADO FACUNDO,false,false,erp,67260,MELLADO FACUNDO
67261,316,2026-03-18,facturado,5853.98,ERP VENTA vendedor=MELLADO FACUNDO,false,false,erp,67261,MELLADO FACUNDO
67262,45,2026-03-18,confirmado,343950.78,ERP RESERVA CONFIRMADA vendedor=MELLADO FACUNDO,false,false,erp,67262,MELLADO FACUNDO
67263,1567,2026-03-18,confirmado,392826.74,ERP RESERVA CONFIRMADA vendedor=MELLADO FACUNDO,false,false,erp,67263,MELLADO FACUNDO
67264,110,2026-03-18,facturado,753285.13,ERP VENTA vendedor=MELLADO FACUNDO,false,false,erp,67264,MELLADO FACUNDO
67265,6,2026-03-18,confirmado,682560.29,ERP RESERVA CONFIRMADA vendedor=MELLADO FACUNDO,false,false,erp,67265,MELLADO FACUNDO
67266,854,2026-03-18,confirmado,321585.41,ERP RESERVA CONFIRMADA vendedor=MELLADO FACUNDO,false,false,erp,67266,MELLADO FACUNDO
67270,1093,2026-03-18,facturado,68652.49,ERP VENTA vendedor=MELLADO FACUNDO,false,false,erp,67270,MELLADO FACUNDO
67271,1506,2026-03-18,facturado,128466.26,ERP VENTA vendedor=MELLADO FACUNDO,false,false,erp,67271,MELLADO FACUNDO
67122,1107,2026-03-17,confirmado,489345.78,ERP RESERVA CONFIRMADA vendedor=MELLADO FACUNDO,false,false,erp,67122,MELLADO FACUNDO
67190,1735,2026-03-17,confirmado,159682.12,ERP RESERVA CONFIRMADA vendedor=MELLADO FACUNDO,false,false,erp,67190,MELLADO FACUNDO
67194,1801,2026-03-17,confirmado,108372.75,ERP RESERVA CONFIRMADA vendedor=MELLADO FACUNDO,false,false,erp,67194,MELLADO FACUNDO
67195,1878,2026-03-17,confirmado,260764.20,ERP RESERVA CONFIRMADA vendedor=MELLADO FACUNDO,false,false,erp,67195,MELLADO FACUNDO
67206,1159,2026-03-17,confirmado,131505.89,ERP RESERVA CONFIRMADA vendedor=MELLADO FACUNDO,false,false,erp,67206,MELLADO FACUNDO
67207,478,2026-03-17,confirmado,541798.60,ERP RESERVA CONFIRMADA vendedor=MELLADO FACUNDO,false,false,erp,67207,MELLADO FACUNDO
67214,1307,2026-03-17,confirmado,303567.35,ERP RESERVA CONFIRMADA vendedor=MELLADO FACUNDO,false,false,erp,67214,MELLADO FACUNDO
67215,108,2026-03-17,confirmado,106257.85,ERP RESERVA CONFIRMADA vendedor=MELLADO FACUNDO,false,false,erp,67215,MELLADO FACUNDO
67219,591,2026-03-17,confirmado,137697.00,ERP RESERVA CONFIRMADA vendedor=MELLADO FACUNDO,false,false,erp,67219,MELLADO FACUNDO
67220,650,2026-03-17,confirmado,242554.24,ERP RESERVA CONFIRMADA vendedor=MELLADO FACUNDO,false,false,erp,67220,MELLADO FACUNDO
67221,1750,2026-03-17,confirmado,175875.11,ERP RESERVA CONFIRMADA vendedor=MELLADO FACUNDO,false,false,erp,67221,MELLADO FACUNDO
67222,178,2026-03-17,confirmado,591741.05,ERP RESERVA CONFIRMADA vendedor=MELLADO FACUNDO,false,false,erp,67222,MELLADO FACUNDO
67223,419,2026-03-17,confirmado,214942.06,ERP RESERVA CONFIRMADA vendedor=MELLADO FACUNDO,false,false,erp,67223,MELLADO FACUNDO
67224,1701,2026-03-17,facturado,33665.17,ERP VENTA vendedor=MELLADO FACUNDO,false,false,erp,67224,MELLADO FACUNDO
67226,419,2026-03-17,confirmado,29003.70,ERP RESERVA CONFIRMADA vendedor=MELLADO FACUNDO,false,false,erp,67226,MELLADO FACUNDO
67227,131,2026-03-17,facturado,47441.60,ERP VENTA vendedor=ARIAS MACARENA,false,false,erp,67227,ARIAS MACARENA
67228,1519,2026-03-17,confirmado,101922.34,ERP RESERVA CONFIRMADA vendedor=MELLADO FACUNDO,false,false,erp,67228,MELLADO FACUNDO
67229,947,2026-03-17,confirmado,411048.34,ERP RESERVA CONFIRMADA vendedor=MELLADO FACUNDO,false,false,erp,67229,MELLADO FACUNDO
67230,1359,2026-03-17,confirmado,73133.53,ERP RESERVA CONFIRMADA vendedor=MELLADO FACUNDO,false,false,erp,67230,MELLADO FACUNDO
67231,152,2026-03-17,confirmado,139922.35,ERP RESERVA CONFIRMADA vendedor=MELLADO FACUNDO,false,false,erp,67231,MELLADO FACUNDO
67232,184,2026-03-17,confirmado,301915.33,ERP RESERVA CONFIRMADA vendedor=MELLADO FACUNDO,false,false,erp,67232,MELLADO FACUNDO
67234,778,2026-03-17,facturado,49077.60,ERP VENTA vendedor=MELLADO FACUNDO,false,false,erp,67234,MELLADO FACUNDO
67235,35,2026-03-17,facturado,107644.00,ERP VENTA vendedor=MELLADO FACUNDO,false,false,erp,67235,MELLADO FACUNDO
67236,35,2026-03-17,facturado,20046.08,ERP VENTA vendedor=MELLADO FACUNDO,false,false,erp,67236,MELLADO FACUNDO
67238,1404,2026-03-17,facturado,90029.96,ERP VENTA vendedor=MELLADO FACUNDO,false,false,erp,67238,MELLADO FACUNDO
67239,947,2026-03-17,facturado,552039.00,ERP VENTA vendedor=MELLADO FACUNDO,false,false,erp,67239,MELLADO FACUNDO
67240,947,2026-03-17,facturado,456230.50,ERP VENTA vendedor=MELLADO FACUNDO,false,false,erp,67240,MELLADO FACUNDO
67241,151,2026-03-17,confirmado,96839.24,ERP RESERVA CONFIRMADA vendedor=MELLADO FACUNDO,false,false,erp,67241,MELLADO FACUNDO
67242,1194,2026-03-17,confirmado,84858.72,ERP RESERVA CONFIRMADA vendedor=MELLADO FACUNDO,false,false,erp,67242,MELLADO FACUNDO
67148,630,2026-03-16,confirmado,39153.21,ERP RESERVA CONFIRMADA vendedor=MELLADO FACUNDO,false,false,erp,67148,MELLADO FACUNDO
67183,909,2026-03-16,confirmado,135780.12,ERP RESERVA CONFIRMADA vendedor=MELLADO FACUNDO,false,false,erp,67183,MELLADO FACUNDO
67184,909,2026-03-16,confirmado,47763.02,ERP RESERVA CONFIRMADA vendedor=MELLADO FACUNDO,false,false,erp,67184,MELLADO FACUNDO
67185,909,2026-03-16,confirmado,89834.05,ERP RESERVA CONFIRMADA vendedor=MELLADO FACUNDO,false,false,erp,67185,MELLADO FACUNDO
67186,1326,2026-03-16,confirmado,537810.54,ERP RESERVA CONFIRMADA vendedor=MELLADO FACUNDO,false,false,erp,67186,MELLADO FACUNDO
67187,1442,2026-03-16,facturado,193686.48,ERP VENTA vendedor=MELLADO FACUNDO,false,false,erp,67187,MELLADO FACUNDO
67188,1586,2026-03-16,facturado,797149.03,ERP VENTA vendedor=MELLADO FACUNDO,false,false,erp,67188,MELLADO FACUNDO
67189,1735,2026-03-16,confirmado,151205.08,ERP RESERVA CONFIRMADA vendedor=MELLADO FACUNDO,false,false,erp,67189,MELLADO FACUNDO
67191,560,2026-03-16,confirmado,90321.36,ERP RESERVA CONFIRMADA vendedor=MELLADO FACUNDO,false,false,erp,67191,MELLADO FACUNDO
67192,1175,2026-03-16,facturado,154445.94,ERP VENTA vendedor=MELLADO FACUNDO,false,false,erp,67192,MELLADO FACUNDO
67193,1442,2026-03-16,facturado,787687.66,ERP VENTA vendedor=MELLADO FACUNDO,false,false,erp,67193,MELLADO FACUNDO
67196,710,2026-03-16,facturado,80184.32,ERP VENTA vendedor=MELLADO FACUNDO,false,false,erp,67196,MELLADO FACUNDO
67198,316,2026-03-16,facturado,113431.51,ERP VENTA vendedor=MELLADO FACUNDO,false,false,erp,67198,MELLADO FACUNDO
67199,837,2026-03-16,facturado,76815.00,ERP VENTA vendedor=MELLADO FACUNDO,false,false,erp,67199,MELLADO FACUNDO
67202,316,2026-03-16,facturado,28945.62,ERP VENTA vendedor=MELLADO FACUNDO,false,false,erp,67202,MELLADO FACUNDO
67203,796,2026-03-16,confirmado,971166.18,ERP RESERVA CONFIRMADA vendedor=MELLADO FACUNDO,false,false,erp,67203,MELLADO FACUNDO
67204,1817,2026-03-16,facturado,81109.30,ERP VENTA vendedor=ALEGRIA ESTEBAN,false,false,erp,67204,ALEGRIA ESTEBAN
67209,574,2026-03-16,confirmado,61706.49,ERP RESERVA CONFIRMADA vendedor=MELLADO FACUNDO,false,false,erp,67209,MELLADO FACUNDO
67210,1019,2026-03-16,confirmado,919553.02,ERP RESERVA CONFIRMADA vendedor=MELLADO FACUNDO,false,false,erp,67210,MELLADO FACUNDO
67211,839,2026-03-16,confirmado,121358.33,ERP RESERVA CONFIRMADA vendedor=MELLADO FACUNDO,false,false,erp,67211,MELLADO FACUNDO
67212,1137,2026-03-16,confirmado,253428.29,ERP RESERVA CONFIRMADA vendedor=MELLADO FACUNDO,false,false,erp,67212,MELLADO FACUNDO
67213,1871,2026-03-16,confirmado,109509.87,ERP RESERVA CONFIRMADA vendedor=MELLADO FACUNDO,false,false,erp,67213,MELLADO FACUNDO
67216,1889,2026-03-16,facturado,12673.08,ERP VENTA vendedor=MELLADO FACUNDO,false,false,erp,67216,MELLADO FACUNDO
67156,1082,2026-03-14,confirmado,113865.49,ERP RESERVA CONFIRMADA vendedor=MELLADO FACUNDO,false,false,erp,67156,MELLADO FACUNDO
67175,1247,2026-03-14,confirmado,60638.56,ERP RESERVA CONFIRMADA vendedor=MELLADO FACUNDO,false,false,erp,67175,MELLADO FACUNDO
67176,316,2026-03-14,facturado,44546.84,ERP VENTA vendedor=MELLADO FACUNDO,false,false,erp,67176,MELLADO FACUNDO
67177,695,2026-03-14,facturado,104989.52,ERP VENTA vendedor=MELLADO FACUNDO,false,false,erp,67177,MELLADO FACUNDO
67178,1886,2026-03-14,facturado,54945.54,ERP VENTA vendedor=MELLADO FACUNDO,false,false,erp,67178,MELLADO FACUNDO
67179,1820,2026-03-14,confirmado,94417.48,ERP RESERVA CONFIRMADA vendedor=MELLADO FACUNDO,false,false,erp,67179,MELLADO FACUNDO
67180,1757,2026-03-14,confirmado,135864.56,ERP RESERVA CONFIRMADA vendedor=MELLADO FACUNDO,false,false,erp,67180,MELLADO FACUNDO
67181,1326,2026-03-14,confirmado,626451.36,ERP RESERVA CONFIRMADA vendedor=MELLADO FACUNDO,false,false,erp,67181,MELLADO FACUNDO
67182,1326,2026-03-14,confirmado,998566.38,ERP RESERVA CONFIRMADA vendedor=MELLADO FACUNDO,false,false,erp,67182,MELLADO FACUNDO
67157,1851,2026-03-13,confirmado,163636.41,ERP RESERVA CONFIRMADA vendedor=MELLADO FACUNDO,false,false,erp,67157,MELLADO FACUNDO
67158,1652,2026-03-13,confirmado,171324.07,ERP RESERVA CONFIRMADA vendedor=MELLADO FACUNDO,false,false,erp,67158,MELLADO FACUNDO
67159,1010,2026-03-13,confirmado,97166.91,ERP RESERVA CONFIRMADA vendedor=MELLADO FACUNDO,false,false,erp,67159,MELLADO FACUNDO
67160,996,2026-03-13,confirmado,312058.74,ERP RESERVA CONFIRMADA vendedor=MELLADO FACUNDO,false,false,erp,67160,MELLADO FACUNDO
67161,35,2026-03-13,confirmado,51682.20,ERP RESERVA CONFIRMADA vendedor=MELLADO FACUNDO,false,false,erp,67161,MELLADO FACUNDO
67162,1701,2026-03-13,facturado,138448.00,ERP VENTA vendedor=ALEGRIA ESTEBAN,false,false,erp,67162,ALEGRIA ESTEBAN
67163,622,2026-03-13,facturado,121687.58,ERP VENTA vendedor=ALEGRIA ESTEBAN,false,false,erp,67163,ALEGRIA ESTEBAN
67164,971,2026-03-13,facturado,422538.59,ERP VENTA vendedor=MELLADO FACUNDO,false,false,erp,67164,MELLADO FACUNDO
67165,42,2026-03-13,facturado,65043.39,ERP VENTA vendedor=ALEGRIA ESTEBAN,false,false,erp,67165,ALEGRIA ESTEBAN
67166,1729,2026-03-13,facturado,68652.49,ERP VENTA vendedor=MELLADO FACUNDO,false,false,erp,67166,MELLADO FACUNDO
67167,1722,2026-03-13,facturado,90311.34,ERP VENTA vendedor=MELLADO FACUNDO,false,false,erp,67167,MELLADO FACUNDO
67168,195,2026-03-13,confirmado,79373.68,ERP RESERVA CONFIRMADA vendedor=MELLADO FACUNDO,false,false,erp,67168,MELLADO FACUNDO
67169,1885,2026-03-13,facturado,84857.36,ERP VENTA vendedor=MELLADO FACUNDO,false,false,erp,67169,MELLADO FACUNDO
67170,968,2026-03-13,facturado,348033.54,ERP VENTA vendedor=MELLADO FACUNDO,false,false,erp,67170,MELLADO FACUNDO
67171,532,2026-03-13,facturado,85096.72,ERP VENTA vendedor=MELLADO FACUNDO,false,false,erp,67171,MELLADO FACUNDO
67172,1871,2026-03-13,facturado,290852.06,ERP VENTA vendedor=MELLADO FACUNDO,false,false,erp,67172,MELLADO FACUNDO
67173,1672,2026-03-13,facturado,104921.99,ERP VENTA vendedor=MELLADO FACUNDO,false,false,erp,67173,MELLADO FACUNDO
67174,1832,2026-03-13,facturado,159945.28,ERP VENTA vendedor=MELLADO FACUNDO,false,false,erp,67174,MELLADO FACUNDO
67087,997,2026-03-12,confirmado,211750.33,ERP RESERVA CONFIRMADA vendedor=ALEGRIA ESTEBAN,false,false,erp,67087,ALEGRIA ESTEBAN
67089,1512,2026-03-12,confirmado,126187.74,ERP RESERVA CONFIRMADA vendedor=MELLADO FACUNDO,false,false,erp,67089,MELLADO FACUNDO
67106,1533,2026-03-12,confirmado,213948.96,ERP RESERVA CONFIRMADA vendedor=MELLADO FACUNDO,false,false,erp,67106,MELLADO FACUNDO
67111,1735,2026-03-12,confirmado,219563.18,ERP RESERVA CONFIRMADA vendedor=MELLADO FACUNDO,false,false,erp,67111,MELLADO FACUNDO
67117,587,2026-03-12,confirmado,245986.12,ERP RESERVA CONFIRMADA vendedor=MELLADO FACUNDO,false,false,erp,67117,MELLADO FACUNDO
67129,522,2026-03-12,confirmado,168534.80,ERP RESERVA CONFIRMADA vendedor=MELLADO FACUNDO,false,false,erp,67129,MELLADO FACUNDO
67130,993,2026-03-12,confirmado,414575.94,ERP RESERVA CONFIRMADA vendedor=MELLADO FACUNDO,false,false,erp,67130,MELLADO FACUNDO
67134,20,2026-03-12,confirmado,95810.49,ERP RESERVA CONFIRMADA vendedor=MELLADO FACUNDO,false,false,erp,67134,MELLADO FACUNDO
67135,1438,2026-03-12,confirmado,193541.53,ERP RESERVA CONFIRMADA vendedor=MELLADO FACUNDO,false,false,erp,67135,MELLADO FACUNDO
67136,499,2026-03-12,confirmado,149261.85,ERP RESERVA CONFIRMADA vendedor=MELLADO FACUNDO,false,false,erp,67136,MELLADO FACUNDO
67137,1651,2026-03-12,confirmado,308546.73,ERP RESERVA CONFIRMADA vendedor=MELLADO FACUNDO,false,false,erp,67137,MELLADO FACUNDO
67138,1146,2026-03-12,confirmado,752670.34,ERP RESERVA CONFIRMADA vendedor=MELLADO FACUNDO,false,false,erp,67138,MELLADO FACUNDO
67139,243,2026-03-12,facturado,1747796.00,ERP VENTA vendedor=MELLADO FACUNDO,false,false,erp,67139,MELLADO FACUNDO
67140,814,2026-03-12,facturado,123420.47,ERP VENTA vendedor=MELLADO FACUNDO,false,false,erp,67140,MELLADO FACUNDO
67141,963,2026-03-12,facturado,109995.77,ERP VENTA vendedor=MELLADO FACUNDO,false,false,erp,67141,MELLADO FACUNDO
67142,957,2026-03-12,confirmado,113890.09,ERP RESERVA CONFIRMADA vendedor=MELLADO FACUNDO,false,false,erp,67142,MELLADO FACUNDO
67143,1326,2026-03-12,facturado,5672.33,ERP VENTA vendedor=MELLADO FACUNDO,false,false,erp,67143,MELLADO FACUNDO
67144,1883,2026-03-12,facturado,47965.20,ERP VENTA vendedor=MELLADO FACUNDO,false,false,erp,67144,MELLADO FACUNDO
67145,1094,2026-03-12,facturado,64733.19,ERP VENTA vendedor=MELLADO FACUNDO,false,false,erp,67145,MELLADO FACUNDO
67146,1320,2026-03-12,confirmado,99272.83,ERP RESERVA CONFIRMADA vendedor=MELLADO FACUNDO,false,false,erp,67146,MELLADO FACUNDO
67147,532,2026-03-12,facturado,275657.73,ERP VENTA vendedor=MELLADO FACUNDO,false,false,erp,67147,MELLADO FACUNDO
67149,851,2026-03-12,facturado,28712.34,ERP VENTA vendedor=MELLADO FACUNDO,false,false,erp,67149,MELLADO FACUNDO
67150,640,2026-03-12,facturado,261360.00,ERP VENTA vendedor=MELLADO FACUNDO,false,false,erp,67150,MELLADO FACUNDO
67151,1454,2026-03-12,confirmado,120547.89,ERP RESERVA CONFIRMADA vendedor=MELLADO FACUNDO,false,false,erp,67151,MELLADO FACUNDO
67152,1120,2026-03-12,confirmado,139449.42,ERP RESERVA CONFIRMADA vendedor=MELLADO FACUNDO,false,false,erp,67152,MELLADO FACUNDO
67153,1794,2026-03-12,confirmado,563568.03,ERP RESERVA CONFIRMADA vendedor=MELLADO FACUNDO,false,false,erp,67153,MELLADO FACUNDO
67154,7,2026-03-12,confirmado,101849.47,ERP RESERVA CONFIRMADA vendedor=MELLADO FACUNDO,false,false,erp,67154,MELLADO FACUNDO
67155,184,2026-03-12,facturado,144662.25,ERP VENTA vendedor=MELLADO FACUNDO,false,false,erp,67155,MELLADO FACUNDO
67113,1882,2026-03-11,facturado,373004.33,ERP VENTA vendedor=MELLADO FACUNDO,false,false,erp,67113,MELLADO FACUNDO
67114,15,2026-03-11,facturado,548535.12,ERP VENTA vendedor=MELLADO FACUNDO,false,false,erp,67114,MELLADO FACUNDO
67115,87,2026-03-11,facturado,539657.39,ERP VENTA vendedor=MELLADO FACUNDO,false,false,erp,67115,MELLADO FACUNDO
67116,1684,2026-03-11,facturado,64733.19,ERP VENTA vendedor=MELLADO FACUNDO,false,false,erp,67116,MELLADO FACUNDO
67118,1754,2026-03-11,facturado,259290.67,ERP VENTA vendedor=MELLADO FACUNDO,false,false,erp,67118,MELLADO FACUNDO
67119,1735,2026-03-11,confirmado,153858.18,ERP RESERVA CONFIRMADA vendedor=MELLADO FACUNDO,false,false,erp,67119,MELLADO FACUNDO
67120,31,2026-03-11,confirmado,1590227.09,ERP RESERVA CONFIRMADA vendedor=MELLADO FACUNDO,false,false,erp,67120,MELLADO FACUNDO
67121,797,2026-03-11,confirmado,76840.81,ERP RESERVA CONFIRMADA vendedor=MELLADO FACUNDO,false,false,erp,67121,MELLADO FACUNDO
67123,1567,2026-03-11,confirmado,115945.01,ERP RESERVA CONFIRMADA vendedor=MELLADO FACUNDO,false,false,erp,67123,MELLADO FACUNDO
67125,110,2026-03-11,confirmado,726935.09,ERP RESERVA CONFIRMADA vendedor=MELLADO FACUNDO,false,false,erp,67125,MELLADO FACUNDO
67126,131,2026-03-11,confirmado,216746.12,ERP RESERVA CONFIRMADA vendedor=MELLADO FACUNDO,false,false,erp,67126,MELLADO FACUNDO
67127,131,2026-03-11,confirmado,114252.88,ERP RESERVA CONFIRMADA vendedor=MELLADO FACUNDO,false,false,erp,67127,MELLADO FACUNDO
67128,125,2026-03-11,confirmado,363335.89,ERP RESERVA CONFIRMADA vendedor=MELLADO FACUNDO,false,false,erp,67128,MELLADO FACUNDO
67131,110,2026-03-11,confirmado,608476.77,ERP RESERVA CONFIRMADA vendedor=MELLADO FACUNDO,false,false,erp,67131,MELLADO FACUNDO
67133,1642,2026-03-11,facturado,73967.00,ERP VENTA vendedor=MELLADO FACUNDO,false,false,erp,67133,MELLADO FACUNDO
67061,1878,2026-03-10,confirmado,176614.99,ERP RESERVA CONFIRMADA vendedor=MELLADO FACUNDO,false,false,erp,67061,MELLADO FACUNDO
67064,173,2026-03-10,confirmado,550305.67,ERP RESERVA CONFIRMADA vendedor=ALEGRIA ESTEBAN,false,false,erp,67064,ALEGRIA ESTEBAN
67083,36,2026-03-10,confirmado,147056.97,ERP RESERVA CONFIRMADA vendedor=MELLADO FACUNDO,false,false,erp,67083,MELLADO FACUNDO
67084,419,2026-03-10,confirmado,166367.20,ERP RESERVA CONFIRMADA vendedor=MELLADO FACUNDO,false,false,erp,67084,MELLADO FACUNDO
67085,962,2026-03-10,confirmado,161176.78,ERP RESERVA CONFIRMADA vendedor=MELLADO FACUNDO,false,false,erp,67085,MELLADO FACUNDO
67086,1750,2026-03-10,confirmado,233271.52,ERP RESERVA CONFIRMADA vendedor=MELLADO FACUNDO,false,false,erp,67086,MELLADO FACUNDO
67088,1464,2026-03-10,facturado,117958.48,ERP VENTA vendedor=MELLADO FACUNDO,false,false,erp,67088,MELLADO FACUNDO
67090,200,2026-03-10,facturado,170328.00,ERP VENTA vendedor=ARIAS MACARENA,false,false,erp,67090,ARIAS MACARENA
67091,952,2026-03-10,confirmado,443917.36,ERP RESERVA CONFIRMADA vendedor=MELLADO FACUNDO,false,false,erp,67091,MELLADO FACUNDO
67092,824,2026-03-10,facturado,1631275.80,ERP VENTA vendedor=MELLADO FACUNDO,false,false,erp,67092,MELLADO FACUNDO
67093,824,2026-03-10,facturado,1631275.80,ERP VENTA vendedor=MELLADO FACUNDO,false,false,erp,67093,MELLADO FACUNDO
67094,316,2026-03-10,facturado,260049.51,ERP VENTA vendedor=MELLADO FACUNDO,false,false,erp,67094,MELLADO FACUNDO
67095,650,2026-03-10,facturado,818526.20,ERP VENTA vendedor=MELLADO FACUNDO,false,false,erp,67095,MELLADO FACUNDO
67096,650,2026-03-10,facturado,640858.35,ERP VENTA vendedor=MELLADO FACUNDO,false,false,erp,67096,MELLADO FACUNDO
67097,184,2026-03-10,confirmado,357687.62,ERP RESERVA CONFIRMADA vendedor=ALEGRIA ESTEBAN,false,false,erp,67097,ALEGRIA ESTEBAN
67098,851,2026-03-10,confirmado,221356.19,ERP RESERVA CONFIRMADA vendedor=ALEGRIA ESTEBAN,false,false,erp,67098,ALEGRIA ESTEBAN
67099,1851,2026-03-10,confirmado,102308.00,ERP RESERVA CONFIRMADA vendedor=ALEGRIA ESTEBAN,false,false,erp,67099,ALEGRIA ESTEBAN
67100,532,2026-03-10,facturado,49767.28,ERP VENTA vendedor=MELLADO FACUNDO,false,false,erp,67100,MELLADO FACUNDO
67101,1359,2026-03-10,confirmado,129925.75,ERP RESERVA CONFIRMADA vendedor=ALEGRIA ESTEBAN,false,false,erp,67101,ALEGRIA ESTEBAN
67102,89,2026-03-10,confirmado,1046434.46,ERP RESERVA CONFIRMADA vendedor=ALEGRIA ESTEBAN,false,false,erp,67102,ALEGRIA ESTEBAN
67103,1384,2026-03-10,confirmado,302454.69,ERP RESERVA CONFIRMADA vendedor=MELLADO FACUNDO,false,false,erp,67103,MELLADO FACUNDO
67104,1237,2026-03-10,facturado,68772.68,ERP VENTA vendedor=MELLADO FACUNDO,false,false,erp,67104,MELLADO FACUNDO
67105,1849,2026-03-10,confirmado,93654.00,ERP RESERVA CONFIRMADA vendedor=MELLADO FACUNDO,false,false,erp,67105,MELLADO FACUNDO
67107,587,2026-03-10,facturado,64003.37,ERP VENTA vendedor=MELLADO FACUNDO,false,false,erp,67107,MELLADO FACUNDO
67108,348,2026-03-10,confirmado,376476.98,ERP RESERVA CONFIRMADA vendedor=MELLADO FACUNDO,false,false,erp,67108,MELLADO FACUNDO
67109,151,2026-03-10,confirmado,134273.51,ERP RESERVA CONFIRMADA vendedor=MELLADO FACUNDO,false,false,erp,67109,MELLADO FACUNDO
67110,1735,2026-03-10,confirmado,155426.18,ERP RESERVA CONFIRMADA vendedor=MELLADO FACUNDO,false,false,erp,67110,MELLADO FACUNDO
67112,108,2026-03-10,confirmado,95147.35,ERP RESERVA CONFIRMADA vendedor=MELLADO FACUNDO,false,false,erp,67112,MELLADO FACUNDO
67048,1757,2026-03-09,confirmado,233850.95,ERP RESERVA CONFIRMADA vendedor=MELLADO FACUNDO,false,false,erp,67048,MELLADO FACUNDO
67049,1820,2026-03-09,confirmado,406132.20,ERP RESERVA CONFIRMADA vendedor=MELLADO FACUNDO,false,false,erp,67049,MELLADO FACUNDO
67050,1326,2026-03-09,confirmado,322192.95,ERP RESERVA CONFIRMADA vendedor=MELLADO FACUNDO,false,false,erp,67050,MELLADO FACUNDO
67051,909,2026-03-09,confirmado,107190.82,ERP RESERVA CONFIRMADA vendedor=MELLADO FACUNDO,false,false,erp,67051,MELLADO FACUNDO
67052,909,2026-03-09,confirmado,126659.89,ERP RESERVA CONFIRMADA vendedor=MELLADO FACUNDO,false,false,erp,67052,MELLADO FACUNDO
67053,710,2026-03-09,confirmado,87306.39,ERP RESERVA CONFIRMADA vendedor=MELLADO FACUNDO,false,false,erp,67053,MELLADO FACUNDO
67054,710,2026-03-09,confirmado,40092.16,ERP RESERVA CONFIRMADA vendedor=MELLADO FACUNDO,false,false,erp,67054,MELLADO FACUNDO
67055,909,2026-03-09,confirmado,102428.46,ERP RESERVA CONFIRMADA vendedor=MELLADO FACUNDO,false,false,erp,67055,MELLADO FACUNDO
67056,1248,2026-03-09,confirmado,55482.33,ERP RESERVA CONFIRMADA vendedor=MELLADO FACUNDO,false,false,erp,67056,MELLADO FACUNDO
67057,636,2026-03-09,confirmado,84340.58,ERP RESERVA CONFIRMADA vendedor=MELLADO FACUNDO,false,false,erp,67057,MELLADO FACUNDO
67058,787,2026-03-09,confirmado,252459.88,ERP RESERVA CONFIRMADA vendedor=MELLADO FACUNDO,false,false,erp,67058,MELLADO FACUNDO
67059,1586,2026-03-09,facturado,330123.93,ERP VENTA vendedor=MELLADO FACUNDO,false,false,erp,67059,MELLADO FACUNDO
67060,1172,2026-03-09,facturado,58328.28,ERP VENTA vendedor=MELLADO FACUNDO,false,false,erp,67060,MELLADO FACUNDO
67062,1599,2026-03-09,facturado,95490.45,ERP VENTA vendedor=MELLADO FACUNDO,false,false,erp,67062,MELLADO FACUNDO
67063,700,2026-03-09,facturado,125295.86,ERP VENTA vendedor=MELLADO FACUNDO,false,false,erp,67063,MELLADO FACUNDO
67065,1241,2026-03-09,confirmado,208444.58,ERP RESERVA CONFIRMADA vendedor=ALEGRIA ESTEBAN,false,false,erp,67065,ALEGRIA ESTEBAN
67066,509,2026-03-09,confirmado,610828.88,ERP RESERVA CONFIRMADA vendedor=ALEGRIA ESTEBAN,false,false,erp,67066,ALEGRIA ESTEBAN
67067,1519,2026-03-09,confirmado,99679.62,ERP RESERVA CONFIRMADA vendedor=ALEGRIA ESTEBAN,false,false,erp,67067,ALEGRIA ESTEBAN
67068,630,2026-03-09,confirmado,430377.39,ERP RESERVA CONFIRMADA vendedor=ALEGRIA ESTEBAN,false,false,erp,67068,ALEGRIA ESTEBAN
67069,952,2026-03-09,confirmado,477330.44,ERP RESERVA CONFIRMADA vendedor=ALEGRIA ESTEBAN,false,false,erp,67069,ALEGRIA ESTEBAN
67070,839,2026-03-09,confirmado,171368.58,ERP RESERVA CONFIRMADA vendedor=ALEGRIA ESTEBAN,false,false,erp,67070,ALEGRIA ESTEBAN
67071,354,2026-03-09,confirmado,194878.28,ERP RESERVA CONFIRMADA vendedor=MELLADO FACUNDO,false,false,erp,67071,MELLADO FACUNDO
67072,1636,2026-03-09,facturado,26491.91,ERP VENTA vendedor=MELLADO FACUNDO,false,false,erp,67072,MELLADO FACUNDO
67073,650,2026-03-09,confirmado,110176.25,ERP RESERVA CONFIRMADA vendedor=MELLADO FACUNDO,false,false,erp,67073,MELLADO FACUNDO
67074,1879,2026-03-09,facturado,164646.59,ERP VENTA vendedor=MELLADO FACUNDO,false,false,erp,67074,MELLADO FACUNDO
67075,796,2026-03-09,confirmado,635519.48,ERP RESERVA CONFIRMADA vendedor=MELLADO FACUNDO,false,false,erp,67075,MELLADO FACUNDO
67076,1137,2026-03-09,confirmado,350930.45,ERP RESERVA CONFIRMADA vendedor=MELLADO FACUNDO,false,false,erp,67076,MELLADO FACUNDO
67079,1868,2026-03-09,confirmado,161798.18,ERP RESERVA CONFIRMADA vendedor=MELLADO FACUNDO,false,false,erp,67079,MELLADO FACUNDO
67080,574,2026-03-09,confirmado,81276.75,ERP RESERVA CONFIRMADA vendedor=MELLADO FACUNDO,false,false,erp,67080,MELLADO FACUNDO
67081,666,2026-03-09,confirmado,74650.92,ERP RESERVA CONFIRMADA vendedor=MELLADO FACUNDO,false,false,erp,67081,MELLADO FACUNDO
67082,1881,2026-03-09,facturado,118383.28,ERP VENTA vendedor=MELLADO FACUNDO,false,false,erp,67082,MELLADO FACUNDO
67041,1529,2026-03-07,facturado,260922.93,ERP VENTA vendedor=MELLADO FACUNDO,false,false,erp,67041,MELLADO FACUNDO
67042,376,2026-03-07,facturado,77865.20,ERP VENTA vendedor=MELLADO FACUNDO,false,false,erp,67042,MELLADO FACUNDO
67043,837,2026-03-07,facturado,54099.51,ERP VENTA vendedor=MELLADO FACUNDO,false,false,erp,67043,MELLADO FACUNDO
67044,138,2026-03-07,facturado,262824.35,ERP VENTA vendedor=MELLADO FACUNDO,false,false,erp,67044,MELLADO FACUNDO
67045,1326,2026-03-07,confirmado,972903.98,ERP RESERVA CONFIRMADA vendedor=MELLADO FACUNDO,false,false,erp,67045,MELLADO FACUNDO
67046,1326,2026-03-07,confirmado,2017717.30,ERP RESERVA CONFIRMADA vendedor=MELLADO FACUNDO,false,false,erp,67046,MELLADO FACUNDO
67047,1795,2026-03-07,facturado,78727.30,ERP VENTA vendedor=MELLADO FACUNDO,false,false,erp,67047,MELLADO FACUNDO
67023,1733,2026-03-06,confirmado,111959.24,ERP RESERVA CONFIRMADA vendedor=MELLADO FACUNDO,false,false,erp,67023,MELLADO FACUNDO
67024,1240,2026-03-06,facturado,86679.82,ERP VENTA vendedor=MELLADO FACUNDO,false,false,erp,67024,MELLADO FACUNDO
67025,1539,2026-03-06,facturado,156090.42,ERP VENTA vendedor=MELLADO FACUNDO,false,false,erp,67025,MELLADO FACUNDO
67026,1058,2026-03-06,facturado,49627.74,ERP VENTA vendedor=MELLADO FACUNDO,false,false,erp,67026,MELLADO FACUNDO
67027,328,2026-03-06,facturado,1435301.40,ERP VENTA vendedor=MELLADO FACUNDO,false,false,erp,67027,MELLADO FACUNDO
67028,1858,2026-03-06,facturado,139343.85,ERP VENTA vendedor=MELLADO FACUNDO,false,false,erp,67028,MELLADO FACUNDO
67029,328,2026-03-06,facturado,147591.64,ERP VENTA vendedor=MELLADO FACUNDO,false,false,erp,67029,MELLADO FACUNDO
67030,971,2026-03-06,facturado,438971.69,ERP VENTA vendedor=MELLADO FACUNDO,false,false,erp,67030,MELLADO FACUNDO
67031,1832,2026-03-06,facturado,63264.76,ERP VENTA vendedor=MELLADO FACUNDO,false,false,erp,67031,MELLADO FACUNDO
67032,316,2026-03-06,facturado,105524.10,ERP VENTA vendedor=MELLADO FACUNDO,false,false,erp,67032,MELLADO FACUNDO
67033,944,2026-03-06,facturado,62814.36,ERP VENTA vendedor=MELLADO FACUNDO,false,false,erp,67033,MELLADO FACUNDO
67034,417,2026-03-06,facturado,54099.51,ERP VENTA vendedor=MELLADO FACUNDO,false,false,erp,67034,MELLADO FACUNDO
67035,1555,2026-03-06,facturado,59992.14,ERP VENTA vendedor=MELLADO FACUNDO,false,false,erp,67035,MELLADO FACUNDO
67036,398,2026-03-06,facturado,54875.75,ERP VENTA vendedor=MELLADO FACUNDO,false,false,erp,67036,MELLADO FACUNDO
67037,42,2026-03-06,facturado,187388.96,ERP VENTA vendedor=MELLADO FACUNDO,false,false,erp,67037,MELLADO FACUNDO
67038,532,2026-03-06,facturado,107949.50,ERP VENTA vendedor=MELLADO FACUNDO,false,false,erp,67038,MELLADO FACUNDO
67039,837,2026-03-06,facturado,47800.00,ERP VENTA vendedor=MELLADO FACUNDO,false,false,erp,67039,MELLADO FACUNDO
67040,1642,2026-03-06,facturado,52983.82,ERP VENTA vendedor=MELLADO FACUNDO,false,false,erp,67040,MELLADO FACUNDO
66965,7,2026-03-05,confirmado,452076.83,ERP RESERVA CONFIRMADA vendedor=MELLADO FACUNDO,false,false,erp,66965,MELLADO FACUNDO
66966,428,2026-03-05,confirmado,599742.95,ERP RESERVA CONFIRMADA vendedor=MELLADO FACUNDO,false,false,erp,66966,MELLADO FACUNDO
66967,244,2026-03-05,confirmado,165118.85,ERP RESERVA CONFIRMADA vendedor=MELLADO FACUNDO,false,false,erp,66967,MELLADO FACUNDO
66968,140,2026-03-05,confirmado,209206.85,ERP RESERVA CONFIRMADA vendedor=MELLADO FACUNDO,false,false,erp,66968,MELLADO FACUNDO
66969,1320,2026-03-05,confirmado,148450.32,ERP RESERVA CONFIRMADA vendedor=MELLADO FACUNDO,false,false,erp,66969,MELLADO FACUNDO
66996,957,2026-03-05,confirmado,104936.65,ERP RESERVA CONFIRMADA vendedor=MELLADO FACUNDO,false,false,erp,66996,MELLADO FACUNDO
66999,75,2026-03-05,confirmado,107867.06,ERP RESERVA CONFIRMADA vendedor=MELLADO FACUNDO,false,false,erp,66999,MELLADO FACUNDO
67001,243,2026-03-05,facturado,15850305.40,ERP VENTA vendedor=MELLADO FACUNDO,false,false,erp,67001,MELLADO FACUNDO
67002,1146,2026-03-05,confirmado,901237.01,ERP RESERVA CONFIRMADA vendedor=MELLADO FACUNDO,false,false,erp,67002,MELLADO FACUNDO
67004,1831,2026-03-05,facturado,154345.02,ERP VENTA vendedor=MELLADO FACUNDO,false,false,erp,67004,MELLADO FACUNDO
67005,993,2026-03-05,confirmado,788901.90,ERP RESERVA CONFIRMADA vendedor=MELLADO FACUNDO,false,false,erp,67005,MELLADO FACUNDO
67006,1735,2026-03-05,confirmado,118036.16,ERP RESERVA CONFIRMADA vendedor=MELLADO FACUNDO,false,false,erp,67006,MELLADO FACUNDO
67007,1735,2026-03-05,confirmado,118036.16,ERP RESERVA CONFIRMADA vendedor=MELLADO FACUNDO,false,false,erp,67007,MELLADO FACUNDO
67008,1049,2026-03-05,confirmado,68196.33,ERP RESERVA CONFIRMADA vendedor=MELLADO FACUNDO,false,false,erp,67008,MELLADO FACUNDO
67009,1606,2026-03-05,confirmado,166884.57,ERP RESERVA CONFIRMADA vendedor=MELLADO FACUNDO,false,false,erp,67009,MELLADO FACUNDO
67010,38,2026-03-05,confirmado,254229.20,ERP RESERVA CONFIRMADA vendedor=MELLADO FACUNDO,false,false,erp,67010,MELLADO FACUNDO
67011,872,2026-03-05,facturado,115937.65,ERP VENTA vendedor=ALEGRIA ESTEBAN,false,false,erp,67011,ALEGRIA ESTEBAN
67012,316,2026-03-05,facturado,98216.90,ERP VENTA vendedor=MELLADO FACUNDO,false,false,erp,67012,MELLADO FACUNDO
67013,626,2026-03-05,facturado,48993.56,ERP VENTA vendedor=MELLADO FACUNDO,false,false,erp,67013,MELLADO FACUNDO
67014,1651,2026-03-05,confirmado,272115.81,ERP RESERVA CONFIRMADA vendedor=MELLADO FACUNDO,false,false,erp,67014,MELLADO FACUNDO
67015,1851,2026-03-05,confirmado,121565.53,ERP RESERVA CONFIRMADA vendedor=MELLADO FACUNDO,false,false,erp,67015,MELLADO FACUNDO
67016,1878,2026-03-05,confirmado,504337.43,ERP RESERVA CONFIRMADA vendedor=MELLADO FACUNDO,false,false,erp,67016,MELLADO FACUNDO
67017,996,2026-03-05,confirmado,359973.98,ERP RESERVA CONFIRMADA vendedor=MELLADO FACUNDO,false,false,erp,67017,MELLADO FACUNDO
67018,1454,2026-03-05,facturado,95981.33,ERP VENTA vendedor=MELLADO FACUNDO,false,false,erp,67018,MELLADO FACUNDO
67019,1365,2026-03-05,facturado,55256.86,ERP VENTA vendedor=MELLADO FACUNDO,false,false,erp,67019,MELLADO FACUNDO
67020,455,2026-03-05,confirmado,107873.43,ERP RESERVA CONFIRMADA vendedor=MELLADO FACUNDO,false,false,erp,67020,MELLADO FACUNDO
67021,184,2026-03-05,facturado,50075.66,ERP VENTA vendedor=MELLADO FACUNDO,false,false,erp,67021,MELLADO FACUNDO
67022,184,2026-03-05,facturado,26340.24,ERP VENTA vendedor=MELLADO FACUNDO,false,false,erp,67022,MELLADO FACUNDO
66957,1567,2026-03-04,confirmado,446714.88,ERP RESERVA CONFIRMADA vendedor=MELLADO FACUNDO,false,false,erp,66957,MELLADO FACUNDO
66972,45,2026-03-04,confirmado,160264.80,ERP RESERVA CONFIRMADA vendedor=MELLADO FACUNDO,false,false,erp,66972,MELLADO FACUNDO
66973,732,2026-03-04,confirmado,165791.42,ERP RESERVA CONFIRMADA vendedor=MELLADO FACUNDO,false,false,erp,66973,MELLADO FACUNDO
66974,623,2026-03-04,confirmado,102308.00,ERP RESERVA CONFIRMADA vendedor=MELLADO FACUNDO,false,false,erp,66974,MELLADO FACUNDO
66980,35,2026-03-04,confirmado,109792.00,ERP RESERVA CONFIRMADA vendedor=MELLADO FACUNDO,false,false,erp,66980,MELLADO FACUNDO
66981,1580,2026-03-04,facturado,243265.17,ERP VENTA vendedor=MELLADO FACUNDO,false,false,erp,66981,MELLADO FACUNDO
66982,31,2026-03-04,confirmado,415252.08,ERP RESERVA CONFIRMADA vendedor=MELLADO FACUNDO,false,false,erp,66982,MELLADO FACUNDO
66983,1342,2026-03-04,confirmado,336392.76,ERP RESERVA CONFIRMADA vendedor=MELLADO FACUNDO,false,false,erp,66983,MELLADO FACUNDO
66984,695,2026-03-04,facturado,209117.19,ERP VENTA vendedor=MELLADO FACUNDO,false,false,erp,66984,MELLADO FACUNDO
66985,1644,2026-03-04,facturado,32657.17,ERP VENTA vendedor=MELLADO FACUNDO,false,false,erp,66985,MELLADO FACUNDO
66986,20,2026-03-04,confirmado,234136.70,ERP RESERVA CONFIRMADA vendedor=MELLADO FACUNDO,false,false,erp,66986,MELLADO FACUNDO
66987,1421,2026-03-04,confirmado,315959.08,ERP RESERVA CONFIRMADA vendedor=MELLADO FACUNDO,false,false,erp,66987,MELLADO FACUNDO
66988,1291,2026-03-04,facturado,109253.30,ERP VENTA vendedor=ALEGRIA ESTEBAN,false,false,erp,66988,ALEGRIA ESTEBAN
66989,110,2026-03-04,confirmado,564424.03,ERP RESERVA CONFIRMADA vendedor=MELLADO FACUNDO,false,false,erp,66989,MELLADO FACUNDO
66990,45,2026-03-04,confirmado,69804.80,ERP RESERVA CONFIRMADA vendedor=MELLADO FACUNDO,false,false,erp,66990,MELLADO FACUNDO
66991,1871,2026-03-04,facturado,146958.69,ERP VENTA vendedor=MELLADO FACUNDO,false,false,erp,66991,MELLADO FACUNDO
66992,747,2026-03-04,confirmado,366027.00,ERP RESERVA CONFIRMADA vendedor=MELLADO FACUNDO,false,false,erp,66992,MELLADO FACUNDO
66993,1794,2026-03-04,confirmado,384910.98,ERP RESERVA CONFIRMADA vendedor=MELLADO FACUNDO,false,false,erp,66993,MELLADO FACUNDO
66995,1638,2026-03-04,confirmado,304662.99,ERP RESERVA CONFIRMADA vendedor=MELLADO FACUNDO,false,false,erp,66995,MELLADO FACUNDO
66997,891,2026-03-04,facturado,545323.52,ERP VENTA vendedor=MELLADO FACUNDO,false,false,erp,66997,MELLADO FACUNDO
66998,6,2026-03-04,confirmado,1246821.33,ERP RESERVA CONFIRMADA vendedor=MELLADO FACUNDO,false,false,erp,66998,MELLADO FACUNDO
66932,1849,2026-03-03,confirmado,102308.00,ERP RESERVA CONFIRMADA vendedor=MELLADO FACUNDO,false,false,erp,66932,MELLADO FACUNDO
66934,108,2026-03-03,confirmado,170379.00,ERP RESERVA CONFIRMADA vendedor=MELLADO FACUNDO,false,false,erp,66934,MELLADO FACUNDO
66935,1159,2026-03-03,confirmado,119152.79,ERP RESERVA CONFIRMADA vendedor=MELLADO FACUNDO,false,false,erp,66935,MELLADO FACUNDO
66940,1307,2026-03-03,confirmado,448517.16,ERP RESERVA CONFIRMADA vendedor=MELLADO FACUNDO,false,false,erp,66940,MELLADO FACUNDO
66942,161,2026-03-03,confirmado,115500.48,ERP RESERVA CONFIRMADA vendedor=MELLADO FACUNDO,false,false,erp,66942,MELLADO FACUNDO
66954,1241,2026-03-03,confirmado,122040.00,ERP RESERVA CONFIRMADA vendedor=MELLADO FACUNDO,false,false,erp,66954,MELLADO FACUNDO
66955,54,2026-03-03,confirmado,773489.96,ERP RESERVA CONFIRMADA vendedor=MELLADO FACUNDO,false,false,erp,66955,MELLADO FACUNDO
66956,971,2026-03-03,facturado,205343.15,ERP VENTA vendedor=MELLADO FACUNDO,false,false,erp,66956,MELLADO FACUNDO
66959,905,2026-03-03,confirmado,110917.15,ERP RESERVA CONFIRMADA vendedor=MELLADO FACUNDO,false,false,erp,66959,MELLADO FACUNDO
66960,152,2026-03-03,confirmado,133002.45,ERP RESERVA CONFIRMADA vendedor=MELLADO FACUNDO,false,false,erp,66960,MELLADO FACUNDO
66961,333,2026-03-03,confirmado,116373.85,ERP RESERVA CONFIRMADA vendedor=MELLADO FACUNDO,false,false,erp,66961,MELLADO FACUNDO
66962,151,2026-03-03,confirmado,157034.79,ERP RESERVA CONFIRMADA vendedor=MELLADO FACUNDO,false,false,erp,66962,MELLADO FACUNDO
66963,1219,2026-03-03,confirmado,208302.70,ERP RESERVA CONFIRMADA vendedor=MELLADO FACUNDO,false,false,erp,66963,MELLADO FACUNDO
66964,854,2026-03-03,confirmado,195778.20,ERP RESERVA CONFIRMADA vendedor=MELLADO FACUNDO,false,false,erp,66964,MELLADO FACUNDO
66970,1875,2026-03-03,facturado,54259.13,ERP VENTA vendedor=MELLADO FACUNDO,false,false,erp,66970,MELLADO FACUNDO
66971,1875,2026-03-03,facturado,13844.80,ERP VENTA vendedor=MELLADO FACUNDO,false,false,erp,66971,MELLADO FACUNDO
66975,348,2026-03-03,confirmado,254809.79,ERP RESERVA CONFIRMADA vendedor=MELLADO FACUNDO,false,false,erp,66975,MELLADO FACUNDO
66976,316,2026-03-03,facturado,47335.67,ERP VENTA vendedor=MELLADO FACUNDO,false,false,erp,66976,MELLADO FACUNDO
66977,532,2026-03-03,facturado,67155.00,ERP VENTA vendedor=ALEGRIA ESTEBAN,false,false,erp,66977,ALEGRIA ESTEBAN
66978,1384,2026-03-03,confirmado,151377.82,ERP RESERVA CONFIRMADA vendedor=MELLADO FACUNDO,false,false,erp,66978,MELLADO FACUNDO
66979,1751,2026-03-03,facturado,80595.20,ERP VENTA vendedor=MELLADO FACUNDO,false,false,erp,66979,MELLADO FACUNDO
66909,909,2026-03-02,confirmado,84699.54,ERP RESERVA CONFIRMADA vendedor=MELLADO FACUNDO,false,false,erp,66909,MELLADO FACUNDO
66910,909,2026-03-02,confirmado,93242.52,ERP RESERVA CONFIRMADA vendedor=MELLADO FACUNDO,false,false,erp,66910,MELLADO FACUNDO
66911,710,2026-03-02,confirmado,148535.34,ERP RESERVA CONFIRMADA vendedor=MELLADO FACUNDO,false,false,erp,66911,MELLADO FACUNDO
66912,710,2026-03-02,confirmado,174672.46,ERP RESERVA CONFIRMADA vendedor=MELLADO FACUNDO,false,false,erp,66912,MELLADO FACUNDO
66913,159,2026-03-02,confirmado,60129.40,ERP RESERVA CONFIRMADA vendedor=MELLADO FACUNDO,false,false,erp,66913,MELLADO FACUNDO
66914,1326,2026-03-02,confirmado,286152.93,ERP RESERVA CONFIRMADA vendedor=MELLADO FACUNDO,false,false,erp,66914,MELLADO FACUNDO
66916,35,2026-03-02,confirmado,288983.30,ERP RESERVA CONFIRMADA vendedor=MELLADO FACUNDO,false,false,erp,66916,MELLADO FACUNDO
66917,787,2026-03-02,confirmado,188533.23,ERP RESERVA CONFIRMADA vendedor=MELLADO FACUNDO,false,false,erp,66917,MELLADO FACUNDO
66918,909,2026-03-02,confirmado,275983.69,ERP RESERVA CONFIRMADA vendedor=MELLADO FACUNDO,false,false,erp,66918,MELLADO FACUNDO
66919,200,2026-03-02,confirmado,159850.00,ERP RESERVA CONFIRMADA vendedor=MELLADO FACUNDO,false,false,erp,66919,MELLADO FACUNDO
66920,1801,2026-03-02,facturado,57424.68,ERP VENTA vendedor=MELLADO FACUNDO,false,false,erp,66920,MELLADO FACUNDO
66921,1820,2026-03-02,confirmado,209807.25,ERP RESERVA CONFIRMADA vendedor=MELLADO FACUNDO,false,false,erp,66921,MELLADO FACUNDO
66922,1326,2026-03-02,confirmado,2947572.92,ERP RESERVA CONFIRMADA vendedor=MELLADO FACUNDO,false,false,erp,66922,MELLADO FACUNDO
66923,1326,2026-03-02,confirmado,1644937.72,ERP RESERVA CONFIRMADA vendedor=MELLADO FACUNDO,false,false,erp,66923,MELLADO FACUNDO
66924,101,2026-03-02,confirmado,110216.24,ERP RESERVA CONFIRMADA vendedor=MELLADO FACUNDO,false,false,erp,66924,MELLADO FACUNDO
66925,872,2026-03-02,facturado,1747795.50,ERP VENTA vendedor=MELLADO FACUNDO,false,false,erp,66925,MELLADO FACUNDO
66926,229,2026-03-02,confirmado,242860.10,ERP RESERVA CONFIRMADA vendedor=MELLADO FACUNDO,false,false,erp,66926,MELLADO FACUNDO
66927,971,2026-03-02,facturado,2281152.50,ERP VENTA vendedor=MELLADO FACUNDO,false,false,erp,66927,MELLADO FACUNDO
66928,971,2026-03-02,facturado,2760195.00,ERP VENTA vendedor=MELLADO FACUNDO,false,false,erp,66928,MELLADO FACUNDO
66929,316,2026-03-02,facturado,129466.38,ERP VENTA vendedor=MELLADO FACUNDO,false,false,erp,66929,MELLADO FACUNDO
66930,1698,2026-03-02,confirmado,106645.43,ERP RESERVA CONFIRMADA vendedor=MELLADO FACUNDO,false,false,erp,66930,MELLADO FACUNDO
66931,650,2026-03-02,confirmado,152579.03,ERP RESERVA CONFIRMADA vendedor=MELLADO FACUNDO,false,false,erp,66931,MELLADO FACUNDO
66933,1137,2026-03-02,confirmado,291627.70,ERP RESERVA CONFIRMADA vendedor=MELLADO FACUNDO,false,false,erp,66933,MELLADO FACUNDO
66936,1868,2026-03-02,confirmado,60556.43,ERP RESERVA CONFIRMADA vendedor=MELLADO FACUNDO,false,false,erp,66936,MELLADO FACUNDO
66939,316,2026-03-02,facturado,68442.96,ERP VENTA vendedor=MELLADO FACUNDO,false,false,erp,66939,MELLADO FACUNDO
66941,796,2026-03-02,confirmado,615262.79,ERP RESERVA CONFIRMADA vendedor=MELLADO FACUNDO,false,false,erp,66941,MELLADO FACUNDO
66943,872,2026-03-02,confirmado,327369.23,ERP RESERVA CONFIRMADA vendedor=MELLADO FACUNDO,false,false,erp,66943,MELLADO FACUNDO
66944,522,2026-03-02,confirmado,82670.87,ERP RESERVA CONFIRMADA vendedor=MELLADO FACUNDO,false,false,erp,66944,MELLADO FACUNDO
66945,1873,2026-03-02,facturado,401924.05,ERP VENTA vendedor=MELLADO FACUNDO,false,false,erp,66945,MELLADO FACUNDO
66947,968,2026-03-02,facturado,87120.00,ERP VENTA vendedor=ALEGRIA ESTEBAN,false,false,erp,66947,ALEGRIA ESTEBAN
66948,1754,2026-03-02,confirmado,231666.25,ERP RESERVA CONFIRMADA vendedor=MELLADO FACUNDO,false,false,erp,66948,MELLADO FACUNDO
66949,666,2026-03-02,confirmado,147868.72,ERP RESERVA CONFIRMADA vendedor=MELLADO FACUNDO,false,false,erp,66949,MELLADO FACUNDO
66950,1063,2026-03-02,confirmado,155646.37,ERP RESERVA CONFIRMADA vendedor=MELLADO FACUNDO,false,false,erp,66950,MELLADO FACUNDO
66951,419,2026-03-02,confirmado,184676.53,ERP RESERVA CONFIRMADA vendedor=MELLADO FACUNDO,false,false,erp,66951,MELLADO FACUNDO
66952,178,2026-03-02,confirmado,484533.68,ERP RESERVA CONFIRMADA vendedor=MELLADO FACUNDO,false,false,erp,66952,MELLADO FACUNDO
66953,328,2026-03-02,facturado,1186199.30,ERP VENTA vendedor=MELLADO FACUNDO,false,false,erp,66953,MELLADO FACUNDO
66900,867,2026-02-28,facturado,98065.29,ERP VENTA vendedor=MELLADO FACUNDO,false,false,erp,66900,MELLADO FACUNDO
66901,235,2026-02-28,facturado,68484.39,ERP VENTA vendedor=MELLADO FACUNDO,false,false,erp,66901,MELLADO FACUNDO
66902,902,2026-02-28,facturado,143453.65,ERP VENTA vendedor=MELLADO FACUNDO,false,false,erp,66902,MELLADO FACUNDO
66903,1672,2026-02-28,facturado,77865.20,ERP VENTA vendedor=MELLADO FACUNDO,false,false,erp,66903,MELLADO FACUNDO
66904,1442,2026-02-28,facturado,1808047.72,ERP VENTA vendedor=MELLADO FACUNDO,false,false,erp,66904,MELLADO FACUNDO
66905,1442,2026-02-28,facturado,692584.38,ERP VENTA vendedor=MELLADO FACUNDO,false,false,erp,66905,MELLADO FACUNDO
66906,1871,2026-02-28,facturado,70658.53,ERP VENTA vendedor=MELLADO FACUNDO,false,false,erp,66906,MELLADO FACUNDO
66907,652,2026-02-28,facturado,378901.19,ERP VENTA vendedor=ALEGRIA ESTEBAN,false,false,erp,66907,ALEGRIA ESTEBAN
66908,541,2026-02-28,facturado,51374.42,ERP VENTA vendedor=ALEGRIA ESTEBAN,false,false,erp,66908,ALEGRIA ESTEBAN
66885,1847,2026-02-27,facturado,250601.13,ERP VENTA vendedor=MELLADO FACUNDO,false,false,erp,66885,MELLADO FACUNDO
66886,316,2026-02-27,facturado,47335.67,ERP VENTA vendedor=MELLADO FACUNDO,false,false,erp,66886,MELLADO FACUNDO
66887,1586,2026-02-27,confirmado,180246.21,ERP RESERVA CONFIRMADA vendedor=MELLADO FACUNDO,false,false,erp,66887,MELLADO FACUNDO
66888,1580,2026-02-27,facturado,143180.80,ERP VENTA vendedor=MELLADO FACUNDO,false,false,erp,66888,MELLADO FACUNDO
66889,986,2026-02-27,facturado,121500.99,ERP VENTA vendedor=MELLADO FACUNDO,false,false,erp,66889,MELLADO FACUNDO
66890,1609,2026-02-27,facturado,108441.00,ERP VENTA vendedor=MELLADO FACUNDO,false,false,erp,66890,MELLADO FACUNDO
66891,15,2026-02-27,facturado,780948.63,ERP VENTA vendedor=MELLADO FACUNDO,false,false,erp,66891,MELLADO FACUNDO
66892,1183,2026-02-27,facturado,78408.00,ERP VENTA vendedor=MELLADO FACUNDO,false,false,erp,66892,MELLADO FACUNDO
66893,1832,2026-02-27,facturado,51346.77,ERP VENTA vendedor=MELLADO FACUNDO,false,false,erp,66893,MELLADO FACUNDO
66894,837,2026-02-27,facturado,55481.00,ERP VENTA vendedor=MELLADO FACUNDO,false,false,erp,66894,MELLADO FACUNDO
66895,42,2026-02-27,facturado,87384.98,ERP VENTA vendedor=MELLADO FACUNDO,false,false,erp,66895,MELLADO FACUNDO
66896,654,2026-02-27,facturado,183067.06,ERP VENTA vendedor=MELLADO FACUNDO,false,false,erp,66896,MELLADO FACUNDO
66897,45,2026-02-27,facturado,1196006.55,ERP VENTA vendedor=MELLADO FACUNDO,false,false,erp,66897,MELLADO FACUNDO
66898,16,2026-02-27,facturado,187366.40,ERP VENTA vendedor=MELLADO FACUNDO,false,false,erp,66898,MELLADO FACUNDO
66899,16,2026-02-27,facturado,150343.71,ERP VENTA vendedor=MELLADO FACUNDO,false,false,erp,66899,MELLADO FACUNDO
66830,1533,2026-02-26,confirmado,165892.70,ERP RESERVA CONFIRMADA vendedor=MELLADO FACUNDO,false,false,erp,66830,MELLADO FACUNDO
66835,4,2026-02-26,confirmado,81982.85,ERP RESERVA CONFIRMADA vendedor=MELLADO FACUNDO,false,false,erp,66835,MELLADO FACUNDO
66838,1741,2026-02-26,confirmado,100004.88,ERP RESERVA CONFIRMADA vendedor=MELLADO FACUNDO,false,false,erp,66838,MELLADO FACUNDO
66847,56,2026-02-26,confirmado,206198.38,ERP RESERVA CONFIRMADA vendedor=MELLADO FACUNDO,false,false,erp,66847,MELLADO FACUNDO
66851,607,2026-02-26,confirmado,126554.30,ERP RESERVA CONFIRMADA vendedor=ALEGRIA ESTEBAN,false,false,erp,66851,ALEGRIA ESTEBAN
66852,1651,2026-02-26,confirmado,243077.28,ERP RESERVA CONFIRMADA vendedor=ALEGRIA ESTEBAN,false,false,erp,66852,ALEGRIA ESTEBAN
66853,522,2026-02-26,confirmado,80943.58,ERP RESERVA CONFIRMADA vendedor=ALEGRIA ESTEBAN,false,false,erp,66853,ALEGRIA ESTEBAN
66855,1146,2026-02-26,confirmado,823860.78,ERP RESERVA CONFIRMADA vendedor=ALEGRIA ESTEBAN,false,false,erp,66855,ALEGRIA ESTEBAN
66856,1733,2026-02-26,confirmado,110923.34,ERP RESERVA CONFIRMADA vendedor=ALEGRIA ESTEBAN,false,false,erp,66856,ALEGRIA ESTEBAN
66857,583,2026-02-26,confirmado,148966.72,ERP RESERVA CONFIRMADA vendedor=ALEGRIA ESTEBAN,false,false,erp,66857,ALEGRIA ESTEBAN
66859,993,2026-02-26,confirmado,514483.69,ERP RESERVA CONFIRMADA vendedor=ALEGRIA ESTEBAN,false,false,erp,66859,ALEGRIA ESTEBAN
66860,45,2026-02-26,facturado,1342951.30,ERP VENTA vendedor=MELLADO FACUNDO,false,false,erp,66860,MELLADO FACUNDO
66861,20,2026-02-26,confirmado,54827.40,ERP RESERVA CONFIRMADA vendedor=MELLADO FACUNDO,false,false,erp,66861,MELLADO FACUNDO
66862,1638,2026-02-26,confirmado,414079.88,ERP RESERVA CONFIRMADA vendedor=MELLADO FACUNDO,false,false,erp,66862,MELLADO FACUNDO
66863,1270,2026-02-26,confirmado,102308.00,ERP RESERVA CONFIRMADA vendedor=MELLADO FACUNDO,false,false,erp,66863,MELLADO FACUNDO
66864,1444,2026-02-26,confirmado,203218.50,ERP RESERVA CONFIRMADA vendedor=MELLADO FACUNDO,false,false,erp,66864,MELLADO FACUNDO
66865,996,2026-02-26,confirmado,569665.92,ERP RESERVA CONFIRMADA vendedor=MELLADO FACUNDO,false,false,erp,66865,MELLADO FACUNDO
66866,499,2026-02-26,confirmado,136237.31,ERP RESERVA CONFIRMADA vendedor=MELLADO FACUNDO,false,false,erp,66866,MELLADO FACUNDO
66867,140,2026-02-26,confirmado,289032.07,ERP RESERVA CONFIRMADA vendedor=MELLADO FACUNDO,false,false,erp,66867,MELLADO FACUNDO
66868,532,2026-02-26,facturado,151782.13,ERP VENTA vendedor=MELLADO FACUNDO,false,false,erp,66868,MELLADO FACUNDO
66869,532,2026-02-26,facturado,44815.61,ERP VENTA vendedor=MELLADO FACUNDO,false,false,erp,66869,MELLADO FACUNDO
66870,1829,2026-02-26,confirmado,153627.77,ERP RESERVA CONFIRMADA vendedor=MELLADO FACUNDO,false,false,erp,66870,MELLADO FACUNDO
66871,45,2026-02-26,facturado,1241629.60,ERP VENTA vendedor=MELLADO FACUNDO,false,false,erp,66871,MELLADO FACUNDO
66872,976,2026-02-26,facturado,80530.60,ERP VENTA vendedor=MELLADO FACUNDO,false,false,erp,66872,MELLADO FACUNDO
66873,1817,2026-02-26,facturado,133661.88,ERP VENTA vendedor=MELLADO FACUNDO,false,false,erp,66873,MELLADO FACUNDO
66874,1512,2026-02-26,confirmado,141418.86,ERP RESERVA CONFIRMADA vendedor=MELLADO FACUNDO,false,false,erp,66874,MELLADO FACUNDO
66875,1049,2026-02-26,confirmado,113999.36,ERP RESERVA CONFIRMADA vendedor=MELLADO FACUNDO,false,false,erp,66875,MELLADO FACUNDO
66876,161,2026-02-26,facturado,1165197.00,ERP VENTA vendedor=MELLADO FACUNDO,false,false,erp,66876,MELLADO FACUNDO
66877,161,2026-02-26,facturado,53460.18,ERP VENTA vendedor=MELLADO FACUNDO,false,false,erp,66877,MELLADO FACUNDO
66878,1774,2026-02-26,facturado,620535.51,ERP VENTA vendedor=MELLADO FACUNDO,false,false,erp,66878,MELLADO FACUNDO
66879,1860,2026-02-26,facturado,131666.84,ERP VENTA vendedor=MELLADO FACUNDO,false,false,erp,66879,MELLADO FACUNDO
66880,428,2026-02-26,confirmado,650519.15,ERP RESERVA CONFIRMADA vendedor=MELLADO FACUNDO,false,false,erp,66880,MELLADO FACUNDO
66881,7,2026-02-26,confirmado,154110.11,ERP RESERVA CONFIRMADA vendedor=MELLADO FACUNDO,false,false,erp,66881,MELLADO FACUNDO
66882,1851,2026-02-26,confirmado,184586.63,ERP RESERVA CONFIRMADA vendedor=MELLADO FACUNDO,false,false,erp,66882,MELLADO FACUNDO
66883,1454,2026-02-26,confirmado,137719.24,ERP RESERVA CONFIRMADA vendedor=MELLADO FACUNDO,false,false,erp,66883,MELLADO FACUNDO
66884,1120,2026-02-26,confirmado,189623.73,ERP RESERVA CONFIRMADA vendedor=MELLADO FACUNDO,false,false,erp,66884,MELLADO FACUNDO
66792,129,2026-02-25,confirmado,164344.43,ERP RESERVA CONFIRMADA vendedor=MELLADO FACUNDO,false,false,erp,66792,MELLADO FACUNDO
66825,1214,2026-02-25,confirmado,129117.18,ERP RESERVA CONFIRMADA vendedor=MELLADO FACUNDO,false,false,erp,66825,MELLADO FACUNDO
66826,732,2026-02-25,confirmado,155114.79,ERP RESERVA CONFIRMADA vendedor=MELLADO FACUNDO,false,false,erp,66826,MELLADO FACUNDO
66827,990,2026-02-25,confirmado,106534.27,ERP RESERVA CONFIRMADA vendedor=MELLADO FACUNDO,false,false,erp,66827,MELLADO FACUNDO
66832,125,2026-02-25,confirmado,220897.70,ERP RESERVA CONFIRMADA vendedor=MELLADO FACUNDO,false,false,erp,66832,MELLADO FACUNDO
66833,1806,2026-02-25,confirmado,190246.61,ERP RESERVA CONFIRMADA vendedor=MELLADO FACUNDO,false,false,erp,66833,MELLADO FACUNDO
66834,6,2026-02-25,confirmado,1435846.50,ERP RESERVA CONFIRMADA vendedor=MELLADO FACUNDO,false,false,erp,66834,MELLADO FACUNDO
66836,1567,2026-02-25,confirmado,498418.26,ERP RESERVA CONFIRMADA vendedor=MELLADO FACUNDO,false,false,erp,66836,MELLADO FACUNDO
66837,316,2026-02-25,facturado,213596.63,ERP VENTA vendedor=MELLADO FACUNDO,false,false,erp,66837,MELLADO FACUNDO
66839,1848,2026-02-25,facturado,1093694.45,ERP VENTA vendedor=MELLADO FACUNDO,false,false,erp,66839,MELLADO FACUNDO
66840,1848,2026-02-25,facturado,3430253.00,ERP VENTA vendedor=MELLADO FACUNDO,false,false,erp,66840,MELLADO FACUNDO
66841,947,2026-02-25,facturado,1656117.00,ERP VENTA vendedor=MELLADO FACUNDO,false,false,erp,66841,MELLADO FACUNDO
66843,31,2026-02-25,confirmado,1108914.99,ERP RESERVA CONFIRMADA vendedor=MELLADO FACUNDO,false,false,erp,66843,MELLADO FACUNDO
66844,1342,2026-02-25,confirmado,347184.52,ERP RESERVA CONFIRMADA vendedor=MELLADO FACUNDO,false,false,erp,66844,MELLADO FACUNDO
66845,1823,2026-02-25,confirmado,173702.41,ERP RESERVA CONFIRMADA vendedor=MELLADO FACUNDO,false,false,erp,66845,MELLADO FACUNDO
66846,431,2026-02-25,confirmado,150721.74,ERP RESERVA CONFIRMADA vendedor=MELLADO FACUNDO,false,false,erp,66846,MELLADO FACUNDO
66848,797,2026-02-25,facturado,409917.48,ERP VENTA vendedor=MELLADO FACUNDO,false,false,erp,66848,MELLADO FACUNDO
66849,20,2026-02-25,confirmado,124003.80,ERP RESERVA CONFIRMADA vendedor=ALEGRIA ESTEBAN,false,false,erp,66849,ALEGRIA ESTEBAN
66850,45,2026-02-25,confirmado,283000.70,ERP RESERVA CONFIRMADA vendedor=MELLADO FACUNDO,false,false,erp,66850,MELLADO FACUNDO
66854,35,2026-02-25,confirmado,85164.00,ERP RESERVA CONFIRMADA vendedor=ALEGRIA ESTEBAN,false,false,erp,66854,ALEGRIA ESTEBAN
66858,6,2026-02-25,confirmado,204470.50,ERP RESERVA CONFIRMADA vendedor=ALEGRIA ESTEBAN,false,false,erp,66858,ALEGRIA ESTEBAN
66771,40,2026-02-24,confirmado,412825.62,ERP RESERVA CONFIRMADA vendedor=MELLADO FACUNDO,false,false,erp,66771,MELLADO FACUNDO
66793,851,2026-02-24,confirmado,160209.69,ERP RESERVA CONFIRMADA vendedor=MELLADO FACUNDO,false,false,erp,66793,MELLADO FACUNDO
66802,1159,2026-02-24,confirmado,126999.16,ERP RESERVA CONFIRMADA vendedor=MELLADO FACUNDO,false,false,erp,66802,MELLADO FACUNDO
66809,151,2026-02-24,confirmado,142411.95,ERP RESERVA CONFIRMADA vendedor=MELLADO FACUNDO,false,false,erp,66809,MELLADO FACUNDO
66810,1359,2026-02-24,confirmado,84928.13,ERP RESERVA CONFIRMADA vendedor=MELLADO FACUNDO,false,false,erp,66810,MELLADO FACUNDO
66811,962,2026-02-24,confirmado,96304.98,ERP RESERVA CONFIRMADA vendedor=MELLADO FACUNDO,false,false,erp,66811,MELLADO FACUNDO
66812,36,2026-02-24,confirmado,226902.18,ERP RESERVA CONFIRMADA vendedor=MELLADO FACUNDO,false,false,erp,66812,MELLADO FACUNDO
66813,39,2026-02-24,confirmado,145399.93,ERP RESERVA CONFIRMADA vendedor=MELLADO FACUNDO,false,false,erp,66813,MELLADO FACUNDO
66814,184,2026-02-24,confirmado,143101.20,ERP RESERVA CONFIRMADA vendedor=MELLADO FACUNDO,false,false,erp,66814,MELLADO FACUNDO
66815,1384,2026-02-24,confirmado,538139.28,ERP RESERVA CONFIRMADA vendedor=MELLADO FACUNDO,false,false,erp,66815,MELLADO FACUNDO
66816,1146,2026-02-24,confirmado,214660.78,ERP RESERVA CONFIRMADA vendedor=MELLADO FACUNDO,false,false,erp,66816,MELLADO FACUNDO
66817,1661,2026-02-24,confirmado,410871.71,ERP RESERVA CONFIRMADA vendedor=MELLADO FACUNDO,false,false,erp,66817,MELLADO FACUNDO
66818,1869,2026-02-24,facturado,73418.71,ERP VENTA vendedor=MELLADO FACUNDO,false,false,erp,66818,MELLADO FACUNDO
66819,645,2026-02-24,facturado,65694.90,ERP VENTA vendedor=MELLADO FACUNDO,false,false,erp,66819,MELLADO FACUNDO
66820,428,2026-02-24,facturado,183803.36,ERP VENTA vendedor=MELLADO FACUNDO,false,false,erp,66820,MELLADO FACUNDO
66821,1801,2026-02-24,facturado,103526.67,ERP VENTA vendedor=MELLADO FACUNDO,false,false,erp,66821,MELLADO FACUNDO
66822,857,2026-02-24,facturado,350581.32,ERP VENTA vendedor=MELLADO FACUNDO,false,false,erp,66822,MELLADO FACUNDO
66823,45,2026-02-24,facturado,1196006.55,ERP VENTA vendedor=MELLADO FACUNDO,false,false,erp,66823,MELLADO FACUNDO
66824,108,2026-02-24,confirmado,186927.63,ERP RESERVA CONFIRMADA vendedor=MELLADO FACUNDO,false,false,erp,66824,MELLADO FACUNDO
66828,947,2026-02-24,facturado,1368691.50,ERP VENTA vendedor=MELLADO FACUNDO,false,false,erp,66828,MELLADO FACUNDO
66829,1417,2026-02-24,facturado,180098.89,ERP VENTA vendedor=MELLADO FACUNDO,false,false,erp,66829,MELLADO FACUNDO
66831,125,2026-02-24,confirmado,294943.63,ERP RESERVA CONFIRMADA vendedor=MELLADO FACUNDO,false,false,erp,66831,MELLADO FACUNDO
66775,1326,2026-02-23,confirmado,256478.87,ERP RESERVA CONFIRMADA vendedor=MELLADO FACUNDO,false,false,erp,66775,MELLADO FACUNDO
66776,909,2026-02-23,confirmado,171844.28,ERP RESERVA CONFIRMADA vendedor=MELLADO FACUNDO,false,false,erp,66776,MELLADO FACUNDO
66777,909,2026-02-23,confirmado,142460.25,ERP RESERVA CONFIRMADA vendedor=MELLADO FACUNDO,false,false,erp,66777,MELLADO FACUNDO
66778,909,2026-02-23,confirmado,192702.35,ERP RESERVA CONFIRMADA vendedor=MELLADO FACUNDO,false,false,erp,66778,MELLADO FACUNDO
66779,710,2026-02-23,confirmado,165714.39,ERP RESERVA CONFIRMADA vendedor=MELLADO FACUNDO,false,false,erp,66779,MELLADO FACUNDO
66780,710,2026-02-23,confirmado,57754.41,ERP RESERVA CONFIRMADA vendedor=MELLADO FACUNDO,false,false,erp,66780,MELLADO FACUNDO
66781,1757,2026-02-23,confirmado,172502.77,ERP RESERVA CONFIRMADA vendedor=MELLADO FACUNDO,false,false,erp,66781,MELLADO FACUNDO
66782,159,2026-02-23,confirmado,203336.22,ERP RESERVA CONFIRMADA vendedor=MELLADO FACUNDO,false,false,erp,66782,MELLADO FACUNDO
66783,1820,2026-02-23,confirmado,75035.19,ERP RESERVA CONFIRMADA vendedor=MELLADO FACUNDO,false,false,erp,66783,MELLADO FACUNDO
66784,1586,2026-02-23,confirmado,579297.10,ERP RESERVA CONFIRMADA vendedor=MELLADO FACUNDO,false,false,erp,66784,MELLADO FACUNDO
66785,1326,2026-02-23,confirmado,3394192.43,ERP RESERVA CONFIRMADA vendedor=MELLADO FACUNDO,false,false,erp,66785,MELLADO FACUNDO
66786,1326,2026-02-23,confirmado,2513089.22,ERP RESERVA CONFIRMADA vendedor=MELLADO FACUNDO,false,false,erp,66786,MELLADO FACUNDO
66787,1661,2026-02-23,facturado,87120.00,ERP VENTA vendedor=MELLADO FACUNDO,false,false,erp,66787,MELLADO FACUNDO
66788,971,2026-02-23,facturado,566181.06,ERP VENTA vendedor=MELLADO FACUNDO,false,false,erp,66788,MELLADO FACUNDO
66789,591,2026-02-23,confirmado,243207.50,ERP RESERVA CONFIRMADA vendedor=MELLADO FACUNDO,false,false,erp,66789,MELLADO FACUNDO
66790,963,2026-02-23,facturado,66438.47,ERP VENTA vendedor=MELLADO FACUNDO,false,false,erp,66790,MELLADO FACUNDO
66791,1698,2026-02-23,confirmado,77865.20,ERP RESERVA CONFIRMADA vendedor=MELLADO FACUNDO,false,false,erp,66791,MELLADO FACUNDO
66794,1851,2026-02-23,facturado,134359.76,ERP VENTA vendedor=MELLADO FACUNDO,false,false,erp,66794,MELLADO FACUNDO
66795,828,2026-02-23,confirmado,216413.54,ERP RESERVA CONFIRMADA vendedor=MELLADO FACUNDO,false,false,erp,66795,MELLADO FACUNDO
66796,952,2026-02-23,confirmado,77799.90,ERP RESERVA CONFIRMADA vendedor=MELLADO FACUNDO,false,false,erp,66796,MELLADO FACUNDO
66797,796,2026-02-23,confirmado,707025.28,ERP RESERVA CONFIRMADA vendedor=MELLADO FACUNDO,false,false,erp,66797,MELLADO FACUNDO
66798,35,2026-02-23,confirmado,826443.77,ERP RESERVA CONFIRMADA vendedor=MELLADO FACUNDO,false,false,erp,66798,MELLADO FACUNDO
66799,630,2026-02-23,confirmado,162284.06,ERP RESERVA CONFIRMADA vendedor=MELLADO FACUNDO,false,false,erp,66799,MELLADO FACUNDO
66803,1580,2026-02-23,facturado,288036.65,ERP VENTA vendedor=MELLADO FACUNDO,false,false,erp,66803,MELLADO FACUNDO
66804,700,2026-02-23,confirmado,77126.08,ERP RESERVA CONFIRMADA vendedor=PATRICIA CURLO,false,false,erp,66804,PATRICIA CURLO
66805,839,2026-02-23,confirmado,243799.22,ERP RESERVA CONFIRMADA vendedor=ALEGRIA ESTEBAN,false,false,erp,66805,ALEGRIA ESTEBAN
66806,178,2026-02-23,confirmado,632757.12,ERP RESERVA CONFIRMADA vendedor=ALEGRIA ESTEBAN,false,false,erp,66806,ALEGRIA ESTEBAN
66807,419,2026-02-23,confirmado,318053.01,ERP RESERVA CONFIRMADA vendedor=PATRICIA CURLO,false,false,erp,66807,PATRICIA CURLO
66767,35,2026-02-21,confirmado,339773.59,ERP RESERVA CONFIRMADA vendedor=MELLADO FACUNDO,false,false,erp,66767,MELLADO FACUNDO
66768,316,2026-02-21,facturado,43560.00,ERP VENTA vendedor=MELLADO FACUNDO,false,false,erp,66768,MELLADO FACUNDO
66769,737,2026-02-21,facturado,54856.50,ERP VENTA vendedor=MELLADO FACUNDO,false,false,erp,66769,MELLADO FACUNDO
66770,173,2026-02-21,confirmado,231184.89,ERP RESERVA CONFIRMADA vendedor=MELLADO FACUNDO,false,false,erp,66770,MELLADO FACUNDO
66772,1417,2026-02-21,facturado,143250.32,ERP VENTA vendedor=ALEGRIA ESTEBAN,false,false,erp,66772,ALEGRIA ESTEBAN
66773,1674,2026-02-21,facturado,49374.43,ERP VENTA vendedor=MELLADO FACUNDO,false,false,erp,66773,MELLADO FACUNDO
66774,1665,2026-02-21,facturado,165571.30,ERP VENTA vendedor=MELLADO FACUNDO,false,false,erp,66774,MELLADO FACUNDO
66753,207,2026-02-20,facturado,292307.40,ERP VENTA vendedor=MELLADO FACUNDO,false,false,erp,66753,MELLADO FACUNDO
66754,184,2026-02-20,facturado,257371.87,ERP VENTA vendedor=MELLADO FACUNDO,false,false,erp,66754,MELLADO FACUNDO
66755,1769,2026-02-20,facturado,213027.02,ERP VENTA vendedor=MELLADO FACUNDO,false,false,erp,66755,MELLADO FACUNDO
66756,1342,2026-02-20,facturado,165094.94,ERP VENTA vendedor=MELLADO FACUNDO,false,false,erp,66756,MELLADO FACUNDO
66757,1672,2026-02-20,facturado,196358.48,ERP VENTA vendedor=MELLADO FACUNDO,false,false,erp,66757,MELLADO FACUNDO
66758,1284,2026-02-20,confirmado,692416.58,ERP RESERVA CONFIRMADA vendedor=MELLADO FACUNDO,false,false,erp,66758,MELLADO FACUNDO
66759,1687,2026-02-20,facturado,75343.38,ERP VENTA vendedor=MELLADO FACUNDO,false,false,erp,66759,MELLADO FACUNDO
66761,110,2026-02-20,facturado,967711.39,ERP VENTA vendedor=MELLADO FACUNDO,false,false,erp,66761,MELLADO FACUNDO
66762,1384,2026-02-20,facturado,7176507.00,ERP VENTA vendedor=MELLADO FACUNDO,false,false,erp,66762,MELLADO FACUNDO
66763,633,2026-02-20,facturado,81808.58,ERP VENTA vendedor=MELLADO FACUNDO,false,false,erp,66763,MELLADO FACUNDO
66764,968,2026-02-20,facturado,89567.35,ERP VENTA vendedor=MELLADO FACUNDO,false,false,erp,66764,MELLADO FACUNDO
66765,1858,2026-02-20,facturado,77865.20,ERP VENTA vendedor=MELLADO FACUNDO,false,false,erp,66765,MELLADO FACUNDO
66766,20,2026-02-20,facturado,105895.37,ERP VENTA vendedor=MELLADO FACUNDO,false,false,erp,66766,MELLADO FACUNDO
66696,751,2026-02-19,confirmado,93737.17,ERP RESERVA CONFIRMADA vendedor=ALEGRIA ESTEBAN,false,false,erp,66696,ALEGRIA ESTEBAN
66697,993,2026-02-19,confirmado,403482.40,ERP RESERVA CONFIRMADA vendedor=ALEGRIA ESTEBAN,false,false,erp,66697,ALEGRIA ESTEBAN
66704,1414,2026-02-19,facturado,555698.00,ERP VENTA vendedor=MELLADO FACUNDO,false,false,erp,66704,MELLADO FACUNDO
66710,1307,2026-02-19,confirmado,454221.01,ERP RESERVA CONFIRMADA vendedor=MELLADO FACUNDO,false,false,erp,66710,MELLADO FACUNDO
66711,1489,2026-02-19,confirmado,192115.26,ERP RESERVA CONFIRMADA vendedor=MELLADO FACUNDO,false,false,erp,66711,MELLADO FACUNDO
66712,905,2026-02-19,confirmado,111932.41,ERP RESERVA CONFIRMADA vendedor=MELLADO FACUNDO,false,false,erp,66712,MELLADO FACUNDO
66713,108,2026-02-19,confirmado,104803.58,ERP RESERVA CONFIRMADA vendedor=MELLADO FACUNDO,false,false,erp,66713,MELLADO FACUNDO
66714,140,2026-02-19,confirmado,442310.21,ERP RESERVA CONFIRMADA vendedor=MELLADO FACUNDO,false,false,erp,66714,MELLADO FACUNDO
66715,152,2026-02-19,confirmado,167461.25,ERP RESERVA CONFIRMADA vendedor=MELLADO FACUNDO,false,false,erp,66715,MELLADO FACUNDO
66716,1382,2026-02-19,confirmado,98943.89,ERP RESERVA CONFIRMADA vendedor=MELLADO FACUNDO,false,false,erp,66716,MELLADO FACUNDO
66717,996,2026-02-19,confirmado,351073.04,ERP RESERVA CONFIRMADA vendedor=MELLADO FACUNDO,false,false,erp,66717,MELLADO FACUNDO
66718,1849,2026-02-19,confirmado,121015.85,ERP RESERVA CONFIRMADA vendedor=MELLADO FACUNDO,false,false,erp,66718,MELLADO FACUNDO
66723,1733,2026-02-19,confirmado,117442.47,ERP RESERVA CONFIRMADA vendedor=MELLADO FACUNDO,false,false,erp,66723,MELLADO FACUNDO
66727,968,2026-02-19,confirmado,1093861.96,ERP RESERVA CONFIRMADA vendedor=MELLADO FACUNDO,false,false,erp,66727,MELLADO FACUNDO
66728,961,2026-02-19,confirmado,69212.67,ERP RESERVA CONFIRMADA vendedor=MELLADO FACUNDO,false,false,erp,66728,MELLADO FACUNDO
66729,1298,2026-02-19,confirmado,86229.86,ERP RESERVA CONFIRMADA vendedor=MELLADO FACUNDO,false,false,erp,66729,MELLADO FACUNDO
66730,1049,2026-02-19,confirmado,140315.42,ERP RESERVA CONFIRMADA vendedor=MELLADO FACUNDO,false,false,erp,66730,MELLADO FACUNDO
66731,1146,2026-02-19,confirmado,830814.72,ERP RESERVA CONFIRMADA vendedor=MELLADO FACUNDO,false,false,erp,66731,MELLADO FACUNDO
66732,1359,2026-02-19,confirmado,174847.91,ERP RESERVA CONFIRMADA vendedor=MELLADO FACUNDO,false,false,erp,66732,MELLADO FACUNDO
66733,1512,2026-02-19,confirmado,507334.20,ERP RESERVA CONFIRMADA vendedor=MELLADO FACUNDO,false,false,erp,66733,MELLADO FACUNDO
66734,316,2026-02-19,facturado,146137.80,ERP VENTA vendedor=MELLADO FACUNDO,false,false,erp,66734,MELLADO FACUNDO
66735,975,2026-02-19,facturado,50378.00,ERP VENTA vendedor=MELLADO FACUNDO,false,false,erp,66735,MELLADO FACUNDO
66736,235,2026-02-19,facturado,111026.06,ERP VENTA vendedor=MELLADO FACUNDO,false,false,erp,66736,MELLADO FACUNDO
66737,46,2026-02-19,confirmado,190898.40,ERP RESERVA CONFIRMADA vendedor=MELLADO FACUNDO,false,false,erp,66737,MELLADO FACUNDO
66738,1454,2026-02-19,confirmado,72081.33,ERP RESERVA CONFIRMADA vendedor=MELLADO FACUNDO,false,false,erp,66738,MELLADO FACUNDO
66739,968,2026-02-19,facturado,30045.62,ERP VENTA vendedor=MELLADO FACUNDO,false,false,erp,66739,MELLADO FACUNDO
66740,947,2026-02-19,confirmado,327867.48,ERP RESERVA CONFIRMADA vendedor=MELLADO FACUNDO,false,false,erp,66740,MELLADO FACUNDO
66741,1320,2026-02-19,confirmado,174344.89,ERP RESERVA CONFIRMADA vendedor=MELLADO FACUNDO,false,false,erp,66741,MELLADO FACUNDO
66742,800,2026-02-19,facturado,9765633.96,ERP VENTA vendedor=MELLADO FACUNDO,false,false,erp,66742,MELLADO FACUNDO
66743,7,2026-02-19,confirmado,552699.08,ERP RESERVA CONFIRMADA vendedor=MELLADO FACUNDO,false,false,erp,66743,MELLADO FACUNDO
66744,244,2026-02-19,confirmado,139343.85,ERP RESERVA CONFIRMADA vendedor=MELLADO FACUNDO,false,false,erp,66744,MELLADO FACUNDO
66745,428,2026-02-19,confirmado,336722.14,ERP RESERVA CONFIRMADA vendedor=MELLADO FACUNDO,false,false,erp,66745,MELLADO FACUNDO
66746,1454,2026-02-19,facturado,22273.42,ERP VENTA vendedor=MELLADO FACUNDO,false,false,erp,66746,MELLADO FACUNDO
66748,398,2026-02-19,facturado,91743.72,ERP VENTA vendedor=MELLADO FACUNDO,false,false,erp,66748,MELLADO FACUNDO
66749,1848,2026-02-19,confirmado,115188.99,ERP RESERVA CONFIRMADA vendedor=MELLADO FACUNDO,false,false,erp,66749,MELLADO FACUNDO
66750,1194,2026-02-19,confirmado,126780.17,ERP RESERVA CONFIRMADA vendedor=MELLADO FACUNDO,false,false,erp,66750,MELLADO FACUNDO
66751,1848,2026-02-19,facturado,2686217.52,ERP VENTA vendedor=MELLADO FACUNDO,false,false,erp,66751,MELLADO FACUNDO
66752,161,2026-02-19,confirmado,167537.43,ERP RESERVA CONFIRMADA vendedor=MELLADO FACUNDO,false,false,erp,66752,MELLADO FACUNDO
66677,710,2026-02-18,confirmado,80184.32,ERP RESERVA CONFIRMADA vendedor=MELLADO FACUNDO,false,false,erp,66677,MELLADO FACUNDO
66678,710,2026-02-18,confirmado,20046.08,ERP RESERVA CONFIRMADA vendedor=MELLADO FACUNDO,false,false,erp,66678,MELLADO FACUNDO
66679,1326,2026-02-18,confirmado,777121.99,ERP RESERVA CONFIRMADA vendedor=MELLADO FACUNDO,false,false,erp,66679,MELLADO FACUNDO
66680,909,2026-02-18,confirmado,187970.98,ERP RESERVA CONFIRMADA vendedor=MELLADO FACUNDO,false,false,erp,66680,MELLADO FACUNDO
66681,1010,2026-02-18,confirmado,150183.65,ERP RESERVA CONFIRMADA vendedor=MELLADO FACUNDO,false,false,erp,66681,MELLADO FACUNDO
66682,909,2026-02-18,confirmado,116007.37,ERP RESERVA CONFIRMADA vendedor=MELLADO FACUNDO,false,false,erp,66682,MELLADO FACUNDO
66683,35,2026-02-18,confirmado,752863.50,ERP RESERVA CONFIRMADA vendedor=MELLADO FACUNDO,false,false,erp,66683,MELLADO FACUNDO
66684,787,2026-02-18,confirmado,244005.29,ERP RESERVA CONFIRMADA vendedor=MELLADO FACUNDO,false,false,erp,66684,MELLADO FACUNDO
66685,1247,2026-02-18,confirmado,555543.72,ERP RESERVA CONFIRMADA vendedor=MELLADO FACUNDO,false,false,erp,66685,MELLADO FACUNDO
66686,1496,2026-02-18,facturado,375726.88,ERP VENTA vendedor=MELLADO FACUNDO,false,false,erp,66686,MELLADO FACUNDO
66687,1586,2026-02-18,confirmado,538743.45,ERP RESERVA CONFIRMADA vendedor=MELLADO FACUNDO,false,false,erp,66687,MELLADO FACUNDO
66688,1442,2026-02-18,facturado,594684.34,ERP VENTA vendedor=MELLADO FACUNDO,false,false,erp,66688,MELLADO FACUNDO
66689,1442,2026-02-18,confirmado,1060288.79,ERP RESERVA CONFIRMADA vendedor=MELLADO FACUNDO,false,false,erp,66689,MELLADO FACUNDO
66690,1241,2026-02-18,confirmado,141181.75,ERP RESERVA CONFIRMADA vendedor=MELLADO FACUNDO,false,false,erp,66690,MELLADO FACUNDO
66691,971,2026-02-18,facturado,434424.33,ERP VENTA vendedor=MELLADO FACUNDO,false,false,erp,66691,MELLADO FACUNDO
66692,1328,2026-02-18,facturado,65575.64,ERP VENTA vendedor=MELLADO FACUNDO,false,false,erp,66692,MELLADO FACUNDO
66693,909,2026-02-18,confirmado,98159.46,ERP RESERVA CONFIRMADA vendedor=MELLADO FACUNDO,false,false,erp,66693,MELLADO FACUNDO
66694,1851,2026-02-18,confirmado,281822.82,ERP RESERVA CONFIRMADA vendedor=MELLADO FACUNDO,false,false,erp,66694,MELLADO FACUNDO
66695,804,2026-02-18,confirmado,165519.27,ERP RESERVA CONFIRMADA vendedor=MELLADO FACUNDO,false,false,erp,66695,MELLADO FACUNDO
66698,1774,2026-02-18,facturado,105555.97,ERP VENTA vendedor=ALEGRIA ESTEBAN,false,false,erp,66698,ALEGRIA ESTEBAN
66699,986,2026-02-18,facturado,235224.00,ERP VENTA vendedor=ALEGRIA ESTEBAN,false,false,erp,66699,ALEGRIA ESTEBAN
66700,1146,2026-02-18,confirmado,207647.56,ERP RESERVA CONFIRMADA vendedor=MELLADO FACUNDO,false,false,erp,66700,MELLADO FACUNDO
66701,1831,2026-02-18,facturado,73106.08,ERP VENTA vendedor=MELLADO FACUNDO,false,false,erp,66701,MELLADO FACUNDO
66702,630,2026-02-18,confirmado,241596.60,ERP RESERVA CONFIRMADA vendedor=MELLADO FACUNDO,false,false,erp,66702,MELLADO FACUNDO
66703,1137,2026-02-18,confirmado,1392707.02,ERP RESERVA CONFIRMADA vendedor=MELLADO FACUNDO,false,false,erp,66703,MELLADO FACUNDO
66705,1039,2026-02-18,facturado,337023.00,ERP VENTA vendedor=ALEGRIA ESTEBAN,false,false,erp,66705,ALEGRIA ESTEBAN
66706,952,2026-02-18,confirmado,193657.27,ERP RESERVA CONFIRMADA vendedor=MELLADO FACUNDO,false,false,erp,66706,MELLADO FACUNDO
66708,419,2026-02-18,confirmado,377458.17,ERP RESERVA CONFIRMADA vendedor=ALEGRIA ESTEBAN,false,false,erp,66708,ALEGRIA ESTEBAN
66709,1651,2026-02-18,confirmado,270580.71,ERP RESERVA CONFIRMADA vendedor=MELLADO FACUNDO,false,false,erp,66709,MELLADO FACUNDO
66719,1519,2026-02-18,confirmado,332174.04,ERP RESERVA CONFIRMADA vendedor=MELLADO FACUNDO,false,false,erp,66719,MELLADO FACUNDO
66722,872,2026-02-18,confirmado,271336.14,ERP RESERVA CONFIRMADA vendedor=MELLADO FACUNDO,false,false,erp,66722,MELLADO FACUNDO
66724,963,2026-02-18,facturado,62993.68,ERP VENTA vendedor=MELLADO FACUNDO,false,false,erp,66724,MELLADO FACUNDO
66725,963,2026-02-18,facturado,25613.77,ERP VENTA vendedor=MELLADO FACUNDO,false,false,erp,66725,MELLADO FACUNDO
66726,1832,2026-02-18,facturado,154516.61,ERP VENTA vendedor=ALEGRIA ESTEBAN,false,false,erp,66726,ALEGRIA ESTEBAN
66662,964,2026-02-14,facturado,56743.80,ERP VENTA vendedor=MELLADO FACUNDO,false,false,erp,66662,MELLADO FACUNDO
66663,964,2026-02-14,facturado,9018.93,ERP VENTA vendedor=MELLADO FACUNDO,false,false,erp,66663,MELLADO FACUNDO
66664,976,2026-02-14,facturado,67576.73,ERP VENTA vendedor=MELLADO FACUNDO,false,false,erp,66664,MELLADO FACUNDO
66665,1417,2026-02-14,facturado,91245.98,ERP VENTA vendedor=MELLADO FACUNDO,false,false,erp,66665,MELLADO FACUNDO
66666,817,2026-02-14,facturado,1174800.00,ERP VENTA vendedor=MELLADO FACUNDO,false,false,erp,66666,MELLADO FACUNDO
66667,417,2026-02-14,facturado,179645.45,ERP VENTA vendedor=MELLADO FACUNDO,false,false,erp,66667,MELLADO FACUNDO
66668,625,2026-02-14,facturado,158376.95,ERP VENTA vendedor=MELLADO FACUNDO,false,false,erp,66668,MELLADO FACUNDO
66669,455,2026-02-14,facturado,33857.84,ERP VENTA vendedor=MELLADO FACUNDO,false,false,erp,66669,MELLADO FACUNDO
66671,700,2026-02-14,facturado,150700.69,ERP VENTA vendedor=MELLADO FACUNDO,false,false,erp,66671,MELLADO FACUNDO
66672,207,2026-02-14,facturado,59156.31,ERP VENTA vendedor=MELLADO FACUNDO,false,false,erp,66672,MELLADO FACUNDO
66673,823,2026-02-14,facturado,219551.32,ERP VENTA vendedor=MELLADO FACUNDO,false,false,erp,66673,MELLADO FACUNDO
66674,1586,2026-02-14,facturado,568769.13,ERP VENTA vendedor=MELLADO FACUNDO,false,false,erp,66674,MELLADO FACUNDO
66675,1861,2026-02-14,facturado,99776.20,ERP VENTA vendedor=ALEGRIA ESTEBAN,false,false,erp,66675,ALEGRIA ESTEBAN
66676,1847,2026-02-14,facturado,175169.39,ERP VENTA vendedor=ALEGRIA ESTEBAN,false,false,erp,66676,ALEGRIA ESTEBAN
66643,1651,2026-02-13,confirmado,338420.11,ERP RESERVA CONFIRMADA vendedor=MELLADO FACUNDO,false,false,erp,66643,MELLADO FACUNDO
66644,957,2026-02-13,confirmado,108998.32,ERP RESERVA CONFIRMADA vendedor=MELLADO FACUNDO,false,false,erp,66644,MELLADO FACUNDO
66645,90,2026-02-13,facturado,86589.98,ERP VENTA vendedor=MELLADO FACUNDO,false,false,erp,66645,MELLADO FACUNDO
66648,1814,2026-02-13,confirmado,99610.71,ERP RESERVA CONFIRMADA vendedor=MELLADO FACUNDO,false,false,erp,66648,MELLADO FACUNDO
66649,361,2026-02-13,facturado,59439.78,ERP VENTA vendedor=MELLADO FACUNDO,false,false,erp,66649,MELLADO FACUNDO
66650,1539,2026-02-13,facturado,65274.66,ERP VENTA vendedor=MELLADO FACUNDO,false,false,erp,66650,MELLADO FACUNDO
66651,837,2026-02-13,confirmado,22273.42,ERP RESERVA CONFIRMADA vendedor=MELLADO FACUNDO,false,false,erp,66651,MELLADO FACUNDO
66652,316,2026-02-13,facturado,38331.31,ERP VENTA vendedor=MELLADO FACUNDO,false,false,erp,66652,MELLADO FACUNDO
66653,1866,2026-02-13,facturado,107569.58,ERP VENTA vendedor=MELLADO FACUNDO,false,false,erp,66653,MELLADO FACUNDO
66654,15,2026-02-13,facturado,412549.24,ERP VENTA vendedor=MELLADO FACUNDO,false,false,erp,66654,MELLADO FACUNDO
66655,1496,2026-02-13,facturado,280932.01,ERP VENTA vendedor=MELLADO FACUNDO,false,false,erp,66655,MELLADO FACUNDO
66656,316,2026-02-13,facturado,43895.43,ERP VENTA vendedor=MELLADO FACUNDO,false,false,erp,66656,MELLADO FACUNDO
66657,1299,2026-02-13,facturado,62902.92,ERP VENTA vendedor=MELLADO FACUNDO,false,false,erp,66657,MELLADO FACUNDO
66658,1572,2026-02-13,facturado,137852.52,ERP VENTA vendedor=MELLADO FACUNDO,false,false,erp,66658,MELLADO FACUNDO
66659,546,2026-02-13,facturado,77865.20,ERP VENTA vendedor=MELLADO FACUNDO,false,false,erp,66659,MELLADO FACUNDO
66660,905,2026-02-13,facturado,95637.28,ERP VENTA vendedor=MELLADO FACUNDO,false,false,erp,66660,MELLADO FACUNDO
66661,42,2026-02-13,facturado,165203.01,ERP VENTA vendedor=MELLADO FACUNDO,false,false,erp,66661,MELLADO FACUNDO
66547,1652,2026-02-12,confirmado,98524.90,ERP RESERVA CONFIRMADA vendedor=MELLADO FACUNDO,false,false,erp,66547,MELLADO FACUNDO
66601,35,2026-02-12,confirmado,608881.18,ERP RESERVA CONFIRMADA vendedor=MELLADO FACUNDO,false,false,erp,66601,MELLADO FACUNDO
66605,1438,2026-02-12,confirmado,133240.32,ERP RESERVA CONFIRMADA vendedor=MELLADO FACUNDO,false,false,erp,66605,MELLADO FACUNDO
66621,31,2026-02-12,confirmado,580294.23,ERP RESERVA CONFIRMADA vendedor=MELLADO FACUNDO,false,false,erp,66621,MELLADO FACUNDO
66622,56,2026-02-12,confirmado,180144.41,ERP RESERVA CONFIRMADA vendedor=MELLADO FACUNDO,false,false,erp,66622,MELLADO FACUNDO
66623,1864,2026-02-12,facturado,72912.28,ERP VENTA vendedor=MELLADO FACUNDO,false,false,erp,66623,MELLADO FACUNDO
66624,1580,2026-02-12,facturado,89818.56,ERP VENTA vendedor=MELLADO FACUNDO,false,false,erp,66624,MELLADO FACUNDO
66625,1270,2026-02-12,confirmado,102308.00,ERP RESERVA CONFIRMADA vendedor=MELLADO FACUNDO,false,false,erp,66625,MELLADO FACUNDO
66626,499,2026-02-12,confirmado,128673.09,ERP RESERVA CONFIRMADA vendedor=MELLADO FACUNDO,false,false,erp,66626,MELLADO FACUNDO
66627,996,2026-02-12,confirmado,558144.72,ERP RESERVA CONFIRMADA vendedor=MELLADO FACUNDO,false,false,erp,66627,MELLADO FACUNDO
66628,1146,2026-02-12,confirmado,1006847.14,ERP RESERVA CONFIRMADA vendedor=MELLADO FACUNDO,false,false,erp,66628,MELLADO FACUNDO
66629,1049,2026-02-12,confirmado,95995.97,ERP RESERVA CONFIRMADA vendedor=MELLADO FACUNDO,false,false,erp,66629,MELLADO FACUNDO
66630,587,2026-02-12,confirmado,129466.38,ERP RESERVA CONFIRMADA vendedor=MELLADO FACUNDO,false,false,erp,66630,MELLADO FACUNDO
66631,1677,2026-02-12,facturado,54831.54,ERP VENTA vendedor=MELLADO FACUNDO,false,false,erp,66631,MELLADO FACUNDO
66632,1326,2026-02-12,facturado,26491.91,ERP VENTA vendedor=MELLADO FACUNDO,false,false,erp,66632,MELLADO FACUNDO
66633,1851,2026-02-12,confirmado,174805.57,ERP RESERVA CONFIRMADA vendedor=MELLADO FACUNDO,false,false,erp,66633,MELLADO FACUNDO
66634,1120,2026-02-12,confirmado,238109.53,ERP RESERVA CONFIRMADA vendedor=MELLADO FACUNDO,false,false,erp,66634,MELLADO FACUNDO
66635,1353,2026-02-12,facturado,58578.44,ERP VENTA vendedor=ALEGRIA ESTEBAN,false,false,erp,66635,ALEGRIA ESTEBAN
66636,7,2026-02-12,confirmado,604529.30,ERP RESERVA CONFIRMADA vendedor=MELLADO FACUNDO,false,false,erp,66636,MELLADO FACUNDO
66637,1733,2026-02-12,confirmado,110923.34,ERP RESERVA CONFIRMADA vendedor=MELLADO FACUNDO,false,false,erp,66637,MELLADO FACUNDO
66638,1865,2026-02-12,facturado,387670.28,ERP VENTA vendedor=MELLADO FACUNDO,false,false,erp,66638,MELLADO FACUNDO
66639,428,2026-02-12,confirmado,742876.34,ERP RESERVA CONFIRMADA vendedor=MELLADO FACUNDO,false,false,erp,66639,MELLADO FACUNDO
66640,695,2026-02-12,facturado,223478.16,ERP VENTA vendedor=MELLADO FACUNDO,false,false,erp,66640,MELLADO FACUNDO
66641,1757,2026-02-12,confirmado,270794.77,ERP RESERVA CONFIRMADA vendedor=MELLADO FACUNDO,false,false,erp,66641,MELLADO FACUNDO
66642,837,2026-02-12,confirmado,102308.00,ERP RESERVA CONFIRMADA vendedor=MELLADO FACUNDO,false,false,erp,66642,MELLADO FACUNDO
66596,1567,2026-02-11,confirmado,502603.64,ERP RESERVA CONFIRMADA vendedor=MELLADO FACUNDO,false,false,erp,66596,MELLADO FACUNDO
66602,971,2026-02-11,facturado,472101.09,ERP VENTA vendedor=MELLADO FACUNDO,false,false,erp,66602,MELLADO FACUNDO
66603,1722,2026-02-11,facturado,91742.85,ERP VENTA vendedor=ALEGRIA ESTEBAN,false,false,erp,66603,ALEGRIA ESTEBAN
66604,831,2026-02-11,confirmado,106039.43,ERP RESERVA CONFIRMADA vendedor=MELLADO FACUNDO,false,false,erp,66604,MELLADO FACUNDO
66606,1421,2026-02-11,confirmado,528725.05,ERP RESERVA CONFIRMADA vendedor=MELLADO FACUNDO,false,false,erp,66606,MELLADO FACUNDO
66607,1858,2026-02-11,facturado,75267.68,ERP VENTA vendedor=MELLADO FACUNDO,false,false,erp,66607,MELLADO FACUNDO
66609,31,2026-02-11,confirmado,902453.80,ERP RESERVA CONFIRMADA vendedor=MELLADO FACUNDO,false,false,erp,66609,MELLADO FACUNDO
66610,963,2026-02-11,facturado,119489.60,ERP VENTA vendedor=MELLADO FACUNDO,false,false,erp,66610,MELLADO FACUNDO
66611,1848,2026-02-11,confirmado,92207.20,ERP RESERVA CONFIRMADA vendedor=MELLADO FACUNDO,false,false,erp,66611,MELLADO FACUNDO
66612,532,2026-02-11,facturado,164867.92,ERP VENTA vendedor=ALEGRIA ESTEBAN,false,false,erp,66612,ALEGRIA ESTEBAN
66615,1794,2026-02-11,confirmado,433089.95,ERP RESERVA CONFIRMADA vendedor=MELLADO FACUNDO,false,false,erp,66615,MELLADO FACUNDO
66616,1512,2026-02-11,confirmado,332866.32,ERP RESERVA CONFIRMADA vendedor=MELLADO FACUNDO,false,false,erp,66616,MELLADO FACUNDO
66618,6,2026-02-11,confirmado,1069170.43,ERP RESERVA CONFIRMADA vendedor=MELLADO FACUNDO,false,false,erp,66618,MELLADO FACUNDO
66619,1342,2026-02-11,confirmado,542180.76,ERP RESERVA CONFIRMADA vendedor=MELLADO FACUNDO,false,false,erp,66619,MELLADO FACUNDO
66620,974,2026-02-11,facturado,94627.00,ERP VENTA vendedor=MELLADO FACUNDO,false,false,erp,66620,MELLADO FACUNDO
66516,1307,2026-02-10,confirmado,186473.49,ERP RESERVA CONFIRMADA vendedor=MELLADO FACUNDO,false,false,erp,66516,MELLADO FACUNDO
66558,478,2026-02-10,confirmado,705749.51,ERP RESERVA CONFIRMADA vendedor=MELLADO FACUNDO,false,false,erp,66558,MELLADO FACUNDO
66568,1159,2026-02-10,confirmado,101780.12,ERP RESERVA CONFIRMADA vendedor=MELLADO FACUNDO,false,false,erp,66568,MELLADO FACUNDO
66574,36,2026-02-10,confirmado,420315.88,ERP RESERVA CONFIRMADA vendedor=MELLADO FACUNDO,false,false,erp,66574,MELLADO FACUNDO
66575,851,2026-02-10,confirmado,487957.16,ERP RESERVA CONFIRMADA vendedor=MELLADO FACUNDO,false,false,erp,66575,MELLADO FACUNDO
66576,89,2026-02-10,confirmado,939286.97,ERP RESERVA CONFIRMADA vendedor=MELLADO FACUNDO,false,false,erp,66576,MELLADO FACUNDO
66582,1194,2026-02-10,confirmado,185916.66,ERP RESERVA CONFIRMADA vendedor=MELLADO FACUNDO,false,false,erp,66582,MELLADO FACUNDO
66583,1460,2026-02-10,confirmado,292684.98,ERP RESERVA CONFIRMADA vendedor=MELLADO FACUNDO,false,false,erp,66583,MELLADO FACUNDO
66584,184,2026-02-10,confirmado,133260.21,ERP RESERVA CONFIRMADA vendedor=MELLADO FACUNDO,false,false,erp,66584,MELLADO FACUNDO
66586,1801,2026-02-10,confirmado,188033.16,ERP RESERVA CONFIRMADA vendedor=MELLADO FACUNDO,false,false,erp,66586,MELLADO FACUNDO
66587,152,2026-02-10,confirmado,103110.10,ERP RESERVA CONFIRMADA vendedor=MELLADO FACUNDO,false,false,erp,66587,MELLADO FACUNDO
66588,151,2026-02-10,confirmado,330817.32,ERP RESERVA CONFIRMADA vendedor=MELLADO FACUNDO,false,false,erp,66588,MELLADO FACUNDO
66589,1849,2026-02-10,confirmado,113557.86,ERP RESERVA CONFIRMADA vendedor=MELLADO FACUNDO,false,false,erp,66589,MELLADO FACUNDO
66590,1769,2026-02-10,facturado,218258.24,ERP VENTA vendedor=MELLADO FACUNDO,false,false,erp,66590,MELLADO FACUNDO
66591,1684,2026-02-10,facturado,64733.19,ERP VENTA vendedor=MELLADO FACUNDO,false,false,erp,66591,MELLADO FACUNDO
66592,778,2026-02-10,facturado,95878.62,ERP VENTA vendedor=MELLADO FACUNDO,false,false,erp,66592,MELLADO FACUNDO
66593,984,2026-02-10,facturado,161875.46,ERP VENTA vendedor=ALEGRIA ESTEBAN,false,false,erp,66593,ALEGRIA ESTEBAN
66594,984,2026-02-10,facturado,27256.92,ERP VENTA vendedor=ALEGRIA ESTEBAN,false,false,erp,66594,ALEGRIA ESTEBAN
66595,161,2026-02-10,facturado,397418.07,ERP VENTA vendedor=ALEGRIA ESTEBAN,false,false,erp,66595,ALEGRIA ESTEBAN
66597,891,2026-02-10,facturado,1146766.87,ERP VENTA vendedor=MELLADO FACUNDO,false,false,erp,66597,MELLADO FACUNDO
66598,1291,2026-02-10,facturado,54447.13,ERP VENTA vendedor=MELLADO FACUNDO,false,false,erp,66598,MELLADO FACUNDO
66600,1512,2026-02-10,facturado,39761202.65,ERP VENTA vendedor=MELLADO FACUNDO,false,false,erp,66600,MELLADO FACUNDO
66536,710,2026-02-09,confirmado,127053.88,ERP RESERVA CONFIRMADA vendedor=MELLADO FACUNDO,false,false,erp,66536,MELLADO FACUNDO
66537,710,2026-02-09,confirmado,123412.02,ERP RESERVA CONFIRMADA vendedor=MELLADO FACUNDO,false,false,erp,66537,MELLADO FACUNDO
66538,35,2026-02-09,confirmado,224690.06,ERP RESERVA CONFIRMADA vendedor=MELLADO FACUNDO,false,false,erp,66538,MELLADO FACUNDO
66539,1326,2026-02-09,confirmado,582655.66,ERP RESERVA CONFIRMADA vendedor=MELLADO FACUNDO,false,false,erp,66539,MELLADO FACUNDO
66540,909,2026-02-09,confirmado,81363.90,ERP RESERVA CONFIRMADA vendedor=MELLADO FACUNDO,false,false,erp,66540,MELLADO FACUNDO
66541,909,2026-02-09,confirmado,209108.59,ERP RESERVA CONFIRMADA vendedor=MELLADO FACUNDO,false,false,erp,66541,MELLADO FACUNDO
66542,560,2026-02-09,confirmado,71265.23,ERP RESERVA CONFIRMADA vendedor=MELLADO FACUNDO,false,false,erp,66542,MELLADO FACUNDO
66543,909,2026-02-09,confirmado,336255.31,ERP RESERVA CONFIRMADA vendedor=MELLADO FACUNDO,false,false,erp,66543,MELLADO FACUNDO
66544,1442,2026-02-09,confirmado,454666.41,ERP RESERVA CONFIRMADA vendedor=MELLADO FACUNDO,false,false,erp,66544,MELLADO FACUNDO
66545,1586,2026-02-09,facturado,451679.88,ERP VENTA vendedor=MELLADO FACUNDO,false,false,erp,66545,MELLADO FACUNDO
66546,1586,2026-02-09,confirmado,357985.52,ERP RESERVA CONFIRMADA vendedor=MELLADO FACUNDO,false,false,erp,66546,MELLADO FACUNDO
66548,1314,2026-02-09,confirmado,248810.68,ERP RESERVA CONFIRMADA vendedor=MELLADO FACUNDO,false,false,erp,66548,MELLADO FACUNDO
66549,1587,2026-02-09,facturado,149131.29,ERP VENTA vendedor=MELLADO FACUNDO,false,false,erp,66549,MELLADO FACUNDO
66550,1580,2026-02-09,facturado,490464.52,ERP VENTA vendedor=MELLADO FACUNDO,false,false,erp,66550,MELLADO FACUNDO
66551,909,2026-02-09,confirmado,101713.65,ERP RESERVA CONFIRMADA vendedor=MELLADO FACUNDO,false,false,erp,66551,MELLADO FACUNDO
66552,1326,2026-02-09,confirmado,1023329.32,ERP RESERVA CONFIRMADA vendedor=MELLADO FACUNDO,false,false,erp,66552,MELLADO FACUNDO
66553,1326,2026-02-09,confirmado,916080.54,ERP RESERVA CONFIRMADA vendedor=MELLADO FACUNDO,false,false,erp,66553,MELLADO FACUNDO
66554,1832,2026-02-09,facturado,75262.69,ERP VENTA vendedor=MELLADO FACUNDO,false,false,erp,66554,MELLADO FACUNDO
66555,630,2026-02-09,confirmado,214360.37,ERP RESERVA CONFIRMADA vendedor=MELLADO FACUNDO,false,false,erp,66555,MELLADO FACUNDO
66556,804,2026-02-09,confirmado,90890.41,ERP RESERVA CONFIRMADA vendedor=MELLADO FACUNDO,false,false,erp,66556,MELLADO FACUNDO
66557,1854,2026-02-09,confirmado,101184.44,ERP RESERVA CONFIRMADA vendedor=MELLADO FACUNDO,false,false,erp,66557,MELLADO FACUNDO
66559,1137,2026-02-09,confirmado,364706.50,ERP RESERVA CONFIRMADA vendedor=MELLADO FACUNDO,false,false,erp,66559,MELLADO FACUNDO
66560,650,2026-02-09,confirmado,339200.22,ERP RESERVA CONFIRMADA vendedor=MELLADO FACUNDO,false,false,erp,66560,MELLADO FACUNDO
66561,1851,2026-02-09,confirmado,107275.04,ERP RESERVA CONFIRMADA vendedor=MELLADO FACUNDO,false,false,erp,66561,MELLADO FACUNDO
66562,354,2026-02-09,confirmado,285867.68,ERP RESERVA CONFIRMADA vendedor=MELLADO FACUNDO,false,false,erp,66562,MELLADO FACUNDO
66563,35,2026-02-09,confirmado,763191.77,ERP RESERVA CONFIRMADA vendedor=MELLADO FACUNDO,false,false,erp,66563,MELLADO FACUNDO
66564,1031,2026-02-09,facturado,232854.80,ERP VENTA vendedor=ALEGRIA ESTEBAN,false,false,erp,66564,ALEGRIA ESTEBAN
66565,1359,2026-02-09,confirmado,95306.39,ERP RESERVA CONFIRMADA vendedor=MELLADO FACUNDO,false,false,erp,66565,MELLADO FACUNDO
66571,1754,2026-02-09,confirmado,140992.16,ERP RESERVA CONFIRMADA vendedor=MELLADO FACUNDO,false,false,erp,66571,MELLADO FACUNDO
66572,316,2026-02-09,facturado,382517.99,ERP VENTA vendedor=MELLADO FACUNDO,false,false,erp,66572,MELLADO FACUNDO
66577,839,2026-02-09,confirmado,179177.95,ERP RESERVA CONFIRMADA vendedor=MELLADO FACUNDO,false,false,erp,66577,MELLADO FACUNDO
66578,796,2026-02-09,confirmado,1615185.81,ERP RESERVA CONFIRMADA vendedor=MELLADO FACUNDO,false,false,erp,66578,MELLADO FACUNDO
66579,1512,2026-02-09,confirmado,293495.08,ERP RESERVA CONFIRMADA vendedor=MELLADO FACUNDO,false,false,erp,66579,MELLADO FACUNDO
66580,207,2026-02-09,confirmado,125747.70,ERP RESERVA CONFIRMADA vendedor=MELLADO FACUNDO,false,false,erp,66580,MELLADO FACUNDO
66581,42,2026-02-09,facturado,148639.37,ERP VENTA vendedor=ALEGRIA ESTEBAN,false,false,erp,66581,ALEGRIA ESTEBAN
66523,1847,2026-02-07,facturado,235586.93,ERP VENTA vendedor=MELLADO FACUNDO,false,false,erp,66523,MELLADO FACUNDO
66524,902,2026-02-07,facturado,137923.93,ERP VENTA vendedor=MELLADO FACUNDO,false,false,erp,66524,MELLADO FACUNDO
66525,316,2026-02-07,facturado,43068.51,ERP VENTA vendedor=ALEGRIA ESTEBAN,false,false,erp,66525,ALEGRIA ESTEBAN
66527,532,2026-02-07,facturado,72681.88,ERP VENTA vendedor=MELLADO FACUNDO,false,false,erp,66527,MELLADO FACUNDO
66528,1010,2026-02-07,confirmado,85023.24,ERP RESERVA CONFIRMADA vendedor=MELLADO FACUNDO,false,false,erp,66528,MELLADO FACUNDO
66529,1326,2026-02-07,confirmado,1074528.12,ERP RESERVA CONFIRMADA vendedor=MELLADO FACUNDO,false,false,erp,66529,MELLADO FACUNDO
66530,1326,2026-02-07,confirmado,2726453.85,ERP RESERVA CONFIRMADA vendedor=MELLADO FACUNDO,false,false,erp,66530,MELLADO FACUNDO
66531,138,2026-02-07,facturado,457700.28,ERP VENTA vendedor=MELLADO FACUNDO,false,false,erp,66531,MELLADO FACUNDO
66532,1414,2026-02-07,facturado,497612.11,ERP VENTA vendedor=MELLADO FACUNDO,false,false,erp,66532,MELLADO FACUNDO
66533,611,2026-02-07,facturado,50820.00,ERP VENTA vendedor=MELLADO FACUNDO,false,false,erp,66533,MELLADO FACUNDO
66534,1183,2026-02-07,facturado,92960.57,ERP VENTA vendedor=MELLADO FACUNDO,false,false,erp,66534,MELLADO FACUNDO
66535,1295,2026-02-07,facturado,214744.74,ERP VENTA vendedor=MELLADO FACUNDO,false,false,erp,66535,MELLADO FACUNDO
66504,1159,2026-02-06,confirmado,119877.09,ERP RESERVA CONFIRMADA vendedor=MELLADO FACUNDO,false,false,erp,66504,MELLADO FACUNDO
66505,1757,2026-02-06,confirmado,483534.04,ERP RESERVA CONFIRMADA vendedor=MELLADO FACUNDO,false,false,erp,66505,MELLADO FACUNDO
66506,200,2026-02-06,confirmado,96908.02,ERP RESERVA CONFIRMADA vendedor=MELLADO FACUNDO,false,false,erp,66506,MELLADO FACUNDO
66507,56,2026-02-06,confirmado,771432.00,ERP RESERVA CONFIRMADA vendedor=MELLADO FACUNDO,false,false,erp,66507,MELLADO FACUNDO
66508,124,2026-02-06,confirmado,1556517.78,ERP RESERVA CONFIRMADA vendedor=MELLADO FACUNDO,false,false,erp,66508,MELLADO FACUNDO
66509,316,2026-02-06,facturado,105524.10,ERP VENTA vendedor=MELLADO FACUNDO,false,false,erp,66509,MELLADO FACUNDO
66510,161,2026-02-06,facturado,259466.31,ERP VENTA vendedor=ALEGRIA ESTEBAN,false,false,erp,66510,ALEGRIA ESTEBAN
66511,1595,2026-02-06,confirmado,143400.00,ERP RESERVA CONFIRMADA vendedor=MELLADO FACUNDO,false,false,erp,66511,MELLADO FACUNDO
66512,1841,2026-02-06,facturado,75974.25,ERP VENTA vendedor=MELLADO FACUNDO,false,false,erp,66512,MELLADO FACUNDO
66513,1841,2026-02-06,facturado,3847.80,ERP VENTA vendedor=MELLADO FACUNDO,false,false,erp,66513,MELLADO FACUNDO
66514,1645,2026-02-06,facturado,72684.19,ERP VENTA vendedor=MELLADO FACUNDO,false,false,erp,66514,MELLADO FACUNDO
66515,1284,2026-02-06,facturado,140577.76,ERP VENTA vendedor=MELLADO FACUNDO,false,false,erp,66515,MELLADO FACUNDO
66517,1454,2026-02-06,facturado,467317.33,ERP VENTA vendedor=MELLADO FACUNDO,false,false,erp,66517,MELLADO FACUNDO
66518,737,2026-02-06,facturado,54856.50,ERP VENTA vendedor=MELLADO FACUNDO,false,false,erp,66518,MELLADO FACUNDO
66519,417,2026-02-06,facturado,186117.76,ERP VENTA vendedor=MELLADO FACUNDO,false,false,erp,66519,MELLADO FACUNDO
66520,1860,2026-02-06,facturado,87120.00,ERP VENTA vendedor=MELLADO FACUNDO,false,false,erp,66520,MELLADO FACUNDO
66521,837,2026-02-06,facturado,143605.82,ERP VENTA vendedor=MELLADO FACUNDO,false,false,erp,66521,MELLADO FACUNDO
66522,1733,2026-02-06,facturado,183382.37,ERP VENTA vendedor=ALEGRIA ESTEBAN,false,false,erp,66522,ALEGRIA ESTEBAN
66421,1754,2026-02-05,facturado,323906.21,ERP VENTA vendedor=MELLADO FACUNDO,false,false,erp,66421,MELLADO FACUNDO
66453,997,2026-02-05,confirmado,119091.82,ERP RESERVA CONFIRMADA vendedor=MELLADO FACUNDO,false,false,erp,66453,MELLADO FACUNDO
66468,1851,2026-02-05,confirmado,279387.49,ERP RESERVA CONFIRMADA vendedor=MELLADO FACUNDO,false,false,erp,66468,MELLADO FACUNDO
66469,1146,2026-02-05,confirmado,996252.85,ERP RESERVA CONFIRMADA vendedor=MELLADO FACUNDO,false,false,erp,66469,MELLADO FACUNDO
66470,1320,2026-02-05,confirmado,142806.99,ERP RESERVA CONFIRMADA vendedor=MELLADO FACUNDO,false,false,erp,66470,MELLADO FACUNDO
66472,173,2026-02-05,confirmado,403356.06,ERP RESERVA CONFIRMADA vendedor=MELLADO FACUNDO,false,false,erp,66472,MELLADO FACUNDO
66480,140,2026-02-05,confirmado,474901.82,ERP RESERVA CONFIRMADA vendedor=MELLADO FACUNDO,false,false,erp,66480,MELLADO FACUNDO
66485,35,2026-02-05,confirmado,266759.62,ERP RESERVA CONFIRMADA vendedor=MELLADO FACUNDO,false,false,erp,66485,MELLADO FACUNDO
66486,996,2026-02-05,confirmado,535691.32,ERP RESERVA CONFIRMADA vendedor=MELLADO FACUNDO,false,false,erp,66486,MELLADO FACUNDO
66487,1533,2026-02-05,confirmado,205972.84,ERP RESERVA CONFIRMADA vendedor=MELLADO FACUNDO,false,false,erp,66487,MELLADO FACUNDO
66488,1831,2026-02-05,facturado,307989.09,ERP VENTA vendedor=MELLADO FACUNDO,false,false,erp,66488,MELLADO FACUNDO
66489,1651,2026-02-05,confirmado,370909.77,ERP RESERVA CONFIRMADA vendedor=MELLADO FACUNDO,false,false,erp,66489,MELLADO FACUNDO
66490,544,2026-02-05,facturado,90358.45,ERP VENTA vendedor=MELLADO FACUNDO,false,false,erp,66490,MELLADO FACUNDO
66492,260,2026-02-05,facturado,57424.68,ERP VENTA vendedor=ALEGRIA ESTEBAN,false,false,erp,66492,ALEGRIA ESTEBAN
66493,1612,2026-02-05,facturado,61334.96,ERP VENTA vendedor=ALEGRIA ESTEBAN,false,false,erp,66493,ALEGRIA ESTEBAN
66494,1120,2026-02-05,confirmado,174545.41,ERP RESERVA CONFIRMADA vendedor=MELLADO FACUNDO,false,false,erp,66494,MELLADO FACUNDO
66495,7,2026-02-05,confirmado,467302.41,ERP RESERVA CONFIRMADA vendedor=MELLADO FACUNDO,false,false,erp,66495,MELLADO FACUNDO
66496,499,2026-02-05,confirmado,101002.99,ERP RESERVA CONFIRMADA vendedor=MELLADO FACUNDO,false,false,erp,66496,MELLADO FACUNDO
66497,993,2026-02-05,confirmado,258932.76,ERP RESERVA CONFIRMADA vendedor=MELLADO FACUNDO,false,false,erp,66497,MELLADO FACUNDO
66501,1863,2026-02-05,facturado,78756.50,ERP VENTA vendedor=MELLADO FACUNDO,false,false,erp,66501,MELLADO FACUNDO
66503,428,2026-02-05,confirmado,480259.19,ERP RESERVA CONFIRMADA vendedor=MELLADO FACUNDO,false,false,erp,66503,MELLADO FACUNDO
66418,674,2026-02-04,confirmado,157495.67,ERP RESERVA CONFIRMADA vendedor=MELLADO FACUNDO,false,false,erp,66418,MELLADO FACUNDO
66444,797,2026-02-04,confirmado,324229.32,ERP RESERVA CONFIRMADA vendedor=MELLADO FACUNDO,false,false,erp,66444,MELLADO FACUNDO
66454,31,2026-02-04,confirmado,782997.81,ERP RESERVA CONFIRMADA vendedor=MELLADO FACUNDO,false,false,erp,66454,MELLADO FACUNDO
66458,623,2026-02-04,confirmado,136458.97,ERP RESERVA CONFIRMADA vendedor=MELLADO FACUNDO,false,false,erp,66458,MELLADO FACUNDO
66459,747,2026-02-04,confirmado,1143598.40,ERP RESERVA CONFIRMADA vendedor=MELLADO FACUNDO,false,false,erp,66459,MELLADO FACUNDO
66462,1848,2026-02-04,confirmado,220891.59,ERP RESERVA CONFIRMADA vendedor=MELLADO FACUNDO,false,false,erp,66462,MELLADO FACUNDO
66463,1567,2026-02-04,confirmado,184185.85,ERP RESERVA CONFIRMADA vendedor=MELLADO FACUNDO,false,false,erp,66463,MELLADO FACUNDO
66464,125,2026-02-04,confirmado,198517.74,ERP RESERVA CONFIRMADA vendedor=MELLADO FACUNDO,false,false,erp,66464,MELLADO FACUNDO
66465,1860,2026-02-04,facturado,54449.99,ERP VENTA vendedor=MELLADO FACUNDO,false,false,erp,66465,MELLADO FACUNDO
66466,1860,2026-02-04,facturado,55256.86,ERP VENTA vendedor=MELLADO FACUNDO,false,false,erp,66466,MELLADO FACUNDO
66467,963,2026-02-04,facturado,121687.58,ERP VENTA vendedor=MELLADO FACUNDO,false,false,erp,66467,MELLADO FACUNDO
66471,1638,2026-02-04,confirmado,788343.13,ERP RESERVA CONFIRMADA vendedor=MELLADO FACUNDO,false,false,erp,66471,MELLADO FACUNDO
66473,541,2026-02-04,facturado,63132.38,ERP VENTA vendedor=MELLADO FACUNDO,false,false,erp,66473,MELLADO FACUNDO
66474,1264,2026-02-04,confirmado,299067.08,ERP RESERVA CONFIRMADA vendedor=MELLADO FACUNDO,false,false,erp,66474,MELLADO FACUNDO
66475,1595,2026-02-04,facturado,167300.00,ERP VENTA vendedor=MELLADO FACUNDO,false,false,erp,66475,MELLADO FACUNDO
66476,6,2026-02-04,confirmado,827116.59,ERP RESERVA CONFIRMADA vendedor=MELLADO FACUNDO,false,false,erp,66476,MELLADO FACUNDO
66477,1794,2026-02-04,confirmado,262355.22,ERP RESERVA CONFIRMADA vendedor=MELLADO FACUNDO,false,false,erp,66477,MELLADO FACUNDO
66478,110,2026-02-04,confirmado,703014.31,ERP RESERVA CONFIRMADA vendedor=MELLADO FACUNDO,false,false,erp,66478,MELLADO FACUNDO
66479,990,2026-02-04,confirmado,109870.30,ERP RESERVA CONFIRMADA vendedor=MELLADO FACUNDO,false,false,erp,66479,MELLADO FACUNDO
66481,1770,2026-02-04,facturado,93639.68,ERP VENTA vendedor=MELLADO FACUNDO,false,false,erp,66481,MELLADO FACUNDO
66482,20,2026-02-04,confirmado,100873.65,ERP RESERVA CONFIRMADA vendedor=MELLADO FACUNDO,false,false,erp,66482,MELLADO FACUNDO
66483,75,2026-02-04,confirmado,314430.66,ERP RESERVA CONFIRMADA vendedor=MELLADO FACUNDO,false,false,erp,66483,MELLADO FACUNDO
66484,1844,2026-02-04,confirmado,782155.04,ERP RESERVA CONFIRMADA vendedor=MELLADO FACUNDO,false,false,erp,66484,MELLADO FACUNDO
66416,1801,2026-02-03,confirmado,99556.50,ERP RESERVA CONFIRMADA vendedor=MELLADO FACUNDO,false,false,erp,66416,MELLADO FACUNDO
66419,962,2026-02-03,confirmado,103523.42,ERP RESERVA CONFIRMADA vendedor=MELLADO FACUNDO,false,false,erp,66419,MELLADO FACUNDO
66433,851,2026-02-03,confirmado,71780.85,ERP RESERVA CONFIRMADA vendedor=MELLADO FACUNDO,false,false,erp,66433,MELLADO FACUNDO
66442,89,2026-02-03,confirmado,954053.29,ERP RESERVA CONFIRMADA vendedor=MELLADO FACUNDO,false,false,erp,66442,MELLADO FACUNDO
66445,1849,2026-02-03,confirmado,149135.00,ERP RESERVA CONFIRMADA vendedor=MELLADO FACUNDO,false,false,erp,66445,MELLADO FACUNDO
66449,1241,2026-02-03,confirmado,345245.57,ERP RESERVA CONFIRMADA vendedor=MELLADO FACUNDO,false,false,erp,66449,MELLADO FACUNDO
66451,905,2026-02-03,confirmado,141588.12,ERP RESERVA CONFIRMADA vendedor=MELLADO FACUNDO,false,false,erp,66451,MELLADO FACUNDO
66452,1384,2026-02-03,confirmado,235336.85,ERP RESERVA CONFIRMADA vendedor=MELLADO FACUNDO,false,false,erp,66452,MELLADO FACUNDO
66455,817,2026-02-03,facturado,776880.00,ERP VENTA vendedor=ARIAS MACARENA,false,false,erp,66455,ARIAS MACARENA
66456,151,2026-02-03,confirmado,147202.77,ERP RESERVA CONFIRMADA vendedor=MELLADO FACUNDO,false,false,erp,66456,MELLADO FACUNDO
66457,1194,2026-02-03,confirmado,168586.87,ERP RESERVA CONFIRMADA vendedor=MELLADO FACUNDO,false,false,erp,66457,MELLADO FACUNDO
66460,108,2026-02-03,confirmado,301288.60,ERP RESERVA CONFIRMADA vendedor=MELLADO FACUNDO,false,false,erp,66460,MELLADO FACUNDO
66461,431,2026-02-03,confirmado,283822.00,ERP RESERVA CONFIRMADA vendedor=MELLADO FACUNDO,false,false,erp,66461,MELLADO FACUNDO
66399,909,2026-02-02,confirmado,190878.29,ERP RESERVA CONFIRMADA vendedor=MELLADO FACUNDO,false,false,erp,66399,MELLADO FACUNDO
66400,909,2026-02-02,confirmado,235629.29,ERP RESERVA CONFIRMADA vendedor=MELLADO FACUNDO,false,false,erp,66400,MELLADO FACUNDO
66401,909,2026-02-02,confirmado,130734.75,ERP RESERVA CONFIRMADA vendedor=MELLADO FACUNDO,false,false,erp,66401,MELLADO FACUNDO
66402,710,2026-02-02,confirmado,122788.79,ERP RESERVA CONFIRMADA vendedor=MELLADO FACUNDO,false,false,erp,66402,MELLADO FACUNDO
66403,710,2026-02-02,confirmado,79296.16,ERP RESERVA CONFIRMADA vendedor=MELLADO FACUNDO,false,false,erp,66403,MELLADO FACUNDO
66404,1326,2026-02-02,confirmado,663519.89,ERP RESERVA CONFIRMADA vendedor=MELLADO FACUNDO,false,false,erp,66404,MELLADO FACUNDO
66405,1512,2026-02-02,confirmado,796218.30,ERP RESERVA CONFIRMADA vendedor=MELLADO FACUNDO,false,false,erp,66405,MELLADO FACUNDO
66406,35,2026-02-02,confirmado,123665.76,ERP RESERVA CONFIRMADA vendedor=MELLADO FACUNDO,false,false,erp,66406,MELLADO FACUNDO
66407,1049,2026-02-02,confirmado,93981.61,ERP RESERVA CONFIRMADA vendedor=MELLADO FACUNDO,false,false,erp,66407,MELLADO FACUNDO
66408,1586,2026-02-02,confirmado,442590.96,ERP RESERVA CONFIRMADA vendedor=MELLADO FACUNDO,false,false,erp,66408,MELLADO FACUNDO
66409,1326,2026-02-02,confirmado,1648189.06,ERP RESERVA CONFIRMADA vendedor=MELLADO FACUNDO,false,false,erp,66409,MELLADO FACUNDO
66410,1326,2026-02-02,confirmado,2876342.52,ERP RESERVA CONFIRMADA vendedor=MELLADO FACUNDO,false,false,erp,66410,MELLADO FACUNDO
66411,532,2026-02-02,facturado,66026.35,ERP VENTA vendedor=MELLADO FACUNDO,false,false,erp,66411,MELLADO FACUNDO
66412,532,2026-02-02,facturado,51636.52,ERP VENTA vendedor=MELLADO FACUNDO,false,false,erp,66412,MELLADO FACUNDO
66413,971,2026-02-02,facturado,460606.22,ERP VENTA vendedor=MELLADO FACUNDO,false,false,erp,66413,MELLADO FACUNDO
66414,837,2026-02-02,facturado,6302.59,ERP VENTA vendedor=MELLADO FACUNDO,false,false,erp,66414,MELLADO FACUNDO
66417,1860,2026-02-02,facturado,125320.27,ERP VENTA vendedor=MELLADO FACUNDO,false,false,erp,66417,MELLADO FACUNDO
66420,804,2026-02-02,confirmado,88466.42,ERP RESERVA CONFIRMADA vendedor=MELLADO FACUNDO,false,false,erp,66420,MELLADO FACUNDO
66422,1349,2026-02-02,facturado,91094.90,ERP VENTA vendedor=MELLADO FACUNDO,false,false,erp,66422,MELLADO FACUNDO
66424,1259,2026-02-02,facturado,156406.58,ERP VENTA vendedor=MELLADO FACUNDO,false,false,erp,66424,MELLADO FACUNDO
66425,1259,2026-02-02,facturado,32173.56,ERP VENTA vendedor=MELLADO FACUNDO,false,false,erp,66425,MELLADO FACUNDO
66427,35,2026-02-02,confirmado,801936.61,ERP RESERVA CONFIRMADA vendedor=MELLADO FACUNDO,false,false,erp,66427,MELLADO FACUNDO
66428,1732,2026-02-02,facturado,174561.80,ERP VENTA vendedor=MELLADO FACUNDO,false,false,erp,66428,MELLADO FACUNDO
66429,591,2026-02-02,confirmado,248717.68,ERP RESERVA CONFIRMADA vendedor=MELLADO FACUNDO,false,false,erp,66429,MELLADO FACUNDO
66430,796,2026-02-02,confirmado,1177448.00,ERP RESERVA CONFIRMADA vendedor=MELLADO FACUNDO,false,false,erp,66430,MELLADO FACUNDO
66431,15,2026-02-02,facturado,453348.76,ERP VENTA vendedor=MELLADO FACUNDO,false,false,erp,66431,MELLADO FACUNDO
66432,316,2026-02-02,facturado,57583.60,ERP VENTA vendedor=MELLADO FACUNDO,false,false,erp,66432,MELLADO FACUNDO
66434,1519,2026-02-02,confirmado,166663.50,ERP RESERVA CONFIRMADA vendedor=MELLADO FACUNDO,false,false,erp,66434,MELLADO FACUNDO
66435,1137,2026-02-02,confirmado,455176.35,ERP RESERVA CONFIRMADA vendedor=MELLADO FACUNDO,false,false,erp,66435,MELLADO FACUNDO
66436,1155,2026-02-02,confirmado,129801.90,ERP RESERVA CONFIRMADA vendedor=MELLADO FACUNDO,false,false,erp,66436,MELLADO FACUNDO
66437,839,2026-02-02,confirmado,205891.55,ERP RESERVA CONFIRMADA vendedor=MELLADO FACUNDO,false,false,erp,66437,MELLADO FACUNDO
66439,1858,2026-02-02,confirmado,401970.55,ERP RESERVA CONFIRMADA vendedor=MELLADO FACUNDO,false,false,erp,66439,MELLADO FACUNDO
66440,630,2026-02-02,confirmado,249516.00,ERP RESERVA CONFIRMADA vendedor=MELLADO FACUNDO,false,false,erp,66440,MELLADO FACUNDO
66441,872,2026-02-02,confirmado,296256.79,ERP RESERVA CONFIRMADA vendedor=MELLADO FACUNDO,false,false,erp,66441,MELLADO FACUNDO
66443,1750,2026-02-02,confirmado,501623.25,ERP RESERVA CONFIRMADA vendedor=MELLADO FACUNDO,false,false,erp,66443,MELLADO FACUNDO
66446,700,2026-02-02,confirmado,93183.54,ERP RESERVA CONFIRMADA vendedor=MELLADO FACUNDO,false,false,erp,66446,MELLADO FACUNDO
66447,1248,2026-02-02,confirmado,61593.20,ERP RESERVA CONFIRMADA vendedor=MELLADO FACUNDO,false,false,erp,66447,MELLADO FACUNDO
66448,1861,2026-02-02,facturado,61955.44,ERP VENTA vendedor=MELLADO FACUNDO,false,false,erp,66448,MELLADO FACUNDO
66387,693,2026-01-31,facturado,41187.39,ERP VENTA vendedor=MELLADO FACUNDO,false,false,erp,66387,MELLADO FACUNDO
66388,316,2026-01-31,facturado,39807.72,ERP VENTA vendedor=MELLADO FACUNDO,false,false,erp,66388,MELLADO FACUNDO
66389,1629,2026-01-31,facturado,191936.29,ERP VENTA vendedor=MELLADO FACUNDO,false,false,erp,66389,MELLADO FACUNDO
66390,851,2026-01-31,facturado,136243.66,ERP VENTA vendedor=MELLADO FACUNDO,false,false,erp,66390,MELLADO FACUNDO
66391,354,2026-01-31,confirmado,262812.13,ERP RESERVA CONFIRMADA vendedor=MELLADO FACUNDO,false,false,erp,66391,MELLADO FACUNDO
66393,1529,2026-01-31,facturado,148258.84,ERP VENTA vendedor=MELLADO FACUNDO,false,false,erp,66393,MELLADO FACUNDO
66394,1010,2026-01-31,confirmado,331733.50,ERP RESERVA CONFIRMADA vendedor=MELLADO FACUNDO,false,false,erp,66394,MELLADO FACUNDO
66395,891,2026-01-31,facturado,434135.85,ERP VENTA vendedor=MELLADO FACUNDO,false,false,erp,66395,MELLADO FACUNDO
66396,976,2026-01-31,facturado,48117.16,ERP VENTA vendedor=MELLADO FACUNDO,false,false,erp,66396,MELLADO FACUNDO
66397,16,2026-01-31,facturado,433818.70,ERP VENTA vendedor=MELLADO FACUNDO,false,false,erp,66397,MELLADO FACUNDO
66398,42,2026-01-31,facturado,147372.01,ERP VENTA vendedor=ALEGRIA ESTEBAN,false,false,erp,66398,ALEGRIA ESTEBAN
66377,993,2026-01-30,confirmado,808755.26,ERP RESERVA CONFIRMADA vendedor=ALEGRIA ESTEBAN,false,false,erp,66377,ALEGRIA ESTEBAN
66378,780,2026-01-30,facturado,57312.29,ERP VENTA vendedor=ALEGRIA ESTEBAN,false,false,erp,66378,ALEGRIA ESTEBAN
66379,1817,2026-01-30,facturado,85514.13,ERP VENTA vendedor=AGUILERA MOLINA LUCAS JD,false,false,erp,66379,AGUILERA MOLINA LUCAS JD
66380,81,2026-01-30,confirmado,154133.64,ERP RESERVA CONFIRMADA vendedor=AGUILERA MOLINA LUCAS JD,false,false,erp,66380,AGUILERA MOLINA LUCAS JD
66381,293,2026-01-30,facturado,153640.72,ERP VENTA vendedor=ARIAS MACARENA,false,false,erp,66381,ARIAS MACARENA
66382,1044,2026-01-30,facturado,56835.97,ERP VENTA vendedor=ALEGRIA ESTEBAN,false,false,erp,66382,ALEGRIA ESTEBAN
66383,1831,2026-01-30,facturado,177426.00,ERP VENTA vendedor=ALEGRIA ESTEBAN,false,false,erp,66383,ALEGRIA ESTEBAN
66384,799,2026-01-30,facturado,81000.66,ERP VENTA vendedor=AGUILERA MOLINA LUCAS JD,false,false,erp,66384,AGUILERA MOLINA LUCAS JD
66385,799,2026-01-30,facturado,15092.54,ERP VENTA vendedor=AGUILERA MOLINA LUCAS JD,false,false,erp,66385,AGUILERA MOLINA LUCAS JD
66386,666,2026-01-30,facturado,328565.80,ERP VENTA vendedor=ALEGRIA ESTEBAN,false,false,erp,66386,ALEGRIA ESTEBAN
66340,428,2026-01-29,confirmado,734716.98,ERP RESERVA CONFIRMADA vendedor=MELLADO FACUNDO,false,false,erp,66340,MELLADO FACUNDO
66347,56,2026-01-29,confirmado,213127.43,ERP RESERVA CONFIRMADA vendedor=MELLADO FACUNDO,false,false,erp,66347,MELLADO FACUNDO
66349,1146,2026-01-29,confirmado,794855.00,ERP RESERVA CONFIRMADA vendedor=MELLADO FACUNDO,false,false,erp,66349,MELLADO FACUNDO
66356,140,2026-01-29,confirmado,315065.68,ERP RESERVA CONFIRMADA vendedor=MELLADO FACUNDO,false,false,erp,66356,MELLADO FACUNDO
66357,1512,2026-01-29,confirmado,366143.56,ERP RESERVA CONFIRMADA vendedor=MELLADO FACUNDO,false,false,erp,66357,MELLADO FACUNDO
66358,1851,2026-01-29,confirmado,233560.35,ERP RESERVA CONFIRMADA vendedor=MELLADO FACUNDO,false,false,erp,66358,MELLADO FACUNDO
66360,7,2026-01-29,confirmado,396016.14,ERP RESERVA CONFIRMADA vendedor=MELLADO FACUNDO,false,false,erp,66360,MELLADO FACUNDO
66361,996,2026-01-29,confirmado,458180.72,ERP RESERVA CONFIRMADA vendedor=MELLADO FACUNDO,false,false,erp,66361,MELLADO FACUNDO
66362,1733,2026-01-29,confirmado,112943.08,ERP RESERVA CONFIRMADA vendedor=MELLADO FACUNDO,false,false,erp,66362,MELLADO FACUNDO
66363,1651,2026-01-29,confirmado,381463.69,ERP RESERVA CONFIRMADA vendedor=MELLADO FACUNDO,false,false,erp,66363,MELLADO FACUNDO
66364,1167,2026-01-29,facturado,75845.50,ERP VENTA vendedor=MELLADO FACUNDO,false,false,erp,66364,MELLADO FACUNDO
66365,35,2026-01-29,confirmado,581284.34,ERP RESERVA CONFIRMADA vendedor=MELLADO FACUNDO,false,false,erp,66365,MELLADO FACUNDO
66366,316,2026-01-29,facturado,230791.61,ERP VENTA vendedor=MELLADO FACUNDO,false,false,erp,66366,MELLADO FACUNDO
66367,1326,2026-01-29,facturado,47685.44,ERP VENTA vendedor=MELLADO FACUNDO,false,false,erp,66367,MELLADO FACUNDO
66368,1539,2026-01-29,facturado,112274.54,ERP VENTA vendedor=MELLADO FACUNDO,false,false,erp,66368,MELLADO FACUNDO
66369,1270,2026-01-29,confirmado,102308.00,ERP RESERVA CONFIRMADA vendedor=MELLADO FACUNDO,false,false,erp,66369,MELLADO FACUNDO
66371,1120,2026-01-29,confirmado,332461.07,ERP RESERVA CONFIRMADA vendedor=MELLADO FACUNDO,false,false,erp,66371,MELLADO FACUNDO
66372,974,2026-01-29,facturado,124560.66,ERP VENTA vendedor=ARIAS MACARENA,false,false,erp,66372,ARIAS MACARENA
66373,973,2026-01-29,facturado,160805.06,ERP VENTA vendedor=MELLADO FACUNDO,false,false,erp,66373,MELLADO FACUNDO
66374,455,2026-01-29,confirmado,164008.01,ERP RESERVA CONFIRMADA vendedor=MELLADO FACUNDO,false,false,erp,66374,MELLADO FACUNDO
66375,1859,2026-01-29,confirmado,142352.63,ERP RESERVA CONFIRMADA vendedor=MELLADO FACUNDO,false,false,erp,66375,MELLADO FACUNDO
66376,200,2026-01-29,confirmado,180161.66,ERP RESERVA CONFIRMADA vendedor=MELLADO FACUNDO,false,false,erp,66376,MELLADO FACUNDO
66326,1567,2026-01-28,confirmado,363566.62,ERP RESERVA CONFIRMADA vendedor=MELLADO FACUNDO,false,false,erp,66326,MELLADO FACUNDO
66327,31,2026-01-28,confirmado,805956.77,ERP RESERVA CONFIRMADA vendedor=MELLADO FACUNDO,false,false,erp,66327,MELLADO FACUNDO
66343,460,2026-01-28,confirmado,471783.31,ERP RESERVA CONFIRMADA vendedor=MELLADO FACUNDO,false,false,erp,66343,MELLADO FACUNDO
66344,1421,2026-01-28,confirmado,300397.42,ERP RESERVA CONFIRMADA vendedor=MELLADO FACUNDO,false,false,erp,66344,MELLADO FACUNDO
66345,1580,2026-01-28,facturado,412893.19,ERP VENTA vendedor=MELLADO FACUNDO,false,false,erp,66345,MELLADO FACUNDO
66346,316,2026-01-28,facturado,412990.01,ERP VENTA vendedor=MELLADO FACUNDO,false,false,erp,66346,MELLADO FACUNDO
66348,20,2026-01-28,confirmado,275552.23,ERP RESERVA CONFIRMADA vendedor=MELLADO FACUNDO,false,false,erp,66348,MELLADO FACUNDO
66350,217,2026-01-28,facturado,59946.28,ERP VENTA vendedor=MELLADO FACUNDO,false,false,erp,66350,MELLADO FACUNDO
66351,1044,2026-01-28,facturado,82187.57,ERP VENTA vendedor=MELLADO FACUNDO,false,false,erp,66351,MELLADO FACUNDO
66352,1609,2026-01-28,facturado,253806.15,ERP VENTA vendedor=MELLADO FACUNDO,false,false,erp,66352,MELLADO FACUNDO
66353,1421,2026-01-28,confirmado,196185.26,ERP RESERVA CONFIRMADA vendedor=MELLADO FACUNDO,false,false,erp,66353,MELLADO FACUNDO
66354,1595,2026-01-28,facturado,143400.00,ERP VENTA vendedor=MELLADO FACUNDO,false,false,erp,66354,MELLADO FACUNDO
66355,1794,2026-01-28,confirmado,400928.72,ERP RESERVA CONFIRMADA vendedor=MELLADO FACUNDO,false,false,erp,66355,MELLADO FACUNDO
66359,1858,2026-01-28,facturado,159134.83,ERP VENTA vendedor=MELLADO FACUNDO,false,false,erp,66359,MELLADO FACUNDO
66293,377,2026-01-27,confirmado,187793.84,ERP RESERVA CONFIRMADA vendedor=MELLADO FACUNDO,false,false,erp,66293,MELLADO FACUNDO
66300,1359,2026-01-27,confirmado,161232.85,ERP RESERVA CONFIRMADA vendedor=MELLADO FACUNDO,false,false,erp,66300,MELLADO FACUNDO
66301,1722,2026-01-27,facturado,61161.90,ERP VENTA vendedor=MELLADO FACUNDO,false,false,erp,66301,MELLADO FACUNDO
66302,1384,2026-01-27,confirmado,208354.63,ERP RESERVA CONFIRMADA vendedor=MELLADO FACUNDO,false,false,erp,66302,MELLADO FACUNDO
66305,1661,2026-01-27,confirmado,321060.89,ERP RESERVA CONFIRMADA vendedor=MELLADO FACUNDO,false,false,erp,66305,MELLADO FACUNDO
66308,36,2026-01-27,confirmado,414309.02,ERP RESERVA CONFIRMADA vendedor=MELLADO FACUNDO,false,false,erp,66308,MELLADO FACUNDO
66309,1849,2026-01-27,confirmado,174893.33,ERP RESERVA CONFIRMADA vendedor=MELLADO FACUNDO,false,false,erp,66309,MELLADO FACUNDO
66314,851,2026-01-27,confirmado,229001.70,ERP RESERVA CONFIRMADA vendedor=MELLADO FACUNDO,false,false,erp,66314,MELLADO FACUNDO
66317,348,2026-01-27,confirmado,186074.50,ERP RESERVA CONFIRMADA vendedor=MELLADO FACUNDO,false,false,erp,66317,MELLADO FACUNDO
66321,1137,2026-01-27,confirmado,623172.67,ERP RESERVA CONFIRMADA vendedor=MELLADO FACUNDO,false,false,erp,66321,MELLADO FACUNDO
66322,419,2026-01-27,confirmado,247429.54,ERP RESERVA CONFIRMADA vendedor=MELLADO FACUNDO,false,false,erp,66322,MELLADO FACUNDO
66323,700,2026-01-27,confirmado,103282.16,ERP RESERVA CONFIRMADA vendedor=MELLADO FACUNDO,false,false,erp,66323,MELLADO FACUNDO
66324,1519,2026-01-27,confirmado,62327.55,ERP RESERVA CONFIRMADA vendedor=MELLADO FACUNDO,false,false,erp,66324,MELLADO FACUNDO
66325,1307,2026-01-27,confirmado,328093.66,ERP RESERVA CONFIRMADA vendedor=MELLADO FACUNDO,false,false,erp,66325,MELLADO FACUNDO
66328,453,2026-01-27,facturado,401233.58,ERP VENTA vendedor=MELLADO FACUNDO,false,false,erp,66328,MELLADO FACUNDO
66329,453,2026-01-27,facturado,192596.93,ERP VENTA vendedor=MELLADO FACUNDO,false,false,erp,66329,MELLADO FACUNDO
66330,46,2026-01-27,confirmado,122520.38,ERP RESERVA CONFIRMADA vendedor=MELLADO FACUNDO,false,false,erp,66330,MELLADO FACUNDO
66331,632,2026-01-27,confirmado,180432.78,ERP RESERVA CONFIRMADA vendedor=MELLADO FACUNDO,false,false,erp,66331,MELLADO FACUNDO
66332,1194,2026-01-27,confirmado,120711.20,ERP RESERVA CONFIRMADA vendedor=MELLADO FACUNDO,false,false,erp,66332,MELLADO FACUNDO
66333,151,2026-01-27,confirmado,193115.00,ERP RESERVA CONFIRMADA vendedor=MELLADO FACUNDO,false,false,erp,66333,MELLADO FACUNDO
66334,1832,2026-01-27,facturado,76630.86,ERP VENTA vendedor=MELLADO FACUNDO,false,false,erp,66334,MELLADO FACUNDO
66335,1513,2026-01-27,facturado,202501.65,ERP VENTA vendedor=MELLADO FACUNDO,false,false,erp,66335,MELLADO FACUNDO
66336,1513,2026-01-27,facturado,9120.12,ERP VENTA vendedor=MELLADO FACUNDO,false,false,erp,66336,MELLADO FACUNDO
66337,1801,2026-01-27,facturado,108301.43,ERP VENTA vendedor=MELLADO FACUNDO,false,false,erp,66337,MELLADO FACUNDO
66338,986,2026-01-27,facturado,567036.08,ERP VENTA vendedor=MELLADO FACUNDO,false,false,erp,66338,MELLADO FACUNDO
66339,968,2026-01-27,facturado,15380.38,ERP VENTA vendedor=MELLADO FACUNDO,false,false,erp,66339,MELLADO FACUNDO
66341,563,2026-01-27,confirmado,54732.80,ERP RESERVA CONFIRMADA vendedor=MELLADO FACUNDO,false,false,erp,66341,MELLADO FACUNDO
66342,1460,2026-01-27,confirmado,121277.12,ERP RESERVA CONFIRMADA vendedor=MELLADO FACUNDO,false,false,erp,66342,MELLADO FACUNDO
66273,1241,2026-01-26,confirmado,155158.14,ERP RESERVA CONFIRMADA vendedor=MELLADO FACUNDO,false,false,erp,66273,MELLADO FACUNDO
66277,35,2026-01-26,confirmado,279965.76,ERP RESERVA CONFIRMADA vendedor=MELLADO FACUNDO,false,false,erp,66277,MELLADO FACUNDO
66278,909,2026-01-26,confirmado,99039.77,ERP RESERVA CONFIRMADA vendedor=MELLADO FACUNDO,false,false,erp,66278,MELLADO FACUNDO
66279,909,2026-01-26,confirmado,168021.68,ERP RESERVA CONFIRMADA vendedor=MELLADO FACUNDO,false,false,erp,66279,MELLADO FACUNDO
66280,909,2026-01-26,confirmado,207175.92,ERP RESERVA CONFIRMADA vendedor=MELLADO FACUNDO,false,false,erp,66280,MELLADO FACUNDO
66281,710,2026-01-26,confirmado,185415.80,ERP RESERVA CONFIRMADA vendedor=MELLADO FACUNDO,false,false,erp,66281,MELLADO FACUNDO
66282,710,2026-01-26,confirmado,172805.86,ERP RESERVA CONFIRMADA vendedor=MELLADO FACUNDO,false,false,erp,66282,MELLADO FACUNDO
66283,815,2026-01-26,confirmado,231745.38,ERP RESERVA CONFIRMADA vendedor=MELLADO FACUNDO,false,false,erp,66283,MELLADO FACUNDO
66284,1326,2026-01-26,confirmado,343129.76,ERP RESERVA CONFIRMADA vendedor=MELLADO FACUNDO,false,false,erp,66284,MELLADO FACUNDO
66285,1586,2026-01-26,facturado,1185701.01,ERP VENTA vendedor=MELLADO FACUNDO,false,false,erp,66285,MELLADO FACUNDO
66286,1049,2026-01-26,confirmado,60282.92,ERP RESERVA CONFIRMADA vendedor=MELLADO FACUNDO,false,false,erp,66286,MELLADO FACUNDO
66288,1820,2026-01-26,confirmado,139150.01,ERP RESERVA CONFIRMADA vendedor=MELLADO FACUNDO,false,false,erp,66288,MELLADO FACUNDO
66289,1326,2026-01-26,confirmado,1154338.90,ERP RESERVA CONFIRMADA vendedor=MELLADO FACUNDO,false,false,erp,66289,MELLADO FACUNDO
66290,1326,2026-01-26,confirmado,2799103.09,ERP RESERVA CONFIRMADA vendedor=MELLADO FACUNDO,false,false,erp,66290,MELLADO FACUNDO
66291,837,2026-01-26,facturado,397277.03,ERP VENTA vendedor=MELLADO FACUNDO,false,false,erp,66291,MELLADO FACUNDO
66292,837,2026-01-26,facturado,10222.08,ERP VENTA vendedor=MELLADO FACUNDO,false,false,erp,66292,MELLADO FACUNDO
66294,1219,2026-01-26,facturado,259262.09,ERP VENTA vendedor=MELLADO FACUNDO,false,false,erp,66294,MELLADO FACUNDO
66295,1496,2026-01-26,facturado,323750.92,ERP VENTA vendedor=MELLADO FACUNDO,false,false,erp,66295,MELLADO FACUNDO
66296,952,2026-01-26,confirmado,216222.40,ERP RESERVA CONFIRMADA vendedor=MELLADO FACUNDO,false,false,erp,66296,MELLADO FACUNDO
66298,857,2026-01-26,confirmado,337521.34,ERP RESERVA CONFIRMADA vendedor=MELLADO FACUNDO,false,false,erp,66298,MELLADO FACUNDO
66299,630,2026-01-26,confirmado,266295.37,ERP RESERVA CONFIRMADA vendedor=MELLADO FACUNDO,false,false,erp,66299,MELLADO FACUNDO
66303,1232,2026-01-26,confirmado,194863.20,ERP RESERVA CONFIRMADA vendedor=MELLADO FACUNDO,false,false,erp,66303,MELLADO FACUNDO
66304,354,2026-01-26,confirmado,102577.82,ERP RESERVA CONFIRMADA vendedor=MELLADO FACUNDO,false,false,erp,66304,MELLADO FACUNDO
66306,316,2026-01-26,facturado,57583.60,ERP VENTA vendedor=MELLADO FACUNDO,false,false,erp,66306,MELLADO FACUNDO
66307,1159,2026-01-26,confirmado,151454.64,ERP RESERVA CONFIRMADA vendedor=MELLADO FACUNDO,false,false,erp,66307,MELLADO FACUNDO
66310,891,2026-01-26,facturado,83671.50,ERP VENTA vendedor=MELLADO FACUNDO,false,false,erp,66310,MELLADO FACUNDO
66311,796,2026-01-26,confirmado,870831.32,ERP RESERVA CONFIRMADA vendedor=MELLADO FACUNDO,false,false,erp,66311,MELLADO FACUNDO
66312,35,2026-01-26,confirmado,472068.60,ERP RESERVA CONFIRMADA vendedor=MELLADO FACUNDO,false,false,erp,66312,MELLADO FACUNDO
66313,839,2026-01-26,confirmado,177791.96,ERP RESERVA CONFIRMADA vendedor=MELLADO FACUNDO,false,false,erp,66313,MELLADO FACUNDO
66315,178,2026-01-26,confirmado,684494.02,ERP RESERVA CONFIRMADA vendedor=MELLADO FACUNDO,false,false,erp,66315,MELLADO FACUNDO
66318,1,2026-01-26,facturado,842054.35,ERP VENTA vendedor=MELLADO FACUNDO,false,false,erp,66318,MELLADO FACUNDO
66319,824,2026-01-26,facturado,842054.35,ERP VENTA vendedor=MELLADO FACUNDO,false,false,erp,66319,MELLADO FACUNDO
66320,804,2026-01-26,confirmado,80308.05,ERP RESERVA CONFIRMADA vendedor=MELLADO FACUNDO,false,false,erp,66320,MELLADO FACUNDO
66257,159,2026-01-24,confirmado,103051.52,ERP RESERVA CONFIRMADA vendedor=MELLADO FACUNDO,false,false,erp,66257,MELLADO FACUNDO
66263,1036,2026-01-24,facturado,78408.00,ERP VENTA vendedor=MELLADO FACUNDO,false,false,erp,66263,MELLADO FACUNDO
66264,971,2026-01-24,facturado,439801.43,ERP VENTA vendedor=MELLADO FACUNDO,false,false,erp,66264,MELLADO FACUNDO
66265,90,2026-01-24,facturado,63490.40,ERP VENTA vendedor=ALEGRIA ESTEBAN,false,false,erp,66265,ALEGRIA ESTEBAN
66266,1831,2026-01-24,facturado,79683.13,ERP VENTA vendedor=MELLADO FACUNDO,false,false,erp,66266,MELLADO FACUNDO
66267,1831,2026-01-24,facturado,6467.35,ERP VENTA vendedor=MELLADO FACUNDO,false,false,erp,66267,MELLADO FACUNDO
66268,1587,2026-01-24,facturado,356407.20,ERP VENTA vendedor=MELLADO FACUNDO,false,false,erp,66268,MELLADO FACUNDO
66269,1460,2026-01-24,facturado,23421.36,ERP VENTA vendedor=MELLADO FACUNDO,false,false,erp,66269,MELLADO FACUNDO
66270,316,2026-01-24,facturado,28712.34,ERP VENTA vendedor=ALEGRIA ESTEBAN,false,false,erp,66270,ALEGRIA ESTEBAN
66271,1774,2026-01-24,facturado,240972.13,ERP VENTA vendedor=MELLADO FACUNDO,false,false,erp,66271,MELLADO FACUNDO
66272,737,2026-01-24,facturado,53508.10,ERP VENTA vendedor=ALEGRIA ESTEBAN,false,false,erp,66272,ALEGRIA ESTEBAN
66274,799,2026-01-24,facturado,88629.72,ERP VENTA vendedor=MELLADO FACUNDO,false,false,erp,66274,MELLADO FACUNDO
66275,56,2026-01-24,facturado,68240.84,ERP VENTA vendedor=MELLADO FACUNDO,false,false,erp,66275,MELLADO FACUNDO
66276,1847,2026-01-24,facturado,284992.62,ERP VENTA vendedor=MELLADO FACUNDO,false,false,erp,66276,MELLADO FACUNDO
66250,316,2026-01-23,facturado,47262.50,ERP VENTA vendedor=MELLADO FACUNDO,false,false,erp,66250,MELLADO FACUNDO
66251,799,2026-01-23,facturado,54856.50,ERP VENTA vendedor=MELLADO FACUNDO,false,false,erp,66251,MELLADO FACUNDO
66252,1757,2026-01-23,confirmado,246238.82,ERP RESERVA CONFIRMADA vendedor=MELLADO FACUNDO,false,false,erp,66252,MELLADO FACUNDO
66253,316,2026-01-23,facturado,27568.03,ERP VENTA vendedor=MELLADO FACUNDO,false,false,erp,66253,MELLADO FACUNDO
66254,1460,2026-01-23,facturado,189677.36,ERP VENTA vendedor=MELLADO FACUNDO,false,false,erp,66254,MELLADO FACUNDO
66255,1651,2026-01-23,confirmado,453775.76,ERP RESERVA CONFIRMADA vendedor=MELLADO FACUNDO,false,false,erp,66255,MELLADO FACUNDO
66256,1851,2026-01-23,facturado,222812.02,ERP VENTA vendedor=MELLADO FACUNDO,false,false,erp,66256,MELLADO FACUNDO
66258,778,2026-01-23,facturado,64734.98,ERP VENTA vendedor=MELLADO FACUNDO,false,false,erp,66258,MELLADO FACUNDO
66259,898,2026-01-23,facturado,52983.82,ERP VENTA vendedor=MELLADO FACUNDO,false,false,erp,66259,MELLADO FACUNDO
66260,695,2026-01-23,facturado,222001.65,ERP VENTA vendedor=MELLADO FACUNDO,false,false,erp,66260,MELLADO FACUNDO
66261,42,2026-01-23,facturado,224890.62,ERP VENTA vendedor=MELLADO FACUNDO,false,false,erp,66261,MELLADO FACUNDO
66262,1857,2026-01-23,facturado,85337.93,ERP VENTA vendedor=MELLADO FACUNDO,false,false,erp,66262,MELLADO FACUNDO
66191,1320,2026-01-22,confirmado,103668.82,ERP RESERVA CONFIRMADA vendedor=MELLADO FACUNDO,false,false,erp,66191,MELLADO FACUNDO
66208,995,2026-01-22,confirmado,90099.67,ERP RESERVA CONFIRMADA vendedor=MELLADO FACUNDO,false,false,erp,66208,MELLADO FACUNDO
66214,140,2026-01-22,confirmado,483540.37,ERP RESERVA CONFIRMADA vendedor=MELLADO FACUNDO,false,false,erp,66214,MELLADO FACUNDO
66216,1494,2026-01-22,confirmado,156088.89,ERP RESERVA CONFIRMADA vendedor=MELLADO FACUNDO,false,false,erp,66216,MELLADO FACUNDO
66217,957,2026-01-22,confirmado,116200.95,ERP RESERVA CONFIRMADA vendedor=MELLADO FACUNDO,false,false,erp,66217,MELLADO FACUNDO
66218,38,2026-01-22,confirmado,162174.78,ERP RESERVA CONFIRMADA vendedor=MELLADO FACUNDO,false,false,erp,66218,MELLADO FACUNDO
66223,1741,2026-01-22,confirmado,105561.86,ERP RESERVA CONFIRMADA vendedor=MELLADO FACUNDO,false,false,erp,66223,MELLADO FACUNDO
66225,1146,2026-01-22,confirmado,965741.93,ERP RESERVA CONFIRMADA vendedor=MELLADO FACUNDO,false,false,erp,66225,MELLADO FACUNDO
66227,996,2026-01-22,confirmado,413374.09,ERP RESERVA CONFIRMADA vendedor=MELLADO FACUNDO,false,false,erp,66227,MELLADO FACUNDO
66229,35,2026-01-22,confirmado,207375.70,ERP RESERVA CONFIRMADA vendedor=MELLADO FACUNDO,false,false,erp,66229,MELLADO FACUNDO
66230,1606,2026-01-22,confirmado,142899.16,ERP RESERVA CONFIRMADA vendedor=MELLADO FACUNDO,false,false,erp,66230,MELLADO FACUNDO
66232,1092,2026-01-22,facturado,43928.82,ERP VENTA vendedor=MELLADO FACUNDO,false,false,erp,66232,MELLADO FACUNDO
66233,56,2026-01-22,confirmado,201532.44,ERP RESERVA CONFIRMADA vendedor=MELLADO FACUNDO,false,false,erp,66233,MELLADO FACUNDO
66234,1733,2026-01-22,confirmado,133196.76,ERP RESERVA CONFIRMADA vendedor=MELLADO FACUNDO,false,false,erp,66234,MELLADO FACUNDO
66235,499,2026-01-22,confirmado,108905.11,ERP RESERVA CONFIRMADA vendedor=MELLADO FACUNDO,false,false,erp,66235,MELLADO FACUNDO
66236,428,2026-01-22,confirmado,242121.97,ERP RESERVA CONFIRMADA vendedor=MELLADO FACUNDO,false,false,erp,66236,MELLADO FACUNDO
66237,971,2026-01-22,facturado,296150.19,ERP VENTA vendedor=MELLADO FACUNDO,false,false,erp,66237,MELLADO FACUNDO
66238,986,2026-01-22,facturado,100814.20,ERP VENTA vendedor=MELLADO FACUNDO,false,false,erp,66238,MELLADO FACUNDO
66239,986,2026-01-22,facturado,31581.00,ERP VENTA vendedor=MELLADO FACUNDO,false,false,erp,66239,MELLADO FACUNDO
66240,1829,2026-01-22,confirmado,246149.95,ERP RESERVA CONFIRMADA vendedor=MELLADO FACUNDO,false,false,erp,66240,MELLADO FACUNDO
66241,1754,2026-01-22,facturado,222897.20,ERP VENTA vendedor=MELLADO FACUNDO,false,false,erp,66241,MELLADO FACUNDO
66242,1120,2026-01-22,confirmado,120694.48,ERP RESERVA CONFIRMADA vendedor=MELLADO FACUNDO,false,false,erp,66242,MELLADO FACUNDO
66243,1595,2026-01-22,facturado,300216.00,ERP VENTA vendedor=MELLADO FACUNDO,false,false,erp,66243,MELLADO FACUNDO
66244,993,2026-01-22,confirmado,275529.54,ERP RESERVA CONFIRMADA vendedor=MELLADO FACUNDO,false,false,erp,66244,MELLADO FACUNDO
66245,7,2026-01-22,confirmado,444097.64,ERP RESERVA CONFIRMADA vendedor=MELLADO FACUNDO,false,false,erp,66245,MELLADO FACUNDO
66246,1462,2026-01-22,facturado,63132.38,ERP VENTA vendedor=MELLADO FACUNDO,false,false,erp,66246,MELLADO FACUNDO
66247,1672,2026-01-22,facturado,232737.31,ERP VENTA vendedor=MELLADO FACUNDO,false,false,erp,66247,MELLADO FACUNDO
66248,1284,2026-01-22,confirmado,444152.34,ERP RESERVA CONFIRMADA vendedor=MELLADO FACUNDO,false,false,erp,66248,MELLADO FACUNDO
66249,626,2026-01-22,facturado,106068.60,ERP VENTA vendedor=MELLADO FACUNDO,false,false,erp,66249,MELLADO FACUNDO
66170,1567,2026-01-21,confirmado,798999.16,ERP RESERVA CONFIRMADA vendedor=MELLADO FACUNDO,false,false,erp,66170,MELLADO FACUNDO
66190,990,2026-01-21,confirmado,125235.00,ERP RESERVA CONFIRMADA vendedor=MELLADO FACUNDO,false,false,erp,66190,MELLADO FACUNDO
66204,1194,2026-01-21,confirmado,141655.42,ERP RESERVA CONFIRMADA vendedor=MELLADO FACUNDO,false,false,erp,66204,MELLADO FACUNDO
66205,31,2026-01-21,confirmado,942186.54,ERP RESERVA CONFIRMADA vendedor=MELLADO FACUNDO,false,false,erp,66205,MELLADO FACUNDO
66206,1638,2026-01-21,confirmado,311087.29,ERP RESERVA CONFIRMADA vendedor=MELLADO FACUNDO,false,false,erp,66206,MELLADO FACUNDO
66207,1214,2026-01-21,confirmado,129919.54,ERP RESERVA CONFIRMADA vendedor=MELLADO FACUNDO,false,false,erp,66207,MELLADO FACUNDO
66209,1342,2026-01-21,confirmado,122671.97,ERP RESERVA CONFIRMADA vendedor=MELLADO FACUNDO,false,false,erp,66209,MELLADO FACUNDO
66210,499,2026-01-21,facturado,50121.51,ERP VENTA vendedor=MELLADO FACUNDO,false,false,erp,66210,MELLADO FACUNDO
66211,6,2026-01-21,confirmado,1749774.04,ERP RESERVA CONFIRMADA vendedor=MELLADO FACUNDO,false,false,erp,66211,MELLADO FACUNDO
66212,361,2026-01-21,facturado,50708.82,ERP VENTA vendedor=MELLADO FACUNDO,false,false,erp,66212,MELLADO FACUNDO
66213,431,2026-01-21,confirmado,336834.59,ERP RESERVA CONFIRMADA vendedor=MELLADO FACUNDO,false,false,erp,66213,MELLADO FACUNDO
66215,1851,2026-01-21,confirmado,264528.47,ERP RESERVA CONFIRMADA vendedor=MELLADO FACUNDO,false,false,erp,66215,MELLADO FACUNDO
66219,1421,2026-01-21,confirmado,287923.80,ERP RESERVA CONFIRMADA vendedor=MELLADO FACUNDO,false,false,erp,66219,MELLADO FACUNDO
66220,65,2026-01-21,confirmado,252065.79,ERP RESERVA CONFIRMADA vendedor=MELLADO FACUNDO,false,false,erp,66220,MELLADO FACUNDO
66221,1794,2026-01-21,confirmado,327734.88,ERP RESERVA CONFIRMADA vendedor=MELLADO FACUNDO,false,false,erp,66221,MELLADO FACUNDO
66222,1801,2026-01-21,facturado,54497.30,ERP VENTA vendedor=MELLADO FACUNDO,false,false,erp,66222,MELLADO FACUNDO
66228,868,2026-01-21,facturado,217800.00,ERP VENTA vendedor=MELLADO FACUNDO,false,false,erp,66228,MELLADO FACUNDO
66231,968,2026-01-21,facturado,218279.50,ERP VENTA vendedor=MELLADO FACUNDO,false,false,erp,66231,MELLADO FACUNDO
66162,851,2026-01-20,confirmado,400359.71,ERP RESERVA CONFIRMADA vendedor=MELLADO FACUNDO,false,false,erp,66162,MELLADO FACUNDO
66172,1849,2026-01-20,confirmado,117554.00,ERP RESERVA CONFIRMADA vendedor=MELLADO FACUNDO,false,false,erp,66172,MELLADO FACUNDO
66183,1304,2026-01-20,facturado,46979.30,ERP VENTA vendedor=MELLADO FACUNDO,false,false,erp,66183,MELLADO FACUNDO
66184,293,2026-01-20,facturado,79683.13,ERP VENTA vendedor=MELLADO FACUNDO,false,false,erp,66184,MELLADO FACUNDO
66185,184,2026-01-20,confirmado,309483.03,ERP RESERVA CONFIRMADA vendedor=MELLADO FACUNDO,false,false,erp,66185,MELLADO FACUNDO
66186,1580,2026-01-20,facturado,368066.45,ERP VENTA vendedor=MELLADO FACUNDO,false,false,erp,66186,MELLADO FACUNDO
66187,1307,2026-01-20,confirmado,95356.83,ERP RESERVA CONFIRMADA vendedor=MELLADO FACUNDO,false,false,erp,66187,MELLADO FACUNDO
66188,626,2026-01-20,facturado,109019.48,ERP VENTA vendedor=MELLADO FACUNDO,false,false,erp,66188,MELLADO FACUNDO
66189,235,2026-01-20,facturado,110502.97,ERP VENTA vendedor=MELLADO FACUNDO,false,false,erp,66189,MELLADO FACUNDO
66192,1460,2026-01-20,facturado,60638.58,ERP VENTA vendedor=MELLADO FACUNDO,false,false,erp,66192,MELLADO FACUNDO
66193,151,2026-01-20,confirmado,166672.49,ERP RESERVA CONFIRMADA vendedor=MELLADO FACUNDO,false,false,erp,66193,MELLADO FACUNDO
66194,108,2026-01-20,confirmado,113682.30,ERP RESERVA CONFIRMADA vendedor=MELLADO FACUNDO,false,false,erp,66194,MELLADO FACUNDO
66195,161,2026-01-20,confirmado,129416.10,ERP RESERVA CONFIRMADA vendedor=MELLADO FACUNDO,false,false,erp,66195,MELLADO FACUNDO
66196,152,2026-01-20,confirmado,82194.98,ERP RESERVA CONFIRMADA vendedor=MELLADO FACUNDO,false,false,erp,66196,MELLADO FACUNDO
66198,797,2026-01-20,facturado,320279.69,ERP VENTA vendedor=MELLADO FACUNDO,false,false,erp,66198,MELLADO FACUNDO
66200,797,2026-01-20,facturado,28586.25,ERP VENTA vendedor=MELLADO FACUNDO,false,false,erp,66200,MELLADO FACUNDO
66201,626,2026-01-20,facturado,49973.00,ERP VENTA vendedor=MELLADO FACUNDO,false,false,erp,66201,MELLADO FACUNDO
66202,1687,2026-01-20,facturado,125888.00,ERP VENTA vendedor=MELLADO FACUNDO,false,false,erp,66202,MELLADO FACUNDO
66203,947,2026-01-20,confirmado,669840.00,ERP RESERVA CONFIRMADA vendedor=MELLADO FACUNDO,false,false,erp,66203,MELLADO FACUNDO
66125,1241,2026-01-19,confirmado,122040.00,ERP RESERVA CONFIRMADA vendedor=MELLADO FACUNDO,false,false,erp,66125,MELLADO FACUNDO
66144,1049,2026-01-19,confirmado,125170.41,ERP RESERVA CONFIRMADA vendedor=MELLADO FACUNDO,false,false,erp,66144,MELLADO FACUNDO
66145,35,2026-01-19,confirmado,182909.46,ERP RESERVA CONFIRMADA vendedor=MELLADO FACUNDO,false,false,erp,66145,MELLADO FACUNDO
66146,909,2026-01-19,confirmado,161295.29,ERP RESERVA CONFIRMADA vendedor=MELLADO FACUNDO,false,false,erp,66146,MELLADO FACUNDO
66147,909,2026-01-19,confirmado,146802.79,ERP RESERVA CONFIRMADA vendedor=MELLADO FACUNDO,false,false,erp,66147,MELLADO FACUNDO
66148,909,2026-01-19,confirmado,220927.21,ERP RESERVA CONFIRMADA vendedor=MELLADO FACUNDO,false,false,erp,66148,MELLADO FACUNDO
66149,1326,2026-01-19,confirmado,468278.96,ERP RESERVA CONFIRMADA vendedor=MELLADO FACUNDO,false,false,erp,66149,MELLADO FACUNDO
66150,1586,2026-01-19,confirmado,386087.58,ERP RESERVA CONFIRMADA vendedor=MELLADO FACUNDO,false,false,erp,66150,MELLADO FACUNDO
66151,815,2026-01-19,confirmado,195401.18,ERP RESERVA CONFIRMADA vendedor=MELLADO FACUNDO,false,false,erp,66151,MELLADO FACUNDO
66152,710,2026-01-19,confirmado,124530.41,ERP RESERVA CONFIRMADA vendedor=MELLADO FACUNDO,false,false,erp,66152,MELLADO FACUNDO
66153,710,2026-01-19,confirmado,40092.16,ERP RESERVA CONFIRMADA vendedor=MELLADO FACUNDO,false,false,erp,66153,MELLADO FACUNDO
66154,963,2026-01-19,facturado,131192.79,ERP VENTA vendedor=MELLADO FACUNDO,false,false,erp,66154,MELLADO FACUNDO
66155,963,2026-01-19,facturado,24998.60,ERP VENTA vendedor=MELLADO FACUNDO,false,false,erp,66155,MELLADO FACUNDO
66156,963,2026-01-19,facturado,2359.50,ERP VENTA vendedor=MELLADO FACUNDO,false,false,erp,66156,MELLADO FACUNDO
66157,630,2026-01-19,confirmado,300439.15,ERP RESERVA CONFIRMADA vendedor=MELLADO FACUNDO,false,false,erp,66157,MELLADO FACUNDO
66158,1137,2026-01-19,confirmado,464265.92,ERP RESERVA CONFIRMADA vendedor=MELLADO FACUNDO,false,false,erp,66158,MELLADO FACUNDO
66160,316,2026-01-19,facturado,189965.88,ERP VENTA vendedor=MELLADO FACUNDO,false,false,erp,66160,MELLADO FACUNDO
66161,354,2026-01-19,confirmado,114291.75,ERP RESERVA CONFIRMADA vendedor=MELLADO FACUNDO,false,false,erp,66161,MELLADO FACUNDO
66164,1063,2026-01-19,confirmado,62571.72,ERP RESERVA CONFIRMADA vendedor=MELLADO FACUNDO,false,false,erp,66164,MELLADO FACUNDO
66165,1856,2026-01-19,facturado,59282.13,ERP VENTA vendedor=MELLADO FACUNDO,false,false,erp,66165,MELLADO FACUNDO
66166,591,2026-01-19,confirmado,140481.00,ERP RESERVA CONFIRMADA vendedor=MELLADO FACUNDO,false,false,erp,66166,MELLADO FACUNDO
66171,905,2026-01-19,confirmado,110380.26,ERP RESERVA CONFIRMADA vendedor=MELLADO FACUNDO,false,false,erp,66171,MELLADO FACUNDO
66173,1359,2026-01-19,facturado,54236.75,ERP VENTA vendedor=ALEGRIA ESTEBAN,false,false,erp,66173,ALEGRIA ESTEBAN
66174,700,2026-01-19,confirmado,130349.13,ERP RESERVA CONFIRMADA vendedor=MELLADO FACUNDO,false,false,erp,66174,MELLADO FACUNDO
66175,796,2026-01-19,confirmado,950084.74,ERP RESERVA CONFIRMADA vendedor=MELLADO FACUNDO,false,false,erp,66175,MELLADO FACUNDO
66176,854,2026-01-19,facturado,44528.65,ERP VENTA vendedor=MELLADO FACUNDO,false,false,erp,66176,MELLADO FACUNDO
66177,1146,2026-01-19,confirmado,152816.98,ERP RESERVA CONFIRMADA vendedor=MELLADO FACUNDO,false,false,erp,66177,MELLADO FACUNDO
66178,35,2026-01-19,confirmado,1398482.28,ERP RESERVA CONFIRMADA vendedor=MELLADO FACUNDO,false,false,erp,66178,MELLADO FACUNDO
66179,419,2026-01-19,confirmado,193691.90,ERP RESERVA CONFIRMADA vendedor=MELLADO FACUNDO,false,false,erp,66179,MELLADO FACUNDO
66180,780,2026-01-19,facturado,58333.14,ERP VENTA vendedor=MELLADO FACUNDO,false,false,erp,66180,MELLADO FACUNDO
66181,872,2026-01-19,confirmado,234154.15,ERP RESERVA CONFIRMADA vendedor=MELLADO FACUNDO,false,false,erp,66181,MELLADO FACUNDO
66182,839,2026-01-19,confirmado,181682.08,ERP RESERVA CONFIRMADA vendedor=MELLADO FACUNDO,false,false,erp,66182,MELLADO FACUNDO
66133,891,2026-01-17,facturado,729309.93,ERP VENTA vendedor=MELLADO FACUNDO,false,false,erp,66133,MELLADO FACUNDO
66134,1789,2026-01-17,facturado,303900.19,ERP VENTA vendedor=MELLADO FACUNDO,false,false,erp,66134,MELLADO FACUNDO
66135,1536,2026-01-17,facturado,70626.38,ERP VENTA vendedor=MELLADO FACUNDO,false,false,erp,66135,MELLADO FACUNDO
66136,937,2026-01-17,facturado,67951.87,ERP VENTA vendedor=MELLADO FACUNDO,false,false,erp,66136,MELLADO FACUNDO
66137,1061,2026-01-17,facturado,53893.57,ERP VENTA vendedor=MELLADO FACUNDO,false,false,erp,66137,MELLADO FACUNDO
66138,737,2026-01-17,facturado,72177.06,ERP VENTA vendedor=MELLADO FACUNDO,false,false,erp,66138,MELLADO FACUNDO
66139,1326,2026-01-17,confirmado,3461749.90,ERP RESERVA CONFIRMADA vendedor=MELLADO FACUNDO,false,false,erp,66139,MELLADO FACUNDO
66140,1326,2026-01-17,confirmado,2512335.14,ERP RESERVA CONFIRMADA vendedor=MELLADO FACUNDO,false,false,erp,66140,MELLADO FACUNDO
66141,898,2026-01-17,facturado,116797.80,ERP VENTA vendedor=MELLADO FACUNDO,false,false,erp,66141,MELLADO FACUNDO
66142,159,2026-01-17,confirmado,57621.48,ERP RESERVA CONFIRMADA vendedor=MELLADO FACUNDO,false,false,erp,66142,MELLADO FACUNDO
66143,1757,2026-01-17,confirmado,141120.90,ERP RESERVA CONFIRMADA vendedor=MELLADO FACUNDO,false,false,erp,66143,MELLADO FACUNDO
66122,993,2026-01-16,confirmado,523505.92,ERP RESERVA CONFIRMADA vendedor=MELLADO FACUNDO,false,false,erp,66122,MELLADO FACUNDO
66123,532,2026-01-16,facturado,191924.63,ERP VENTA vendedor=MELLADO FACUNDO,false,false,erp,66123,MELLADO FACUNDO
66126,1754,2026-01-16,facturado,121088.30,ERP VENTA vendedor=MELLADO FACUNDO,false,false,erp,66126,MELLADO FACUNDO
66127,968,2026-01-16,confirmado,138479.04,ERP RESERVA CONFIRMADA vendedor=MELLADO FACUNDO,false,false,erp,66127,MELLADO FACUNDO
66128,316,2026-01-16,facturado,48833.94,ERP VENTA vendedor=MELLADO FACUNDO,false,false,erp,66128,MELLADO FACUNDO
66129,522,2026-01-16,facturado,62294.68,ERP VENTA vendedor=MELLADO FACUNDO,false,false,erp,66129,MELLADO FACUNDO
66130,1586,2026-01-16,facturado,158929.82,ERP VENTA vendedor=MELLADO FACUNDO,false,false,erp,66130,MELLADO FACUNDO
66131,42,2026-01-16,facturado,115912.73,ERP VENTA vendedor=MELLADO FACUNDO,false,false,erp,66131,MELLADO FACUNDO
66132,316,2026-01-16,facturado,357115.22,ERP VENTA vendedor=MELLADO FACUNDO,false,false,erp,66132,MELLADO FACUNDO
66070,1438,2026-01-15,confirmado,154608.96,ERP RESERVA CONFIRMADA vendedor=MELLADO FACUNDO,false,false,erp,66070,MELLADO FACUNDO
66087,1146,2026-01-15,confirmado,563937.89,ERP RESERVA CONFIRMADA vendedor=MELLADO FACUNDO,false,false,erp,66087,MELLADO FACUNDO
66105,1010,2026-01-15,confirmado,75343.44,ERP RESERVA CONFIRMADA vendedor=MELLADO FACUNDO,false,false,erp,66105,MELLADO FACUNDO
66106,1652,2026-01-15,confirmado,147403.06,ERP RESERVA CONFIRMADA vendedor=MELLADO FACUNDO,false,false,erp,66106,MELLADO FACUNDO
66108,428,2026-01-15,confirmado,422981.55,ERP RESERVA CONFIRMADA vendedor=MELLADO FACUNDO,false,false,erp,66108,MELLADO FACUNDO
66109,1733,2026-01-15,confirmado,104622.21,ERP RESERVA CONFIRMADA vendedor=MELLADO FACUNDO,false,false,erp,66109,MELLADO FACUNDO
66110,56,2026-01-15,confirmado,212958.09,ERP RESERVA CONFIRMADA vendedor=MELLADO FACUNDO,false,false,erp,66110,MELLADO FACUNDO
66112,35,2026-01-15,confirmado,321974.16,ERP RESERVA CONFIRMADA vendedor=MELLADO FACUNDO,false,false,erp,66112,MELLADO FACUNDO
66113,1539,2026-01-15,facturado,187122.88,ERP VENTA vendedor=MELLADO FACUNDO,false,false,erp,66113,MELLADO FACUNDO
66114,316,2026-01-15,facturado,233005.94,ERP VENTA vendedor=MELLADO FACUNDO,false,false,erp,66114,MELLADO FACUNDO
66115,15,2026-01-15,facturado,1030055.52,ERP VENTA vendedor=MELLADO FACUNDO,false,false,erp,66115,MELLADO FACUNDO
66116,1270,2026-01-15,confirmado,112030.87,ERP RESERVA CONFIRMADA vendedor=MELLADO FACUNDO,false,false,erp,66116,MELLADO FACUNDO
66117,996,2026-01-15,confirmado,397785.59,ERP RESERVA CONFIRMADA vendedor=MELLADO FACUNDO,false,false,erp,66117,MELLADO FACUNDO
66118,7,2026-01-15,confirmado,137545.38,ERP RESERVA CONFIRMADA vendedor=MELLADO FACUNDO,false,false,erp,66118,MELLADO FACUNDO
66120,1049,2026-01-15,facturado,108400.66,ERP VENTA vendedor=MELLADO FACUNDO,false,false,erp,66120,MELLADO FACUNDO
66121,125,2026-01-15,confirmado,81000.66,ERP RESERVA CONFIRMADA vendedor=MELLADO FACUNDO,false,false,erp,66121,MELLADO FACUNDO
66081,125,2026-01-14,confirmado,317655.77,ERP RESERVA CONFIRMADA vendedor=MELLADO FACUNDO,false,false,erp,66081,MELLADO FACUNDO
66083,6,2026-01-14,confirmado,930381.32,ERP RESERVA CONFIRMADA vendedor=MELLADO FACUNDO,false,false,erp,66083,MELLADO FACUNDO
66084,1794,2026-01-14,confirmado,212329.46,ERP RESERVA CONFIRMADA vendedor=MELLADO FACUNDO,false,false,erp,66084,MELLADO FACUNDO
66092,1638,2026-01-14,confirmado,368079.76,ERP RESERVA CONFIRMADA vendedor=MELLADO FACUNDO,false,false,erp,66092,MELLADO FACUNDO
66094,460,2026-01-14,confirmado,181009.93,ERP RESERVA CONFIRMADA vendedor=MELLADO FACUNDO,false,false,erp,66094,MELLADO FACUNDO
66095,1421,2026-01-14,confirmado,104363.33,ERP RESERVA CONFIRMADA vendedor=MELLADO FACUNDO,false,false,erp,66095,MELLADO FACUNDO
66096,455,2026-01-14,facturado,96609.56,ERP VENTA vendedor=MELLADO FACUNDO,false,false,erp,66096,MELLADO FACUNDO
66097,1342,2026-01-14,confirmado,383737.12,ERP RESERVA CONFIRMADA vendedor=MELLADO FACUNDO,false,false,erp,66097,MELLADO FACUNDO
66098,455,2026-01-14,facturado,22273.42,ERP VENTA vendedor=MELLADO FACUNDO,false,false,erp,66098,MELLADO FACUNDO
66099,1855,2026-01-14,confirmado,125089.80,ERP RESERVA CONFIRMADA vendedor=MELLADO FACUNDO,false,false,erp,66099,MELLADO FACUNDO
66100,35,2026-01-14,confirmado,279973.60,ERP RESERVA CONFIRMADA vendedor=MELLADO FACUNDO,false,false,erp,66100,MELLADO FACUNDO
66101,1774,2026-01-14,facturado,391380.88,ERP VENTA vendedor=MELLADO FACUNDO,false,false,erp,66101,MELLADO FACUNDO
66102,31,2026-01-14,confirmado,3723888.54,ERP RESERVA CONFIRMADA vendedor=MELLADO FACUNDO,false,false,erp,66102,MELLADO FACUNDO
66103,20,2026-01-14,confirmado,98629.72,ERP RESERVA CONFIRMADA vendedor=MELLADO FACUNDO,false,false,erp,66103,MELLADO FACUNDO
66104,1651,2026-01-14,confirmado,268678.67,ERP RESERVA CONFIRMADA vendedor=MELLADO FACUNDO,false,false,erp,66104,MELLADO FACUNDO
66107,1414,2026-01-14,facturado,53129.97,ERP VENTA vendedor=MELLADO FACUNDO,false,false,erp,66107,MELLADO FACUNDO
66045,1801,2026-01-13,confirmado,131231.46,ERP RESERVA CONFIRMADA vendedor=MELLADO FACUNDO,false,false,erp,66045,MELLADO FACUNDO
66050,1849,2026-01-13,confirmado,159611.39,ERP RESERVA CONFIRMADA vendedor=MELLADO FACUNDO,false,false,erp,66050,MELLADO FACUNDO
66051,143,2026-01-13,confirmado,223189.52,ERP RESERVA CONFIRMADA vendedor=MELLADO FACUNDO,false,false,erp,66051,MELLADO FACUNDO
66053,854,2026-01-13,confirmado,210610.42,ERP RESERVA CONFIRMADA vendedor=MELLADO FACUNDO,false,false,erp,66053,MELLADO FACUNDO
66056,1159,2026-01-13,confirmado,180880.52,ERP RESERVA CONFIRMADA vendedor=MELLADO FACUNDO,false,false,erp,66056,MELLADO FACUNDO
66065,851,2026-01-13,confirmado,123908.03,ERP RESERVA CONFIRMADA vendedor=MELLADO FACUNDO,false,false,erp,66065,MELLADO FACUNDO
66066,333,2026-01-13,confirmado,187308.59,ERP RESERVA CONFIRMADA vendedor=MELLADO FACUNDO,false,false,erp,66066,MELLADO FACUNDO
66067,36,2026-01-13,confirmado,103457.58,ERP RESERVA CONFIRMADA vendedor=MELLADO FACUNDO,false,false,erp,66067,MELLADO FACUNDO
66068,1307,2026-01-13,confirmado,160329.33,ERP RESERVA CONFIRMADA vendedor=MELLADO FACUNDO,false,false,erp,66068,MELLADO FACUNDO
66069,1359,2026-01-13,confirmado,158687.10,ERP RESERVA CONFIRMADA vendedor=MELLADO FACUNDO,false,false,erp,66069,MELLADO FACUNDO
66071,184,2026-01-13,facturado,92753.52,ERP VENTA vendedor=MELLADO FACUNDO,false,false,erp,66071,MELLADO FACUNDO
66072,1848,2026-01-13,confirmado,57512.21,ERP RESERVA CONFIRMADA vendedor=MELLADO FACUNDO,false,false,erp,66072,MELLADO FACUNDO
66073,151,2026-01-13,confirmado,387764.78,ERP RESERVA CONFIRMADA vendedor=MELLADO FACUNDO,false,false,erp,66073,MELLADO FACUNDO
66074,963,2026-01-13,facturado,7382.34,ERP VENTA vendedor=MELLADO FACUNDO,false,false,erp,66074,MELLADO FACUNDO
66075,1841,2026-01-13,facturado,79232.85,ERP VENTA vendedor=MELLADO FACUNDO,false,false,erp,66075,MELLADO FACUNDO
66076,316,2026-01-13,facturado,493870.64,ERP VENTA vendedor=MELLADO FACUNDO,false,false,erp,66076,MELLADO FACUNDO
66077,962,2026-01-13,confirmado,113590.69,ERP RESERVA CONFIRMADA vendedor=MELLADO FACUNDO,false,false,erp,66077,MELLADO FACUNDO
66079,1815,2026-01-13,facturado,230630.36,ERP VENTA vendedor=ALEGRIA ESTEBAN,false,false,erp,66079,ALEGRIA ESTEBAN
66080,1194,2026-01-13,confirmado,100857.42,ERP RESERVA CONFIRMADA vendedor=MELLADO FACUNDO,false,false,erp,66080,MELLADO FACUNDO
66082,1120,2026-01-13,confirmado,180783.80,ERP RESERVA CONFIRMADA vendedor=MELLADO FACUNDO,false,false,erp,66082,MELLADO FACUNDO
66085,1212,2026-01-13,confirmado,100807.34,ERP RESERVA CONFIRMADA vendedor=MELLADO FACUNDO,false,false,erp,66085,MELLADO FACUNDO
66086,1295,2026-01-13,confirmado,106257.85,ERP RESERVA CONFIRMADA vendedor=MELLADO FACUNDO,false,false,erp,66086,MELLADO FACUNDO
66088,968,2026-01-13,confirmado,387843.31,ERP RESERVA CONFIRMADA vendedor=MELLADO FACUNDO,false,false,erp,66088,MELLADO FACUNDO
66089,1032,2026-01-13,confirmado,103281.00,ERP RESERVA CONFIRMADA vendedor=MELLADO FACUNDO,false,false,erp,66089,MELLADO FACUNDO
66090,89,2026-01-13,confirmado,910172.24,ERP RESERVA CONFIRMADA vendedor=MELLADO FACUNDO,false,false,erp,66090,MELLADO FACUNDO
66091,1802,2026-01-13,facturado,140507.11,ERP VENTA vendedor=MELLADO FACUNDO,false,false,erp,66091,MELLADO FACUNDO
66027,35,2026-01-12,confirmado,560203.20,ERP RESERVA CONFIRMADA vendedor=MELLADO FACUNDO,false,false,erp,66027,MELLADO FACUNDO
66028,1326,2026-01-12,confirmado,206325.26,ERP RESERVA CONFIRMADA vendedor=MELLADO FACUNDO,false,false,erp,66028,MELLADO FACUNDO
66029,815,2026-01-12,confirmado,203796.63,ERP RESERVA CONFIRMADA vendedor=MELLADO FACUNDO,false,false,erp,66029,MELLADO FACUNDO
66030,710,2026-01-12,confirmado,79881.27,ERP RESERVA CONFIRMADA vendedor=MELLADO FACUNDO,false,false,erp,66030,MELLADO FACUNDO
66031,710,2026-01-12,confirmado,83269.58,ERP RESERVA CONFIRMADA vendedor=MELLADO FACUNDO,false,false,erp,66031,MELLADO FACUNDO
66032,909,2026-01-12,confirmado,275153.35,ERP RESERVA CONFIRMADA vendedor=MELLADO FACUNDO,false,false,erp,66032,MELLADO FACUNDO
66033,909,2026-01-12,confirmado,207868.01,ERP RESERVA CONFIRMADA vendedor=MELLADO FACUNDO,false,false,erp,66033,MELLADO FACUNDO
66034,909,2026-01-12,confirmado,96485.97,ERP RESERVA CONFIRMADA vendedor=MELLADO FACUNDO,false,false,erp,66034,MELLADO FACUNDO
66035,1442,2026-01-12,facturado,724046.02,ERP VENTA vendedor=MELLADO FACUNDO,false,false,erp,66035,MELLADO FACUNDO
66036,1442,2026-01-12,confirmado,754958.80,ERP RESERVA CONFIRMADA vendedor=MELLADO FACUNDO,false,false,erp,66036,MELLADO FACUNDO
66037,1326,2026-01-12,confirmado,2603207.37,ERP RESERVA CONFIRMADA vendedor=MELLADO FACUNDO,false,false,erp,66037,MELLADO FACUNDO
66038,1326,2026-01-12,confirmado,1182974.06,ERP RESERVA CONFIRMADA vendedor=MELLADO FACUNDO,false,false,erp,66038,MELLADO FACUNDO
66039,316,2026-01-12,facturado,142327.19,ERP VENTA vendedor=MELLADO FACUNDO,false,false,erp,66039,MELLADO FACUNDO
66040,200,2026-01-12,confirmado,318460.91,ERP RESERVA CONFIRMADA vendedor=MELLADO FACUNDO,false,false,erp,66040,MELLADO FACUNDO
66042,1586,2026-01-12,confirmado,471744.30,ERP RESERVA CONFIRMADA vendedor=MELLADO FACUNDO,false,false,erp,66042,MELLADO FACUNDO
66043,1241,2026-01-12,confirmado,108790.92,ERP RESERVA CONFIRMADA vendedor=MELLADO FACUNDO,false,false,erp,66043,MELLADO FACUNDO
66044,908,2026-01-12,confirmado,224767.04,ERP RESERVA CONFIRMADA vendedor=MELLADO FACUNDO,false,false,erp,66044,MELLADO FACUNDO
66046,630,2026-01-12,confirmado,465927.87,ERP RESERVA CONFIRMADA vendedor=MELLADO FACUNDO,false,false,erp,66046,MELLADO FACUNDO
66047,1137,2026-01-12,confirmado,188558.23,ERP RESERVA CONFIRMADA vendedor=MELLADO FACUNDO,false,false,erp,66047,MELLADO FACUNDO
66049,509,2026-01-12,confirmado,696185.67,ERP RESERVA CONFIRMADA vendedor=MELLADO FACUNDO,false,false,erp,66049,MELLADO FACUNDO
66052,42,2026-01-12,facturado,15270.62,ERP VENTA vendedor=MELLADO FACUNDO,false,false,erp,66052,MELLADO FACUNDO
66055,419,2026-01-12,confirmado,329015.43,ERP RESERVA CONFIRMADA vendedor=MELLADO FACUNDO,false,false,erp,66055,MELLADO FACUNDO
66057,1580,2026-01-12,facturado,356799.11,ERP VENTA vendedor=MELLADO FACUNDO,false,false,erp,66057,MELLADO FACUNDO
66058,780,2026-01-12,facturado,216052.99,ERP VENTA vendedor=MELLADO FACUNDO,false,false,erp,66058,MELLADO FACUNDO
66059,839,2026-01-12,confirmado,236973.49,ERP RESERVA CONFIRMADA vendedor=MELLADO FACUNDO,false,false,erp,66059,MELLADO FACUNDO
66060,1693,2026-01-12,confirmado,122763.69,ERP RESERVA CONFIRMADA vendedor=MELLADO FACUNDO,false,false,erp,66060,MELLADO FACUNDO
66061,1406,2026-01-12,confirmado,123641.73,ERP RESERVA CONFIRMADA vendedor=MELLADO FACUNDO,false,false,erp,66061,MELLADO FACUNDO
66062,796,2026-01-12,confirmado,604349.13,ERP RESERVA CONFIRMADA vendedor=MELLADO FACUNDO,false,false,erp,66062,MELLADO FACUNDO
66063,1854,2026-01-12,confirmado,86680.50,ERP RESERVA CONFIRMADA vendedor=MELLADO FACUNDO,false,false,erp,66063,MELLADO FACUNDO
66064,968,2026-01-12,confirmado,449667.75,ERP RESERVA CONFIRMADA vendedor=MELLADO FACUNDO,false,false,erp,66064,MELLADO FACUNDO
66014,973,2026-01-10,facturado,61184.91,ERP VENTA vendedor=MELLADO FACUNDO,false,false,erp,66014,MELLADO FACUNDO
66015,7,2026-01-10,facturado,39576.16,ERP VENTA vendedor=MELLADO FACUNDO,false,false,erp,66015,MELLADO FACUNDO
66016,173,2026-01-10,confirmado,99395.74,ERP RESERVA CONFIRMADA vendedor=MELLADO FACUNDO,false,false,erp,66016,MELLADO FACUNDO
66017,184,2026-01-10,facturado,314259.39,ERP VENTA vendedor=MELLADO FACUNDO,false,false,erp,66017,MELLADO FACUNDO
66018,90,2026-01-10,facturado,49324.51,ERP VENTA vendedor=MELLADO FACUNDO,false,false,erp,66018,MELLADO FACUNDO
66019,207,2026-01-10,facturado,110346.01,ERP VENTA vendedor=MELLADO FACUNDO,false,false,erp,66019,MELLADO FACUNDO
66020,42,2026-01-10,facturado,48944.34,ERP VENTA vendedor=MELLADO FACUNDO,false,false,erp,66020,MELLADO FACUNDO
66021,464,2026-01-10,facturado,50958.38,ERP VENTA vendedor=PATRICIA CURLO,false,false,erp,66021,PATRICIA CURLO
66022,891,2026-01-10,facturado,678469.94,ERP VENTA vendedor=MELLADO FACUNDO,false,false,erp,66022,MELLADO FACUNDO
66023,891,2026-01-10,facturado,44486.00,ERP VENTA vendedor=MELLADO FACUNDO,false,false,erp,66023,MELLADO FACUNDO
66024,666,2026-01-10,facturado,84533.20,ERP VENTA vendedor=MELLADO FACUNDO,false,false,erp,66024,MELLADO FACUNDO
66025,666,2026-01-10,facturado,15398.30,ERP VENTA vendedor=MELLADO FACUNDO,false,false,erp,66025,MELLADO FACUNDO
66026,1847,2026-01-10,facturado,413841.67,ERP VENTA vendedor=MELLADO FACUNDO,false,false,erp,66026,MELLADO FACUNDO
66003,124,2026-01-09,confirmado,855153.65,ERP RESERVA CONFIRMADA vendedor=MELLADO FACUNDO,false,false,erp,66003,MELLADO FACUNDO
66004,1284,2026-01-09,confirmado,1148919.36,ERP RESERVA CONFIRMADA vendedor=MELLADO FACUNDO,false,false,erp,66004,MELLADO FACUNDO
66005,971,2026-01-09,facturado,113963.81,ERP VENTA vendedor=MELLADO FACUNDO,false,false,erp,66005,MELLADO FACUNDO
66006,1598,2026-01-09,facturado,137637.88,ERP VENTA vendedor=MELLADO FACUNDO,false,false,erp,66006,MELLADO FACUNDO
66007,138,2026-01-09,facturado,47371.50,ERP VENTA vendedor=MELLADO FACUNDO,false,false,erp,66007,MELLADO FACUNDO
66009,986,2026-01-09,facturado,138836.64,ERP VENTA vendedor=ARIAS MACARENA,false,false,erp,66009,ARIAS MACARENA
66010,428,2026-01-09,facturado,869452.20,ERP VENTA vendedor=ARIAS MACARENA,false,false,erp,66010,ARIAS MACARENA
66011,161,2026-01-09,facturado,105706.12,ERP VENTA vendedor=ARIAS MACARENA,false,false,erp,66011,ARIAS MACARENA
66012,161,2026-01-09,facturado,18171.04,ERP VENTA vendedor=ARIAS MACARENA,false,false,erp,66012,ARIAS MACARENA
66013,1609,2026-01-09,facturado,530666.27,ERP VENTA vendedor=AGUILERA MOLINA LUCAS JD,false,false,erp,66013,AGUILERA MOLINA LUCAS JD
65938,1320,2026-01-08,confirmado,164709.42,ERP RESERVA CONFIRMADA vendedor=MELLADO FACUNDO,false,false,erp,65938,MELLADO FACUNDO
65971,751,2026-01-08,confirmado,96315.17,ERP RESERVA CONFIRMADA vendedor=MELLADO FACUNDO,false,false,erp,65971,MELLADO FACUNDO
65974,1146,2026-01-08,confirmado,609746.80,ERP RESERVA CONFIRMADA vendedor=MELLADO FACUNDO,false,false,erp,65974,MELLADO FACUNDO
65981,56,2026-01-08,confirmado,127028.88,ERP RESERVA CONFIRMADA vendedor=MELLADO FACUNDO,false,false,erp,65981,MELLADO FACUNDO
65983,75,2026-01-08,confirmado,255295.17,ERP RESERVA CONFIRMADA vendedor=MELLADO FACUNDO,false,false,erp,65983,MELLADO FACUNDO
65984,7,2026-01-08,confirmado,482640.14,ERP RESERVA CONFIRMADA vendedor=MELLADO FACUNDO,false,false,erp,65984,MELLADO FACUNDO
65985,499,2026-01-08,confirmado,117732.67,ERP RESERVA CONFIRMADA vendedor=MELLADO FACUNDO,false,false,erp,65985,MELLADO FACUNDO
65986,1733,2026-01-08,confirmado,100788.01,ERP RESERVA CONFIRMADA vendedor=MELLADO FACUNDO,false,false,erp,65986,MELLADO FACUNDO
65987,200,2026-01-08,confirmado,265601.70,ERP RESERVA CONFIRMADA vendedor=MELLADO FACUNDO,false,false,erp,65987,MELLADO FACUNDO
65988,872,2026-01-08,facturado,233676.50,ERP VENTA vendedor=MELLADO FACUNDO,false,false,erp,65988,MELLADO FACUNDO
65989,316,2026-01-08,facturado,105524.10,ERP VENTA vendedor=ARIAS MACARENA,false,false,erp,65989,ARIAS MACARENA
65990,971,2026-01-08,facturado,378162.37,ERP VENTA vendedor=MELLADO FACUNDO,false,false,erp,65990,MELLADO FACUNDO
65991,1651,2026-01-08,confirmado,265674.27,ERP RESERVA CONFIRMADA vendedor=MELLADO FACUNDO,false,false,erp,65991,MELLADO FACUNDO
65992,35,2026-01-08,confirmado,180604.12,ERP RESERVA CONFIRMADA vendedor=MELLADO FACUNDO,false,false,erp,65992,MELLADO FACUNDO
65993,1757,2026-01-08,confirmado,148972.96,ERP RESERVA CONFIRMADA vendedor=MELLADO FACUNDO,false,false,erp,65993,MELLADO FACUNDO
65994,1489,2026-01-08,confirmado,183286.24,ERP RESERVA CONFIRMADA vendedor=MELLADO FACUNDO,false,false,erp,65994,MELLADO FACUNDO
65995,902,2026-01-08,facturado,113088.38,ERP VENTA vendedor=MELLADO FACUNDO,false,false,erp,65995,MELLADO FACUNDO
65997,996,2026-01-08,confirmado,417831.67,ERP RESERVA CONFIRMADA vendedor=MELLADO FACUNDO,false,false,erp,65997,MELLADO FACUNDO
65998,1728,2026-01-08,confirmado,869452.20,ERP RESERVA CONFIRMADA vendedor=MELLADO FACUNDO,false,false,erp,65998,MELLADO FACUNDO
65999,1815,2026-01-08,facturado,255655.32,ERP VENTA vendedor=MELLADO FACUNDO,false,false,erp,65999,MELLADO FACUNDO
66000,1757,2026-01-08,confirmado,139343.85,ERP RESERVA CONFIRMADA vendedor=MELLADO FACUNDO,false,false,erp,66000,MELLADO FACUNDO
66001,1512,2026-01-08,confirmado,696990.49,ERP RESERVA CONFIRMADA vendedor=MELLADO FACUNDO,false,false,erp,66001,MELLADO FACUNDO
66002,235,2026-01-08,facturado,102408.22,ERP VENTA vendedor=MELLADO FACUNDO,false,false,erp,66002,MELLADO FACUNDO
65937,1587,2026-01-07,confirmado,166211.40,ERP RESERVA CONFIRMADA vendedor=MELLADO FACUNDO,false,false,erp,65937,MELLADO FACUNDO
65945,1214,2026-01-07,confirmado,107241.24,ERP RESERVA CONFIRMADA vendedor=MELLADO FACUNDO,false,false,erp,65945,MELLADO FACUNDO
65947,632,2026-01-07,confirmado,180432.78,ERP RESERVA CONFIRMADA vendedor=MELLADO FACUNDO,false,false,erp,65947,MELLADO FACUNDO
65948,125,2026-01-07,confirmado,251465.36,ERP RESERVA CONFIRMADA vendedor=MELLADO FACUNDO,false,false,erp,65948,MELLADO FACUNDO
65949,732,2026-01-07,confirmado,155114.80,ERP RESERVA CONFIRMADA vendedor=MELLADO FACUNDO,false,false,erp,65949,MELLADO FACUNDO
65959,184,2026-01-07,confirmado,22489.44,ERP RESERVA CONFIRMADA vendedor=MELLADO FACUNDO,false,false,erp,65959,MELLADO FACUNDO
65960,1817,2026-01-07,facturado,51576.10,ERP VENTA vendedor=MELLADO FACUNDO,false,false,erp,65960,MELLADO FACUNDO
65961,31,2026-01-07,confirmado,1261847.19,ERP RESERVA CONFIRMADA vendedor=MELLADO FACUNDO,false,false,erp,65961,MELLADO FACUNDO
65962,1342,2026-01-07,confirmado,624222.66,ERP RESERVA CONFIRMADA vendedor=MELLADO FACUNDO,false,false,erp,65962,MELLADO FACUNDO
65963,974,2026-01-07,facturado,706168.90,ERP VENTA vendedor=MELLADO FACUNDO,false,false,erp,65963,MELLADO FACUNDO
65964,1769,2026-01-07,facturado,429629.03,ERP VENTA vendedor=MELLADO FACUNDO,false,false,erp,65964,MELLADO FACUNDO
65965,1762,2026-01-07,facturado,78408.00,ERP VENTA vendedor=MELLADO FACUNDO,false,false,erp,65965,MELLADO FACUNDO
65966,1762,2026-01-07,facturado,16879.49,ERP VENTA vendedor=MELLADO FACUNDO,false,false,erp,65966,MELLADO FACUNDO
65967,1421,2026-01-07,confirmado,249984.53,ERP RESERVA CONFIRMADA vendedor=MELLADO FACUNDO,false,false,erp,65967,MELLADO FACUNDO
65968,1850,2026-01-07,confirmado,84223.80,ERP RESERVA CONFIRMADA vendedor=MELLADO FACUNDO,false,false,erp,65968,MELLADO FACUNDO
65969,1832,2026-01-07,facturado,135518.16,ERP VENTA vendedor=MELLADO FACUNDO,false,false,erp,65969,MELLADO FACUNDO
65970,797,2026-01-07,confirmado,597153.73,ERP RESERVA CONFIRMADA vendedor=MELLADO FACUNDO,false,false,erp,65970,MELLADO FACUNDO
65972,1684,2026-01-07,facturado,64735.00,ERP VENTA vendedor=MELLADO FACUNDO,false,false,erp,65972,MELLADO FACUNDO
65973,110,2026-01-07,confirmado,429206.66,ERP RESERVA CONFIRMADA vendedor=MELLADO FACUNDO,false,false,erp,65973,MELLADO FACUNDO
65975,747,2026-01-07,confirmado,823844.75,ERP RESERVA CONFIRMADA vendedor=MELLADO FACUNDO,false,false,erp,65975,MELLADO FACUNDO
65976,747,2026-01-07,facturado,756514.73,ERP VENTA vendedor=MELLADO FACUNDO,false,false,erp,65976,MELLADO FACUNDO
65977,1039,2026-01-07,facturado,191473.68,ERP VENTA vendedor=MELLADO FACUNDO,false,false,erp,65977,MELLADO FACUNDO
65978,235,2026-01-07,facturado,145058.28,ERP VENTA vendedor=MELLADO FACUNDO,false,false,erp,65978,MELLADO FACUNDO
65979,1850,2026-01-07,confirmado,24122.28,ERP RESERVA CONFIRMADA vendedor=MELLADO FACUNDO,false,false,erp,65979,MELLADO FACUNDO
65980,823,2026-01-07,confirmado,172625.02,ERP RESERVA CONFIRMADA vendedor=MELLADO FACUNDO,false,false,erp,65980,MELLADO FACUNDO
65982,1851,2026-01-07,facturado,604443.19,ERP VENTA vendedor=MELLADO FACUNDO,false,false,erp,65982,MELLADO FACUNDO
65914,1326,2026-01-06,confirmado,583215.60,ERP RESERVA CONFIRMADA vendedor=MELLADO FACUNDO,false,false,erp,65914,MELLADO FACUNDO
65915,1326,2026-01-06,confirmado,583215.60,ERP RESERVA CONFIRMADA vendedor=MELLADO FACUNDO,false,false,erp,65915,MELLADO FACUNDO
65926,1307,2026-01-06,confirmado,371655.66,ERP RESERVA CONFIRMADA vendedor=MELLADO FACUNDO,false,false,erp,65926,MELLADO FACUNDO
65927,905,2026-01-06,confirmado,142198.23,ERP RESERVA CONFIRMADA vendedor=MELLADO FACUNDO,false,false,erp,65927,MELLADO FACUNDO
65928,151,2026-01-06,confirmado,272585.62,ERP RESERVA CONFIRMADA vendedor=MELLADO FACUNDO,false,false,erp,65928,MELLADO FACUNDO
65933,1063,2026-01-06,confirmado,86451.17,ERP RESERVA CONFIRMADA vendedor=MELLADO FACUNDO,false,false,erp,65933,MELLADO FACUNDO
65934,1194,2026-01-06,confirmado,211780.76,ERP RESERVA CONFIRMADA vendedor=MELLADO FACUNDO,false,false,erp,65934,MELLADO FACUNDO
65935,796,2026-01-06,confirmado,349044.76,ERP RESERVA CONFIRMADA vendedor=MELLADO FACUNDO,false,false,erp,65935,MELLADO FACUNDO
65936,1754,2026-01-06,confirmado,258973.44,ERP RESERVA CONFIRMADA vendedor=MELLADO FACUNDO,false,false,erp,65936,MELLADO FACUNDO
65939,1414,2026-01-06,confirmado,138974.70,ERP RESERVA CONFIRMADA vendedor=MELLADO FACUNDO,false,false,erp,65939,MELLADO FACUNDO
65940,1727,2026-01-06,facturado,58181.10,ERP VENTA vendedor=MELLADO FACUNDO,false,false,erp,65940,MELLADO FACUNDO
65941,640,2026-01-06,facturado,473715.00,ERP VENTA vendedor=MELLADO FACUNDO,false,false,erp,65941,MELLADO FACUNDO
65942,184,2026-01-06,confirmado,79627.53,ERP RESERVA CONFIRMADA vendedor=MELLADO FACUNDO,false,false,erp,65942,MELLADO FACUNDO
65943,963,2026-01-06,facturado,95856.29,ERP VENTA vendedor=MELLADO FACUNDO,false,false,erp,65943,MELLADO FACUNDO
65944,161,2026-01-06,confirmado,388410.00,ERP RESERVA CONFIRMADA vendedor=MELLADO FACUNDO,false,false,erp,65944,MELLADO FACUNDO
65946,1847,2026-01-06,facturado,186123.81,ERP VENTA vendedor=MELLADO FACUNDO,false,false,erp,65946,MELLADO FACUNDO
65950,42,2026-01-06,facturado,101595.57,ERP VENTA vendedor=MELLADO FACUNDO,false,false,erp,65950,MELLADO FACUNDO
65951,1536,2026-01-06,facturado,38881.04,ERP VENTA vendedor=MELLADO FACUNDO,false,false,erp,65951,MELLADO FACUNDO
65952,1586,2026-01-06,facturado,147535.48,ERP VENTA vendedor=MELLADO FACUNDO,false,false,erp,65952,MELLADO FACUNDO
65955,1612,2026-01-06,facturado,127705.53,ERP VENTA vendedor=MELLADO FACUNDO,false,false,erp,65955,MELLADO FACUNDO
65956,1849,2026-01-06,confirmado,98604.01,ERP RESERVA CONFIRMADA vendedor=MELLADO FACUNDO,false,false,erp,65956,MELLADO FACUNDO
65957,207,2026-01-06,confirmado,62427.01,ERP RESERVA CONFIRMADA vendedor=MELLADO FACUNDO,false,false,erp,65957,MELLADO FACUNDO
65958,1848,2026-01-06,confirmado,634275.65,ERP RESERVA CONFIRMADA vendedor=MELLADO FACUNDO,false,false,erp,65958,MELLADO FACUNDO
65902,1326,2026-01-05,confirmado,562719.61,ERP RESERVA CONFIRMADA vendedor=PATRICIA CURLO,false,false,erp,65902,PATRICIA CURLO
65903,1586,2026-01-05,facturado,500166.60,ERP VENTA vendedor=PATRICIA CURLO,false,false,erp,65903,PATRICIA CURLO
65904,815,2026-01-05,confirmado,207759.80,ERP RESERVA CONFIRMADA vendedor=PATRICIA CURLO,false,false,erp,65904,PATRICIA CURLO
65905,909,2026-01-05,confirmado,197178.71,ERP RESERVA CONFIRMADA vendedor=PATRICIA CURLO,false,false,erp,65905,PATRICIA CURLO
65906,909,2026-01-05,confirmado,94588.12,ERP RESERVA CONFIRMADA vendedor=PATRICIA CURLO,false,false,erp,65906,PATRICIA CURLO
65907,909,2026-01-05,confirmado,226547.94,ERP RESERVA CONFIRMADA vendedor=PATRICIA CURLO,false,false,erp,65907,PATRICIA CURLO
65908,710,2026-01-05,confirmado,86961.72,ERP RESERVA CONFIRMADA vendedor=PATRICIA CURLO,false,false,erp,65908,PATRICIA CURLO
65909,710,2026-01-05,confirmado,76542.46,ERP RESERVA CONFIRMADA vendedor=PATRICIA CURLO,false,false,erp,65909,PATRICIA CURLO
65910,316,2026-01-05,facturado,167369.44,ERP VENTA vendedor=PATRICIA CURLO,false,false,erp,65910,PATRICIA CURLO
65911,1137,2026-01-05,confirmado,216137.24,ERP RESERVA CONFIRMADA vendedor=MELLADO FACUNDO,false,false,erp,65911,MELLADO FACUNDO
65912,35,2026-01-05,confirmado,444078.96,ERP RESERVA CONFIRMADA vendedor=MELLADO FACUNDO,false,false,erp,65912,MELLADO FACUNDO
65916,1661,2026-01-05,confirmado,502415.23,ERP RESERVA CONFIRMADA vendedor=MELLADO FACUNDO,false,false,erp,65916,MELLADO FACUNDO
65917,178,2026-01-05,confirmado,685482.02,ERP RESERVA CONFIRMADA vendedor=MELLADO FACUNDO,false,false,erp,65917,MELLADO FACUNDO
65918,804,2026-01-05,confirmado,106962.56,ERP RESERVA CONFIRMADA vendedor=MELLADO FACUNDO,false,false,erp,65918,MELLADO FACUNDO
65919,1519,2026-01-05,confirmado,117742.94,ERP RESERVA CONFIRMADA vendedor=MELLADO FACUNDO,false,false,erp,65919,MELLADO FACUNDO
65920,1241,2026-01-05,confirmado,106454.88,ERP RESERVA CONFIRMADA vendedor=MELLADO FACUNDO,false,false,erp,65920,MELLADO FACUNDO
65921,872,2026-01-05,confirmado,214767.66,ERP RESERVA CONFIRMADA vendedor=MELLADO FACUNDO,false,false,erp,65921,MELLADO FACUNDO
65924,630,2026-01-05,confirmado,207447.10,ERP RESERVA CONFIRMADA vendedor=MELLADO FACUNDO,false,false,erp,65924,MELLADO FACUNDO
65925,1539,2026-01-05,facturado,295461.86,ERP VENTA vendedor=MELLADO FACUNDO,false,false,erp,65925,MELLADO FACUNDO
65929,839,2026-01-05,confirmado,73905.56,ERP RESERVA CONFIRMADA vendedor=MELLADO FACUNDO,false,false,erp,65929,MELLADO FACUNDO
65930,1750,2026-01-05,confirmado,418547.85,ERP RESERVA CONFIRMADA vendedor=MELLADO FACUNDO,false,false,erp,65930,MELLADO FACUNDO
65932,780,2026-01-05,facturado,90831.19,ERP VENTA vendedor=MELLADO FACUNDO,false,false,erp,65932,MELLADO FACUNDO
65891,737,2026-01-03,facturado,84126.80,ERP VENTA vendedor=MELLADO FACUNDO,false,false,erp,65891,MELLADO FACUNDO
65892,1326,2026-01-03,confirmado,2068329.75,ERP RESERVA CONFIRMADA vendedor=MELLADO FACUNDO,false,false,erp,65892,MELLADO FACUNDO
65893,1326,2026-01-03,confirmado,1506007.53,ERP RESERVA CONFIRMADA vendedor=MELLADO FACUNDO,false,false,erp,65893,MELLADO FACUNDO
65894,636,2026-01-03,confirmado,83366.15,ERP RESERVA CONFIRMADA vendedor=MELLADO FACUNDO,false,false,erp,65894,MELLADO FACUNDO
65895,1754,2026-01-03,facturado,300005.15,ERP VENTA vendedor=MELLADO FACUNDO,false,false,erp,65895,MELLADO FACUNDO
65896,1069,2026-01-03,facturado,50311.00,ERP VENTA vendedor=MELLADO FACUNDO,false,false,erp,65896,MELLADO FACUNDO
65897,1049,2026-01-03,confirmado,86451.17,ERP RESERVA CONFIRMADA vendedor=MELLADO FACUNDO,false,false,erp,65897,MELLADO FACUNDO
65898,905,2026-01-03,facturado,29803.86,ERP VENTA vendedor=MELLADO FACUNDO,false,false,erp,65898,MELLADO FACUNDO
65899,42,2026-01-03,facturado,108212.74,ERP VENTA vendedor=MELLADO FACUNDO,false,false,erp,65899,MELLADO FACUNDO
65900,700,2026-01-03,facturado,168741.45,ERP VENTA vendedor=MELLADO FACUNDO,false,false,erp,65900,MELLADO FACUNDO
65901,1638,2026-01-03,facturado,649262.92,ERP VENTA vendedor=MELLADO FACUNDO,false,false,erp,65901,MELLADO FACUNDO
65881,1010,2026-01-02,confirmado,125717.47,ERP RESERVA CONFIRMADA vendedor=MELLADO FACUNDO,false,false,erp,65881,MELLADO FACUNDO
65882,993,2026-01-02,confirmado,442554.52,ERP RESERVA CONFIRMADA vendedor=MELLADO FACUNDO,false,false,erp,65882,MELLADO FACUNDO
65883,1844,2026-01-02,facturado,1212327.12,ERP VENTA vendedor=MELLADO FACUNDO,false,false,erp,65883,MELLADO FACUNDO
65884,1801,2026-01-02,facturado,155103.17,ERP VENTA vendedor=ARIAS MACARENA,false,false,erp,65884,ARIAS MACARENA
65885,695,2026-01-02,facturado,228800.11,ERP VENTA vendedor=ARIAS MACARENA,false,false,erp,65885,ARIAS MACARENA
65886,1359,2026-01-02,facturado,52603.74,ERP VENTA vendedor=MELLADO FACUNDO,false,false,erp,65886,MELLADO FACUNDO
65887,857,2026-01-02,facturado,182121.73,ERP VENTA vendedor=MELLADO FACUNDO,false,false,erp,65887,MELLADO FACUNDO
65888,1414,2026-01-02,facturado,220638.35,ERP VENTA vendedor=MELLADO FACUNDO,false,false,erp,65888,MELLADO FACUNDO
65889,1672,2026-01-02,facturado,87989.91,ERP VENTA vendedor=MELLADO FACUNDO,false,false,erp,65889,MELLADO FACUNDO
65890,1840,2026-01-02,facturado,51922.10,ERP VENTA vendedor=MELLADO FACUNDO,false,false,erp,65890,MELLADO FACUNDO
65871,719,2025-12-31,confirmado,188640.61,ERP RESERVA CONFIRMADA vendedor=MELLADO FACUNDO,false,false,erp,65871,MELLADO FACUNDO
65872,799,2025-12-31,confirmado,403603.22,ERP RESERVA CONFIRMADA vendedor=MELLADO FACUNDO,false,false,erp,65872,MELLADO FACUNDO
65873,6,2025-12-31,confirmado,441401.57,ERP RESERVA CONFIRMADA vendedor=MELLADO FACUNDO,false,false,erp,65873,MELLADO FACUNDO
65874,89,2025-12-31,facturado,27760.32,ERP VENTA vendedor=MELLADO FACUNDO,false,false,erp,65874,MELLADO FACUNDO
65875,971,2025-12-31,facturado,268079.96,ERP VENTA vendedor=MELLADO FACUNDO,false,false,erp,65875,MELLADO FACUNDO
65876,1529,2025-12-31,facturado,148258.84,ERP VENTA vendedor=MELLADO FACUNDO,false,false,erp,65876,MELLADO FACUNDO
65877,747,2025-12-31,confirmado,465214.06,ERP RESERVA CONFIRMADA vendedor=MELLADO FACUNDO,false,false,erp,65877,MELLADO FACUNDO
65878,996,2025-12-31,confirmado,417831.67,ERP RESERVA CONFIRMADA vendedor=MELLADO FACUNDO,false,false,erp,65878,MELLADO FACUNDO
65879,1146,2025-12-31,confirmado,819257.85,ERP RESERVA CONFIRMADA vendedor=MELLADO FACUNDO,false,false,erp,65879,MELLADO FACUNDO
65880,35,2025-12-31,confirmado,342680.04,ERP RESERVA CONFIRMADA vendedor=MELLADO FACUNDO,false,false,erp,65880,MELLADO FACUNDO
65601,31,2025-12-30,confirmado,2251573.86,ERP RESERVA CONFIRMADA vendedor=MELLADO FACUNDO,false,false,erp,65601,MELLADO FACUNDO
65837,1806,2025-12-30,confirmado,200694.65,ERP RESERVA CONFIRMADA vendedor=MELLADO FACUNDO,false,false,erp,65837,MELLADO FACUNDO
65849,316,2025-12-30,facturado,172735.54,ERP VENTA vendedor=MELLADO FACUNDO,false,false,erp,65849,MELLADO FACUNDO
65850,90,2025-12-30,facturado,130349.52,ERP VENTA vendedor=MELLADO FACUNDO,false,false,erp,65850,MELLADO FACUNDO
65851,1291,2025-12-30,facturado,159290.72,ERP VENTA vendedor=MELLADO FACUNDO,false,false,erp,65851,MELLADO FACUNDO
65852,161,2025-12-30,facturado,145985.36,ERP VENTA vendedor=MELLADO FACUNDO,false,false,erp,65852,MELLADO FACUNDO
65854,658,2025-12-30,facturado,564088.58,ERP VENTA vendedor=MELLADO FACUNDO,false,false,erp,65854,MELLADO FACUNDO
65855,1795,2025-12-30,facturado,50534.99,ERP VENTA vendedor=MELLADO FACUNDO,false,false,erp,65855,MELLADO FACUNDO
65856,110,2025-12-30,confirmado,506595.42,ERP RESERVA CONFIRMADA vendedor=MELLADO FACUNDO,false,false,erp,65856,MELLADO FACUNDO
65857,20,2025-12-30,confirmado,133769.69,ERP RESERVA CONFIRMADA vendedor=MELLADO FACUNDO,false,false,erp,65857,MELLADO FACUNDO
65858,31,2025-12-30,confirmado,71653.88,ERP RESERVA CONFIRMADA vendedor=MELLADO FACUNDO,false,false,erp,65858,MELLADO FACUNDO
65859,348,2025-12-30,facturado,136512.44,ERP VENTA vendedor=MELLADO FACUNDO,false,false,erp,65859,MELLADO FACUNDO
65860,751,2025-12-30,confirmado,59508.94,ERP RESERVA CONFIRMADA vendedor=MELLADO FACUNDO,false,false,erp,65860,MELLADO FACUNDO
65861,460,2025-12-30,confirmado,427222.96,ERP RESERVA CONFIRMADA vendedor=MELLADO FACUNDO,false,false,erp,65861,MELLADO FACUNDO
65862,976,2025-12-30,facturado,88195.76,ERP VENTA vendedor=MELLADO FACUNDO,false,false,erp,65862,MELLADO FACUNDO
65863,787,2025-12-30,confirmado,176890.04,ERP RESERVA CONFIRMADA vendedor=MELLADO FACUNDO,false,false,erp,65863,MELLADO FACUNDO
65864,623,2025-12-30,confirmado,109989.00,ERP RESERVA CONFIRMADA vendedor=MELLADO FACUNDO,false,false,erp,65864,MELLADO FACUNDO
65865,260,2025-12-30,facturado,62972.37,ERP VENTA vendedor=MELLADO FACUNDO,false,false,erp,65865,MELLADO FACUNDO
65866,1567,2025-12-30,confirmado,930597.13,ERP RESERVA CONFIRMADA vendedor=MELLADO FACUNDO,false,false,erp,65866,MELLADO FACUNDO
65867,1823,2025-12-30,confirmado,132746.46,ERP RESERVA CONFIRMADA vendedor=MELLADO FACUNDO,false,false,erp,65867,MELLADO FACUNDO
65868,1794,2025-12-30,confirmado,407368.54,ERP RESERVA CONFIRMADA vendedor=MELLADO FACUNDO,false,false,erp,65868,MELLADO FACUNDO
65869,131,2025-12-30,confirmado,312138.36,ERP RESERVA CONFIRMADA vendedor=MELLADO FACUNDO,false,false,erp,65869,MELLADO FACUNDO
65870,990,2025-12-30,confirmado,156816.00,ERP RESERVA CONFIRMADA vendedor=MELLADO FACUNDO,false,false,erp,65870,MELLADO FACUNDO
65816,909,2025-12-29,confirmado,161658.54,ERP RESERVA CONFIRMADA vendedor=MELLADO FACUNDO,false,false,erp,65816,MELLADO FACUNDO
65817,909,2025-12-29,confirmado,161295.29,ERP RESERVA CONFIRMADA vendedor=MELLADO FACUNDO,false,false,erp,65817,MELLADO FACUNDO
65818,909,2025-12-29,confirmado,138811.26,ERP RESERVA CONFIRMADA vendedor=MELLADO FACUNDO,false,false,erp,65818,MELLADO FACUNDO
65819,710,2025-12-29,confirmado,174770.75,ERP RESERVA CONFIRMADA vendedor=MELLADO FACUNDO,false,false,erp,65819,MELLADO FACUNDO
65821,710,2025-12-29,confirmado,75037.66,ERP RESERVA CONFIRMADA vendedor=MELLADO FACUNDO,false,false,erp,65821,MELLADO FACUNDO
65822,1326,2025-12-29,confirmado,495592.89,ERP RESERVA CONFIRMADA vendedor=MELLADO FACUNDO,false,false,erp,65822,MELLADO FACUNDO
65823,1842,2025-12-29,confirmado,100134.00,ERP RESERVA CONFIRMADA vendedor=MELLADO FACUNDO,false,false,erp,65823,MELLADO FACUNDO
65824,1247,2025-12-29,confirmado,819215.20,ERP RESERVA CONFIRMADA vendedor=MELLADO FACUNDO,false,false,erp,65824,MELLADO FACUNDO
65825,1586,2025-12-29,confirmado,277120.08,ERP RESERVA CONFIRMADA vendedor=MELLADO FACUNDO,false,false,erp,65825,MELLADO FACUNDO
65826,1438,2025-12-29,confirmado,77865.20,ERP RESERVA CONFIRMADA vendedor=MELLADO FACUNDO,false,false,erp,65826,MELLADO FACUNDO
65827,891,2025-12-29,facturado,493564.28,ERP VENTA vendedor=MELLADO FACUNDO,false,false,erp,65827,MELLADO FACUNDO
65828,1167,2025-12-29,facturado,43923.00,ERP VENTA vendedor=MELLADO FACUNDO,false,false,erp,65828,MELLADO FACUNDO
65829,963,2025-12-29,facturado,7382.34,ERP VENTA vendedor=MELLADO FACUNDO,false,false,erp,65829,MELLADO FACUNDO
65830,89,2025-12-29,confirmado,918437.93,ERP RESERVA CONFIRMADA vendedor=MELLADO FACUNDO,false,false,erp,65830,MELLADO FACUNDO
65831,591,2025-12-29,confirmado,361192.41,ERP RESERVA CONFIRMADA vendedor=MELLADO FACUNDO,false,false,erp,65831,MELLADO FACUNDO
65832,1232,2025-12-29,confirmado,118879.52,ERP RESERVA CONFIRMADA vendedor=MELLADO FACUNDO,false,false,erp,65832,MELLADO FACUNDO
65833,1241,2025-12-29,confirmado,154448.80,ERP RESERVA CONFIRMADA vendedor=MELLADO FACUNDO,false,false,erp,65833,MELLADO FACUNDO
65835,1137,2025-12-29,confirmado,483979.72,ERP RESERVA CONFIRMADA vendedor=MELLADO FACUNDO,false,false,erp,65835,MELLADO FACUNDO
65836,431,2025-12-29,confirmado,325555.35,ERP RESERVA CONFIRMADA vendedor=MELLADO FACUNDO,false,false,erp,65836,MELLADO FACUNDO
65838,437,2025-12-29,facturado,40511.00,ERP VENTA vendedor=MELLADO FACUNDO,false,false,erp,65838,MELLADO FACUNDO
65839,54,2025-12-29,confirmado,1682924.86,ERP RESERVA CONFIRMADA vendedor=MELLADO FACUNDO,false,false,erp,65839,MELLADO FACUNDO
65840,140,2025-12-29,confirmado,227707.32,ERP RESERVA CONFIRMADA vendedor=MELLADO FACUNDO,false,false,erp,65840,MELLADO FACUNDO
65841,630,2025-12-29,confirmado,184719.31,ERP RESERVA CONFIRMADA vendedor=MELLADO FACUNDO,false,false,erp,65841,MELLADO FACUNDO
65842,1326,2025-12-29,confirmado,193547.40,ERP RESERVA CONFIRMADA vendedor=MELLADO FACUNDO,false,false,erp,65842,MELLADO FACUNDO
65843,952,2025-12-29,confirmado,300320.80,ERP RESERVA CONFIRMADA vendedor=MELLADO FACUNDO,false,false,erp,65843,MELLADO FACUNDO
65844,354,2025-12-29,confirmado,114195.68,ERP RESERVA CONFIRMADA vendedor=MELLADO FACUNDO,false,false,erp,65844,MELLADO FACUNDO
65845,968,2025-12-29,confirmado,802676.57,ERP RESERVA CONFIRMADA vendedor=MELLADO FACUNDO,false,false,erp,65845,MELLADO FACUNDO
65846,35,2025-12-29,confirmado,1259013.77,ERP RESERVA CONFIRMADA vendedor=MELLADO FACUNDO,false,false,erp,65846,MELLADO FACUNDO
65847,1183,2025-12-29,facturado,98711.09,ERP VENTA vendedor=MELLADO FACUNDO,false,false,erp,65847,MELLADO FACUNDO
65848,1733,2025-12-29,facturado,90732.87,ERP VENTA vendedor=MELLADO FACUNDO,false,false,erp,65848,MELLADO FACUNDO
65802,1645,2025-12-27,facturado,59439.76,ERP VENTA vendedor=MELLADO FACUNDO,false,false,erp,65802,MELLADO FACUNDO
65803,35,2025-12-27,confirmado,402367.82,ERP RESERVA CONFIRMADA vendedor=MELLADO FACUNDO,false,false,erp,65803,MELLADO FACUNDO
65804,971,2025-12-27,facturado,425624.78,ERP VENTA vendedor=MELLADO FACUNDO,false,false,erp,65804,MELLADO FACUNDO
65805,161,2025-12-27,facturado,258832.22,ERP VENTA vendedor=MELLADO FACUNDO,false,false,erp,65805,MELLADO FACUNDO
65806,90,2025-12-27,facturado,51911.98,ERP VENTA vendedor=MELLADO FACUNDO,false,false,erp,65806,MELLADO FACUNDO
65807,1406,2025-12-27,facturado,51117.43,ERP VENTA vendedor=ALEGRIA ESTEBAN,false,false,erp,65807,ALEGRIA ESTEBAN
65808,1846,2025-12-27,facturado,50913.63,ERP VENTA vendedor=MELLADO FACUNDO,false,false,erp,65808,MELLADO FACUNDO
65809,159,2025-12-27,confirmado,154175.56,ERP RESERVA CONFIRMADA vendedor=MELLADO FACUNDO,false,false,erp,65809,MELLADO FACUNDO
65811,1326,2025-12-27,confirmado,1118534.64,ERP RESERVA CONFIRMADA vendedor=MELLADO FACUNDO,false,false,erp,65811,MELLADO FACUNDO
65812,1326,2025-12-27,confirmado,3430951.05,ERP RESERVA CONFIRMADA vendedor=MELLADO FACUNDO,false,false,erp,65812,MELLADO FACUNDO
65813,42,2025-12-27,facturado,47221.92,ERP VENTA vendedor=MELLADO FACUNDO,false,false,erp,65813,MELLADO FACUNDO
65814,1847,2025-12-27,facturado,381990.00,ERP VENTA vendedor=MELLADO FACUNDO,false,false,erp,65814,MELLADO FACUNDO
65815,1820,2025-12-27,confirmado,146892.43,ERP RESERVA CONFIRMADA vendedor=MELLADO FACUNDO,false,false,erp,65815,MELLADO FACUNDO
65792,996,2025-12-26,confirmado,545349.19,ERP RESERVA CONFIRMADA vendedor=MELLADO FACUNDO,false,false,erp,65792,MELLADO FACUNDO
65793,993,2025-12-26,confirmado,459144.12,ERP RESERVA CONFIRMADA vendedor=MELLADO FACUNDO,false,false,erp,65793,MELLADO FACUNDO
65794,1295,2025-12-26,confirmado,40898.16,ERP RESERVA CONFIRMADA vendedor=MELLADO FACUNDO,false,false,erp,65794,MELLADO FACUNDO
65795,428,2025-12-26,confirmado,665711.20,ERP RESERVA CONFIRMADA vendedor=MELLADO FACUNDO,false,false,erp,65795,MELLADO FACUNDO
65796,478,2025-12-26,facturado,418399.61,ERP VENTA vendedor=MELLADO FACUNDO,false,false,erp,65796,MELLADO FACUNDO
65797,963,2025-12-26,facturado,78875.75,ERP VENTA vendedor=MELLADO FACUNDO,false,false,erp,65797,MELLADO FACUNDO
65798,854,2025-12-26,facturado,49786.64,ERP VENTA vendedor=MELLADO FACUNDO,false,false,erp,65798,MELLADO FACUNDO
65799,207,2025-12-26,facturado,71811.80,ERP VENTA vendedor=MELLADO FACUNDO,false,false,erp,65799,MELLADO FACUNDO
65800,509,2025-12-26,facturado,100857.42,ERP VENTA vendedor=MELLADO FACUNDO,false,false,erp,65800,MELLADO FACUNDO
65801,633,2025-12-26,facturado,128459.23,ERP VENTA vendedor=MELLADO FACUNDO,false,false,erp,65801,MELLADO FACUNDO
65774,7,2025-12-24,confirmado,474036.39,ERP RESERVA CONFIRMADA vendedor=MELLADO FACUNDO,false,false,erp,65774,MELLADO FACUNDO
65775,36,2025-12-24,confirmado,1327063.95,ERP RESERVA CONFIRMADA vendedor=MELLADO FACUNDO,false,false,erp,65775,MELLADO FACUNDO
65777,1146,2025-12-24,confirmado,788386.92,ERP RESERVA CONFIRMADA vendedor=MELLADO FACUNDO,false,false,erp,65777,MELLADO FACUNDO
65778,90,2025-12-24,facturado,100629.64,ERP VENTA vendedor=MELLADO FACUNDO,false,false,erp,65778,MELLADO FACUNDO
65779,184,2025-12-24,confirmado,128070.90,ERP RESERVA CONFIRMADA vendedor=MELLADO FACUNDO,false,false,erp,65779,MELLADO FACUNDO
65780,1146,2025-12-24,confirmado,235187.72,ERP RESERVA CONFIRMADA vendedor=MELLADO FACUNDO,false,false,erp,65780,MELLADO FACUNDO
65781,152,2025-12-24,confirmado,124755.28,ERP RESERVA CONFIRMADA vendedor=MELLADO FACUNDO,false,false,erp,65781,MELLADO FACUNDO
65782,971,2025-12-24,facturado,210327.90,ERP VENTA vendedor=MELLADO FACUNDO,false,false,erp,65782,MELLADO FACUNDO
65783,428,2025-12-24,confirmado,697285.01,ERP RESERVA CONFIRMADA vendedor=MELLADO FACUNDO,false,false,erp,65783,MELLADO FACUNDO
65784,1120,2025-12-24,confirmado,419770.80,ERP RESERVA CONFIRMADA vendedor=MELLADO FACUNDO,false,false,erp,65784,MELLADO FACUNDO
65785,1320,2025-12-24,confirmado,106102.34,ERP RESERVA CONFIRMADA vendedor=MELLADO FACUNDO,false,false,erp,65785,MELLADO FACUNDO
65786,108,2025-12-24,confirmado,323644.89,ERP RESERVA CONFIRMADA vendedor=MELLADO FACUNDO,false,false,erp,65786,MELLADO FACUNDO
65788,140,2025-12-24,confirmado,475053.77,ERP RESERVA CONFIRMADA vendedor=MELLADO FACUNDO,false,false,erp,65788,MELLADO FACUNDO
65789,1778,2025-12-24,facturado,54671.35,ERP VENTA vendedor=MELLADO FACUNDO,false,false,erp,65789,MELLADO FACUNDO
65790,1146,2025-12-24,confirmado,874737.00,ERP RESERVA CONFIRMADA vendedor=MELLADO FACUNDO,false,false,erp,65790,MELLADO FACUNDO
65791,1194,2025-12-24,facturado,197374.51,ERP VENTA vendedor=MELLADO FACUNDO,false,false,erp,65791,MELLADO FACUNDO
65723,563,2025-12-23,confirmado,59439.76,ERP RESERVA CONFIRMADA vendedor=MELLADO FACUNDO,false,false,erp,65723,MELLADO FACUNDO
65725,1533,2025-12-23,confirmado,284517.32,ERP RESERVA CONFIRMADA vendedor=MELLADO FACUNDO,false,false,erp,65725,MELLADO FACUNDO
65726,1295,2025-12-23,confirmado,172902.34,ERP RESERVA CONFIRMADA vendedor=MELLADO FACUNDO,false,false,erp,65726,MELLADO FACUNDO
65737,1124,2025-12-23,confirmado,97507.85,ERP RESERVA CONFIRMADA vendedor=MELLADO FACUNDO,false,false,erp,65737,MELLADO FACUNDO
65742,254,2025-12-23,confirmado,238087.86,ERP RESERVA CONFIRMADA vendedor=MELLADO FACUNDO,false,false,erp,65742,MELLADO FACUNDO
65743,316,2025-12-23,facturado,162796.55,ERP VENTA vendedor=MELLADO FACUNDO,false,false,erp,65743,MELLADO FACUNDO
65744,46,2025-12-23,confirmado,114989.94,ERP RESERVA CONFIRMADA vendedor=MELLADO FACUNDO,false,false,erp,65744,MELLADO FACUNDO
65745,830,2025-12-23,confirmado,152165.48,ERP RESERVA CONFIRMADA vendedor=MELLADO FACUNDO,false,false,erp,65745,MELLADO FACUNDO
65746,184,2025-12-23,facturado,204474.00,ERP VENTA vendedor=MELLADO FACUNDO,false,false,erp,65746,MELLADO FACUNDO
65747,1845,2025-12-23,facturado,59439.76,ERP VENTA vendedor=MELLADO FACUNDO,false,false,erp,65747,MELLADO FACUNDO
65748,1732,2025-12-23,facturado,53015.34,ERP VENTA vendedor=MELLADO FACUNDO,false,false,erp,65748,MELLADO FACUNDO
65749,867,2025-12-23,facturado,59439.76,ERP VENTA vendedor=MELLADO FACUNDO,false,false,erp,65749,MELLADO FACUNDO
65750,976,2025-12-23,facturado,111461.92,ERP VENTA vendedor=PATRICIA CURLO,false,false,erp,65750,PATRICIA CURLO
65751,56,2025-12-23,confirmado,233780.53,ERP RESERVA CONFIRMADA vendedor=MELLADO FACUNDO,false,false,erp,65751,MELLADO FACUNDO
65752,38,2025-12-23,confirmado,153270.24,ERP RESERVA CONFIRMADA vendedor=MELLADO FACUNDO,false,false,erp,65752,MELLADO FACUNDO
65753,173,2025-12-23,confirmado,177534.03,ERP RESERVA CONFIRMADA vendedor=PATRICIA CURLO,false,false,erp,65753,PATRICIA CURLO
65754,971,2025-12-23,facturado,388579.54,ERP VENTA vendedor=MELLADO FACUNDO,false,false,erp,65754,MELLADO FACUNDO
65755,947,2025-12-23,confirmado,558613.00,ERP RESERVA CONFIRMADA vendedor=MELLADO FACUNDO,false,false,erp,65755,MELLADO FACUNDO
65756,1384,2025-12-23,confirmado,339841.90,ERP RESERVA CONFIRMADA vendedor=MELLADO FACUNDO,false,false,erp,65756,MELLADO FACUNDO
65757,957,2025-12-23,confirmado,125501.72,ERP RESERVA CONFIRMADA vendedor=MELLADO FACUNDO,false,false,erp,65757,MELLADO FACUNDO
65758,851,2025-12-23,confirmado,346601.34,ERP RESERVA CONFIRMADA vendedor=MELLADO FACUNDO,false,false,erp,65758,MELLADO FACUNDO
65759,1421,2025-12-23,facturado,215089.71,ERP VENTA vendedor=MELLADO FACUNDO,false,false,erp,65759,MELLADO FACUNDO
65760,1421,2025-12-23,facturado,96858.45,ERP VENTA vendedor=MELLADO FACUNDO,false,false,erp,65760,MELLADO FACUNDO
65761,16,2025-12-23,facturado,300733.21,ERP VENTA vendedor=MELLADO FACUNDO,false,false,erp,65761,MELLADO FACUNDO
65762,16,2025-12-23,facturado,253975.40,ERP VENTA vendedor=MELLADO FACUNDO,false,false,erp,65762,MELLADO FACUNDO
65763,1733,2025-12-23,facturado,86451.17,ERP VENTA vendedor=ARIAS MACARENA,false,false,erp,65763,ARIAS MACARENA
65764,161,2025-12-23,facturado,201460.19,ERP VENTA vendedor=MELLADO FACUNDO,false,false,erp,65764,MELLADO FACUNDO
65765,316,2025-12-23,facturado,47965.20,ERP VENTA vendedor=MELLADO FACUNDO,false,false,erp,65765,MELLADO FACUNDO
65766,1307,2025-12-23,confirmado,640476.60,ERP RESERVA CONFIRMADA vendedor=MELLADO FACUNDO,false,false,erp,65766,MELLADO FACUNDO
65768,1359,2025-12-23,confirmado,159843.77,ERP RESERVA CONFIRMADA vendedor=MELLADO FACUNDO,false,false,erp,65768,MELLADO FACUNDO
65769,478,2025-12-23,confirmado,464888.48,ERP RESERVA CONFIRMADA vendedor=MELLADO FACUNDO,false,false,erp,65769,MELLADO FACUNDO
65770,1159,2025-12-23,confirmado,204410.27,ERP RESERVA CONFIRMADA vendedor=MELLADO FACUNDO,false,false,erp,65770,MELLADO FACUNDO
65771,1519,2025-12-23,facturado,35645.66,ERP VENTA vendedor=MELLADO FACUNDO,false,false,erp,65771,MELLADO FACUNDO
65772,151,2025-12-23,confirmado,441854.35,ERP RESERVA CONFIRMADA vendedor=MELLADO FACUNDO,false,false,erp,65772,MELLADO FACUNDO
65773,780,2025-12-23,facturado,35645.66,ERP VENTA vendedor=MELLADO FACUNDO,false,false,erp,65773,MELLADO FACUNDO
65670,909,2025-12-22,confirmado,342853.00,ERP RESERVA CONFIRMADA vendedor=MELLADO FACUNDO,false,false,erp,65670,MELLADO FACUNDO
65672,909,2025-12-22,confirmado,102893.23,ERP RESERVA CONFIRMADA vendedor=MELLADO FACUNDO,false,false,erp,65672,MELLADO FACUNDO
65673,909,2025-12-22,confirmado,269061.71,ERP RESERVA CONFIRMADA vendedor=MELLADO FACUNDO,false,false,erp,65673,MELLADO FACUNDO
65674,1326,2025-12-22,confirmado,489869.26,ERP RESERVA CONFIRMADA vendedor=MELLADO FACUNDO,false,false,erp,65674,MELLADO FACUNDO
65675,35,2025-12-22,confirmado,698928.83,ERP RESERVA CONFIRMADA vendedor=MELLADO FACUNDO,false,false,erp,65675,MELLADO FACUNDO
65676,1049,2025-12-22,confirmado,154158.04,ERP RESERVA CONFIRMADA vendedor=MELLADO FACUNDO,false,false,erp,65676,MELLADO FACUNDO
65677,710,2025-12-22,confirmado,166383.55,ERP RESERVA CONFIRMADA vendedor=MELLADO FACUNDO,false,false,erp,65677,MELLADO FACUNDO
65678,710,2025-12-22,confirmado,46869.56,ERP RESERVA CONFIRMADA vendedor=MELLADO FACUNDO,false,false,erp,65678,MELLADO FACUNDO
65679,815,2025-12-22,confirmado,286016.95,ERP RESERVA CONFIRMADA vendedor=MELLADO FACUNDO,false,false,erp,65679,MELLADO FACUNDO
65680,1010,2025-12-22,confirmado,62143.89,ERP RESERVA CONFIRMADA vendedor=MELLADO FACUNDO,false,false,erp,65680,MELLADO FACUNDO
65682,1326,2025-12-22,confirmado,1291240.74,ERP RESERVA CONFIRMADA vendedor=MELLADO FACUNDO,false,false,erp,65682,MELLADO FACUNDO
65683,1326,2025-12-22,confirmado,2580040.04,ERP RESERVA CONFIRMADA vendedor=MELLADO FACUNDO,false,false,erp,65683,MELLADO FACUNDO
65684,650,2025-12-22,facturado,599907.85,ERP VENTA vendedor=MELLADO FACUNDO,false,false,erp,65684,MELLADO FACUNDO
65685,1586,2025-12-22,confirmado,668904.66,ERP RESERVA CONFIRMADA vendedor=MELLADO FACUNDO,false,false,erp,65685,MELLADO FACUNDO
65686,560,2025-12-22,confirmado,65142.63,ERP RESERVA CONFIRMADA vendedor=MELLADO FACUNDO,false,false,erp,65686,MELLADO FACUNDO
65687,1820,2025-12-22,confirmado,64169.35,ERP RESERVA CONFIRMADA vendedor=MELLADO FACUNDO,false,false,erp,65687,MELLADO FACUNDO
65688,1754,2025-12-22,facturado,154837.17,ERP VENTA vendedor=MELLADO FACUNDO,false,false,erp,65688,MELLADO FACUNDO
65689,804,2025-12-22,confirmado,155195.00,ERP RESERVA CONFIRMADA vendedor=MELLADO FACUNDO,false,false,erp,65689,MELLADO FACUNDO
65690,964,2025-12-22,facturado,126593.43,ERP VENTA vendedor=MELLADO FACUNDO,false,false,erp,65690,MELLADO FACUNDO
65691,1232,2025-12-22,facturado,89159.64,ERP VENTA vendedor=MELLADO FACUNDO,false,false,erp,65691,MELLADO FACUNDO
65692,1241,2025-12-22,confirmado,172069.69,ERP RESERVA CONFIRMADA vendedor=MELLADO FACUNDO,false,false,erp,65692,MELLADO FACUNDO
65693,963,2025-12-22,facturado,53974.75,ERP VENTA vendedor=MELLADO FACUNDO,false,false,erp,65693,MELLADO FACUNDO
65694,316,2025-12-22,facturado,212713.84,ERP VENTA vendedor=MELLADO FACUNDO,false,false,erp,65694,MELLADO FACUNDO
65695,316,2025-12-22,facturado,50128.26,ERP VENTA vendedor=MELLADO FACUNDO,false,false,erp,65695,MELLADO FACUNDO
65696,1762,2025-12-22,facturado,204478.29,ERP VENTA vendedor=MELLADO FACUNDO,false,false,erp,65696,MELLADO FACUNDO
65697,161,2025-12-22,confirmado,231767.22,ERP RESERVA CONFIRMADA vendedor=ALEGRIA ESTEBAN,false,false,erp,65697,ALEGRIA ESTEBAN
65698,1843,2025-12-22,facturado,57909.73,ERP VENTA vendedor=ALEGRIA ESTEBAN,false,false,erp,65698,ALEGRIA ESTEBAN
65699,1762,2025-12-22,facturado,18022.95,ERP VENTA vendedor=MELLADO FACUNDO,false,false,erp,65699,MELLADO FACUNDO
65700,15,2025-12-22,facturado,1056307.46,ERP VENTA vendedor=MELLADO FACUNDO,false,false,erp,65700,MELLADO FACUNDO
65701,35,2025-12-22,facturado,2065063.62,ERP VENTA vendedor=MELLADO FACUNDO,false,false,erp,65701,MELLADO FACUNDO
65702,1580,2025-12-22,facturado,390561.22,ERP VENTA vendedor=PATRICIA CURLO,false,false,erp,65702,PATRICIA CURLO
65703,15,2025-12-22,facturado,116224.34,ERP VENTA vendedor=MELLADO FACUNDO,false,false,erp,65703,MELLADO FACUNDO
65704,630,2025-12-22,confirmado,339649.05,ERP RESERVA CONFIRMADA vendedor=MELLADO FACUNDO,false,false,erp,65704,MELLADO FACUNDO
65705,1539,2025-12-22,facturado,334610.72,ERP VENTA vendedor=MELLADO FACUNDO,false,false,erp,65705,MELLADO FACUNDO
65706,611,2025-12-22,facturado,108162.47,ERP VENTA vendedor=MELLADO FACUNDO,false,false,erp,65706,MELLADO FACUNDO
65707,509,2025-12-22,confirmado,716384.02,ERP RESERVA CONFIRMADA vendedor=MELLADO FACUNDO,false,false,erp,65707,MELLADO FACUNDO
65708,178,2025-12-22,confirmado,554427.60,ERP RESERVA CONFIRMADA vendedor=MELLADO FACUNDO,false,false,erp,65708,MELLADO FACUNDO
65709,796,2025-12-22,confirmado,949571.46,ERP RESERVA CONFIRMADA vendedor=MELLADO FACUNDO,false,false,erp,65709,MELLADO FACUNDO
65710,90,2025-12-22,facturado,130349.52,ERP VENTA vendedor=MELLADO FACUNDO,false,false,erp,65710,MELLADO FACUNDO
65711,1320,2025-12-22,confirmado,61418.44,ERP RESERVA CONFIRMADA vendedor=PATRICIA CURLO,false,false,erp,65711,PATRICIA CURLO
65712,1774,2025-12-22,facturado,675118.79,ERP VENTA vendedor=ALEGRIA ESTEBAN,false,false,erp,65712,ALEGRIA ESTEBAN
65713,971,2025-12-22,facturado,343083.52,ERP VENTA vendedor=MELLADO FACUNDO,false,false,erp,65713,MELLADO FACUNDO
65714,1202,2025-12-22,facturado,118879.52,ERP VENTA vendedor=MELLADO FACUNDO,false,false,erp,65714,MELLADO FACUNDO
65715,1629,2025-12-22,confirmado,147508.42,ERP RESERVA CONFIRMADA vendedor=MELLADO FACUNDO,false,false,erp,65715,MELLADO FACUNDO
65716,1155,2025-12-22,confirmado,133064.52,ERP RESERVA CONFIRMADA vendedor=MELLADO FACUNDO,false,false,erp,65716,MELLADO FACUNDO
65717,1219,2025-12-22,confirmado,224881.50,ERP RESERVA CONFIRMADA vendedor=MELLADO FACUNDO,false,false,erp,65717,MELLADO FACUNDO
65718,1137,2025-12-22,confirmado,602740.85,ERP RESERVA CONFIRMADA vendedor=MELLADO FACUNDO,false,false,erp,65718,MELLADO FACUNDO
65720,354,2025-12-22,confirmado,226056.97,ERP RESERVA CONFIRMADA vendedor=MELLADO FACUNDO,false,false,erp,65720,MELLADO FACUNDO
65721,693,2025-12-22,facturado,39159.75,ERP VENTA vendedor=MELLADO FACUNDO,false,false,erp,65721,MELLADO FACUNDO
65722,872,2025-12-22,confirmado,461818.02,ERP RESERVA CONFIRMADA vendedor=MELLADO FACUNDO,false,false,erp,65722,MELLADO FACUNDO
65724,839,2025-12-22,confirmado,228716.64,ERP RESERVA CONFIRMADA vendedor=MELLADO FACUNDO,false,false,erp,65724,MELLADO FACUNDO
65727,1606,2025-12-22,facturado,116612.26,ERP VENTA vendedor=MELLADO FACUNDO,false,false,erp,65727,MELLADO FACUNDO
65729,780,2025-12-22,facturado,56590.74,ERP VENTA vendedor=MELLADO FACUNDO,false,false,erp,65729,MELLADO FACUNDO
65730,797,2025-12-22,facturado,497731.95,ERP VENTA vendedor=MELLADO FACUNDO,false,false,erp,65730,MELLADO FACUNDO
65731,42,2025-12-22,facturado,87755.60,ERP VENTA vendedor=MELLADO FACUNDO,false,false,erp,65731,MELLADO FACUNDO
65732,797,2025-12-22,facturado,52438.28,ERP VENTA vendedor=MELLADO FACUNDO,false,false,erp,65732,MELLADO FACUNDO
65733,235,2025-12-22,facturado,23140.77,ERP VENTA vendedor=PATRICIA CURLO,false,false,erp,65733,PATRICIA CURLO
65734,1844,2025-12-22,facturado,820810.79,ERP VENTA vendedor=ALEGRIA ESTEBAN,false,false,erp,65734,ALEGRIA ESTEBAN
65735,235,2025-12-22,facturado,53937.37,ERP VENTA vendedor=MELLADO FACUNDO,false,false,erp,65735,MELLADO FACUNDO
65736,700,2025-12-22,confirmado,124783.34,ERP RESERVA CONFIRMADA vendedor=MELLADO FACUNDO,false,false,erp,65736,MELLADO FACUNDO
65738,35,2025-12-22,confirmado,542509.77,ERP RESERVA CONFIRMADA vendedor=MELLADO FACUNDO,false,false,erp,65738,MELLADO FACUNDO
65739,56,2025-12-22,facturado,83742.23,ERP VENTA vendedor=MELLADO FACUNDO,false,false,erp,65739,MELLADO FACUNDO
65740,56,2025-12-22,facturado,18171.04,ERP VENTA vendedor=MELLADO FACUNDO,false,false,erp,65740,MELLADO FACUNDO
65741,817,2025-12-22,confirmado,218052.48,ERP RESERVA CONFIRMADA vendedor=PATRICIA CURLO,false,false,erp,65741,PATRICIA CURLO
65651,316,2025-12-20,facturado,277899.10,ERP VENTA vendedor=ALEGRIA ESTEBAN,false,false,erp,65651,ALEGRIA ESTEBAN
65652,902,2025-12-20,facturado,126221.91,ERP VENTA vendedor=ALEGRIA ESTEBAN,false,false,erp,65652,ALEGRIA ESTEBAN
65653,968,2025-12-20,facturado,184570.29,ERP VENTA vendedor=MELLADO FACUNDO,false,false,erp,65653,MELLADO FACUNDO
65654,1791,2025-12-20,facturado,175231.07,ERP VENTA vendedor=ALEGRIA ESTEBAN,false,false,erp,65654,ALEGRIA ESTEBAN
65655,971,2025-12-20,facturado,486608.59,ERP VENTA vendedor=MELLADO FACUNDO,false,false,erp,65655,MELLADO FACUNDO
65656,90,2025-12-20,facturado,57073.13,ERP VENTA vendedor=ALEGRIA ESTEBAN,false,false,erp,65656,ALEGRIA ESTEBAN
65657,1672,2025-12-20,facturado,177461.28,ERP VENTA vendedor=MELLADO FACUNDO,false,false,erp,65657,MELLADO FACUNDO
65658,645,2025-12-20,facturado,74203.36,ERP VENTA vendedor=MELLADO FACUNDO,false,false,erp,65658,MELLADO FACUNDO
65659,557,2025-12-20,facturado,38932.60,ERP VENTA vendedor=MELLADO FACUNDO,false,false,erp,65659,MELLADO FACUNDO
65660,557,2025-12-20,facturado,38932.60,ERP VENTA vendedor=MELLADO FACUNDO,false,false,erp,65660,MELLADO FACUNDO
65661,161,2025-12-20,facturado,174347.41,ERP VENTA vendedor=ALEGRIA ESTEBAN,false,false,erp,65661,ALEGRIA ESTEBAN
65662,455,2025-12-20,facturado,128828.74,ERP VENTA vendedor=MELLADO FACUNDO,false,false,erp,65662,MELLADO FACUNDO
65663,1794,2025-12-20,facturado,462947.16,ERP VENTA vendedor=MELLADO FACUNDO,false,false,erp,65663,MELLADO FACUNDO
65664,1462,2025-12-20,facturado,13350.91,ERP VENTA vendedor=PATRICIA CURLO,false,false,erp,65664,PATRICIA CURLO
65666,1414,2025-12-20,facturado,392208.78,ERP VENTA vendedor=MELLADO FACUNDO,false,false,erp,65666,MELLADO FACUNDO
65667,1199,2025-12-20,facturado,59508.94,ERP VENTA vendedor=ALEGRIA ESTEBAN,false,false,erp,65667,ALEGRIA ESTEBAN
65668,993,2025-12-20,confirmado,126960.00,ERP RESERVA CONFIRMADA vendedor=ALEGRIA ESTEBAN,false,false,erp,65668,ALEGRIA ESTEBAN
65669,419,2025-12-20,confirmado,276776.31,ERP RESERVA CONFIRMADA vendedor=ALEGRIA ESTEBAN,false,false,erp,65669,ALEGRIA ESTEBAN
65633,1733,2025-12-19,confirmado,106192.84,ERP RESERVA CONFIRMADA vendedor=MELLADO FACUNDO,false,false,erp,65633,MELLADO FACUNDO
65634,316,2025-12-19,confirmado,139973.24,ERP RESERVA CONFIRMADA vendedor=MELLADO FACUNDO,false,false,erp,65634,MELLADO FACUNDO
65635,993,2025-12-19,confirmado,578057.53,ERP RESERVA CONFIRMADA vendedor=MELLADO FACUNDO,false,false,erp,65635,MELLADO FACUNDO
65636,640,2025-12-19,facturado,358500.00,ERP VENTA vendedor=MELLADO FACUNDO,false,false,erp,65636,MELLADO FACUNDO
65637,1589,2025-12-19,facturado,49399.65,ERP VENTA vendedor=MELLADO FACUNDO,false,false,erp,65637,MELLADO FACUNDO
65638,1594,2025-12-19,facturado,100400.84,ERP VENTA vendedor=MELLADO FACUNDO,false,false,erp,65638,MELLADO FACUNDO
65639,1617,2025-12-19,facturado,47919.40,ERP VENTA vendedor=MELLADO FACUNDO,false,false,erp,65639,MELLADO FACUNDO
65640,87,2025-12-19,facturado,125744.48,ERP VENTA vendedor=MELLADO FACUNDO,false,false,erp,65640,MELLADO FACUNDO
65641,1842,2025-12-19,confirmado,82001.23,ERP RESERVA CONFIRMADA vendedor=MELLADO FACUNDO,false,false,erp,65641,MELLADO FACUNDO
65642,138,2025-12-19,facturado,179477.74,ERP VENTA vendedor=MELLADO FACUNDO,false,false,erp,65642,MELLADO FACUNDO
65643,1539,2025-12-19,facturado,213353.80,ERP VENTA vendedor=MELLADO FACUNDO,false,false,erp,65643,MELLADO FACUNDO
65644,38,2025-12-19,facturado,17308.52,ERP VENTA vendedor=ARIAS MACARENA,false,false,erp,65644,ARIAS MACARENA
65645,316,2025-12-19,facturado,44496.57,ERP VENTA vendedor=MELLADO FACUNDO,false,false,erp,65645,MELLADO FACUNDO
65646,1789,2025-12-19,facturado,104764.50,ERP VENTA vendedor=MELLADO FACUNDO,false,false,erp,65646,MELLADO FACUNDO
65647,431,2025-12-19,facturado,48030.77,ERP VENTA vendedor=MELLADO FACUNDO,false,false,erp,65647,MELLADO FACUNDO
65648,75,2025-12-19,facturado,240674.03,ERP VENTA vendedor=MELLADO FACUNDO,false,false,erp,65648,MELLADO FACUNDO
65649,1778,2025-12-19,facturado,55596.13,ERP VENTA vendedor=MELLADO FACUNDO,false,false,erp,65649,MELLADO FACUNDO
65650,1840,2025-12-19,facturado,64813.49,ERP VENTA vendedor=MELLADO FACUNDO,false,false,erp,65650,MELLADO FACUNDO
65514,961,2025-12-18,confirmado,219509.62,ERP RESERVA CONFIRMADA vendedor=MELLADO FACUNDO,false,false,erp,65514,MELLADO FACUNDO
65562,607,2025-12-18,confirmado,121533.10,ERP RESERVA CONFIRMADA vendedor=MELLADO FACUNDO,false,false,erp,65562,MELLADO FACUNDO
65576,1512,2025-12-18,confirmado,1149626.50,ERP RESERVA CONFIRMADA vendedor=MELLADO FACUNDO,false,false,erp,65576,MELLADO FACUNDO
65579,997,2025-12-18,confirmado,144504.46,ERP RESERVA CONFIRMADA vendedor=MELLADO FACUNDO,false,false,erp,65579,MELLADO FACUNDO
65581,35,2025-12-18,confirmado,327895.66,ERP RESERVA CONFIRMADA vendedor=MELLADO FACUNDO,false,false,erp,65581,MELLADO FACUNDO
65582,957,2025-12-18,confirmado,112516.68,ERP RESERVA CONFIRMADA vendedor=MELLADO FACUNDO,false,false,erp,65582,MELLADO FACUNDO
65583,1438,2025-12-18,confirmado,147581.28,ERP RESERVA CONFIRMADA vendedor=MELLADO FACUNDO,false,false,erp,65583,MELLADO FACUNDO
65589,1320,2025-12-18,confirmado,103464.42,ERP RESERVA CONFIRMADA vendedor=MELLADO FACUNDO,false,false,erp,65589,MELLADO FACUNDO
65594,140,2025-12-18,confirmado,415186.34,ERP RESERVA CONFIRMADA vendedor=MELLADO FACUNDO,false,false,erp,65594,MELLADO FACUNDO
65600,1651,2025-12-18,confirmado,798037.16,ERP RESERVA CONFIRMADA vendedor=MELLADO FACUNDO,false,false,erp,65600,MELLADO FACUNDO
65606,1652,2025-12-18,confirmado,103960.09,ERP RESERVA CONFIRMADA vendedor=MELLADO FACUNDO,false,false,erp,65606,MELLADO FACUNDO
65608,38,2025-12-18,confirmado,241018.61,ERP RESERVA CONFIRMADA vendedor=MELLADO FACUNDO,false,false,erp,65608,MELLADO FACUNDO
65610,1757,2025-12-18,confirmado,583273.41,ERP RESERVA CONFIRMADA vendedor=MELLADO FACUNDO,false,false,erp,65610,MELLADO FACUNDO
65611,1146,2025-12-18,confirmado,621077.29,ERP RESERVA CONFIRMADA vendedor=MELLADO FACUNDO,false,false,erp,65611,MELLADO FACUNDO
65612,31,2025-12-18,confirmado,152372.50,ERP RESERVA CONFIRMADA vendedor=MELLADO FACUNDO,false,false,erp,65612,MELLADO FACUNDO
65613,7,2025-12-18,confirmado,402156.98,ERP RESERVA CONFIRMADA vendedor=MELLADO FACUNDO,false,false,erp,65613,MELLADO FACUNDO
65614,499,2025-12-18,confirmado,106878.10,ERP RESERVA CONFIRMADA vendedor=MELLADO FACUNDO,false,false,erp,65614,MELLADO FACUNDO
65615,1801,2025-12-18,facturado,188033.16,ERP VENTA vendedor=MELLADO FACUNDO,false,false,erp,65615,MELLADO FACUNDO
65616,1829,2025-12-18,confirmado,106668.56,ERP RESERVA CONFIRMADA vendedor=MELLADO FACUNDO,false,false,erp,65616,MELLADO FACUNDO
65617,1519,2025-12-18,facturado,76048.55,ERP VENTA vendedor=MELLADO FACUNDO,false,false,erp,65617,MELLADO FACUNDO
65618,1044,2025-12-18,facturado,102240.35,ERP VENTA vendedor=MELLADO FACUNDO,false,false,erp,65618,MELLADO FACUNDO
65619,1754,2025-12-18,facturado,242500.92,ERP VENTA vendedor=MELLADO FACUNDO,false,false,erp,65619,MELLADO FACUNDO
65620,15,2025-12-18,confirmado,448343.07,ERP RESERVA CONFIRMADA vendedor=MELLADO FACUNDO,false,false,erp,65620,MELLADO FACUNDO
65622,996,2025-12-18,confirmado,545349.19,ERP RESERVA CONFIRMADA vendedor=MELLADO FACUNDO,false,false,erp,65622,MELLADO FACUNDO
65623,173,2025-12-18,confirmado,115760.73,ERP RESERVA CONFIRMADA vendedor=MELLADO FACUNDO,false,false,erp,65623,MELLADO FACUNDO
65624,35,2025-12-18,confirmado,104107.92,ERP RESERVA CONFIRMADA vendedor=MELLADO FACUNDO,false,false,erp,65624,MELLADO FACUNDO
65625,857,2025-12-18,facturado,250679.26,ERP VENTA vendedor=MELLADO FACUNDO,false,false,erp,65625,MELLADO FACUNDO
65626,1841,2025-12-18,facturado,65959.82,ERP VENTA vendedor=MELLADO FACUNDO,false,false,erp,65626,MELLADO FACUNDO
65627,799,2025-12-18,facturado,512311.35,ERP VENTA vendedor=MELLADO FACUNDO,false,false,erp,65627,MELLADO FACUNDO
65628,1031,2025-12-18,facturado,268755.84,ERP VENTA vendedor=MELLADO FACUNDO,false,false,erp,65628,MELLADO FACUNDO
65629,428,2025-12-18,confirmado,653044.29,ERP RESERVA CONFIRMADA vendedor=MELLADO FACUNDO,false,false,erp,65629,MELLADO FACUNDO
65630,787,2025-12-18,confirmado,186582.59,ERP RESERVA CONFIRMADA vendedor=PATRICIA CURLO,false,false,erp,65630,PATRICIA CURLO
65631,867,2025-12-18,facturado,27862.39,ERP VENTA vendedor=MELLADO FACUNDO,false,false,erp,65631,MELLADO FACUNDO
65632,867,2025-12-18,facturado,31923.01,ERP VENTA vendedor=MELLADO FACUNDO,false,false,erp,65632,MELLADO FACUNDO
65468,747,2025-12-17,confirmado,300020.00,ERP RESERVA CONFIRMADA vendedor=MELLADO FACUNDO,false,false,erp,65468,MELLADO FACUNDO
65561,1567,2025-12-17,confirmado,272862.23,ERP RESERVA CONFIRMADA vendedor=MELLADO FACUNDO,false,false,erp,65561,MELLADO FACUNDO
65565,990,2025-12-17,confirmado,124318.80,ERP RESERVA CONFIRMADA vendedor=MELLADO FACUNDO,false,false,erp,65565,MELLADO FACUNDO
65569,129,2025-12-17,confirmado,236787.18,ERP RESERVA CONFIRMADA vendedor=MELLADO FACUNDO,false,false,erp,65569,MELLADO FACUNDO
65575,1342,2025-12-17,confirmado,252973.22,ERP RESERVA CONFIRMADA vendedor=MELLADO FACUNDO,false,false,erp,65575,MELLADO FACUNDO
65578,1194,2025-12-17,confirmado,100352.92,ERP RESERVA CONFIRMADA vendedor=MELLADO FACUNDO,false,false,erp,65578,MELLADO FACUNDO
65580,797,2025-12-17,confirmado,183923.04,ERP RESERVA CONFIRMADA vendedor=MELLADO FACUNDO,false,false,erp,65580,MELLADO FACUNDO
65584,849,2025-12-17,confirmado,120748.40,ERP RESERVA CONFIRMADA vendedor=MELLADO FACUNDO,false,false,erp,65584,MELLADO FACUNDO
65585,1840,2025-12-17,facturado,51368.74,ERP VENTA vendedor=MELLADO FACUNDO,false,false,erp,65585,MELLADO FACUNDO
65587,74,2025-12-17,confirmado,108039.70,ERP RESERVA CONFIRMADA vendedor=MELLADO FACUNDO,false,false,erp,65587,MELLADO FACUNDO
65588,1421,2025-12-17,confirmado,291877.10,ERP RESERVA CONFIRMADA vendedor=MELLADO FACUNDO,false,false,erp,65588,MELLADO FACUNDO
65590,1264,2025-12-17,confirmado,299570.83,ERP RESERVA CONFIRMADA vendedor=MELLADO FACUNDO,false,false,erp,65590,MELLADO FACUNDO
65591,31,2025-12-17,confirmado,1295546.04,ERP RESERVA CONFIRMADA vendedor=MELLADO FACUNDO,false,false,erp,65591,MELLADO FACUNDO
65592,45,2025-12-17,confirmado,222206.64,ERP RESERVA CONFIRMADA vendedor=MELLADO FACUNDO,false,false,erp,65592,MELLADO FACUNDO
65593,20,2025-12-17,confirmado,169568.05,ERP RESERVA CONFIRMADA vendedor=MELLADO FACUNDO,false,false,erp,65593,MELLADO FACUNDO
65595,695,2025-12-17,facturado,87751.98,ERP VENTA vendedor=MELLADO FACUNDO,false,false,erp,65595,MELLADO FACUNDO
65596,1307,2025-12-17,facturado,46978.96,ERP VENTA vendedor=MELLADO FACUNDO,false,false,erp,65596,MELLADO FACUNDO
65597,6,2025-12-17,confirmado,3193688.82,ERP RESERVA CONFIRMADA vendedor=MELLADO FACUNDO,false,false,erp,65597,MELLADO FACUNDO
65598,35,2025-12-17,facturado,1295061.00,ERP VENTA vendedor=ALEGRIA ESTEBAN,false,false,erp,65598,ALEGRIA ESTEBAN
65599,1794,2025-12-17,confirmado,289684.17,ERP RESERVA CONFIRMADA vendedor=MELLADO FACUNDO,false,false,erp,65599,MELLADO FACUNDO
65602,125,2025-12-17,confirmado,277007.88,ERP RESERVA CONFIRMADA vendedor=MELLADO FACUNDO,false,false,erp,65602,MELLADO FACUNDO
65603,125,2025-12-17,confirmado,184675.93,ERP RESERVA CONFIRMADA vendedor=MELLADO FACUNDO,false,false,erp,65603,MELLADO FACUNDO
65604,1609,2025-12-17,facturado,143104.60,ERP VENTA vendedor=MELLADO FACUNDO,false,false,erp,65604,MELLADO FACUNDO
65605,131,2025-12-17,confirmado,563147.05,ERP RESERVA CONFIRMADA vendedor=MELLADO FACUNDO,false,false,erp,65605,MELLADO FACUNDO
65607,1519,2025-12-17,confirmado,195960.63,ERP RESERVA CONFIRMADA vendedor=MELLADO FACUNDO,false,false,erp,65607,MELLADO FACUNDO
65609,632,2025-12-17,confirmado,110351.16,ERP RESERVA CONFIRMADA vendedor=MELLADO FACUNDO,false,false,erp,65609,MELLADO FACUNDO
65490,1837,2025-12-16,confirmado,108260.56,ERP RESERVA CONFIRMADA vendedor=MELLADO FACUNDO,false,false,erp,65490,MELLADO FACUNDO
65516,962,2025-12-16,confirmado,105061.90,ERP RESERVA CONFIRMADA vendedor=MELLADO FACUNDO,false,false,erp,65516,MELLADO FACUNDO
65517,1307,2025-12-16,confirmado,515037.47,ERP RESERVA CONFIRMADA vendedor=MELLADO FACUNDO,false,false,erp,65517,MELLADO FACUNDO
65520,39,2025-12-16,confirmado,155041.50,ERP RESERVA CONFIRMADA vendedor=MELLADO FACUNDO,false,false,erp,65520,MELLADO FACUNDO
65523,1359,2025-12-16,confirmado,70354.84,ERP RESERVA CONFIRMADA vendedor=MELLADO FACUNDO,false,false,erp,65523,MELLADO FACUNDO
65535,1596,2025-12-16,confirmado,106335.94,ERP RESERVA CONFIRMADA vendedor=MELLADO FACUNDO,false,false,erp,65535,MELLADO FACUNDO
65536,148,2025-12-16,confirmado,142958.29,ERP RESERVA CONFIRMADA vendedor=MELLADO FACUNDO,false,false,erp,65536,MELLADO FACUNDO
65543,1384,2025-12-16,confirmado,645653.57,ERP RESERVA CONFIRMADA vendedor=MELLADO FACUNDO,false,false,erp,65543,MELLADO FACUNDO
65545,35,2025-12-16,confirmado,1643360.65,ERP RESERVA CONFIRMADA vendedor=MELLADO FACUNDO,false,false,erp,65545,MELLADO FACUNDO
65546,839,2025-12-16,confirmado,217220.18,ERP RESERVA CONFIRMADA vendedor=MELLADO FACUNDO,false,false,erp,65546,MELLADO FACUNDO
65547,36,2025-12-16,confirmado,174088.85,ERP RESERVA CONFIRMADA vendedor=MELLADO FACUNDO,false,false,erp,65547,MELLADO FACUNDO
65548,89,2025-12-16,confirmado,1084054.65,ERP RESERVA CONFIRMADA vendedor=MELLADO FACUNDO,false,false,erp,65548,MELLADO FACUNDO
65549,1159,2025-12-16,confirmado,118334.94,ERP RESERVA CONFIRMADA vendedor=MELLADO FACUNDO,false,false,erp,65549,MELLADO FACUNDO
65550,184,2025-12-16,confirmado,426296.10,ERP RESERVA CONFIRMADA vendedor=MELLADO FACUNDO,false,false,erp,65550,MELLADO FACUNDO
65551,316,2025-12-16,facturado,148131.52,ERP VENTA vendedor=MELLADO FACUNDO,false,false,erp,65551,MELLADO FACUNDO
65552,1755,2025-12-16,facturado,63782.06,ERP VENTA vendedor=MELLADO FACUNDO,false,false,erp,65552,MELLADO FACUNDO
65553,1058,2025-12-16,facturado,70294.99,ERP VENTA vendedor=MELLADO FACUNDO,false,false,erp,65553,MELLADO FACUNDO
65554,1722,2025-12-16,facturado,61161.90,ERP VENTA vendedor=ARIAS MACARENA,false,false,erp,65554,ARIAS MACARENA
65555,971,2025-12-16,facturado,958970.00,ERP VENTA vendedor=MELLADO FACUNDO,false,false,erp,65555,MELLADO FACUNDO
65556,778,2025-12-16,facturado,129667.20,ERP VENTA vendedor=MELLADO FACUNDO,false,false,erp,65556,MELLADO FACUNDO
65557,1838,2025-12-16,confirmado,259353.48,ERP RESERVA CONFIRMADA vendedor=MELLADO FACUNDO,false,false,erp,65557,MELLADO FACUNDO
65558,1382,2025-12-16,confirmado,102138.35,ERP RESERVA CONFIRMADA vendedor=MELLADO FACUNDO,false,false,erp,65558,MELLADO FACUNDO
65559,108,2025-12-16,confirmado,107382.04,ERP RESERVA CONFIRMADA vendedor=MELLADO FACUNDO,false,false,erp,65559,MELLADO FACUNDO
65560,161,2025-12-16,facturado,174008.47,ERP VENTA vendedor=MELLADO FACUNDO,false,false,erp,65560,MELLADO FACUNDO
65563,152,2025-12-16,confirmado,77436.57,ERP RESERVA CONFIRMADA vendedor=MELLADO FACUNDO,false,false,erp,65563,MELLADO FACUNDO
65564,151,2025-12-16,confirmado,548528.66,ERP RESERVA CONFIRMADA vendedor=MELLADO FACUNDO,false,false,erp,65564,MELLADO FACUNDO
65566,563,2025-12-16,confirmado,50817.79,ERP RESERVA CONFIRMADA vendedor=MELLADO FACUNDO,false,false,erp,65566,MELLADO FACUNDO
65567,947,2025-12-16,confirmado,400065.81,ERP RESERVA CONFIRMADA vendedor=MELLADO FACUNDO,false,false,erp,65567,MELLADO FACUNDO
65568,905,2025-12-16,confirmado,103053.32,ERP RESERVA CONFIRMADA vendedor=MELLADO FACUNDO,false,false,erp,65568,MELLADO FACUNDO
65570,398,2025-12-16,facturado,46466.72,ERP VENTA vendedor=MELLADO FACUNDO,false,false,erp,65570,MELLADO FACUNDO
65571,90,2025-12-16,facturado,111449.56,ERP VENTA vendedor=ALEGRIA ESTEBAN,false,false,erp,65571,ALEGRIA ESTEBAN
65572,1049,2025-12-16,facturado,55561.20,ERP VENTA vendedor=ALEGRIA ESTEBAN,false,false,erp,65572,ALEGRIA ESTEBAN
65573,1234,2025-12-16,confirmado,105328.60,ERP RESERVA CONFIRMADA vendedor=MELLADO FACUNDO,false,false,erp,65573,MELLADO FACUNDO
65577,1462,2025-12-16,facturado,13350.91,ERP VENTA vendedor=PATRICIA CURLO,false,false,erp,65577,PATRICIA CURLO
65445,1750,2025-12-15,confirmado,699539.82,ERP RESERVA CONFIRMADA vendedor=PATRICIA CURLO,false,false,erp,65445,PATRICIA CURLO
65501,35,2025-12-15,confirmado,381402.10,ERP RESERVA CONFIRMADA vendedor=MELLADO FACUNDO,false,false,erp,65501,MELLADO FACUNDO
65502,909,2025-12-15,confirmado,186001.50,ERP RESERVA CONFIRMADA vendedor=MELLADO FACUNDO,false,false,erp,65502,MELLADO FACUNDO
65503,909,2025-12-15,confirmado,124895.26,ERP RESERVA CONFIRMADA vendedor=MELLADO FACUNDO,false,false,erp,65503,MELLADO FACUNDO
65504,909,2025-12-15,confirmado,102928.88,ERP RESERVA CONFIRMADA vendedor=MELLADO FACUNDO,false,false,erp,65504,MELLADO FACUNDO
65505,710,2025-12-15,confirmado,145968.40,ERP RESERVA CONFIRMADA vendedor=MELLADO FACUNDO,false,false,erp,65505,MELLADO FACUNDO
65506,710,2025-12-15,confirmado,55991.84,ERP RESERVA CONFIRMADA vendedor=MELLADO FACUNDO,false,false,erp,65506,MELLADO FACUNDO
65507,815,2025-12-15,confirmado,311225.67,ERP RESERVA CONFIRMADA vendedor=MELLADO FACUNDO,false,false,erp,65507,MELLADO FACUNDO
65508,1326,2025-12-15,confirmado,105522.99,ERP RESERVA CONFIRMADA vendedor=MELLADO FACUNDO,false,false,erp,65508,MELLADO FACUNDO
65509,1414,2025-12-15,facturado,135973.43,ERP VENTA vendedor=MELLADO FACUNDO,false,false,erp,65509,MELLADO FACUNDO
65510,1039,2025-12-15,facturado,300482.58,ERP VENTA vendedor=MELLADO FACUNDO,false,false,erp,65510,MELLADO FACUNDO
65511,1586,2025-12-15,facturado,473371.79,ERP VENTA vendedor=MELLADO FACUNDO,false,false,erp,65511,MELLADO FACUNDO
65512,1586,2025-12-15,confirmado,214829.33,ERP RESERVA CONFIRMADA vendedor=MELLADO FACUNDO,false,false,erp,65512,MELLADO FACUNDO
65513,630,2025-12-15,confirmado,357081.86,ERP RESERVA CONFIRMADA vendedor=MELLADO FACUNDO,false,false,erp,65513,MELLADO FACUNDO
65515,1137,2025-12-15,confirmado,450995.82,ERP RESERVA CONFIRMADA vendedor=MELLADO FACUNDO,false,false,erp,65515,MELLADO FACUNDO
65518,891,2025-12-15,facturado,425000.37,ERP VENTA vendedor=MELLADO FACUNDO,false,false,erp,65518,MELLADO FACUNDO
65519,851,2025-12-15,confirmado,152372.81,ERP RESERVA CONFIRMADA vendedor=MELLADO FACUNDO,false,false,erp,65519,MELLADO FACUNDO
65524,35,2025-12-15,facturado,431687.00,ERP VENTA vendedor=MELLADO FACUNDO,false,false,erp,65524,MELLADO FACUNDO
65525,1202,2025-12-15,facturado,55724.78,ERP VENTA vendedor=MELLADO FACUNDO,false,false,erp,65525,MELLADO FACUNDO
65526,509,2025-12-15,facturado,271844.37,ERP VENTA vendedor=MELLADO FACUNDO,false,false,erp,65526,MELLADO FACUNDO
65527,574,2025-12-15,confirmado,80788.00,ERP RESERVA CONFIRMADA vendedor=MELLADO FACUNDO,false,false,erp,65527,MELLADO FACUNDO
65528,1241,2025-12-15,confirmado,112742.09,ERP RESERVA CONFIRMADA vendedor=MELLADO FACUNDO,false,false,erp,65528,MELLADO FACUNDO
65531,235,2025-12-15,facturado,59164.16,ERP VENTA vendedor=MELLADO FACUNDO,false,false,erp,65531,MELLADO FACUNDO
65532,824,2025-12-15,confirmado,1399758.09,ERP RESERVA CONFIRMADA vendedor=MELLADO FACUNDO,false,false,erp,65532,MELLADO FACUNDO
65533,952,2025-12-15,confirmado,207899.56,ERP RESERVA CONFIRMADA vendedor=MELLADO FACUNDO,false,false,erp,65533,MELLADO FACUNDO
65534,1693,2025-12-15,confirmado,50204.83,ERP RESERVA CONFIRMADA vendedor=MELLADO FACUNDO,false,false,erp,65534,MELLADO FACUNDO
65537,796,2025-12-15,confirmado,1475863.67,ERP RESERVA CONFIRMADA vendedor=MELLADO FACUNDO,false,false,erp,65537,MELLADO FACUNDO
65538,666,2025-12-15,confirmado,146774.22,ERP RESERVA CONFIRMADA vendedor=MELLADO FACUNDO,false,false,erp,65538,MELLADO FACUNDO
65541,419,2025-12-15,confirmado,387630.08,ERP RESERVA CONFIRMADA vendedor=MELLADO FACUNDO,false,false,erp,65541,MELLADO FACUNDO
65542,700,2025-12-15,confirmado,98629.71,ERP RESERVA CONFIRMADA vendedor=MELLADO FACUNDO,false,false,erp,65542,MELLADO FACUNDO
65489,173,2025-12-13,confirmado,184686.59,ERP RESERVA CONFIRMADA vendedor=MELLADO FACUNDO,false,false,erp,65489,MELLADO FACUNDO
65491,90,2025-12-13,facturado,55724.78,ERP VENTA vendedor=MELLADO FACUNDO,false,false,erp,65491,MELLADO FACUNDO
65492,737,2025-12-13,facturado,78155.17,ERP VENTA vendedor=MELLADO FACUNDO,false,false,erp,65492,MELLADO FACUNDO
65493,1832,2025-12-13,facturado,104037.79,ERP VENTA vendedor=MELLADO FACUNDO,false,false,erp,65493,MELLADO FACUNDO
65494,867,2025-12-13,facturado,55724.78,ERP VENTA vendedor=MELLADO FACUNDO,false,false,erp,65494,MELLADO FACUNDO
65495,986,2025-12-13,facturado,121500.96,ERP VENTA vendedor=MELLADO FACUNDO,false,false,erp,65495,MELLADO FACUNDO
65496,787,2025-12-13,confirmado,171164.34,ERP RESERVA CONFIRMADA vendedor=MELLADO FACUNDO,false,false,erp,65496,MELLADO FACUNDO
65497,42,2025-12-13,facturado,177975.59,ERP VENTA vendedor=MELLADO FACUNDO,false,false,erp,65497,MELLADO FACUNDO
65498,1326,2025-12-13,confirmado,1822795.19,ERP RESERVA CONFIRMADA vendedor=MELLADO FACUNDO,false,false,erp,65498,MELLADO FACUNDO
65499,1326,2025-12-13,confirmado,1585852.83,ERP RESERVA CONFIRMADA vendedor=MELLADO FACUNDO,false,false,erp,65499,MELLADO FACUNDO
65500,1820,2025-12-13,confirmado,65183.96,ERP RESERVA CONFIRMADA vendedor=MELLADO FACUNDO,false,false,erp,65500,MELLADO FACUNDO
65474,996,2025-12-12,confirmado,476520.86,ERP RESERVA CONFIRMADA vendedor=ALEGRIA ESTEBAN,false,false,erp,65474,ALEGRIA ESTEBAN
65475,15,2025-12-12,confirmado,665193.36,ERP RESERVA CONFIRMADA vendedor=ALEGRIA ESTEBAN,false,false,erp,65475,ALEGRIA ESTEBAN
65476,963,2025-12-12,facturado,51521.38,ERP VENTA vendedor=ALEGRIA ESTEBAN,false,false,erp,65476,ALEGRIA ESTEBAN
65477,898,2025-12-12,facturado,74325.88,ERP VENTA vendedor=ALEGRIA ESTEBAN,false,false,erp,65477,ALEGRIA ESTEBAN
65478,898,2025-12-12,facturado,147581.28,ERP VENTA vendedor=ALEGRIA ESTEBAN,false,false,erp,65478,ALEGRIA ESTEBAN
65479,1084,2025-12-12,facturado,192881.70,ERP VENTA vendedor=ALEGRIA ESTEBAN,false,false,erp,65479,ALEGRIA ESTEBAN
65480,532,2025-12-12,facturado,56209.32,ERP VENTA vendedor=ARIAS MACARENA,false,false,erp,65480,ARIAS MACARENA
65481,891,2025-12-12,confirmado,54172.32,ERP RESERVA CONFIRMADA vendedor=ALEGRIA ESTEBAN,false,false,erp,65481,ALEGRIA ESTEBAN
65482,1414,2025-12-12,facturado,172803.93,ERP VENTA vendedor=ALEGRIA ESTEBAN,false,false,erp,65482,ALEGRIA ESTEBAN
65483,1642,2025-12-12,facturado,52983.82,ERP VENTA vendedor=ARIAS MACARENA,false,false,erp,65483,ARIAS MACARENA
65484,968,2025-12-12,facturado,797232.59,ERP VENTA vendedor=ALEGRIA ESTEBAN,false,false,erp,65484,ALEGRIA ESTEBAN
65485,207,2025-12-12,facturado,76230.00,ERP VENTA vendedor=ALEGRIA ESTEBAN,false,false,erp,65485,ALEGRIA ESTEBAN
65486,207,2025-12-12,facturado,17320.56,ERP VENTA vendedor=ALEGRIA ESTEBAN,false,false,erp,65486,ALEGRIA ESTEBAN
65487,509,2025-12-12,facturado,456684.34,ERP VENTA vendedor=ALEGRIA ESTEBAN,false,false,erp,65487,ALEGRIA ESTEBAN
65488,968,2025-12-12,facturado,11737.42,ERP VENTA vendedor=ALEGRIA ESTEBAN,false,false,erp,65488,ALEGRIA ESTEBAN
65426,1757,2025-12-11,confirmado,190860.74,ERP RESERVA CONFIRMADA vendedor=PATRICIA CURLO,false,false,erp,65426,PATRICIA CURLO
65446,1733,2025-12-11,confirmado,221059.01,ERP RESERVA CONFIRMADA vendedor=PATRICIA CURLO,false,false,erp,65446,PATRICIA CURLO
65447,200,2025-12-11,confirmado,265601.70,ERP RESERVA CONFIRMADA vendedor=PATRICIA CURLO,false,false,erp,65447,PATRICIA CURLO
65448,1728,2025-12-11,confirmado,628038.34,ERP RESERVA CONFIRMADA vendedor=PATRICIA CURLO,false,false,erp,65448,PATRICIA CURLO
65451,1651,2025-12-11,confirmado,379957.68,ERP RESERVA CONFIRMADA vendedor=PATRICIA CURLO,false,false,erp,65451,PATRICIA CURLO
65452,74,2025-12-11,confirmado,103998.24,ERP RESERVA CONFIRMADA vendedor=ALEGRIA ESTEBAN,false,false,erp,65452,ALEGRIA ESTEBAN
65453,45,2025-12-11,confirmado,471029.70,ERP RESERVA CONFIRMADA vendedor=ALEGRIA ESTEBAN,false,false,erp,65453,ALEGRIA ESTEBAN
65454,1146,2025-12-11,confirmado,841632.34,ERP RESERVA CONFIRMADA vendedor=MELLADO FACUNDO,false,false,erp,65454,MELLADO FACUNDO
65455,35,2025-12-11,confirmado,626507.57,ERP RESERVA CONFIRMADA vendedor=MELLADO FACUNDO,false,false,erp,65455,MELLADO FACUNDO
65456,7,2025-12-11,confirmado,432327.58,ERP RESERVA CONFIRMADA vendedor=MELLADO FACUNDO,false,false,erp,65456,MELLADO FACUNDO
65457,1834,2025-12-11,facturado,289643.21,ERP VENTA vendedor=ALEGRIA ESTEBAN,false,false,erp,65457,ALEGRIA ESTEBAN
65458,38,2025-12-11,confirmado,176238.73,ERP RESERVA CONFIRMADA vendedor=MELLADO FACUNDO,false,false,erp,65458,MELLADO FACUNDO
65459,161,2025-12-11,facturado,186136.73,ERP VENTA vendedor=ALEGRIA ESTEBAN,false,false,erp,65459,ALEGRIA ESTEBAN
65460,971,2025-12-11,facturado,93949.52,ERP VENTA vendedor=ALEGRIA ESTEBAN,false,false,erp,65460,ALEGRIA ESTEBAN
65461,971,2025-12-11,facturado,447901.31,ERP VENTA vendedor=ALEGRIA ESTEBAN,false,false,erp,65461,ALEGRIA ESTEBAN
65462,1320,2025-12-11,confirmado,99967.76,ERP RESERVA CONFIRMADA vendedor=MELLADO FACUNDO,false,false,erp,65462,MELLADO FACUNDO
65463,1120,2025-12-11,confirmado,184832.28,ERP RESERVA CONFIRMADA vendedor=MELLADO FACUNDO,false,false,erp,65463,MELLADO FACUNDO
65464,316,2025-12-11,facturado,341627.94,ERP VENTA vendedor=ALEGRIA ESTEBAN,false,false,erp,65464,ALEGRIA ESTEBAN
65465,993,2025-12-11,confirmado,638798.80,ERP RESERVA CONFIRMADA vendedor=MELLADO FACUNDO,false,false,erp,65465,MELLADO FACUNDO
65467,1815,2025-12-11,facturado,118163.58,ERP VENTA vendedor=ALEGRIA ESTEBAN,false,false,erp,65467,ALEGRIA ESTEBAN
65469,1831,2025-12-11,facturado,202776.83,ERP VENTA vendedor=PATRICIA CURLO,false,false,erp,65469,PATRICIA CURLO
65470,1835,2025-12-11,confirmado,52124.00,ERP RESERVA CONFIRMADA vendedor=PATRICIA CURLO,false,false,erp,65470,PATRICIA CURLO
65471,1,2025-12-11,facturado,18721.80,ERP VENTA vendedor=PATRICIA CURLO,false,false,erp,65471,PATRICIA CURLO
65472,1812,2025-12-11,confirmado,131020.34,ERP RESERVA CONFIRMADA vendedor=PATRICIA CURLO,false,false,erp,65472,PATRICIA CURLO
65473,1836,2025-12-11,facturado,204006.24,ERP VENTA vendedor=ALEGRIA ESTEBAN,false,false,erp,65473,ALEGRIA ESTEBAN
65393,1214,2025-12-10,confirmado,171777.42,ERP RESERVA CONFIRMADA vendedor=MELLADO FACUNDO,false,false,erp,65393,MELLADO FACUNDO
65416,632,2025-12-10,confirmado,121443.46,ERP RESERVA CONFIRMADA vendedor=PATRICIA CURLO,false,false,erp,65416,PATRICIA CURLO
65418,1567,2025-12-10,confirmado,464042.63,ERP RESERVA CONFIRMADA vendedor=ALEGRIA ESTEBAN,false,false,erp,65418,ALEGRIA ESTEBAN
65419,747,2025-12-10,confirmado,1340450.24,ERP RESERVA CONFIRMADA vendedor=ALEGRIA ESTEBAN,false,false,erp,65419,ALEGRIA ESTEBAN
65420,6,2025-12-10,confirmado,1206143.06,ERP RESERVA CONFIRMADA vendedor=ALEGRIA ESTEBAN,false,false,erp,65420,ALEGRIA ESTEBAN
65421,31,2025-12-10,confirmado,1073396.07,ERP RESERVA CONFIRMADA vendedor=ALEGRIA ESTEBAN,false,false,erp,65421,ALEGRIA ESTEBAN
65423,1421,2025-12-10,confirmado,223994.79,ERP RESERVA CONFIRMADA vendedor=ALEGRIA ESTEBAN,false,false,erp,65423,ALEGRIA ESTEBAN
65424,1823,2025-12-10,confirmado,116464.77,ERP RESERVA CONFIRMADA vendedor=ALEGRIA ESTEBAN,false,false,erp,65424,ALEGRIA ESTEBAN
65425,125,2025-12-10,confirmado,344689.65,ERP RESERVA CONFIRMADA vendedor=ALEGRIA ESTEBAN,false,false,erp,65425,ALEGRIA ESTEBAN
65427,125,2025-12-10,confirmado,419526.78,ERP RESERVA CONFIRMADA vendedor=ALEGRIA ESTEBAN,false,false,erp,65427,ALEGRIA ESTEBAN
65428,129,2025-12-10,confirmado,229754.20,ERP RESERVA CONFIRMADA vendedor=ALEGRIA ESTEBAN,false,false,erp,65428,ALEGRIA ESTEBAN
65430,1093,2025-12-10,facturado,65025.33,ERP VENTA vendedor=PATRICIA CURLO,false,false,erp,65430,PATRICIA CURLO
65431,90,2025-12-10,facturado,53838.99,ERP VENTA vendedor=PATRICIA CURLO,false,false,erp,65431,PATRICIA CURLO
65433,316,2025-12-10,facturado,57583.60,ERP VENTA vendedor=ARIAS MACARENA,false,false,erp,65433,ARIAS MACARENA
65434,1832,2025-12-10,facturado,54725.10,ERP VENTA vendedor=ALEGRIA ESTEBAN,false,false,erp,65434,ALEGRIA ESTEBAN
65435,188,2025-12-10,facturado,547710.10,ERP VENTA vendedor=PATRICIA CURLO,false,false,erp,65435,PATRICIA CURLO
65436,1024,2025-12-10,facturado,88455.28,ERP VENTA vendedor=ALEGRIA ESTEBAN,false,false,erp,65436,ALEGRIA ESTEBAN
65437,1614,2025-12-10,facturado,133821.97,ERP VENTA vendedor=ALEGRIA ESTEBAN,false,false,erp,65437,ALEGRIA ESTEBAN
65438,1817,2025-12-10,facturado,133821.97,ERP VENTA vendedor=ALEGRIA ESTEBAN,false,false,erp,65438,ALEGRIA ESTEBAN
65439,797,2025-12-10,confirmado,215602.82,ERP RESERVA CONFIRMADA vendedor=ALEGRIA ESTEBAN,false,false,erp,65439,ALEGRIA ESTEBAN
65440,20,2025-12-10,confirmado,238370.27,ERP RESERVA CONFIRMADA vendedor=ALEGRIA ESTEBAN,false,false,erp,65440,ALEGRIA ESTEBAN
65441,1833,2025-12-10,facturado,52983.82,ERP VENTA vendedor=ALEGRIA ESTEBAN,false,false,erp,65441,ALEGRIA ESTEBAN
65442,75,2025-12-10,confirmado,462569.02,ERP RESERVA CONFIRMADA vendedor=ALEGRIA ESTEBAN,false,false,erp,65442,ALEGRIA ESTEBAN
65443,1794,2025-12-10,confirmado,365260.35,ERP RESERVA CONFIRMADA vendedor=PATRICIA CURLO,false,false,erp,65443,PATRICIA CURLO
65444,633,2025-12-10,facturado,69212.66,ERP VENTA vendedor=ALEGRIA ESTEBAN,false,false,erp,65444,ALEGRIA ESTEBAN
65449,1652,2025-12-10,confirmado,121857.86,ERP RESERVA CONFIRMADA vendedor=ALEGRIA ESTEBAN,false,false,erp,65449,ALEGRIA ESTEBAN
65450,1748,2025-12-10,facturado,53403.64,ERP VENTA vendedor=ALEGRIA ESTEBAN,false,false,erp,65450,ALEGRIA ESTEBAN
65342,35,2025-12-09,confirmado,2043403.96,ERP RESERVA CONFIRMADA vendedor=ALEGRIA ESTEBAN,false,false,erp,65342,ALEGRIA ESTEBAN
65351,1442,2025-12-09,confirmado,109846.27,ERP RESERVA CONFIRMADA vendedor=ALEGRIA ESTEBAN,false,false,erp,65351,ALEGRIA ESTEBAN
65352,560,2025-12-09,confirmado,95017.39,ERP RESERVA CONFIRMADA vendedor=ALEGRIA ESTEBAN,false,false,erp,65352,ALEGRIA ESTEBAN
65353,1049,2025-12-09,confirmado,146465.64,ERP RESERVA CONFIRMADA vendedor=ALEGRIA ESTEBAN,false,false,erp,65353,ALEGRIA ESTEBAN
65355,710,2025-12-09,confirmado,174770.75,ERP RESERVA CONFIRMADA vendedor=MELLADO FACUNDO,false,false,erp,65355,MELLADO FACUNDO
65356,710,2025-12-09,confirmado,83319.85,ERP RESERVA CONFIRMADA vendedor=MELLADO FACUNDO,false,false,erp,65356,MELLADO FACUNDO
65357,909,2025-12-09,confirmado,164667.20,ERP RESERVA CONFIRMADA vendedor=MELLADO FACUNDO,false,false,erp,65357,MELLADO FACUNDO
65358,909,2025-12-09,confirmado,253128.37,ERP RESERVA CONFIRMADA vendedor=MELLADO FACUNDO,false,false,erp,65358,MELLADO FACUNDO
65359,909,2025-12-09,confirmado,259648.45,ERP RESERVA CONFIRMADA vendedor=MELLADO FACUNDO,false,false,erp,65359,MELLADO FACUNDO
65360,1326,2025-12-09,confirmado,913037.19,ERP RESERVA CONFIRMADA vendedor=MELLADO FACUNDO,false,false,erp,65360,MELLADO FACUNDO
65361,1010,2025-12-09,confirmado,145096.40,ERP RESERVA CONFIRMADA vendedor=MELLADO FACUNDO,false,false,erp,65361,MELLADO FACUNDO
65362,1586,2025-12-09,facturado,290900.99,ERP VENTA vendedor=ALEGRIA ESTEBAN,false,false,erp,65362,ALEGRIA ESTEBAN
65363,1326,2025-12-09,confirmado,2217231.37,ERP RESERVA CONFIRMADA vendedor=MELLADO FACUNDO,false,false,erp,65363,MELLADO FACUNDO
65364,46,2025-12-09,confirmado,159373.77,ERP RESERVA CONFIRMADA vendedor=ALEGRIA ESTEBAN,false,false,erp,65364,ALEGRIA ESTEBAN
65365,1326,2025-12-09,confirmado,1878313.61,ERP RESERVA CONFIRMADA vendedor=MELLADO FACUNDO,false,false,erp,65365,MELLADO FACUNDO
65366,804,2025-12-09,confirmado,154563.13,ERP RESERVA CONFIRMADA vendedor=MELLADO FACUNDO,false,false,erp,65366,MELLADO FACUNDO
65367,1063,2025-12-09,confirmado,106355.02,ERP RESERVA CONFIRMADA vendedor=MELLADO FACUNDO,false,false,erp,65367,MELLADO FACUNDO
65370,532,2025-12-09,confirmado,589265.30,ERP RESERVA CONFIRMADA vendedor=MELLADO FACUNDO,false,false,erp,65370,MELLADO FACUNDO
65371,815,2025-12-09,confirmado,172318.67,ERP RESERVA CONFIRMADA vendedor=MELLADO FACUNDO,false,false,erp,65371,MELLADO FACUNDO
65372,1782,2025-12-09,facturado,131769.00,ERP VENTA vendedor=ALEGRIA ESTEBAN,false,false,erp,65372,ALEGRIA ESTEBAN
65374,159,2025-12-09,confirmado,624368.36,ERP RESERVA CONFIRMADA vendedor=MELLADO FACUNDO,false,false,erp,65374,MELLADO FACUNDO
65375,1248,2025-12-09,confirmado,207052.02,ERP RESERVA CONFIRMADA vendedor=MELLADO FACUNDO,false,false,erp,65375,MELLADO FACUNDO
65377,541,2025-12-09,facturado,172196.60,ERP VENTA vendedor=ALEGRIA ESTEBAN,false,false,erp,65377,ALEGRIA ESTEBAN
65378,1359,2025-12-09,confirmado,110840.06,ERP RESERVA CONFIRMADA vendedor=MELLADO FACUNDO,false,false,erp,65378,MELLADO FACUNDO
65379,1137,2025-12-09,confirmado,450995.82,ERP RESERVA CONFIRMADA vendedor=MELLADO FACUNDO,false,false,erp,65379,MELLADO FACUNDO
65380,947,2025-12-09,confirmado,197572.12,ERP RESERVA CONFIRMADA vendedor=MELLADO FACUNDO,false,false,erp,65380,MELLADO FACUNDO
65381,908,2025-12-09,confirmado,269529.12,ERP RESERVA CONFIRMADA vendedor=MELLADO FACUNDO,false,false,erp,65381,MELLADO FACUNDO
65382,930,2025-12-09,confirmado,693712.88,ERP RESERVA CONFIRMADA vendedor=PATRICIA CURLO,false,false,erp,65382,PATRICIA CURLO
65383,872,2025-12-09,confirmado,403040.78,ERP RESERVA CONFIRMADA vendedor=MELLADO FACUNDO,false,false,erp,65383,MELLADO FACUNDO
65384,823,2025-12-09,confirmado,564356.52,ERP RESERVA CONFIRMADA vendedor=MELLADO FACUNDO,false,false,erp,65384,MELLADO FACUNDO
65385,851,2025-12-09,confirmado,389109.74,ERP RESERVA CONFIRMADA vendedor=MELLADO FACUNDO,false,false,erp,65385,MELLADO FACUNDO
65386,235,2025-12-09,facturado,55165.90,ERP VENTA vendedor=ALEGRIA ESTEBAN,false,false,erp,65386,ALEGRIA ESTEBAN
65387,1254,2025-12-09,confirmado,203643.00,ERP RESERVA CONFIRMADA vendedor=MELLADO FACUNDO,false,false,erp,65387,MELLADO FACUNDO
65388,1754,2025-12-09,facturado,246129.75,ERP VENTA vendedor=ALEGRIA ESTEBAN,false,false,erp,65388,ALEGRIA ESTEBAN
65389,700,2025-12-09,confirmado,146997.89,ERP RESERVA CONFIRMADA vendedor=MELLADO FACUNDO,false,false,erp,65389,MELLADO FACUNDO
65391,1241,2025-12-09,confirmado,213780.55,ERP RESERVA CONFIRMADA vendedor=MELLADO FACUNDO,false,false,erp,65391,MELLADO FACUNDO
65392,151,2025-12-09,confirmado,530394.56,ERP RESERVA CONFIRMADA vendedor=MELLADO FACUNDO,false,false,erp,65392,MELLADO FACUNDO
65394,184,2025-12-09,confirmado,152628.56,ERP RESERVA CONFIRMADA vendedor=MELLADO FACUNDO,false,false,erp,65394,MELLADO FACUNDO
65395,1661,2025-12-09,confirmado,163859.06,ERP RESERVA CONFIRMADA vendedor=PATRICIA CURLO,false,false,erp,65395,PATRICIA CURLO
65396,695,2025-12-09,facturado,260589.16,ERP VENTA vendedor=ARIAS MACARENA,false,false,erp,65396,ARIAS MACARENA
65397,1307,2025-12-09,confirmado,617724.39,ERP RESERVA CONFIRMADA vendedor=PATRICIA CURLO,false,false,erp,65397,PATRICIA CURLO
65398,354,2025-12-09,confirmado,196346.39,ERP RESERVA CONFIRMADA vendedor=ALEGRIA ESTEBAN,false,false,erp,65398,ALEGRIA ESTEBAN
65399,695,2025-12-09,facturado,51521.38,ERP VENTA vendedor=ALEGRIA ESTEBAN,false,false,erp,65399,ALEGRIA ESTEBAN
65400,478,2025-12-09,confirmado,508238.51,ERP RESERVA CONFIRMADA vendedor=PATRICIA CURLO,false,false,erp,65400,PATRICIA CURLO
65401,630,2025-12-09,confirmado,249431.28,ERP RESERVA CONFIRMADA vendedor=ALEGRIA ESTEBAN,false,false,erp,65401,ALEGRIA ESTEBAN
65402,36,2025-12-09,confirmado,352042.94,ERP RESERVA CONFIRMADA vendedor=PATRICIA CURLO,false,false,erp,65402,PATRICIA CURLO
65403,1566,2025-12-09,facturado,135032.12,ERP VENTA vendedor=ALEGRIA ESTEBAN,false,false,erp,65403,ALEGRIA ESTEBAN
65404,1159,2025-12-09,confirmado,133449.76,ERP RESERVA CONFIRMADA vendedor=PATRICIA CURLO,false,false,erp,65404,PATRICIA CURLO
65405,796,2025-12-09,confirmado,1444387.11,ERP RESERVA CONFIRMADA vendedor=ALEGRIA ESTEBAN,false,false,erp,65405,ALEGRIA ESTEBAN
65406,108,2025-12-09,confirmado,288344.72,ERP RESERVA CONFIRMADA vendedor=PATRICIA CURLO,false,false,erp,65406,PATRICIA CURLO
65407,152,2025-12-09,confirmado,107046.79,ERP RESERVA CONFIRMADA vendedor=ALEGRIA ESTEBAN,false,false,erp,65407,ALEGRIA ESTEBAN
65408,1384,2025-12-09,confirmado,264709.77,ERP RESERVA CONFIRMADA vendedor=ALEGRIA ESTEBAN,false,false,erp,65408,ALEGRIA ESTEBAN
65410,839,2025-12-09,confirmado,354218.10,ERP RESERVA CONFIRMADA vendedor=ALEGRIA ESTEBAN,false,false,erp,65410,ALEGRIA ESTEBAN
65412,1146,2025-12-09,confirmado,78453.35,ERP RESERVA CONFIRMADA vendedor=ALEGRIA ESTEBAN,false,false,erp,65412,ALEGRIA ESTEBAN
65414,1519,2025-12-09,confirmado,145615.15,ERP RESERVA CONFIRMADA vendedor=ALEGRIA ESTEBAN,false,false,erp,65414,ALEGRIA ESTEBAN
65415,1194,2025-12-09,confirmado,221176.80,ERP RESERVA CONFIRMADA vendedor=ALEGRIA ESTEBAN,false,false,erp,65415,ALEGRIA ESTEBAN
65417,124,2025-12-09,confirmado,2084514.86,ERP RESERVA CONFIRMADA vendedor=ALEGRIA ESTEBAN,false,false,erp,65417,ALEGRIA ESTEBAN
65327,1820,2025-12-06,confirmado,69833.38,ERP RESERVA CONFIRMADA vendedor=MELLADO FACUNDO,false,false,erp,65327,MELLADO FACUNDO
65345,636,2025-12-06,facturado,60596.63,ERP VENTA vendedor=ALEGRIA ESTEBAN,false,false,erp,65345,ALEGRIA ESTEBAN
65346,541,2025-12-06,facturado,166038.25,ERP VENTA vendedor=ALEGRIA ESTEBAN,false,false,erp,65346,ALEGRIA ESTEBAN
65347,611,2025-12-06,facturado,83600.84,ERP VENTA vendedor=ALEGRIA ESTEBAN,false,false,erp,65347,ALEGRIA ESTEBAN
65348,42,2025-12-06,facturado,125110.17,ERP VENTA vendedor=ALEGRIA ESTEBAN,false,false,erp,65348,ALEGRIA ESTEBAN
65349,207,2025-12-06,facturado,76230.00,ERP VENTA vendedor=ALEGRIA ESTEBAN,false,false,erp,65349,ALEGRIA ESTEBAN
65350,1832,2025-12-06,facturado,80425.00,ERP VENTA vendedor=ALEGRIA ESTEBAN,false,false,erp,65350,ALEGRIA ESTEBAN
65326,1652,2025-12-05,confirmado,126109.75,ERP RESERVA CONFIRMADA vendedor=MELLADO FACUNDO,false,false,erp,65326,MELLADO FACUNDO
65328,902,2025-12-05,facturado,153589.47,ERP VENTA vendedor=ALEGRIA ESTEBAN,false,false,erp,65328,ALEGRIA ESTEBAN
65329,626,2025-12-05,confirmado,84284.22,ERP RESERVA CONFIRMADA vendedor=ALEGRIA ESTEBAN,false,false,erp,65329,ALEGRIA ESTEBAN
65330,1579,2025-12-05,confirmado,105955.44,ERP RESERVA CONFIRMADA vendedor=PATRICIA CURLO,false,false,erp,65330,PATRICIA CURLO
65331,151,2025-12-05,facturado,148981.52,ERP VENTA vendedor=ALEGRIA ESTEBAN,false,false,erp,65331,ALEGRIA ESTEBAN
65332,1814,2025-12-05,confirmado,119914.58,ERP RESERVA CONFIRMADA vendedor=PATRICIA CURLO,false,false,erp,65332,PATRICIA CURLO
65333,986,2025-12-05,confirmado,162001.28,ERP RESERVA CONFIRMADA vendedor=ALEGRIA ESTEBAN,false,false,erp,65333,ALEGRIA ESTEBAN
65335,1665,2025-12-05,facturado,58065.18,ERP VENTA vendedor=ALEGRIA ESTEBAN,false,false,erp,65335,ALEGRIA ESTEBAN
65336,1769,2025-12-05,facturado,158634.61,ERP VENTA vendedor=ALEGRIA ESTEBAN,false,false,erp,65336,ALEGRIA ESTEBAN
65337,1642,2025-12-05,facturado,52983.82,ERP VENTA vendedor=ARIAS MACARENA,false,false,erp,65337,ARIAS MACARENA
65338,1722,2025-12-05,facturado,66171.61,ERP VENTA vendedor=PATRICIA CURLO,false,false,erp,65338,PATRICIA CURLO
65339,591,2025-12-05,facturado,372218.20,ERP VENTA vendedor=ARIAS MACARENA,false,false,erp,65339,ARIAS MACARENA
65340,1300,2025-12-05,facturado,59711.58,ERP VENTA vendedor=ARIAS MACARENA,false,false,erp,65340,ARIAS MACARENA
65341,1801,2025-12-05,facturado,203168.91,ERP VENTA vendedor=ALEGRIA ESTEBAN,false,false,erp,65341,ALEGRIA ESTEBAN
65343,390,2025-12-05,facturado,74325.88,ERP VENTA vendedor=ALEGRIA ESTEBAN,false,false,erp,65343,ALEGRIA ESTEBAN
65234,1829,2025-12-04,confirmado,505183.14,ERP RESERVA CONFIRMADA vendedor=PATRICIA CURLO,false,false,erp,65234,PATRICIA CURLO
65274,1438,2025-12-04,confirmado,159115.16,ERP RESERVA CONFIRMADA vendedor=MELLADO FACUNDO,false,false,erp,65274,MELLADO FACUNDO
65281,1489,2025-12-04,confirmado,274580.59,ERP RESERVA CONFIRMADA vendedor=MELLADO FACUNDO,false,false,erp,65281,MELLADO FACUNDO
65282,499,2025-12-04,confirmado,89612.16,ERP RESERVA CONFIRMADA vendedor=MELLADO FACUNDO,false,false,erp,65282,MELLADO FACUNDO
65284,1320,2025-12-04,confirmado,240211.07,ERP RESERVA CONFIRMADA vendedor=MELLADO FACUNDO,false,false,erp,65284,MELLADO FACUNDO
65301,7,2025-12-04,confirmado,298116.35,ERP RESERVA CONFIRMADA vendedor=MELLADO FACUNDO,false,false,erp,65301,MELLADO FACUNDO
65303,1728,2025-12-04,confirmado,902861.01,ERP RESERVA CONFIRMADA vendedor=MELLADO FACUNDO,false,false,erp,65303,MELLADO FACUNDO
65305,1651,2025-12-04,confirmado,392501.22,ERP RESERVA CONFIRMADA vendedor=MELLADO FACUNDO,false,false,erp,65305,MELLADO FACUNDO
65306,1202,2025-12-04,facturado,54564.21,ERP VENTA vendedor=ALEGRIA ESTEBAN,false,false,erp,65306,ALEGRIA ESTEBAN
65307,316,2025-12-04,facturado,347121.19,ERP VENTA vendedor=ALEGRIA ESTEBAN,false,false,erp,65307,ALEGRIA ESTEBAN
65308,1606,2025-12-04,confirmado,137009.33,ERP RESERVA CONFIRMADA vendedor=MELLADO FACUNDO,false,false,erp,65308,MELLADO FACUNDO
65309,90,2025-12-04,facturado,69626.54,ERP VENTA vendedor=ALEGRIA ESTEBAN,false,false,erp,65309,ALEGRIA ESTEBAN
65310,736,2025-12-04,confirmado,105350.55,ERP RESERVA CONFIRMADA vendedor=MELLADO FACUNDO,false,false,erp,65310,MELLADO FACUNDO
65311,1146,2025-12-04,confirmado,760092.84,ERP RESERVA CONFIRMADA vendedor=MELLADO FACUNDO,false,false,erp,65311,MELLADO FACUNDO
65312,140,2025-12-04,confirmado,557263.16,ERP RESERVA CONFIRMADA vendedor=MELLADO FACUNDO,false,false,erp,65312,MELLADO FACUNDO
65313,35,2025-12-04,confirmado,588324.63,ERP RESERVA CONFIRMADA vendedor=MELLADO FACUNDO,false,false,erp,65313,MELLADO FACUNDO
65314,971,2025-12-04,facturado,572151.18,ERP VENTA vendedor=ALEGRIA ESTEBAN,false,false,erp,65314,ALEGRIA ESTEBAN
65315,1120,2025-12-04,confirmado,186639.77,ERP RESERVA CONFIRMADA vendedor=MELLADO FACUNDO,false,false,erp,65315,MELLADO FACUNDO
65316,417,2025-12-04,facturado,162016.95,ERP VENTA vendedor=ALEGRIA ESTEBAN,false,false,erp,65316,ALEGRIA ESTEBAN
65317,316,2025-12-04,facturado,350355.92,ERP VENTA vendedor=ALEGRIA ESTEBAN,false,false,erp,65317,ALEGRIA ESTEBAN
65318,1831,2025-12-04,facturado,165395.25,ERP VENTA vendedor=ALEGRIA ESTEBAN,false,false,erp,65318,ALEGRIA ESTEBAN
65319,316,2025-12-04,facturado,166707.75,ERP VENTA vendedor=ALEGRIA ESTEBAN,false,false,erp,65319,ALEGRIA ESTEBAN
65320,1609,2025-12-04,facturado,112522.19,ERP VENTA vendedor=ARIAS MACARENA,false,false,erp,65320,ARIAS MACARENA
65321,996,2025-12-04,confirmado,396632.28,ERP RESERVA CONFIRMADA vendedor=ALEGRIA ESTEBAN,false,false,erp,65321,ALEGRIA ESTEBAN
65322,1414,2025-12-04,facturado,607041.17,ERP VENTA vendedor=ALEGRIA ESTEBAN,false,false,erp,65322,ALEGRIA ESTEBAN
65323,780,2025-12-04,facturado,77423.21,ERP VENTA vendedor=ARIAS MACARENA,false,false,erp,65323,ARIAS MACARENA
65324,1417,2025-12-04,facturado,125814.48,ERP VENTA vendedor=ALEGRIA ESTEBAN,false,false,erp,65324,ALEGRIA ESTEBAN
65325,15,2025-12-04,facturado,319624.52,ERP VENTA vendedor=PATRICIA CURLO,false,false,erp,65325,PATRICIA CURLO
65219,1587,2025-12-03,confirmado,176837.15,ERP RESERVA CONFIRMADA vendedor=ALEGRIA ESTEBAN,false,false,erp,65219,ALEGRIA ESTEBAN
65231,1794,2025-12-03,confirmado,400387.97,ERP RESERVA CONFIRMADA vendedor=ALEGRIA ESTEBAN,false,false,erp,65231,ALEGRIA ESTEBAN
65262,990,2025-12-03,confirmado,184499.92,ERP RESERVA CONFIRMADA vendedor=ALEGRIA ESTEBAN,false,false,erp,65262,ALEGRIA ESTEBAN
65264,460,2025-12-03,confirmado,445487.54,ERP RESERVA CONFIRMADA vendedor=ALEGRIA ESTEBAN,false,false,erp,65264,ALEGRIA ESTEBAN
65268,385,2025-12-03,confirmado,415857.56,ERP RESERVA CONFIRMADA vendedor=ALEGRIA ESTEBAN,false,false,erp,65268,ALEGRIA ESTEBAN
65269,1567,2025-12-03,confirmado,339707.00,ERP RESERVA CONFIRMADA vendedor=ALEGRIA ESTEBAN,false,false,erp,65269,ALEGRIA ESTEBAN
65275,1421,2025-12-03,confirmado,272301.93,ERP RESERVA CONFIRMADA vendedor=MELLADO FACUNDO,false,false,erp,65275,MELLADO FACUNDO
65276,623,2025-12-03,confirmado,234835.59,ERP RESERVA CONFIRMADA vendedor=MELLADO FACUNDO,false,false,erp,65276,MELLADO FACUNDO
65278,522,2025-12-03,confirmado,55724.78,ERP RESERVA CONFIRMADA vendedor=MELLADO FACUNDO,false,false,erp,65278,MELLADO FACUNDO
65279,747,2025-12-03,confirmado,617240.66,ERP RESERVA CONFIRMADA vendedor=MELLADO FACUNDO,false,false,erp,65279,MELLADO FACUNDO
65280,431,2025-12-03,confirmado,112482.38,ERP RESERVA CONFIRMADA vendedor=MELLADO FACUNDO,false,false,erp,65280,MELLADO FACUNDO
65283,778,2025-12-03,facturado,60374.20,ERP VENTA vendedor=ALEGRIA ESTEBAN,false,false,erp,65283,ALEGRIA ESTEBAN
65285,214,2025-12-03,facturado,69987.91,ERP VENTA vendedor=ALEGRIA ESTEBAN,false,false,erp,65285,ALEGRIA ESTEBAN
65286,31,2025-12-03,confirmado,1517977.97,ERP RESERVA CONFIRMADA vendedor=MELLADO FACUNDO,false,false,erp,65286,MELLADO FACUNDO
65287,963,2025-12-03,facturado,91671.99,ERP VENTA vendedor=ALEGRIA ESTEBAN,false,false,erp,65287,ALEGRIA ESTEBAN
65290,1226,2025-12-03,facturado,89207.40,ERP VENTA vendedor=ALEGRIA ESTEBAN,false,false,erp,65290,ALEGRIA ESTEBAN
65291,797,2025-12-03,confirmado,272400.26,ERP RESERVA CONFIRMADA vendedor=ALEGRIA ESTEBAN,false,false,erp,65291,ALEGRIA ESTEBAN
65292,6,2025-12-03,confirmado,1665343.29,ERP RESERVA CONFIRMADA vendedor=ALEGRIA ESTEBAN,false,false,erp,65292,ALEGRIA ESTEBAN
65293,857,2025-12-03,facturado,259412.87,ERP VENTA vendedor=ALEGRIA ESTEBAN,false,false,erp,65293,ALEGRIA ESTEBAN
65294,857,2025-12-03,facturado,70284.06,ERP VENTA vendedor=ALEGRIA ESTEBAN,false,false,erp,65294,ALEGRIA ESTEBAN
65295,1806,2025-12-03,confirmado,231974.82,ERP RESERVA CONFIRMADA vendedor=ALEGRIA ESTEBAN,false,false,erp,65295,ALEGRIA ESTEBAN
65296,110,2025-12-03,confirmado,861985.77,ERP RESERVA CONFIRMADA vendedor=MELLADO FACUNDO,false,false,erp,65296,MELLADO FACUNDO
65297,361,2025-12-03,facturado,52206.31,ERP VENTA vendedor=ALEGRIA ESTEBAN,false,false,erp,65297,ALEGRIA ESTEBAN
65298,732,2025-12-03,confirmado,145420.12,ERP RESERVA CONFIRMADA vendedor=ALEGRIA ESTEBAN,false,false,erp,65298,ALEGRIA ESTEBAN
65299,1638,2025-12-03,confirmado,473194.68,ERP RESERVA CONFIRMADA vendedor=ALEGRIA ESTEBAN,false,false,erp,65299,ALEGRIA ESTEBAN
65300,737,2025-12-03,facturado,96555.31,ERP VENTA vendedor=ALEGRIA ESTEBAN,false,false,erp,65300,ALEGRIA ESTEBAN
65220,905,2025-12-02,confirmado,88940.59,ERP RESERVA CONFIRMADA vendedor=PATRICIA CURLO,false,false,erp,65220,PATRICIA CURLO
65235,89,2025-12-02,confirmado,889785.59,ERP RESERVA CONFIRMADA vendedor=ALEGRIA ESTEBAN,false,false,erp,65235,ALEGRIA ESTEBAN
65240,143,2025-12-02,confirmado,104945.50,ERP RESERVA CONFIRMADA vendedor=PATRICIA CURLO,false,false,erp,65240,PATRICIA CURLO
65245,207,2025-12-02,confirmado,73523.99,ERP RESERVA CONFIRMADA vendedor=PATRICIA CURLO,false,false,erp,65245,PATRICIA CURLO
65248,1359,2025-12-02,confirmado,90400.92,ERP RESERVA CONFIRMADA vendedor=ALEGRIA ESTEBAN,false,false,erp,65248,ALEGRIA ESTEBAN
65249,1254,2025-12-02,confirmado,241772.00,ERP RESERVA CONFIRMADA vendedor=ALEGRIA ESTEBAN,false,false,erp,65249,ALEGRIA ESTEBAN
65250,1159,2025-12-02,confirmado,186792.72,ERP RESERVA CONFIRMADA vendedor=ALEGRIA ESTEBAN,false,false,erp,65250,ALEGRIA ESTEBAN
65251,1803,2025-12-02,confirmado,104743.94,ERP RESERVA CONFIRMADA vendedor=ALEGRIA ESTEBAN,false,false,erp,65251,ALEGRIA ESTEBAN
65252,36,2025-12-02,confirmado,353682.84,ERP RESERVA CONFIRMADA vendedor=ALEGRIA ESTEBAN,false,false,erp,65252,ALEGRIA ESTEBAN
65255,1295,2025-12-02,confirmado,132402.00,ERP RESERVA CONFIRMADA vendedor=ALEGRIA ESTEBAN,false,false,erp,65255,ALEGRIA ESTEBAN
65256,1212,2025-12-02,confirmado,132402.00,ERP RESERVA CONFIRMADA vendedor=ALEGRIA ESTEBAN,false,false,erp,65256,ALEGRIA ESTEBAN
65257,1194,2025-12-02,confirmado,105472.81,ERP RESERVA CONFIRMADA vendedor=ALEGRIA ESTEBAN,false,false,erp,65257,ALEGRIA ESTEBAN
65258,974,2025-12-02,facturado,147863.57,ERP VENTA vendedor=ALEGRIA ESTEBAN,false,false,erp,65258,ALEGRIA ESTEBAN
65260,1024,2025-12-02,facturado,60796.60,ERP VENTA vendedor=ALEGRIA ESTEBAN,false,false,erp,65260,ALEGRIA ESTEBAN
65261,161,2025-12-02,confirmado,72108.58,ERP RESERVA CONFIRMADA vendedor=ALEGRIA ESTEBAN,false,false,erp,65261,ALEGRIA ESTEBAN
65263,195,2025-12-02,facturado,385298.12,ERP VENTA vendedor=ARIAS MACARENA,false,false,erp,65263,ARIAS MACARENA
65265,1232,2025-12-02,confirmado,617241.30,ERP RESERVA CONFIRMADA vendedor=ALEGRIA ESTEBAN,false,false,erp,65265,ALEGRIA ESTEBAN
65267,87,2025-12-02,facturado,76385.88,ERP VENTA vendedor=ALEGRIA ESTEBAN,false,false,erp,65267,ALEGRIA ESTEBAN
65270,968,2025-12-02,facturado,49199.54,ERP VENTA vendedor=ALEGRIA ESTEBAN,false,false,erp,65270,ALEGRIA ESTEBAN
65271,557,2025-12-02,facturado,397378.65,ERP VENTA vendedor=ALEGRIA ESTEBAN,false,false,erp,65271,ALEGRIA ESTEBAN
65272,1291,2025-12-02,facturado,132734.36,ERP VENTA vendedor=ALEGRIA ESTEBAN,false,false,erp,65272,ALEGRIA ESTEBAN
65273,1199,2025-12-02,facturado,58221.82,ERP VENTA vendedor=ALEGRIA ESTEBAN,false,false,erp,65273,ALEGRIA ESTEBAN
65201,560,2025-12-01,confirmado,65624.29,ERP RESERVA CONFIRMADA vendedor=ALEGRIA ESTEBAN,false,false,erp,65201,ALEGRIA ESTEBAN
65202,710,2025-12-01,confirmado,80184.32,ERP RESERVA CONFIRMADA vendedor=ALEGRIA ESTEBAN,false,false,erp,65202,ALEGRIA ESTEBAN
65203,710,2025-12-01,confirmado,118310.43,ERP RESERVA CONFIRMADA vendedor=ALEGRIA ESTEBAN,false,false,erp,65203,ALEGRIA ESTEBAN
65204,815,2025-12-01,confirmado,116970.12,ERP RESERVA CONFIRMADA vendedor=ALEGRIA ESTEBAN,false,false,erp,65204,ALEGRIA ESTEBAN
65205,1326,2025-12-01,confirmado,342475.10,ERP RESERVA CONFIRMADA vendedor=ALEGRIA ESTEBAN,false,false,erp,65205,ALEGRIA ESTEBAN
65206,909,2025-12-01,confirmado,164987.42,ERP RESERVA CONFIRMADA vendedor=ALEGRIA ESTEBAN,false,false,erp,65206,ALEGRIA ESTEBAN
65207,909,2025-12-01,confirmado,164427.71,ERP RESERVA CONFIRMADA vendedor=ALEGRIA ESTEBAN,false,false,erp,65207,ALEGRIA ESTEBAN
65208,909,2025-12-01,confirmado,139839.14,ERP RESERVA CONFIRMADA vendedor=ALEGRIA ESTEBAN,false,false,erp,65208,ALEGRIA ESTEBAN
65209,35,2025-12-01,confirmado,550481.34,ERP RESERVA CONFIRMADA vendedor=ALEGRIA ESTEBAN,false,false,erp,65209,ALEGRIA ESTEBAN
65210,1326,2025-12-01,confirmado,4427958.51,ERP RESERVA CONFIRMADA vendedor=ALEGRIA ESTEBAN,false,false,erp,65210,ALEGRIA ESTEBAN
65211,1326,2025-12-01,confirmado,1508420.24,ERP RESERVA CONFIRMADA vendedor=ALEGRIA ESTEBAN,false,false,erp,65211,ALEGRIA ESTEBAN
65212,1586,2025-12-01,confirmado,332487.01,ERP RESERVA CONFIRMADA vendedor=ALEGRIA ESTEBAN,false,false,erp,65212,ALEGRIA ESTEBAN
65213,1284,2025-12-01,confirmado,903906.29,ERP RESERVA CONFIRMADA vendedor=ALEGRIA ESTEBAN,false,false,erp,65213,ALEGRIA ESTEBAN
65215,974,2025-12-01,facturado,91742.85,ERP VENTA vendedor=ALEGRIA ESTEBAN,false,false,erp,65215,ALEGRIA ESTEBAN
65216,1241,2025-12-01,confirmado,169966.54,ERP RESERVA CONFIRMADA vendedor=ALEGRIA ESTEBAN,false,false,erp,65216,ALEGRIA ESTEBAN
65217,15,2025-12-01,confirmado,548135.01,ERP RESERVA CONFIRMADA vendedor=ALEGRIA ESTEBAN,false,false,erp,65217,ALEGRIA ESTEBAN
65218,1519,2025-12-01,confirmado,183432.63,ERP RESERVA CONFIRMADA vendedor=ALEGRIA ESTEBAN,false,false,erp,65218,ALEGRIA ESTEBAN
65221,796,2025-12-01,confirmado,433157.52,ERP RESERVA CONFIRMADA vendedor=ALEGRIA ESTEBAN,false,false,erp,65221,ALEGRIA ESTEBAN
65222,354,2025-12-01,confirmado,241669.07,ERP RESERVA CONFIRMADA vendedor=ALEGRIA ESTEBAN,false,false,erp,65222,ALEGRIA ESTEBAN
65223,1137,2025-12-01,confirmado,455280.15,ERP RESERVA CONFIRMADA vendedor=ALEGRIA ESTEBAN,false,false,erp,65223,ALEGRIA ESTEBAN
65224,630,2025-12-01,confirmado,183124.32,ERP RESERVA CONFIRMADA vendedor=ALEGRIA ESTEBAN,false,false,erp,65224,ALEGRIA ESTEBAN
65226,419,2025-12-01,confirmado,437964.57,ERP RESERVA CONFIRMADA vendedor=ALEGRIA ESTEBAN,false,false,erp,65226,ALEGRIA ESTEBAN
65227,419,2025-12-01,confirmado,264692.70,ERP RESERVA CONFIRMADA vendedor=ALEGRIA ESTEBAN,false,false,erp,65227,ALEGRIA ESTEBAN
65228,419,2025-12-01,facturado,230267.70,ERP VENTA vendedor=ALEGRIA ESTEBAN,false,false,erp,65228,ALEGRIA ESTEBAN
65229,316,2025-12-01,facturado,261083.55,ERP VENTA vendedor=ALEGRIA ESTEBAN,false,false,erp,65229,ALEGRIA ESTEBAN
65230,1794,2025-12-01,facturado,123224.26,ERP VENTA vendedor=ALEGRIA ESTEBAN,false,false,erp,65230,ALEGRIA ESTEBAN
65232,952,2025-12-01,confirmado,123944.96,ERP RESERVA CONFIRMADA vendedor=ALEGRIA ESTEBAN,false,false,erp,65232,ALEGRIA ESTEBAN
65233,891,2025-12-01,facturado,401639.51,ERP VENTA vendedor=ALEGRIA ESTEBAN,false,false,erp,65233,ALEGRIA ESTEBAN
65236,976,2025-12-01,facturado,51516.14,ERP VENTA vendedor=ALEGRIA ESTEBAN,false,false,erp,65236,ALEGRIA ESTEBAN
65237,1183,2025-12-01,facturado,54008.15,ERP VENTA vendedor=ALEGRIA ESTEBAN,false,false,erp,65237,ALEGRIA ESTEBAN
65238,1248,2025-12-01,confirmado,59508.94,ERP RESERVA CONFIRMADA vendedor=PATRICIA CURLO,false,false,erp,65238,PATRICIA CURLO
65239,839,2025-12-01,confirmado,102877.30,ERP RESERVA CONFIRMADA vendedor=ALEGRIA ESTEBAN,false,false,erp,65239,ALEGRIA ESTEBAN
65241,1774,2025-12-01,facturado,189484.99,ERP VENTA vendedor=ALEGRIA ESTEBAN,false,false,erp,65241,ALEGRIA ESTEBAN
65242,824,2025-12-01,confirmado,712754.68,ERP RESERVA CONFIRMADA vendedor=PATRICIA CURLO,false,false,erp,65242,PATRICIA CURLO
65243,804,2025-12-01,confirmado,68654.83,ERP RESERVA CONFIRMADA vendedor=ALEGRIA ESTEBAN,false,false,erp,65243,ALEGRIA ESTEBAN
65244,35,2025-12-01,confirmado,2145883.91,ERP RESERVA CONFIRMADA vendedor=ALEGRIA ESTEBAN,false,false,erp,65244,ALEGRIA ESTEBAN
65247,1146,2025-12-01,confirmado,58796.93,ERP RESERVA CONFIRMADA vendedor=ALEGRIA ESTEBAN,false,false,erp,65247,ALEGRIA ESTEBAN
65169,1757,2025-11-29,confirmado,336194.97,ERP RESERVA CONFIRMADA vendedor=PATRICIA CURLO,false,false,erp,65169,PATRICIA CURLO
65192,42,2025-11-29,facturado,208775.49,ERP VENTA vendedor=ALEGRIA ESTEBAN,false,false,erp,65192,ALEGRIA ESTEBAN
65193,307,2025-11-29,facturado,67564.52,ERP VENTA vendedor=ALEGRIA ESTEBAN,false,false,erp,65193,ALEGRIA ESTEBAN
65194,1529,2025-11-29,facturado,141714.45,ERP VENTA vendedor=ALEGRIA ESTEBAN,false,false,erp,65194,ALEGRIA ESTEBAN
65195,185,2025-11-29,facturado,53545.20,ERP VENTA vendedor=AGUILERA MOLINA LUCAS JD,false,false,erp,65195,AGUILERA MOLINA LUCAS JD
65196,971,2025-11-29,facturado,456939.99,ERP VENTA vendedor=ALEGRIA ESTEBAN,false,false,erp,65196,ALEGRIA ESTEBAN
65197,780,2025-11-29,facturado,50470.43,ERP VENTA vendedor=AGUILERA MOLINA LUCAS JD,false,false,erp,65197,AGUILERA MOLINA LUCAS JD
65198,780,2025-11-29,facturado,6969.60,ERP VENTA vendedor=ALEGRIA ESTEBAN,false,false,erp,65198,ALEGRIA ESTEBAN
65199,645,2025-11-29,facturado,93796.90,ERP VENTA vendedor=ALEGRIA ESTEBAN,false,false,erp,65199,ALEGRIA ESTEBAN
65200,1417,2025-11-29,facturado,52140.61,ERP VENTA vendedor=AGUILERA MOLINA LUCAS JD,false,false,erp,65200,AGUILERA MOLINA LUCAS JD
65183,726,2025-11-28,confirmado,181097.51,ERP RESERVA CONFIRMADA vendedor=PATRICIA CURLO,false,false,erp,65183,PATRICIA CURLO
65184,968,2025-11-28,facturado,838039.29,ERP VENTA vendedor=ARIAS MACARENA,false,false,erp,65184,ARIAS MACARENA
65185,1778,2025-11-28,confirmado,49965.17,ERP RESERVA CONFIRMADA vendedor=ALEGRIA ESTEBAN,false,false,erp,65185,ALEGRIA ESTEBAN
65187,348,2025-11-28,facturado,378479.15,ERP VENTA vendedor=ARIAS MACARENA,false,false,erp,65187,ARIAS MACARENA
65188,1817,2025-11-28,facturado,52054.36,ERP VENTA vendedor=ARIAS MACARENA,false,false,erp,65188,ARIAS MACARENA
65189,1684,2025-11-28,confirmado,60374.20,ERP RESERVA CONFIRMADA vendedor=PATRICIA CURLO,false,false,erp,65189,PATRICIA CURLO
65190,35,2025-11-28,facturado,108000.00,ERP VENTA vendedor=PATRICIA CURLO,false,false,erp,65190,PATRICIA CURLO
65191,1733,2025-11-28,facturado,106192.83,ERP VENTA vendedor=PATRICIA CURLO,false,false,erp,65191,PATRICIA CURLO
65100,962,2025-11-27,confirmado,113639.25,ERP RESERVA CONFIRMADA vendedor=MELLADO FACUNDO,false,false,erp,65100,MELLADO FACUNDO
65106,1254,2025-11-27,confirmado,196329.00,ERP RESERVA CONFIRMADA vendedor=MELLADO FACUNDO,false,false,erp,65106,MELLADO FACUNDO
65108,184,2025-11-27,confirmado,482325.84,ERP RESERVA CONFIRMADA vendedor=MELLADO FACUNDO,false,false,erp,65108,MELLADO FACUNDO
65113,108,2025-11-27,confirmado,228012.96,ERP RESERVA CONFIRMADA vendedor=PATRICIA CURLO,false,false,erp,65113,PATRICIA CURLO
65116,101,2025-11-27,confirmado,73706.57,ERP RESERVA CONFIRMADA vendedor=MELLADO FACUNDO,false,false,erp,65116,MELLADO FACUNDO
65125,851,2025-11-27,confirmado,258293.04,ERP RESERVA CONFIRMADA vendedor=PATRICIA CURLO,false,false,erp,65125,PATRICIA CURLO
65133,1512,2025-11-27,confirmado,237022.79,ERP RESERVA CONFIRMADA vendedor=MELLADO FACUNDO,false,false,erp,65133,MELLADO FACUNDO
65134,348,2025-11-27,confirmado,829662.47,ERP RESERVA CONFIRMADA vendedor=MELLADO FACUNDO,false,false,erp,65134,MELLADO FACUNDO
65135,1384,2025-11-27,confirmado,116363.36,ERP RESERVA CONFIRMADA vendedor=MELLADO FACUNDO,false,false,erp,65135,MELLADO FACUNDO
65140,751,2025-11-27,confirmado,176393.52,ERP RESERVA CONFIRMADA vendedor=MELLADO FACUNDO,false,false,erp,65140,MELLADO FACUNDO
65142,1307,2025-11-27,confirmado,271327.32,ERP RESERVA CONFIRMADA vendedor=MELLADO FACUNDO,false,false,erp,65142,MELLADO FACUNDO
65146,1359,2025-11-27,confirmado,82711.52,ERP RESERVA CONFIRMADA vendedor=MELLADO FACUNDO,false,false,erp,65146,MELLADO FACUNDO
65147,151,2025-11-27,confirmado,319151.25,ERP RESERVA CONFIRMADA vendedor=MELLADO FACUNDO,false,false,erp,65147,MELLADO FACUNDO
65150,36,2025-11-27,confirmado,187042.45,ERP RESERVA CONFIRMADA vendedor=MELLADO FACUNDO,false,false,erp,65150,MELLADO FACUNDO
65153,173,2025-11-27,confirmado,124880.66,ERP RESERVA CONFIRMADA vendedor=MELLADO FACUNDO,false,false,erp,65153,MELLADO FACUNDO
65155,993,2025-11-27,confirmado,512959.08,ERP RESERVA CONFIRMADA vendedor=ALEGRIA ESTEBAN,false,false,erp,65155,ALEGRIA ESTEBAN
65163,996,2025-11-27,confirmado,436162.98,ERP RESERVA CONFIRMADA vendedor=MELLADO FACUNDO,false,false,erp,65163,MELLADO FACUNDO
65164,75,2025-11-27,confirmado,289248.36,ERP RESERVA CONFIRMADA vendedor=MELLADO FACUNDO,false,false,erp,65164,MELLADO FACUNDO
65165,1146,2025-11-27,confirmado,864022.88,ERP RESERVA CONFIRMADA vendedor=MELLADO FACUNDO,false,false,erp,65165,MELLADO FACUNDO
65166,1533,2025-11-27,confirmado,218892.97,ERP RESERVA CONFIRMADA vendedor=MELLADO FACUNDO,false,false,erp,65166,MELLADO FACUNDO
65167,316,2025-11-27,facturado,84680.79,ERP VENTA vendedor=ALEGRIA ESTEBAN,false,false,erp,65167,ALEGRIA ESTEBAN
65168,1342,2025-11-27,confirmado,292803.25,ERP RESERVA CONFIRMADA vendedor=MELLADO FACUNDO,false,false,erp,65168,MELLADO FACUNDO
65170,1754,2025-11-27,facturado,376143.88,ERP VENTA vendedor=ALEGRIA ESTEBAN,false,false,erp,65170,ALEGRIA ESTEBAN
65171,316,2025-11-27,confirmado,78093.40,ERP RESERVA CONFIRMADA vendedor=ARIAS MACARENA,false,false,erp,65171,ARIAS MACARENA
65172,1672,2025-11-27,facturado,369016.66,ERP VENTA vendedor=ALEGRIA ESTEBAN,false,false,erp,65172,ALEGRIA ESTEBAN
65174,700,2025-11-27,facturado,180476.06,ERP VENTA vendedor=ARIAS MACARENA,false,false,erp,65174,ARIAS MACARENA
65175,633,2025-11-27,facturado,72502.93,ERP VENTA vendedor=ARIAS MACARENA,false,false,erp,65175,ARIAS MACARENA
65177,1828,2025-11-27,facturado,471315.65,ERP VENTA vendedor=PATRICIA CURLO,false,false,erp,65177,PATRICIA CURLO
65178,1194,2025-11-27,confirmado,132402.00,ERP RESERVA CONFIRMADA vendedor=PATRICIA CURLO,false,false,erp,65178,PATRICIA CURLO
65179,532,2025-11-27,facturado,26255.79,ERP VENTA vendedor=ALEGRIA ESTEBAN,false,false,erp,65179,ALEGRIA ESTEBAN
65180,42,2025-11-27,facturado,122975.59,ERP VENTA vendedor=ALEGRIA ESTEBAN,false,false,erp,65180,ALEGRIA ESTEBAN
65181,260,2025-11-27,facturado,96681.94,ERP VENTA vendedor=ALEGRIA ESTEBAN,false,false,erp,65181,ALEGRIA ESTEBAN
65182,973,2025-11-27,facturado,59508.94,ERP VENTA vendedor=ALEGRIA ESTEBAN,false,false,erp,65182,ALEGRIA ESTEBAN
65107,968,2025-11-26,confirmado,931154.75,ERP RESERVA CONFIRMADA vendedor=PATRICIA CURLO,false,false,erp,65107,PATRICIA CURLO
65123,1567,2025-11-26,confirmado,659399.70,ERP RESERVA CONFIRMADA vendedor=ALEGRIA ESTEBAN,false,false,erp,65123,ALEGRIA ESTEBAN
65132,46,2025-11-26,confirmado,52420.35,ERP RESERVA CONFIRMADA vendedor=MELLADO FACUNDO,false,false,erp,65132,MELLADO FACUNDO
65136,322,2025-11-26,facturado,63495.00,ERP VENTA vendedor=MELLADO FACUNDO,false,false,erp,65136,MELLADO FACUNDO
65137,125,2025-11-26,confirmado,332338.43,ERP RESERVA CONFIRMADA vendedor=MELLADO FACUNDO,false,false,erp,65137,MELLADO FACUNDO
65138,125,2025-11-26,confirmado,437573.87,ERP RESERVA CONFIRMADA vendedor=MELLADO FACUNDO,false,false,erp,65138,MELLADO FACUNDO
65139,35,2025-11-26,facturado,111944.00,ERP VENTA vendedor=ALEGRIA ESTEBAN,false,false,erp,65139,ALEGRIA ESTEBAN
65141,31,2025-11-26,confirmado,1239950.66,ERP RESERVA CONFIRMADA vendedor=MELLADO FACUNDO,false,false,erp,65141,MELLADO FACUNDO
65143,666,2025-11-26,facturado,65972.22,ERP VENTA vendedor=ALEGRIA ESTEBAN,false,false,erp,65143,ALEGRIA ESTEBAN
65144,1421,2025-11-26,confirmado,277293.49,ERP RESERVA CONFIRMADA vendedor=MELLADO FACUNDO,false,false,erp,65144,MELLADO FACUNDO
65145,1421,2025-11-26,confirmado,246691.89,ERP RESERVA CONFIRMADA vendedor=MELLADO FACUNDO,false,false,erp,65145,MELLADO FACUNDO
65148,1317,2025-11-26,facturado,51843.88,ERP VENTA vendedor=ALEGRIA ESTEBAN,false,false,erp,65148,ALEGRIA ESTEBAN
65149,20,2025-11-26,confirmado,96465.44,ERP RESERVA CONFIRMADA vendedor=MELLADO FACUNDO,false,false,erp,65149,MELLADO FACUNDO
65151,131,2025-11-26,confirmado,524376.51,ERP RESERVA CONFIRMADA vendedor=MELLADO FACUNDO,false,false,erp,65151,MELLADO FACUNDO
65152,1795,2025-11-26,facturado,50534.98,ERP VENTA vendedor=ALEGRIA ESTEBAN,false,false,erp,65152,ALEGRIA ESTEBAN
65154,45,2025-11-26,confirmado,252014.16,ERP RESERVA CONFIRMADA vendedor=ALEGRIA ESTEBAN,false,false,erp,65154,ALEGRIA ESTEBAN
65156,1539,2025-11-26,facturado,62232.86,ERP VENTA vendedor=ALEGRIA ESTEBAN,false,false,erp,65156,ALEGRIA ESTEBAN
65157,131,2025-11-26,facturado,230267.70,ERP VENTA vendedor=MELLADO FACUNDO,false,false,erp,65157,MELLADO FACUNDO
65158,35,2025-11-26,facturado,438142.50,ERP VENTA vendedor=ALEGRIA ESTEBAN,false,false,erp,65158,ALEGRIA ESTEBAN
65159,16,2025-11-26,facturado,325519.90,ERP VENTA vendedor=ALEGRIA ESTEBAN,false,false,erp,65159,ALEGRIA ESTEBAN
65161,1741,2025-11-26,facturado,65232.92,ERP VENTA vendedor=PATRICIA CURLO,false,false,erp,65161,PATRICIA CURLO
65162,1529,2025-11-26,confirmado,176524.16,ERP RESERVA CONFIRMADA vendedor=ALEGRIA ESTEBAN,false,false,erp,65162,ALEGRIA ESTEBAN
65088,909,2025-11-25,confirmado,193434.98,ERP RESERVA CONFIRMADA vendedor=MELLADO FACUNDO,false,false,erp,65088,MELLADO FACUNDO
65089,909,2025-11-25,confirmado,209044.59,ERP RESERVA CONFIRMADA vendedor=MELLADO FACUNDO,false,false,erp,65089,MELLADO FACUNDO
65090,1326,2025-11-25,confirmado,422819.63,ERP RESERVA CONFIRMADA vendedor=MELLADO FACUNDO,false,false,erp,65090,MELLADO FACUNDO
65091,909,2025-11-25,confirmado,280548.82,ERP RESERVA CONFIRMADA vendedor=MELLADO FACUNDO,false,false,erp,65091,MELLADO FACUNDO
65092,1010,2025-11-25,confirmado,69787.97,ERP RESERVA CONFIRMADA vendedor=MELLADO FACUNDO,false,false,erp,65092,MELLADO FACUNDO
65093,815,2025-11-25,confirmado,284369.08,ERP RESERVA CONFIRMADA vendedor=MELLADO FACUNDO,false,false,erp,65093,MELLADO FACUNDO
65094,35,2025-11-25,confirmado,649681.39,ERP RESERVA CONFIRMADA vendedor=MELLADO FACUNDO,false,false,erp,65094,MELLADO FACUNDO
65095,1049,2025-11-25,confirmado,367860.74,ERP RESERVA CONFIRMADA vendedor=MELLADO FACUNDO,false,false,erp,65095,MELLADO FACUNDO
65097,1586,2025-11-25,confirmado,804576.50,ERP RESERVA CONFIRMADA vendedor=MELLADO FACUNDO,false,false,erp,65097,MELLADO FACUNDO
65098,1820,2025-11-25,confirmado,56949.63,ERP RESERVA CONFIRMADA vendedor=MELLADO FACUNDO,false,false,erp,65098,MELLADO FACUNDO
65099,316,2025-11-25,facturado,103037.66,ERP VENTA vendedor=ALEGRIA ESTEBAN,false,false,erp,65099,ALEGRIA ESTEBAN
65101,235,2025-11-25,facturado,151407.76,ERP VENTA vendedor=PATRICIA CURLO,false,false,erp,65101,PATRICIA CURLO
65102,787,2025-11-25,confirmado,154984.64,ERP RESERVA CONFIRMADA vendedor=MELLADO FACUNDO,false,false,erp,65102,MELLADO FACUNDO
65103,710,2025-11-25,confirmado,124312.52,ERP RESERVA CONFIRMADA vendedor=MELLADO FACUNDO,false,false,erp,65103,MELLADO FACUNDO
65104,710,2025-11-25,confirmado,101271.78,ERP RESERVA CONFIRMADA vendedor=MELLADO FACUNDO,false,false,erp,65104,MELLADO FACUNDO
65105,1629,2025-11-25,facturado,196345.78,ERP VENTA vendedor=ALEGRIA ESTEBAN,false,false,erp,65105,ALEGRIA ESTEBAN
65109,574,2025-11-25,confirmado,79752.58,ERP RESERVA CONFIRMADA vendedor=MELLADO FACUNDO,false,false,erp,65109,MELLADO FACUNDO
65110,15,2025-11-25,facturado,400287.00,ERP VENTA vendedor=PATRICIA CURLO,false,false,erp,65110,PATRICIA CURLO
65111,630,2025-11-25,confirmado,246255.31,ERP RESERVA CONFIRMADA vendedor=MELLADO FACUNDO,false,false,erp,65111,MELLADO FACUNDO
65112,1544,2025-11-25,confirmado,697411.71,ERP RESERVA CONFIRMADA vendedor=MELLADO FACUNDO,false,false,erp,65112,MELLADO FACUNDO
65114,1137,2025-11-25,confirmado,382071.38,ERP RESERVA CONFIRMADA vendedor=MELLADO FACUNDO,false,false,erp,65114,MELLADO FACUNDO
65115,854,2025-11-25,confirmado,106778.43,ERP RESERVA CONFIRMADA vendedor=MELLADO FACUNDO,false,false,erp,65115,MELLADO FACUNDO
65117,971,2025-11-25,facturado,502023.19,ERP VENTA vendedor=ALEGRIA ESTEBAN,false,false,erp,65117,ALEGRIA ESTEBAN
65122,804,2025-11-25,confirmado,114964.33,ERP RESERVA CONFIRMADA vendedor=ALEGRIA ESTEBAN,false,false,erp,65122,ALEGRIA ESTEBAN
65124,354,2025-11-25,confirmado,119683.99,ERP RESERVA CONFIRMADA vendedor=ALEGRIA ESTEBAN,false,false,erp,65124,ALEGRIA ESTEBAN
65126,1778,2025-11-25,facturado,27862.39,ERP VENTA vendedor=ALEGRIA ESTEBAN,false,false,erp,65126,ALEGRIA ESTEBAN
65127,650,2025-11-25,confirmado,77260.76,ERP RESERVA CONFIRMADA vendedor=ALEGRIA ESTEBAN,false,false,erp,65127,ALEGRIA ESTEBAN
65128,1241,2025-11-25,confirmado,103274.06,ERP RESERVA CONFIRMADA vendedor=ALEGRIA ESTEBAN,false,false,erp,65128,ALEGRIA ESTEBAN
65129,796,2025-11-25,confirmado,755979.72,ERP RESERVA CONFIRMADA vendedor=ALEGRIA ESTEBAN,false,false,erp,65129,ALEGRIA ESTEBAN
65130,839,2025-11-25,confirmado,361892.36,ERP RESERVA CONFIRMADA vendedor=PATRICIA CURLO,false,false,erp,65130,PATRICIA CURLO
65131,178,2025-11-25,confirmado,910988.21,ERP RESERVA CONFIRMADA vendedor=ALEGRIA ESTEBAN,false,false,erp,65131,ALEGRIA ESTEBAN
65052,1757,2025-11-22,confirmado,320335.83,ERP RESERVA CONFIRMADA vendedor=ALEGRIA ESTEBAN,false,false,erp,65052,ALEGRIA ESTEBAN
65077,316,2025-11-22,facturado,55034.34,ERP VENTA vendedor=ALEGRIA ESTEBAN,false,false,erp,65077,ALEGRIA ESTEBAN
65078,1145,2025-11-22,facturado,51022.61,ERP VENTA vendedor=ALEGRIA ESTEBAN,false,false,erp,65078,ALEGRIA ESTEBAN
65079,1314,2025-11-22,confirmado,847328.94,ERP RESERVA CONFIRMADA vendedor=ALEGRIA ESTEBAN,false,false,erp,65079,ALEGRIA ESTEBAN
65080,159,2025-11-22,confirmado,172269.31,ERP RESERVA CONFIRMADA vendedor=ALEGRIA ESTEBAN,false,false,erp,65080,ALEGRIA ESTEBAN
65081,976,2025-11-22,facturado,52141.20,ERP VENTA vendedor=ALEGRIA ESTEBAN,false,false,erp,65081,ALEGRIA ESTEBAN
65082,90,2025-11-22,facturado,61540.82,ERP VENTA vendedor=ALEGRIA ESTEBAN,false,false,erp,65082,ALEGRIA ESTEBAN
65083,455,2025-11-22,facturado,107838.86,ERP VENTA vendedor=ALEGRIA ESTEBAN,false,false,erp,65083,ALEGRIA ESTEBAN
65084,857,2025-11-22,facturado,41368.00,ERP VENTA vendedor=PATRICIA CURLO,false,false,erp,65084,PATRICIA CURLO
65085,1326,2025-11-22,confirmado,3965930.26,ERP RESERVA CONFIRMADA vendedor=ALEGRIA ESTEBAN,false,false,erp,65085,ALEGRIA ESTEBAN
65086,1326,2025-11-22,confirmado,1876948.56,ERP RESERVA CONFIRMADA vendedor=ALEGRIA ESTEBAN,false,false,erp,65086,ALEGRIA ESTEBAN
65087,1199,2025-11-22,facturado,107484.40,ERP VENTA vendedor=ALEGRIA ESTEBAN,false,false,erp,65087,ALEGRIA ESTEBAN
65060,7,2025-11-21,facturado,25101.49,ERP VENTA vendedor=PATRICIA CURLO,false,false,erp,65060,PATRICIA CURLO
65061,1801,2025-11-21,facturado,57424.68,ERP VENTA vendedor=ARIAS MACARENA,false,false,erp,65061,ARIAS MACARENA
65062,1793,2025-11-21,facturado,135938.22,ERP VENTA vendedor=ARIAS MACARENA,false,false,erp,65062,ARIAS MACARENA
65063,1793,2025-11-21,facturado,154345.02,ERP VENTA vendedor=ARIAS MACARENA,false,false,erp,65063,ARIAS MACARENA
65064,968,2025-11-21,facturado,71780.85,ERP VENTA vendedor=PATRICIA CURLO,false,false,erp,65064,PATRICIA CURLO
65065,611,2025-11-21,facturado,62259.82,ERP VENTA vendedor=ARIAS MACARENA,false,false,erp,65065,ARIAS MACARENA
65066,1722,2025-11-21,facturado,61161.90,ERP VENTA vendedor=ARIAS MACARENA,false,false,erp,65066,ARIAS MACARENA
65067,1722,2025-11-21,facturado,30580.95,ERP VENTA vendedor=ARIAS MACARENA,false,false,erp,65067,ARIAS MACARENA
65068,1827,2025-11-21,facturado,109207.42,ERP VENTA vendedor=PATRICIA CURLO,false,false,erp,65068,PATRICIA CURLO
65069,1827,2025-11-21,facturado,10641.62,ERP VENTA vendedor=PATRICIA CURLO,false,false,erp,65069,PATRICIA CURLO
65070,1789,2025-11-21,facturado,137561.57,ERP VENTA vendedor=PATRICIA CURLO,false,false,erp,65070,PATRICIA CURLO
65071,1359,2025-11-21,facturado,10047.58,ERP VENTA vendedor=ARIAS MACARENA,false,false,erp,65071,ARIAS MACARENA
65072,1359,2025-11-21,facturado,13767.36,ERP VENTA vendedor=ARIAS MACARENA,false,false,erp,65072,ARIAS MACARENA
65073,1750,2025-11-21,facturado,213347.37,ERP VENTA vendedor=PATRICIA CURLO,false,false,erp,65073,PATRICIA CURLO
65074,42,2025-11-21,facturado,68548.83,ERP VENTA vendedor=PATRICIA CURLO,false,false,erp,65074,PATRICIA CURLO
65075,1328,2025-11-21,facturado,219920.68,ERP VENTA vendedor=PATRICIA CURLO,false,false,erp,65075,PATRICIA CURLO
65076,1778,2025-11-21,facturado,115643.95,ERP VENTA vendedor=ALEGRIA ESTEBAN,false,false,erp,65076,ALEGRIA ESTEBAN
64987,1512,2025-11-20,confirmado,683309.24,ERP RESERVA CONFIRMADA vendedor=ALEGRIA ESTEBAN,false,false,erp,64987,ALEGRIA ESTEBAN
65005,824,2025-11-20,confirmado,1056606.71,ERP RESERVA CONFIRMADA vendedor=MELLADO FACUNDO,false,false,erp,65005,MELLADO FACUNDO
65014,1733,2025-11-20,confirmado,133905.33,ERP RESERVA CONFIRMADA vendedor=ALEGRIA ESTEBAN,false,false,erp,65014,ALEGRIA ESTEBAN
65018,428,2025-11-20,confirmado,632806.59,ERP RESERVA CONFIRMADA vendedor=ALEGRIA ESTEBAN,false,false,erp,65018,ALEGRIA ESTEBAN
65026,1320,2025-11-20,confirmado,125825.52,ERP RESERVA CONFIRMADA vendedor=ALEGRIA ESTEBAN,false,false,erp,65026,ALEGRIA ESTEBAN
65038,996,2025-11-20,confirmado,416116.90,ERP RESERVA CONFIRMADA vendedor=ALEGRIA ESTEBAN,false,false,erp,65038,ALEGRIA ESTEBAN
65040,6,2025-11-20,facturado,918328.69,ERP VENTA vendedor=ARIAS MACARENA,false,false,erp,65040,ARIAS MACARENA
65041,957,2025-11-20,confirmado,88671.73,ERP RESERVA CONFIRMADA vendedor=ALEGRIA ESTEBAN,false,false,erp,65041,ALEGRIA ESTEBAN
65042,499,2025-11-20,confirmado,113353.98,ERP RESERVA CONFIRMADA vendedor=ALEGRIA ESTEBAN,false,false,erp,65042,ALEGRIA ESTEBAN
65043,997,2025-11-20,confirmado,104362.69,ERP RESERVA CONFIRMADA vendedor=ALEGRIA ESTEBAN,false,false,erp,65043,ALEGRIA ESTEBAN
65044,1539,2025-11-20,facturado,282533.11,ERP VENTA vendedor=ALEGRIA ESTEBAN,false,false,erp,65044,ALEGRIA ESTEBAN
65045,35,2025-11-20,confirmado,712524.88,ERP RESERVA CONFIRMADA vendedor=MELLADO FACUNDO,false,false,erp,65045,MELLADO FACUNDO
65046,1146,2025-11-20,confirmado,597179.68,ERP RESERVA CONFIRMADA vendedor=MELLADO FACUNDO,false,false,erp,65046,MELLADO FACUNDO
65047,1794,2025-11-20,confirmado,407059.94,ERP RESERVA CONFIRMADA vendedor=MELLADO FACUNDO,false,false,erp,65047,MELLADO FACUNDO
65048,1120,2025-11-20,confirmado,197101.16,ERP RESERVA CONFIRMADA vendedor=MELLADO FACUNDO,false,false,erp,65048,MELLADO FACUNDO
65049,963,2025-11-20,facturado,11169.88,ERP VENTA vendedor=ALEGRIA ESTEBAN,false,false,erp,65049,ALEGRIA ESTEBAN
65050,695,2025-11-20,facturado,200887.90,ERP VENTA vendedor=ALEGRIA ESTEBAN,false,false,erp,65050,ALEGRIA ESTEBAN
65051,131,2025-11-20,facturado,142199.96,ERP VENTA vendedor=PATRICIA CURLO,false,false,erp,65051,PATRICIA CURLO
65053,376,2025-11-20,facturado,82882.42,ERP VENTA vendedor=ALEGRIA ESTEBAN,false,false,erp,65053,ALEGRIA ESTEBAN
65054,626,2025-11-20,facturado,121500.96,ERP VENTA vendedor=ALEGRIA ESTEBAN,false,false,erp,65054,ALEGRIA ESTEBAN
65055,1326,2025-11-20,confirmado,792469.38,ERP RESERVA CONFIRMADA vendedor=PATRICIA CURLO,false,false,erp,65055,PATRICIA CURLO
65056,541,2025-11-20,facturado,595837.39,ERP VENTA vendedor=ALEGRIA ESTEBAN,false,false,erp,65056,ALEGRIA ESTEBAN
65057,1281,2025-11-20,facturado,328267.98,ERP VENTA vendedor=PATRICIA CURLO,false,false,erp,65057,PATRICIA CURLO
65058,16,2025-11-20,facturado,185469.92,ERP VENTA vendedor=PATRICIA CURLO,false,false,erp,65058,PATRICIA CURLO
65059,16,2025-11-20,facturado,55659.00,ERP VENTA vendedor=PATRICIA CURLO,false,false,erp,65059,PATRICIA CURLO
64931,1823,2025-11-19,confirmado,159351.38,ERP RESERVA CONFIRMADA vendedor=PATRICIA CURLO,false,false,erp,64931,PATRICIA CURLO
65000,990,2025-11-19,confirmado,113472.30,ERP RESERVA CONFIRMADA vendedor=MELLADO FACUNDO,false,false,erp,65000,MELLADO FACUNDO
65003,431,2025-11-19,confirmado,232100.29,ERP RESERVA CONFIRMADA vendedor=MELLADO FACUNDO,false,false,erp,65003,MELLADO FACUNDO
65006,488,2025-11-19,confirmado,523140.70,ERP RESERVA CONFIRMADA vendedor=MELLADO FACUNDO,false,false,erp,65006,MELLADO FACUNDO
65013,31,2025-11-19,confirmado,882928.75,ERP RESERVA CONFIRMADA vendedor=ALEGRIA ESTEBAN,false,false,erp,65013,ALEGRIA ESTEBAN
65017,1638,2025-11-19,confirmado,415007.53,ERP RESERVA CONFIRMADA vendedor=ALEGRIA ESTEBAN,false,false,erp,65017,ALEGRIA ESTEBAN
65019,747,2025-11-19,confirmado,359859.92,ERP RESERVA CONFIRMADA vendedor=ALEGRIA ESTEBAN,false,false,erp,65019,ALEGRIA ESTEBAN
65020,963,2025-11-19,facturado,91671.99,ERP VENTA vendedor=ALEGRIA ESTEBAN,false,false,erp,65020,ALEGRIA ESTEBAN
65021,1232,2025-11-19,confirmado,258362.96,ERP RESERVA CONFIRMADA vendedor=ALEGRIA ESTEBAN,false,false,erp,65021,ALEGRIA ESTEBAN
65022,20,2025-11-19,confirmado,141729.00,ERP RESERVA CONFIRMADA vendedor=ALEGRIA ESTEBAN,false,false,erp,65022,ALEGRIA ESTEBAN
65025,316,2025-11-19,facturado,387361.28,ERP VENTA vendedor=ALEGRIA ESTEBAN,false,false,erp,65025,ALEGRIA ESTEBAN
65027,1826,2025-11-19,facturado,63397.63,ERP VENTA vendedor=ALEGRIA ESTEBAN,false,false,erp,65027,ALEGRIA ESTEBAN
65028,1421,2025-11-19,confirmado,490135.31,ERP RESERVA CONFIRMADA vendedor=ALEGRIA ESTEBAN,false,false,erp,65028,ALEGRIA ESTEBAN
65029,831,2025-11-19,confirmado,154450.25,ERP RESERVA CONFIRMADA vendedor=ALEGRIA ESTEBAN,false,false,erp,65029,ALEGRIA ESTEBAN
65030,1264,2025-11-19,confirmado,294038.88,ERP RESERVA CONFIRMADA vendedor=ALEGRIA ESTEBAN,false,false,erp,65030,ALEGRIA ESTEBAN
65031,138,2025-11-19,facturado,359324.59,ERP VENTA vendedor=ALEGRIA ESTEBAN,false,false,erp,65031,ALEGRIA ESTEBAN
65032,1194,2025-11-19,confirmado,63310.12,ERP RESERVA CONFIRMADA vendedor=ARIAS MACARENA,false,false,erp,65032,ARIAS MACARENA
65033,15,2025-11-19,facturado,493881.67,ERP VENTA vendedor=ALEGRIA ESTEBAN,false,false,erp,65033,ALEGRIA ESTEBAN
65034,6,2025-11-19,facturado,361335.54,ERP VENTA vendedor=PATRICIA CURLO,false,false,erp,65034,PATRICIA CURLO
65035,1567,2025-11-19,confirmado,153096.10,ERP RESERVA CONFIRMADA vendedor=ALEGRIA ESTEBAN,false,false,erp,65035,ALEGRIA ESTEBAN
65036,316,2025-11-19,facturado,254800.25,ERP VENTA vendedor=ALEGRIA ESTEBAN,false,false,erp,65036,ALEGRIA ESTEBAN
65037,7,2025-11-19,confirmado,363815.64,ERP RESERVA CONFIRMADA vendedor=ALEGRIA ESTEBAN,false,false,erp,65037,ALEGRIA ESTEBAN
65039,1651,2025-11-19,confirmado,358072.55,ERP RESERVA CONFIRMADA vendedor=ALEGRIA ESTEBAN,false,false,erp,65039,ALEGRIA ESTEBAN
64963,1307,2025-11-18,confirmado,306377.12,ERP RESERVA CONFIRMADA vendedor=MELLADO FACUNDO,false,false,erp,64963,MELLADO FACUNDO
64965,1384,2025-11-18,confirmado,685610.74,ERP RESERVA CONFIRMADA vendedor=MELLADO FACUNDO,false,false,erp,64965,MELLADO FACUNDO
64971,1359,2025-11-18,confirmado,119402.32,ERP RESERVA CONFIRMADA vendedor=MELLADO FACUNDO,false,false,erp,64971,MELLADO FACUNDO
64976,1159,2025-11-18,confirmado,81099.79,ERP RESERVA CONFIRMADA vendedor=ALEGRIA ESTEBAN,false,false,erp,64976,ALEGRIA ESTEBAN
64980,851,2025-11-18,confirmado,80878.51,ERP RESERVA CONFIRMADA vendedor=ALEGRIA ESTEBAN,false,false,erp,64980,ALEGRIA ESTEBAN
64988,804,2025-11-18,confirmado,184587.18,ERP RESERVA CONFIRMADA vendedor=MELLADO FACUNDO,false,false,erp,64988,MELLADO FACUNDO
64989,905,2025-11-18,confirmado,120468.48,ERP RESERVA CONFIRMADA vendedor=MELLADO FACUNDO,false,false,erp,64989,MELLADO FACUNDO
64990,36,2025-11-18,confirmado,279107.65,ERP RESERVA CONFIRMADA vendedor=MELLADO FACUNDO,false,false,erp,64990,MELLADO FACUNDO
64991,947,2025-11-18,confirmado,149448.16,ERP RESERVA CONFIRMADA vendedor=MELLADO FACUNDO,false,false,erp,64991,MELLADO FACUNDO
64992,1254,2025-11-18,confirmado,166329.00,ERP RESERVA CONFIRMADA vendedor=MELLADO FACUNDO,false,false,erp,64992,MELLADO FACUNDO
64994,974,2025-11-18,facturado,138862.17,ERP VENTA vendedor=ALEGRIA ESTEBAN,false,false,erp,64994,ALEGRIA ESTEBAN
64995,125,2025-11-18,confirmado,283286.80,ERP RESERVA CONFIRMADA vendedor=MELLADO FACUNDO,false,false,erp,64995,MELLADO FACUNDO
64996,125,2025-11-18,confirmado,439494.00,ERP RESERVA CONFIRMADA vendedor=MELLADO FACUNDO,false,false,erp,64996,MELLADO FACUNDO
64997,316,2025-11-18,facturado,220071.21,ERP VENTA vendedor=ALEGRIA ESTEBAN,false,false,erp,64997,ALEGRIA ESTEBAN
64998,161,2025-11-18,confirmado,102048.38,ERP RESERVA CONFIRMADA vendedor=MELLADO FACUNDO,false,false,erp,64998,MELLADO FACUNDO
65001,151,2025-11-18,confirmado,255847.51,ERP RESERVA CONFIRMADA vendedor=MELLADO FACUNDO,false,false,erp,65001,MELLADO FACUNDO
65004,1137,2025-11-18,confirmado,222279.45,ERP RESERVA CONFIRMADA vendedor=ALEGRIA ESTEBAN,false,false,erp,65004,ALEGRIA ESTEBAN
65008,152,2025-11-18,confirmado,85604.09,ERP RESERVA CONFIRMADA vendedor=ALEGRIA ESTEBAN,false,false,erp,65008,ALEGRIA ESTEBAN
65009,968,2025-11-18,confirmado,1136227.93,ERP RESERVA CONFIRMADA vendedor=ALEGRIA ESTEBAN,false,false,erp,65009,ALEGRIA ESTEBAN
65010,207,2025-11-18,facturado,64496.72,ERP VENTA vendedor=ALEGRIA ESTEBAN,false,false,erp,65010,ALEGRIA ESTEBAN
65012,633,2025-11-18,facturado,88494.30,ERP VENTA vendedor=ALEGRIA ESTEBAN,false,false,erp,65012,ALEGRIA ESTEBAN
65015,1044,2025-11-18,facturado,53766.58,ERP VENTA vendedor=ALEGRIA ESTEBAN,false,false,erp,65015,ALEGRIA ESTEBAN
65016,108,2025-11-18,confirmado,350062.25,ERP RESERVA CONFIRMADA vendedor=ALEGRIA ESTEBAN,false,false,erp,65016,ALEGRIA ESTEBAN
64910,828,2025-11-17,confirmado,52400.00,ERP RESERVA CONFIRMADA vendedor=MELLADO FACUNDO,false,false,erp,64910,MELLADO FACUNDO
64919,354,2025-11-17,confirmado,136060.49,ERP RESERVA CONFIRMADA vendedor=ALEGRIA ESTEBAN,false,false,erp,64919,ALEGRIA ESTEBAN
64922,1417,2025-11-17,confirmado,73812.42,ERP RESERVA CONFIRMADA vendedor=ALEGRIA ESTEBAN,false,false,erp,64922,ALEGRIA ESTEBAN
64948,35,2025-11-17,confirmado,385397.30,ERP RESERVA CONFIRMADA vendedor=ALEGRIA ESTEBAN,false,false,erp,64948,ALEGRIA ESTEBAN
64949,710,2025-11-17,confirmado,139161.74,ERP RESERVA CONFIRMADA vendedor=ALEGRIA ESTEBAN,false,false,erp,64949,ALEGRIA ESTEBAN
64950,710,2025-11-17,confirmado,40092.16,ERP RESERVA CONFIRMADA vendedor=ALEGRIA ESTEBAN,false,false,erp,64950,ALEGRIA ESTEBAN
64951,815,2025-11-17,confirmado,377076.27,ERP RESERVA CONFIRMADA vendedor=ALEGRIA ESTEBAN,false,false,erp,64951,ALEGRIA ESTEBAN
64952,1326,2025-11-17,confirmado,186011.45,ERP RESERVA CONFIRMADA vendedor=ALEGRIA ESTEBAN,false,false,erp,64952,ALEGRIA ESTEBAN
64953,909,2025-11-17,confirmado,127977.42,ERP RESERVA CONFIRMADA vendedor=ALEGRIA ESTEBAN,false,false,erp,64953,ALEGRIA ESTEBAN
64954,909,2025-11-17,confirmado,191040.21,ERP RESERVA CONFIRMADA vendedor=ALEGRIA ESTEBAN,false,false,erp,64954,ALEGRIA ESTEBAN
64955,909,2025-11-17,confirmado,69405.27,ERP RESERVA CONFIRMADA vendedor=ALEGRIA ESTEBAN,false,false,erp,64955,ALEGRIA ESTEBAN
64956,1820,2025-11-17,confirmado,159740.80,ERP RESERVA CONFIRMADA vendedor=ALEGRIA ESTEBAN,false,false,erp,64956,ALEGRIA ESTEBAN
64957,1586,2025-11-17,confirmado,481983.17,ERP RESERVA CONFIRMADA vendedor=ALEGRIA ESTEBAN,false,false,erp,64957,ALEGRIA ESTEBAN
64958,1247,2025-11-17,confirmado,3817430.93,ERP RESERVA CONFIRMADA vendedor=MELLADO FACUNDO,false,false,erp,64958,MELLADO FACUNDO
64959,1326,2025-11-17,confirmado,883464.51,ERP RESERVA CONFIRMADA vendedor=MELLADO FACUNDO,false,false,erp,64959,MELLADO FACUNDO
64960,316,2025-11-17,facturado,262263.34,ERP VENTA vendedor=ALEGRIA ESTEBAN,false,false,erp,64960,ALEGRIA ESTEBAN
64961,1326,2025-11-17,confirmado,811219.53,ERP RESERVA CONFIRMADA vendedor=MELLADO FACUNDO,false,false,erp,64961,MELLADO FACUNDO
64962,971,2025-11-17,facturado,465088.66,ERP VENTA vendedor=ALEGRIA ESTEBAN,false,false,erp,64962,ALEGRIA ESTEBAN
64964,1137,2025-11-17,confirmado,493693.45,ERP RESERVA CONFIRMADA vendedor=MELLADO FACUNDO,false,false,erp,64964,MELLADO FACUNDO
64966,908,2025-11-17,confirmado,276932.32,ERP RESERVA CONFIRMADA vendedor=MELLADO FACUNDO,false,false,erp,64966,MELLADO FACUNDO
64968,630,2025-11-17,confirmado,343056.18,ERP RESERVA CONFIRMADA vendedor=MELLADO FACUNDO,false,false,erp,64968,MELLADO FACUNDO
64969,1693,2025-11-17,confirmado,114060.13,ERP RESERVA CONFIRMADA vendedor=MELLADO FACUNDO,false,false,erp,64969,MELLADO FACUNDO
64970,1219,2025-11-17,confirmado,199492.60,ERP RESERVA CONFIRMADA vendedor=MELLADO FACUNDO,false,false,erp,64970,MELLADO FACUNDO
64972,796,2025-11-17,confirmado,898226.00,ERP RESERVA CONFIRMADA vendedor=MELLADO FACUNDO,false,false,erp,64972,MELLADO FACUNDO
64973,1764,2025-11-17,facturado,58888.00,ERP VENTA vendedor=ARIAS MACARENA,false,false,erp,64973,ARIAS MACARENA
64974,640,2025-11-17,facturado,232320.00,ERP VENTA vendedor=ARIAS MACARENA,false,false,erp,64974,ARIAS MACARENA
64975,1241,2025-11-17,confirmado,255324.74,ERP RESERVA CONFIRMADA vendedor=ALEGRIA ESTEBAN,false,false,erp,64975,ALEGRIA ESTEBAN
64979,700,2025-11-17,confirmado,102887.25,ERP RESERVA CONFIRMADA vendedor=ALEGRIA ESTEBAN,false,false,erp,64979,ALEGRIA ESTEBAN
64981,891,2025-11-17,facturado,690314.56,ERP VENTA vendedor=ALEGRIA ESTEBAN,false,false,erp,64981,ALEGRIA ESTEBAN
64982,509,2025-11-17,facturado,346095.40,ERP VENTA vendedor=ALEGRIA ESTEBAN,false,false,erp,64982,ALEGRIA ESTEBAN
64983,35,2025-11-17,confirmado,1552311.13,ERP RESERVA CONFIRMADA vendedor=ALEGRIA ESTEBAN,false,false,erp,64983,ALEGRIA ESTEBAN
64984,419,2025-11-17,confirmado,97087.60,ERP RESERVA CONFIRMADA vendedor=ALEGRIA ESTEBAN,false,false,erp,64984,ALEGRIA ESTEBAN
64985,872,2025-11-17,confirmado,388839.68,ERP RESERVA CONFIRMADA vendedor=AGUILERA MOLINA LUCAS JD,false,false,erp,64985,AGUILERA MOLINA LUCAS JD
64934,1010,2025-11-15,confirmado,209905.96,ERP RESERVA CONFIRMADA vendedor=ALEGRIA ESTEBAN,false,false,erp,64934,ALEGRIA ESTEBAN
64935,636,2025-11-15,confirmado,118090.70,ERP RESERVA CONFIRMADA vendedor=ALEGRIA ESTEBAN,false,false,erp,64935,ALEGRIA ESTEBAN
64936,737,2025-11-15,facturado,62386.93,ERP VENTA vendedor=ALEGRIA ESTEBAN,false,false,erp,64936,ALEGRIA ESTEBAN
64939,1039,2025-11-15,facturado,588981.14,ERP VENTA vendedor=ALEGRIA ESTEBAN,false,false,erp,64939,ALEGRIA ESTEBAN
64940,1563,2025-11-15,facturado,61378.38,ERP VENTA vendedor=AGUILERA MOLINA LUCAS JD,false,false,erp,64940,AGUILERA MOLINA LUCAS JD
64941,1595,2025-11-15,facturado,52713.08,ERP VENTA vendedor=ALEGRIA ESTEBAN,false,false,erp,64941,ALEGRIA ESTEBAN
64942,1291,2025-11-15,facturado,245641.44,ERP VENTA vendedor=AGUILERA MOLINA LUCAS JD,false,false,erp,64942,AGUILERA MOLINA LUCAS JD
64943,1824,2025-11-15,facturado,101334.96,ERP VENTA vendedor=ALEGRIA ESTEBAN,false,false,erp,64943,ALEGRIA ESTEBAN
64944,1519,2025-11-15,facturado,68368.00,ERP VENTA vendedor=ALEGRIA ESTEBAN,false,false,erp,64944,ALEGRIA ESTEBAN
64945,1291,2025-11-15,facturado,40500.32,ERP VENTA vendedor=ALEGRIA ESTEBAN,false,false,erp,64945,ALEGRIA ESTEBAN
64946,1825,2025-11-15,facturado,51832.54,ERP VENTA vendedor=ALEGRIA ESTEBAN,false,false,erp,64946,ALEGRIA ESTEBAN
64947,974,2025-11-15,facturado,122323.80,ERP VENTA vendedor=ALEGRIA ESTEBAN,false,false,erp,64947,ALEGRIA ESTEBAN
64923,36,2025-11-14,confirmado,352242.04,ERP RESERVA CONFIRMADA vendedor=ALEGRIA ESTEBAN,false,false,erp,64923,ALEGRIA ESTEBAN
64924,35,2025-11-14,facturado,348771.59,ERP VENTA vendedor=ARIAS MACARENA,false,false,erp,64924,ARIAS MACARENA
64925,89,2025-11-14,confirmado,1160289.40,ERP RESERVA CONFIRMADA vendedor=ALEGRIA ESTEBAN,false,false,erp,64925,ALEGRIA ESTEBAN
64926,851,2025-11-14,facturado,68946.00,ERP VENTA vendedor=ALEGRIA ESTEBAN,false,false,erp,64926,ALEGRIA ESTEBAN
64927,1342,2025-11-14,facturado,476194.34,ERP VENTA vendedor=PATRICIA CURLO,false,false,erp,64927,PATRICIA CURLO
64929,1612,2025-11-14,facturado,51526.06,ERP VENTA vendedor=ALEGRIA ESTEBAN,false,false,erp,64929,ALEGRIA ESTEBAN
64930,1807,2025-11-14,facturado,45950.84,ERP VENTA vendedor=ARIAS MACARENA,false,false,erp,64930,ARIAS MACARENA
64932,1733,2025-11-14,facturado,95643.96,ERP VENTA vendedor=PATRICIA CURLO,false,false,erp,64932,PATRICIA CURLO
64933,1810,2025-11-14,facturado,319011.58,ERP VENTA vendedor=ALEGRIA ESTEBAN,false,false,erp,64933,ALEGRIA ESTEBAN
64829,1461,2025-11-13,confirmado,83865.34,ERP RESERVA CONFIRMADA vendedor=MELLADO FACUNDO,false,false,erp,64829,MELLADO FACUNDO
64878,1652,2025-11-13,confirmado,80288.19,ERP RESERVA CONFIRMADA vendedor=ALEGRIA ESTEBAN,false,false,erp,64878,ALEGRIA ESTEBAN
64879,1438,2025-11-13,confirmado,84789.28,ERP RESERVA CONFIRMADA vendedor=ALEGRIA ESTEBAN,false,false,erp,64879,ALEGRIA ESTEBAN
64880,344,2025-11-13,confirmado,85891.04,ERP RESERVA CONFIRMADA vendedor=ALEGRIA ESTEBAN,false,false,erp,64880,ALEGRIA ESTEBAN
64884,957,2025-11-13,confirmado,133173.26,ERP RESERVA CONFIRMADA vendedor=ALEGRIA ESTEBAN,false,false,erp,64884,ALEGRIA ESTEBAN
64890,583,2025-11-13,confirmado,108937.92,ERP RESERVA CONFIRMADA vendedor=ALEGRIA ESTEBAN,false,false,erp,64890,ALEGRIA ESTEBAN
64891,38,2025-11-13,confirmado,235885.36,ERP RESERVA CONFIRMADA vendedor=ALEGRIA ESTEBAN,false,false,erp,64891,ALEGRIA ESTEBAN
64894,1512,2025-11-13,confirmado,699836.50,ERP RESERVA CONFIRMADA vendedor=MELLADO FACUNDO,false,false,erp,64894,MELLADO FACUNDO
64899,131,2025-11-13,confirmado,236047.33,ERP RESERVA CONFIRMADA vendedor=ALEGRIA ESTEBAN,false,false,erp,64899,ALEGRIA ESTEBAN
64900,902,2025-11-13,facturado,112310.94,ERP VENTA vendedor=ALEGRIA ESTEBAN,false,false,erp,64900,ALEGRIA ESTEBAN
64901,1,2025-11-13,facturado,59744.05,ERP VENTA vendedor=ALEGRIA ESTEBAN,false,false,erp,64901,ALEGRIA ESTEBAN
64902,996,2025-11-13,confirmado,396632.28,ERP RESERVA CONFIRMADA vendedor=ALEGRIA ESTEBAN,false,false,erp,64902,ALEGRIA ESTEBAN
64903,1651,2025-11-13,confirmado,310012.06,ERP RESERVA CONFIRMADA vendedor=ALEGRIA ESTEBAN,false,false,erp,64903,ALEGRIA ESTEBAN
64904,1146,2025-11-13,confirmado,706202.98,ERP RESERVA CONFIRMADA vendedor=ALEGRIA ESTEBAN,false,false,erp,64904,ALEGRIA ESTEBAN
64905,140,2025-11-13,confirmado,219888.09,ERP RESERVA CONFIRMADA vendedor=ALEGRIA ESTEBAN,false,false,erp,64905,ALEGRIA ESTEBAN
64906,1320,2025-11-13,confirmado,111272.63,ERP RESERVA CONFIRMADA vendedor=MELLADO FACUNDO,false,false,erp,64906,MELLADO FACUNDO
64907,1146,2025-11-13,confirmado,136414.28,ERP RESERVA CONFIRMADA vendedor=ALEGRIA ESTEBAN,false,false,erp,64907,ALEGRIA ESTEBAN
64908,54,2025-11-13,confirmado,770422.05,ERP RESERVA CONFIRMADA vendedor=MELLADO FACUNDO,false,false,erp,64908,MELLADO FACUNDO
64909,867,2025-11-13,facturado,55724.78,ERP VENTA vendedor=ALEGRIA ESTEBAN,false,false,erp,64909,ALEGRIA ESTEBAN
64911,867,2025-11-13,facturado,60638.56,ERP VENTA vendedor=ALEGRIA ESTEBAN,false,false,erp,64911,ALEGRIA ESTEBAN
64912,35,2025-11-13,facturado,41368.00,ERP VENTA vendedor=ARIAS MACARENA,false,false,erp,64912,ARIAS MACARENA
64913,35,2025-11-13,facturado,20684.00,ERP VENTA vendedor=ARIAS MACARENA,false,false,erp,64913,ARIAS MACARENA
64914,1754,2025-11-13,facturado,170353.02,ERP VENTA vendedor=PATRICIA CURLO,false,false,erp,64914,PATRICIA CURLO
64915,35,2025-11-13,facturado,103420.00,ERP VENTA vendedor=ALEGRIA ESTEBAN,false,false,erp,64915,ALEGRIA ESTEBAN
64916,839,2025-11-13,facturado,123994.76,ERP VENTA vendedor=PATRICIA CURLO,false,false,erp,64916,PATRICIA CURLO
64917,35,2025-11-13,confirmado,387523.20,ERP RESERVA CONFIRMADA vendedor=ALEGRIA ESTEBAN,false,false,erp,64917,ALEGRIA ESTEBAN
64918,993,2025-11-13,confirmado,503944.00,ERP RESERVA CONFIRMADA vendedor=ALEGRIA ESTEBAN,false,false,erp,64918,ALEGRIA ESTEBAN
64920,42,2025-11-13,facturado,91773.75,ERP VENTA vendedor=ALEGRIA ESTEBAN,false,false,erp,64920,ALEGRIA ESTEBAN
64921,968,2025-11-13,facturado,303252.18,ERP VENTA vendedor=ALEGRIA ESTEBAN,false,false,erp,64921,ALEGRIA ESTEBAN
64868,1214,2025-11-12,confirmado,113236.08,ERP RESERVA CONFIRMADA vendedor=ALEGRIA ESTEBAN,false,false,erp,64868,ALEGRIA ESTEBAN
64869,31,2025-11-12,confirmado,763960.14,ERP RESERVA CONFIRMADA vendedor=ALEGRIA ESTEBAN,false,false,erp,64869,ALEGRIA ESTEBAN
64872,1567,2025-11-12,confirmado,632789.72,ERP RESERVA CONFIRMADA vendedor=ALEGRIA ESTEBAN,false,false,erp,64872,ALEGRIA ESTEBAN
64877,1421,2025-11-12,confirmado,381542.83,ERP RESERVA CONFIRMADA vendedor=ALEGRIA ESTEBAN,false,false,erp,64877,ALEGRIA ESTEBAN
64881,460,2025-11-12,confirmado,698788.01,ERP RESERVA CONFIRMADA vendedor=ALEGRIA ESTEBAN,false,false,erp,64881,ALEGRIA ESTEBAN
64882,1791,2025-11-12,facturado,187132.85,ERP VENTA vendedor=ALEGRIA ESTEBAN,false,false,erp,64882,ALEGRIA ESTEBAN
64883,532,2025-11-12,confirmado,530926.25,ERP RESERVA CONFIRMADA vendedor=ALEGRIA ESTEBAN,false,false,erp,64883,ALEGRIA ESTEBAN
64885,797,2025-11-12,confirmado,386082.75,ERP RESERVA CONFIRMADA vendedor=ALEGRIA ESTEBAN,false,false,erp,64885,ALEGRIA ESTEBAN
64886,316,2025-11-12,facturado,82389.66,ERP VENTA vendedor=ALEGRIA ESTEBAN,false,false,erp,64886,ALEGRIA ESTEBAN
64887,695,2025-11-12,facturado,87745.89,ERP VENTA vendedor=ALEGRIA ESTEBAN,false,false,erp,64887,ALEGRIA ESTEBAN
64888,1815,2025-11-12,facturado,90886.00,ERP VENTA vendedor=ARIAS MACARENA,false,false,erp,64888,ARIAS MACARENA
64889,849,2025-11-12,confirmado,117689.72,ERP RESERVA CONFIRMADA vendedor=ALEGRIA ESTEBAN,false,false,erp,64889,ALEGRIA ESTEBAN
64892,75,2025-11-12,confirmado,121656.15,ERP RESERVA CONFIRMADA vendedor=MELLADO FACUNDO,false,false,erp,64892,MELLADO FACUNDO
64893,1794,2025-11-12,confirmado,206103.50,ERP RESERVA CONFIRMADA vendedor=MELLADO FACUNDO,false,false,erp,64893,MELLADO FACUNDO
64895,1414,2025-11-12,facturado,200079.15,ERP VENTA vendedor=ALEGRIA ESTEBAN,false,false,erp,64895,ALEGRIA ESTEBAN
64896,7,2025-11-12,confirmado,446193.49,ERP RESERVA CONFIRMADA vendedor=PATRICIA CURLO,false,false,erp,64896,PATRICIA CURLO
64897,1414,2025-11-12,facturado,134712.76,ERP VENTA vendedor=ALEGRIA ESTEBAN,false,false,erp,64897,ALEGRIA ESTEBAN
64898,31,2025-11-12,facturado,302431.64,ERP VENTA vendedor=PATRICIA CURLO,false,false,erp,64898,PATRICIA CURLO
64824,1107,2025-11-11,confirmado,315869.63,ERP RESERVA CONFIRMADA vendedor=MELLADO FACUNDO,false,false,erp,64824,MELLADO FACUNDO
64834,1159,2025-11-11,confirmado,106608.40,ERP RESERVA CONFIRMADA vendedor=MELLADO FACUNDO,false,false,erp,64834,MELLADO FACUNDO
64844,1359,2025-11-11,confirmado,202076.33,ERP RESERVA CONFIRMADA vendedor=ALEGRIA ESTEBAN,false,false,erp,64844,ALEGRIA ESTEBAN
64847,851,2025-11-11,confirmado,310003.22,ERP RESERVA CONFIRMADA vendedor=ALEGRIA ESTEBAN,false,false,erp,64847,ALEGRIA ESTEBAN
64849,143,2025-11-11,confirmado,172222.54,ERP RESERVA CONFIRMADA vendedor=ALEGRIA ESTEBAN,false,false,erp,64849,ALEGRIA ESTEBAN
64850,36,2025-11-11,confirmado,325376.32,ERP RESERVA CONFIRMADA vendedor=ALEGRIA ESTEBAN,false,false,erp,64850,ALEGRIA ESTEBAN
64851,947,2025-11-11,confirmado,54381.92,ERP RESERVA CONFIRMADA vendedor=ALEGRIA ESTEBAN,false,false,erp,64851,ALEGRIA ESTEBAN
64852,184,2025-11-11,confirmado,415603.72,ERP RESERVA CONFIRMADA vendedor=ALEGRIA ESTEBAN,false,false,erp,64852,ALEGRIA ESTEBAN
64853,1533,2025-11-11,confirmado,102930.40,ERP RESERVA CONFIRMADA vendedor=ALEGRIA ESTEBAN,false,false,erp,64853,ALEGRIA ESTEBAN
64854,1254,2025-11-11,confirmado,120886.00,ERP RESERVA CONFIRMADA vendedor=ALEGRIA ESTEBAN,false,false,erp,64854,ALEGRIA ESTEBAN
64856,1586,2025-11-11,facturado,277628.97,ERP VENTA vendedor=ALEGRIA ESTEBAN,false,false,erp,64856,ALEGRIA ESTEBAN
64857,1586,2025-11-11,facturado,62052.00,ERP VENTA vendedor=ALEGRIA ESTEBAN,false,false,erp,64857,ALEGRIA ESTEBAN
64858,151,2025-11-11,confirmado,445760.89,ERP RESERVA CONFIRMADA vendedor=ALEGRIA ESTEBAN,false,false,erp,64858,ALEGRIA ESTEBAN
64859,316,2025-11-11,facturado,555798.20,ERP VENTA vendedor=ALEGRIA ESTEBAN,false,false,erp,64859,ALEGRIA ESTEBAN
64860,375,2025-11-11,facturado,56715.40,ERP VENTA vendedor=ALEGRIA ESTEBAN,false,false,erp,64860,ALEGRIA ESTEBAN
64861,161,2025-11-11,confirmado,104841.50,ERP RESERVA CONFIRMADA vendedor=ALEGRIA ESTEBAN,false,false,erp,64861,ALEGRIA ESTEBAN
64862,971,2025-11-11,facturado,467670.38,ERP VENTA vendedor=ALEGRIA ESTEBAN,false,false,erp,64862,ALEGRIA ESTEBAN
64863,1,2025-11-11,facturado,58000.02,ERP VENTA vendedor=ARIAS MACARENA,false,false,erp,64863,ARIAS MACARENA
64864,1194,2025-11-11,confirmado,171448.70,ERP RESERVA CONFIRMADA vendedor=ALEGRIA ESTEBAN,false,false,erp,64864,ALEGRIA ESTEBAN
64865,1120,2025-11-11,confirmado,158501.59,ERP RESERVA CONFIRMADA vendedor=ALEGRIA ESTEBAN,false,false,erp,64865,ALEGRIA ESTEBAN
64866,89,2025-11-11,facturado,434408.06,ERP VENTA vendedor=ALEGRIA ESTEBAN,false,false,erp,64866,ALEGRIA ESTEBAN
64867,39,2025-11-11,confirmado,321227.80,ERP RESERVA CONFIRMADA vendedor=ALEGRIA ESTEBAN,false,false,erp,64867,ALEGRIA ESTEBAN
64870,124,2025-11-11,confirmado,1256315.39,ERP RESERVA CONFIRMADA vendedor=ALEGRIA ESTEBAN,false,false,erp,64870,ALEGRIA ESTEBAN
64871,828,2025-11-11,confirmado,265627.40,ERP RESERVA CONFIRMADA vendedor=ALEGRIA ESTEBAN,false,false,erp,64871,ALEGRIA ESTEBAN
64873,316,2025-11-11,facturado,57583.60,ERP VENTA vendedor=ALEGRIA ESTEBAN,false,false,erp,64873,ALEGRIA ESTEBAN
64874,316,2025-11-11,facturado,38695.80,ERP VENTA vendedor=ALEGRIA ESTEBAN,false,false,erp,64874,ALEGRIA ESTEBAN
64876,1594,2025-11-11,confirmado,96059.23,ERP RESERVA CONFIRMADA vendedor=ALEGRIA ESTEBAN,false,false,erp,64876,ALEGRIA ESTEBAN
64805,815,2025-11-10,confirmado,138932.17,ERP RESERVA CONFIRMADA vendedor=ALEGRIA ESTEBAN,false,false,erp,64805,ALEGRIA ESTEBAN
64806,35,2025-11-10,confirmado,508244.20,ERP RESERVA CONFIRMADA vendedor=MELLADO FACUNDO,false,false,erp,64806,MELLADO FACUNDO
64807,909,2025-11-10,confirmado,194312.18,ERP RESERVA CONFIRMADA vendedor=MELLADO FACUNDO,false,false,erp,64807,MELLADO FACUNDO
64808,909,2025-11-10,confirmado,116487.59,ERP RESERVA CONFIRMADA vendedor=MELLADO FACUNDO,false,false,erp,64808,MELLADO FACUNDO
64809,710,2025-11-10,confirmado,86961.72,ERP RESERVA CONFIRMADA vendedor=MELLADO FACUNDO,false,false,erp,64809,MELLADO FACUNDO
64810,710,2025-11-10,confirmado,155822.84,ERP RESERVA CONFIRMADA vendedor=MELLADO FACUNDO,false,false,erp,64810,MELLADO FACUNDO
64811,1326,2025-11-10,confirmado,376605.33,ERP RESERVA CONFIRMADA vendedor=MELLADO FACUNDO,false,false,erp,64811,MELLADO FACUNDO
64812,1326,2025-11-10,confirmado,2098374.27,ERP RESERVA CONFIRMADA vendedor=MELLADO FACUNDO,false,false,erp,64812,MELLADO FACUNDO
64813,1326,2025-11-10,confirmado,1432507.94,ERP RESERVA CONFIRMADA vendedor=MELLADO FACUNDO,false,false,erp,64813,MELLADO FACUNDO
64814,1442,2025-11-10,facturado,782519.58,ERP VENTA vendedor=MELLADO FACUNDO,false,false,erp,64814,MELLADO FACUNDO
64815,1442,2025-11-10,confirmado,888684.95,ERP RESERVA CONFIRMADA vendedor=MELLADO FACUNDO,false,false,erp,64815,MELLADO FACUNDO
64816,909,2025-11-10,confirmado,134017.54,ERP RESERVA CONFIRMADA vendedor=MELLADO FACUNDO,false,false,erp,64816,MELLADO FACUNDO
64817,1586,2025-11-10,confirmado,283202.67,ERP RESERVA CONFIRMADA vendedor=MELLADO FACUNDO,false,false,erp,64817,MELLADO FACUNDO
64818,1049,2025-11-10,confirmado,106338.58,ERP RESERVA CONFIRMADA vendedor=MELLADO FACUNDO,false,false,erp,64818,MELLADO FACUNDO
64819,1241,2025-11-10,confirmado,105299.65,ERP RESERVA CONFIRMADA vendedor=MELLADO FACUNDO,false,false,erp,64819,MELLADO FACUNDO
64820,1307,2025-11-10,facturado,72799.05,ERP VENTA vendedor=ALEGRIA ESTEBAN,false,false,erp,64820,ALEGRIA ESTEBAN
64821,787,2025-11-10,confirmado,134312.39,ERP RESERVA CONFIRMADA vendedor=MELLADO FACUNDO,false,false,erp,64821,MELLADO FACUNDO
64822,1155,2025-11-10,confirmado,327882.55,ERP RESERVA CONFIRMADA vendedor=MELLADO FACUNDO,false,false,erp,64822,MELLADO FACUNDO
64823,1146,2025-11-10,facturado,19582.32,ERP VENTA vendedor=ARIAS MACARENA,false,false,erp,64823,ARIAS MACARENA
64825,1176,2025-11-10,facturado,69675.88,ERP VENTA vendedor=ALEGRIA ESTEBAN,false,false,erp,64825,ALEGRIA ESTEBAN
64826,650,2025-11-10,confirmado,501780.94,ERP RESERVA CONFIRMADA vendedor=MELLADO FACUNDO,false,false,erp,64826,MELLADO FACUNDO
64827,35,2025-11-10,confirmado,1542461.03,ERP RESERVA CONFIRMADA vendedor=MELLADO FACUNDO,false,false,erp,64827,MELLADO FACUNDO
64828,695,2025-11-10,facturado,63602.30,ERP VENTA vendedor=ALEGRIA ESTEBAN,false,false,erp,64828,ALEGRIA ESTEBAN
64830,796,2025-11-10,confirmado,682081.14,ERP RESERVA CONFIRMADA vendedor=MELLADO FACUNDO,false,false,erp,64830,MELLADO FACUNDO
64831,354,2025-11-10,confirmado,103995.99,ERP RESERVA CONFIRMADA vendedor=MELLADO FACUNDO,false,false,erp,64831,MELLADO FACUNDO
64835,857,2025-11-10,confirmado,198024.57,ERP RESERVA CONFIRMADA vendedor=MELLADO FACUNDO,false,false,erp,64835,MELLADO FACUNDO
64836,509,2025-11-10,confirmado,741376.32,ERP RESERVA CONFIRMADA vendedor=MELLADO FACUNDO,false,false,erp,64836,MELLADO FACUNDO
64837,857,2025-11-10,facturado,36018.68,ERP VENTA vendedor=ALEGRIA ESTEBAN,false,false,erp,64837,ALEGRIA ESTEBAN
64839,1774,2025-11-10,facturado,378331.17,ERP VENTA vendedor=ALEGRIA ESTEBAN,false,false,erp,64839,ALEGRIA ESTEBAN
64840,1774,2025-11-10,facturado,39.93,ERP VENTA vendedor=PATRICIA CURLO,false,false,erp,64840,PATRICIA CURLO
64842,419,2025-11-10,confirmado,280685.67,ERP RESERVA CONFIRMADA vendedor=ALEGRIA ESTEBAN,false,false,erp,64842,ALEGRIA ESTEBAN
64843,1519,2025-11-10,confirmado,247430.94,ERP RESERVA CONFIRMADA vendedor=ALEGRIA ESTEBAN,false,false,erp,64843,ALEGRIA ESTEBAN
64845,1248,2025-11-10,confirmado,68410.62,ERP RESERVA CONFIRMADA vendedor=PATRICIA CURLO,false,false,erp,64845,PATRICIA CURLO
64846,42,2025-11-10,facturado,106880.19,ERP VENTA vendedor=ALEGRIA ESTEBAN,false,false,erp,64846,ALEGRIA ESTEBAN
64848,804,2025-11-10,confirmado,170433.24,ERP RESERVA CONFIRMADA vendedor=ALEGRIA ESTEBAN,false,false,erp,64848,ALEGRIA ESTEBAN
64801,658,2025-11-08,facturado,264801.10,ERP VENTA vendedor=ALEGRIA ESTEBAN,false,false,erp,64801,ALEGRIA ESTEBAN
64802,90,2025-11-08,facturado,85975.34,ERP VENTA vendedor=ALEGRIA ESTEBAN,false,false,erp,64802,ALEGRIA ESTEBAN
64803,1609,2025-11-08,facturado,546846.66,ERP VENTA vendedor=ALEGRIA ESTEBAN,false,false,erp,64803,ALEGRIA ESTEBAN
64804,235,2025-11-08,facturado,51549.45,ERP VENTA vendedor=ALEGRIA ESTEBAN,false,false,erp,64804,ALEGRIA ESTEBAN
64786,1651,2025-11-07,confirmado,338428.86,ERP RESERVA CONFIRMADA vendedor=MELLADO FACUNDO,false,false,erp,64786,MELLADO FACUNDO
64787,1512,2025-11-07,facturado,1655025.90,ERP VENTA vendedor=PATRICIA CURLO,false,false,erp,64787,PATRICIA CURLO
64788,591,2025-11-07,facturado,488930.60,ERP VENTA vendedor=PATRICIA CURLO,false,false,erp,64788,PATRICIA CURLO
64789,591,2025-11-07,facturado,35782.30,ERP VENTA vendedor=PATRICIA CURLO,false,false,erp,64789,PATRICIA CURLO
64790,316,2025-11-07,facturado,82389.64,ERP VENTA vendedor=ARIAS MACARENA,false,false,erp,64790,ARIAS MACARENA
64791,891,2025-11-07,facturado,422641.22,ERP VENTA vendedor=ARIAS MACARENA,false,false,erp,64791,ARIAS MACARENA
64792,891,2025-11-07,confirmado,30621.22,ERP RESERVA CONFIRMADA vendedor=ARIAS MACARENA,false,false,erp,64792,ARIAS MACARENA
64793,1672,2025-11-07,facturado,57625.00,ERP VENTA vendedor=PATRICIA CURLO,false,false,erp,64793,PATRICIA CURLO
64795,973,2025-11-07,facturado,51641.08,ERP VENTA vendedor=ALEGRIA ESTEBAN,false,false,erp,64795,ALEGRIA ESTEBAN
64796,376,2025-11-07,facturado,60638.56,ERP VENTA vendedor=ARIAS MACARENA,false,false,erp,64796,ARIAS MACARENA
64797,376,2025-11-07,facturado,14406.25,ERP VENTA vendedor=ARIAS MACARENA,false,false,erp,64797,ARIAS MACARENA
64798,376,2025-11-07,facturado,14406.25,ERP VENTA vendedor=ARIAS MACARENA,false,false,erp,64798,ARIAS MACARENA
64799,1822,2025-11-07,facturado,134667.71,ERP VENTA vendedor=PATRICIA CURLO,false,false,erp,64799,PATRICIA CURLO
64800,419,2025-11-07,confirmado,49965.17,ERP RESERVA CONFIRMADA vendedor=PATRICIA CURLO,false,false,erp,64800,PATRICIA CURLO
64698,200,2025-11-06,confirmado,169302.50,ERP RESERVA CONFIRMADA vendedor=ALEGRIA ESTEBAN,false,false,erp,64698,ALEGRIA ESTEBAN
64740,607,2025-11-06,confirmado,99813.96,ERP RESERVA CONFIRMADA vendedor=MELLADO FACUNDO,false,false,erp,64740,MELLADO FACUNDO
64741,993,2025-11-06,confirmado,380067.74,ERP RESERVA CONFIRMADA vendedor=MELLADO FACUNDO,false,false,erp,64741,MELLADO FACUNDO
64743,35,2025-11-06,confirmado,455828.17,ERP RESERVA CONFIRMADA vendedor=MELLADO FACUNDO,false,false,erp,64743,MELLADO FACUNDO
64763,1821,2025-11-06,confirmado,105976.79,ERP RESERVA CONFIRMADA vendedor=ALEGRIA ESTEBAN,false,false,erp,64763,ALEGRIA ESTEBAN
64765,7,2025-11-06,confirmado,393924.11,ERP RESERVA CONFIRMADA vendedor=MELLADO FACUNDO,false,false,erp,64765,MELLADO FACUNDO
64766,499,2025-11-06,confirmado,126546.69,ERP RESERVA CONFIRMADA vendedor=MELLADO FACUNDO,false,false,erp,64766,MELLADO FACUNDO
64767,56,2025-11-06,confirmado,178627.89,ERP RESERVA CONFIRMADA vendedor=MELLADO FACUNDO,false,false,erp,64767,MELLADO FACUNDO
64768,46,2025-11-06,confirmado,144282.48,ERP RESERVA CONFIRMADA vendedor=MELLADO FACUNDO,false,false,erp,64768,MELLADO FACUNDO
64769,140,2025-11-06,confirmado,248166.43,ERP RESERVA CONFIRMADA vendedor=MELLADO FACUNDO,false,false,erp,64769,MELLADO FACUNDO
64770,1146,2025-11-06,confirmado,715139.06,ERP RESERVA CONFIRMADA vendedor=MELLADO FACUNDO,false,false,erp,64770,MELLADO FACUNDO
64771,1816,2025-11-06,confirmado,154045.63,ERP RESERVA CONFIRMADA vendedor=MELLADO FACUNDO,false,false,erp,64771,MELLADO FACUNDO
64773,1120,2025-11-06,confirmado,191896.23,ERP RESERVA CONFIRMADA vendedor=MELLADO FACUNDO,false,false,erp,64773,MELLADO FACUNDO
64774,1320,2025-11-06,confirmado,102467.46,ERP RESERVA CONFIRMADA vendedor=MELLADO FACUNDO,false,false,erp,64774,MELLADO FACUNDO
64775,658,2025-11-06,facturado,422188.16,ERP VENTA vendedor=ALEGRIA ESTEBAN,false,false,erp,64775,ALEGRIA ESTEBAN
64776,1687,2025-11-06,facturado,52199.43,ERP VENTA vendedor=ALEGRIA ESTEBAN,false,false,erp,64776,ALEGRIA ESTEBAN
64777,87,2025-11-06,facturado,117375.01,ERP VENTA vendedor=ALEGRIA ESTEBAN,false,false,erp,64777,ALEGRIA ESTEBAN
64778,1237,2025-11-06,facturado,64865.68,ERP VENTA vendedor=ALEGRIA ESTEBAN,false,false,erp,64778,ALEGRIA ESTEBAN
64779,996,2025-11-06,confirmado,376586.20,ERP RESERVA CONFIRMADA vendedor=MELLADO FACUNDO,false,false,erp,64779,MELLADO FACUNDO
64781,1606,2025-11-06,facturado,155350.13,ERP VENTA vendedor=PATRICIA CURLO,false,false,erp,64781,PATRICIA CURLO
64782,1414,2025-11-06,facturado,492922.28,ERP VENTA vendedor=ALEGRIA ESTEBAN,false,false,erp,64782,ALEGRIA ESTEBAN
64783,1750,2025-11-06,facturado,55012.50,ERP VENTA vendedor=PATRICIA CURLO,false,false,erp,64783,PATRICIA CURLO
64784,1512,2025-11-06,confirmado,247464.82,ERP RESERVA CONFIRMADA vendedor=ALEGRIA ESTEBAN,false,false,erp,64784,ALEGRIA ESTEBAN
64785,986,2025-11-06,facturado,162001.28,ERP VENTA vendedor=ALEGRIA ESTEBAN,false,false,erp,64785,ALEGRIA ESTEBAN
64670,431,2025-11-05,confirmado,254273.01,ERP RESERVA CONFIRMADA vendedor=ALEGRIA ESTEBAN,false,false,erp,64670,ALEGRIA ESTEBAN
64691,1342,2025-11-05,confirmado,247068.74,ERP RESERVA CONFIRMADA vendedor=ALEGRIA ESTEBAN,false,false,erp,64691,ALEGRIA ESTEBAN
64716,849,2025-11-05,confirmado,160478.12,ERP RESERVA CONFIRMADA vendedor=ALEGRIA ESTEBAN,false,false,erp,64716,ALEGRIA ESTEBAN
64720,1567,2025-11-05,confirmado,406294.65,ERP RESERVA CONFIRMADA vendedor=ALEGRIA ESTEBAN,false,false,erp,64720,ALEGRIA ESTEBAN
64727,747,2025-11-05,confirmado,696551.87,ERP RESERVA CONFIRMADA vendedor=ALEGRIA ESTEBAN,false,false,erp,64727,ALEGRIA ESTEBAN
64730,623,2025-11-05,confirmado,225563.43,ERP RESERVA CONFIRMADA vendedor=ALEGRIA ESTEBAN,false,false,erp,64730,ALEGRIA ESTEBAN
64736,31,2025-11-05,confirmado,982432.08,ERP RESERVA CONFIRMADA vendedor=ALEGRIA ESTEBAN,false,false,erp,64736,ALEGRIA ESTEBAN
64737,1421,2025-11-05,confirmado,392110.21,ERP RESERVA CONFIRMADA vendedor=MELLADO FACUNDO,false,false,erp,64737,MELLADO FACUNDO
64738,678,2025-11-05,facturado,78658.48,ERP VENTA vendedor=ALEGRIA ESTEBAN,false,false,erp,64738,ALEGRIA ESTEBAN
64739,316,2025-11-05,facturado,52537.66,ERP VENTA vendedor=ARIAS MACARENA,false,false,erp,64739,ARIAS MACARENA
64742,161,2025-11-05,facturado,262248.31,ERP VENTA vendedor=PATRICIA CURLO,false,false,erp,64742,PATRICIA CURLO
64744,110,2025-11-05,confirmado,1255607.41,ERP RESERVA CONFIRMADA vendedor=MELLADO FACUNDO,false,false,erp,64744,MELLADO FACUNDO
64745,1794,2025-11-05,confirmado,211533.67,ERP RESERVA CONFIRMADA vendedor=MELLADO FACUNDO,false,false,erp,64745,MELLADO FACUNDO
64746,20,2025-11-05,confirmado,119265.84,ERP RESERVA CONFIRMADA vendedor=MELLADO FACUNDO,false,false,erp,64746,MELLADO FACUNDO
64747,611,2025-11-05,facturado,58477.71,ERP VENTA vendedor=ALEGRIA ESTEBAN,false,false,erp,64747,ALEGRIA ESTEBAN
64748,831,2025-11-05,confirmado,82459.29,ERP RESERVA CONFIRMADA vendedor=MELLADO FACUNDO,false,false,erp,64748,MELLADO FACUNDO
64749,125,2025-11-05,confirmado,307624.80,ERP RESERVA CONFIRMADA vendedor=MELLADO FACUNDO,false,false,erp,64749,MELLADO FACUNDO
64750,6,2025-11-05,confirmado,1542983.92,ERP RESERVA CONFIRMADA vendedor=MELLADO FACUNDO,false,false,erp,64750,MELLADO FACUNDO
64751,1614,2025-11-05,facturado,54847.28,ERP VENTA vendedor=ALEGRIA ESTEBAN,false,false,erp,64751,ALEGRIA ESTEBAN
64752,1326,2025-11-05,facturado,278196.99,ERP VENTA vendedor=MELLADO FACUNDO,false,false,erp,64752,MELLADO FACUNDO
64753,129,2025-11-05,confirmado,275705.04,ERP RESERVA CONFIRMADA vendedor=MELLADO FACUNDO,false,false,erp,64753,MELLADO FACUNDO
64754,1794,2025-11-05,confirmado,268465.58,ERP RESERVA CONFIRMADA vendedor=MELLADO FACUNDO,false,false,erp,64754,MELLADO FACUNDO
64755,131,2025-11-05,confirmado,515359.73,ERP RESERVA CONFIRMADA vendedor=MELLADO FACUNDO,false,false,erp,64755,MELLADO FACUNDO
64756,1426,2025-11-05,facturado,60074.17,ERP VENTA vendedor=ALEGRIA ESTEBAN,false,false,erp,64756,ALEGRIA ESTEBAN
64757,428,2025-11-05,confirmado,488250.49,ERP RESERVA CONFIRMADA vendedor=ALEGRIA ESTEBAN,false,false,erp,64757,ALEGRIA ESTEBAN
64758,867,2025-11-05,facturado,57334.35,ERP VENTA vendedor=ALEGRIA ESTEBAN,false,false,erp,64758,ALEGRIA ESTEBAN
64759,867,2025-11-05,facturado,8088.79,ERP VENTA vendedor=ALEGRIA ESTEBAN,false,false,erp,64759,ALEGRIA ESTEBAN
64761,823,2025-11-05,facturado,240688.26,ERP VENTA vendedor=ALEGRIA ESTEBAN,false,false,erp,64761,ALEGRIA ESTEBAN
64762,195,2025-11-05,facturado,1071097.44,ERP VENTA vendedor=ALEGRIA ESTEBAN,false,false,erp,64762,ALEGRIA ESTEBAN
64659,1212,2025-11-04,facturado,86451.16,ERP VENTA vendedor=ALEGRIA ESTEBAN,false,false,erp,64659,ALEGRIA ESTEBAN
64687,851,2025-11-04,confirmado,282804.41,ERP RESERVA CONFIRMADA vendedor=MELLADO FACUNDO,false,false,erp,64687,MELLADO FACUNDO
64690,1384,2025-11-04,confirmado,428171.27,ERP RESERVA CONFIRMADA vendedor=ALEGRIA ESTEBAN,false,false,erp,64690,ALEGRIA ESTEBAN
64708,348,2025-11-04,confirmado,111931.40,ERP RESERVA CONFIRMADA vendedor=ALEGRIA ESTEBAN,false,false,erp,64708,ALEGRIA ESTEBAN
64709,905,2025-11-04,confirmado,82815.32,ERP RESERVA CONFIRMADA vendedor=ALEGRIA ESTEBAN,false,false,erp,64709,ALEGRIA ESTEBAN
64710,184,2025-11-04,confirmado,148058.25,ERP RESERVA CONFIRMADA vendedor=ALEGRIA ESTEBAN,false,false,erp,64710,ALEGRIA ESTEBAN
64711,1295,2025-11-04,confirmado,66992.23,ERP RESERVA CONFIRMADA vendedor=ALEGRIA ESTEBAN,false,false,erp,64711,ALEGRIA ESTEBAN
64712,333,2025-11-04,confirmado,86451.16,ERP RESERVA CONFIRMADA vendedor=ALEGRIA ESTEBAN,false,false,erp,64712,ALEGRIA ESTEBAN
64713,1194,2025-11-04,confirmado,166227.74,ERP RESERVA CONFIRMADA vendedor=ALEGRIA ESTEBAN,false,false,erp,64713,ALEGRIA ESTEBAN
64714,1212,2025-11-04,confirmado,86451.16,ERP RESERVA CONFIRMADA vendedor=ALEGRIA ESTEBAN,false,false,erp,64714,ALEGRIA ESTEBAN
64715,863,2025-11-04,facturado,162001.28,ERP VENTA vendedor=ALEGRIA ESTEBAN,false,false,erp,64715,ALEGRIA ESTEBAN
64717,316,2025-11-04,facturado,49549.50,ERP VENTA vendedor=ALEGRIA ESTEBAN,false,false,erp,64717,ALEGRIA ESTEBAN
64718,36,2025-11-04,confirmado,246953.29,ERP RESERVA CONFIRMADA vendedor=ALEGRIA ESTEBAN,false,false,erp,64718,ALEGRIA ESTEBAN
64719,151,2025-11-04,confirmado,350632.10,ERP RESERVA CONFIRMADA vendedor=ALEGRIA ESTEBAN,false,false,erp,64719,ALEGRIA ESTEBAN
64721,962,2025-11-04,confirmado,118257.27,ERP RESERVA CONFIRMADA vendedor=ALEGRIA ESTEBAN,false,false,erp,64721,ALEGRIA ESTEBAN
64722,152,2025-11-04,confirmado,108967.12,ERP RESERVA CONFIRMADA vendedor=ALEGRIA ESTEBAN,false,false,erp,64722,ALEGRIA ESTEBAN
64723,971,2025-11-04,facturado,564626.95,ERP VENTA vendedor=ALEGRIA ESTEBAN,false,false,erp,64723,ALEGRIA ESTEBAN
64724,963,2025-11-04,facturado,75992.37,ERP VENTA vendedor=ALEGRIA ESTEBAN,false,false,erp,64724,ALEGRIA ESTEBAN
64725,1462,2025-11-04,confirmado,13350.91,ERP RESERVA CONFIRMADA vendedor=PATRICIA CURLO,false,false,erp,64725,PATRICIA CURLO
64726,1781,2025-11-04,facturado,173491.94,ERP VENTA vendedor=ALEGRIA ESTEBAN,false,false,erp,64726,ALEGRIA ESTEBAN
64728,1801,2025-11-04,confirmado,96131.48,ERP RESERVA CONFIRMADA vendedor=ALEGRIA ESTEBAN,false,false,erp,64728,ALEGRIA ESTEBAN
64729,563,2025-11-04,confirmado,84820.37,ERP RESERVA CONFIRMADA vendedor=ALEGRIA ESTEBAN,false,false,erp,64729,ALEGRIA ESTEBAN
64731,1506,2025-11-04,confirmado,195001.22,ERP RESERVA CONFIRMADA vendedor=ALEGRIA ESTEBAN,false,false,erp,64731,ALEGRIA ESTEBAN
64732,1612,2025-11-04,facturado,54578.98,ERP VENTA vendedor=ALEGRIA ESTEBAN,false,false,erp,64732,ALEGRIA ESTEBAN
64733,909,2025-11-04,facturado,40092.16,ERP VENTA vendedor=ALEGRIA ESTEBAN,false,false,erp,64733,ALEGRIA ESTEBAN
64734,1036,2025-11-04,facturado,53141.67,ERP VENTA vendedor=ALEGRIA ESTEBAN,false,false,erp,64734,ALEGRIA ESTEBAN
64735,108,2025-11-04,confirmado,55898.62,ERP RESERVA CONFIRMADA vendedor=ALEGRIA ESTEBAN,false,false,erp,64735,ALEGRIA ESTEBAN
64662,40,2025-11-03,confirmado,608825.70,ERP RESERVA CONFIRMADA vendedor=ALEGRIA ESTEBAN,false,false,erp,64662,ALEGRIA ESTEBAN
64671,815,2025-11-03,confirmado,260810.83,ERP RESERVA CONFIRMADA vendedor=ALEGRIA ESTEBAN,false,false,erp,64671,ALEGRIA ESTEBAN
64672,710,2025-11-03,confirmado,139161.74,ERP RESERVA CONFIRMADA vendedor=ALEGRIA ESTEBAN,false,false,erp,64672,ALEGRIA ESTEBAN
64673,710,2025-11-03,confirmado,68171.04,ERP RESERVA CONFIRMADA vendedor=ALEGRIA ESTEBAN,false,false,erp,64673,ALEGRIA ESTEBAN
64674,1326,2025-11-03,confirmado,488333.75,ERP RESERVA CONFIRMADA vendedor=ALEGRIA ESTEBAN,false,false,erp,64674,ALEGRIA ESTEBAN
64675,909,2025-11-03,confirmado,74586.50,ERP RESERVA CONFIRMADA vendedor=ALEGRIA ESTEBAN,false,false,erp,64675,ALEGRIA ESTEBAN
64676,909,2025-11-03,confirmado,41271.74,ERP RESERVA CONFIRMADA vendedor=ALEGRIA ESTEBAN,false,false,erp,64676,ALEGRIA ESTEBAN
64677,909,2025-11-03,confirmado,351288.48,ERP RESERVA CONFIRMADA vendedor=ALEGRIA ESTEBAN,false,false,erp,64677,ALEGRIA ESTEBAN
64678,35,2025-11-03,confirmado,288003.20,ERP RESERVA CONFIRMADA vendedor=ALEGRIA ESTEBAN,false,false,erp,64678,ALEGRIA ESTEBAN
64679,1586,2025-11-03,confirmado,67675.42,ERP RESERVA CONFIRMADA vendedor=MELLADO FACUNDO,false,false,erp,64679,MELLADO FACUNDO
64680,952,2025-11-03,facturado,273960.34,ERP VENTA vendedor=MELLADO FACUNDO,false,false,erp,64680,MELLADO FACUNDO
64681,952,2025-11-03,confirmado,317560.78,ERP RESERVA CONFIRMADA vendedor=MELLADO FACUNDO,false,false,erp,64681,MELLADO FACUNDO
64682,1241,2025-11-03,confirmado,138216.74,ERP RESERVA CONFIRMADA vendedor=MELLADO FACUNDO,false,false,erp,64682,MELLADO FACUNDO
64683,1519,2025-11-03,confirmado,82267.00,ERP RESERVA CONFIRMADA vendedor=MELLADO FACUNDO,false,false,erp,64683,MELLADO FACUNDO
64684,908,2025-11-03,confirmado,291747.62,ERP RESERVA CONFIRMADA vendedor=MELLADO FACUNDO,false,false,erp,64684,MELLADO FACUNDO
64685,778,2025-11-03,confirmado,60374.20,ERP RESERVA CONFIRMADA vendedor=MELLADO FACUNDO,false,false,erp,64685,MELLADO FACUNDO
64686,787,2025-11-03,confirmado,108673.56,ERP RESERVA CONFIRMADA vendedor=MELLADO FACUNDO,false,false,erp,64686,MELLADO FACUNDO
64688,1595,2025-11-03,confirmado,58297.02,ERP RESERVA CONFIRMADA vendedor=ALEGRIA ESTEBAN,false,false,erp,64688,ALEGRIA ESTEBAN
64689,354,2025-11-03,confirmado,283745.59,ERP RESERVA CONFIRMADA vendedor=ALEGRIA ESTEBAN,false,false,erp,64689,ALEGRIA ESTEBAN
64692,1167,2025-11-03,facturado,55003.76,ERP VENTA vendedor=ARIAS MACARENA,false,false,erp,64692,ARIAS MACARENA
64693,695,2025-11-03,confirmado,47402.36,ERP RESERVA CONFIRMADA vendedor=ARIAS MACARENA,false,false,erp,64693,ARIAS MACARENA
64695,796,2025-11-03,confirmado,618664.36,ERP RESERVA CONFIRMADA vendedor=ALEGRIA ESTEBAN,false,false,erp,64695,ALEGRIA ESTEBAN
64697,316,2025-11-03,facturado,47335.67,ERP VENTA vendedor=ALEGRIA ESTEBAN,false,false,erp,64697,ALEGRIA ESTEBAN
64699,839,2025-11-03,confirmado,160011.07,ERP RESERVA CONFIRMADA vendedor=ALEGRIA ESTEBAN,false,false,erp,64699,ALEGRIA ESTEBAN
64700,700,2025-11-03,confirmado,325945.37,ERP RESERVA CONFIRMADA vendedor=ALEGRIA ESTEBAN,false,false,erp,64700,ALEGRIA ESTEBAN
64701,1672,2025-11-03,facturado,255325.95,ERP VENTA vendedor=ALEGRIA ESTEBAN,false,false,erp,64701,ALEGRIA ESTEBAN
64702,892,2025-11-03,facturado,79830.32,ERP VENTA vendedor=ALEGRIA ESTEBAN,false,false,erp,64702,ALEGRIA ESTEBAN
64703,630,2025-11-03,confirmado,168232.14,ERP RESERVA CONFIRMADA vendedor=ALEGRIA ESTEBAN,false,false,erp,64703,ALEGRIA ESTEBAN
64704,1063,2025-11-03,confirmado,56371.91,ERP RESERVA CONFIRMADA vendedor=ALEGRIA ESTEBAN,false,false,erp,64704,ALEGRIA ESTEBAN
64705,1137,2025-11-03,confirmado,186135.96,ERP RESERVA CONFIRMADA vendedor=ALEGRIA ESTEBAN,false,false,erp,64705,ALEGRIA ESTEBAN
64706,35,2025-11-03,confirmado,1289837.95,ERP RESERVA CONFIRMADA vendedor=ALEGRIA ESTEBAN,false,false,erp,64706,ALEGRIA ESTEBAN
64707,872,2025-11-03,confirmado,362245.20,ERP RESERVA CONFIRMADA vendedor=ALEGRIA ESTEBAN,false,false,erp,64707,ALEGRIA ESTEBAN
64536,1811,2025-11-01,confirmado,180185.89,ERP RESERVA CONFIRMADA vendedor=MELLADO FACUNDO,false,false,erp,64536,MELLADO FACUNDO
64648,1010,2025-11-01,confirmado,64071.24,ERP RESERVA CONFIRMADA vendedor=ALEGRIA ESTEBAN,false,false,erp,64648,ALEGRIA ESTEBAN
64663,737,2025-11-01,facturado,62457.47,ERP VENTA vendedor=ALEGRIA ESTEBAN,false,false,erp,64663,ALEGRIA ESTEBAN
64664,1049,2025-11-01,confirmado,86451.16,ERP RESERVA CONFIRMADA vendedor=ALEGRIA ESTEBAN,false,false,erp,64664,ALEGRIA ESTEBAN
64665,1814,2025-11-01,facturado,210258.52,ERP VENTA vendedor=ALEGRIA ESTEBAN,false,false,erp,64665,ALEGRIA ESTEBAN
64666,90,2025-11-01,facturado,53838.99,ERP VENTA vendedor=AGUILERA MOLINA LUCAS JD,false,false,erp,64666,AGUILERA MOLINA LUCAS JD
64667,851,2025-11-01,facturado,59225.01,ERP VENTA vendedor=ALEGRIA ESTEBAN,false,false,erp,64667,ALEGRIA ESTEBAN
64668,1326,2025-11-01,confirmado,3884729.48,ERP RESERVA CONFIRMADA vendedor=ALEGRIA ESTEBAN,false,false,erp,64668,ALEGRIA ESTEBAN
64669,1326,2025-11-01,confirmado,3297129.30,ERP RESERVA CONFIRMADA vendedor=ALEGRIA ESTEBAN,false,false,erp,64669,ALEGRIA ESTEBAN
64649,1733,2025-10-31,confirmado,88977.56,ERP RESERVA CONFIRMADA vendedor=ALEGRIA ESTEBAN,false,false,erp,64649,ALEGRIA ESTEBAN
64650,1813,2025-10-31,confirmado,68907.24,ERP RESERVA CONFIRMADA vendedor=ALEGRIA ESTEBAN,false,false,erp,64650,ALEGRIA ESTEBAN
64651,1417,2025-10-31,facturado,222877.81,ERP VENTA vendedor=ALEGRIA ESTEBAN,false,false,erp,64651,ALEGRIA ESTEBAN
64652,1757,2025-10-31,confirmado,15060.88,ERP RESERVA CONFIRMADA vendedor=ALEGRIA ESTEBAN,false,false,erp,64652,ALEGRIA ESTEBAN
64653,1453,2025-10-31,facturado,62251.26,ERP VENTA vendedor=ALEGRIA ESTEBAN,false,false,erp,64653,ALEGRIA ESTEBAN
64654,235,2025-10-31,facturado,53881.31,ERP VENTA vendedor=ALEGRIA ESTEBAN,false,false,erp,64654,ALEGRIA ESTEBAN
64655,184,2025-10-31,facturado,71684.20,ERP VENTA vendedor=ARIAS MACARENA,false,false,erp,64655,ARIAS MACARENA
64656,1789,2025-10-31,facturado,91235.02,ERP VENTA vendedor=ARIAS MACARENA,false,false,erp,64656,ARIAS MACARENA
64657,161,2025-10-31,facturado,120748.40,ERP VENTA vendedor=ARIAS MACARENA,false,false,erp,64657,ARIAS MACARENA
64658,1560,2025-10-31,facturado,53403.64,ERP VENTA vendedor=ARIAS MACARENA,false,false,erp,64658,ARIAS MACARENA
64660,1212,2025-10-31,facturado,86451.16,ERP VENTA vendedor=ALEGRIA ESTEBAN,false,false,erp,64660,ALEGRIA ESTEBAN
64661,968,2025-10-31,facturado,71054.09,ERP VENTA vendedor=ALEGRIA ESTEBAN,false,false,erp,64661,ALEGRIA ESTEBAN
64590,1757,2025-10-30,confirmado,279883.66,ERP RESERVA CONFIRMADA vendedor=ALEGRIA ESTEBAN,false,false,erp,64590,ALEGRIA ESTEBAN
64592,1512,2025-10-30,confirmado,623202.66,ERP RESERVA CONFIRMADA vendedor=ALEGRIA ESTEBAN,false,false,erp,64592,ALEGRIA ESTEBAN
64612,787,2025-10-30,confirmado,251699.25,ERP RESERVA CONFIRMADA vendedor=ALEGRIA ESTEBAN,false,false,erp,64612,ALEGRIA ESTEBAN
64614,1489,2025-10-30,confirmado,119066.74,ERP RESERVA CONFIRMADA vendedor=ALEGRIA ESTEBAN,false,false,erp,64614,ALEGRIA ESTEBAN
64619,957,2025-10-30,confirmado,111902.20,ERP RESERVA CONFIRMADA vendedor=ALEGRIA ESTEBAN,false,false,erp,64619,ALEGRIA ESTEBAN
64620,583,2025-10-30,confirmado,219107.06,ERP RESERVA CONFIRMADA vendedor=ALEGRIA ESTEBAN,false,false,erp,64620,ALEGRIA ESTEBAN
64637,7,2025-10-30,confirmado,518639.24,ERP RESERVA CONFIRMADA vendedor=MELLADO FACUNDO,false,false,erp,64637,MELLADO FACUNDO
64638,56,2025-10-30,confirmado,311918.28,ERP RESERVA CONFIRMADA vendedor=MELLADO FACUNDO,false,false,erp,64638,MELLADO FACUNDO
64639,75,2025-10-30,confirmado,108079.25,ERP RESERVA CONFIRMADA vendedor=MELLADO FACUNDO,false,false,erp,64639,MELLADO FACUNDO
64640,1146,2025-10-30,confirmado,789429.07,ERP RESERVA CONFIRMADA vendedor=MELLADO FACUNDO,false,false,erp,64640,MELLADO FACUNDO
64641,963,2025-10-30,facturado,77074.73,ERP VENTA vendedor=ALEGRIA ESTEBAN,false,false,erp,64641,ALEGRIA ESTEBAN
64642,1202,2025-10-30,facturado,60374.20,ERP VENTA vendedor=ALEGRIA ESTEBAN,false,false,erp,64642,ALEGRIA ESTEBAN
64643,1120,2025-10-30,confirmado,114414.19,ERP RESERVA CONFIRMADA vendedor=MELLADO FACUNDO,false,false,erp,64643,MELLADO FACUNDO
64644,993,2025-10-30,confirmado,78196.74,ERP RESERVA CONFIRMADA vendedor=MELLADO FACUNDO,false,false,erp,64644,MELLADO FACUNDO
64645,1754,2025-10-30,facturado,233236.13,ERP VENTA vendedor=ALEGRIA ESTEBAN,false,false,erp,64645,ALEGRIA ESTEBAN
64646,996,2025-10-30,confirmado,376586.20,ERP RESERVA CONFIRMADA vendedor=ALEGRIA ESTEBAN,false,false,erp,64646,ALEGRIA ESTEBAN
64647,823,2025-10-30,facturado,68946.00,ERP VENTA vendedor=ALEGRIA ESTEBAN,false,false,erp,64647,ALEGRIA ESTEBAN
64608,125,2025-10-29,confirmado,312869.83,ERP RESERVA CONFIRMADA vendedor=ALEGRIA ESTEBAN,false,false,erp,64608,ALEGRIA ESTEBAN
64610,968,2025-10-29,confirmado,688910.69,ERP RESERVA CONFIRMADA vendedor=ALEGRIA ESTEBAN,false,false,erp,64610,ALEGRIA ESTEBAN
64611,74,2025-10-29,confirmado,164722.68,ERP RESERVA CONFIRMADA vendedor=ALEGRIA ESTEBAN,false,false,erp,64611,ALEGRIA ESTEBAN
64613,38,2025-10-29,confirmado,196171.32,ERP RESERVA CONFIRMADA vendedor=ALEGRIA ESTEBAN,false,false,erp,64613,ALEGRIA ESTEBAN
64616,35,2025-10-29,confirmado,327911.07,ERP RESERVA CONFIRMADA vendedor=ALEGRIA ESTEBAN,false,false,erp,64616,ALEGRIA ESTEBAN
64617,532,2025-10-29,facturado,77642.96,ERP VENTA vendedor=ALEGRIA ESTEBAN,false,false,erp,64617,ALEGRIA ESTEBAN
64618,31,2025-10-29,confirmado,2176689.95,ERP RESERVA CONFIRMADA vendedor=ALEGRIA ESTEBAN,false,false,erp,64618,ALEGRIA ESTEBAN
64621,974,2025-10-29,facturado,62251.35,ERP VENTA vendedor=ALEGRIA ESTEBAN,false,false,erp,64621,ALEGRIA ESTEBAN
64622,1586,2025-10-29,facturado,703376.62,ERP VENTA vendedor=ALEGRIA ESTEBAN,false,false,erp,64622,ALEGRIA ESTEBAN
64623,1586,2025-10-29,facturado,283985.87,ERP VENTA vendedor=ALEGRIA ESTEBAN,false,false,erp,64623,ALEGRIA ESTEBAN
64624,398,2025-10-29,facturado,98485.22,ERP VENTA vendedor=ALEGRIA ESTEBAN,false,false,erp,64624,ALEGRIA ESTEBAN
64625,1320,2025-10-29,confirmado,143453.31,ERP RESERVA CONFIRMADA vendedor=ALEGRIA ESTEBAN,false,false,erp,64625,ALEGRIA ESTEBAN
64626,428,2025-10-29,confirmado,698431.11,ERP RESERVA CONFIRMADA vendedor=ALEGRIA ESTEBAN,false,false,erp,64626,ALEGRIA ESTEBAN
64627,1651,2025-10-29,confirmado,363071.91,ERP RESERVA CONFIRMADA vendedor=ALEGRIA ESTEBAN,false,false,erp,64627,ALEGRIA ESTEBAN
64628,1421,2025-10-29,confirmado,185680.62,ERP RESERVA CONFIRMADA vendedor=ALEGRIA ESTEBAN,false,false,erp,64628,ALEGRIA ESTEBAN
64629,131,2025-10-29,confirmado,324847.46,ERP RESERVA CONFIRMADA vendedor=ALEGRIA ESTEBAN,false,false,erp,64629,ALEGRIA ESTEBAN
64630,45,2025-10-29,confirmado,651711.57,ERP RESERVA CONFIRMADA vendedor=ALEGRIA ESTEBAN,false,false,erp,64630,ALEGRIA ESTEBAN
64631,823,2025-10-29,facturado,388954.08,ERP VENTA vendedor=ALEGRIA ESTEBAN,false,false,erp,64631,ALEGRIA ESTEBAN
64632,1293,2025-10-29,facturado,101589.48,ERP VENTA vendedor=ALEGRIA ESTEBAN,false,false,erp,64632,ALEGRIA ESTEBAN
64633,1293,2025-10-29,facturado,39046.70,ERP VENTA vendedor=ALEGRIA ESTEBAN,false,false,erp,64633,ALEGRIA ESTEBAN
64634,316,2025-10-29,facturado,639743.72,ERP VENTA vendedor=ALEGRIA ESTEBAN,false,false,erp,64634,ALEGRIA ESTEBAN
64635,1444,2025-10-29,confirmado,101013.35,ERP RESERVA CONFIRMADA vendedor=ALEGRIA ESTEBAN,false,false,erp,64635,ALEGRIA ESTEBAN
64636,207,2025-10-29,facturado,72864.48,ERP VENTA vendedor=ALEGRIA ESTEBAN,false,false,erp,64636,ALEGRIA ESTEBAN
64569,1307,2025-10-28,confirmado,323801.48,ERP RESERVA CONFIRMADA vendedor=MELLADO FACUNDO,false,false,erp,64569,MELLADO FACUNDO
64574,1159,2025-10-28,confirmado,124675.61,ERP RESERVA CONFIRMADA vendedor=MELLADO FACUNDO,false,false,erp,64574,MELLADO FACUNDO
64575,39,2025-10-28,confirmado,131886.53,ERP RESERVA CONFIRMADA vendedor=MELLADO FACUNDO,false,false,erp,64575,MELLADO FACUNDO
64599,1284,2025-10-28,confirmado,1011227.46,ERP RESERVA CONFIRMADA vendedor=ALEGRIA ESTEBAN,false,false,erp,64599,ALEGRIA ESTEBAN
64600,1359,2025-10-28,confirmado,60728.03,ERP RESERVA CONFIRMADA vendedor=ALEGRIA ESTEBAN,false,false,erp,64600,ALEGRIA ESTEBAN
64601,184,2025-10-28,confirmado,81219.81,ERP RESERVA CONFIRMADA vendedor=ALEGRIA ESTEBAN,false,false,erp,64601,ALEGRIA ESTEBAN
64602,151,2025-10-28,confirmado,121183.84,ERP RESERVA CONFIRMADA vendedor=ALEGRIA ESTEBAN,false,false,erp,64602,ALEGRIA ESTEBAN
64603,1539,2025-10-28,facturado,207710.02,ERP VENTA vendedor=ALEGRIA ESTEBAN,false,false,erp,64603,ALEGRIA ESTEBAN
64604,1539,2025-10-28,facturado,150284.46,ERP VENTA vendedor=ALEGRIA ESTEBAN,false,false,erp,64604,ALEGRIA ESTEBAN
64605,971,2025-10-28,facturado,643033.85,ERP VENTA vendedor=ALEGRIA ESTEBAN,false,false,erp,64605,ALEGRIA ESTEBAN
64606,986,2025-10-28,confirmado,162001.28,ERP RESERVA CONFIRMADA vendedor=ALEGRIA ESTEBAN,false,false,erp,64606,ALEGRIA ESTEBAN
64607,633,2025-10-28,confirmado,50705.14,ERP RESERVA CONFIRMADA vendedor=ALEGRIA ESTEBAN,false,false,erp,64607,ALEGRIA ESTEBAN
64609,108,2025-10-28,confirmado,91901.68,ERP RESERVA CONFIRMADA vendedor=ALEGRIA ESTEBAN,false,false,erp,64609,ALEGRIA ESTEBAN
64562,909,2025-10-27,confirmado,108491.05,ERP RESERVA CONFIRMADA vendedor=ALEGRIA ESTEBAN,false,false,erp,64562,ALEGRIA ESTEBAN
64563,1326,2025-10-27,confirmado,614582.32,ERP RESERVA CONFIRMADA vendedor=MELLADO FACUNDO,false,false,erp,64563,MELLADO FACUNDO
64564,909,2025-10-27,confirmado,74586.50,ERP RESERVA CONFIRMADA vendedor=MELLADO FACUNDO,false,false,erp,64564,MELLADO FACUNDO
64565,35,2025-10-27,confirmado,480865.69,ERP RESERVA CONFIRMADA vendedor=MELLADO FACUNDO,false,false,erp,64565,MELLADO FACUNDO
64566,1241,2025-10-27,confirmado,85755.74,ERP RESERVA CONFIRMADA vendedor=MELLADO FACUNDO,false,false,erp,64566,MELLADO FACUNDO
64570,1326,2025-10-27,confirmado,679474.20,ERP RESERVA CONFIRMADA vendedor=ALEGRIA ESTEBAN,false,false,erp,64570,ALEGRIA ESTEBAN
64571,316,2025-10-27,facturado,217328.16,ERP VENTA vendedor=ALEGRIA ESTEBAN,false,false,erp,64571,ALEGRIA ESTEBAN
64572,710,2025-10-27,confirmado,102209.27,ERP RESERVA CONFIRMADA vendedor=MELLADO FACUNDO,false,false,erp,64572,MELLADO FACUNDO
64573,710,2025-10-27,confirmado,88225.32,ERP RESERVA CONFIRMADA vendedor=MELLADO FACUNDO,false,false,erp,64573,MELLADO FACUNDO
64576,974,2025-10-27,facturado,327596.60,ERP VENTA vendedor=ALEGRIA ESTEBAN,false,false,erp,64576,ALEGRIA ESTEBAN
64577,695,2025-10-27,facturado,99215.89,ERP VENTA vendedor=ALEGRIA ESTEBAN,false,false,erp,64577,ALEGRIA ESTEBAN
64578,574,2025-10-27,confirmado,61376.04,ERP RESERVA CONFIRMADA vendedor=MELLADO FACUNDO,false,false,erp,64578,MELLADO FACUNDO
64579,867,2025-10-27,facturado,58443.33,ERP VENTA vendedor=ALEGRIA ESTEBAN,false,false,erp,64579,ALEGRIA ESTEBAN
64581,89,2025-10-27,facturado,597948.77,ERP VENTA vendedor=PATRICIA CURLO,false,false,erp,64581,PATRICIA CURLO
64582,35,2025-10-27,confirmado,1177277.54,ERP RESERVA CONFIRMADA vendedor=ALEGRIA ESTEBAN,false,false,erp,64582,ALEGRIA ESTEBAN
64583,1304,2025-10-27,facturado,57880.40,ERP VENTA vendedor=ALEGRIA ESTEBAN,false,false,erp,64583,ALEGRIA ESTEBAN
64584,1304,2025-10-27,facturado,51880.40,ERP VENTA vendedor=ALEGRIA ESTEBAN,false,false,erp,64584,ALEGRIA ESTEBAN
64585,1762,2025-10-27,facturado,73721.11,ERP VENTA vendedor=ALEGRIA ESTEBAN,false,false,erp,64585,ALEGRIA ESTEBAN
64586,1326,2025-10-27,facturado,754971.40,ERP VENTA vendedor=ARIAS MACARENA,false,false,erp,64586,ARIAS MACARENA
64587,952,2025-10-27,confirmado,563744.80,ERP RESERVA CONFIRMADA vendedor=ALEGRIA ESTEBAN,false,false,erp,64587,ALEGRIA ESTEBAN
64588,796,2025-10-27,confirmado,478371.36,ERP RESERVA CONFIRMADA vendedor=ALEGRIA ESTEBAN,false,false,erp,64588,ALEGRIA ESTEBAN
64589,804,2025-10-27,confirmado,231699.20,ERP RESERVA CONFIRMADA vendedor=ALEGRIA ESTEBAN,false,false,erp,64589,ALEGRIA ESTEBAN
64593,178,2025-10-27,confirmado,335254.77,ERP RESERVA CONFIRMADA vendedor=ALEGRIA ESTEBAN,false,false,erp,64593,ALEGRIA ESTEBAN
64594,630,2025-10-27,confirmado,158476.07,ERP RESERVA CONFIRMADA vendedor=ALEGRIA ESTEBAN,false,false,erp,64594,ALEGRIA ESTEBAN
64595,419,2025-10-27,confirmado,322924.48,ERP RESERVA CONFIRMADA vendedor=ALEGRIA ESTEBAN,false,false,erp,64595,ALEGRIA ESTEBAN
64596,1417,2025-10-27,facturado,134450.98,ERP VENTA vendedor=ALEGRIA ESTEBAN,false,false,erp,64596,ALEGRIA ESTEBAN
64597,839,2025-10-27,confirmado,161854.06,ERP RESERVA CONFIRMADA vendedor=ALEGRIA ESTEBAN,false,false,erp,64597,ALEGRIA ESTEBAN
64598,1769,2025-10-27,facturado,106586.06,ERP VENTA vendedor=ALEGRIA ESTEBAN,false,false,erp,64598,ALEGRIA ESTEBAN
64557,1326,2025-10-25,confirmado,646165.95,ERP RESERVA CONFIRMADA vendedor=ALEGRIA ESTEBAN,false,false,erp,64557,ALEGRIA ESTEBAN
64558,1326,2025-10-25,confirmado,1029967.56,ERP RESERVA CONFIRMADA vendedor=ALEGRIA ESTEBAN,false,false,erp,64558,ALEGRIA ESTEBAN
64559,1026,2025-10-25,confirmado,97018.27,ERP RESERVA CONFIRMADA vendedor=ALEGRIA ESTEBAN,false,false,erp,64559,ALEGRIA ESTEBAN
64560,891,2025-10-25,facturado,342042.48,ERP VENTA vendedor=ALEGRIA ESTEBAN,false,false,erp,64560,ALEGRIA ESTEBAN
64561,557,2025-10-25,facturado,52983.82,ERP VENTA vendedor=ALEGRIA ESTEBAN,false,false,erp,64561,ALEGRIA ESTEBAN
64549,1146,2025-10-24,facturado,369039.60,ERP VENTA vendedor=ARIAS MACARENA,false,false,erp,64549,ARIAS MACARENA
64550,35,2025-10-24,confirmado,72900.58,ERP RESERVA CONFIRMADA vendedor=ALEGRIA ESTEBAN,false,false,erp,64550,ALEGRIA ESTEBAN
64551,964,2025-10-24,facturado,82425.28,ERP VENTA vendedor=ALEGRIA ESTEBAN,false,false,erp,64551,ALEGRIA ESTEBAN
64552,817,2025-10-24,facturado,545316.00,ERP VENTA vendedor=PATRICIA CURLO,false,false,erp,64552,PATRICIA CURLO
64553,532,2025-10-24,facturado,210874.33,ERP VENTA vendedor=PATRICIA CURLO,false,false,erp,64553,PATRICIA CURLO
64554,42,2025-10-24,facturado,45935.34,ERP VENTA vendedor=ARIAS MACARENA,false,false,erp,64554,ARIAS MACARENA
64555,1793,2025-10-24,facturado,314668.19,ERP VENTA vendedor=PATRICIA CURLO,false,false,erp,64555,PATRICIA CURLO
64556,824,2025-10-24,confirmado,2296833.62,ERP RESERVA CONFIRMADA vendedor=ALEGRIA ESTEBAN,false,false,erp,64556,ALEGRIA ESTEBAN
64492,1010,2025-10-23,confirmado,127197.44,ERP RESERVA CONFIRMADA vendedor=ALEGRIA ESTEBAN,false,false,erp,64492,ALEGRIA ESTEBAN
64495,1512,2025-10-23,confirmado,523941.68,ERP RESERVA CONFIRMADA vendedor=ALEGRIA ESTEBAN,false,false,erp,64495,ALEGRIA ESTEBAN
64516,1438,2025-10-23,confirmado,147581.28,ERP RESERVA CONFIRMADA vendedor=MELLADO FACUNDO,false,false,erp,64516,MELLADO FACUNDO
64522,1652,2025-10-23,confirmado,113043.48,ERP RESERVA CONFIRMADA vendedor=MELLADO FACUNDO,false,false,erp,64522,MELLADO FACUNDO
64534,1146,2025-10-23,confirmado,410043.22,ERP RESERVA CONFIRMADA vendedor=ALEGRIA ESTEBAN,false,false,erp,64534,ALEGRIA ESTEBAN
64535,7,2025-10-23,confirmado,357675.10,ERP RESERVA CONFIRMADA vendedor=MELLADO FACUNDO,false,false,erp,64535,MELLADO FACUNDO
64538,993,2025-10-23,confirmado,117295.11,ERP RESERVA CONFIRMADA vendedor=MELLADO FACUNDO,false,false,erp,64538,MELLADO FACUNDO
64539,1788,2025-10-23,facturado,295162.56,ERP VENTA vendedor=ALEGRIA ESTEBAN,false,false,erp,64539,ALEGRIA ESTEBAN
64540,1812,2025-10-23,confirmado,409791.50,ERP RESERVA CONFIRMADA vendedor=MELLADO FACUNDO,false,false,erp,64540,MELLADO FACUNDO
64541,1519,2025-10-23,confirmado,39523.10,ERP RESERVA CONFIRMADA vendedor=MELLADO FACUNDO,false,false,erp,64541,MELLADO FACUNDO
64542,1722,2025-10-23,facturado,56401.55,ERP VENTA vendedor=ALEGRIA ESTEBAN,false,false,erp,64542,ALEGRIA ESTEBAN
64543,35,2025-10-23,confirmado,274480.00,ERP RESERVA CONFIRMADA vendedor=MELLADO FACUNDO,false,false,erp,64543,MELLADO FACUNDO
64544,1722,2025-10-23,facturado,3980.89,ERP VENTA vendedor=ALEGRIA ESTEBAN,false,false,erp,64544,ALEGRIA ESTEBAN
64545,996,2025-10-23,confirmado,341977.95,ERP RESERVA CONFIRMADA vendedor=ALEGRIA ESTEBAN,false,false,erp,64545,ALEGRIA ESTEBAN
64546,35,2025-10-23,confirmado,415429.20,ERP RESERVA CONFIRMADA vendedor=ALEGRIA ESTEBAN,false,false,erp,64546,ALEGRIA ESTEBAN
64547,455,2025-10-23,confirmado,224636.88,ERP RESERVA CONFIRMADA vendedor=ALEGRIA ESTEBAN,false,false,erp,64547,ALEGRIA ESTEBAN
64548,1414,2025-10-23,facturado,78658.48,ERP VENTA vendedor=ALEGRIA ESTEBAN,false,false,erp,64548,ALEGRIA ESTEBAN
64415,6,2025-10-22,confirmado,1855345.68,ERP RESERVA CONFIRMADA vendedor=PATRICIA CURLO,false,false,erp,64415,PATRICIA CURLO
64471,788,2025-10-22,confirmado,119037.06,ERP RESERVA CONFIRMADA vendedor=MELLADO FACUNDO,false,false,erp,64471,MELLADO FACUNDO
64498,1214,2025-10-22,confirmado,120144.40,ERP RESERVA CONFIRMADA vendedor=PATRICIA CURLO,false,false,erp,64498,PATRICIA CURLO
64501,1661,2025-10-22,confirmado,267508.13,ERP RESERVA CONFIRMADA vendedor=MELLADO FACUNDO,false,false,erp,64501,MELLADO FACUNDO
64515,1421,2025-10-22,confirmado,368918.17,ERP RESERVA CONFIRMADA vendedor=ALEGRIA ESTEBAN,false,false,erp,64515,ALEGRIA ESTEBAN
64517,902,2025-10-22,facturado,170293.58,ERP VENTA vendedor=ALEGRIA ESTEBAN,false,false,erp,64517,ALEGRIA ESTEBAN
64518,1342,2025-10-22,confirmado,361260.01,ERP RESERVA CONFIRMADA vendedor=MELLADO FACUNDO,false,false,erp,64518,MELLADO FACUNDO
64519,854,2025-10-22,confirmado,210610.46,ERP RESERVA CONFIRMADA vendedor=MELLADO FACUNDO,false,false,erp,64519,MELLADO FACUNDO
64520,56,2025-10-22,confirmado,159181.49,ERP RESERVA CONFIRMADA vendedor=MELLADO FACUNDO,false,false,erp,64520,MELLADO FACUNDO
64521,131,2025-10-22,confirmado,154710.20,ERP RESERVA CONFIRMADA vendedor=MELLADO FACUNDO,false,false,erp,64521,MELLADO FACUNDO
64523,778,2025-10-22,facturado,78196.74,ERP VENTA vendedor=ALEGRIA ESTEBAN,false,false,erp,64523,ALEGRIA ESTEBAN
64524,1687,2025-10-22,facturado,55495.46,ERP VENTA vendedor=ARIAS MACARENA,false,false,erp,64524,ARIAS MACARENA
64525,1567,2025-10-22,confirmado,311918.28,ERP RESERVA CONFIRMADA vendedor=ALEGRIA ESTEBAN,false,false,erp,64525,ALEGRIA ESTEBAN
64526,1085,2025-10-22,confirmado,184047.42,ERP RESERVA CONFIRMADA vendedor=ALEGRIA ESTEBAN,false,false,erp,64526,ALEGRIA ESTEBAN
64527,831,2025-10-22,confirmado,122229.83,ERP RESERVA CONFIRMADA vendedor=ALEGRIA ESTEBAN,false,false,erp,64527,ALEGRIA ESTEBAN
64528,20,2025-10-22,confirmado,237790.87,ERP RESERVA CONFIRMADA vendedor=ALEGRIA ESTEBAN,false,false,erp,64528,ALEGRIA ESTEBAN
64529,1796,2025-10-22,facturado,168319.23,ERP VENTA vendedor=ALEGRIA ESTEBAN,false,false,erp,64529,ALEGRIA ESTEBAN
64530,1638,2025-10-22,confirmado,170558.36,ERP RESERVA CONFIRMADA vendedor=ALEGRIA ESTEBAN,false,false,erp,64530,ALEGRIA ESTEBAN
64531,316,2025-10-22,confirmado,151844.56,ERP RESERVA CONFIRMADA vendedor=ALEGRIA ESTEBAN,false,false,erp,64531,ALEGRIA ESTEBAN
64532,1326,2025-10-22,confirmado,438797.05,ERP RESERVA CONFIRMADA vendedor=ALEGRIA ESTEBAN,false,false,erp,64532,ALEGRIA ESTEBAN
64533,1293,2025-10-22,facturado,157282.08,ERP VENTA vendedor=ALEGRIA ESTEBAN,false,false,erp,64533,ALEGRIA ESTEBAN
64463,851,2025-10-21,confirmado,171032.48,ERP RESERVA CONFIRMADA vendedor=MELLADO FACUNDO,false,false,erp,64463,MELLADO FACUNDO
64479,184,2025-10-21,confirmado,358580.83,ERP RESERVA CONFIRMADA vendedor=ALEGRIA ESTEBAN,false,false,erp,64479,ALEGRIA ESTEBAN
64482,143,2025-10-21,confirmado,144596.25,ERP RESERVA CONFIRMADA vendedor=ALEGRIA ESTEBAN,false,false,erp,64482,ALEGRIA ESTEBAN
64483,1359,2025-10-21,confirmado,59945.14,ERP RESERVA CONFIRMADA vendedor=ALEGRIA ESTEBAN,false,false,erp,64483,ALEGRIA ESTEBAN
64484,1307,2025-10-21,confirmado,382371.49,ERP RESERVA CONFIRMADA vendedor=ALEGRIA ESTEBAN,false,false,erp,64484,ALEGRIA ESTEBAN
64485,36,2025-10-21,confirmado,126211.56,ERP RESERVA CONFIRMADA vendedor=ALEGRIA ESTEBAN,false,false,erp,64485,ALEGRIA ESTEBAN
64493,1194,2025-10-21,confirmado,106355.02,ERP RESERVA CONFIRMADA vendedor=ALEGRIA ESTEBAN,false,false,erp,64493,ALEGRIA ESTEBAN
64494,348,2025-10-21,confirmado,77236.21,ERP RESERVA CONFIRMADA vendedor=ALEGRIA ESTEBAN,false,false,erp,64494,ALEGRIA ESTEBAN
64497,151,2025-10-21,confirmado,366898.33,ERP RESERVA CONFIRMADA vendedor=ALEGRIA ESTEBAN,false,false,erp,64497,ALEGRIA ESTEBAN
64499,1241,2025-10-21,confirmado,122040.00,ERP RESERVA CONFIRMADA vendedor=ALEGRIA ESTEBAN,false,false,erp,64499,ALEGRIA ESTEBAN
64500,971,2025-10-21,facturado,538708.47,ERP VENTA vendedor=ALEGRIA ESTEBAN,false,false,erp,64500,ALEGRIA ESTEBAN
64502,905,2025-10-21,confirmado,106284.33,ERP RESERVA CONFIRMADA vendedor=MELLADO FACUNDO,false,false,erp,64502,MELLADO FACUNDO
64503,963,2025-10-21,facturado,94769.19,ERP VENTA vendedor=ALEGRIA ESTEBAN,false,false,erp,64503,ALEGRIA ESTEBAN
64504,1809,2025-10-21,facturado,68495.60,ERP VENTA vendedor=MELLADO FACUNDO,false,false,erp,64504,MELLADO FACUNDO
64506,1809,2025-10-21,facturado,68495.60,ERP VENTA vendedor=MELLADO FACUNDO,false,false,erp,64506,MELLADO FACUNDO
64508,1219,2025-10-21,facturado,146874.86,ERP VENTA vendedor=PATRICIA CURLO,false,false,erp,64508,PATRICIA CURLO
64509,31,2025-10-21,confirmado,932537.46,ERP RESERVA CONFIRMADA vendedor=ALEGRIA ESTEBAN,false,false,erp,64509,ALEGRIA ESTEBAN
64510,1414,2025-10-21,facturado,524894.68,ERP VENTA vendedor=ALEGRIA ESTEBAN,false,false,erp,64510,ALEGRIA ESTEBAN
64511,260,2025-10-21,facturado,62421.91,ERP VENTA vendedor=ARIAS MACARENA,false,false,erp,64511,ARIAS MACARENA
64512,15,2025-10-21,facturado,389792.78,ERP VENTA vendedor=ARIAS MACARENA,false,false,erp,64512,ARIAS MACARENA
64513,316,2025-10-21,facturado,4925.91,ERP VENTA vendedor=PATRICIA CURLO,false,false,erp,64513,PATRICIA CURLO
64514,108,2025-10-21,confirmado,76173.31,ERP RESERVA CONFIRMADA vendedor=ALEGRIA ESTEBAN,false,false,erp,64514,ALEGRIA ESTEBAN
64450,1049,2025-10-20,confirmado,93981.60,ERP RESERVA CONFIRMADA vendedor=ALEGRIA ESTEBAN,false,false,erp,64450,ALEGRIA ESTEBAN
64451,35,2025-10-20,confirmado,298519.16,ERP RESERVA CONFIRMADA vendedor=ALEGRIA ESTEBAN,false,false,erp,64451,ALEGRIA ESTEBAN
64452,1010,2025-10-20,confirmado,128854.61,ERP RESERVA CONFIRMADA vendedor=ALEGRIA ESTEBAN,false,false,erp,64452,ALEGRIA ESTEBAN
64453,815,2025-10-20,confirmado,358590.16,ERP RESERVA CONFIRMADA vendedor=ALEGRIA ESTEBAN,false,false,erp,64453,ALEGRIA ESTEBAN
64454,710,2025-10-20,confirmado,108603.97,ERP RESERVA CONFIRMADA vendedor=ALEGRIA ESTEBAN,false,false,erp,64454,ALEGRIA ESTEBAN
64455,710,2025-10-20,confirmado,92442.13,ERP RESERVA CONFIRMADA vendedor=ALEGRIA ESTEBAN,false,false,erp,64455,ALEGRIA ESTEBAN
64456,909,2025-10-20,confirmado,141406.41,ERP RESERVA CONFIRMADA vendedor=ALEGRIA ESTEBAN,false,false,erp,64456,ALEGRIA ESTEBAN
64457,909,2025-10-20,confirmado,225814.32,ERP RESERVA CONFIRMADA vendedor=ALEGRIA ESTEBAN,false,false,erp,64457,ALEGRIA ESTEBAN
64458,909,2025-10-20,confirmado,189598.91,ERP RESERVA CONFIRMADA vendedor=ALEGRIA ESTEBAN,false,false,erp,64458,ALEGRIA ESTEBAN
64459,1326,2025-10-20,confirmado,442452.18,ERP RESERVA CONFIRMADA vendedor=ALEGRIA ESTEBAN,false,false,erp,64459,ALEGRIA ESTEBAN
64460,159,2025-10-20,confirmado,154059.48,ERP RESERVA CONFIRMADA vendedor=ALEGRIA ESTEBAN,false,false,erp,64460,ALEGRIA ESTEBAN
64461,1326,2025-10-20,confirmado,1586108.45,ERP RESERVA CONFIRMADA vendedor=ALEGRIA ESTEBAN,false,false,erp,64461,ALEGRIA ESTEBAN
64462,1326,2025-10-20,confirmado,1525463.77,ERP RESERVA CONFIRMADA vendedor=ALEGRIA ESTEBAN,false,false,erp,64462,ALEGRIA ESTEBAN
64464,1586,2025-10-20,confirmado,743327.68,ERP RESERVA CONFIRMADA vendedor=ALEGRIA ESTEBAN,false,false,erp,64464,ALEGRIA ESTEBAN
64465,1241,2025-10-20,confirmado,72409.93,ERP RESERVA CONFIRMADA vendedor=MELLADO FACUNDO,false,false,erp,64465,MELLADO FACUNDO
64467,316,2025-10-20,facturado,47335.66,ERP VENTA vendedor=ALEGRIA ESTEBAN,false,false,erp,64467,ALEGRIA ESTEBAN
64468,1519,2025-10-20,confirmado,101696.10,ERP RESERVA CONFIRMADA vendedor=MELLADO FACUNDO,false,false,erp,64468,MELLADO FACUNDO
64469,1529,2025-10-20,confirmado,120886.00,ERP RESERVA CONFIRMADA vendedor=ALEGRIA ESTEBAN,false,false,erp,64469,ALEGRIA ESTEBAN
64473,626,2025-10-20,facturado,103591.96,ERP VENTA vendedor=ALEGRIA ESTEBAN,false,false,erp,64473,ALEGRIA ESTEBAN
64474,1092,2025-10-20,facturado,18048.78,ERP VENTA vendedor=MELLADO FACUNDO,false,false,erp,64474,MELLADO FACUNDO
64475,1137,2025-10-20,confirmado,434894.21,ERP RESERVA CONFIRMADA vendedor=MELLADO FACUNDO,false,false,erp,64475,MELLADO FACUNDO
64476,872,2025-10-20,confirmado,365616.23,ERP RESERVA CONFIRMADA vendedor=MELLADO FACUNDO,false,false,erp,64476,MELLADO FACUNDO
64477,962,2025-10-20,confirmado,155513.64,ERP RESERVA CONFIRMADA vendedor=MELLADO FACUNDO,false,false,erp,64477,MELLADO FACUNDO
64480,630,2025-10-20,confirmado,395253.89,ERP RESERVA CONFIRMADA vendedor=ALEGRIA ESTEBAN,false,false,erp,64480,ALEGRIA ESTEBAN
64481,796,2025-10-20,confirmado,661947.42,ERP RESERVA CONFIRMADA vendedor=ALEGRIA ESTEBAN,false,false,erp,64481,ALEGRIA ESTEBAN
64486,35,2025-10-20,confirmado,1562112.63,ERP RESERVA CONFIRMADA vendedor=ALEGRIA ESTEBAN,false,false,erp,64486,ALEGRIA ESTEBAN
64487,1693,2025-10-20,confirmado,78170.08,ERP RESERVA CONFIRMADA vendedor=ALEGRIA ESTEBAN,false,false,erp,64487,ALEGRIA ESTEBAN
64488,700,2025-10-20,confirmado,158138.65,ERP RESERVA CONFIRMADA vendedor=ALEGRIA ESTEBAN,false,false,erp,64488,ALEGRIA ESTEBAN
64489,509,2025-10-20,confirmado,780653.57,ERP RESERVA CONFIRMADA vendedor=ALEGRIA ESTEBAN,false,false,erp,64489,ALEGRIA ESTEBAN
64490,839,2025-10-20,confirmado,172330.56,ERP RESERVA CONFIRMADA vendedor=ALEGRIA ESTEBAN,false,false,erp,64490,ALEGRIA ESTEBAN
64491,178,2025-10-20,confirmado,642090.07,ERP RESERVA CONFIRMADA vendedor=ALEGRIA ESTEBAN,false,false,erp,64491,ALEGRIA ESTEBAN
64437,973,2025-10-18,facturado,50471.35,ERP VENTA vendedor=ALEGRIA ESTEBAN,false,false,erp,64437,ALEGRIA ESTEBAN
64438,159,2025-10-18,confirmado,312330.45,ERP RESERVA CONFIRMADA vendedor=ALEGRIA ESTEBAN,false,false,erp,64438,ALEGRIA ESTEBAN
64439,1417,2025-10-18,facturado,81888.16,ERP VENTA vendedor=ALEGRIA ESTEBAN,false,false,erp,64439,ALEGRIA ESTEBAN
64440,1087,2025-10-18,facturado,19903.86,ERP VENTA vendedor=PATRICIA CURLO,false,false,erp,64440,PATRICIA CURLO
64441,1808,2025-10-18,facturado,51067.09,ERP VENTA vendedor=PATRICIA CURLO,false,false,erp,64441,PATRICIA CURLO
64442,316,2025-10-18,facturado,43068.51,ERP VENTA vendedor=ALEGRIA ESTEBAN,false,false,erp,64442,ALEGRIA ESTEBAN
64443,1796,2025-10-18,facturado,50930.84,ERP VENTA vendedor=ALEGRIA ESTEBAN,false,false,erp,64443,ALEGRIA ESTEBAN
64444,636,2025-10-18,confirmado,85419.27,ERP RESERVA CONFIRMADA vendedor=ALEGRIA ESTEBAN,false,false,erp,64444,ALEGRIA ESTEBAN
64445,173,2025-10-18,confirmado,741053.43,ERP RESERVA CONFIRMADA vendedor=ALEGRIA ESTEBAN,false,false,erp,64445,ALEGRIA ESTEBAN
64446,1442,2025-10-18,facturado,561407.25,ERP VENTA vendedor=ALEGRIA ESTEBAN,false,false,erp,64446,ALEGRIA ESTEBAN
64447,1442,2025-10-18,confirmado,644946.99,ERP RESERVA CONFIRMADA vendedor=ALEGRIA ESTEBAN,false,false,erp,64447,ALEGRIA ESTEBAN
64448,1750,2025-10-18,facturado,204483.88,ERP VENTA vendedor=ALEGRIA ESTEBAN,false,false,erp,64448,ALEGRIA ESTEBAN
64449,996,2025-10-18,confirmado,14356.17,ERP RESERVA CONFIRMADA vendedor=ALEGRIA ESTEBAN,false,false,erp,64449,ALEGRIA ESTEBAN
64419,993,2025-10-17,confirmado,339716.02,ERP RESERVA CONFIRMADA vendedor=ALEGRIA ESTEBAN,false,false,erp,64419,ALEGRIA ESTEBAN
64421,161,2025-10-17,facturado,158863.40,ERP VENTA vendedor=ALEGRIA ESTEBAN,false,false,erp,64421,ALEGRIA ESTEBAN
64422,1328,2025-10-17,facturado,220902.87,ERP VENTA vendedor=ALEGRIA ESTEBAN,false,false,erp,64422,ALEGRIA ESTEBAN
64423,971,2025-10-17,facturado,894795.85,ERP VENTA vendedor=ARIAS MACARENA,false,false,erp,64423,ARIAS MACARENA
64425,316,2025-10-17,facturado,277899.10,ERP VENTA vendedor=PATRICIA CURLO,false,false,erp,64425,PATRICIA CURLO
64426,1194,2025-10-17,facturado,100807.33,ERP VENTA vendedor=ARIAS MACARENA,false,false,erp,64426,ARIAS MACARENA
64427,333,2025-10-17,facturado,86451.16,ERP VENTA vendedor=ARIAS MACARENA,false,false,erp,64427,ARIAS MACARENA
64428,1291,2025-10-17,facturado,184514.17,ERP VENTA vendedor=ARIAS MACARENA,false,false,erp,64428,ARIAS MACARENA
64429,1489,2025-10-17,confirmado,138380.63,ERP RESERVA CONFIRMADA vendedor=PATRICIA CURLO,false,false,erp,64429,PATRICIA CURLO
64430,797,2025-10-17,facturado,499461.17,ERP VENTA vendedor=PATRICIA CURLO,false,false,erp,64430,PATRICIA CURLO
64431,1801,2025-10-17,facturado,57424.68,ERP VENTA vendedor=ARIAS MACARENA,false,false,erp,64431,ARIAS MACARENA
64432,42,2025-10-17,facturado,87000.03,ERP VENTA vendedor=ALEGRIA ESTEBAN,false,false,erp,64432,ALEGRIA ESTEBAN
64433,159,2025-10-17,facturado,211675.52,ERP VENTA vendedor=ALEGRIA ESTEBAN,false,false,erp,64433,ALEGRIA ESTEBAN
64434,1265,2025-10-17,facturado,32787.83,ERP VENTA vendedor=PATRICIA CURLO,false,false,erp,64434,PATRICIA CURLO
64435,16,2025-10-17,facturado,286552.25,ERP VENTA vendedor=ALEGRIA ESTEBAN,false,false,erp,64435,ALEGRIA ESTEBAN
64436,16,2025-10-17,facturado,319582.81,ERP VENTA vendedor=ALEGRIA ESTEBAN,false,false,erp,64436,ALEGRIA ESTEBAN
64335,1146,2025-10-16,confirmado,222809.40,ERP RESERVA CONFIRMADA vendedor=ALEGRIA ESTEBAN,false,false,erp,64335,ALEGRIA ESTEBAN
64363,1741,2025-10-16,confirmado,102926.92,ERP RESERVA CONFIRMADA vendedor=ALEGRIA ESTEBAN,false,false,erp,64363,ALEGRIA ESTEBAN
64370,56,2025-10-16,confirmado,230344.11,ERP RESERVA CONFIRMADA vendedor=ALEGRIA ESTEBAN,false,false,erp,64370,ALEGRIA ESTEBAN
64373,957,2025-10-16,confirmado,151591.19,ERP RESERVA CONFIRMADA vendedor=ALEGRIA ESTEBAN,false,false,erp,64373,ALEGRIA ESTEBAN
64375,934,2025-10-16,confirmado,532945.96,ERP RESERVA CONFIRMADA vendedor=ALEGRIA ESTEBAN,false,false,erp,64375,ALEGRIA ESTEBAN
64378,35,2025-10-16,confirmado,295898.05,ERP RESERVA CONFIRMADA vendedor=ALEGRIA ESTEBAN,false,false,erp,64378,ALEGRIA ESTEBAN
64381,38,2025-10-16,confirmado,128937.54,ERP RESERVA CONFIRMADA vendedor=ALEGRIA ESTEBAN,false,false,erp,64381,ALEGRIA ESTEBAN
64389,428,2025-10-16,confirmado,975873.60,ERP RESERVA CONFIRMADA vendedor=PATRICIA CURLO,false,false,erp,64389,PATRICIA CURLO
64390,7,2025-10-16,confirmado,246866.04,ERP RESERVA CONFIRMADA vendedor=ALEGRIA ESTEBAN,false,false,erp,64390,ALEGRIA ESTEBAN
64394,1652,2025-10-16,confirmado,99716.23,ERP RESERVA CONFIRMADA vendedor=ALEGRIA ESTEBAN,false,false,erp,64394,ALEGRIA ESTEBAN
64395,499,2025-10-16,confirmado,101571.09,ERP RESERVA CONFIRMADA vendedor=ALEGRIA ESTEBAN,false,false,erp,64395,ALEGRIA ESTEBAN
64396,1146,2025-10-16,confirmado,1099246.68,ERP RESERVA CONFIRMADA vendedor=ALEGRIA ESTEBAN,false,false,erp,64396,ALEGRIA ESTEBAN
64397,1651,2025-10-16,confirmado,323569.89,ERP RESERVA CONFIRMADA vendedor=ALEGRIA ESTEBAN,false,false,erp,64397,ALEGRIA ESTEBAN
64398,1732,2025-10-16,facturado,51074.09,ERP VENTA vendedor=ALEGRIA ESTEBAN,false,false,erp,64398,ALEGRIA ESTEBAN
64399,316,2025-10-16,facturado,9851.82,ERP VENTA vendedor=ALEGRIA ESTEBAN,false,false,erp,64399,ALEGRIA ESTEBAN
64400,35,2025-10-16,confirmado,1396079.89,ERP RESERVA CONFIRMADA vendedor=ALEGRIA ESTEBAN,false,false,erp,64400,ALEGRIA ESTEBAN
64401,1595,2025-10-16,confirmado,164753.60,ERP RESERVA CONFIRMADA vendedor=ALEGRIA ESTEBAN,false,false,erp,64401,ALEGRIA ESTEBAN
64402,316,2025-10-16,facturado,24275.63,ERP VENTA vendedor=ALEGRIA ESTEBAN,false,false,erp,64402,ALEGRIA ESTEBAN
64403,1120,2025-10-16,confirmado,249603.77,ERP RESERVA CONFIRMADA vendedor=ALEGRIA ESTEBAN,false,false,erp,64403,ALEGRIA ESTEBAN
64404,1119,2025-10-16,confirmado,52983.82,ERP RESERVA CONFIRMADA vendedor=ALEGRIA ESTEBAN,false,false,erp,64404,ALEGRIA ESTEBAN
64405,695,2025-10-16,facturado,131037.41,ERP VENTA vendedor=ALEGRIA ESTEBAN,false,false,erp,64405,ALEGRIA ESTEBAN
64406,1751,2025-10-16,facturado,73953.34,ERP VENTA vendedor=ALEGRIA ESTEBAN,false,false,erp,64406,ALEGRIA ESTEBAN
64407,46,2025-10-16,confirmado,104951.94,ERP RESERVA CONFIRMADA vendedor=PATRICIA CURLO,false,false,erp,64407,PATRICIA CURLO
64408,1320,2025-10-16,confirmado,134039.14,ERP RESERVA CONFIRMADA vendedor=ALEGRIA ESTEBAN,false,false,erp,64408,ALEGRIA ESTEBAN
64409,140,2025-10-16,confirmado,438293.47,ERP RESERVA CONFIRMADA vendedor=ALEGRIA ESTEBAN,false,false,erp,64409,ALEGRIA ESTEBAN
64410,1597,2025-10-16,facturado,90060.19,ERP VENTA vendedor=ALEGRIA ESTEBAN,false,false,erp,64410,ALEGRIA ESTEBAN
64411,42,2025-10-16,facturado,217829.97,ERP VENTA vendedor=ALEGRIA ESTEBAN,false,false,erp,64411,ALEGRIA ESTEBAN
64412,1672,2025-10-16,facturado,110625.27,ERP VENTA vendedor=ALEGRIA ESTEBAN,false,false,erp,64412,ALEGRIA ESTEBAN
64413,1606,2025-10-16,confirmado,245551.20,ERP RESERVA CONFIRMADA vendedor=ALEGRIA ESTEBAN,false,false,erp,64413,ALEGRIA ESTEBAN
64414,996,2025-10-16,confirmado,545493.05,ERP RESERVA CONFIRMADA vendedor=ALEGRIA ESTEBAN,false,false,erp,64414,ALEGRIA ESTEBAN
64417,1344,2025-10-16,facturado,25830.00,ERP VENTA vendedor=PATRICIA CURLO,false,false,erp,64417,PATRICIA CURLO
64418,1778,2025-10-16,facturado,102617.73,ERP VENTA vendedor=PATRICIA CURLO,false,false,erp,64418,PATRICIA CURLO
64321,674,2025-10-15,confirmado,135805.28,ERP RESERVA CONFIRMADA vendedor=ALEGRIA ESTEBAN,false,false,erp,64321,ALEGRIA ESTEBAN
64330,1567,2025-10-15,confirmado,503577.06,ERP RESERVA CONFIRMADA vendedor=ALEGRIA ESTEBAN,false,false,erp,64330,ALEGRIA ESTEBAN
64346,31,2025-10-15,confirmado,748829.07,ERP RESERVA CONFIRMADA vendedor=ALEGRIA ESTEBAN,false,false,erp,64346,ALEGRIA ESTEBAN
64364,108,2025-10-15,confirmado,217707.51,ERP RESERVA CONFIRMADA vendedor=ALEGRIA ESTEBAN,false,false,erp,64364,ALEGRIA ESTEBAN
64365,1214,2025-10-15,confirmado,73735.52,ERP RESERVA CONFIRMADA vendedor=ALEGRIA ESTEBAN,false,false,erp,64365,ALEGRIA ESTEBAN
64366,1421,2025-10-15,confirmado,532857.89,ERP RESERVA CONFIRMADA vendedor=ALEGRIA ESTEBAN,false,false,erp,64366,ALEGRIA ESTEBAN
64367,125,2025-10-15,confirmado,212469.55,ERP RESERVA CONFIRMADA vendedor=ALEGRIA ESTEBAN,false,false,erp,64367,ALEGRIA ESTEBAN
64368,125,2025-10-15,confirmado,227882.70,ERP RESERVA CONFIRMADA vendedor=ALEGRIA ESTEBAN,false,false,erp,64368,ALEGRIA ESTEBAN
64369,14,2025-10-15,facturado,95062.72,ERP VENTA vendedor=ALEGRIA ESTEBAN,false,false,erp,64369,ALEGRIA ESTEBAN
64371,1781,2025-10-15,confirmado,77885.22,ERP RESERVA CONFIRMADA vendedor=ALEGRIA ESTEBAN,false,false,erp,64371,ALEGRIA ESTEBAN
64372,909,2025-10-15,confirmado,141641.48,ERP RESERVA CONFIRMADA vendedor=ALEGRIA ESTEBAN,false,false,erp,64372,ALEGRIA ESTEBAN
64374,963,2025-10-15,facturado,109964.24,ERP VENTA vendedor=ALEGRIA ESTEBAN,false,false,erp,64374,ALEGRIA ESTEBAN
64376,90,2025-10-15,facturado,61708.10,ERP VENTA vendedor=ALEGRIA ESTEBAN,false,false,erp,64376,ALEGRIA ESTEBAN
64379,951,2025-10-15,confirmado,1947346.79,ERP RESERVA CONFIRMADA vendedor=ALEGRIA ESTEBAN,false,false,erp,64379,ALEGRIA ESTEBAN
64380,45,2025-10-15,confirmado,449890.92,ERP RESERVA CONFIRMADA vendedor=ALEGRIA ESTEBAN,false,false,erp,64380,ALEGRIA ESTEBAN
64382,75,2025-10-15,confirmado,187609.43,ERP RESERVA CONFIRMADA vendedor=PATRICIA CURLO,false,false,erp,64382,PATRICIA CURLO
64383,74,2025-10-15,confirmado,105415.70,ERP RESERVA CONFIRMADA vendedor=PATRICIA CURLO,false,false,erp,64383,PATRICIA CURLO
64384,1085,2025-10-15,facturado,465802.55,ERP VENTA vendedor=PATRICIA CURLO,false,false,erp,64384,PATRICIA CURLO
64385,891,2025-10-15,facturado,528919.73,ERP VENTA vendedor=ALEGRIA ESTEBAN,false,false,erp,64385,ALEGRIA ESTEBAN
64386,1690,2025-10-15,facturado,94757.00,ERP VENTA vendedor=PATRICIA CURLO,false,false,erp,64386,PATRICIA CURLO
64387,1807,2025-10-15,facturado,95619.23,ERP VENTA vendedor=PATRICIA CURLO,false,false,erp,64387,PATRICIA CURLO
64391,1125,2025-10-15,facturado,98217.71,ERP VENTA vendedor=ALEGRIA ESTEBAN,false,false,erp,64391,ALEGRIA ESTEBAN
64392,20,2025-10-15,confirmado,104352.63,ERP RESERVA CONFIRMADA vendedor=PATRICIA CURLO,false,false,erp,64392,PATRICIA CURLO
64393,1495,2025-10-15,facturado,54585.38,ERP VENTA vendedor=ALEGRIA ESTEBAN,false,false,erp,64393,ALEGRIA ESTEBAN
64317,1232,2025-10-14,confirmado,133975.00,ERP RESERVA CONFIRMADA vendedor=ALEGRIA ESTEBAN,false,false,erp,64317,ALEGRIA ESTEBAN
64318,1596,2025-10-14,confirmado,83231.05,ERP RESERVA CONFIRMADA vendedor=ALEGRIA ESTEBAN,false,false,erp,64318,ALEGRIA ESTEBAN
64322,36,2025-10-14,confirmado,83826.10,ERP RESERVA CONFIRMADA vendedor=ALEGRIA ESTEBAN,false,false,erp,64322,ALEGRIA ESTEBAN
64325,851,2025-10-14,confirmado,114104.04,ERP RESERVA CONFIRMADA vendedor=ALEGRIA ESTEBAN,false,false,erp,64325,ALEGRIA ESTEBAN
64326,1382,2025-10-14,confirmado,65864.84,ERP RESERVA CONFIRMADA vendedor=ALEGRIA ESTEBAN,false,false,erp,64326,ALEGRIA ESTEBAN
64327,1307,2025-10-14,confirmado,237868.43,ERP RESERVA CONFIRMADA vendedor=ALEGRIA ESTEBAN,false,false,erp,64327,ALEGRIA ESTEBAN
64340,778,2025-10-14,confirmado,150028.20,ERP RESERVA CONFIRMADA vendedor=ALEGRIA ESTEBAN,false,false,erp,64340,ALEGRIA ESTEBAN
64341,1359,2025-10-14,confirmado,70003.99,ERP RESERVA CONFIRMADA vendedor=ALEGRIA ESTEBAN,false,false,erp,64341,ALEGRIA ESTEBAN
64342,478,2025-10-14,confirmado,517463.72,ERP RESERVA CONFIRMADA vendedor=ALEGRIA ESTEBAN,false,false,erp,64342,ALEGRIA ESTEBAN
64343,151,2025-10-14,confirmado,305664.18,ERP RESERVA CONFIRMADA vendedor=ALEGRIA ESTEBAN,false,false,erp,64343,ALEGRIA ESTEBAN
64344,348,2025-10-14,confirmado,191023.93,ERP RESERVA CONFIRMADA vendedor=ALEGRIA ESTEBAN,false,false,erp,64344,ALEGRIA ESTEBAN
64345,968,2025-10-14,confirmado,679193.97,ERP RESERVA CONFIRMADA vendedor=ALEGRIA ESTEBAN,false,false,erp,64345,ALEGRIA ESTEBAN
64347,152,2025-10-14,confirmado,70508.22,ERP RESERVA CONFIRMADA vendedor=ALEGRIA ESTEBAN,false,false,erp,64347,ALEGRIA ESTEBAN
64348,1384,2025-10-14,confirmado,458375.79,ERP RESERVA CONFIRMADA vendedor=ALEGRIA ESTEBAN,false,false,erp,64348,ALEGRIA ESTEBAN
64349,89,2025-10-14,confirmado,608772.97,ERP RESERVA CONFIRMADA vendedor=ALEGRIA ESTEBAN,false,false,erp,64349,ALEGRIA ESTEBAN
64350,361,2025-10-14,facturado,52589.98,ERP VENTA vendedor=ALEGRIA ESTEBAN,false,false,erp,64350,ALEGRIA ESTEBAN
64351,947,2025-10-14,confirmado,212658.75,ERP RESERVA CONFIRMADA vendedor=ALEGRIA ESTEBAN,false,false,erp,64351,ALEGRIA ESTEBAN
64352,316,2025-10-14,facturado,101287.09,ERP VENTA vendedor=ALEGRIA ESTEBAN,false,false,erp,64352,ALEGRIA ESTEBAN
64353,1019,2025-10-14,confirmado,714653.34,ERP RESERVA CONFIRMADA vendedor=ALEGRIA ESTEBAN,false,false,erp,64353,ALEGRIA ESTEBAN
64354,1202,2025-10-14,facturado,57890.52,ERP VENTA vendedor=ALEGRIA ESTEBAN,false,false,erp,64354,ALEGRIA ESTEBAN
64356,1645,2025-10-14,facturado,158069.53,ERP VENTA vendedor=ALEGRIA ESTEBAN,false,false,erp,64356,ALEGRIA ESTEBAN
64357,1806,2025-10-14,confirmado,241843.24,ERP RESERVA CONFIRMADA vendedor=ALEGRIA ESTEBAN,false,false,erp,64357,ALEGRIA ESTEBAN
64358,453,2025-10-14,facturado,110963.58,ERP VENTA vendedor=ALEGRIA ESTEBAN,false,false,erp,64358,ALEGRIA ESTEBAN
64359,678,2025-10-14,facturado,52680.15,ERP VENTA vendedor=ALEGRIA ESTEBAN,false,false,erp,64359,ALEGRIA ESTEBAN
64360,1512,2025-10-14,confirmado,1075512.71,ERP RESERVA CONFIRMADA vendedor=ALEGRIA ESTEBAN,false,false,erp,64360,ALEGRIA ESTEBAN
64361,666,2025-10-14,facturado,104213.29,ERP VENTA vendedor=ALEGRIA ESTEBAN,false,false,erp,64361,ALEGRIA ESTEBAN
64362,1789,2025-10-14,facturado,141061.78,ERP VENTA vendedor=ALEGRIA ESTEBAN,false,false,erp,64362,ALEGRIA ESTEBAN
64296,35,2025-10-13,confirmado,954861.46,ERP RESERVA CONFIRMADA vendedor=ALEGRIA ESTEBAN,false,false,erp,64296,ALEGRIA ESTEBAN
64297,1326,2025-10-13,confirmado,413330.50,ERP RESERVA CONFIRMADA vendedor=ALEGRIA ESTEBAN,false,false,erp,64297,ALEGRIA ESTEBAN
64298,909,2025-10-13,confirmado,105406.72,ERP RESERVA CONFIRMADA vendedor=ALEGRIA ESTEBAN,false,false,erp,64298,ALEGRIA ESTEBAN
64299,909,2025-10-13,confirmado,203900.77,ERP RESERVA CONFIRMADA vendedor=ALEGRIA ESTEBAN,false,false,erp,64299,ALEGRIA ESTEBAN
64300,710,2025-10-13,confirmado,117553.25,ERP RESERVA CONFIRMADA vendedor=ALEGRIA ESTEBAN,false,false,erp,64300,ALEGRIA ESTEBAN
64301,710,2025-10-13,confirmado,38550.16,ERP RESERVA CONFIRMADA vendedor=ALEGRIA ESTEBAN,false,false,erp,64301,ALEGRIA ESTEBAN
64302,815,2025-10-13,confirmado,163116.68,ERP RESERVA CONFIRMADA vendedor=ALEGRIA ESTEBAN,false,false,erp,64302,ALEGRIA ESTEBAN
64304,787,2025-10-13,confirmado,216676.94,ERP RESERVA CONFIRMADA vendedor=ALEGRIA ESTEBAN,false,false,erp,64304,ALEGRIA ESTEBAN
64306,857,2025-10-13,confirmado,280316.97,ERP RESERVA CONFIRMADA vendedor=ALEGRIA ESTEBAN,false,false,erp,64306,ALEGRIA ESTEBAN
64307,1754,2025-10-13,confirmado,411825.57,ERP RESERVA CONFIRMADA vendedor=ALEGRIA ESTEBAN,false,false,erp,64307,ALEGRIA ESTEBAN
64308,971,2025-10-13,facturado,779785.75,ERP VENTA vendedor=ALEGRIA ESTEBAN,false,false,erp,64308,ALEGRIA ESTEBAN
64309,1137,2025-10-13,confirmado,278867.95,ERP RESERVA CONFIRMADA vendedor=ALEGRIA ESTEBAN,false,false,erp,64309,ALEGRIA ESTEBAN
64310,630,2025-10-13,confirmado,294851.08,ERP RESERVA CONFIRMADA vendedor=ALEGRIA ESTEBAN,false,false,erp,64310,ALEGRIA ESTEBAN
64311,1519,2025-10-13,confirmado,90950.09,ERP RESERVA CONFIRMADA vendedor=ALEGRIA ESTEBAN,false,false,erp,64311,ALEGRIA ESTEBAN
64312,796,2025-10-13,confirmado,955236.27,ERP RESERVA CONFIRMADA vendedor=ALEGRIA ESTEBAN,false,false,erp,64312,ALEGRIA ESTEBAN
64313,1241,2025-10-13,confirmado,96859.75,ERP RESERVA CONFIRMADA vendedor=ALEGRIA ESTEBAN,false,false,erp,64313,ALEGRIA ESTEBAN
64314,354,2025-10-13,confirmado,523560.73,ERP RESERVA CONFIRMADA vendedor=ALEGRIA ESTEBAN,false,false,erp,64314,ALEGRIA ESTEBAN
64315,316,2025-10-13,confirmado,350710.43,ERP RESERVA CONFIRMADA vendedor=ALEGRIA ESTEBAN,false,false,erp,64315,ALEGRIA ESTEBAN
64316,1159,2025-10-13,confirmado,169642.19,ERP RESERVA CONFIRMADA vendedor=ALEGRIA ESTEBAN,false,false,erp,64316,ALEGRIA ESTEBAN
64319,1148,2025-10-13,facturado,60280.40,ERP VENTA vendedor=ALEGRIA ESTEBAN,false,false,erp,64319,ALEGRIA ESTEBAN
64320,124,2025-10-13,confirmado,1660730.14,ERP RESERVA CONFIRMADA vendedor=ALEGRIA ESTEBAN,false,false,erp,64320,ALEGRIA ESTEBAN
64323,1234,2025-10-13,confirmado,56715.40,ERP RESERVA CONFIRMADA vendedor=ALEGRIA ESTEBAN,false,false,erp,64323,ALEGRIA ESTEBAN
64328,1803,2025-10-13,confirmado,119759.45,ERP RESERVA CONFIRMADA vendedor=PATRICIA CURLO,false,false,erp,64328,PATRICIA CURLO
64329,509,2025-10-13,confirmado,295412.88,ERP RESERVA CONFIRMADA vendedor=ALEGRIA ESTEBAN,false,false,erp,64329,ALEGRIA ESTEBAN
64331,804,2025-10-13,confirmado,196791.62,ERP RESERVA CONFIRMADA vendedor=ALEGRIA ESTEBAN,false,false,erp,64331,ALEGRIA ESTEBAN
64333,828,2025-10-13,confirmado,232365.90,ERP RESERVA CONFIRMADA vendedor=ALEGRIA ESTEBAN,false,false,erp,64333,ALEGRIA ESTEBAN
64334,419,2025-10-13,confirmado,439596.09,ERP RESERVA CONFIRMADA vendedor=ALEGRIA ESTEBAN,false,false,erp,64334,ALEGRIA ESTEBAN
64336,839,2025-10-13,confirmado,192117.32,ERP RESERVA CONFIRMADA vendedor=ALEGRIA ESTEBAN,false,false,erp,64336,ALEGRIA ESTEBAN
64338,1612,2025-10-13,facturado,62346.25,ERP VENTA vendedor=ALEGRIA ESTEBAN,false,false,erp,64338,ALEGRIA ESTEBAN
64339,1804,2025-10-13,facturado,100780.17,ERP VENTA vendedor=PATRICIA CURLO,false,false,erp,64339,PATRICIA CURLO
64285,1024,2025-10-11,facturado,233028.06,ERP VENTA vendedor=ALEGRIA ESTEBAN,false,false,erp,64285,ALEGRIA ESTEBAN
64286,1326,2025-10-11,confirmado,2390353.37,ERP RESERVA CONFIRMADA vendedor=ALEGRIA ESTEBAN,false,false,erp,64286,ALEGRIA ESTEBAN
64287,1326,2025-10-11,confirmado,1820438.41,ERP RESERVA CONFIRMADA vendedor=ALEGRIA ESTEBAN,false,false,erp,64287,ALEGRIA ESTEBAN
64288,1291,2025-10-11,facturado,303934.99,ERP VENTA vendedor=ALEGRIA ESTEBAN,false,false,erp,64288,ALEGRIA ESTEBAN
64289,1542,2025-10-11,facturado,185735.90,ERP VENTA vendedor=ALEGRIA ESTEBAN,false,false,erp,64289,ALEGRIA ESTEBAN
64290,974,2025-10-11,facturado,87374.10,ERP VENTA vendedor=ALEGRIA ESTEBAN,false,false,erp,64290,ALEGRIA ESTEBAN
64291,974,2025-10-11,facturado,29124.70,ERP VENTA vendedor=ALEGRIA ESTEBAN,false,false,erp,64291,ALEGRIA ESTEBAN
64292,968,2025-10-11,facturado,116000.04,ERP VENTA vendedor=ALEGRIA ESTEBAN,false,false,erp,64292,ALEGRIA ESTEBAN
64293,655,2025-10-11,confirmado,70850.11,ERP RESERVA CONFIRMADA vendedor=ALEGRIA ESTEBAN,false,false,erp,64293,ALEGRIA ESTEBAN
64294,658,2025-10-11,facturado,63602.36,ERP VENTA vendedor=ALEGRIA ESTEBAN,false,false,erp,64294,ALEGRIA ESTEBAN
64295,127,2025-10-11,confirmado,88969.42,ERP RESERVA CONFIRMADA vendedor=ALEGRIA ESTEBAN,false,false,erp,64295,ALEGRIA ESTEBAN
64266,446,2025-10-09,facturado,132663.89,ERP VENTA vendedor=ALEGRIA ESTEBAN,false,false,erp,64266,ALEGRIA ESTEBAN
64267,1320,2025-10-09,confirmado,109280.40,ERP RESERVA CONFIRMADA vendedor=ALEGRIA ESTEBAN,false,false,erp,64267,ALEGRIA ESTEBAN
64268,35,2025-10-09,confirmado,188792.75,ERP RESERVA CONFIRMADA vendedor=ALEGRIA ESTEBAN,false,false,erp,64268,ALEGRIA ESTEBAN
64269,1438,2025-10-09,confirmado,70786.58,ERP RESERVA CONFIRMADA vendedor=ALEGRIA ESTEBAN,false,false,erp,64269,ALEGRIA ESTEBAN
64270,976,2025-10-09,facturado,57073.66,ERP VENTA vendedor=ALEGRIA ESTEBAN,false,false,erp,64270,ALEGRIA ESTEBAN
64271,1252,2025-10-09,facturado,54016.89,ERP VENTA vendedor=ALEGRIA ESTEBAN,false,false,erp,64271,ALEGRIA ESTEBAN
64272,1326,2025-10-09,confirmado,53301.76,ERP RESERVA CONFIRMADA vendedor=ALEGRIA ESTEBAN,false,false,erp,64272,ALEGRIA ESTEBAN
64273,316,2025-10-09,facturado,9851.82,ERP VENTA vendedor=ALEGRIA ESTEBAN,false,false,erp,64273,ALEGRIA ESTEBAN
64274,15,2025-10-09,confirmado,581955.78,ERP RESERVA CONFIRMADA vendedor=ALEGRIA ESTEBAN,false,false,erp,64274,ALEGRIA ESTEBAN
64275,42,2025-10-09,facturado,81530.96,ERP VENTA vendedor=PATRICIA CURLO,false,false,erp,64275,PATRICIA CURLO
64276,1586,2025-10-09,facturado,67697.39,ERP VENTA vendedor=ALEGRIA ESTEBAN,false,false,erp,64276,ALEGRIA ESTEBAN
64278,574,2025-10-09,confirmado,103701.84,ERP RESERVA CONFIRMADA vendedor=ALEGRIA ESTEBAN,false,false,erp,64278,ALEGRIA ESTEBAN
64279,633,2025-10-09,facturado,67869.71,ERP VENTA vendedor=ALEGRIA ESTEBAN,false,false,erp,64279,ALEGRIA ESTEBAN
64280,633,2025-10-09,facturado,16177.55,ERP VENTA vendedor=ALEGRIA ESTEBAN,false,false,erp,64280,ALEGRIA ESTEBAN
64281,42,2025-10-09,facturado,99301.97,ERP VENTA vendedor=ALEGRIA ESTEBAN,false,false,erp,64281,ALEGRIA ESTEBAN
64282,1417,2025-10-09,facturado,66952.38,ERP VENTA vendedor=ALEGRIA ESTEBAN,false,false,erp,64282,ALEGRIA ESTEBAN
64283,1194,2025-10-09,facturado,179479.10,ERP VENTA vendedor=ALEGRIA ESTEBAN,false,false,erp,64283,ALEGRIA ESTEBAN
64284,1349,2025-10-09,facturado,60998.16,ERP VENTA vendedor=ALEGRIA ESTEBAN,false,false,erp,64284,ALEGRIA ESTEBAN
64205,674,2025-10-08,confirmado,169857.82,ERP RESERVA CONFIRMADA vendedor=ALEGRIA ESTEBAN,false,false,erp,64205,ALEGRIA ESTEBAN
64238,6,2025-10-08,confirmado,1290632.32,ERP RESERVA CONFIRMADA vendedor=ALEGRIA ESTEBAN,false,false,erp,64238,ALEGRIA ESTEBAN
64240,747,2025-10-08,confirmado,576109.14,ERP RESERVA CONFIRMADA vendedor=PATRICIA CURLO,false,false,erp,64240,PATRICIA CURLO
64241,1342,2025-10-08,confirmado,552416.27,ERP RESERVA CONFIRMADA vendedor=PATRICIA CURLO,false,false,erp,64241,PATRICIA CURLO
64247,1264,2025-10-08,confirmado,209738.94,ERP RESERVA CONFIRMADA vendedor=ALEGRIA ESTEBAN,false,false,erp,64247,ALEGRIA ESTEBAN
64248,1421,2025-10-08,confirmado,588041.90,ERP RESERVA CONFIRMADA vendedor=ALEGRIA ESTEBAN,false,false,erp,64248,ALEGRIA ESTEBAN
64249,161,2025-10-08,facturado,57751.01,ERP VENTA vendedor=ALEGRIA ESTEBAN,false,false,erp,64249,ALEGRIA ESTEBAN
64250,1214,2025-10-08,confirmado,52709.47,ERP RESERVA CONFIRMADA vendedor=ALEGRIA ESTEBAN,false,false,erp,64250,ALEGRIA ESTEBAN
64251,1069,2025-10-08,facturado,52492.06,ERP VENTA vendedor=ALEGRIA ESTEBAN,false,false,erp,64251,ALEGRIA ESTEBAN
64252,31,2025-10-08,confirmado,940681.00,ERP RESERVA CONFIRMADA vendedor=ALEGRIA ESTEBAN,false,false,erp,64252,ALEGRIA ESTEBAN
64253,110,2025-10-08,confirmado,2067237.04,ERP RESERVA CONFIRMADA vendedor=ALEGRIA ESTEBAN,false,false,erp,64253,ALEGRIA ESTEBAN
64254,20,2025-10-08,confirmado,81611.51,ERP RESERVA CONFIRMADA vendedor=ALEGRIA ESTEBAN,false,false,erp,64254,ALEGRIA ESTEBAN
64255,131,2025-10-08,confirmado,60193.36,ERP RESERVA CONFIRMADA vendedor=ALEGRIA ESTEBAN,false,false,erp,64255,ALEGRIA ESTEBAN
64256,532,2025-10-08,facturado,331624.17,ERP VENTA vendedor=ALEGRIA ESTEBAN,false,false,erp,64256,ALEGRIA ESTEBAN
64257,849,2025-10-08,confirmado,175486.92,ERP RESERVA CONFIRMADA vendedor=ALEGRIA ESTEBAN,false,false,erp,64257,ALEGRIA ESTEBAN
64258,666,2025-10-08,facturado,119854.55,ERP VENTA vendedor=ALEGRIA ESTEBAN,false,false,erp,64258,ALEGRIA ESTEBAN
64259,963,2025-10-08,facturado,49067.97,ERP VENTA vendedor=ALEGRIA ESTEBAN,false,false,erp,64259,ALEGRIA ESTEBAN
64260,131,2025-10-08,confirmado,132374.04,ERP RESERVA CONFIRMADA vendedor=ALEGRIA ESTEBAN,false,false,erp,64260,ALEGRIA ESTEBAN
64261,1638,2025-10-08,confirmado,378567.78,ERP RESERVA CONFIRMADA vendedor=ALEGRIA ESTEBAN,false,false,erp,64261,ALEGRIA ESTEBAN
64262,385,2025-10-08,confirmado,480441.80,ERP RESERVA CONFIRMADA vendedor=ALEGRIA ESTEBAN,false,false,erp,64262,ALEGRIA ESTEBAN
64263,891,2025-10-08,facturado,257629.04,ERP VENTA vendedor=ALEGRIA ESTEBAN,false,false,erp,64263,ALEGRIA ESTEBAN
64264,611,2025-10-08,facturado,63443.00,ERP VENTA vendedor=ALEGRIA ESTEBAN,false,false,erp,64264,ALEGRIA ESTEBAN
64209,1596,2025-10-07,confirmado,59612.10,ERP RESERVA CONFIRMADA vendedor=ALEGRIA ESTEBAN,false,false,erp,64209,ALEGRIA ESTEBAN
64214,184,2025-10-07,confirmado,188259.35,ERP RESERVA CONFIRMADA vendedor=ALEGRIA ESTEBAN,false,false,erp,64214,ALEGRIA ESTEBAN
64215,1307,2025-10-07,confirmado,342164.24,ERP RESERVA CONFIRMADA vendedor=ALEGRIA ESTEBAN,false,false,erp,64215,ALEGRIA ESTEBAN
64217,1359,2025-10-07,confirmado,77624.65,ERP RESERVA CONFIRMADA vendedor=ALEGRIA ESTEBAN,false,false,erp,64217,ALEGRIA ESTEBAN
64219,851,2025-10-07,confirmado,254215.05,ERP RESERVA CONFIRMADA vendedor=ALEGRIA ESTEBAN,false,false,erp,64219,ALEGRIA ESTEBAN
64227,905,2025-10-07,confirmado,90702.65,ERP RESERVA CONFIRMADA vendedor=ALEGRIA ESTEBAN,false,false,erp,64227,ALEGRIA ESTEBAN
64228,872,2025-10-07,confirmado,34499.52,ERP RESERVA CONFIRMADA vendedor=ALEGRIA ESTEBAN,false,false,erp,64228,ALEGRIA ESTEBAN
64229,1146,2025-10-07,confirmado,653907.08,ERP RESERVA CONFIRMADA vendedor=ALEGRIA ESTEBAN,false,false,erp,64229,ALEGRIA ESTEBAN
64230,108,2025-10-07,confirmado,106495.28,ERP RESERVA CONFIRMADA vendedor=ALEGRIA ESTEBAN,false,false,erp,64230,ALEGRIA ESTEBAN
64231,962,2025-10-07,confirmado,54470.34,ERP RESERVA CONFIRMADA vendedor=ALEGRIA ESTEBAN,false,false,erp,64231,ALEGRIA ESTEBAN
64232,1194,2025-10-07,confirmado,90277.07,ERP RESERVA CONFIRMADA vendedor=ALEGRIA ESTEBAN,false,false,erp,64232,ALEGRIA ESTEBAN
64233,947,2025-10-07,confirmado,121492.60,ERP RESERVA CONFIRMADA vendedor=ALEGRIA ESTEBAN,false,false,erp,64233,ALEGRIA ESTEBAN
64234,971,2025-10-07,facturado,524636.63,ERP VENTA vendedor=ALEGRIA ESTEBAN,false,false,erp,64234,ALEGRIA ESTEBAN
64235,151,2025-10-07,confirmado,198178.78,ERP RESERVA CONFIRMADA vendedor=ALEGRIA ESTEBAN,false,false,erp,64235,ALEGRIA ESTEBAN
64236,1567,2025-10-07,confirmado,530468.35,ERP RESERVA CONFIRMADA vendedor=ALEGRIA ESTEBAN,false,false,erp,64236,ALEGRIA ESTEBAN
64237,1512,2025-10-07,confirmado,127901.26,ERP RESERVA CONFIRMADA vendedor=ALEGRIA ESTEBAN,false,false,erp,64237,ALEGRIA ESTEBAN
64239,1382,2025-10-07,confirmado,59227.38,ERP RESERVA CONFIRMADA vendedor=PATRICIA CURLO,false,false,erp,64239,PATRICIA CURLO
64242,1802,2025-10-07,facturado,195065.37,ERP VENTA vendedor=PATRICIA CURLO,false,false,erp,64242,PATRICIA CURLO
64244,207,2025-10-07,facturado,50066.54,ERP VENTA vendedor=PATRICIA CURLO,false,false,erp,64244,PATRICIA CURLO
64245,1455,2025-10-07,facturado,78658.48,ERP VENTA vendedor=PATRICIA CURLO,false,false,erp,64245,PATRICIA CURLO
64246,103,2025-10-07,facturado,36064.35,ERP VENTA vendedor=ALEGRIA ESTEBAN,false,false,erp,64246,ALEGRIA ESTEBAN
64183,316,2025-10-06,facturado,128880.82,ERP VENTA vendedor=ALEGRIA ESTEBAN,false,false,erp,64183,ALEGRIA ESTEBAN
64184,35,2025-10-06,confirmado,596279.22,ERP RESERVA CONFIRMADA vendedor=ALEGRIA ESTEBAN,false,false,erp,64184,ALEGRIA ESTEBAN
64185,815,2025-10-06,confirmado,192302.16,ERP RESERVA CONFIRMADA vendedor=ALEGRIA ESTEBAN,false,false,erp,64185,ALEGRIA ESTEBAN
64186,1049,2025-10-06,confirmado,58989.55,ERP RESERVA CONFIRMADA vendedor=ALEGRIA ESTEBAN,false,false,erp,64186,ALEGRIA ESTEBAN
64187,1326,2025-10-06,confirmado,336456.66,ERP RESERVA CONFIRMADA vendedor=ALEGRIA ESTEBAN,false,false,erp,64187,ALEGRIA ESTEBAN
64188,909,2025-10-06,confirmado,144988.93,ERP RESERVA CONFIRMADA vendedor=ALEGRIA ESTEBAN,false,false,erp,64188,ALEGRIA ESTEBAN
64189,1801,2025-10-06,facturado,55216.04,ERP VENTA vendedor=ALEGRIA ESTEBAN,false,false,erp,64189,ALEGRIA ESTEBAN
64190,909,2025-10-06,confirmado,113804.19,ERP RESERVA CONFIRMADA vendedor=ALEGRIA ESTEBAN,false,false,erp,64190,ALEGRIA ESTEBAN
64191,710,2025-10-06,confirmado,77100.32,ERP RESERVA CONFIRMADA vendedor=ALEGRIA ESTEBAN,false,false,erp,64191,ALEGRIA ESTEBAN
64192,710,2025-10-06,confirmado,92605.42,ERP RESERVA CONFIRMADA vendedor=ALEGRIA ESTEBAN,false,false,erp,64192,ALEGRIA ESTEBAN
64193,1586,2025-10-06,facturado,381662.85,ERP VENTA vendedor=ALEGRIA ESTEBAN,false,false,erp,64193,ALEGRIA ESTEBAN
64194,1722,2025-10-06,facturado,116498.80,ERP VENTA vendedor=ALEGRIA ESTEBAN,false,false,erp,64194,ALEGRIA ESTEBAN
64195,1241,2025-10-06,confirmado,241892.73,ERP RESERVA CONFIRMADA vendedor=ALEGRIA ESTEBAN,false,false,erp,64195,ALEGRIA ESTEBAN
64196,1326,2025-10-06,facturado,1254482.02,ERP VENTA vendedor=PATRICIA CURLO,false,false,erp,64196,PATRICIA CURLO
64197,1506,2025-10-06,confirmado,514238.94,ERP RESERVA CONFIRMADA vendedor=ALEGRIA ESTEBAN,false,false,erp,64197,ALEGRIA ESTEBAN
64198,1137,2025-10-06,confirmado,226758.51,ERP RESERVA CONFIRMADA vendedor=ALEGRIA ESTEBAN,false,false,erp,64198,ALEGRIA ESTEBAN
64199,1651,2025-10-06,confirmado,293954.24,ERP RESERVA CONFIRMADA vendedor=ALEGRIA ESTEBAN,false,false,erp,64199,ALEGRIA ESTEBAN
64200,1757,2025-10-06,confirmado,336576.72,ERP RESERVA CONFIRMADA vendedor=ALEGRIA ESTEBAN,false,false,erp,64200,ALEGRIA ESTEBAN
64201,630,2025-10-06,confirmado,238654.69,ERP RESERVA CONFIRMADA vendedor=ALEGRIA ESTEBAN,false,false,erp,64201,ALEGRIA ESTEBAN
64202,872,2025-10-06,confirmado,551242.60,ERP RESERVA CONFIRMADA vendedor=ALEGRIA ESTEBAN,false,false,erp,64202,ALEGRIA ESTEBAN
64203,952,2025-10-06,confirmado,204625.85,ERP RESERVA CONFIRMADA vendedor=ALEGRIA ESTEBAN,false,false,erp,64203,ALEGRIA ESTEBAN
64204,1063,2025-10-06,confirmado,118488.00,ERP RESERVA CONFIRMADA vendedor=ALEGRIA ESTEBAN,false,false,erp,64204,ALEGRIA ESTEBAN
64207,200,2025-10-06,confirmado,265434.40,ERP RESERVA CONFIRMADA vendedor=ALEGRIA ESTEBAN,false,false,erp,64207,ALEGRIA ESTEBAN
64210,993,2025-10-06,confirmado,725686.98,ERP RESERVA CONFIRMADA vendedor=ALEGRIA ESTEBAN,false,false,erp,64210,ALEGRIA ESTEBAN
64212,996,2025-10-06,confirmado,380222.71,ERP RESERVA CONFIRMADA vendedor=ALEGRIA ESTEBAN,false,false,erp,64212,ALEGRIA ESTEBAN
64213,650,2025-10-06,confirmado,215196.34,ERP RESERVA CONFIRMADA vendedor=ALEGRIA ESTEBAN,false,false,erp,64213,ALEGRIA ESTEBAN
64216,178,2025-10-06,confirmado,328747.22,ERP RESERVA CONFIRMADA vendedor=ALEGRIA ESTEBAN,false,false,erp,64216,ALEGRIA ESTEBAN
64220,796,2025-10-06,confirmado,920686.29,ERP RESERVA CONFIRMADA vendedor=ALEGRIA ESTEBAN,false,false,erp,64220,ALEGRIA ESTEBAN
64221,797,2025-10-06,confirmado,676893.85,ERP RESERVA CONFIRMADA vendedor=ALEGRIA ESTEBAN,false,false,erp,64221,ALEGRIA ESTEBAN
64222,1612,2025-10-06,facturado,80758.70,ERP VENTA vendedor=PATRICIA CURLO,false,false,erp,64222,PATRICIA CURLO
64223,35,2025-10-06,confirmado,971890.22,ERP RESERVA CONFIRMADA vendedor=ALEGRIA ESTEBAN,false,false,erp,64223,ALEGRIA ESTEBAN
64224,839,2025-10-06,confirmado,271407.96,ERP RESERVA CONFIRMADA vendedor=ALEGRIA ESTEBAN,false,false,erp,64224,ALEGRIA ESTEBAN
64225,1672,2025-10-06,facturado,61593.29,ERP VENTA vendedor=ALEGRIA ESTEBAN,false,false,erp,64225,ALEGRIA ESTEBAN
64167,1791,2025-10-04,facturado,174465.54,ERP VENTA vendedor=ALEGRIA ESTEBAN,false,false,erp,64167,ALEGRIA ESTEBAN
64168,1010,2025-10-04,confirmado,47828.73,ERP RESERVA CONFIRMADA vendedor=ALEGRIA ESTEBAN,false,false,erp,64168,ALEGRIA ESTEBAN
64169,1629,2025-10-04,facturado,162677.52,ERP VENTA vendedor=ALEGRIA ESTEBAN,false,false,erp,64169,ALEGRIA ESTEBAN
64170,316,2025-10-04,facturado,98827.02,ERP VENTA vendedor=ALEGRIA ESTEBAN,false,false,erp,64170,ALEGRIA ESTEBAN
64171,737,2025-10-04,facturado,56594.42,ERP VENTA vendedor=ALEGRIA ESTEBAN,false,false,erp,64171,ALEGRIA ESTEBAN
64172,42,2025-10-04,facturado,104666.33,ERP VENTA vendedor=ALEGRIA ESTEBAN,false,false,erp,64172,ALEGRIA ESTEBAN
64173,855,2025-10-04,facturado,84447.73,ERP VENTA vendedor=ALEGRIA ESTEBAN,false,false,erp,64173,ALEGRIA ESTEBAN
64174,1326,2025-10-04,confirmado,994313.36,ERP RESERVA CONFIRMADA vendedor=ALEGRIA ESTEBAN,false,false,erp,64174,ALEGRIA ESTEBAN
64175,1326,2025-10-04,confirmado,2646746.59,ERP RESERVA CONFIRMADA vendedor=ALEGRIA ESTEBAN,false,false,erp,64175,ALEGRIA ESTEBAN
64178,1414,2025-10-04,facturado,793893.94,ERP VENTA vendedor=PATRICIA CURLO,false,false,erp,64178,PATRICIA CURLO
64179,1800,2025-10-04,facturado,55366.49,ERP VENTA vendedor=ALEGRIA ESTEBAN,false,false,erp,64179,ALEGRIA ESTEBAN
64180,307,2025-10-04,facturado,60244.04,ERP VENTA vendedor=ALEGRIA ESTEBAN,false,false,erp,64180,ALEGRIA ESTEBAN
64181,909,2025-10-04,confirmado,321097.55,ERP RESERVA CONFIRMADA vendedor=ALEGRIA ESTEBAN,false,false,erp,64181,ALEGRIA ESTEBAN
64182,1247,2025-10-04,confirmado,306771.78,ERP RESERVA CONFIRMADA vendedor=ALEGRIA ESTEBAN,false,false,erp,64182,ALEGRIA ESTEBAN
64226,159,2025-10-04,confirmado,152460.00,ERP RESERVA CONFIRMADA vendedor=PATRICIA CURLO,false,false,erp,64226,PATRICIA CURLO
64149,1652,2025-10-03,confirmado,103071.50,ERP RESERVA CONFIRMADA vendedor=ALEGRIA ESTEBAN,false,false,erp,64149,ALEGRIA ESTEBAN
64150,1789,2025-10-03,facturado,57220.12,ERP VENTA vendedor=ALEGRIA ESTEBAN,false,false,erp,64150,ALEGRIA ESTEBAN
64151,997,2025-10-03,confirmado,129420.55,ERP RESERVA CONFIRMADA vendedor=ALEGRIA ESTEBAN,false,false,erp,64151,ALEGRIA ESTEBAN
64152,1539,2025-10-03,facturado,177338.59,ERP VENTA vendedor=ALEGRIA ESTEBAN,false,false,erp,64152,ALEGRIA ESTEBAN
64153,1774,2025-10-03,facturado,128987.00,ERP VENTA vendedor=ALEGRIA ESTEBAN,false,false,erp,64153,ALEGRIA ESTEBAN
64154,7,2025-10-03,facturado,394294.80,ERP VENTA vendedor=ALEGRIA ESTEBAN,false,false,erp,64154,ALEGRIA ESTEBAN
64155,143,2025-10-03,confirmado,39758.06,ERP RESERVA CONFIRMADA vendedor=ALEGRIA ESTEBAN,false,false,erp,64155,ALEGRIA ESTEBAN
64156,398,2025-10-03,facturado,51516.91,ERP VENTA vendedor=ALEGRIA ESTEBAN,false,false,erp,64156,ALEGRIA ESTEBAN
64157,854,2025-10-03,facturado,70420.69,ERP VENTA vendedor=ALEGRIA ESTEBAN,false,false,erp,64157,ALEGRIA ESTEBAN
64158,817,2025-10-03,facturado,389326.19,ERP VENTA vendedor=PATRICIA CURLO,false,false,erp,64158,PATRICIA CURLO
64159,1145,2025-10-03,facturado,87043.03,ERP VENTA vendedor=ALEGRIA ESTEBAN,false,false,erp,64159,ALEGRIA ESTEBAN
64160,787,2025-10-03,confirmado,97720.35,ERP RESERVA CONFIRMADA vendedor=ALEGRIA ESTEBAN,false,false,erp,64160,ALEGRIA ESTEBAN
64161,1417,2025-10-03,facturado,235995.53,ERP VENTA vendedor=ALEGRIA ESTEBAN,false,false,erp,64161,ALEGRIA ESTEBAN
64162,1237,2025-10-03,facturado,49868.17,ERP VENTA vendedor=PATRICIA CURLO,false,false,erp,64162,PATRICIA CURLO
64163,1417,2025-10-03,facturado,14513.60,ERP VENTA vendedor=ALEGRIA ESTEBAN,false,false,erp,64163,ALEGRIA ESTEBAN
64164,1417,2025-10-03,facturado,9528.75,ERP VENTA vendedor=PATRICIA CURLO,false,false,erp,64164,PATRICIA CURLO
64165,902,2025-10-03,facturado,89299.40,ERP VENTA vendedor=ALEGRIA ESTEBAN,false,false,erp,64165,ALEGRIA ESTEBAN
64166,90,2025-10-03,facturado,83555.64,ERP VENTA vendedor=ALEGRIA ESTEBAN,false,false,erp,64166,ALEGRIA ESTEBAN
64081,726,2025-10-02,confirmado,43639.54,ERP RESERVA CONFIRMADA vendedor=ALEGRIA ESTEBAN,false,false,erp,64081,ALEGRIA ESTEBAN
64116,35,2025-10-02,confirmado,636864.50,ERP RESERVA CONFIRMADA vendedor=ALEGRIA ESTEBAN,false,false,erp,64116,ALEGRIA ESTEBAN
64117,56,2025-10-02,confirmado,533246.38,ERP RESERVA CONFIRMADA vendedor=ALEGRIA ESTEBAN,false,false,erp,64117,ALEGRIA ESTEBAN
64118,934,2025-10-02,confirmado,387641.41,ERP RESERVA CONFIRMADA vendedor=ALEGRIA ESTEBAN,false,false,erp,64118,ALEGRIA ESTEBAN
64122,499,2025-10-02,confirmado,67387.97,ERP RESERVA CONFIRMADA vendedor=ALEGRIA ESTEBAN,false,false,erp,64122,ALEGRIA ESTEBAN
64130,1320,2025-10-02,confirmado,79309.74,ERP RESERVA CONFIRMADA vendedor=ALEGRIA ESTEBAN,false,false,erp,64130,ALEGRIA ESTEBAN
64131,996,2025-10-02,confirmado,343462.18,ERP RESERVA CONFIRMADA vendedor=ALEGRIA ESTEBAN,false,false,erp,64131,ALEGRIA ESTEBAN
64132,20,2025-10-02,confirmado,58286.15,ERP RESERVA CONFIRMADA vendedor=ALEGRIA ESTEBAN,false,false,erp,64132,ALEGRIA ESTEBAN
64133,75,2025-10-02,confirmado,116977.06,ERP RESERVA CONFIRMADA vendedor=ALEGRIA ESTEBAN,false,false,erp,64133,ALEGRIA ESTEBAN
64134,87,2025-10-02,confirmado,182586.68,ERP RESERVA CONFIRMADA vendedor=ALEGRIA ESTEBAN,false,false,erp,64134,ALEGRIA ESTEBAN
64135,316,2025-10-02,facturado,57583.59,ERP VENTA vendedor=ALEGRIA ESTEBAN,false,false,erp,64135,ALEGRIA ESTEBAN
64136,1146,2025-10-02,confirmado,636552.44,ERP RESERVA CONFIRMADA vendedor=ALEGRIA ESTEBAN,false,false,erp,64136,ALEGRIA ESTEBAN
64137,1342,2025-10-02,confirmado,390217.28,ERP RESERVA CONFIRMADA vendedor=ALEGRIA ESTEBAN,false,false,erp,64137,ALEGRIA ESTEBAN
64138,1120,2025-10-02,confirmado,199323.16,ERP RESERVA CONFIRMADA vendedor=ALEGRIA ESTEBAN,false,false,erp,64138,ALEGRIA ESTEBAN
64139,1651,2025-10-02,confirmado,358184.62,ERP RESERVA CONFIRMADA vendedor=ALEGRIA ESTEBAN,false,false,erp,64139,ALEGRIA ESTEBAN
64140,38,2025-10-02,confirmado,147740.09,ERP RESERVA CONFIRMADA vendedor=ALEGRIA ESTEBAN,false,false,erp,64140,ALEGRIA ESTEBAN
64141,817,2025-10-02,facturado,1431545.40,ERP VENTA vendedor=PATRICIA CURLO,false,false,erp,64141,PATRICIA CURLO
64142,993,2025-10-02,confirmado,487434.16,ERP RESERVA CONFIRMADA vendedor=ALEGRIA ESTEBAN,false,false,erp,64142,ALEGRIA ESTEBAN
64143,344,2025-10-02,confirmado,220784.40,ERP RESERVA CONFIRMADA vendedor=ALEGRIA ESTEBAN,false,false,erp,64143,ALEGRIA ESTEBAN
64144,7,2025-10-02,confirmado,304167.80,ERP RESERVA CONFIRMADA vendedor=ALEGRIA ESTEBAN,false,false,erp,64144,ALEGRIA ESTEBAN
64145,532,2025-10-02,facturado,57679.12,ERP VENTA vendedor=ALEGRIA ESTEBAN,false,false,erp,64145,ALEGRIA ESTEBAN
64146,1459,2025-10-02,facturado,141185.64,ERP VENTA vendedor=ALEGRIA ESTEBAN,false,false,erp,64146,ALEGRIA ESTEBAN
64147,1733,2025-10-02,confirmado,189762.58,ERP RESERVA CONFIRMADA vendedor=ALEGRIA ESTEBAN,false,false,erp,64147,ALEGRIA ESTEBAN
64148,1080,2025-10-02,facturado,78658.48,ERP VENTA vendedor=ALEGRIA ESTEBAN,false,false,erp,64148,ALEGRIA ESTEBAN
64036,960,2025-10-01,confirmado,146433.37,ERP RESERVA CONFIRMADA vendedor=ALEGRIA ESTEBAN,false,false,erp,64036,ALEGRIA ESTEBAN
64078,129,2025-10-01,confirmado,156081.44,ERP RESERVA CONFIRMADA vendedor=ALEGRIA ESTEBAN,false,false,erp,64078,ALEGRIA ESTEBAN
64079,788,2025-10-01,confirmado,73945.68,ERP RESERVA CONFIRMADA vendedor=ALEGRIA ESTEBAN,false,false,erp,64079,ALEGRIA ESTEBAN
64094,31,2025-10-01,confirmado,1285419.09,ERP RESERVA CONFIRMADA vendedor=ALEGRIA ESTEBAN,false,false,erp,64094,ALEGRIA ESTEBAN
64105,797,2025-10-01,confirmado,275578.02,ERP RESERVA CONFIRMADA vendedor=ALEGRIA ESTEBAN,false,false,erp,64105,ALEGRIA ESTEBAN
64108,1421,2025-10-01,confirmado,210711.48,ERP RESERVA CONFIRMADA vendedor=ALEGRIA ESTEBAN,false,false,erp,64108,ALEGRIA ESTEBAN
64109,460,2025-10-01,confirmado,511796.23,ERP RESERVA CONFIRMADA vendedor=ALEGRIA ESTEBAN,false,false,erp,64109,ALEGRIA ESTEBAN
64110,1214,2025-10-01,confirmado,138202.29,ERP RESERVA CONFIRMADA vendedor=ALEGRIA ESTEBAN,false,false,erp,64110,ALEGRIA ESTEBAN
64111,971,2025-10-01,facturado,448198.34,ERP VENTA vendedor=ALEGRIA ESTEBAN,false,false,erp,64111,ALEGRIA ESTEBAN
64112,1769,2025-10-01,facturado,218358.07,ERP VENTA vendedor=PATRICIA CURLO,false,false,erp,64112,PATRICIA CURLO
64113,1555,2025-10-01,facturado,57052.09,ERP VENTA vendedor=ALEGRIA ESTEBAN,false,false,erp,64113,ALEGRIA ESTEBAN
64114,20,2025-10-01,confirmado,199367.94,ERP RESERVA CONFIRMADA vendedor=ALEGRIA ESTEBAN,false,false,erp,64114,ALEGRIA ESTEBAN
64115,45,2025-10-01,confirmado,313727.13,ERP RESERVA CONFIRMADA vendedor=ALEGRIA ESTEBAN,false,false,erp,64115,ALEGRIA ESTEBAN
64119,1202,2025-10-01,facturado,46168.32,ERP VENTA vendedor=PATRICIA CURLO,false,false,erp,64119,PATRICIA CURLO
64120,1614,2025-10-01,facturado,65586.16,ERP VENTA vendedor=ALEGRIA ESTEBAN,false,false,erp,64120,ALEGRIA ESTEBAN
64121,1447,2025-10-01,facturado,71276.66,ERP VENTA vendedor=ALEGRIA ESTEBAN,false,false,erp,64121,ALEGRIA ESTEBAN
64123,161,2025-10-01,facturado,399161.74,ERP VENTA vendedor=ALEGRIA ESTEBAN,false,false,erp,64123,ALEGRIA ESTEBAN
64124,74,2025-10-01,confirmado,107003.26,ERP RESERVA CONFIRMADA vendedor=ALEGRIA ESTEBAN,false,false,erp,64124,ALEGRIA ESTEBAN
64125,1533,2025-10-01,confirmado,63454.74,ERP RESERVA CONFIRMADA vendedor=ALEGRIA ESTEBAN,false,false,erp,64125,ALEGRIA ESTEBAN
64126,428,2025-10-01,confirmado,530758.27,ERP RESERVA CONFIRMADA vendedor=ALEGRIA ESTEBAN,false,false,erp,64126,ALEGRIA ESTEBAN
64127,131,2025-10-01,confirmado,237033.57,ERP RESERVA CONFIRMADA vendedor=ALEGRIA ESTEBAN,false,false,erp,64127,ALEGRIA ESTEBAN
64128,1606,2025-10-01,confirmado,272052.66,ERP RESERVA CONFIRMADA vendedor=ALEGRIA ESTEBAN,false,false,erp,64128,ALEGRIA ESTEBAN
64129,1789,2025-10-01,facturado,111851.60,ERP VENTA vendedor=ALEGRIA ESTEBAN,false,false,erp,64129,ALEGRIA ESTEBAN
