product_code,nombre,precio_lista_1,stock,unidades_por_bulto,unidad_minima_de_venta,umv_tipo,categoria_1,categoria_2,categoria_3,categoria_4,aliases,rotacion_index,mental_priority,descripcion,image_url,en_catalogo,is_mock,fuente_hoja
11601,AGUILA 60% CACAO BARRITA 24X24X14G,25242.859554,397,24,DISPLAY,display,Helados,Chocolates,Chocolate en Barra,Oscuro,barra de chocolate 60% cacao | chocolate amargo,0.85,0.0,"Barra de chocolate oscuro 60% cacao, marca Águila, presentación de 24 barras de 14 g.",https://arcorencasa.com/wp-content/uploads/2024/10/20241008-11601-300x300.webp,true,true,Importación CSV
13332,AGUILA BAÑO REPOSTERO SEMI AMARGO 8X12X150G,3559.352698,397,96,UNIDAD,unidad,Helados,Chocolates,Chocolate para Repostería,Semi Amargo,baño repostero semi amargo | chocolate para repostería,0.85,0.0,"Chocolate semi amargo para repostería, marca Águila, presentación de 8 cajas de 12 unidades de 150 g.",https://arcorencasa.com/wp-content/uploads/2024/10/20241008-13332-300x300.webp,true,true,Importación CSV
10344,AIREADO COFLER LECHE 4x12x100G,5964.390684999999,69,48,UNIDAD,unidad,Helados,Chocolates,Snacks de Chocolate,Leche,snack de chocolate aireado | cofle de chocolate,0.85,0.0,"Snack de chocolate aireado con leche, marca Cofler, presentación de 4 cajas de 12 unidades de 100 g.",https://arcorencasa.com/wp-content/uploads/2024/10/20241008-10344-300x300.webp,true,true,Importación CSV
3107,AGUILA TABLETA BLANCO 6X15X100G,5420.722923,5,90,UNIDAD,unidad,Helados,Chocolates,Chocolate en Barra,Blanco,tableta de chocolate blanco | chocolate blanco,0.85,0.0,"Tableta de chocolate blanco, marca Águila, presentación de 6 cajas de 15 tabletas de 100 g.",https://arcorencasa.com/wp-content/uploads/2024/10/20241008-3107-1-300x300.webp,true,true,Importación CSV
10582,AGUILA TAZA FAMILIAR 6X12X225G,9304.545349,397,72,UNIDAD,unidad,Helados,Chocolates,Chocolate para Taza,Semi Amargo,chocolate de taza | chocolate para taza,0.85,0.0,"Chocolate de taza semiamargo, marca Águila, presentación de 6 cajas de 12 unidades de 225 g.",https://arcorencasa.com/wp-content/uploads/2024/10/20241008-10582-300x300.webp,true,true,Importación CSV
12903,AGUILA 70% CACAO 4X15X150G,9385.276428,397,60,UNIDAD,unidad,Helados,Chocolates,Chocolate en Barra,Oscuro,barra de chocolate 70% cacao | chocolate amargo,0.85,0.0,"Barra de chocolate 70% cacao, marca Águila, presentación de 4 tabletas de 150 g.",https://arcorencasa.com/wp-content/uploads/2024/10/20241008-12903-300x300.webp,true,true,Importación CSV
15059,CHOCOLATE ARCOR BLANCO MANI 8X10X80G,2913.044629,397,80,UNIDAD,unidad,Helados,Chocolates,Chocolate en Barra,Blanco con Maní,chocolate blanco con maní | chocolate con maní,0.85,0.0,"Chocolate blanco con maní, marca Arcor, presentación de 8 cajas de 10 unidades de 80 g.",https://arcorencasa.com/wp-content/uploads/2025/07/20250723-15059-300x300.webp,true,true,Importación CSV
10610,BEBIDA BC MANZANA 24x200ML,675.016529,397,24,UNIDAD,unidad,Helados,Bebidas,Bebidas de Frutas,Manzana,bebida de manzana | jugo de manzana,0.85,0.0,"Bebida de manzana, marca BC, presentación de 24 botellas de 200 ml.",https://arcorencasa.com/wp-content/uploads/2024/10/20241008-10610-300x300.webp,true,true,Importación CSV
12994,ATUN LC DESMENUZADO ACEITE 24X170G,2733.5515349999996,152,24,UNIDAD,unidad,Alimentos y Almacén,Almacén,Atún,Desmenuzado en Aceite,atún desmenuzado | atún en aceite,0.15,0.0,"Atún desmenuzado en aceite, marca LC, presentación de 24 latas de 170 g.",https://cvlbietibaaehgeimxgw.supabase.co/storage/v1/object/public/products-demo_jorge/12994.jpg,true,true,Importación CSV
15301,BUDIN ARCOR CON CHIPS 18X215G,3241.2329290000002,39,18,UNIDAD,unidad,Helados,Golosinas,Budines,,budín con chips | budín de chocolate,0.85,0.0,"Budín con chips de chocolate, marca Arcor, presentación de 18 unidades de 215 g.",https://cvlbietibaaehgeimxgw.supabase.co/storage/v1/object/public/products-demo_jorge/15301.jpg,true,true,Importación CSV
13228,BIZCOCHUELO AGUILA CHOCOLATE 12X530G,4217.036098,45,12,UNIDAD,unidad,Helados,Golosinas,Bizcochuelos,Chocolate,bizcochuelo de chocolate | bizcochuelo,0.85,0.0,"Bizcochuelo de chocolate, marca Águila, presentación de 12 unidades de 530 g.",https://arcorencasa.com/wp-content/uploads/2024/10/20241008-13228-300x300.webp,true,true,Importación CSV
11921,BONOBON AGUILA 16X18X15G,8891.679918,168,16,DISPLAY,display,Helados,Golosinas,Bombones,,bombones de chocolate | bombones rellenos,0.85,0.0,"Bombones de chocolate con relleno de crema, marca Bon o Bon y Águila, presentación de 15 g cada uno.",https://arcorencasa.com/wp-content/uploads/2024/10/20230410-11921-300x300.webp,true,true,Importación CSV
14196,BEBIDA ARCOR NARANJA 12X1L,1722.633319,397,12,UNIDAD,unidad,Helados,Bebidas,Bebidas de Frutas,Naranja,bebida de naranja | jugo de naranja,0.85,0.0,"Bebida de naranja, marca Arcor, presentación de 12 botellas de 1 litro.",https://arcorencasa.com/wp-content/uploads/2024/10/20241008-14196-300x300.webp,true,true,Importación CSV
5044,BATATA VAINILLA ESTUCHE 12X500G,2106.634321,208,12,UNIDAD,unidad,Helados,Almacén,Batatas,Vainilla,batata vainilla | batata dulce,0.15,0.0,"Batata vainilla, presentación de 12 paquetes de 500 g.",https://arcorencasa.com/wp-content/uploads/2024/10/20241008-5044-300x300.webp,true,true,Importación CSV
12228,BROWNIE AGUILA 12x425G,4420.376719,57,12,UNIDAD,unidad,Helados,Golosinas,Brownies,,brownie de chocolate | brownie,0.85,0.0,"Brownie, marca Águila, presentación de 12 unidades de 425 g.",https://arcorencasa.com/wp-content/uploads/2024/10/20241008-12228-300x300.webp,true,true,Importación CSV
14450,BARRA COFLER BLOCK MANI 6X20X45G,1386.874291,165,120,UNIDAD,unidad,Helados,Golosinas,Barritas,Maní,barra de maní | barrita de chocolate,0.85,0.0,"Barra de chocolate con maní, marca Cofler, presentación de 6 cajas de 20 barras de 45 g.",https://arcorencasa.com/wp-content/uploads/2024/11/20241120-14450-300x300.webp,true,true,Importación CSV
13136,ATUN LC NATURAL 24X170G,5157.937058999999,626,24,UNIDAD,unidad,Alimentos y Almacén,Almacén,Atún,Natural,atún natural | atún en agua,0.15,0.0,"Atún natural, marca LC, presentación de 24 latas de 170 g.",https://arcorencasa.com/wp-content/uploads/2026/01/20260122-13136-300x300.webp,true,true,Importación CSV
15209,BUTTER TOFFEES LECHE 48X80G,1385.481702,52,48,DISPLAY,display,Caramelos,Golosinas,Caramelos,Leche,caramelos de leche | toffees de leche,0.85,0.0,"Caramelos de leche, marca Butter Toffees, presentación de 48 bolsas de 80 g.",https://arcorencasa.com/wp-content/uploads/2025/07/20250723-15209-300x300.webp,true,true,Importación CSV
1782,CARAMELO MASTICABLE FRUTA 10X800G,8523.099035,131,10,DISPLAY,display,Helados,Golosinas,Caramelos,Fruta,caramelo masticable | caramelo de fruta,0.15,0.0,"Caramelo masticable de fruta, presentación de 10 bolsas de 800 g.",https://cvlbietibaaehgeimxgw.supabase.co/storage/v1/object/public/products-demo_jorge/1782.jpg,true,true,Importación CSV
13902,BUTTER TOFFEES DULCE DE LECHE 6X810G,7355.525991,397,6,DISPLAY,display,Caramelos,Golosinas,Caramelos,Dulce de Leche,caramelos de dulce de leche | toffees de dulce de leche,0.85,0.0,"Caramelos de dulce de leche, marca Butter Toffees, presentación de 6 paquetes de 810 g.",https://cvlbietibaaehgeimxgw.supabase.co/storage/v1/object/public/products-demo_jorge/13902.png,true,true,Importación CSV
12039,CELOFAN 50% CACAO 12x30X25G,970.9090819999999,152,360,UNIDAD,unidad,Helados,Chocolates,Chocolate en Barra,50% Cacao,chocolate 50% cacao | chocolate semiamargo,0.15,0.0,"Chocolate 50% cacao, marca Celofan, presentación de 12 displays de 30 unidades de 25 g.",https://arcorencasa.com/wp-content/uploads/2025/12/20251215-12039-300x300.webp,true,true,Importación CSV
3442,CARAMELO BASTON VIENA 12X470G,4632.885026,66,12,DISPLAY,display,Helados,Golosinas,Caramelos,Bastón,caramelo bastón | caramelo de menta,0.15,0.0,"Caramelo bastón, presentación de 12 displays de 470 g.",https://cvlbietibaaehgeimxgw.supabase.co/storage/v1/object/public/products-demo_jorge/3442.jpg,true,true,Importación CSV
11878,BUTTER TOFFEES CHOCOLATE 6X822G,11504.997383,201,6,DISPLAY,display,Caramelos,Golosinas,Caramelos,Chocolate,caramelos de chocolate | toffees de chocolate,0.85,0.0,"Caramelos de chocolate, marca Butter Toffees, presentación de 6 bolsas de 822 g.",https://cvlbietibaaehgeimxgw.supabase.co/storage/v1/object/public/products-demo_jorge/11878.jpg,true,true,Importación CSV
13857,CABALLA LC ACEITE Y AGUA 24X300G,3736.739182,152,24,UNIDAD,unidad,Alimentos y Almacén,Almacén,Caballa,En Aceite y Agua,caballa en aceite | caballa en agua,0.15,0.0,"Caballa en aceite y agua, marca LC, presentación de 24 latas de 300 g.",https://arcorencasa.com/wp-content/uploads/2026/02/20260206-13857-1-300x300.webp,true,true,Importación CSV
13110,CARAMELO BC SURTIDO 6X420G,14989.102117,43,1,DISPLAY,display,Helados,Golosinas,Caramelos,Surtido,caramelo surtido | caramelos variados,0.85,0.0,"Caramelo surtido, presentación de 6 paquetes de 420 g.",https://arcorencasa.com/wp-content/uploads/2024/10/20241010-13110-300x300.webp,true,true,Importación CSV
14720,BUTTER TOFFEES BUTTER & CREAM 6X675G,11909.540797,1,6,DISPLAY,display,Caramelos,Golosinas,Caramelos,Butter & Cream,caramelos butter & cream | toffees de crema,0.85,0.0,"Caramelos Butter & Cream, presentación de 6 paquetes de 675 g.",https://arcorencasa.com/wp-content/uploads/2024/10/20241028-14720-300x300.webp,true,true,Importación CSV
12852,CARAMELO ARCOR MINI CHERRY 10X800G,11061.193340999998,3,10,DISPLAY,display,Helados,Golosinas,Caramelos,Cereza,caramelos de cereza | caramelos cherry,0.85,0.0,"Caramelos Mini Cherry, marca Arcor, presentación de 10 bolsas de 800 g.",https://arcorencasa.com/wp-content/uploads/2024/10/20241010-12852-300x300.webp,true,true,Importación CSV
14904,CARAMELO FIZZ PICANTE 12X48X18G,11580.500172999999,14,12,DISPLAY,display,Caramelos,Golosinas,Caramelos,Picante,caramelo picante | caramelo fizz,0.15,0.0,"Caramelo Fizz Picante, presentación de 12 displays de 48 unidades de 18 g.",https://arcorencasa.com/wp-content/uploads/2025/03/20250327-14904-300x300.webp,true,true,Importación CSV
14473,COFLER CUPS MANI 20X16X17G,11096.104018999999,2,20,DISPLAY,display,Helados,Golosinas,Cofler Cups,Maní,cofler cups | cofler de maní,0.85,0.0,"Cofler Cups de maní, presentación de 20 unidades de 16 g.",https://arcorencasa.com/wp-content/uploads/2025/08/20250725-14473-300x300.webp,true,true,Importación CSV
3777,CRIOLLITAS ORIGINAL 56X100G,618.722247,369,56,UNIDAD,unidad,Galletas y Snacks,Galletas,Galletas,Original,galletas criollitas | criollitas,0.15,0.0,"Galletas criollitas originales, presentación de 56 paquetes de 100 g.",https://arcorencasa.com/wp-content/uploads/2024/10/20241009-3777-300x300.webp,true,true,Importación CSV
10353,COFLER BLANCO CHOCOLINAS 12x10x55G,3120.467064,209,120,UNIDAD,unidad,Helados,Golosinas,Chocolinas,Blanco,chocolinas blancas | galletas de chocolate blanco,0.85,0.0,"Chocolinas blancas, presentación de 12 displays de 10 unidades de 55 g.",https://arcorencasa.com/wp-content/uploads/2025/05/20250506-10353-300x300.webp,true,true,Importación CSV
12898,COFLER BLANCO CHOCOLINA 36X140G,7686.039911,397,36,UNIDAD,unidad,Helados,Golosinas,Chocolinas,Blanco,chocolina blanca | galleta de chocolate blanco,0.85,0.0,"Chocolina blanca, presentación de 36 unidades de 140 g.",https://arcorencasa.com/wp-content/uploads/2025/05/20250506-12898-300x300.webp,true,true,Importación CSV
10348,COFLER LECHE 12x10x55G,3120.467064,645,120,UNIDAD,unidad,Helados,Golosinas,Chocolinas,Leche,chocolina de leche | galleta de chocolate con leche,0.85,0.0,"Chocolina de leche, presentación de 12 cajas de 10 unidades de 55 g.",https://arcorencasa.com/wp-content/uploads/2025/05/20250506-10348-300x300.webp,true,true,Importación CSV
10770,COFLER 3 PLACERES 12x10x55G,3120.467064,268,120,UNIDAD,unidad,Helados,Golosinas,Chocolinas,3 Placeres,chocolinas 3 placeres | galleta de chocolate,0.85,0.0,"Chocolinas 3 Placeres, presentación de 12 unidades de 55 g.",https://arcorencasa.com/wp-content/uploads/2025/05/20250506-10770-300x300.webp,true,true,Importación CSV
14609,COFLER ROCKLETS LECHE 36x140G,7686.039911,397,36,UNIDAD,unidad,Helados,Golosinas,Rocklets,Leche,rocklets de leche | caramelos rocklets,0.85,0.0,"Rocklets de leche, presentación de 36 unidades de 140 g.",https://arcorencasa.com/wp-content/uploads/2025/05/20250509-14609-300x300.webp,true,true,Importación CSV
13675,CONDIMENTO PIZZA 4X10X23G,1058.9414219999999,3,40,UNIDAD,unidad,Helados,Condimentos,Condimentos,Pizza,condimento para pizza | aliño para pizza,0.15,0.0,"Condimento para pizza, presentación de 4 sachets de 10 g.",https://arcorencasa.com/wp-content/uploads/2024/10/20241008-13675-300x300.webp,true,true,Importación CSV
11028,COFLER BLOCK MANI CON CHOCOLATE 60X40G,1872.467498,341,60,UNIDAD,unidad,Helados,Golosinas,Cofler Block,Maní con Chocolate,cofler block con maní | barrita de chocolate,0.85,0.0,"Cofler Block con maní y chocolate, presentación de 60 unidades de 40 g.",https://arcorencasa.com/wp-content/uploads/2024/10/20241008-11028-300x300.webp,true,true,Importación CSV
14299,CHOCOLINAS NEGRO 25X258G,2078.394978,80,25,UNIDAD,unidad,Galletas y Snacks,Galletas,Chocolinas,Negro,chocolinas negras | galletas de chocolate negro,0.15,0.0,"Chocolinas negras, presentación de 25 cajas de 258 g.",https://arcorencasa.com/wp-content/uploads/2024/10/20241009-14299-300x300.webp,true,true,Importación CSV
14092,CEREAL MIX SNACK CACAO 36X100G,1199.074184,152,36,UNIDAD,unidad,Golosinas,Cereales,Snacks,Cacao,snack de cacao | cereal mix,0.15,0.0,"Cereal Mix Snack Cacao, presentación de 36 paquetes de 100 g.",https://arcorencasa.com/wp-content/uploads/2024/10/20241009-14092-300x300.webp,true,true,Importación CSV
13666,CONDIMENTO PIMIENTA BLANCA MOLIDA 4X10X23G,1938.0872499999998,152,40,UNIDAD,unidad,Helados,Condimentos,Condimentos,Pimienta Blanca,pimienta blanca molida | condimento de pimienta,0.15,0.0,"Pimienta blanca molida, presentación de 4 paquetes de 10 unidades de 23 g.",https://arcorencasa.com/wp-content/uploads/2024/10/20241008-13666-300x300.webp,true,true,Importación CSV
10337,AIREADO COFLER BLANCO 8x20x27G,1803.3076489999999,1334,160,UNIDAD,unidad,Helados,Chocolates,Chocolate Blanco,Aireado,chocolate blanco aireado | cofre de chocolate blanco,0.85,0.0,"Chocolate blanco aireado, marca Cofler, formato de 27 gramos, pack de 8 unidades.",https://arcorencasa.com/wp-content/uploads/2024/10/20241008-10337-300x300.webp,true,true,Importación CSV
13659,CONDIMENTO NUEZ MOSCADA MOLIDA 4X10X23G,2064.702376,1,40,UNIDAD,unidad,Helados,Almacén,Condimentos,Nuez Moscada,nuez moscada molida | condimento nuez moscada,0.15,0.0,"Condimento de nuez moscada molida, presentado en 4 sachets de 10 unidades de 23g cada uno.",https://arcorencasa.com/wp-content/uploads/2024/10/20241008-13659-300x300.webp,true,true,Importación CSV
13660,CONDIMENTO PROVENZAL 24X23G,1268.484624,152,24,UNIDAD,unidad,Helados,Almacén,Condimentos,Provenzal,condimento provenzal | mezcla de hierbas,0.15,0.0,"Condimento provenzal, presentado en 24 cajas de 23g cada una.",https://arcorencasa.com/wp-content/uploads/2024/10/20241008-13660-300x300.webp,true,true,Importación CSV
13658,CONDIMENTO PIMIENTA NEGRA MOLIDA 4X10X23G,1458.00886,27,40,UNIDAD,unidad,Helados,Almacén,Condimentos,Pimienta Negra,pimienta negra molida | condimento pimienta,0.15,0.0,"Condimento de pimienta negra molida, presentado en 4 cajas de 10 unidades de 23g cada una.",https://arcorencasa.com/wp-content/uploads/2024/10/20241008-13658-300x300.webp,true,true,Importación CSV
13574,GALLETA CEREAL MIX AVENA PASAS 25x207G,1918.518404,382,25,UNIDAD,unidad,Golosinas,Galletas,Galletas de Cereal,Avena y Pasas,galleta de avena | galleta con pasas,0.15,0.0,"Galleta de cereal mix avena pasas, presentada en 25 paquetes de 207g.",https://arcorencasa.com/wp-content/uploads/2024/10/20241009-13574-300x300.webp,true,true,Importación CSV
15263,CUBANITOS COCO 4X16X29G,13315.600485,152,64,DISPLAY,display,Golosinas,Galletas,Barquillos,Coco,barquillos de coco | cubanitos de coco,0.15,0.0,"Barquillos rellenos de crema sabor coco, marca Cofler, formato de 29 g.",https://cvlbietibaaehgeimxgw.supabase.co/storage/v1/object/public/products-demo_jorge/15263.jpg,true,true,Importación CSV
9461,CRIOLLITAS MAS GRANDES 36X169G,1019.692773,12,36,UNIDAD,unidad,Galletas y Snacks,Galletas,Galletas,Criollitas,criollitas grandes | galletas criollitas,0.15,0.0,"Galletas criollitas más grandes, presentadas en un formato de 36 unidades de 169g.",https://arcorencasa.com/wp-content/uploads/2024/10/20241009-9461-300x300.webp,true,true,Importación CSV
14550,FLAN GODET DULCE DE LECHE 6X8X25G,634.8174250000001,237,48,UNIDAD,unidad,Alimentos y Almacén,Postres,Flanes,Dulce de Leche,flan dulce de leche | flan godet,0.15,0.0,"Flan godet de dulce de leche, presentado en 6 cajas de 8 unidades de 25g.",https://arcorencasa.com/wp-content/uploads/2025/05/20250514-14550-300x300.webp,true,true,Importación CSV
14094,GALLETA CEREAL MIX CACAO 36X150G,1358.9505159999999,152,36,UNIDAD,unidad,Golosinas,Galletas,Galletas de Cereal,Cacao,galleta de cacao | galleta mix cacao,0.15,0.0,"Galleta de cereal mix cacao, presentada en 36 paquetes de 150g.",https://arcorencasa.com/wp-content/uploads/2024/10/20241009-14094-300x300.webp,true,true,Importación CSV
14466,ENSALADA ATUN VERDE LC 24X180G,3375.4639159999997,152,24,UNIDAD,unidad,Alimentos y Almacén,Alimentos,Ensaladas,Atún,ensalada de atún | atún enlatado,0.15,0.0,"Ensalada de atún verde LC, presentada en 24 unidades de 180g.",https://cvlbietibaaehgeimxgw.supabase.co/storage/v1/object/public/products-demo_jorge/14466.jpg,true,true,Importación CSV
14560,GELATINA MOGUL MANZANA 6x8x25G,887.048217,397,48,UNIDAD,unidad,Golosinas,Postres,Gelatinas,Manzana,gelatina de manzana | gelatina mogul,0.85,0.0,"Gelatina Mogul de manzana, presentada en 6 paquetes de 8 unidades de 25g.",https://cvlbietibaaehgeimxgw.supabase.co/storage/v1/object/public/products-demo_jorge/14560.jpg,true,true,Importación CSV
13475,PASTA PENNE LC 15x500G,1555.6263359999998,152,15,UNIDAD,unidad,Alimentos y Almacén,Almacén,Pastas,Penne,pasta penne | penne LC,0.15,0.0,"Pasta penne LC, presentada en 15 paquetes de 500g.",https://arcorencasa.com/wp-content/uploads/2024/10/20241008-13475-300x300.webp,true,true,Importación CSV
13960,HELADO ARCOR MILK 20X52G,41563.476404999994,6,1,BULTO,unidad,Helados,Helados,Helados,Arcor Milk,helado arcor milk | helado de leche,0.85,0.0,"Helado Arcor Milk, presentado en 20 unidades de 52g.",https://arcorencasa.com/wp-content/uploads/2024/10/20241010-13960-300x300.webp,true,true,Importación CSV
14261,HELADO CHOCOTORTA 12X6 PORCIONES,12915.068583999999,89,12,DISPLAY,display,Helados,Helados,Helados,Chocotorta,helado chocotorta | helado de torta,0.15,0.0,"Helado Chocotorta, presentado en 12 cajas con 6 porciones cada una.",https://arcorencasa.com/wp-content/uploads/2024/10/20241010-14261-300x300.webp,true,true,Importación CSV
14081,HELADO BONOBON CORAZON 16X61G,48639.700999999994,86,1,BULTO,unidad,Helados,Helados,Helados,Bonobón Corazón,helado bonobón corazón | helado de chocolate,0.85,0.0,"Helado Bonobón Corazón, presentado en 16 unidades de 61g.",https://arcorencasa.com/wp-content/uploads/2024/10/20241010-14081-300x300.webp,true,true,Importación CSV
15309,GARRAPIÑADA CARAMELO 40X80G,1137.6337720000001,57,40,UNIDAD,unidad,Helados,Dulces,Garrapiñadas,Caramelo,garrapiñada de caramelo | dulce garrapiñada,0.15,0.0,"Garrapiñada de caramelo, presentada en 40 bolsas de 80g.",https://cvlbietibaaehgeimxgw.supabase.co/storage/v1/object/public/products-demo_jorge/15309.webp,true,true,Importación CSV
14555,GELATINA GODET DURAZNO 6X8X25G,887.048217,152,48,UNIDAD,unidad,Alimentos y Almacén,Postres,Gelatinas,Durazno,gelatina de durazno | gelatina godet,0.15,0.0,"Gelatina Godet de durazno, presentada en 6 cajas de 8 unidades de 25g.",https://arcorencasa.com/wp-content/uploads/2024/10/20241028-14555-300x300.webp,true,true,Importación CSV
15136,HELADO BOMBONCITO BLOCK BITES 6X180G,7300.229959,129,6,DISPLAY,display,Helados,Helados,Helados,Bomboncito Block Bites,helado bomboncito block bites | helado de 180g,0.85,0.0,"Helado Bomboncito Block Bites, presentado en 6 unidades de 180g.",https://arcorencasa.com/wp-content/uploads/2025/05/20250506-15136-300x300.webp,true,true,Importación CSV
11612,TURRON CHOCOLATADA 4X50X25G,13990.547439,152,4,DISPLAY,display,Helados,Dulces,Turrones,Chocolatada,turrón chocolatada | dulce turrón,0.15,0.0,"Turrón chocolatada, presentado en 4 cajas de 50 unidades de 25g.",https://cvlbietibaaehgeimxgw.supabase.co/storage/v1/object/public/products-demo_jorge/11612.jpg,true,true,Importación CSV
13966,HELADO BONOBON CORAZON BLANCO 16X75CC,48639.700999999994,8,1,BULTO,unidad,Helados,Helados,Helados,Bonobón Corazón Blanco,helado bonobón corazón blanco | helado de chocolate blanco,0.85,0.0,"Helado Bonobón Corazón Blanco, presentado en 16 unidades de 75 cc.",https://arcorencasa.com/wp-content/uploads/2024/10/20241010-13966-300x300.webp,true,true,Importación CSV
12553,GRAFFITI 16X12X45G,1595.1344089999998,117,192,UNIDAD,unidad,Golosinas,Dulces,Obleas,Rellenas,oblea rellena | oblea de chocolate,0.15,0.0,"Oblea rellena bañada con chocolate con leche, marca Graffiti.",https://arcorencasa.com/wp-content/uploads/2024/10/20241008-12553-300x300.webp,true,true,Importación CSV
14784,HELADO CONO ROCKLETS 18X95G,60729.657274000005,22,1,BULTO,unidad,Helados,Helados,Helados,Cono Rocklets,helado cono rocklets | helado de vainilla,0.15,0.0,"Helado Cono Rocklets, presentado en 18 conos de 95 g.",https://arcorencasa.com/wp-content/uploads/2025/01/20250107-14784-300x300.webp,true,true,Importación CSV
13073,HELADO ARCOR DULCE DE LECHE 20X75G,42817.45325,18,1,BULTO,unidad,Helados,Helados,Helados,Dulce de Leche,helado dulce de leche | helado arcor,0.85,0.0,"Helado Arcor de Dulce de Leche, presentado en 20 unidades de 75g.",https://arcorencasa.com/wp-content/uploads/2024/10/20241010-13073-300x300.webp,true,true,Importación CSV
13295,HOGAREÑAS CON SALVADO POR 3 10X3X200G,3517.283781,989,10,DISPLAY,display,Galletas y Snacks,Snacks,Hogareñas,Con Salvado,hogareñas con salvado | snack saludable,0.15,0.0,"Hogareñas con salvado, presentadas en 10 paquetes de 200g.",https://arcorencasa.com/wp-content/uploads/2025/12/20251215-13295-300x300.webp,true,true,Importación CSV
12187,HELADO POSTRE AGUILA 6X637G,12785.195049,41,6,UNIDAD,unidad,Helados,Helados,Helados,Postre Águila,helado postre águila | helado cremoso,0.85,0.0,"Helado Postre Águila, presentado en 6x637g.",https://arcorencasa.com/wp-content/uploads/2024/10/20241010-12187-300x300.webp,true,true,Importación CSV
13335,HUEVO ROCKLET 8X12X28G,17060.259722,152,8,DISPLAY,display,Helados,Dulces,Huevos,Rocklet,huevo rocklet | dulce de chocolate,0.15,0.0,"Huevo Rocklet, presentado en 8 cajas de 12 unidades de 28g.",https://arcorencasa.com/wp-content/uploads/2024/10/20241008-13335-300x300.webp,true,true,Importación CSV
14260,HELADO PALITO BOMBON POR 18 6X18X40G,17419.636618999997,2,6,DISPLAY,display,Helados,Helados,Helados,Palito Bombón,helado palito bombón | helado de chocolate,0.15,0.0,"Helado Palito Bombón, presentado en 18 unidades (6 estuches de 3).",https://arcorencasa.com/wp-content/uploads/2024/10/20241010-14260-300x300.webp,true,true,Importación CSV
13524,HELADO PALITO OSITO MOGUL 16X60G,20376.037,61,1,BULTO,unidad,Golosinas,Helados,Helados,Palito Osito,helado palito osito | helado mogul,0.85,0.0,"Helado Palito Osito Mogul, presentado en 16 unidades de 60g.",https://arcorencasa.com/wp-content/uploads/2024/10/20241010-13524-300x300.webp,true,true,Importación CSV
14213,HELADO GELATO XL DUO BONOBON ROCKLETS 6X500G,10784.080834999999,54,6,UNIDAD,unidad,Helados,Helados,Helados,Gelato XL Duo,helado gelato xl duo | helado bonobón rocklets,0.85,0.0,"Helado Gelato XL Duo Bonobón Rocklets, presentado en 6x500g.",https://arcorencasa.com/wp-content/uploads/2025/04/20250416-14213-300x300.webp,true,true,Importación CSV
11814,HELADO GELATO BONOBON 6X250G,6078.194573,169,6,UNIDAD,unidad,Helados,Helados,Helados,Gelato Bonobón,helado gelato bonobón | helado de 250g,0.85,0.0,"Helado Gelato Bonobón, presentado en 6 x 250g.",https://arcorencasa.com/wp-content/uploads/2024/10/20241010-11814-300x300.webp,true,true,Importación CSV
14439,JUGO POLVO ARCOR DURAZNO 12X18X15G,5796.884214,52,12,DISPLAY,display,Helados,Bebidas,Jugo en Polvo,Durazno,jugo en polvo durazno | jugo arcor durazno,0.85,0.0,"Jugo en polvo Arcor de durazno, presentado en 12 displays de 18 unidades de 15g.",https://arcorencasa.com/wp-content/uploads/2024/10/20241028-14439-300x300.webp,true,true,Importación CSV
12190,HELADO POSTRE BONOBON 6X637G,12785.195049,51,6,UNIDAD,unidad,Helados,Helados,Helados,Postre Bonobón,helado postre bonobón | helado de chocolate,0.85,0.0,"Helado Postre Bonobón, presentado en 6x637g.",https://arcorencasa.com/wp-content/uploads/2024/10/20241010-12190-300x300.webp,true,true,Importación CSV
13606,HOGAREÑAS 7 SEMILLAS 36X189G,1318.981554,60,36,UNIDAD,unidad,Galletas y Snacks,Snacks,Hogareñas,7 Semillas,hogareñas 7 semillas | snack saludable,0.15,0.0,"Hogareñas 7 semillas, presentadas en 36 unidades de 189g.",https://arcorencasa.com/wp-content/uploads/2024/10/20241009-13606-300x300.webp,true,true,Importación CSV
13534,HELADO GELATO COFLER BLOCK 6X250G,6078.194573,146,6,UNIDAD,unidad,Helados,Helados,Helados,Gelato Cofler Block,helado gelato coflar block | helado de 250g,0.85,0.0,"Helado Gelato Cofler Block, presentado en 6 bloques de 250g cada uno.",https://arcorencasa.com/wp-content/uploads/2024/10/20241010-13534-300x300.webp,true,true,Importación CSV
13608,HOGAREÑAS SESAMO 36X167G,1318.981554,95,36,UNIDAD,unidad,Galletas y Snacks,Galletas,Galletas,Sésamo,galletitas de sésamo | galletas arcor,0.15,0.0,"Galletitas de sésamo, marca Arcor, formato 167 g.",https://arcorencasa.com/wp-content/uploads/2024/10/20241009-13608-300x300.webp,true,true,Importación CSV
6817,MEMBRILLO ARCOR LATA  X5KG,24515.557836,10,2,UNIDAD,unidad,Helados,Almacén,Membrillo,Lata,membrillo en lata | membrillo arcor,0.85,0.0,Membrillo Arcor en lata de 5 kg.,https://arcorencasa.com/wp-content/uploads/2024/10/20241008-6817-300x300.webp,true,true,Importación CSV
14441,JUGO POLVO ARCOR POMELO ROSADO 12X18X15G,5796.884214,19,12,DISPLAY,display,Helados,Bebidas,Jugo en Polvo,Pomelo Rosado,jugo en polvo pomelo | jugo arcor pomelo,0.85,0.0,"Jugo en polvo Arcor de pomelo rosado, presentado en 12 cajas de 18 sachets de 15g.",https://arcorencasa.com/wp-content/uploads/2024/10/20241028-14441-300x300.webp,true,true,Importación CSV
13326,MANA RELLENA VAINILLA FRUTILLA 36X152G,1358.9505159999999,110,36,UNIDAD,unidad,Galletas y Snacks,Dulces,Mana,Rellena Vainilla Frutilla,mana rellena vainilla frutilla | dulce mana,0.15,0.0,"Mana rellena vainilla frutilla, presentado en 36 unidades de 152g.",https://arcorencasa.com/wp-content/uploads/2025/07/20250724-13326-300x300.webp,true,true,Importación CSV
13038,JUGO POLVO BC MULTIFRUTA 16x18x7G,5796.883367,19,16,DISPLAY,display,Helados,Bebidas,Jugo en Polvo,Multifruta,jugo en polvo multifruta | jugo bc multifruta,0.85,0.0,"Jugo en polvo BC Multifruta, presentado en 16 sobres de 18g.",https://arcorencasa.com/wp-content/uploads/2024/10/20241022-13038-300x300.webp,true,true,Importación CSV
2426,MENTHO PLUS ACIDOS NARANJA 12X12X27.2G,9227.709381,73,12,DISPLAY,display,Golosinas,Dulces,Menthol,Ácidos Naranja,menthol plus ácidos naranja | dulce menthol,0.15,0.0,"Menthol Plus Ácidos Naranja, presentado en 12 displays de 12 unidades de 27.2g.",https://cvlbietibaaehgeimxgw.supabase.co/storage/v1/object/public/products-demo_jorge/2426.jpg,true,true,Importación CSV
13184,JUGO POLVO BC FRUTILLA LIMON 16x18x7G,5796.883367,7,16,DISPLAY,display,Helados,Almacén,Jugos en Polvo,Frutilla Limón,jugo en polvo frutilla limón | bebida en polvo frutilla limón,0.85,0.0,"Jugo en polvo sabor frutilla limón, marca BC, presentación de 16 cajas con 18 sobres de 7 g.",https://arcorencasa.com/wp-content/uploads/2024/10/20241022-13184-300x300.webp,true,true,Importación CSV
12904,MANI BAÑADO ARCOR 12X16X35G,17754.431518999998,115,12,DISPLAY,display,Helados,Golosinas,Maní Bañado,Chocolate,maní con chocolate | maní cubierto de chocolate,0.85,0.0,"Maní bañado en chocolate, marca Arcor, presentación de 12 displays con 16 unidades de 35 g.",https://arcorencasa.com/wp-content/uploads/2024/10/20241008-12904-300x300.webp,true,true,Importación CSV
13179,JUGO POLVO BC MANGO NARANJA 16x18x7G,5796.883367,8,16,DISPLAY,display,Helados,Almacén,Jugos en Polvo,Mango Naranja,jugo en polvo mango naranja | bebida en polvo mango naranja,0.85,0.0,"Jugo en polvo sabor mango naranja, marca BC, presentación de 16 sobres de 7 g.",https://arcorencasa.com/wp-content/uploads/2024/10/20241022-13179-300x300.webp,true,true,Importación CSV
1732,KESITAS ESTUCHE 16x125G,1838.180696,516,16,UNIDAD,unidad,Snacks Salados,Golosinas,Galletas,Chocolate,galletas de chocolate | galletas kesitas,0.15,0.0,"Galletas de chocolate, marca Kesitas, presentación de 16 paquetes de 125 g.",https://arcorencasa.com/wp-content/uploads/2024/10/20241009-1732-300x300.webp,true,true,Importación CSV
10128,MENTHO PLUS MENTHOL 12X12X29.4G,6708.347811,101,12,DISPLAY,display,Golosinas,Almacén,Caramelos,Mentol,caramelos mentolados | mentol plus,0.15,0.0,"Caramelos mentolados, marca Mentho Plus, presentación de 12 displays con 12 unidades de 29.4 g.",https://arcorencasa.com/wp-content/uploads/2024/10/20241010-10128-300x300.webp,true,true,Importación CSV
10173,KESITAS BOLSA 32x75G,1123.703526,1074,32,UNIDAD,unidad,Snacks Salados,Golosinas,Galletas,Chocolate,galletas kesitas bolsa | galletas de chocolate,0.15,0.0,"Galletas de chocolate, marca Kesitas, presentación de 32 unidades de 75 g.",https://arcorencasa.com/wp-content/uploads/2024/10/20241009-10173-300x300.webp,true,true,Importación CSV
14429,JUGO POLVO ARCOR NARANJA 12X18X15G,5796.884214,1396,12,DISPLAY,display,Helados,Almacén,Jugos en Polvo,Naranja,jugo en polvo naranja | bebida en polvo naranja,0.85,0.0,"Jugo en polvo sabor naranja, marca Arcor, presentación de 12 displays con 18 sobres de 15 g.",https://arcorencasa.com/wp-content/uploads/2024/10/20241028-14429-300x300.webp,true,true,Importación CSV
13222,MERMELADA DIET ARCOR DURAZNO 12X390G,3080.130625,248,12,UNIDAD,unidad,Helados,Almacén,Mermeladas,Diet Durazno,mermelada diet durazno | mermelada sin azúcar durazno,0.85,0.0,"Mermelada diet sabor durazno, marca Arcor, presentación de 12 frascos de 390 g.",https://arcorencasa.com/wp-content/uploads/2024/10/20230718-13222-300x300.webp,true,true,Importación CSV
13142,MERMELADA LC CIRUELA 12x454G,3397.1703479999996,29,12,UNIDAD,unidad,Alimentos y Almacén,Almacén,Mermeladas,Ciruela,mermelada de ciruela | mermelada lc ciruela,0.15,0.0,"Mermelada de ciruela, marca LC, presentación de 12 frascos de 454 g.",https://arcorencasa.com/wp-content/uploads/2024/10/20230718-13142-300x300.webp,true,true,Importación CSV
13712,MENTHO PLUS SIN AZUCAR MIX BERRIES 36X30G,2550.338296,152,36,DISPLAY,display,Golosinas,Golosinas,Caramelos,Sin Azúcar,caramelos sin azúcar | mentho plus sin azúcar,0.15,0.0,"Caramelos sin azúcar sabor mix berries, marca Mentho Plus, presentación de 36 unidades de 30 g.",https://cvlbietibaaehgeimxgw.supabase.co/storage/v1/object/public/products-demo_jorge/13712.jpg,true,true,Importación CSV
12991,MERMELADA LC SELECCIÓN FRUTOS ROJOS 12X390G,6668.236916,152,12,UNIDAD,unidad,Alimentos y Almacén,Almacén,Mermeladas,Frutos Rojos,mermelada frutos rojos | mermelada lc selección frutos rojos,0.15,0.0,"Mermelada de frutos rojos, marca LC, presentación de 12 frascos de 390 g.",https://arcorencasa.com/wp-content/uploads/2024/10/20241008-12991-300x300.webp,true,true,Importación CSV
15171,MOGUL DIENTES 46X80G,1505.542984,397,46,UNIDAD,unidad,Golosinas,Golosinas,Gomitas,Dientes,gomitas en forma de dientes | gomitas mogul dientes,0.85,0.0,"Gomitas en forma de dientes, marca Mogul, presentación de 46 bolsas de 80 g.",https://arcorencasa.com/wp-content/uploads/2025/05/20250514-15171-300x300.webp,true,true,Importación CSV
3096,MOGUL ANILLOS BOLSA 6X1KG,11910.587689,436,6,DISPLAY,display,Golosinas,Golosinas,Gomitas,Anillos,gomitas en forma de anillos | gomitas mogul anillos,0.85,0.0,"Gomitas en forma de anillos, marca Mogul, presentación de 6 bolsas de 1 kg.",https://cvlbietibaaehgeimxgw.supabase.co/storage/v1/object/public/products-demo_jorge/3096.webp,true,true,Importación CSV
13154,MERMELADA BC CIRUELA 12X390 G,3513.5584329999997,54,12,UNIDAD,unidad,Helados,Almacén,Mermeladas,Ciruela,mermelada de ciruela | mermelada bc ciruela,0.85,0.0,"Mermelada de ciruela, marca BC, presentación de 12 frascos de 390 g.",https://arcorencasa.com/wp-content/uploads/2024/10/20230718-13154-300x300.webp,true,true,Importación CSV
12990,MERMELADA LC SELECCIÓN DURAZNO 12X390G,4937.528178,152,12,UNIDAD,unidad,Alimentos y Almacén,Almacén,Mermeladas,Durazno,mermelada de durazno | mermelada lc selección durazno,0.15,0.0,"Mermelada de durazno, marca LC, presentación de 12 frascos de 390 g.",https://arcorencasa.com/wp-content/uploads/2024/10/20241008-12990-300x300.webp,true,true,Importación CSV
13159,MERMELADA BC FRAMBUESA 12X390G,4744.00828,30,12,UNIDAD,unidad,Helados,Almacén,Mermeladas,Frambuesa,mermelada de frambuesa | mermelada bc frambuesa,0.85,0.0,"Mermelada de frambuesa, marca BC, presentación de 12 frascos de 390 g.",https://arcorencasa.com/wp-content/uploads/2024/10/20241028-13159-300x300.webp,true,true,Importación CSV
13220,MERMELADA ARCOR CIRUELA 12X454G,2823.446428,396,12,UNIDAD,unidad,Helados,Almacén,Mermeladas,Ciruela,mermelada de ciruela | mermelada arcor ciruela,0.85,0.0,"Mermelada de ciruela, marca Arcor, presentación de 12 frascos de 454 g.",https://arcorencasa.com/wp-content/uploads/2024/10/20241008-13220-300x300.webp,true,true,Importación CSV
15224,MOGUL JELLY BUTTONS 46X80G,1505.542984,397,46,UNIDAD,unidad,Golosinas,Golosinas,Gomitas,Jelly Buttons,gomitas jelly buttons | gomitas mogul jelly buttons,0.85,0.0,"Gomitas de gel sabor frutal, marca Mogul, presentación de 80 g.",https://arcorencasa.com/wp-content/uploads/2025/05/20250514-15224-300x300.webp,true,true,Importación CSV
15110,MOGUL TWIST MAX BLUEBERRY 6X24X25G,11769.010307999999,86,6,DISPLAY,display,Golosinas,Golosinas,Caramelos,Arándano,caramelos sabor arándano | mogul twist max blueberry,0.85,0.0,"Caramelos sabor arándano, marca Mogul, presentación de 6 cajas de 24 unidades de 25 g.",https://arcorencasa.com/wp-content/uploads/2025/07/20250723-15110-300x300.webp,true,true,Importación CSV
13980,ALMENDRA BLACK VELVET AGUILA 30X120G,6330.225957,1,30,UNIDAD,unidad,Helados,Golosinas,Snacks,Almendra,almendras gourmet | almendra black velvet,0.85,0.0,"Almendras, marca Black Velvet Águila, presentación de 30 bolsas de 120 g.",https://cvlbietibaaehgeimxgw.supabase.co/storage/v1/object/public/products-demo_jorge/13980.webp,true,true,Importación CSV
14164,MOGUL LADRILLOS FRUTILLA 6X500G,7329.934369999999,776,6,UNIDAD,unidad,Golosinas,Golosinas,Gomitas,Frutilla,gomitas en forma de ladrillos | gomitas mogul ladrillos frutilla,0.85,0.0,"Gomitas en forma de ladrillos sabor frutilla, marca Mogul, presentación de 6 bolsas de 500 g.",https://arcorencasa.com/wp-content/uploads/2024/10/20241010-14164-300x300.webp,true,true,Importación CSV
13121,MOGUL MORAS 12X10X50G,9174.565939,110,12,DISPLAY,display,Golosinas,Golosinas,Gomitas,Mora,gomitas de mora | gomitas mogul moras,0.85,0.0,"Gomitas de gelatina sabor mora, marca Mogul, presentación de 12 cajas de 10 unidades de 50 g.",https://arcorencasa.com/wp-content/uploads/2024/10/20241010-13121-300x300.webp,true,true,Importación CSV
2624,MOGUL MORAS 6X500G,7276.925722,1772,6,UNIDAD,unidad,Golosinas,Golosinas,Gomitas,Mora,gomitas de mora | gomitas mogul moras,0.85,0.0,"Gomitas de mora, marca Mogul, presentación de 6 bolsas de 500 g.",https://cvlbietibaaehgeimxgw.supabase.co/storage/v1/object/public/products-demo_jorge/2624.png,true,true,Importación CSV
14740,MOGUL EXTREME TUBITOS TUTTI FRUTTI 12X16X15G,7847.539942,126,12,DISPLAY,display,Golosinas,Golosinas,Gomitas,Tutti Frutti,gomitas ácidas tutti frutti | gomitas mogul tubitos tutti frutti,0.85,0.0,"Gomitas ácidas sabor tutti frutti, marca Mogul, presentación de 12 cajas de 16 unidades de 15 g.",https://arcorencasa.com/wp-content/uploads/2025/03/20250325-14740-300x300.webp,true,true,Importación CSV
14800,MOGUL SANDIA EXTREME 6x500G,7276.925722,388,6,UNIDAD,unidad,Golosinas,Golosinas,Gomitas,Sandía,gomitas sabor sandía | gomitas mogul sandía,0.85,0.0,"Gomitas sabor sandía, marca Mogul, presentación de 6 bolsas de 500 g.",https://arcorencasa.com/wp-content/uploads/2024/10/20241028-14800-300x300.webp,true,true,Importación CSV
12393,MOGUL OSITOS 6X500G,7276.925722,1097,6,UNIDAD,unidad,Golosinas,Golosinas,Gomitas,Ositos,gomitas en forma de ositos | gomitas mogul ositos,0.85,0.0,"Gomitas en forma de ositos, marca Mogul, presentación de 6 bolsas de 500 g.",https://cvlbietibaaehgeimxgw.supabase.co/storage/v1/object/public/products-demo_jorge/12393.jpg,true,true,Importación CSV
2141,CARAMELO RODAJAS ARCOR 6X1KG,13835.134192,165,6,DISPLAY,display,Helados,Golosinas,Caramelos,Rodajas,caramelos rodajas | rodajas de caramelo arcor,0.85,0.0,"Caramelos rodajas, marca Arcor, presentación de 6 bolsas de 1 kg.",https://cvlbietibaaehgeimxgw.supabase.co/storage/v1/object/public/products-demo_jorge/2141.webp,true,true,Importación CSV
9419,OPERA 56X55G,719.4444619999999,3058,56,UNIDAD,unidad,Galletas y Snacks,Golosinas,Snacks,Exquisitos,snack opera | opera,0.15,0.0,"Snack, marca Opera, presentación de 56 bolsas de 55 g.",https://arcorencasa.com/wp-content/uploads/2024/10/20241009-9419-300x300.webp,true,true,Importación CSV
3789,CEREAL MIX PLACERES CHOCOLATE 6X20X23G,841.269803,692,120,UNIDAD,unidad,Golosinas,Almacén,Cereales,Chocolate,cereal de chocolate | cereal mix placeres chocolate,0.15,0.0,"Cereal mix sabor chocolate, presentación de 6 cajas de 20 unidades de 23 g.",https://arcorencasa.com/wp-content/uploads/2025/08/20250805-3789-300x300.webp,true,true,Importación CSV
14738,POSTRE CHOCOTORTA 6X12X110G,2911.9037200000002,152,72,UNIDAD,unidad,Golosinas,Golosinas,Postres,Chocotorta,postre chocotorta | chocotorta,0.15,0.0,"Postre chocotorta, presentación de 6 displays de 12 unidades de 110 g.",https://cvlbietibaaehgeimxgw.supabase.co/storage/v1/object/public/products-demo_jorge/14738.webp,true,true,Importación CSV
3466,OBLEA BONOBON BLANCO 8X20X30G,901.281084,1475,160,UNIDAD,unidad,Helados,Golosinas,Snacks,Obleas,obleas bonobón blanco | oblea bonobón,0.85,0.0,"Oblea bonobón blanco, presentación de 8 packs de 20 unidades de 30 g.",https://arcorencasa.com/wp-content/uploads/2024/10/20241008-3466-300x300.webp,true,true,Importación CSV
15281,PAN DULCE COFLER RELLENO CHOCO 10X450G,8644.859883000001,397,10,UNIDAD,unidad,Helados,Almacén,Pan Dulce,Relleno Choco,pan dulce relleno de chocolate | pan dulce coflar,0.85,0.0,"Pan dulce relleno de chocolate, marca Cofler, presentación de 10 unidades de 450 g.",https://cvlbietibaaehgeimxgw.supabase.co/storage/v1/object/public/products-demo_jorge/15281.jpg,true,true,Importación CSV
15189,PASSATA TOMATE SALSATI 12X340G,2360.537696,152,12,UNIDAD,unidad,Alimentos y Almacén,Almacén,Salsas,Tomate,passata de tomate | salsa de tomate salsati,0.15,0.0,"Passata de tomate, marca Salsati, presentación de 12 frascos de 340 g.",https://arcorencasa.com/wp-content/uploads/2025/08/20250820-15189-300x300.webp,true,true,Importación CSV
14744,PORTEÑITAS 36X139G,1119.135534,769,36,UNIDAD,unidad,Galletas y Snacks,Golosinas,Snacks,Porteñitas,snack porteñitas | porteñitas,0.15,0.0,"Porteñitas, presentación de 36 paquetes de 139 g.",https://arcorencasa.com/wp-content/uploads/2025/04/20250408-14744-1-300x300.webp,true,true,Importación CSV
13193,POSTRE BC LIMON CREMA 6X8X50G,1044.225281,36,48,UNIDAD,unidad,Helados,Golosinas,Postres,Limón Crema,postre limón crema | postre bc limón crema,0.85,0.0,"Postre de limón crema, marca BC, presentación de 6 cajas de 8 unidades de 50 g.",https://arcorencasa.com/wp-content/uploads/2024/10/20241008-13193-300x300.webp,true,true,Importación CSV
4158,ROCKLETS NAVIDAD 30X120G,4431.158182,152,30,UNIDAD,unidad,Helados,Golosinas,Snacks,Rocklets,rocklets navidad | rocklets,0.15,0.0,"Rocklets, presentación de 30 bolsas de 120 g.",https://cvlbietibaaehgeimxgw.supabase.co/storage/v1/object/public/products-demo_jorge/4158.webp,true,true,Importación CSV
13113,POSTRE AGUILA MOUSSE 21x160G,6203.6215999999995,397,21,UNIDAD,unidad,Helados,Golosinas,Postres,Mousse,postre mousse | postre aguila mousse,0.85,0.0,"Postre mousse, marca Águila, presentación de 21 unidades de 160 g.",https://cvlbietibaaehgeimxgw.supabase.co/storage/v1/object/public/products-demo_jorge/13113.webp,true,true,Importación CSV
13189,POSTRE GODET VAINILLA 6X8X60G,952.287424,95,48,UNIDAD,unidad,Alimentos y Almacén,Golosinas,Postres,Vainilla,postre vainilla | postre godet vainilla,0.15,0.0,"Postre de vainilla, marca Godet, presentación de 6 cajas de 8 unidades de 60 g.",https://arcorencasa.com/wp-content/uploads/2024/10/20241008-13189-300x300.webp,true,true,Importación CSV
1831,PULPA SALSATI 12X520G,1164.217835,152,12,UNIDAD,unidad,Alimentos y Almacén,Almacén,Salsas,Pulpa,pulpa salsati | pulpa de tomate,0.15,0.0,"Pulpa, marca Salsati, presentación de 12 frascos de 520 g.",https://arcorencasa.com/wp-content/uploads/2024/10/20241008-1831-300x300.webp,true,true,Importación CSV
13434,RELLENO UNTABLE AGUILA NUT 24X290G,5663.474574999999,28,24,UNIDAD,unidad,Helados,Almacén,Untables,Avellana,relleno untable avellana | untable águila nut,0.85,0.0,"Relleno untable sabor avellana, marca Águila, presentación de 24 frascos de 290 g.",https://arcorencasa.com/wp-content/uploads/2024/10/20241008-13434-300x300.webp,true,true,Importación CSV
12605,ÑOQUIS PAPA SIN TACC 12X400G,5351.557145000001,20,12,UNIDAD,unidad,Helados,Almacén,Pasta,Ñoquis,ñoquis de papa | ñoquis sin gluten,0.15,0.0,"Ñoquis de papa sin TACC, marca no especificada, presentación de 12 paquetes de 400 g.",https://arcorencasa.com/wp-content/uploads/2024/10/20241008-12605-300x300.webp,true,true,Importación CSV
13472,PASTA TIRABUZON LC 15x500G,1555.6263359999998,152,15,UNIDAD,unidad,Alimentos y Almacén,Almacén,Pasta,Fideos,fideos tirabuzón | tirabuzones,0.15,0.0,"Fideos tirabuzón de trigo, marca LC, presentación de 500 g.",https://arcorencasa.com/wp-content/uploads/2024/10/20241008-13472-300x300.webp,true,true,Importación CSV
13872,POLENTA PRESTOPRONTA 24x730G,2137.83163,2,24,UNIDAD,unidad,Alimentos y Almacén,Almacén,Polenta,,polenta lista | polenta rápida,0.15,0.0,"Polenta Prestopronta, presentación de 24 unidades de 730 g.",https://arcorencasa.com/wp-content/uploads/2024/10/20241008-13872-300x300.webp,true,true,Importación CSV
4266,ROCKLETS MINI 12X44X10G,19822.080245,79,12,DISPLAY,display,Helados,Golosinas,Chocolate,Rocklets,rocklets mini | bolitas de chocolate,0.15,0.0,"Bolitas de chocolate Rocklets Mini, presentación de 12 displays de 44 unidades de 10 g.",https://arcorencasa.com/wp-content/uploads/2024/10/20241008-4266-300x300.webp,true,true,Importación CSV
12607,BIZCOCHUELO SIN TACC VAINILLA 12X500G,4760.379459,13,12,UNIDAD,unidad,Helados,Almacén,Bizcochuelo,Sin TACC,bizcochuelo sin gluten | bizcochuelo de vainilla,0.15,0.0,"Bizcochuelo sin TACC de vainilla, presentación de 12 paquetes de 500 g.",https://arcorencasa.com/wp-content/uploads/2024/10/20241008-12607-300x300.webp,true,true,Importación CSV
14411,RELLENO TARTA VERDURA LC 24X400G,3132.4551389999997,152,24,UNIDAD,unidad,Alimentos y Almacén,Almacén,Rellenos,Verdura,relleno de tarta de verduras | mezcla para empanadas,0.15,0.0,"Relleno para tarta de verduras, marca LC, presentación de 24 envases de 400 g.",https://arcorencasa.com/wp-content/uploads/2024/11/20241120-14411-300x300.webp,true,true,Importación CSV
1832,PURE TOMATE SALSATI 12X520G,1293.5785720000001,152,12,UNIDAD,unidad,Alimentos y Almacén,Almacén,Salsas,Purés,puré de tomate | salsa de tomate,0.15,0.0,"Puré de tomate Salsati, presentación de 12 frascos de 520 g.",https://arcorencasa.com/wp-content/uploads/2024/10/20241008-1832-300x300.webp,true,true,Importación CSV
13395,AREPA PRESTOPRONTA 12x1KG,4186.75488,157,12,UNIDAD,unidad,Alimentos y Almacén,Almacén,Harinas,Arepas,harina para arepas | masa para arepas,0.15,0.0,"Harina para arepas, marca Presto Pronta, presentación de 1 kg.",https://arcorencasa.com/wp-content/uploads/2024/10/20241008-13395-300x300.webp,true,true,Importación CSV
14537,PASTA TALLARIN ARCOR 20X500G,1414.206981,523,20,UNIDAD,unidad,Helados,Almacén,Pasta,Tallarines,pasta tallarín | tallarines secos,0.85,0.0,"Pasta tallarín seca, marca Arcor, presentación de 500 g.",https://arcorencasa.com/wp-content/uploads/2025/05/20250514-14537-300x300.webp,true,true,Importación CSV
14352,RUMBA 12X3X110G,3453.333587,198,12,UNIDAD,unidad,Galletas y Snacks,Golosinas,Galletitas,Rellenas,galletitas de chocolate | galletitas rellenas de crema,0.15,0.0,"Galletitas de chocolate rellenas con crema de coco, marca Bagley, presentación de 110 g.",https://arcorencasa.com/wp-content/uploads/2024/10/20241009-14352-300x300.webp,true,true,Importación CSV
13343,SIMPLE BARRA SACIETY CHOCOLATE 6X16X30G,1745.3736959999999,152,96,UNIDAD,unidad,Golosinas,Golosinas,Snacks,Barra,barra de chocolate | snack de chocolate,0.15,0.0,"Barra de chocolate Saciety, presentación de 6 displays de 16 unidades de 30 g.",https://arcorencasa.com/wp-content/uploads/2024/10/20221123-13343-300x300.webp,true,true,Importación CSV
12497,SNACK SALADIX ORIGINAL 20x58G,1355.971133,152,20,UNIDAD,unidad,Galletas y Snacks,Golosinas,Snacks,Salados,snack saladix | snack crujiente,0.15,0.0,"Snack Saladix Original, presentación de 20 bolsas de 58 g.",https://arcorencasa.com/wp-content/uploads/2024/10/20241009-12497-300x300.webp,true,true,Importación CSV
15201,SALADIX JAMON 8X6X40G,4069.999802,125,48,UNIDAD,unidad,Galletas y Snacks,Golosinas,Snacks,Salados,snack saladix jamón | galletitas de jamón,0.15,0.0,"Snack Saladix Jamón, presentación de 8 packs de 6 unidades de 40 g.",https://arcorencasa.com/wp-content/uploads/2025/07/20250627-15201-300x300.webp,true,true,Importación CSV
13000,SALSA ARCOR ROSA 24X340G,1274.73984,397,24,UNIDAD,unidad,Helados,Almacén,Salsas,Salsas,salsa rosa | salsa para ensaladas,0.85,0.0,"Salsa Arcor Rosa, presentación de 24 frascos de 340 g.",https://cvlbietibaaehgeimxgw.supabase.co/storage/v1/object/public/products-demo_jorge/13000.jpg,true,true,Importación CSV
12491,SNACK SALADIX CROSS PIZZA 20X135G,1918.518283,101,20,UNIDAD,unidad,Galletas y Snacks,Golosinas,Snacks,Salados,snack saladix pizza | galletitas de pizza,0.15,0.0,"Snack Saladix Cross Pizza, presentación de 20 paquetes de 135 g.",https://arcorencasa.com/wp-content/uploads/2026/01/20260107-12491-300x300.webp,true,true,Importación CSV
12568,SIMPLE CALCIO DOY PACK 12X28UN,9974.981181,152,12,DISPLAY,display,Golosinas,Suplementos,Calcio,,suplemento de calcio | calcio en doypack,0.15,0.0,"Suplemento de calcio y vitamina D, marca Simple, presentación de 12x28 unidades.",https://arcorencasa.com/wp-content/uploads/2024/10/20230410-12568-300x300.webp,true,true,Importación CSV
15205,SALADIX DUO 8X6X33G,4069.999802,270,48,UNIDAD,unidad,Galletas y Snacks,Golosinas,Snacks,Duo,snack saladix duo | galletitas de dos sabores,0.15,0.0,"Snack Saladix Duo, presentación de 8 cajas de 6 unidades de 33 g.",https://arcorencasa.com/wp-content/uploads/2025/07/20250627-15205-300x300.webp,true,true,Importación CSV
11808,SIMPLE VITALIDAD 6X60UN,18540.769016,152,6,DISPLAY,display,Golosinas,Suplementos,Vitaminas,,suplemento vitamínico | gomitas de vitaminas,0.15,0.0,"Suplemento vitamínico en pastillas goma sabor frutilla, marca Simple Bago.",https://arcorencasa.com/wp-content/uploads/2024/10/20230714-11808-300x300.webp,true,true,Importación CSV
14125,SALADIX FUEGO ESTUCHE 4X6X100G,1279.0122290000002,152,24,UNIDAD,unidad,Galletas y Snacks,Golosinas,Snacks,Picantes,snack saladix fuego | galletitas picantes,0.15,0.0,"Snack Saladix Fuego, presentación de 4 unidades de 100 g.",https://arcorencasa.com/wp-content/uploads/2024/10/20241009-14125-300x300.webp,true,true,Importación CSV
10792,SALSA CHOCOLATE AGUILA 20X320G,8819.091171,397,20,UNIDAD,unidad,Helados,Almacén,Salsas,Chocolate,salsa de chocolate | salsa para postres,0.85,0.0,"Salsa Chocolate Águila, presentación de 20 frascos de 320 g.",https://arcorencasa.com/wp-content/uploads/2025/12/20251215-10792-300x300.webp,true,true,Importación CSV
12489,SNACK SALADIX CROSS PIZZA 60X27G,602.962965,152,60,UNIDAD,unidad,Galletas y Snacks,Golosinas,Snacks,Pizza,snack saladix pizza | galletitas de pizza,0.15,0.0,"Snack Saladix Cross Pizza, presentación de 60 unidades de 27 g.",https://arcorencasa.com/wp-content/uploads/2026/01/20260107-12489-300x300.webp,true,true,Importación CSV
12964,SNACK SALADIX CROSS ORIGINAL 20X135G,1918.518404,113,20,UNIDAD,unidad,Galletas y Snacks,Golosinas,Snacks,Original,snack saladix original | galletitas crujientes,0.15,0.0,"Snack Saladix Cross Original, presentación de 20 bolsas de 135 g.",https://arcorencasa.com/wp-content/uploads/2026/01/20260107-12964-300x300.webp,true,true,Importación CSV
12100,TOPLINE SEVEN ULTRA GREEN MINT 12X12X24G,21795.782756,33,12,DISPLAY,display,Golosinas,Golosinas,Chicles,Menta,goma de mascar | chicle de menta,0.15,0.0,"Goma de mascar Topline Seven Ultra Green Mint, presentación de 12 displays de 12 unidades de 24 g.",https://arcorencasa.com/wp-content/uploads/2024/10/20241010-12100-300x300.webp,true,true,Importación CSV
15027,TRAVIATA CON KESITA POR 3 12X3X96G,2158.333507,129,12,DISPLAY,display,Galletas y Snacks,Golosinas,Snacks,Alfajor,snack alfajor bonobón | helado de alfajor,0.15,0.0,"Helado Alfajor Bonobón, presentación de 16 unidades de 62 g.",https://arcorencasa.com/wp-content/uploads/2025/08/20250818-15027-300x300.webp,true,true,Importación CSV
13347,SONRISAS POR 3 12X3X108G,3453.333587,146,12,DISPLAY,display,Galletas y Snacks,Galletas Dulces,Galletas Rellenas/Secas,SONRISAS,,0.15,0.0,"Galletitas dulces sabor frambuesa, marca Bagley, formato pack de 3 x 108g.",https://arcorencasa.com/wp-content/uploads/2024/10/20241009-13347-300x300.webp,true,true,Importación CSV
14676,CHOCOLATE TAZA ARCOR 4X16X100G,3966.163531,397,84,UNIDAD,unidad,Helados,Palitos/Postres,ARCOR,,,0.85,0.0,"Descubre el irresistible Chocolate Taza Arcor, la opción perfecta para los amantes del chocolate. Con su exquisito sabor y textura cremosa, este producto se convierte en el favorito del público. Presentado en un formato de 4 packs con 16 unidades de 100g cada uno, es ideal para exhibir en tu kiosco. Su atractivo y popularidad garantizan una alta rotación y excelentes márgenes de ganancia, impulsando las compras por impulso. ¡No dejes pasar la oportunidad de atraer a tus clientes!",https://arcorencasa.com/wp-content/uploads/2024/10/20241008-14676-1-300x300.webp,true,true,Importación CSV
7227,TOFI BONBON LECHE 12X32X15G,26630.648847,35,12,DISPLAY,display,Golosinas,Alfajores,Triples,TOFI,,0.15,0.0,"¡Descubre la delicia irresistible de TOFI Bonbon Leche! Con su sabor cremoso y suave, este dulce se ha convertido en un favorito de grandes y chicos. Presentado en un práctico formato de 12 displays de 32 unidades de 15g, es perfecto para exhibir en tu kiosco o almacén. Su atractivo visual y delicioso sabor fomentan la compra por impulso, garantizando un excelente margen de ganancia. No dejes pasar la oportunidad de atraer a más clientes con este dulce éxito.",https://arcorencasa.com/wp-content/uploads/2024/10/20241008-7227-300x300.webp,true,true,Importación CSV
15127,TABLETA BON O BON 2 ALVEOLOS 4X16X48G,1733.849777,426,84,UNIDAD,unidad,Helados,Palitos/Postres,BONOBON,,,0.85,0.0,"Tableta de chocolate rellena Bon O Bon, 2 alveolos de 48g cada uno.",https://arcorencasa.com/wp-content/uploads/2025/08/20250820-15127-300x300.webp,true,true,Importación CSV
13348,SONRISAS 36X108G,1279.012471,4330,36,UNIDAD,unidad,Galletas y Snacks,Galletas Dulces,Galletas Rellenas/Secas,SONRISAS,,0.15,0.0,"Galletitas dulces rellenas con jalea de frambuesa, marca Bagley, formato de 108g.",https://arcorencasa.com/wp-content/uploads/2024/10/20241009-13348-300x300.webp,true,true,Importación CSV
6934,TOPLINE SANDIA 30x20x6.70G,6923.219974,152,30,DISPLAY,display,Golosinas,Chicles y Pastillas,Chicles para Aliento/Diversión,TOPLINE,,0.15,0.0,"Descubre el refrescante sabor de TOPLINE SANDIA, la opción perfecta para los días calurosos. Este delicioso snack de sandía en formato de 30x20x6.70 g es ideal para atraer a clientes en busca de un refrigerio saludable y lleno de sabor. Con 12 displays de 48 unidades cada uno, podrás maximizar tu espacio y ofrecer un producto que se vende solo. Atrae a un público joven y activo que busca opciones de compra por impulso y disfruta de un excelente margen de ganancia. ¡No dejes pasar esta oportunidad!",https://cvlbietibaaehgeimxgw.supabase.co/storage/v1/object/public/products-demo_jorge/6934.webp,true,true,Importación CSV
7466,TOFI LECHE RELLENO 8X15X55G,2982.424577,152,120,UNIDAD,unidad,Golosinas,Alfajores,Triples,TOFI,,0.15,0.0,"Descubre TOFI LECHE RELLENO, el snack que enamora a grandes y chicos con su irresistible sabor lácteo y su textura cremosa. Este producto viene en un formato ideal de 8 paquetes de 15 unidades de 55g cada uno, perfecto para exhibir en tu kiosco o almacén. Su atractivo diseño y delicioso sabor lo convierten en una compra por impulso. Aumenta tu rotación de ventas y asegura un margen atractivo al ofrecer un producto que capta la atención de tu público objetivo. ¡No te lo pierdas!",https://arcorencasa.com/wp-content/uploads/2024/10/20241008-7466-300x300.webp,true,true,Importación CSV
13138,SURTIDO SELECCIÓN ARCOR 24X228G,9304.440079,202,24,DISPLAY,display,Helados,Palitos/Postres,ARCOR,,,0.85,0.0,"Bombones surtidos de chocolate, marca Arcor, presentación de 228,6 g.",https://arcorencasa.com/wp-content/uploads/2024/10/20241008-13138-300x300.webp,true,true,Importación CSV
15322,CHUPETIN MR POP FRUTAL ESFERICO  625G,5325.15192,152,12,DISPLAY,display,Golosinas,Chupetines,Chupetines con Chicle/Duros,MR POP,,0.15,0.0,"¡Descubre el irresistible sabor del Chupetín Mr. Pop Frutal Esférico! Este delicioso dulce es un favorito entre los más pequeños, ideal para atraer a los clientes en tu almacén. Presentado en un formato de 625g, que contiene 12 displays de 50 unidades, es perfecto para el mostrador. Su atractivo diseño y explosión de sabores lo convierten en un producto de compra por impulso, garantizando un alto margen de ganancia y una rotación rápida. ¡No te quedes sin él!",https://cvlbietibaaehgeimxgw.supabase.co/storage/v1/object/public/products-demo_jorge/15322.jpg,true,true,Importación CSV
15285,HELADO ALFAJOR BONOBON 16X62G,37241.516124999995,68,1,BULTO,unidad,Helados,Palitos/Postres,BONOBON,,,0.85,0.0,"¡Descubre el irresistible Helado Alfajor Bonobón! Con su combinación perfecta de dulce de leche y cobertura de chocolate, este helado es una explosión de sabor que encantará a tus clientes. Presentado en un formato de 16 unidades de 62g, es ideal para exhibir en tu kiosco. Su atractivo formato promueve la compra por impulso, garantizando un alto margen de ganancia. No dejes pasar la oportunidad de ofrecer un producto que se convertirá en el favorito de todos. ¡Aumenta tu rotación y ventas hoy!",https://arcorencasa.com/wp-content/uploads/2026/02/20260206-15285-1-300x300.webp,true,true,Importación CSV
3116,TURRON MANI CON FRUTA ARCOR 4X28X80G,1103.160025,493,112,UNIDAD,unidad,Helados,Golosinas,Turrones,Maní,turrón de maní | turrón con fruta,0.85,0.0,"Turrón de maní con fruta Arcor, presentación de 4 packs de 28 unidades de 80 g.",https://cvlbietibaaehgeimxgw.supabase.co/storage/v1/object/public/products-demo_jorge/3116.webp,true,true,Importación CSV
15117,CHUPETIN MR POPS EXPLOSIVE FRUTILLA 10G,3083.8927569999996,240,40,DISPLAY,display,Golosinas,Golosinas,Chupetines,Frutilla,chupetín frutilla | chupetín de sabor,0.15,0.0,"Chupetín Mr Pop Explosive Frutilla, presentación de 12 unidades de 10 g.",https://arcorencasa.com/wp-content/uploads/2025/09/20250922-15117-300x300.webp,true,true,Importación CSV
15145,MOGUL JELLY BEANS EXTREME 12X10X50G,9174.498058,17,120,UNIDAD,unidad,Golosinas,Golosinas,Jelly Beans,,jelly beans | caramelos de frutilla,0.85,0.0,"Jelly beans sabor frutilla, marca Mogul, presentación de 50 g en caja de 10 unidades.",https://arcorencasa.com/wp-content/uploads/2026/02/20260206-15145-1-300x300.webp,true,true,Importación CSV
14754,PAN DULCE BAGLEY FRUTOS SECOS 6X700G,16465.864404,397,6,UNIDAD,unidad,Galletas y Snacks,Almacén,Pan Dulce,Frutos Secos,pan dulce | pan dulce con frutos secos,0.85,0.0,"Pan dulce Bagley de frutos secos, presentación de 6 unidades de 700 g.",https://cvlbietibaaehgeimxgw.supabase.co/storage/v1/object/public/products-demo_jorge/14754.jpg,true,true,Importación CSV
13797,"MENTHO PLUS 2 DULCE DE LECHE 12X12X27,2G",9227.709381,152,12,DISPLAY,display,Golosinas,Golosinas,Dulces,Dulce de leche,menthol plus | dulce de leche,0.15,0.0,"Mentho Plus 2 dulce de leche, presentación de 12 displays de 12 unidades de 27,2 g.",https://arcorencasa.com/wp-content/uploads/2025/05/20250506-13797-300x300.webp,true,true,Importación CSV
13192,POSTRE BC VAINILLA 6X8X50G,1044.225281,397,48,UNIDAD,unidad,Helados,Almacén,Postres,Vainilla,postre de vainilla | postre cremoso,0.85,0.0,"Postre BC Vainilla, presentación de 6 cajas de 8 unidades de 50 g.",https://arcorencasa.com/wp-content/uploads/2024/10/20241008-13192-300x300.webp,true,true,Importación CSV
14884,ALFAJOR BONOBON TRIPLE 21X60G,1402.116782,1078,21,UNIDAD,unidad,Helados,Golosinas,Alfajores,Relleno,alfajor bonobón | alfajor triple | alfajor de chocolate,0.85,0.0,"Alfajor Bonobón Triple con relleno de dulce de leche y cobertura de chocolate, presentación de 21 unidades de 60 g.",https://arcorencasa.com/wp-content/uploads/2025/01/20250107-14884-300x300.webp,true,true,Importación CSV
15125,MOGUL PALOTES EXTREME SURTIDO LIMON Y SANDIA 12X8X48G,7304.914473999999,397,12,DISPLAY,display,Golosinas,Golosinas,Caramelos,Surtido,palotes | caramelos de limón y sandía | caramelos masticables,0.85,0.0,"Palotes Extreme surtido de limón y sandía, presentación de 12 displays con 8 unidades de 48 g cada uno.",https://arcorencasa.com/wp-content/uploads/2025/11/20251118-15125-300x300.webp,true,true,Importación CSV
15111,MOGUL MASTI EXTREME ROLL MANZANA 13G,6972.873533999999,47,24,DISPLAY,display,Golosinas,Golosinas,Caramelos,Sabor,caramelo masti | caramelo de manzana | caramelo masticable,0.85,0.0,"Snack Masti Extreme Roll sabor manzana, presentación de 12 displays con 48 unidades de 13 g cada uno.",https://cvlbietibaaehgeimxgw.supabase.co/storage/v1/object/public/products-demo_jorge/15111.webp,true,true,Importación CSV
13854,TOPLINE SEVEN TURBO MINT 12X50G,4481.075159,107,12,UNIDAD,unidad,Golosinas,Golosinas,Chicles,Menta,chicle menta | chicle confitado | chicle de menta,0.15,0.0,"Chicle confitado sabor menta, marca Topline Seven, formato de 50 g, pack de 12.",https://arcorencasa.com/wp-content/uploads/2025/01/20250130-13854-300x300.webp,true,true,Importación CSV
15208,ROCKLETS PICANTE 12X24X20G,16644.155725999997,152,12,DISPLAY,display,Helados,Golosinas,Snacks,Picante,rocklets picante | rocklets | chocolate picante,0.15,0.0,"Snack Rocklets Picante, presentación de 12 displays con 24 unidades de 20 g cada uno.",https://arcorencasa.com/wp-content/uploads/2025/07/20250723-15208-300x300.webp,true,true,Importación CSV
15146,MOGUL GOMAS COLA 6X500G,7276.925722,313,6,UNIDAD,unidad,Golosinas,Golosinas,Gomitas,Cola,gomitas cola | gomitas masticables | gomitas de sabor cola,0.85,0.0,"Gomitas Cola, marca Mogul, presentación de 6 bolsas de 500 g cada una.",https://arcorencasa.com/wp-content/uploads/2025/08/20250825-15146-300x300.webp,true,true,Importación CSV
3312,ALFAJOR TATIN NEGRO 56X33G,420.63472,25235,56,UNIDAD,unidad,Golosinas,Golosinas,Alfajores,Relleno,alfajor tatin | alfajor negro | alfajor de chocolate,0.15,1.0,"Alfajor Tatin Negro, presentación de 56 unidades de 33 g.",https://arcorencasa.com/wp-content/uploads/2024/10/20241008-3312-300x300.webp,true,true,Importación CSV
15259,CUBANITOS DARK 4X16X29G,13315.600485,152,4,DISPLAY,display,Golosinas,Golosinas,Chocolates,Relleno,cubanitos | chocolate oscuro | chocolate relleno,0.15,0.0,"Chocolate oscuro relleno, marca Cofler, formato de 4x16 unidades de 29 g.",https://cvlbietibaaehgeimxgw.supabase.co/storage/v1/object/public/products-demo_jorge/15259.webp,true,true,Importación CSV
15273,MOGUL LADRILLOS EXTREME FRUTILLA 24X100G,1875.145833,671,24,UNIDAD,unidad,Golosinas,Golosinas,Snacks,Frutilla,ladrillos extreme | gelatina frutilla | snack de gelatina,0.85,0.0,"Snack Mogul Ladrillos Extreme Frutilla, presentación de 24 unidades de 100 g.",https://arcorencasa.com/wp-content/uploads/2025/08/20250725-15273-300x300.webp,true,true,Importación CSV
14043,MOGUL TUBITOS FRUTILLA 30X70G,1508.021669,887,30,UNIDAD,unidad,Golosinas,Golosinas,Snacks,Frutilla,tubitos frutilla | snack frutilla | golosina frutilla,0.85,0.0,"Mogul Tubitos Frutilla, presentación de 30 bolsas de 70 g cada una.",https://arcorencasa.com/wp-content/uploads/2024/10/20241010-14043-300x300.webp,true,true,Importación CSV
13662,CONDIMENTO COMINO MOLIDO 4X10X23G,1466.663264,152,40,UNIDAD,unidad,Helados,Almacén,Condimentos,Comino,comino molido | especia comino | condimento comino,0.15,0.0,"Condimento Comino Molido, presentación de 4 cajas de 10 unidades de 23 g cada una.",https://arcorencasa.com/wp-content/uploads/2024/10/20241008-13662-300x300.webp,true,true,Importación CSV
13333,AGUILA BAÑO REPOSTERO BLANCO 8X12X150G,3559.352698,397,96,UNIDAD,unidad,Helados,Almacén,Chocolate,Repostero,baño repostero | chocolate para repostería | chocolate blanco,0.85,0.0,"Águila Baño Repostero Blanco, formato de 8 paquetes de 12 unidades de 150 g.",https://arcorencasa.com/wp-content/uploads/2024/10/20241008-13333-300x300.webp,true,true,Importación CSV
12397,COFLER RELLENA YOGURT FRUTILLA 8X20X35G,1664.6236199999998,14,160,UNIDAD,unidad,Helados,Golosinas,Snacks,Frutilla,cofler rellena | snack de yogurt | dulce de yogurt,0.85,0.0,"Cofler Rellena Yogurt Frutilla, presentación de 8 cajas con 20 unidades de 35 g cada una.",https://arcorencasa.com/wp-content/uploads/2024/10/20241008-12397-300x300.webp,true,true,Importación CSV
6020,MOGUL ROLLO 12X12X35G,6315.289959,582,12,DISPLAY,display,Golosinas,Golosinas,Gomitas,Variadas,gomitas de frutas | gomitas variadas | snack de frutas,0.85,0.0,"Gomitas de frutas sabor variadas, marca Mogul, presentación de 35 g en caja de 12 unidades.",https://arcorencasa.com/wp-content/uploads/2024/10/20241010-6020-300x300.webp,true,true,Importación CSV
13901,CRIOLLITAS POR 5 ORIGINAL 12X5X100G,2731.843862,152,12,DISPLAY,display,Galletas y Snacks,Golosinas,Galletas,Original,criollitas | galletas criollas | galletas de maíz,0.15,0.0,"Galletas Criollitas por 5 Original, presentación de 12 cajas de 5 paquetes de 100 g.",https://arcorencasa.com/wp-content/uploads/2025/07/20250707-13901-300x300.webp,true,true,Importación CSV
15039,BEBIDA ARCOR NARANJA 24x200ML,582.7385409999999,1947,24,UNIDAD,unidad,Helados,Bebidas,Jugos,Naranja,bebida de naranja | jugo de naranja | bebida arcor,0.85,0.0,"Bebida Arcor Naranja, presentación de 24 envases de 200 ml.",https://arcorencasa.com/wp-content/uploads/2025/07/20250723-15039-300x300.webp,true,true,Importación CSV
14325,COQUITAS 40X177G,1558.796536,754,40,UNIDAD,unidad,Galletas y Snacks,Golosinas,Galletas,Coco,coquititas | galletas de coco | galletas dulces,0.15,0.0,"Galletitas de coco, marca Coquititas, formato de 40 unidades de 177 g cada una.",https://arcorencasa.com/wp-content/uploads/2024/10/20241009-14325-300x300.webp,true,true,Importación CSV
9825,HELADO CONO COFLER DUO 14X135CC,47235.58675,4,1,BULTO,unidad,Helados,Golosinas,Helados,Cono,helado cono | helado de chocolate | helado de vainilla,0.85,0.0,"Helado Cono Cofler Duo, presentación de 14 unidades de 135 cc.",https://arcorencasa.com/wp-content/uploads/2024/10/20241010-9825-300x300.webp,true,true,Importación CSV
10352,COFLER ROCKLETS LECHE 12x10x55G,3120.467064,734,120,UNIDAD,unidad,Helados,Golosinas,Chocolates,Leche,rocklets leche | chocolate con leche | golosina de chocolate,0.85,0.0,"Cofler Rocklets Leche, presentación de 12 displays de 10 unidades de 55 g.",https://arcorencasa.com/wp-content/uploads/2025/05/20250506-10352-300x300.webp,true,true,Importación CSV
4542,HELADO TRES CREMAS DULCE DE LECHE CHOCOLATE VAINILLA 8UX1KG,12109.119165,23,8,UNIDAD,unidad,Helados,Golosinas,Helados,Dulce de Leche,helado tres cremas | helado de dulce de leche | helado de chocolate,0.15,0.0,"Helado Tres Cremas Dulce de Leche Chocolate Vainilla, presentación de 8 unidades de 1 kg.",https://arcorencasa.com/wp-content/uploads/2024/10/20241010-4542-300x300.webp,true,true,Importación CSV
13648,BOCADITO CHOCOMANI 12X520G,11185.072173,77,12,DISPLAY,display,Helados,Golosinas,Snacks,Chocolate,bocadito chocomaní | snack de chocolate | bocadito de chocolate,0.15,0.0,"Bocadito Chocomani, presentación de 12 empaques de 520 g cada uno.",https://arcorencasa.com/wp-content/uploads/2024/10/20241010-13648-300x300.webp,true,true,Importación CSV
11912,BONOBON SURTIDO 24X255G,9709.009629,123,24,DISPLAY,display,Helados,Golosinas,Bombones,Surtido,bombones bonobón | bombones de chocolate | bombones surtidos,0.85,0.0,"Bombones surtidos de chocolate, marca Bon o Bon, formato de 255 g.",https://arcorencasa.com/wp-content/uploads/2020/05/20251111-11912-300x300.webp,true,true,Importación CSV
7048,SERRANAS SANDWICH 48X112G,645.8054349999999,41,48,UNIDAD,unidad,Galletas y Snacks,Golosinas,Snacks,Sándwich,serranitas | snack sándwich | galletas sándwich,0.15,0.0,"Serranitas Sandwich, presentación de 48 unidades de 112 g.",https://arcorencasa.com/wp-content/uploads/2024/10/20241009-7048-300x300.webp,true,true,Importación CSV
14437,JUGO POLVO ARCOR NARANJA MANGO 12X18X15G,5796.884214,42,12,DISPLAY,display,Helados,Almacén,Jugos,Polvo,jugo en polvo | jugo arcor | jugo de naranja,0.85,0.0,"Jugo Polvo Arcor Naranja Mango, presentación de 12 displays de 18 sachets de 15 g.",https://arcorencasa.com/wp-content/uploads/2024/10/20241028-14437-300x300.webp,true,true,Importación CSV
13804,RAPTOR CREATINA NARANJA 8X162G,26081.36245,152,8,UNIDAD,unidad,Golosinas,Suplementos,Creatina,Naranja,creatina raptor | suplemento de creatina | creatina en polvo,0.15,0.0,"Raptor Creatina Naranja, presentación de 8 frascos de 162 g.",https://cvlbietibaaehgeimxgw.supabase.co/storage/v1/object/public/products-demo_jorge/13804.jpg,true,true,Importación CSV
14170,PASAS COFLER CHOC 30x100G,4684.3671380000005,397,30,DISPLAY,display,Helados,Golosinas,Snacks,Chocolate,pasas cubiertas | pasas de chocolate | snack de pasas,0.85,0.0,"Pasas Cofler Choc, presentación de 30 bolsas de 100 g.",https://cvlbietibaaehgeimxgw.supabase.co/storage/v1/object/public/products-demo_jorge/14170.jpg,true,true,Importación CSV
13316,SALSATI PIZZA 24X340G,1320.741015,80,24,UNIDAD,unidad,Alimentos y Almacén,Almacén,Salsas,Pizza,salsa para pizza | salsa salsati | salsa de tomate,0.15,0.0,"Salsa Salsati Pizza, presentación de 24 frascos de 340 g.",https://arcorencasa.com/wp-content/uploads/2024/10/20241008-13316-300x300.webp,true,true,Importación CSV
12927,PURE TOMATE ARCOR 24X210G,768.1758809999999,397,24,UNIDAD,unidad,Helados,Almacén,Tomate,Pure,pure de tomate | tomate en frasco | tomate en conserva,0.85,0.0,"Pure Tomate Arcor, presentación de 24 frascos de 210 g.",https://arcorencasa.com/wp-content/uploads/2024/10/20241008-12927-300x300.webp,true,true,Importación CSV
13229,BIZCOCHUELO AGUILA VAINILLA 12X530G,3868.840085,44,12,UNIDAD,unidad,Helados,Almacén,Bizcochuelos,Vainilla,bizcochuelo águile | bizcochuelo de vainilla | bizcochuelo,0.85,0.0,"Bizcochuelo Águila Vainilla, presentación de 12 unidades de 530 g.",https://arcorencasa.com/wp-content/uploads/2024/10/20241008-13229-300x300.webp,true,true,Importación CSV
12717,BUDIN ARCOR SIN FRUTA 18X215G,3241.2329290000002,4,18,UNIDAD,unidad,Helados,Golosinas,Budines,Sin Fruta,budín arcor | budín sin fruta | budín esponjoso,0.85,0.0,"Budín Arcor Sin Fruta, presentación de 18 unidades de 215 g.",https://cvlbietibaaehgeimxgw.supabase.co/storage/v1/object/public/products-demo_jorge/12717.png,true,true,Importación CSV
13215,CABSHA BOCADITO MARROC 48X24X10G,9986.493484,152,48,DISPLAY,display,Chocolates,Golosinas,Bocaditos,Marroc,bocadito marroc | bocadito de chocolate | bocadito con dulce de leche,0.15,0.0,"Bocadito de chocolate amargo con dulce de leche y mantequilla de maní, marca Cabsha.",https://cvlbietibaaehgeimxgw.supabase.co/storage/v1/object/public/products-demo_jorge/13215.jpg,true,true,Importación CSV
12279,MASTICABLES CRAZY 10X800G,8523.099035,152,10,DISPLAY,display,Helados,Golosinas,Caramelos,Tutti Frutti,caramelo masticable | caramelo tutti frutti | caramelo de frutas,0.15,0.0,"Caramelo masticable sabor tutti frutti, marca Arcor, presentación de 800 g.",https://cvlbietibaaehgeimxgw.supabase.co/storage/v1/object/public/products-demo_jorge/12279.jpg,true,true,Importación CSV
13409,BUTTER TOFFEES AVELLANA 8X648G,8707.087279,52,8,DISPLAY,display,Caramelos,Golosinas,Dulces,Avellana,butter toffees | toffees de avellana | dulce de avellana,0.85,0.0,"Butter Toffees Avellana, presentación de 8 paquetes de 648 g.",https://arcorencasa.com/wp-content/uploads/2024/10/20241010-13409-300x300.webp,true,true,Importación CSV
3101,AGUILA TAZA FAMILIAR 6X15X100G,5420.722923,929,90,UNIDAD,unidad,Helados,Almacén,Chocolate,Taza,chocolate de taza | chocolate semiamargo | chocolate en polvo,0.85,0.0,"Chocolate de taza semiamargo, marca Águila, formato de 100 g.",https://arcorencasa.com/wp-content/uploads/2024/10/20241008-3101-1-300x300.webp,true,true,Importación CSV
13947,HELADO KOPA CHOCOLATE DULCE DE LECHE 18x90G,41829.049625,51,1,BULTO,unidad,Helados,Golosinas,Helados,Chocolate,helado kopa | helado de chocolate | helado dulce de leche,0.15,0.0,"Helado Kopa Chocolate Dulce de Leche, presentación de 18 unidades de 90 g.",https://arcorencasa.com/wp-content/uploads/2024/10/20241010-13947-300x300.webp,true,true,Importación CSV
14210,HELADO GELATO XL DUO AGUILA GRANUZADO CHOCOLATE 6X500G,10784.080834999999,23,6,UNIDAD,unidad,Helados,Golosinas,Helados,Duo,helado gelato | helado de chocolate | helado granulado,0.85,0.0,"Helado Gelato XL Duo Águila Granulado Chocolate, presentación de 6 unidades de 500 g.",https://arcorencasa.com/wp-content/uploads/2024/10/20241010-14210-300x300.webp,true,true,Importación CSV
6408,AGUILA TAZA BARRITA 24X24X14G,25242.859554,82,24,DISPLAY,display,Helados,Golosinas,Snacks,Barritas,taza barrita | barrita de chocolate | snack de chocolate,0.85,0.0,"Águila Taza Barrita, presentación de 24 unidades de 14 g.",https://arcorencasa.com/wp-content/uploads/2024/10/20241008-6408-300x300.webp,true,true,Importación CSV
14252,CEREALES FORMIS COCODRILO POCORN 30X145G,1678.703785,152,30,DISPLAY,display,Helados,Cereales,Desayuno,Cocodrilo,cereales cocodrilo | cereales popcorn | cereales para niños,0.15,0.0,"Cereales Formis Cocodrilo Popcorn, presentación de 30 unidades de 145 g.",https://cvlbietibaaehgeimxgw.supabase.co/storage/v1/object/public/products-demo_jorge/14252.webp,true,true,Importación CSV
2301,MOGUL VIBORITAS 12X12X30G,8456.771312,145,12,DISPLAY,display,Golosinas,Golosinas,Gomitas,Frutales,viboritas | gomitas frutales | gomitas de colores,0.85,0.0,"Mogul Viboritas, presentación de 12 bolsas de 30 g.",https://cvlbietibaaehgeimxgw.supabase.co/storage/v1/object/public/products-demo_jorge/2301.jpg,true,true,Importación CSV
10594,TOMATE CUBETEADO LC 2x12x400G,1720.357188,102,24,UNIDAD,unidad,Alimentos y Almacén,Almacén,Tomate,Cubeteado,tomate cubeteado | tomate en lata | tomate para salsas,0.15,0.0,"Tomate Cubeteado LC, presentación de 2 cajas de 12 unidades de 400 g cada una.",https://arcorencasa.com/wp-content/uploads/2024/10/20241008-10594-300x300.webp,true,true,Importación CSV
11880,MENTHO PLUS VITAMINA LIMON 12X12X29.4G,6708.347811,28,12,DISPLAY,display,Golosinas,Almacén,Vitaminas,Limón,mentho plus limón | mentho limón,0.15,0.0,Menthol con vitamina C en formato de 12 displays de 12 unidades de 29.4g.,https://arcorencasa.com/wp-content/uploads/2024/10/20241010-11880-300x300.webp,true,true,Importación CSV
10342,AIREADO COFLER MIXTO 8x10x55G,3467.844512,945,80,UNIDAD,unidad,Helados,Golosinas,Snacks,Aireado,snack aireado coflers | coflers mixto,0.85,0.0,Snack aireado en formato de 8 packs de 10 unidades de 55g cada uno.,https://arcorencasa.com/wp-content/uploads/2024/10/20241008-10342-300x300.webp,true,true,Importación CSV
12699,BATATA LC LATA 12X700G,5050.227215,152,12,UNIDAD,unidad,Alimentos y Almacén,Almacén,Conservas,Batata,batata en lata,0.15,0.0,"Dulce de batata en lata de 700g, marca La Campagnola.",https://arcorencasa.com/wp-content/uploads/2024/10/20241008-12699-300x300.webp,true,true,Importación CSV
5046,MEMBRILLO ARCOR ESTUCHE 12X500G,2453.697532,154,12,UNIDAD,unidad,Helados,Almacén,Conservas,Membrillo,membrillo arcor,0.85,0.0,"Membrillo en estuche de 12 unidades de 500g, marca Arcor.",https://arcorencasa.com/wp-content/uploads/2024/10/20241008-5046-300x300.webp,true,true,Importación CSV
14377,GALLETAS COFLER RELLENAS CREAMY 27X85G,1039.197852,141,27,DISPLAY,display,Helados,Golosinas,Galletas,Rellenas,galletas coflers creamy,0.85,0.0,Galletas rellenas en formato de 27 cajas de 85g cada una.,https://arcorencasa.com/wp-content/uploads/2024/10/20241009-14377-300x300.webp,true,true,Importación CSV
14694,CUBANITOS BONOBON 30X78G,4003.43988,397,30,UNIDAD,unidad,Helados,Golosinas,Galletas,Cubanitos,cubanitos bonobon,0.85,0.0,"Cubanitos de chocolate con relleno de crema, formato de 30x78g.",https://cvlbietibaaehgeimxgw.supabase.co/storage/v1/object/public/products-demo_jorge/14694.webp,true,true,Importación CSV
13342,OBLEA ARCOR 8X20X20G,568.5019229999999,397,160,UNIDAD,unidad,Helados,Golosinas,Snacks,Obleas,oblea arcor,0.85,0.0,Obleas de 20g en formato de 8 paquetes de 20 unidades.,https://arcorencasa.com/wp-content/uploads/2024/10/20241008-13342-300x300.webp,true,true,Importación CSV
15191,VASO AGUILA ANIVERSARIO NEGRO 12X5X14G,9708.821353,16,12,DISPLAY,display,Helados,Almacén,Vasos,Submarino,vaso águila,0.85,0.0,"Vaso negro para submarino, marca Águila, incluye 5 barras de chocolate.",https://arcorencasa.com/wp-content/uploads/2025/09/20250922-15191-1-300x300.webp,true,true,Importación CSV
12490,SNACK SALADIX CROSS PIZZA 32X67G,972.962815,2087,32,UNIDAD,unidad,Galletas y Snacks,Golosinas,Snacks,Pizza,snack saladix pizza,0.15,0.0,Snack sabor pizza en formato de 32 bolsas de 67g.,https://arcorencasa.com/wp-content/uploads/2026/01/20260107-12490-300x300.webp,true,true,Importación CSV
15405,TOPLINE SEVEN STRONG 20X16X14G,13415.354336999999,611,20,UNIDAD,unidad,Golosinas,Golosinas,Galletas,Energéticas,topline seven strong,0.15,1.0,Galletas en formato de 20 cajas de 16 unidades de 14g.,https://arcorencasa.com/wp-content/uploads/2026/02/20260206-15405-1-300x300.webp,true,true,Importación CSV
13311,COFLER BLOCK MITI MITI 64X170G,7524.821568,335,64,UNIDAD,unidad,Helados,Golosinas,Chocolate,Block,chocolate coflers,0.85,0.0,Chocolate con leche y chocolate blanco en formato block de 170g.,https://arcorencasa.com/wp-content/uploads/2024/10/20241008-13311-300x300.webp,true,true,Importación CSV
11257,HELADO GELATO AGUILA GRANIZADO X450CC,6078.194573,81,1,UNIDAD,unidad,Helados,Golosinas,Helados,Granizados,helado gelato águila,0.85,0.0,"Helado granizado de 450cc, marca Águila, presentado en cajas de 12 unidades.",https://arcorencasa.com/wp-content/uploads/2024/10/20241010-11257-300x300.webp,true,true,Importación CSV
12394,COFLER YOGURT FRUTILLA 12X10X64G,3120.467064,1,120,UNIDAD,unidad,Helados,Golosinas,Yogur,Frutilla,yogurt coflers frutilla,0.85,0.0,Yogurt de frutilla en formato de 12 cajas con 10 unidades de 64g.,https://arcorencasa.com/wp-content/uploads/2025/05/20250506-12394-300x300.webp,true,true,Importación CSV
11586,AIREADO COFLER RELLENO BONOBON 8X10X67G,3467.844512,602,80,UNIDAD,unidad,Helados,Golosinas,Snacks,Aireado,aireado coflers bonobon,0.85,0.0,Snack aireado relleno de Bonobón en formato de 8 paquetes de 10 unidades de 67g.,https://arcorencasa.com/wp-content/uploads/2024/10/20241008-11586-300x300.webp,true,true,Importación CSV
9919,ALFAJOR BYN TRIPLE BLANCO 21x73.5G,1402.116782,1450,21,UNIDAD,unidad,Golosinas,Golosinas,Alfajores,Triple,alfajor byn triple blanco,0.15,0.0,Alfajor triple blanco en formato de 21 unidades de 73.5g.,https://arcorencasa.com/wp-content/uploads/2024/10/20241008-9919-300x300.webp,true,true,Importación CSV
14772,SURTIDO BAGLEY 21X400G,2957.715772,18160,21,UNIDAD,unidad,Galletas y Snacks,Golosinas,Galletas,Surtido,surtido bagley,0.85,1.0,Surtido de galletas en formato de 21 unidades de 400g.,https://arcorencasa.com/wp-content/uploads/2024/10/20241009-14772-300x300.webp,true,true,Importación CSV
12101,TOPLINE SEVEN ULTRA RED BERRY 12X12X24G,21795.782756,92,12,DISPLAY,display,Golosinas,Golosinas,Chicles,Red Berry,chicles topline red berry,0.15,0.0,Chicles sabor Red Berry en formato de 12 unidades de 24g.,https://arcorencasa.com/wp-content/uploads/2024/10/20241010-12101-300x300.webp,true,true,Importación CSV
13310,TABLETA COFLER CHOCOLATE DULCE DE LECHE 8X20X38G,1664.6236199999998,488,160,UNIDAD,unidad,Helados,Golosinas,Chocolate,Dulce de Leche,tableta coflers dulce de leche,0.85,0.0,Tableta de chocolate dulce de leche en formato de 8 cajas de 20 tabletas de 38g.,https://arcorencasa.com/wp-content/uploads/2024/10/20241008-13310-300x300.webp,true,true,Importación CSV
13473,PASTA CODITO LC 15x500G,1555.6263359999998,152,15,UNIDAD,unidad,Alimentos y Almacén,Almacén,Pasta,Codito,pasta codito lc,0.15,0.0,Pasta codito en formato de 15 paquetes de 500g.,https://arcorencasa.com/wp-content/uploads/2024/10/20241008-13473-300x300.webp,true,true,Importación CSV
13655,CONDIMENTO OREGANO 24X23G,1268.484624,60,24,UNIDAD,unidad,Helados,Almacén,Condimentos,Orégano,orégano,0.15,0.0,Condimento orégano en formato de 24 frascos de 23g.,https://arcorencasa.com/wp-content/uploads/2024/10/20241008-13655-300x300.webp,true,true,Importación CSV
3786,CEREAL MIX ORIGINAL 6X20X23G,841.269803,615,120,UNIDAD,unidad,Golosinas,Almacén,Cereales,Mix,cereal mix original,0.15,0.0,Cereal mix en formato de 6 cajas con 20 porciones de 23g.,https://arcorencasa.com/wp-content/uploads/2025/08/20250805-3786-300x300.webp,true,true,Importación CSV
14675,COFLER CUPS SPLIT 20X16X17G,11096.104018999999,397,20,DISPLAY,display,Helados,Golosinas,Galletas,Rellenas,coflers cups split,0.85,0.0,"Galletitas rellenas de chocolate con crema sabor frutilla, formato de 20x16x17g.",https://arcorencasa.com/wp-content/uploads/2025/08/20250725-14675-300x300.webp,true,true,Importación CSV
13609,HOGAREÑAS MIX CEREAL 36X185G,1318.981554,325,36,UNIDAD,unidad,Galletas y Snacks,Golosinas,Snacks,Cereal,hogareñas mix cereal,0.15,0.0,Snack de cereales en formato de 36 unidades de 185g.,https://arcorencasa.com/wp-content/uploads/2024/10/20241009-13609-300x300.webp,true,true,Importación CSV
13909,MERENGADAS FRUTILLA POR 3 12X3X87G,3453.333587,70,12,DISPLAY,display,Galletas y Snacks,Golosinas,Galletas,Merengadas,merengadas frutilla,0.15,0.0,Galletitas merengadas rellenas sabor frutilla en formato tripack de 87g.,https://arcorencasa.com/wp-content/uploads/2024/10/20241009-13909-300x300.webp,true,true,Importación CSV
2402,TURRON MANI ARCOR 15X280G,3619.74283,397,15,UNIDAD,unidad,Helados,Golosinas,Turrones,Maní,turrón maní arcor,0.85,0.0,Turrón de maní en formato de 15 unidades de 280g.,https://cvlbietibaaehgeimxgw.supabase.co/storage/v1/object/public/products-demo_jorge/2402.webp,true,true,Importación CSV
14783,HELADO COFLER DULCE DE LECHE 16X63G,48639.700999999994,23,1,BULTO,unidad,Helados,Golosinas,Helados,Dulce de Leche,helado coflers dulce de leche,0.85,0.0,Helado de dulce de leche en formato de 16 unidades de 63g.,https://arcorencasa.com/wp-content/uploads/2024/10/20241028-14783-300x300.webp,true,true,Importación CSV
14219,HELADO CONO COFLER BLOCK 18X80G,60729.657274000005,58,1,BULTO,unidad,Helados,Golosinas,Helados,Cono,cono coflers block,0.85,0.0,Cono de helado de 80g en formato de 18 unidades.,https://arcorencasa.com/wp-content/uploads/2024/10/20241010-14219-300x300.webp,true,true,Importación CSV
14204,RAPTOR PLANT PROTEIN VAIN 2X930G,50951.531235,152,2,UNIDAD,unidad,Golosinas,Almacén,Proteínas,Vegetales,raptor plant protein vain,0.15,0.0,Proteína vegetal en formato de 2 paquetes de 930g.,https://cvlbietibaaehgeimxgw.supabase.co/storage/v1/object/public/products-demo_jorge/14204.jpg,true,true,Importación CSV
13670,CONDIMENTO AJI TRITURADO 4X10X48G,1977.5702760000001,152,40,UNIDAD,unidad,Helados,Almacén,Condimentos,Ají,ají triturado,0.15,0.0,Condimento ají triturado en formato de 4 cajas de 10 unidades de 48g.,https://arcorencasa.com/wp-content/uploads/2024/10/20241008-13670-300x300.webp,true,true,Importación CSV
13072,HELADO ARCOR CREMA AMERICABA 20X70G,42817.45325,50,1,BULTO,unidad,Helados,Golosinas,Helados,Crema Americana,helado arcor crema americana,0.85,0.0,Helado crema americana en formato de 20 unidades de 70g.,https://arcorencasa.com/wp-content/uploads/2024/10/20241010-13072-300x300.webp,true,true,Importación CSV
14208,POSTRE BONOBON TENTACION 6x12x120G,3141.160605,1,72,UNIDAD,unidad,Helados,Golosinas,Postres,Bonobón,postre bonobon tentación,0.85,0.0,Postre Bonobón en formato de 6 cajas de 12 unidades de 120g.,https://cvlbietibaaehgeimxgw.supabase.co/storage/v1/object/public/products-demo_jorge/14208.webp,true,true,Importación CSV
14465,ENSALADA ATUN ROJA 24X285G,5840.481602999999,152,24,UNIDAD,unidad,Alimentos y Almacén,Almacén,Ensaladas,Atún,ensalada atún roja,0.15,0.0,Ensalada de atún en formato de 24 latas de 285g.,https://arcorencasa.com/wp-content/uploads/2024/10/20241008-14465-300x300.webp,true,true,Importación CSV
12726,PAN DULCE ARCOR MADRILEÑO 12X400G,6915.887858,2,12,UNIDAD,unidad,Helados,Golosinas,Pan Dulce,Madrileño,pan dulce arcor madrileño,0.85,0.0,Pan dulce en formato de 12 unidades de 400g.,https://cvlbietibaaehgeimxgw.supabase.co/storage/v1/object/public/products-demo_jorge/12726.png,true,true,Importación CSV
14212,HELADO GELATO XL DUO COFLER CHOCOLAE DULCE DE LECHE 6X500G,10784.080834999999,7,6,UNIDAD,unidad,Helados,Golosinas,Helados,Gelato,helado gelato xl duo coflers,0.85,0.0,Helado gelato de chocolate y dulce de leche en formato de 6x500g.,https://arcorencasa.com/wp-content/uploads/2024/10/20241010-14212-300x300.webp,true,true,Importación CSV
7390,CHUPUTIN TROMPITO 12X50X11G,6649.965069,16,12,DISPLAY,display,Helados,Golosinas,Caramelos,Chupitín,chupitín trompito,0.15,0.0,Caramelo chupitín trompito en formato de 12 cajas de 50 unidades de 11g.,https://arcorencasa.com/wp-content/uploads/2024/10/20241010-7390-300x300.webp,true,true,Importación CSV
7198,REX ESTUCHE 16X125G,1838.180696,909,16,UNIDAD,unidad,Galletas y Snacks,Golosinas,Snacks,Estuche,estuche rex,0.15,1.0,Estuche REX de 16 unidades de 125g.,https://arcorencasa.com/wp-content/uploads/2024/10/20241009-7198-300x300.webp,true,true,Importación CSV
3750,ALFAJOR BYN TRIPLE NEGRO 21X73.5G,1402.116782,1730,21,UNIDAD,unidad,Golosinas,Golosinas,Alfajores,Triple,alfajor byn triple negro,0.15,0.0,Alfajor triple negro en formato de 21 unidades de 73.5g.,https://arcorencasa.com/wp-content/uploads/2024/10/20241008-3750-300x300.webp,true,true,Importación CSV
15221,MOGUL ANILLOS 46X80G,1505.542984,111,46,UNIDAD,unidad,Golosinas,Golosinas,Gomitas,Anillos,gomitas mogul anillos,0.85,0.0,"Gomitas sabor frutilla en forma de anillos, bolsa de 80g.",https://arcorencasa.com/wp-content/uploads/2025/05/20250514-15221-300x300.webp,true,true,Importación CSV
14407,TRAVIATA SANDWICH 48X108G,692.85689,603,48,UNIDAD,unidad,Galletas y Snacks,Golosinas,Galletas,Sandwich,galletitas sandwich traviata,0.15,0.0,Galletitas sandwich en formato de 48 unidades de 108g.,https://arcorencasa.com/wp-content/uploads/2024/10/20241009-14407-300x300.webp,true,true,Importación CSV
11265,HELADO PALITO BOMBON 30UX60CC,38012.392,167,1,BULTO,unidad,Helados,Golosinas,Helados,Palito,helado palito bombón,0.15,0.0,Helado palito bombón en formato de 30 unidades de 60cc.,https://arcorencasa.com/wp-content/uploads/2024/10/20241010-11265-300x300.webp,true,true,Importación CSV
2528,MR POPS CHUPETIN FRUTAL 12X50U,6649.965069,146,12,DISPLAY,display,Golosinas,Golosinas,Chupetines,Frutales,chupetín frutal | chupetines de frutas,0.15,0.0,"Chupetines frutales Mr. Pops, presentación de 12 displays con 50 unidades cada uno.",https://cvlbietibaaehgeimxgw.supabase.co/storage/v1/object/public/products-demo_jorge/2528.webp,true,true,Importación CSV
15325,SALADIX QUESITOS 50G,1027.7777509999999,17,20,UNIDAD,unidad,Galletas y Snacks,Snacks,Quesitos,,quesitos | snack de queso,0.15,0.0,"Snack Saladix Quesitos de 50 g, ideal para picadas y bocado ligero.",https://arcorencasa.com/wp-content/uploads/2025/11/20251117-15325-300x300.webp,true,true,Importación CSV
12559,SIMPLE DEFENSAS 6X60UN,17294.511728999998,152,6,DISPLAY,display,Golosinas,Bebidas,Bebidas Funcionales,Inmunidad,bebida funcional | bebida de defensa,0.15,0.0,"Bebida Simple Defensas, presentación de 6 packs de 60 unidades.",https://arcorencasa.com/wp-content/uploads/2024/10/20210412-12559-300x300.webp,true,true,Importación CSV
13144,MERMELADA LC DAMASCO 12x454G,3397.1703479999996,116,12,UNIDAD,unidad,Alimentos y Almacén,Mermeladas,Mermeladas de Frutas,Damasco,mermelada de damasco | mermelada LC,0.15,0.0,"Mermelada LC Damasco, presentación de 12 frascos de 454 g.",https://arcorencasa.com/wp-content/uploads/2024/10/20230718-13144-300x300.webp,true,true,Importación CSV
14349,CABSHA BOCADITO AVELLANA 48X24X10G,9986.493484,152,48,DISPLAY,display,Chocolates,Snacks,Bocaditos,Avellana,bocadito de avellana | bocaditos,0.15,0.0,"Bocadito Cabsha Avellana, presentación de 48 cajas de 24 unidades de 10 g.",https://cvlbietibaaehgeimxgw.supabase.co/storage/v1/object/public/products-demo_jorge/14349.jpg,true,true,Importación CSV
15024,AGUILA 60% CACAO NARANJA BARRITA 24X24X14G,25242.859554,397,24,DISPLAY,display,Helados,Chocolates,Barras de Chocolate,Cacao Naranja,barra de chocolate naranja | chocolate ágil,0.85,0.0,"Barra Águila 60% Cacao Naranja, presentación de 24 barras de 14 g.",https://arcorencasa.com/wp-content/uploads/2025/08/20250725-15024-300x300.webp,true,true,Importación CSV
15138,HELADO  BONOBON BITES 6X180G,7300.229959,101,6,UNIDAD,unidad,Helados,Helados,Helados de Chocolate,Bonobón,helado bonobón | helado de chocolate,0.85,0.0,"Helado Bonobon Bites, presentación de 6 unidades de 180 g.",https://arcorencasa.com/wp-content/uploads/2025/05/20250506-15138-300x300.webp,true,true,Importación CSV
14460,ATUN LC AHUMADO 24X170G,5299.898615,152,24,UNIDAD,unidad,Alimentos y Almacén,Conservas,Atún,Ahumado,atún ahumado | atún enlatado,0.15,0.0,"Atún LC Ahumado, presentación de 24 latas de 170 g.",https://arcorencasa.com/wp-content/uploads/2025/05/20250514-14460-300x300.webp,true,true,Importación CSV
11885,BUTTER TOFFEES BONOBON 6X822G,11504.997383,87,6,DISPLAY,display,Helados,Dulces,Toffees,,toffees bonobón | caramelos,0.85,0.0,"Butter Toffees Bonobón, presentación de 6 bolsas de 822 g.",https://arcorencasa.com/wp-content/uploads/2024/10/20241010-11885-300x300.webp,true,true,Importación CSV
13331,AGUILA BAÑO REPOSTERO LECHE 8X12X150G,3559.352698,4,96,UNIDAD,unidad,Helados,Chocolates,Baños de Chocolate,Leche,baño de chocolate | chocolate para repostería,0.85,0.0,"Águila Baño Repostero Leche, presentación de 8 paquetes de 12 unidades de 150 g.",https://arcorencasa.com/wp-content/uploads/2024/10/20241008-13331-300x300.webp,true,true,Importación CSV
11646,MOGUL EXTREME ROLLO 12X12X35G,6315.289959,280,12,DISPLAY,display,Golosinas,Gomitas,Gomitas Rollos,,gomitas rollo | gomitas surtidas,0.85,0.0,"Gomitas tipo rollo sabor surtido, marca Mogul, presentación de 35 g por unidad.",https://arcorencasa.com/wp-content/uploads/2024/10/20241010-11646-300x300.webp,true,true,Importación CSV
4681,MENTHO PLUS SIN AZUCAR DURAZNO 12X12X26.6G,9227.709381,98,12,DISPLAY,display,Golosinas,Chicles,Sin Azúcar,Durazno,chicle sin azúcar | mentas,0.15,0.0,"Mentho Plus Sin Azúcar Durazno, presentación de 12 displays de 12 unidades de 26.6 g.",https://cvlbietibaaehgeimxgw.supabase.co/storage/v1/object/public/products-demo_jorge/4681.webp,true,true,Importación CSV
14373,"GALLETAS COFLER BAÑADAS BONBON 16X105,6G",2717.901274,521,16,DISPLAY,display,Helados,Galletas,Bañadas,Bonbon,galletas bañadas | galletas de chocolate,0.85,0.0,"Galletas Cofler Bañadas Bonbon, presentación de 16 paquetes de 105.6 g.",https://arcorencasa.com/wp-content/uploads/2024/10/20241009-14373-300x300.webp,true,true,Importación CSV
14245,POSTRE COFLER BLOCK CHOCOMANI 6X6X110G,2911.903841,397,36,UNIDAD,unidad,Helados,Postres,Postres Listos,Chocomani,postre chocomani | postre de chocolate,0.85,0.0,"Postre Cofler Block Chocomani, presentación de 6 bloques de 110 g.",https://cvlbietibaaehgeimxgw.supabase.co/storage/v1/object/public/products-demo_jorge/14245.jpg,true,true,Importación CSV
6616,PULPA SUAVE TOMATE ARCOR 12X520G,875.3784929999999,430,12,UNIDAD,unidad,Helados,Conservas,Tomate,Pulpa Suave,pulpa de tomate | tomate enlatado,0.85,0.0,"Pulpa Suave Tomate Arcor, presentación de 12 tarros de 520 g.",https://arcorencasa.com/wp-content/uploads/2024/10/20241008-6616-300x300.webp,true,true,Importación CSV
13155,MERMELADA BC NARANJA 12X390 G,3513.5584329999997,204,12,UNIDAD,unidad,Helados,Mermeladas,Mermeladas de Frutas,Naranja,mermelada de naranja | mermelada BC,0.85,0.0,"Mermelada BC Naranja, presentación de 12 frascos de 390 g.",https://arcorencasa.com/wp-content/uploads/2024/10/20230718-13155-300x300.webp,true,true,Importación CSV
13242,CHOCLO ARCOR ENTERO 24x300G,1805.315402,432,24,UNIDAD,unidad,Helados,Vegetales,Choclo,Entero,choclo enlatado | choclo arcor,0.85,0.0,"Choclo Arcor Entero, presentación de 24 latas de 300 g.",https://arcorencasa.com/wp-content/uploads/2024/10/20241008-13242-300x300.webp,true,true,Importación CSV
14565,GELATINA BC FRAMBUESA LIGHT 6X8X18G,887.048217,397,48,UNIDAD,unidad,Helados,Gelatinas,Light,Frambuesa,gelatina light | gelatina de frambuesa,0.85,0.0,"Gelatina BC Frambuesa Light, presentación de 6 packs de 8 unidades de 18 g.",https://arcorencasa.com/wp-content/uploads/2024/10/20241028-14565-300x300.webp,true,true,Importación CSV
11827,CARAMELO ARCOR MENTA CHOCOLATE 6X715G,9588.894744,194,6,DISPLAY,display,Helados,Caramelos,Menta Chocolate,,caramelo de menta | caramelo de chocolate,0.85,0.0,"Caramelo Arcor Menta Chocolate, presentación de 6 bolsas de 715 g.",https://cvlbietibaaehgeimxgw.supabase.co/storage/v1/object/public/products-demo_jorge/11827.webp,true,true,Importación CSV
10302,KETCHUP LC PICANTE 24x250G,1548.6637540000002,158,24,UNIDAD,unidad,Alimentos y Almacén,Salsas,Ketchup,Picante,ketchup picante | salsa de tomate,0.15,0.0,"Ketchup LC Picante, presentación de 24 unidades de 250 g.",https://arcorencasa.com/wp-content/uploads/2026/01/20260122-10302-300x300.webp,true,true,Importación CSV
12265,ROCKLETS 3 DESEOS 24X120G,4431.158182,152,24,UNIDAD,unidad,Helados,Dulces,Rocklets,,rocklets | dulces,0.15,0.0,"Rocklets 3 Deseos, presentación de 24 unidades de 120 g.",https://cvlbietibaaehgeimxgw.supabase.co/storage/v1/object/public/products-demo_jorge/12265.webp,true,true,Importación CSV
14771,OBLEA AGUILA NUT 6X6X105G,2911.903841,397,36,UNIDAD,unidad,Helados,Snacks,Obleas,Nut,oblea nut | obleas,0.85,0.0,"Oblea Águila Nut, presentación de 6 unidades de 105 g.",https://cvlbietibaaehgeimxgw.supabase.co/storage/v1/object/public/products-demo_jorge/14771.jpg,true,true,Importación CSV
12794,GALLETAS COFLER 30X120G,1518.826969,1369,30,UNIDAD,unidad,Helados,Galletas,Galletas Clásicas,,galletas coflers | galletas con chips,0.85,0.0,"Galletas Cofler, presentación de 30 paquetes de 120 g.",https://arcorencasa.com/wp-content/uploads/2024/10/20241009-12794-300x300.webp,true,true,Importación CSV
12392,MOGUL FRUTILLAS ACIDAS 6X500G,7276.925722,7,6,UNIDAD,unidad,Golosinas,Gomitas,Frutillas Ácidas,,gomitas frutillas | gomitas ácidas,0.85,0.0,"Mogul Frutillas Ácidas, presentación de 6 paquetes de 500 g.",https://cvlbietibaaehgeimxgw.supabase.co/storage/v1/object/public/products-demo_jorge/12392.jpg,true,true,Importación CSV
15282,PAN DULCE COFLER RELLENO DULCE DE LECHE 10X450G,8644.859883000001,397,10,UNIDAD,unidad,Helados,Pan Dulce,Relleno,Dulce de Leche,pan dulce relleno | pan dulce coflers,0.85,0.0,"Pan Dulce Cofler Relleno Dulce de Leche, presentación de 10 unidades de 450 g.",https://cvlbietibaaehgeimxgw.supabase.co/storage/v1/object/public/products-demo_jorge/15282.jpg,true,true,Importación CSV
13226,MERMELADA DIET ARCOR NARANJA12X390G,3080.130625,87,12,UNIDAD,unidad,Helados,Mermeladas,Mermeladas Sin Azúcar,Durazno,mermelada sin azúcar | mermelada arcor,0.85,0.0,"Mermelada Diet Arcor Naranja, presentación de 12 frascos de 390 g.",https://arcorencasa.com/wp-content/uploads/2024/10/20241008-13226-300x300.webp,true,true,Importación CSV
13069,CHOCOLATIN ARCOR BLANCO 40X20X8G,8315.14299,1,40,DISPLAY,display,Helados,Chocolates,Chocolatines,Blanco,chocolatín blanco | chocolatines,0.85,0.0,"Chocolatín Arcor Blanco, presentación de 40 unidades de 8 g.",https://arcorencasa.com/wp-content/uploads/2024/10/20241008-13069-300x300.webp,true,true,Importación CSV
14462,PASTA DEDALITOS ARCOR 12x500G,1414.212547,1528,12,UNIDAD,unidad,Helados,Pasta,Pasta Secas,Dedalitos,pasta dedalitos | pasta arcor,0.85,0.0,"Pasta Dedalitos Arcor, presentación de 12 paquetes de 500 g.",https://arcorencasa.com/wp-content/uploads/2025/05/20250514-14462-300x300.webp,true,true,Importación CSV
14434,JUGO POLVO ARCOR ANANA 12X18X15G,5796.884214,39,12,DISPLAY,display,Helados,Bebidas,Jugo en Polvo,Ananá,jugo en polvo | jugo arcor,0.85,0.0,"Jugo Polvo Arcor Ananá, presentación de 12 displays de 18 unidades de 15 g.",https://arcorencasa.com/wp-content/uploads/2024/10/20241028-14434-300x300.webp,true,true,Importación CSV
13642,CRUNCHY MIX AGUILA 30X120G,6330.225957,4,30,UNIDAD,unidad,Helados,Snacks,Mix de Frutos Secos,,mix de frutos secos | crunchy mix,0.85,0.0,"Crunchy Mix Águila, presentación de 30 unidades de 120 g.",https://cvlbietibaaehgeimxgw.supabase.co/storage/v1/object/public/products-demo_jorge/13642.jpg,true,true,Importación CSV
6074,CELOFAN BLANCO 12x30X25G,1040.3289599999998,12116,360,UNIDAD,unidad,Helados,Materiales,Celofán,Blanco,celofán blanco | celofán,0.15,0.0,"Celofán Blanco, presentación de 12 rollos de 30 metros.",https://arcorencasa.com/wp-content/uploads/2024/10/20241008-6074-300x300.webp,true,true,Importación CSV
13543,MAYONESA BC 8X1000CC,4213.20185,44,8,UNIDAD,unidad,Helados,Salsas,Mayonesa,,mayonesa | mayonesa BC,0.85,0.0,"Mayonesa BC, presentación de 8 envases de 1000 cc.",https://arcorencasa.com/wp-content/uploads/2026/01/20260122-13543-300x300.webp,true,true,Importación CSV
13230,BIZCOCHUELO AGUILA MARMOLADO 12X550G,3713.1153839999997,397,12,UNIDAD,unidad,Helados,Repostería,Bizcochuelos,Marmolado,bizcochuelo marmolado | bizcochuelo ágil,0.85,0.0,"Bizcochuelo Águila Marmolado, presentación de 12 unidades de 550 g.",https://arcorencasa.com/wp-content/uploads/2024/10/20241008-13230-300x300.webp,true,true,Importación CSV
15040,BEBIDA ARCOR MANZANA 24X200ML,582.7385409999999,1008,24,UNIDAD,unidad,Helados,Bebidas,Bebidas de Frutas,Manzana,bebida de manzana | bebida arcor,0.85,0.0,"Bebida Arcor Manzana, presentación de 24 unidades de 200 ml.",https://arcorencasa.com/wp-content/uploads/2025/07/20250723-15040-300x300.webp,true,true,Importación CSV
12897,COFLER LECHE 36X140G,7686.039911,397,36,UNIDAD,unidad,Helados,Galletas,Galletas de Leche,,galletas de leche | coflers,0.85,0.0,"Cofler Leche, presentación de 36 unidades de 140 g.",https://arcorencasa.com/wp-content/uploads/2025/05/20250506-12897-300x300.webp,true,true,Importación CSV
10204,CRIOLLITAS POR 3 ORIGINAL 22X3X100G,1718.6728679999999,446,22,DISPLAY,display,Galletas y Snacks,Galletas,Galletas Tradicionales,Original,galletas criollitas | galletas,0.15,0.0,"Criollitas por 3 Original, presentación de 22 cajas con 3 paquetes de 100 g.",https://arcorencasa.com/wp-content/uploads/2024/10/20241009-10204-300x300.webp,true,true,Importación CSV
15294,TRAVIATA CON PORTEÑITAS 12X3X96G,2158.333507,152,12,UNIDAD,unidad,Galletas y Snacks,Galletas,Galletas Rellenas,Porteñitas,galletas porteñitas | galletas traviata,0.15,0.0,"Traviata con Porteñitas, presentación de 12 paquetes de 3 unidades de 96 g.",https://arcorencasa.com/wp-content/uploads/2026/02/20260206-15294-1-300x300.webp,true,true,Importación CSV
12130,MERMELADA ARCOR SIN AZUCAR DURAZNO 12X390G,4172.082783,46,12,UNIDAD,unidad,Helados,Mermeladas,Mermeladas Sin Azúcar,Durazno,mermelada sin azúcar | mermelada arcor,0.85,0.0,"Mermelada Arcor Sin Azúcar Durazno, presentación de 12 frascos de 390 g.",https://arcorencasa.com/wp-content/uploads/2024/10/20241008-12130-300x300.webp,true,true,Importación CSV
13576,GALLETA CEREAL MIX FRUTILLA CHIA 25x207G,1918.518404,598,25,UNIDAD,unidad,Golosinas,Galletas,Galletas de Cereal,Frutilla Chía,galleta de cereal | galleta frutilla,0.15,0.0,"Galleta Cereal Mix Frutilla Chía, presentación de 25 unidades de 207 g.",https://arcorencasa.com/wp-content/uploads/2025/12/20251215-13576-300x300.webp,true,true,Importación CSV
11695,GALLETAS BLOCK 30X124G,1518.826969,1792,30,UNIDAD,unidad,Helados,Galletas,Galletas Clásicas,,galletas block | galletas crujientes,0.85,0.0,"Galletas Block, presentación de 30 paquetes de 124 g.",https://arcorencasa.com/wp-content/uploads/2024/10/20241009-11695-300x300.webp,true,true,Importación CSV
15133,MOGUL PALOTES UVA Y TUTTI FRUTTI 12X496G,6175.973704999999,62,12,DISPLAY,display,Golosinas,Golosinas,Caramelos,Uva | Tutti Frutti,palotes uva | palotes tutti frutti,0.85,0.0,"Caramelos MOGUL Palotes sabor uva y tutti frutti, presentación de 12 displays de 496 g.",https://arcorencasa.com/wp-content/uploads/2025/11/20251118-15133-300x300.webp,true,true,Importación CSV
12230,TORTA AGUILA 12x450G,4423.201101000001,15,12,UNIDAD,unidad,Helados,Golosinas,Tortas,,torta aguila,0.85,0.0,"Torta Águila, presentación de 12 unidades de 450 g.",https://arcorencasa.com/wp-content/uploads/2024/10/20241008-12230-300x300.webp,true,true,Importación CSV
13150,MERMELADA LC JALEA MEMBRILLO 12x454G,3681.950866,152,12,UNIDAD,unidad,Alimentos y Almacén,Almacén,Mermeladas,Membrillo,mermelada de membrillo,0.15,0.0,"Mermelada LC Jalea de Membrillo, presentación de 12 frascos de 454 g.",https://arcorencasa.com/wp-content/uploads/2024/10/20230904-13150-300x300.webp,true,true,Importación CSV
13174,BIZCOCHUELO GODET VAINILLA 12X480G,3095.0724309999996,172,12,UNIDAD,unidad,Alimentos y Almacén,Golosinas,Bizcochuelos,Vainilla,bizcochuelo de vainilla,0.15,0.0,"Bizcochuelo Godet de Vainilla, presentación de 12 unidades de 480 g.",https://arcorencasa.com/wp-content/uploads/2024/10/20241008-13174-300x300.webp,true,true,Importación CSV
2631,MOGUL DIENTES 6X500G,7276.925722,1523,6,UNIDAD,unidad,Golosinas,Golosinas,Caramelos,Goma,dientes de goma,0.85,0.0,"Caramelos MOGUL Dientes, presentación de 6 bolsas de 500 g.",https://cvlbietibaaehgeimxgw.supabase.co/storage/v1/object/public/products-demo_jorge/2631.jpg,true,true,Importación CSV
15222,MOGUL EUCALIPTUS 46X80G,1505.542984,317,46,UNIDAD,unidad,Golosinas,Golosinas,Gomitas,Eucaliptus,gomitas de eucaliptus,0.85,0.0,"Gomitas de eucaliptus, marca Mogul, formato de 46 bolsas de 80 g.",https://arcorencasa.com/wp-content/uploads/2025/05/20250514-15222-300x300.webp,true,true,Importación CSV
13191,POSTRE GODET CHOCOLATE 6X8X60G,952.287424,152,48,UNIDAD,unidad,Alimentos y Almacén,Golosinas,Postres,Chocolate,postre de chocolate,0.15,0.0,"Postre Godet de Chocolate, presentación de 6 cajas de 8 unidades de 60 g.",https://arcorencasa.com/wp-content/uploads/2024/10/20241008-13191-300x300.webp,true,true,Importación CSV
1009,ROCKLETS CHICO 12X24X20G,18311.648498,129,12,DISPLAY,display,Helados,Golosinas,Confites,Chocolate,rocklets,0.15,0.0,"Confites de chocolate, marca Cofler, formato chico de 20 g.",https://arcorencasa.com/wp-content/uploads/2024/10/20241008-1009-300x300.webp,true,true,Importación CSV
13784,MANA AGRUPADA VAINILLA POR 3 12X408G,2685.92654,2402,12,DISPLAY,display,Galletas y Snacks,Golosinas,Galletas,Vainilla,galletas mana,0.15,0.0,"MANA Agrupada Vainilla, presentación de 12 displays de 3 paquetes de 408 g.",https://arcorencasa.com/wp-content/uploads/2025/12/20251215-13784-300x300.webp,true,true,Importación CSV
8794,AGUILA CHOCOLITOS SEMI AMARGO 24X150G,5732.409243,397,24,UNIDAD,unidad,Helados,Golosinas,Chocolates,Semi Amargo,chocolitos semi amargo,0.85,0.0,"Águila Chocolitos Semi Amargo, presentación de 24 bolsas de 150 g.",https://arcorencasa.com/wp-content/uploads/2024/10/20241008-8794-300x300.webp,true,true,Importación CSV
15064,CARAMELO MOGUL MASTI MULTIFRUTA 70G,1646.3730689999998,86,40,UNIDAD,unidad,Golosinas,Golosinas,Caramelos,Multifruta,caramelo multifruta,0.85,0.0,"Caramelo Mogul Masti Multifruta, presentación de 70 g.",https://arcorencasa.com/wp-content/uploads/2025/11/20251118-15064-300x300.webp,true,true,Importación CSV
14231,HELADO PALITO MOGUL SURTIDO 46X51G,50361.092375,114,1,BULTO,unidad,Golosinas,Golosinas,Helados,Surtido,helado palito surtido,0.85,0.0,"Helado Palito Mogul Surtido, presentación de 46 palitos de 51 g.",https://arcorencasa.com/wp-content/uploads/2024/10/20241010-14231-300x300.webp,true,true,Importación CSV
15169,MOGUL OSO EXTREME 46X80G,1505.542984,64,46,UNIDAD,unidad,Golosinas,Golosinas,Gomitas,Ácidas,gomitas en forma de oso,0.85,0.0,"Gomitas ácidas sabor frutales en forma de oso, marca Mogul, 80 g.",https://arcorencasa.com/wp-content/uploads/2025/05/20250514-15169-300x300.webp,true,true,Importación CSV
15248,PAN DULCE BAGLEY ARANDANOS Y CHIPS 12X400G,10373.831666,7,12,UNIDAD,unidad,Galletas y Snacks,Golosinas,Pan Dulce,Arándanos y Chips,pan dulce bagley,0.85,0.0,"Pan Dulce Bagley Arándanos y Chips, presentación de 12 unidades de 400 g.",https://cvlbietibaaehgeimxgw.supabase.co/storage/v1/object/public/products-demo_jorge/15248.webp,true,true,Importación CSV
15153,VASO AGUILA ANIVERSARIO ROSA 12X5X14G,9708.821353,397,12,DISPLAY,display,Helados,Golosinas,Vasos,,vaso submarino rosa,0.85,0.0,Vaso submarino rosa con cinco barras de chocolate marca Águila.,https://arcorencasa.com/wp-content/uploads/2025/09/20250922-15153-1-300x300.webp,true,true,Importación CSV
15286,HELADO ALFAJOR CREAMY 16X62G,37241.516124999995,30,1,BULTO,unidad,Golosinas,Golosinas,Helados,Alfajor,helado alfajor creamy,0.15,0.0,"Helado Alfajor Creamy, presentación de 16 unidades de 62 g.",https://arcorencasa.com/wp-content/uploads/2026/02/20260206-15286-1-300x300.webp,true,true,Importación CSV
12693,MERMELADA ARCOR SIN AZCUCAR NARANJA 12X390G,4172.082783,52,12,UNIDAD,unidad,Helados,Almacén,Mermeladas,Sin Azúcar Naranja,mermelada sin azúcar de naranja,0.85,0.0,"Mermelada Arcor Sin Azúcar de Naranja, presentación de 12 frascos de 390 g.",https://arcorencasa.com/wp-content/uploads/2024/10/20241008-12693-300x300.webp,true,true,Importación CSV
14502,GALLETA CEREAL MIX AVENA CHOCOLATE 25X207G,1918.518404,754,25,UNIDAD,unidad,Golosinas,Golosinas,Galletas,Avena Chocolate,galleta cereal mix avena chocolate,0.15,0.0,"Galleta Cereal Mix Avena Chocolate, presentación de 25 unidades de 207 g.",https://arcorencasa.com/wp-content/uploads/2024/10/20241028-14502-300x300.webp,true,true,Importación CSV
14403,KESITAS BOLSA 15X250G,2629.969001,39,15,UNIDAD,unidad,Snacks Salados,Golosinas,Galletas,Saladas,kesitas,0.15,0.0,"Galletitas saladas sabor original, marca Kesitas, bolsa de 250 g.",https://arcorencasa.com/wp-content/uploads/2024/10/20241009-14403-300x300.webp,true,true,Importación CSV
13449,SALSA ARCOR PORTUGUESA 24X340G,1136.644839,1008,24,UNIDAD,unidad,Helados,Almacén,Salsas,Portuguesa,salsa arcor portuguesa,0.85,0.0,"Salsa Arcor Portuguesa, presentación de 24 frascos de 340 g.",https://arcorencasa.com/wp-content/uploads/2024/10/20241008-13449-300x300.webp,true,true,Importación CSV
15116,CHUPETIN MR POPS EXPLOSIVE SANDIA 10X4 X5X10G,3083.8927569999996,324,40,DISPLAY,display,Golosinas,Golosinas,Chupetines,Sandía,chupetín mr pops,0.15,0.0,"Chupetín Mr. Pops Explosive Sandía, presentación de 10x4 con 5 bolsas de 10 g.",https://arcorencasa.com/wp-content/uploads/2025/09/20250922-15116-300x300.webp,true,true,Importación CSV
15250,HELADO BARRITA AGUILA DULCE DE LECHE 8X6X34G,11203.733035,68,8,DISPLAY,display,Helados,Golosinas,Helados,Dulce de Leche,helado barrita dulce de leche,0.85,0.0,"Helado Barrita Águila Dulce de Leche, presentación de 8 cajas de 6 unidades de 34 g.",https://arcorencasa.com/wp-content/uploads/2026/01/20251117-15250-300x300.webp,true,true,Importación CSV
11905,BONOBON BLANCO 12X30X15G,14676.95878,214,12,DISPLAY,display,Helados,Golosinas,Bombones,Chocolate Blanco,bonobon blanco,0.85,0.0,"Bombón de chocolate blanco con mantequilla de maní, marca Arcor, 15 g.",https://arcorencasa.com/wp-content/uploads/2024/10/20241008-11905-300x300.webp,true,true,Importación CSV
13946,HELADO GELATO BC LIMON 6X300G,5525.631858999999,397,6,UNIDAD,unidad,Helados,Golosinas,Helados,Limón,helado gelato limón,0.85,0.0,"Helado Gelato BC Limón, presentación de 6 envases de 300 g.",https://cvlbietibaaehgeimxgw.supabase.co/storage/v1/object/public/products-demo_jorge/13946.jpg,true,true,Importación CSV
13187,CACAO ARCOA 32X180G,1746.645648,1265,32,UNIDAD,unidad,Alimentos y Almacén,Almacén,Cacao,,cacao arcoa,0.15,0.0,"Cacao Arcoa, presentación de 32 unidades de 180 g.",https://arcorencasa.com/wp-content/uploads/2024/10/20231008-13187-300x300.webp,true,true,Importación CSV
14872,MOGUL BOMBON DE FRUTA 24X80G,1954.6796169999998,79,24,UNIDAD,unidad,Golosinas,Golosinas,Bombones,Fruta,bombón de fruta,0.85,0.0,"Bombón de fruta sabor tropical, marca Mogul, presentado en bolsa de 80 gramos.",https://arcorencasa.com/wp-content/uploads/2025/07/20250723-14872-300x300.webp,true,true,Importación CSV
15126,MOGUL PALOTES EXTREME  SURTIDO LIMON Y SANDIA 48X80G,1424.2503439999998,50,48,UNIDAD,unidad,Golosinas,Golosinas,Palotes,Limón y Sandía,palotes extreme,0.85,0.0,"MOGUL Palotes Extreme sabor limón y sandía, presentación de 48 unidades de 80 g.",https://arcorencasa.com/wp-content/uploads/2025/11/20251118-15126-300x300.webp,true,true,Importación CSV
11554,MENTHO PLUS CAFE LATTE 12x12x28G,9227.709381,152,12,DISPLAY,display,Golosinas,Golosinas,Snacks,Café Latte,mentho plus café latte,0.15,0.0,"MENTHO PLUS Café Latte, presentación de 12 displays con 12 unidades de 28 g.",https://cvlbietibaaehgeimxgw.supabase.co/storage/v1/object/public/products-demo_jorge/11554.png,true,true,Importación CSV
14728,MENTHO PLUS COMPRIMIDOS MIX BERRIES 10X6X25G,10470.930294000002,152,10,DISPLAY,display,Golosinas,Golosinas,Comprimidos,Mix Berries,mentho plus comprimidos,0.15,0.0,"MENTHO PLUS Comprimidos Mix Berries, presentación de 10 displays de 6 comprimidos de 25 g.",https://arcorencasa.com/wp-content/uploads/2024/10/20241028-14728-300x300.webp,true,true,Importación CSV
13661,CONDIMENTO OREGANO 24X48G,2150.585393,152,24,UNIDAD,unidad,Helados,Almacén,Condimentos,Orégano,orégano,0.15,0.0,"Condimento Orégano, presentación de 24 frascos de 48 g.",https://arcorencasa.com/wp-content/uploads/2024/10/20241008-13661-300x300.webp,true,true,Importación CSV
15295,BUDIN AGUILA RELLENO CHOCOLATE 6X250G,4420.666998,397,6,UNIDAD,unidad,Helados,Golosinas,Budines,Relleno Chocolate,budín águile,0.85,0.0,"Budín Águila Relleno Chocolate, presentación de 6 unidades de 250 g.",https://cvlbietibaaehgeimxgw.supabase.co/storage/v1/object/public/products-demo_jorge/15295.jpg,true,true,Importación CSV
14093,GALLETA CEREAL MIX FRUTILLA 36X150G,1358.9505159999999,152,36,UNIDAD,unidad,Golosinas,Golosinas,Galletas,Frutilla,galleta cereal mix frutilla,0.15,0.0,"Galleta Cereal Mix Frutilla, presentación de 36 paquetes de 150 g.",https://arcorencasa.com/wp-content/uploads/2024/10/20241009-14093-300x300.webp,true,true,Importación CSV
9537,ALFAJOR TOFI TRIPLE BLANCO 21X73 G,1402.116782,932,21,UNIDAD,unidad,Golosinas,Golosinas,Alfajores,Triple Blanco,alfajor tofi,0.15,0.0,"Alfajor Tofi Triple Blanco, presentación de 21 unidades de 73 g.",https://arcorencasa.com/wp-content/uploads/2024/10/20241008-9537-300x300.webp,true,true,Importación CSV
11913,BONOBON LECHE 12X30X15G,14676.95878,654,12,DISPLAY,display,Helados,Golosinas,Bombones,Leche,bonobon leche | bon o bon negro,0.85,1.0,"Bombón de chocolate con leche, presentación de 12 cajas, cada una con 30 unidades de 15 g.",https://arcorencasa.com/wp-content/uploads/2024/10/20241008-11913-300x300.webp,true,true,Importación CSV
12334,TOPLINE SEVEN MENTHOL 36X16X14G,11427.747837,152,36,DISPLAY,display,Golosinas,Golosinas,Chicles,Mentol,chicle sin azúcar mentol,0.15,0.0,"Chicle sin azúcar sabor mentol, marca Topline, presentación de 16 unidades de 14 g.",https://arcorencasa.com/wp-content/uploads/2024/10/20241010-12334-300x300.webp,true,true,Importación CSV
10174,REX BOLSA 32X75G,1123.703526,1683,32,UNIDAD,unidad,Galletas y Snacks,Golosinas,Snacks,,rex bolsa,0.15,0.0,"REX Bolsa, presentación de 32 bolsas de 75 g.",https://arcorencasa.com/wp-content/uploads/2024/10/20241009-10174-300x300.webp,true,true,Importación CSV
14885,CHOCOLINAS BLANCO 40X170G,1558.796536,43,40,UNIDAD,unidad,Galletas y Snacks,Golosinas,Galletas,Blanco,chocolinas blanco,0.15,0.0,"Chocolinas Blanco, presentación de 40 cajas de 170 g.",https://arcorencasa.com/wp-content/uploads/2025/03/20250325-14885-300x300.webp,true,true,Importación CSV
13886,PURE TOMATE LC 12x530G,1185.777857,894,12,UNIDAD,unidad,Alimentos y Almacén,Almacén,Tomate,Pure,pure tomate,0.15,0.0,"PURE TOMATE LC, presentación de 12 frascos de 530 g.",https://arcorencasa.com/wp-content/uploads/2026/02/20260206-13886-1-300x300.webp,true,true,Importación CSV
14184,MOGUL JELLY BEANS 12X10X50G,9174.565939,713,12,DISPLAY,display,Golosinas,Golosinas,Gomitas,Frutales,jelly beans,0.85,0.0,"Gomitas frutales sabor variados, marca Mogul, formato 10 x 50 g.",https://arcorencasa.com/wp-content/uploads/2024/10/20241010-14184-300x300.webp,true,true,Importación CSV
6072,CELOFAN LECHE 12x30X25G,1040.3289599999998,1757,360,UNIDAD,unidad,Helados,Golosinas,Snacks,Leche,celofan leche | chocolate negro,0.15,1.0,"CELOFAN LECHE, presentación de 12 bolsas de 30 unidades de 25 g.",https://arcorencasa.com/wp-content/uploads/2024/10/20241008-6072-300x300.webp,true,true,Importación CSV
13151,MERMELADA BC DURAZNO 12X390 G,3513.5600059999997,143,12,UNIDAD,unidad,Helados,Almacén,Mermeladas,Durazno,mermelada de durazno | dulce de durazno,0.85,0.0,"Mermelada de durazno, marca BC, presentación de 12 frascos de 390 g.",https://arcorencasa.com/wp-content/uploads/2024/10/20241008-13151-300x300.webp,true,true,Importación CSV
11283,COFLER BLOCK 8X12X110G,4161.06295,2494,96,UNIDAD,unidad,Helados,Almacén,Chocolates,Block,chocolate block | cofre de chocolate,0.85,0.0,"Chocolate en formato block, marca Cofler, presentación de 8 cajas con 12 unidades de 110 g.",https://arcorencasa.com/wp-content/uploads/2024/10/20241008-11283-300x300.webp,true,true,Importación CSV
12901,AGUILA TAZA FAMILIAR 4X15X150G,6876.997731999999,397,60,UNIDAD,unidad,Helados,Almacén,Café,Taza Familiar,café en sachet | café en bolsa,0.85,0.0,"Café en sachets, marca Águila, presentación de 4 paquetes de 15 sachets de 150 g.",https://arcorencasa.com/wp-content/uploads/2024/10/20241008-12901-300x300.webp,true,true,Importación CSV
4230,ROCKLETS MANI CON CHOCOLATE 24X120G,4431.158182,152,24,UNIDAD,unidad,Helados,Almacén,Snacks,Rocklets,rocklets de maní | rocklets con chocolate,0.15,0.0,"Snacks de maní cubiertos de chocolate, marca Rocklets, presentación de 24 unidades de 120 g.",https://cvlbietibaaehgeimxgw.supabase.co/storage/v1/object/public/products-demo_jorge/4230.jpg,true,true,Importación CSV
12385,CHUPUTIN EXTREME DUO 12x24x18G,5528.8292839999995,72,12,DISPLAY,display,Helados,Almacén,Chupetines,Ácidos,chupetín ácido | chupetín frutilla y limón,0.15,0.0,"Chupetín ácido sabor frutilla y limón, marca Mister Pops, formato de 18 g.",https://arcorencasa.com/wp-content/uploads/2024/10/20241010-12385-300x300.webp,true,true,Importación CSV
14432,JUGO POLVO ARCOR NARANJA DURAZNO 12X18X15G,5796.884214,53,12,DISPLAY,display,Helados,Almacén,Jugos en Polvo,Naranja y Durazno,jugo en polvo de naranja | jugo en polvo de durazno,0.85,0.0,"Jugo en polvo, marca Arcor, presentación de 12 displays con 18 sobres de 15 g.",https://arcorencasa.com/wp-content/uploads/2024/10/20241028-14432-300x300.webp,true,true,Importación CSV
10057,MENTHO PLUS SIN AZUCAR STRONG 12x12x26.6G,9227.709381,88,12,DISPLAY,display,Golosinas,Almacén,Chicles,Sin Azúcar,chicle sin azúcar | menthol plus,0.15,0.0,"Chicle sin azúcar, marca Mentho Plus, presentación de 12 displays con 12 unidades de 26.6 g.",https://arcorencasa.com/wp-content/uploads/2024/10/20240611-10057-300x300.webp,true,true,Importación CSV
15207,ROCKLETS EXTREME 12X24X20G,16644.155725999997,152,12,DISPLAY,display,Helados,Almacén,Confites,Ácidos,confites ácidos | rocklets extreme,0.15,0.0,"Confites rellenos sabor ácido, marca Arcor, presentación de 24 unidades de 20 g.",https://arcorencasa.com/wp-content/uploads/2025/07/20250723-15207-300x300.webp,true,true,Importación CSV
13315,SALSA ARCOR PIZZA 24X340G,1136.644839,7364,24,UNIDAD,unidad,Helados,Almacén,Salsas,Pizza,salsa para pizza | salsa de tomate,0.85,0.0,"Salsa para pizza, marca Arcor, presentación de 24 frascos de 340 g.",https://arcorencasa.com/wp-content/uploads/2024/10/20241008-13315-300x300.webp,true,true,Importación CSV
15404,TOPLINE SEVEN  TITTI FRUTTI 20X16X14G,13415.354336999999,412,20,DISPLAY,display,Golosinas,Almacén,Galletas,Titti Frutti,galletas frutales | galletas de frutas,0.15,0.0,"Galletas sabor frutilla, marca Topline Seven, presentación de 20 cajas con 16 galletas de 14 g.",https://arcorencasa.com/wp-content/uploads/2026/02/20260206-15404-1-300x300.webp,true,true,Importación CSV
13664,CONDIMENTO PARA ARROZ 4X10X23G,1058.9414219999999,3,40,UNIDAD,unidad,Helados,Almacén,Condimentos,Para Arroz,condimento para arroz | sazonador para arroz,0.15,0.0,"Condimento para arroz, presentación de 4 cajas de 10 sobres de 23 g.",https://arcorencasa.com/wp-content/uploads/2024/10/20241008-13664-300x300.webp,true,true,Importación CSV
13450,SALSA ARCOR ITALIANA 24X340G,1136.644839,579,24,UNIDAD,unidad,Helados,Almacén,Salsas,Italiana,salsa italiana | salsa para pastas,0.85,0.0,"Salsa italiana, marca Arcor, presentación de 24 frascos de 340 g.",https://arcorencasa.com/wp-content/uploads/2026/01/20230718-13450-300x300.webp,true,true,Importación CSV
15143,OBLEA COFLER BLOCK MAX 8X16X60G,1386.874291,343,128,UNIDAD,unidad,Helados,Almacén,Obleas,Cofler Block Max,oblea grande | oblea crujiente,0.85,0.0,"Oblea, marca Cofler Block Max, presentación de 8 unidades de 60 g.",https://arcorencasa.com/wp-content/uploads/2025/07/20250627-15143-300x300.webp,true,true,Importación CSV
11887,BUTTER TOFFEES DULCE DE LECHE CON CARAMELO 6X822G,11504.997383,87,6,DISPLAY,display,Caramelos,Almacén,Dulces,Dulce de Leche,toffees de dulce de leche | caramelos de dulce de leche,0.85,0.0,"Dulces de leche con caramelo, presentación de 6 bolsas de 822 g.",https://arcorencasa.com/wp-content/uploads/2024/10/20241010-11887-300x300.webp,true,true,Importación CSV
14375,"GALLETAS COFLER BAÑADAS CHOCOLATE 16X105,6G",2717.901274,2768,16,DISPLAY,display,Helados,Almacén,Galletas,Bañadas en Chocolate,galletas bañadas | galletas de chocolate,0.85,0.0,"Galletas bañadas en chocolate, marca Cofler, presentación de 16 paquetes de 105.6 g.",https://arcorencasa.com/wp-content/uploads/2024/10/20241009-14375-300x300.webp,true,true,Importación CSV
15001,ALFAJOR CHOCO CREAMY 21X60G,1261.904765,152,21,UNIDAD,unidad,Golosinas,Almacén,Alfajores,Choco Creamy,alfajor de chocolate | alfajor cremoso,0.15,0.0,"Alfajor, marca Choco Creamy, presentación de 21 unidades de 60 g.",https://arcorencasa.com/wp-content/uploads/2025/02/20250214-15001-300x300.webp,true,true,Importación CSV
14440,JUGO POLVO ARCOR 3 FRUTAS 12X18X15G,5796.884214,27,12,DISPLAY,display,Helados,Almacén,Jugos en Polvo,3 Frutas,jugo en polvo de 3 frutas | jugo en polvo,0.85,0.0,"Jugo en polvo, marca Arcor, presentación de 12 paquetes de 18 unidades de 15 g.",https://arcorencasa.com/wp-content/uploads/2024/10/20241028-14440-300x300.webp,true,true,Importación CSV
11860,CARAMELO SURTIDO CRISTAL 6X810G,12752.315719,47,6,DISPLAY,display,Helados,Almacén,Caramelos,Surtido,caramelos surtidos | caramelos cristal,0.15,0.0,"Caramelos surtidos, presentación de 6 bolsas de 810 g.",https://cvlbietibaaehgeimxgw.supabase.co/storage/v1/object/public/products-demo_jorge/11860.png,true,true,Importación CSV
10129,MENTHO PLUS CHERRY 12X12X29.4G,6708.347811,310,12,DISPLAY,display,Golosinas,Almacén,Chicles,Cherry,chicle de cereza | menthol plus cherry,0.15,1.0,"Chicle sabor cereza, marca Mentho Plus, presentación de 12 displays con 12 unidades de 29.4 g.",https://arcorencasa.com/wp-content/uploads/2024/10/20241010-10129-300x300.webp,true,true,Importación CSV
2170,MENTHO PLUS ACIDOS BLACK CHERRY 12X12X27.2G,9227.709381,104,12,DISPLAY,display,Golosinas,Almacén,Chicles,Ácidos,chicle ácido de cereza negra | menthol plus ácidos,0.15,0.0,"Chicle ácido sabor cereza negra, marca Mentho Plus, presentación de 12 displays con 12 unidades de 27.2 g.",https://cvlbietibaaehgeimxgw.supabase.co/storage/v1/object/public/products-demo_jorge/2170.webp,true,true,Importación CSV
13800,RAPTOR WHEY PROTEIN CHOCO 2X1008G,60600.767953,152,2,UNIDAD,unidad,Golosinas,Almacén,Suplementos,Proteínas,proteína en polvo | suplemento de proteínas,0.15,0.0,"Suplemento de proteínas, marca Raptor, presentación de 2 paquetes de 1008 g.",https://cvlbietibaaehgeimxgw.supabase.co/storage/v1/object/public/products-demo_jorge/13800.webp,true,true,Importación CSV
12921,AIREADO COFLER RELLENO BONOBON 8X20X30G,1803.3076489999999,487,160,UNIDAD,unidad,Helados,Almacén,Dulces,Bonobon,dulce de chocolate | aireado bonobon,0.85,0.0,"Dulce aireado relleno de chocolate, marca Cofler, presentación de 8 bolsas de 20 g.",https://arcorencasa.com/wp-content/uploads/2024/10/20241008-12921-300x300.webp,true,true,Importación CSV
1002,CEREAL MIX PASION CHOCOLATE 6x20x26G,841.269803,455,120,UNIDAD,unidad,Golosinas,Almacén,Snacks,Cereal Mix,barra de chocolate | cereal de chocolate,0.15,1.0,"Cereal mix sabor chocolate, presentación de 6 cajas de 20 unidades de 26 g.",https://arcorencasa.com/wp-content/uploads/2025/08/20250805-1002-300x300.webp,true,true,Importación CSV
13751,MOGUL DIENTES 12X10X50G,9174.565939,470,12,DISPLAY,display,Golosinas,Almacén,Snacks,Mogul Dientes,snack mogul | gusanitos,0.85,0.0,"Snack de gusanitos, marca Mogul, presentación de 12 displays de 10 unidades de 50 g.",https://arcorencasa.com/wp-content/uploads/2024/10/20241010-13751-300x300.webp,true,true,Importación CSV
15065,MOGUL MASTI CONFITADOS EXTREME 12X16X30G,14609.828947999998,33,12,DISPLAY,display,Golosinas,Almacén,Confites,Masti,confites masti | caramelos masticables,0.85,0.0,"Confites masticables, marca Mogul, presentación de 12 displays de 16 unidades de 30 g.",https://arcorencasa.com/wp-content/uploads/2025/11/20251118-15065-300x300.webp,true,true,Importación CSV
14392,TRAVIATA CON REX POR 3 12X3X96G,2158.333507,201,12,DISPLAY,display,Galletas y Snacks,Almacén,Snacks,Traviata,snack traviata | galletas traviata,0.15,0.0,"Snack Traviata, presentación de 12 displays de 48 unidades.",https://arcorencasa.com/wp-content/uploads/2024/10/20241009-14392-300x300.webp,true,true,Importación CSV
15211,BUTTER TOFFEES SURTIDO 48X80G,1385.481702,397,48,DISPLAY,display,Caramelos,Almacén,Dulces,Toffees,toffees surtidos | caramelos surtidos,0.85,0.0,"Dulces toffees surtidos, presentación de 48 unidades de 80 g.",https://arcorencasa.com/wp-content/uploads/2025/07/20250723-15211-300x300.webp,true,true,Importación CSV
13748,MOGUL EXTREME ROCKS 12X10X45G,8416.970419,397,12,DISPLAY,display,Golosinas,Almacén,Snacks,Mogul Extreme,gusanitos sabor arándano | mogul extreme,0.85,0.0,"Gusanitos sabor arándano, marca Mogul Extreme, presentación de 12 displays de 10 unidades de 45 g.",https://arcorencasa.com/wp-content/uploads/2024/10/20241010-13748-300x300.webp,true,true,Importación CSV
13340,OBLEA COFLER BLOCK XL 8X16X45G,1141.717764,397,128,UNIDAD,unidad,Helados,Palitos/Postres,COFLER,,,0.85,0.0,"¡Descubre el irresistible sabor de la Oblea Cofler Block XL! Un delicioso snack que combina la suavidad de la oblea con el inconfundible chocolate, ideal para cualquier momento del día. Presentada en un formato de 8 unidades de 45g cada una, este producto es perfecto para tu kiosco. Su atractivo precio y su popularidad garantizan una alta rotación y compras por impulso, asegurando un excelente margen de ganancia. ¡Haz que tus clientes disfruten y tú también ganes!",https://cvlbietibaaehgeimxgw.supabase.co/storage/v1/object/public/products-demo_jorge/13340.jpg,true,true,Importación CSV
12631,POLENTA PRESTOPRONTA ESPINACA Y CREMA 42X250G,1382.191591,195,42,UNIDAD,unidad,Alimentos y Almacén,Almacén,Polenta y Similares,PRESTOPRONTA,,0.15,0.0,"Descubre la deliciosa Polenta Prestopronta Espinaca y Crema, un producto que combina sabor y comodidad en cada bocado. Presentada en un práctico formato de 42 unidades de 250g, es ideal para satisfacer los antojos de tus clientes. Este producto no solo es perfecto para una comida rápida, sino que también se destaca por su alta rotación, gracias a su atractivo en el mercado de comidas listas. Aumenta tus ventas con un artículo que invita a la compra por impulso y ofrece un excelente margen de ganancia. ¡No te lo pierdas!",https://arcorencasa.com/wp-content/uploads/2024/10/20241008-12631-300x300.webp,true,true,Importación CSV
14185,MOGUL JELLY BEANS 6X500G,7276.925722,433,6,UNIDAD,unidad,Golosinas,Gomitas,Gomitas y Gelatinas,MOGUL,,0.85,0.0,"¡Descubre los irresistibles MOGUL JELLY BEANS! Con su explosión de sabores frutales y colores vibrantes, son el dulce perfecto para cautivar a tus clientes. Este paquete incluye 6 displays de 500g, ideal para exhibir en tu kiosco o almacén. Su atractivo formato promueve la compra por impulso, garantizando una rápida rotación. Además, con un excelente margen de ganancia, atraerás a un público diverso que busca un snack divertido y delicioso. ¡Haz que tus ventas se disparen con MOGUL JELLY BEANS!",https://arcorencasa.com/wp-content/uploads/2025/03/20250325-14185-300x300.webp,true,true,Importación CSV
5012,BATATA VAINILLA CAJON X5KG,15697.440593999998,68,1,UNIDAD,unidad,Helados,Palitos/Postres,ARCOR,,batata,0.15,1.0,"Descubre la deliciosa Batata Vainilla, un producto que encantará a tus clientes con su sabor dulce y su versatilidad en la cocina. Presentada en un práctico cajón de 5 kg, ideal para mantener tu negocio siempre abastecido. Este producto es perfecto para preparar guarniciones, postres o snacks saludables, lo que garantiza una alta rotación en tu tienda. Con su atractivo precio y calidad premium, atraerás a un público amplio que busca opciones frescas y nutritivas. ¡No dejes pasar esta oportunidad!",https://cvlbietibaaehgeimxgw.supabase.co/storage/v1/object/public/products-demo_jorge/5012.jpg,true,true,Importación CSV
13219,MERMELADA ARCOR NARANJA 12X454G,2823.446428,183,12,UNIDAD,unidad,Helados,Palitos/Postres,ARCOR,,,0.85,0.0,"Descubre la deliciosa Mermelada Arcor Naranja, el complemento perfecto para tus desayunos y meriendas. Su sabor auténtico y textura suave la convierten en la elección ideal para aquellos que buscan calidad. Este formato incluye 12 frascos de 454g, perfectos para exhibir en tu tienda. Su atractivo packaging y la popularidad de la marca garantizan una compra por impulso, aumentando tu margen de ganancia. ¡No dejes pasar la oportunidad de deleitar a tus clientes y optimizar tu rotación!",https://arcorencasa.com/wp-content/uploads/2024/10/20241008-13219-300x300.webp,true,true,Importación CSV
10918,TOPLINE SEVEN SANDIA 36x16x14.7G,11427.747837,152,36,DISPLAY,display,Golosinas,Chicles y Pastillas,Chicles para Aliento/Diversión,TOPLINE,,0.15,0.0,"Chicle sabor sandía marca Topline Seven, presentación de 16 unidades.",https://arcorencasa.com/wp-content/uploads/2024/10/20241010-10918-300x300.webp,true,true,Importación CSV
14799,MOGUL OSO EXTREME 6X500G,7276.925722,508,6,UNIDAD,unidad,Golosinas,Gomitas,Gomitas y Gelatinas,MOGUL,,0.85,0.0,"¡Descubre la explosión de sabor en cada bocado con MOGUL OSO EXTREME! Este delicioso producto de 500g, presentado en cajas de 6 unidades, es la opción perfecta para atraer a los amantes de los dulces en tu kiosco. Su irresistible combinación de sabores y su icónica imagen de oso lo convierten en un imán de compras por impulso. Con un excelente margen de ganancia, MOGUL OSO EXTREME garantiza una rápida rotación en el mostrador, ¡no dejes pasar esta oportunidad de aumentar tus ventas!",https://arcorencasa.com/wp-content/uploads/2024/10/20241028-14799-300x300.webp,true,true,Importación CSV
13987,MEDALLON  AGUILA DOS SABORES 20X12X14G,11214.76521,1,20,DISPLAY,display,Helados,Palitos/Postres,AGUILA,,,0.85,0.0,"Descubre el irresistible Medallón Águila, una delicia en dos sabores que conquistará a tus clientes. Presentado en un práctico formato de 20 cajas con 12 medallones de 14g cada una, es perfecto para el consumo diario. Su atractivo sabor y versatilidad lo convierten en un snack ideal para cualquier ocasión. Al tenerlo en tu mostrador, impulsas las compras por impulso y aseguras un excelente margen de ganancia. ¡No dejes pasar la oportunidad de aumentar tu rotación y satisfacción del cliente!",https://cvlbietibaaehgeimxgw.supabase.co/storage/v1/object/public/products-demo_jorge/13987.jpg,true,true,Importación CSV
11658,ROCKLETS MINI BOLSA 32X150G,5259.139281,152,32,UNIDAD,unidad,Helados,Palitos/Postres,ROCKLETS,,,0.15,0.0,"¡Descubre el sabor explosivo de ROCKLETS MINI! Estas irresistibles bolitas de chocolate, con su crujiente cobertura y suave interior, son perfectas para deleitar a tus clientes en cualquier momento del día. Presentadas en una práctica bolsa de 32 unidades de 150g cada una, son ideales para exhibir en tu kiosco o almacén. Con un alto margen de ganancia y un atractivo irresistible para el público joven y adulto, ¡ROCKLETS MINI garantizan una rotación continua y compras por impulso en tu mostrador!",https://arcorencasa.com/wp-content/uploads/2024/10/20241008-11658-300x300.webp,true,true,Importación CSV
15112,MOGUL MASTI EXTREME ROLL TUTTI FRUTTI 13G,6397.131334,397,24,DISPLAY,display,Golosinas,Gomitas,Gomitas y Gelatinas,MOGUL,,0.85,0.0,"Caramelos masticables sabor tutti frutti, marca Mogul, formato roll de 13 g.",https://cvlbietibaaehgeimxgw.supabase.co/storage/v1/object/public/products-demo_jorge/15112.webp,true,true,Importación CSV
13364,CEREAL MIX FRUTILLA CHOCOLATE 6x20x26G,841.269803,1176,120,UNIDAD,unidad,Golosinas,Almacén,Cereal Mix,Frutilla y Chocolate,cereal mix frutilla | cereal de frutilla,0.15,0.0,"Cereal mix sabor frutilla y chocolate, presentación de 6 cajas de 20 unidades de 26 g.",https://arcorencasa.com/wp-content/uploads/2025/08/20250805-13364-300x300.webp,true,true,Importación CSV
13253,JARDINERA ARCOR 24x300G,1077.064197,397,24,UNIDAD,unidad,Helados,Almacén,Verduras,Jardinera,jardinera de verduras | mezcla de verduras,0.85,0.0,"Jardinera de verduras, marca Arcor, presentación de 24 paquetes de 300 g.",https://cvlbietibaaehgeimxgw.supabase.co/storage/v1/object/public/products-demo_jorge/13253.jpg,true,true,Importación CSV
11906,BONOBON BLANCO 16X18X15G,8891.679918,286,16,DISPLAY,display,Helados,Chocolates,Bombones,Chocolate Blanco,bombón blanco | bombón de chocolate blanco,0.85,0.0,"Bombón de chocolate blanco con mantequilla de maní, marca Arcor, presentación de 15 g.",https://arcorencasa.com/wp-content/uploads/2024/10/20241008-11906-300x300.webp,true,true,Importación CSV
14777,SALADIX EXTRA PICANTE ESTUCHE 4X6X100G,1279.0122290000002,152,24,UNIDAD,unidad,Galletas y Snacks,Snacks,Salados,Picantes,snack picante | saladix picante,0.15,0.0,"Snack salado picante, marca Saladix, presentación de 4 paquetes de 6 unidades de 100 g.",https://arcorencasa.com/wp-content/uploads/2025/02/20250424-14777-1-300x300.webp,true,true,Importación CSV
14551,FLAN GODET VAINILLA 6X8X25G,634.8174250000001,92,48,UNIDAD,unidad,Alimentos y Almacén,Postres,Flanes,Vainilla,flan vainilla | flan godet,0.15,0.0,"Flan de vainilla, marca Godet, presentación de 6 displays de 8 unidades de 25 g.",https://arcorencasa.com/wp-content/uploads/2024/10/20241028-14551-300x300.webp,true,true,Importación CSV
14248,CEREALES FORMIS TORTUGA CHOCOLATE 30X145G,1838.580359,10,30,DISPLAY,display,Helados,Cereales,Cereales de Chocolate,Tortuga,cereales tortuga | cereales de chocolate,0.15,0.0,"Cereales de chocolate en forma de tortuga, marca Formis, presentación de 30 cajas de 145 g.",https://arcorencasa.com/wp-content/uploads/2024/10/20241008-14248-300x300.webp,true,true,Importación CSV
12725,PAN DULCE ARCOR VENECIANO 12X400G,6310.747377,397,12,UNIDAD,unidad,Helados,Panadería,Pan Dulce,Veneciano,pan dulce veneciano | pan dulce arcor,0.85,0.0,"Pan dulce veneciano, marca Arcor, presentación de 12 unidades de 400 g.",https://cvlbietibaaehgeimxgw.supabase.co/storage/v1/object/public/products-demo_jorge/12725.webp,true,true,Importación CSV
1042,CARAMELO BOCADITO HOLANDA 24X50U,10480.806918999999,19,24,DISPLAY,display,Helados,Caramelos,Clásicos,,caramelo holanda | caramelo bocadito,0.15,0.0,"Caramelo Bocadito Holanda, presentación de 24 cajas con 50 unidades cada una.",https://cvlbietibaaehgeimxgw.supabase.co/storage/v1/object/public/products-demo_jorge/1042.webp,true,true,Importación CSV
15296,BUDIN COFLER CHIPS 18x215G,4420.666998,397,18,UNIDAD,unidad,Helados,Snacks,Budines,Chips,budín coflers | budín con chips,0.85,0.0,"Budín con chips, marca Cofler, presentación de 18 unidades de 215 g.",https://cvlbietibaaehgeimxgw.supabase.co/storage/v1/object/public/products-demo_jorge/15296.jpg,true,true,Importación CSV
12560,SIMPLE DEFENSAS 12X28UN,8589.339033,152,12,DISPLAY,display,Golosinas,Snacks,Salados,Saludables,snack simple defensas | simple defensas,0.15,0.0,"Snack saludable, marca Simple Defensas, presentación de 12 displays con 28 unidades cada uno.",https://arcorencasa.com/wp-content/uploads/2024/10/20210504-12560-300x300.webp,true,true,Importación CSV
14336,SURTIDO DIVERSION 21x400G,2398.1481259999996,21048,21,UNIDAD,unidad,Galletas y Snacks,Snacks,Surtidos,,surtido diversión | galletas azules,0.15,1.0,"Surtido de snacks, presentación de 21 paquetes de 400 g.",https://arcorencasa.com/wp-content/uploads/2024/10/20241009-14336-300x300.webp,true,true,Importación CSV
12697,BATATA VAINILLA LC ESTUCHE 12X500G,2549.906689,152,12,UNIDAD,unidad,Helados,Dulces,Batatas,Vainilla,batata vainilla | batata dulce,0.15,0.0,"Batata vainilla, presentación de 12 unidades de 500 g.",https://arcorencasa.com/wp-content/uploads/2024/10/20241008-12697-300x300.webp,true,true,Importación CSV
13663,CONDIMENTO PARA CARNES 4X10X23G,1058.9414219999999,152,40,UNIDAD,unidad,Helados,Condimentos,Para Carnes,,condimento para carnes,0.15,0.0,"Condimento para carnes, presentación de 4 paquetes de 10 unidades de 23 g.",https://arcorencasa.com/wp-content/uploads/2024/10/20241008-13663-300x300.webp,true,true,Importación CSV
14993,MR POPS CHUPETIN SURTIDO POR 10 24X180G,3298.474762,152,24,DISPLAY,display,Golosinas,Snacks,Chupetines,,chupetines surtidos | chupetines mr pops,0.15,0.0,"Chupetines surtidos, marca Mr. Pops, presentación de 24 cajas de 10 chupetines de 180 g.",https://arcorencasa.com/wp-content/uploads/2025/02/20250214-14993-300x300.webp,true,true,Importación CSV
15058,CHOCOLATE ARCOR LECHE MANI 8X10X80G,2913.044629,397,80,UNIDAD,unidad,Helados,Chocolates,Chocolate con Maní,,chocolate arcor leche maní | chocolate con maní,0.85,0.0,"Chocolate con maní, marca Arcor, presentación de 8 cajas de 10 unidades de 80 g.",https://arcorencasa.com/wp-content/uploads/2025/07/20250723-15058-300x300.webp,true,true,Importación CSV
13686,POSTRE BC DULCE DE LECHE 6X8X50G,1044.225281,397,48,UNIDAD,unidad,Helados,Postres,Dulce de Leche,,postre dulce de leche | postre bc,0.85,0.0,"Postre de dulce de leche, presentación de 6 packs de 8 unidades de 50 g.",https://arcorencasa.com/wp-content/uploads/2024/10/20241008-13686-300x300.webp,true,true,Importación CSV
13137,SURTIDO CHOCOLATE ARCOR 24X246G,10114.040673000001,170,24,DISPLAY,display,Helados,Chocolates,Surtidos,,surtido chocolate arcor,0.85,0.0,"Surtido de chocolate, marca Arcor, presentación de 24 paquetes de 246 g.",https://arcorencasa.com/wp-content/uploads/2024/10/20241008-13137-300x300.webp,true,true,Importación CSV
2831,TURRON MANI CON FRUTA ARCOR 3X18X120G,1654.739856,1,54,UNIDAD,unidad,Helados,Dulces,Turrones,Con Fruta,turrón de maní | turrón con fruta,0.85,0.0,"Turrón de maní con fruta, marca Arcor, presentación de 3 cajas de 18 unidades de 120 g.",https://cvlbietibaaehgeimxgw.supabase.co/storage/v1/object/public/products-demo_jorge/2831.jpg,true,true,Importación CSV
10130,MENTHO PLUS STRONG 12X12X29.4G,6708.347811,332,12,DISPLAY,display,Golosinas,Caramelos,Mentolados,,mentho plus strong | caramelo mentolado,0.15,0.0,"Caramelo mentolado, marca Mentho Plus, presentación de 12 displays de 12 unidades de 29.4 g.",https://arcorencasa.com/wp-content/uploads/2024/10/20241010-10130-300x300.webp,true,true,Importación CSV
12506,SNACK SALADIX CHEDDAR 20X95G,1759.469349,152,20,UNIDAD,unidad,Galletas y Snacks,Snacks,Salados,Cheddar,snack saladix cheddar | saladix cheddar,0.15,0.0,"Snack saladix cheddar, presentación de 20 bolsas de 95 g.",https://arcorencasa.com/wp-content/uploads/2024/10/20241009-12506-300x300.webp,true,true,Importación CSV
14751,MINI TUBITO SANDIA 24X100G,1599.078646,152,24,UNIDAD,unidad,Helados,Gomitas,Sabor Sandía,,gomitas sandía | mini tubito sandía,0.15,0.0,"Gomitas sabor sandía, marca Mogul, presentación de 100 g.",https://cvlbietibaaehgeimxgw.supabase.co/storage/v1/object/public/products-demo_jorge/14751.png,true,true,Importación CSV
14236,PASTA MOSTACHOL ARCOR 15X500G,1414.2062549999998,981,15,UNIDAD,unidad,Helados,Pasta,Mostachol,,pasta mostachol | mostachol arcor,0.85,0.0,"Pasta mostachol, marca Arcor, presentación de 15 unidades de 500 g.",https://arcorencasa.com/wp-content/uploads/2025/05/20250514-14236-300x300.webp,true,true,Importación CSV
15120,MOGUL PALOTES PICANTES SURTIDO 12X8X48G,6092.506332,397,12,DISPLAY,display,Golosinas,Snacks,Palotes,Picantes,palotes picantes | mogul palotes,0.85,0.0,"Palotes picantes surtidos, presentación de 12 displays de 8 unidades de 48 g.",https://arcorencasa.com/wp-content/uploads/2025/03/20250327-15120-300x300.webp,true,true,Importación CSV
6815,BATATA VAINILLA LATA  X5KG,20015.701662,63,1,UNIDAD,unidad,Helados,Dulces,Batatas,,batata vainilla lata | batata en lata,0.15,0.0,"Batata vainilla en lata, presentación de 5 kg.",https://arcorencasa.com/wp-content/uploads/2024/10/20241008-6815-300x300.webp,true,true,Importación CSV
4013,TURRON OBLEA ARCOR 4X50X27G,13990.548890999999,640,4,DISPLAY,display,Helados,Dulces,Turrones,Oblea,turrón oblea | turrón arcor,0.85,1.0,"Turrón oblea, marca Arcor, presentación de 4 displays de 50 unidades de 27 g.",https://arcorencasa.com/wp-content/uploads/2024/10/20241009-4013-300x300.webp,true,true,Importación CSV
11807,SIMPLE FIBRA 6X60UN,18134.04736,152,6,DISPLAY,display,Golosinas,Suplementos,Fibra,,suplemento de fibra | simple fibra,0.15,0.0,"Suplemento de fibra en pastillas de goma sabor frutos rojos, marca Simple.",https://arcorencasa.com/wp-content/uploads/2024/10/20230714-11807-300x300.webp,true,true,Importación CSV
2232,CARAMELO FIZZ EXTREME 12X48U,13410.426733,167,12,DISPLAY,display,Caramelos,Caramelos,Fizz,Extreme,caramelo fizz extreme | fizz extreme,0.15,0.0,"Caramelo Fizz Extreme, presentación de 12 displays de 48 unidades.",https://cvlbietibaaehgeimxgw.supabase.co/storage/v1/object/public/products-demo_jorge/2232.webp,true,true,Importación CSV
14192,HELADO PALITO DIENTES MOGUL 16X60G,20376.037,118,1,BULTO,unidad,Golosinas,Helados,Palitos,,helado palito dientes | helado mogul,0.85,0.0,"Helado palito dientes, marca Mogul, presentación de 16 unidades de 60 g.",https://arcorencasa.com/wp-content/uploads/2024/10/20241010-14192-300x300.webp,true,true,Importación CSV
10338,AIREADO COFLER MIXTO 8x20x27G,1803.3076489999999,691,160,UNIDAD,unidad,Helados,Snacks,Aireados,Mixto,aireado coflers | aireado mixto,0.85,0.0,"Snack aireado mixto, marca Cofler, presentación de 8 bolsas de 20 unidades de 27 g.",https://arcorencasa.com/wp-content/uploads/2024/10/20241008-10338-300x300.webp,true,true,Importación CSV
13217,MERMELADA ARCOR DAMASCO 12X454G,2823.446428,175,12,UNIDAD,unidad,Helados,Mermeladas,Damasco,,mermelada damasco | mermelada arcor,0.85,0.0,"Mermelada de damasco, marca Arcor, presentación de 12 frascos de 454 g.",https://arcorencasa.com/wp-content/uploads/2024/10/20241008-13217-300x300.webp,true,true,Importación CSV
6140,ALFAJOR BONOBON TRIPLE NEGRO 21X60G,1122.613921,397,21,UNIDAD,unidad,Helados,Chocolates,Alfajores,Triple,alfajor bonobon | alfajor triple negro,0.85,0.0,"Alfajor Bonobón Triple Negro, presentación de 21 unidades de 60 g.",https://cvlbietibaaehgeimxgw.supabase.co/storage/v1/object/public/products-demo_jorge/6140.jpg,true,true,Importación CSV
14553,GELATINA GODET CEREZA 6x8x25G,887.048217,78,48,UNIDAD,unidad,Alimentos y Almacén,Postres,Gelatinas,Cereza,gelatina cereza | gelatina godet,0.15,0.0,"Gelatina de cereza, marca Godet, presentación de 6 packs de 8 unidades de 25 g.",https://arcorencasa.com/wp-content/uploads/2024/10/20241710-14553-300x300.webp,true,true,Importación CSV
12710,HELADO EXTREME SANDIA 30X50G,33145.167,79,1,BULTO,unidad,Helados,Helados,Extreme,Sandía,helado extreme sandía | helado sandía,0.15,0.0,"Helado Extreme Sandía, presentación de 30 unidades de 50 g.",https://arcorencasa.com/wp-content/uploads/2024/10/20241010-12710-300x300.webp,true,true,Importación CSV
5058,MEMBRILLO ARCOR CAJON X5KG,19845.12651,99,1,UNIDAD,unidad,Helados,Dulces,Membrillo,,membrillo arcor | membrillo en cajón,0.85,1.0,"Membrillo Arcor, presentación de 5 kg.",https://cvlbietibaaehgeimxgw.supabase.co/storage/v1/object/public/products-demo_jorge/5058.jpg,true,true,Importación CSV
14412,REX 15X225G,2629.969001,1,15,UNIDAD,unidad,Galletas y Snacks,Galletas,Saladas,,galletitas saladas | galletas rex,0.15,0.0,"Galletitas saladas, marca Rex, presentación de 225 g.",https://arcorencasa.com/wp-content/uploads/2024/10/20241009-14412-300x300.webp,true,true,Importación CSV
14768,TURRON ALMENDRA CRANBERRIES ARCOR 35X100G,3951.553265,26,35,UNIDAD,unidad,Helados,Dulces,Turrones,Almendra,turrón almendra | turrón con cranberries,0.85,0.0,"Turrón de almendra con cranberries, marca Arcor, presentación de 35 unidades de 100 g.",https://cvlbietibaaehgeimxgw.supabase.co/storage/v1/object/public/products-demo_jorge/14768.jpg,true,true,Importación CSV
14241,CEREAL CHOCO CRISP ARCOR 32x50G,2532.089923,397,32,UNIDAD,unidad,Helados,Cereales,Choco Crisp,,cereal choco crisp | choco crisp arcor,0.85,0.0,"Cereal Choco Crisp, marca Arcor, presentación de 32 paquetes de 50 g.",https://cvlbietibaaehgeimxgw.supabase.co/storage/v1/object/public/products-demo_jorge/14241.jpg,true,true,Importación CSV
11573,ROCKLETS BOLLS 9X12X35G,13636.288358,152,9,DISPLAY,display,Helados,Confites,Rocklets,,rocklets balls | confite de chocolate,0.15,0.0,"Confite de chocolate con cereal, marca Arcor, presentación de 35 g.",https://cvlbietibaaehgeimxgw.supabase.co/storage/v1/object/public/products-demo_jorge/11573.jpg,true,true,Importación CSV
11330,HELADO SLICE FRUTILLA 22X70CC,34323.449875,73,1,BULTO,unidad,Helados,Helados,Slice,Frutilla,helado slice frutilla | helado frutilla,0.15,0.0,"Helado Slice Frutilla, presentación de 22 unidades de 70 cc.",https://arcorencasa.com/wp-content/uploads/2024/10/20241010-11330-300x300.webp,true,true,Importación CSV
14173,MANI CROCANTE CON CHOCOLATE COFLER 30X100G,4684.367501,397,30,UNIDAD,unidad,Helados,Snacks,Maní,Crocante,mani crocante | mani con chocolate,0.85,0.0,"Maní crocante con chocolate, marca Cofler, presentación de 30 unidades de 100 g.",https://cvlbietibaaehgeimxgw.supabase.co/storage/v1/object/public/products-demo_jorge/14173.jpg,true,true,Importación CSV
13001,SALSA ARCOR BOLOGNESA 24X340G,1363.9716529999998,398,24,UNIDAD,unidad,Helados,Salsas,Bolognesa,,salsa bolognesa | salsa arcor,0.85,0.0,"Salsa bolognesa, marca Arcor, presentación de 24 frascos de 340 g.",https://arcorencasa.com/wp-content/uploads/2024/10/20241008-13001-300x300.webp,true,true,Importación CSV
10693,MOGUL BOMBON DE FRUTA 12x500G,8150.222046999999,783,12,UNIDAD,unidad,Golosinas,Dulces,Bombones,Fruta,bombón de fruta | mogul bombón,0.85,0.0,"Bombón de fruta, marca Mogul, presentación de 12 packs de 500 g.",https://cvlbietibaaehgeimxgw.supabase.co/storage/v1/object/public/products-demo_jorge/10693.png,true,true,Importación CSV
2201,CABSHA BOCADITO LECHE 24X48X10G,21650.717912999997,8,24,DISPLAY,display,Chocolates,Golosinas,Bocaditos,Leche,bocadito de leche | bocadito de chocolate con leche,0.15,0.0,"Bocadito de leche, marca Cabsha, presentación de 24 displays con 48 unidades de 10g.",https://arcorencasa.com/wp-content/uploads/2024/10/20241008-2201-300x300.webp,true,true,Importación CSV
12869,RAPTOR BARRA PLANT PROTEIN CACAO 6X16X45G,2043.438562,152,96,UNIDAD,unidad,Golosinas,Snacks,Barras de Proteína,Cacao,barra de proteína | snack de cacao,0.15,0.0,"Barra de proteína de cacao, marca Raptor, presentación de 6 cajas con 16 unidades de 45g.",https://cvlbietibaaehgeimxgw.supabase.co/storage/v1/object/public/products-demo_jorge/12869.jpg,true,true,Importación CSV
15284,BUDIN COFLER RELLENO DULCE DE LECHE 6X250G,4420.666998,397,6,UNIDAD,unidad,Helados,Golosinas,Budines,Dulce de Leche,budín de dulce de leche | budín Cofler,0.85,0.0,"Budín relleno de dulce de leche, marca Cofler, presentación de 6 unidades de 250g.",https://cvlbietibaaehgeimxgw.supabase.co/storage/v1/object/public/products-demo_jorge/15284.jpg,true,true,Importación CSV
10885,CARAMELO GAJITOS 12x485G,4927.104875,350,12,DISPLAY,display,Caramelos,Golosinas,Caramelos,Gajitos,caramelo gajitos | gajitos,0.15,0.0,"Caramelos Gajitos, presentación de 12 bolsas de 485g.",https://arcorencasa.com/wp-content/uploads/2025/12/20251215-10885-300x300.webp,true,true,Importación CSV
15122,MOGUL PALOTES MASTI SURTIDO UVA Y TUTTI FRUTTI 12X8X48G,7304.914473999999,17,12,DISPLAY,display,Golosinas,Golosinas,Caramelos,Surtido,caramelo surtido | palotes Masti,0.85,0.0,"Caramelos Masti surtido de uva y tutti frutti, presentación de 12 cajas de 8 unidades de 48g.",https://arcorencasa.com/wp-content/uploads/2025/11/20251118-15122-300x300.webp,true,true,Importación CSV
12907,BARRA ROCKLETS 6X20X44G,1386.874291,596,120,UNIDAD,unidad,Helados,Golosinas,Barra de Chocolate,Rocklets,barra de rocklets | rocklets,0.15,0.0,"Barra de chocolate con caramelos, marca Rocklets, presentación de 6 cajas de 20 unidades de 44g.",https://arcorencasa.com/wp-content/uploads/2024/10/20241008-12907-300x300.webp,true,true,Importación CSV
14471,OBLEA ARCOR MILK 8X20X20G,520.129995,397,160,UNIDAD,unidad,Helados,Golosinas,Obleas,Arcor Milk,oblea Arcor | oblea de leche,0.85,0.0,"Oblea Arcor Milk, presentación de 8 paquetes de 20 unidades de 20g.",https://arcorencasa.com/wp-content/uploads/2024/10/20241008-14471-300x300.webp,true,true,Importación CSV
14128,SNACK SALADIX CROSS FUEGO 32X67G,890.7195989999999,3,32,UNIDAD,unidad,Galletas y Snacks,Snacks,Snacks Salados,Fuego,snack saladix | snack picante,0.15,0.0,"Snack Saladix Cross Fuego, presentación de 32 bolsas de 67g.",https://arcorencasa.com/wp-content/uploads/2026/01/20260107-14128-300x300.webp,true,true,Importación CSV
13345,TABLETA ARCOR MILK 24X20X12G,12483.116613,397,24,DISPLAY,display,Helados,Golosinas,Chocolate,Leche,tableta de chocolate con leche | chocolate Arcor,0.85,0.0,"Tableta de chocolate con leche, marca Arcor, presentación de 12g.",https://arcorencasa.com/wp-content/uploads/2024/10/20241008-13345-300x300.webp,true,true,Importación CSV
12996,ENSALADA ATUN LC ROJA 24X180G,3375.464037,152,24,UNIDAD,unidad,Alimentos y Almacén,Almacén,Ensaladas,Atún,ensalada de atún | ensalada LC,0.15,0.0,"Ensalada de atún LC roja, presentación de 24 unidades de 180g.",https://cvlbietibaaehgeimxgw.supabase.co/storage/v1/object/public/products-demo_jorge/12996.jpg,true,true,Importación CSV
12976,ALFAJOR BONOBON MINI 16X6X24G,2780.864229,1107,16,DISPLAY,display,Helados,Golosinas,Alfajores,Bonobón Mini,alfajor bonobón mini | alfajor mini,0.85,0.0,"Alfajor Bonobón Mini, presentación de 16 paquetes con 6 unidades de 24g.",https://arcorencasa.com/wp-content/uploads/2024/10/20241008-12976-300x300.webp,true,true,Importación CSV
14433,JUGO POLVO ARCOR LIMONADA 12X18X15G,5796.884214,298,12,DISPLAY,display,Helados,Bebidas,Jugo en Polvo,Limonada,jugo en polvo limonada | jugo Arcor,0.85,0.0,"Jugo en polvo Arcor limonada, presentación de 12 displays con 18 sobres de 15g.",https://arcorencasa.com/wp-content/uploads/2024/10/20241028-14433-300x300.webp,true,true,Importación CSV
13225,MERMELADA DIET ARCOR FRUTILLA 12X390G,4098.0816030000005,182,12,UNIDAD,unidad,Helados,Almacén,Mermeladas,Diet,mermelada diet | mermelada Arcor,0.85,0.0,"Mermelada diet Arcor de frutilla, presentación de 12 frascos de 390g.",https://arcorencasa.com/wp-content/uploads/2024/10/20241008-13225-300x300.webp,true,true,Importación CSV
13344,SIMPLE BARRA SACIETY LIMON 6X16X30G,1745.3736959999999,152,96,UNIDAD,unidad,Golosinas,Snacks,Barra de Snack,Limón,barra de limón | snack saludable,0.15,0.0,"Barra Simple Sacity Limón, presentación de 6 packs de 16 unidades de 30g.",https://arcorencasa.com/wp-content/uploads/2024/10/20221123-13344-300x300.webp,true,true,Importación CSV
14538,PASTA SPAGHETTI ARCOR 20X500G,1414.206981,1556,20,UNIDAD,unidad,Helados,Almacén,Pasta,Spaghetti,pasta spaghetti | spaghetti Arcor,0.85,0.0,"Pasta spaghetti Arcor, presentación de 20 paquetes de 500g.",https://arcorencasa.com/wp-content/uploads/2025/05/20250514-14538-300x300.webp,true,true,Importación CSV
13978,COFLER BLOCK MAX BLANCO 30X100G,4684.3671380000005,397,30,UNIDAD,unidad,Helados,Golosinas,Chocolate,Blanco,chocolate blanco | coflers,0.85,0.0,"Chocolate Cofler Block Max Blanco, presentación de 30 unidades de 100g.",https://cvlbietibaaehgeimxgw.supabase.co/storage/v1/object/public/products-demo_jorge/13978.jpg,true,true,Importación CSV
15060,CHOCOLATE ARCOR MARMOLADO 8X10X80G,2913.044629,397,80,UNIDAD,unidad,Helados,Golosinas,Chocolate,Marmolado,chocolate marmolado | chocolate Arcor,0.85,0.0,"Chocolate Arcor Marmolado, presentación de 8 unidades de 80g.",https://arcorencasa.com/wp-content/uploads/2025/07/20250723-15060-300x300.webp,true,true,Importación CSV
13673,CONDIMENTO PROVENZAL 24X48G,2150.585393,152,24,UNIDAD,unidad,Helados,Condimentos,Mezclas,Provenzal,condimento provenzal | mezcla de hierbas,0.15,0.0,"Condimento Provenzal, presentación de 24 unidades de 48g.",https://arcorencasa.com/wp-content/uploads/2024/10/20241008-13673-300x300.webp,true,true,Importación CSV
13711,MENTHO PLUS SIN AZUCAR COOL MINT 36X30G,2550.338296,152,36,DISPLAY,display,Golosinas,Snacks,Chicles,Sin Azúcar,chicle mentho plus | mentho sin azúcar,0.15,0.0,"Chicle Mentho Plus Sin Azúcar Cool Mint, presentación de 36 unidades de 30g.",https://cvlbietibaaehgeimxgw.supabase.co/storage/v1/object/public/products-demo_jorge/13711.jpg,true,true,Importación CSV
14365,"ALFAJOR COFLER BLOCK 36X40,7G",841.270045,10531,36,UNIDAD,unidad,Helados,Golosinas,Alfajores,Cofler Block,alfajor cofler block | alfajor,0.85,0.0,"Alfajor Cofler Block, presentación de 36 unidades de 40,7g.",https://arcorencasa.com/wp-content/uploads/2024/10/20241008-14365-300x300.webp,true,true,Importación CSV
6768,TORTITAS BLACK 24X125G,1199.073821,152,24,UNIDAD,unidad,Galletas y Snacks,Snacks,Tortitas,Black,tortitas black | tortitas,0.15,0.0,"Tortitas Black, presentación de 24 paquetes de 125g.",https://arcorencasa.com/wp-content/uploads/2024/10/20241009-6768-300x300.webp,true,true,Importación CSV
13635,POSTRE BONOBON TENTACION 24X260G,6980.357384,3,24,UNIDAD,unidad,Helados,Golosinas,Postres,Bonobón,postre bonobón | postre,0.85,0.0,"Postre Bonobón Tentación, presentación de 24 unidades de 260g.",https://cvlbietibaaehgeimxgw.supabase.co/storage/v1/object/public/products-demo_jorge/13635.jpg,true,true,Importación CSV
13607,HOGAREÑAS 7 SEMILLAS POR 3 12X3X189G,3517.284386,48,12,DISPLAY,display,Galletas y Snacks,Galletitas,Integrales,7 Semillas,galletitas integrales | galletitas,0.15,0.0,"Galletitas integrales con 7 semillas, marca Hogareñas, presentación de 3 unidades de 189g.",https://arcorencasa.com/wp-content/uploads/2024/10/20241009-13607-300x300.webp,true,true,Importación CSV
11857,BUTTER TOFFEES LECHE 6X825G,11504.997383,118,6,DISPLAY,display,Caramelos,Golosinas,Toffees,Leche,toffees de leche | caramelos,0.85,0.0,"Toffees de leche, presentación de 6 paquetes de 825g.",https://cvlbietibaaehgeimxgw.supabase.co/storage/v1/object/public/products-demo_jorge/11857.jpg,true,true,Importación CSV
15210,BUTTER TOFFEES CHOCOLATE 48X80G,1385.481702,193,48,DISPLAY,display,Caramelos,Golosinas,Toffees,Chocolate,toffees de chocolate | caramelos,0.85,0.0,"Toffees de chocolate, presentación de 48 unidades de 80g.",https://arcorencasa.com/wp-content/uploads/2025/07/20250723-15210-300x300.webp,true,true,Importación CSV
13470,PASTA TALLARIN LC 20x500G,1555.6263359999998,152,20,UNIDAD,unidad,Alimentos y Almacén,Almacén,Pasta,Tallarín,pasta tallarín | tallarín LC,0.15,0.0,"Pasta tallarín LC, presentación de 20 paquetes de 500g.",https://arcorencasa.com/wp-content/uploads/2024/10/20241008-13470-300x300.webp,true,true,Importación CSV
14127,SNACK SALADIX STICKS FUEGO 20X80G,1355.976578,152,20,UNIDAD,unidad,Galletas y Snacks,Snacks,Snacks Salados,Fuego,snack saladix sticks | snack picante,0.15,0.0,"Snack Saladix Sticks Fuego, presentación de 20 bolsas de 80g.",https://arcorencasa.com/wp-content/uploads/2026/01/20260107-14127-300x300.webp,true,true,Importación CSV
12604,PIZZA SIN TACC 12X500G,4731.4777619999995,93,12,UNIDAD,unidad,Helados,Almacén,Pizzas,Sin TACC,pizza sin tacc | pizza,0.15,0.0,"Pizza Sin TACC, presentación de 12 unidades de 500g.",https://arcorencasa.com/wp-content/uploads/2024/10/20241008-12604-300x300.webp,true,true,Importación CSV
14266,HELADO PALITO LIMON FRUTILLA MOGUL POR 18 6X18X40G,13892.559824,10,6,DISPLAY,display,Golosinas,Golosinas,Helados,Palito,helado palito limón | helado frutilla,0.85,0.0,"Helado Palito Limón Frutilla Mogul, presentación de 6 cajas con 18 unidades de 40g.",https://arcorencasa.com/wp-content/uploads/2024/10/20241010-14266-300x300.webp,true,true,Importación CSV
13420,BUTTER TOFFEES SURTIDO 36X140G,1808.592324,397,36,DISPLAY,display,Caramelos,Golosinas,Toffees,Surtido,toffees surtido | caramelos surtidos,0.85,0.0,"Toffees surtido, presentación de 36 paquetes de 140g.",https://cvlbietibaaehgeimxgw.supabase.co/storage/v1/object/public/products-demo_jorge/13420.jpg,true,true,Importación CSV
11835,CARAMELO MENTA FRESH CRISTAL 12X405G,6376.15792,108,12,DISPLAY,display,Helados,Golosinas,Caramelos,Menta,caramelo menta fresh | caramelo,0.15,0.0,"Caramelo Menta Fresh Cristal, presentación de 12 paquetes de 405g.",https://arcorencasa.com/wp-content/uploads/2024/10/20241010-11835-300x300.webp,true,true,Importación CSV
14999,MOGUL GOMAS COLA 12X12X30G,6800.900710999999,86,12,DISPLAY,display,Golosinas,Golosinas,Gomitas,Cola,gomitas cola | gomitas,0.85,0.0,"Gomitas Cola, presentación de 12 displays con 12 unidades de 30g.",https://arcorencasa.com/wp-content/uploads/2025/08/20250825-14999-300x300.webp,true,true,Importación CSV
15019,MOGUL OSITO EXTREME PICANTE 12X12X30G,6832.109999,397,12,DISPLAY,display,Golosinas,Golosinas,Gomitas,Picante,gomitas picantes | osito extreme,0.85,0.0,"Gomitas Osito Extreme Picante, presentación de 12 cajas con 12 unidades de 30g.",https://arcorencasa.com/wp-content/uploads/2025/03/20250327-15019-300x300.webp,true,true,Importación CSV
12757,HELADO PALITO BOMBON POR 6 12X6X40G,6948.293352,156,12,DISPLAY,display,Helados,Golosinas,Helados,Palito,helado palito bombón | helado,0.15,0.0,"Helado Palito Bombón, presentación de 12 cajas con 6 unidades de 40g.",https://arcorencasa.com/wp-content/uploads/2024/10/20241010-12757-300x300.webp,true,true,Importación CSV
7049,SERRANAS SANDWICH POR 3 16X3X112G,1758.969256,182,16,DISPLAY,display,Galletas y Snacks,Snacks,Serranitas,Sandwich,serranitas sandwich | snack,0.15,0.0,"Serranitas Sandwich, presentación de 16 cajas con 3 unidades de 112g.",https://arcorencasa.com/wp-content/uploads/2024/10/20241009-7049-300x300.webp,true,true,Importación CSV
13803,BATIDO SIMPLE SACIETY PLUS CHOCOLATE 6X462G,29791.687937,152,6,UNIDAD,unidad,Golosinas,Bebidas,Batidos,Chocolate,batido chocolate | batido simple,0.15,0.0,"Batido Simple Sacity Plus Chocolate, presentación de 6 botellas de 462g.",https://arcorencasa.com/wp-content/uploads/2024/10/20240416-13803-300x300.webp,true,true,Importación CSV
13358,ALFAJOR MINITORTA CLASICO 21X69G,1402.116782,2534,21,UNIDAD,unidad,Golosinas,Golosinas,Alfajores,Minitorta,alfajor minitorta | minitorta,0.15,0.0,"Alfajor Minitorta Clásico, presentación de 21 unidades de 69g.",https://arcorencasa.com/wp-content/uploads/2024/10/20241008-13358-300x300.webp,true,true,Importación CSV
13528,HELADO KOPA DULCE DE LECHE AMERICANA 18X90G,41829.049625,29,1,BULTO,unidad,Helados,Golosinas,Helados,Dulce de Leche,helado dulce de leche | helado kopa,0.15,0.0,"Helado Kopa Dulce de Leche Americana, presentación de 18 unidades de 90g.",https://arcorencasa.com/wp-content/uploads/2024/10/20241010-13528-300x300.webp,true,true,Importación CSV
15141,OBLEA COFLER CHOCOLINA MAX 8X16X60G,1386.874291,981,128,UNIDAD,unidad,Helados,Golosinas,Obleas,Chocolina Max,oblea chocolina max | oblea,0.85,0.0,"Oblea Cofler Chocolina Max, presentación de 8 packs de 16 unidades de 60g.",https://arcorencasa.com/wp-content/uploads/2025/07/20250627-15141-300x300.webp,true,true,Importación CSV
13109,PURE TOMATE ARCOR 12X1050G,1938.267903,24,12,UNIDAD,unidad,Helados,Almacén,Salsas,Tomate,pure de tomate | tomate Arcor,0.85,0.0,"Pure Tomate Arcor, presentación de 12 frascos de 1050g.",https://arcorencasa.com/wp-content/uploads/2024/10/20241008-13109-300x300.webp,true,true,Importación CSV
13247,GARBANZOS ARCOR 24X300G,1381.2897779999998,174,24,UNIDAD,unidad,Helados,Almacén,Legumbres,Garbanzos,garbanzos | garbanzos enlatados,0.85,0.0,"Garbanzos enlatados marca Arcor, presentación de 24 latas de 300 g.",https://arcorencasa.com/wp-content/uploads/2024/10/20241008-13247-300x300.webp,true,true,Importación CSV
12696,MEMBRILLO LC ESTUCHE 12X500G,2969.986745,152,12,UNIDAD,unidad,Alimentos y Almacén,Almacén,Conservas,Membrillo,membrillo | dulce de membrillo,0.15,0.0,"Membrillo en estuche de 12 unidades de 500 g, marca LC.",https://arcorencasa.com/wp-content/uploads/2024/10/20241008-12696-300x300.webp,true,true,Importación CSV
13650,BOCADITO VACA LECHERA 12X520G,11185.072173,8,12,DISPLAY,display,Helados,Almacén,Snacks,Bocaditos,bocadito | snack dulce,0.15,0.0,"Bocadito Vaca Lechera, presentación de 12 empaques de 520 g.",https://arcorencasa.com/wp-content/uploads/2024/10/20241010-13650-300x300.webp,true,true,Importación CSV
14250,CEREALES FORMIS ESTRELLAS FRUTAL 30X145G,1838.580359,152,30,DISPLAY,display,Helados,Almacén,Cereales,Cereales Frutales,cereales | cereales frutales,0.15,0.0,"Cereales Formis Estrellas Frutal, presentación de 30 cajas de 145 g.",https://arcorencasa.com/wp-content/uploads/2024/10/20241008-14250-300x300.webp,true,true,Importación CSV
13959,HELADO GELATO ROCKLETS 6X250G,6078.194573,63,6,UNIDAD,unidad,Helados,Almacén,Helados,Helados con Dulce,helado | gelato,0.15,0.0,"Helado Gelato Rocklets, presentación de 6 unidades de 250 g.",https://arcorencasa.com/wp-content/uploads/2025/04/20250416-13959-300x300.webp,true,true,Importación CSV
13469,PASTA SPAGHETTI LC 20x500G,1555.6263359999998,877,20,UNIDAD,unidad,Alimentos y Almacén,Almacén,Pasta,Spaghetti,pasta | spaghetti,0.15,0.0,"Pasta spaghetti marca LC, formato de 20 paquetes de 500 g.",https://arcorencasa.com/wp-content/uploads/2024/10/20241008-13469-300x300.webp,true,true,Importación CSV
5111,TOPLINE SEVEN STRAWBERRY 36x16x14G,11427.747837,152,36,DISPLAY,display,Golosinas,Almacén,Snacks,Chicles,seven | chicle de fresa,0.15,0.0,"Chicle Topline Seven Strawberry, presentación de 36 cajas de 16 unidades de 14 g.",https://arcorencasa.com/wp-content/uploads/2024/10/20241010-5111-300x300.webp,true,true,Importación CSV
1999,MOGUL OSITOS 12X12X30G,6800.9140210000005,283,12,DISPLAY,display,Golosinas,Almacén,Golosinas,Gomitas,gomitas | ositos de goma,0.85,0.0,"Gomitas Mogul Ositos, presentación de 12 bolsas de 30 g.",https://arcorencasa.com/wp-content/uploads/2024/10/20241010-1999-300x300.webp,true,true,Importación CSV
7167,SALADIX JAMON ESTUCHE 4X6X100G,1398.919841,614,24,UNIDAD,unidad,Galletas y Snacks,Almacén,Snacks,Saladix,snack de jamón | saladix,0.15,0.0,"Saladix Jamón, estuche de 4 paquetes de 6 unidades de 100 g.",https://arcorencasa.com/wp-content/uploads/2024/10/20241009-7167-300x300.webp,true,true,Importación CSV
6770,TORTITAS CHOCOLATES 24X125G,1199.073821,1,24,UNIDAD,unidad,Galletas y Snacks,Almacén,Golosinas,Tortitas,tortitas | tortitas de chocolate,0.15,0.0,"Tortitas Chocolates, presentación de 24 unidades de 125 g.",https://arcorencasa.com/wp-content/uploads/2024/10/20241009-6770-300x300.webp,true,true,Importación CSV
13858,CABALLA LC NATURAL 24X300G,3639.161878,152,24,UNIDAD,unidad,Alimentos y Almacén,Almacén,Conservas,Atún,atún | ensalada de atún,0.15,0.0,"Caballa LC Natural, presentación de 24 latas de 300 g.",https://arcorencasa.com/wp-content/uploads/2026/02/20260206-13858-1-300x300.webp,true,true,Importación CSV
6747,BATATA CON CHOCOLATE LATA X5KG,20015.701662,4,1,UNIDAD,unidad,Helados,Almacén,Dulces,Batata,batata | dulce de batata,0.15,0.0,"Batata con chocolate, presentación en lata de 5 kg.",https://arcorencasa.com/wp-content/uploads/2024/10/20241008-6747-300x300.webp,true,true,Importación CSV
13656,CONDIMENTO PIMENTON 4X10X23G,1102.382842,43,40,UNIDAD,unidad,Helados,Almacén,Condimentos,Pimentón,pimentón | condimento,0.15,0.0,"Condimento Pimentón, presentación de 4 cajas de 10 unidades de 23 g.",https://arcorencasa.com/wp-content/uploads/2024/10/20241008-13656-300x300.webp,true,true,Importación CSV
10374,COFLER BLOCK 24x300G,12136.290925,149,24,UNIDAD,unidad,Helados,Almacén,Chocolates,Chocolate con Leche,chocolate | chocolate con leche,0.85,0.0,"Chocolate con leche Cofler Block, formato de 300 g, presentado en caja de 24 unidades.",https://arcorencasa.com/wp-content/uploads/2024/10/20241008-10374-300x300.webp,true,true,Importación CSV
3465,OBLEA BON O BON LECHE 8X20X30G,901.281084,3734,160,UNIDAD,unidad,Golosinas,Almacén,Golosinas,Obleas,oblea | oblea bon o bon,0.85,0.0,"Oblea Bon o Bon Leche, presentación de 8 cajas de 20 unidades de 30 g.",https://arcorencasa.com/wp-content/uploads/2024/10/20241008-3465-300x300.webp,true,true,Importación CSV
13589,RECETA DE LA ABUELA PEPAS 36X183G,1199.073821,311,36,UNIDAD,unidad,Helados,Almacén,Galletas,Pepas,galletas | pepas,0.15,0.0,"Pepas de la Abuela, presentación de 36 paquetes de 183 g.",https://arcorencasa.com/wp-content/uploads/2024/10/20241009-13589-300x300.webp,true,true,Importación CSV
11829,CARAMELO ARCOR MIEL Y MENTA 12X335G,4785.524832,88,12,DISPLAY,display,Helados,Almacén,Caramelos,Miel y Menta,caramelo | caramelo de miel,0.85,0.0,"Caramelo Arcor Miel y Menta, presentación de 12 bolsas de 335 g.",https://arcorencasa.com/wp-content/uploads/2024/10/20241010-11829-300x300.webp,true,true,Importación CSV
14464,ENSALADA ATUN VERDE 24X285G,5840.481602999999,152,24,UNIDAD,unidad,Alimentos y Almacén,Almacén,Conservas,Ensaladas,ensalada | ensalada de atún,0.15,0.0,"Ensalada Atún Verde, presentación de 24 unidades de 285 g.",https://arcorencasa.com/wp-content/uploads/2024/10/20241008-14464-300x300.webp,true,true,Importación CSV
14996,RAMEN POLLO 24X70G,1294.768849,2914,24,UNIDAD,unidad,Helados,Almacén,Comida Rápida,Ramen,ramen | ramen de pollo,0.15,0.0,"Ramen Pollo, presentación de 24 paquetes de 70 g.",https://arcorencasa.com/wp-content/uploads/2025/04/20250408-14996-300x300.webp,true,true,Importación CSV
3113,MOGUL CONITOS BOLSA 6X1KG,11910.587689,1083,6,UNIDAD,unidad,Golosinas,Almacén,Snacks,Mogul,snack | mogul conitos,0.85,0.0,"Mogul Conitos, presentación de 6 bolsas de 1 kg.",https://cvlbietibaaehgeimxgw.supabase.co/storage/v1/object/public/products-demo_jorge/3113.webp,true,true,Importación CSV
14354,MELLIZAS 36X110G,1279.012471,1425,36,UNIDAD,unidad,Galletas y Snacks,Almacén,Snacks,Mellizas,snack | mellizas,0.15,0.0,"Mellizas, presentación de 36 paquetes de 110 g.",https://arcorencasa.com/wp-content/uploads/2024/10/20241009-14354-300x300.webp,true,true,Importación CSV
13956,MOGUL BAÑADOS 24X80G,1954.6796169999998,211,24,DISPLAY,display,Golosinas,Almacén,Golosinas,Mogul,snack | mogul bañados,0.85,0.0,"Mogul Bañados, presentación de 24 paquetes de 80 g.",https://arcorencasa.com/wp-content/uploads/2025/07/20250723-13956-300x300.webp,true,true,Importación CSV
14393,TRAVIATA CON REX 36X96G,799.3829910000001,5546,36,UNIDAD,unidad,Galletas y Snacks,Almacén,Snacks,Traviata,snack | traviata,0.15,0.0,"Traviata con Rex, presentación de 36 unidades de 96 g.",https://arcorencasa.com/wp-content/uploads/2024/10/20241009-14393-300x300.webp,true,true,Importación CSV
13610,HOGAREÑAS MIX CEREAL POR 3 12X3X185G,3517.284386,110,12,DISPLAY,display,Galletas y Snacks,Almacén,Snacks,Hogareñas,snack | hogareñas,0.15,0.0,"Hogareñas Mix Cereal, presentación de 12 displays de 3 unidades de 185 g.",https://arcorencasa.com/wp-content/uploads/2024/10/20241009-13610-300x300.webp,true,true,Importación CSV
13068,CHOCOLATIN ARCOR LECHE 40X20X8G,8315.14299,53,40,DISPLAY,display,Helados,Almacén,Snacks,Chocolatín,snack | chocolatín,0.85,0.0,"Chocolatín Arcor Leche, presentación de 40 unidades.",https://arcorencasa.com/wp-content/uploads/2024/10/20241008-13068-300x300.webp,true,true,Importación CSV
13140,MERMELADA LC DURAZNO 12x454G,3397.1703479999996,187,12,UNIDAD,unidad,Alimentos y Almacén,Almacén,Mermeladas,Durazno,mermelada | mermelada de durazno,0.15,0.0,"Mermelada LC Durazno, presentación de 12 frascos de 454 g.",https://arcorencasa.com/wp-content/uploads/2024/10/20241008-13140-300x300.webp,true,true,Importación CSV
12720,BUDIN BAGLEY SIN FRUTA 18X215G,3634.770425,397,18,UNIDAD,unidad,Galletas y Snacks,Almacén,Dulces,Budines,budín | budín sin fruta,0.85,0.0,"Budín Bagley Sin Fruta, presentación de 18 unidades de 215 g.",https://cvlbietibaaehgeimxgw.supabase.co/storage/v1/object/public/products-demo_jorge/12720.jpg,true,true,Importación CSV
10132,MENTHO PLUS MENTA 12X12X29.4G,6708.347811,123,12,DISPLAY,display,Golosinas,Almacén,Caramelos,Menta,caramelo | mentho plus,0.15,0.0,"Caramelos mentolados sabor menta, marca Menthoplus, en envase de 29.4 g.",https://arcorencasa.com/wp-content/uploads/2024/10/20241010-10132-300x300.webp,true,true,Importación CSV
15113,MOGUL MASTI EXTREME SPLASH LIMON Y FRUTILLA 36X72G,1646.3727059999999,128,36,UNIDAD,unidad,Golosinas,Almacén,Snacks,Mogul,snack | mogul masti,0.85,0.0,"Mogul Masti Extreme Splash Limón y Frutilla, presentación de 36 paquetes de 72 g.",https://arcorencasa.com/wp-content/uploads/2025/11/20251118-15113-300x300.webp,true,true,Importación CSV
15279,TRAVIATA CON PORTEÑITAS 36X96G,799.3829910000001,152,36,UNIDAD,unidad,Galletas y Snacks,Almacén,Snacks,Traviata,snack | traviata con porteñitas,0.15,0.0,"Traviata con Porteñitas, presentación de 36 unidades de 96 g.",https://arcorencasa.com/wp-content/uploads/2025/09/20250922-15279-300x300.webp,true,true,Importación CSV
13575,GALLETA CEREAL MIX CHIPS 25x207G,1918.518404,642,25,UNIDAD,unidad,Golosinas,Almacén,Galletas,Cereal,galleta | galleta de cereal,0.15,0.0,"Galleta Cereal Mix Chips, presentación de 25 paquetes de 207 g.",https://arcorencasa.com/wp-content/uploads/2024/10/20241009-13575-300x300.webp,true,true,Importación CSV
15070,ROCKLETS BOLLS CEREAL 12X8X35G,9986.493484,152,12,DISPLAY,display,Helados,Almacén,Snacks,Rocklets,snack | rocklets balls,0.15,0.0,"Rocklets Balls Cereal, presentación de 12 displays de 8 unidades de 35 g.",https://arcorencasa.com/wp-content/uploads/2025/07/20250723-15070-300x300.webp,true,true,Importación CSV
9849,CHOCLO LC CREMOSO 24X300G,1818.451525,112,24,UNIDAD,unidad,Alimentos y Almacén,Almacén,Conservas,Choclo,choclo | maíz enlatado,0.15,0.0,"Choclo LC Cremoso, presentación de 24 latas de 300 g.",https://arcorencasa.com/wp-content/uploads/2020/07/20250108-9849-300x300.webp,true,true,Importación CSV
15134,MOGUL PALOTES EXTREME LIMON Y SANDIA 12X496G,6175.973704999999,35,12,DISPLAY,display,Golosinas,Almacén,Snacks,Mogul,snack | mogul palotes,0.85,0.0,"Mogul Palotes Extreme Limón y Sandía, presentación de 12 displays de 496 g.",https://arcorencasa.com/wp-content/uploads/2025/11/20251118-15134-300x300.webp,true,true,Importación CSV
14430,JUGO POLVO ARCOR MANZANA 12X18X15G,5796.884214,114,12,DISPLAY,display,Helados,Almacén,Bebidas,Jugo en Polvo,jugo | jugo en polvo,0.85,0.0,"Jugo Polvo Arcor Manzana, presentación de 12 sobres de 18 g.",https://arcorencasa.com/wp-content/uploads/2024/10/20241028-14430-300x300.webp,true,true,Importación CSV
13338,BARRA COFLER COCO 6X20X40G,1386.874291,749,120,UNIDAD,unidad,Helados,Almacén,Chocolates,Coco,chocolate | barra de coco,0.85,0.0,"Barra Cofler Coco, presentación de 6 cajas de 20 unidades de 40 g.",https://arcorencasa.com/wp-content/uploads/2025/05/20250506-13338-300x300.webp,true,true,Importación CSV
3746,SALADIX DUO ESTUCHE 24X80G,1398.919841,2517,24,UNIDAD,unidad,Galletas y Snacks,Almacén,Snacks,Saladix,snack | saladix duo,0.15,0.0,"Saladix Duo, estuche de 24 paquetes de 80 g.",https://arcorencasa.com/wp-content/uploads/2024/10/20241009-3746-300x300.webp,true,true,Importación CSV
10341,AIREADO COFLER BLANCO 8x10x55G,3467.844512,2203,80,UNIDAD,unidad,Helados,Almacén,Snacks,Cofler,snack | aireado,0.85,0.0,"Aireado Cofler Blanco, presentación de 8 cajas de 10 unidades de 55 g.",https://arcorencasa.com/wp-content/uploads/2024/10/20241008-10341-300x300.webp,true,true,Importación CSV
10425,TOPLINE SEVEN VIOLET 36X16X14G,11427.747837,152,36,DISPLAY,display,Golosinas,Almacén,Chicles,Topline,chicle | seven violeta,0.15,0.0,"Chicle Topline Seven Violet, presentación de 36 cajas de 16 unidades de 14 g.",https://arcorencasa.com/wp-content/uploads/2024/10/20241010-10425-300x300.webp,true,true,Importación CSV
15252,HELADO GELATO COFLER FRUTILLA 6X250G,6078.194573,17,6,UNIDAD,unidad,Helados,Almacén,Helados,Cofler,helado | gelato,0.85,0.0,"Helado Gelato Cofler Frutilla, presentación de 6 unidades de 250 g.",https://arcorencasa.com/wp-content/uploads/2025/09/20250922-15252-300x300.webp,true,true,Importación CSV
13133,TOMATE LC ENTERO 2x12x400G,1451.551816,152,24,UNIDAD,unidad,Alimentos y Almacén,Almacén,Conservas,Tomate,tomate en lata | tomate entero,0.15,0.0,"Tomate entero en lata, marca LC, presentación de 2 cajas de 12 latas de 400 g.",https://cvlbietibaaehgeimxgw.supabase.co/storage/v1/object/public/products-demo_jorge/13133.jpg,true,true,Importación CSV
11074,GALLETAS ROCKLET 30X118G,1518.826969,1910,30,UNIDAD,unidad,Helados,Galletas,Galletas Rellenas,Chocolate,galletas rocklet | galletas con chocolate,0.15,0.0,"Galletas rellenas de chocolate, marca Rocklet, presentación de 30 unidades de 118 g.",https://arcorencasa.com/wp-content/uploads/2025/12/20251215-11074-300x300.webp,true,true,Importación CSV
14997,RAMEN CARNE 24X70G,1294.768849,3909,24,UNIDAD,unidad,Helados,Almacén,Fideos,Instantáneos,ramen de carne | fideos instantáneos,0.15,0.0,"Fideos instantáneos sabor carne, marca Arcor, formato de 70 g.",https://arcorencasa.com/wp-content/uploads/2025/04/20250408-14997-300x300.webp,true,true,Importación CSV
13324,MANA RELLENA VAINILLA CHOCOLATE 36X152G,1358.9505159999999,343,36,UNIDAD,unidad,Galletas y Snacks,Galletas,Galletas Rellenas,Vainilla y Chocolate,galletas mana | galletas rellenas,0.15,0.0,"Galletas rellenas de vainilla y chocolate, marca Mana, presentación de 36 paquetes de 152 g.",https://arcorencasa.com/wp-content/uploads/2025/07/20250724-13324-300x300.webp,true,true,Importación CSV
15258,CUBANITOS LECHE 4X16X29G,13315.600485,152,4,DISPLAY,display,Golosinas,Galletas,Galletas Rellenas,Leche,cubanitos | galletas cubanitos,0.15,0.0,"Galletas con relleno de leche, marca Cubanitos, presentación de 4 paquetes de 16 unidades de 29 g.",https://cvlbietibaaehgeimxgw.supabase.co/storage/v1/object/public/products-demo_jorge/15258.jpg,true,true,Importación CSV
4303,ALFAJOR BONOBON LECHE 40X40G,841.269803,3695,40,UNIDAD,unidad,Helados,Galletas,Alfajores,Leche,alfajor bonobon | alfajor de leche,0.85,0.0,"Alfajor de leche, marca Bonobón, presentación de 40 unidades de 40 g.",https://arcorencasa.com/wp-content/uploads/2024/10/20241008-4303-300x300.webp,true,true,Importación CSV
14155,CHICLE FLICS MENTA 24X12X17G,7376.556275,37,24,DISPLAY,display,Golosinas,Chicles,Chicles,Menta,chicle flics | chicle de menta,0.15,0.0,"Chicles de menta, marca Flics, presentación de 24 cajas de 12 unidades de 17 g.",https://arcorencasa.com/wp-content/uploads/2025/05/20250514-14155-300x300.webp,true,true,Importación CSV
13435,AGUILA BAÑO REPOSTERO ROSA 8X6X150G,3559.3528189999997,397,48,UNIDAD,unidad,Helados,Repostería,Coberturas,Rosa,baño repostero rosa | cobertura rosa,0.85,0.0,"Baño repostero rosa, marca Águila, presentación de 8 paquetes de 150 g.",https://arcorencasa.com/wp-content/uploads/2024/10/20241008-13435-300x300.webp,true,true,Importación CSV
12131,MERMELADA ARCOR SIN AZUCAR FRUTILLA 12X390G,5423.681494,39,12,UNIDAD,unidad,Helados,Almacén,Mermeladas,Sin Azúcar,mermelada sin azúcar | mermelada de frutilla,0.85,0.0,"Mermelada sin azúcar de frutilla, marca Arcor, presentación de 12 frascos de 390 g.",https://arcorencasa.com/wp-content/uploads/2024/10/20241008-12131-300x300.webp,true,true,Importación CSV
15289,PAN DULCE ARCOR CON FRUTAS LATA 6X400G,15560.747741000001,397,6,UNIDAD,unidad,Helados,Almacén,Pan Dulce,Con Frutas,pan dulce arcor | pan dulce con frutas,0.85,0.0,"Pan dulce con frutas, marca Arcor, presentación de 6 latas de 400 g.",https://cvlbietibaaehgeimxgw.supabase.co/storage/v1/object/public/products-demo_jorge/15289.jpg,true,true,Importación CSV
12961,SNACK SALADIX PAPA CREMA CEBOLLA 20X95G,1759.469349,152,20,UNIDAD,unidad,Galletas y Snacks,Snacks,Snacks Salados,Papa,snack saladix | papas fritas,0.15,0.0,"Snack de papa crema cebolla, marca Saladix, presentación de 20 paquetes de 95 g.",https://arcorencasa.com/wp-content/uploads/2024/10/20241009-12961-300x300.webp,true,true,Importación CSV
14171,ALMENDRAS COFLER CHOCOLATE BLANCO 30x100G,5443.993885,397,30,UNIDAD,unidad,Helados,Snacks,Almendras,Chocolate Blanco,almendras coflers | almendras con chocolate blanco,0.85,0.0,"Almendras cubiertas de chocolate blanco, marca Cofler, presentación de 30 unidades de 100 g.",https://cvlbietibaaehgeimxgw.supabase.co/storage/v1/object/public/products-demo_jorge/14171.jpg,true,true,Importación CSV
12454,CRIOLLITAS TOSTADAS LIGHT 18X195G,1438.8888029999998,152,18,UNIDAD,unidad,Galletas y Snacks,Galletas,Galletas Tostadas,Light,criollitas light | galletas tostadas,0.15,0.0,"Galletas tostadas light, marca Criollitas, presentación de 18 paquetes de 195 g.",https://cvlbietibaaehgeimxgw.supabase.co/storage/v1/object/public/products-demo_jorge/12454.png,true,true,Importación CSV
15307,TURRON COCO ARCOR 4X28X80G,1103.160025,397,112,UNIDAD,unidad,Helados,Repostería,Turrones,Coco,turrón de coco | turrón arcor,0.85,0.0,"Turrón de coco, marca Arcor, presentación de 4 cajas de 28 unidades de 80 g.",https://cvlbietibaaehgeimxgw.supabase.co/storage/v1/object/public/products-demo_jorge/15307.jpg,true,true,Importación CSV
10350,COFLER ALMENDRAS 12x10x55G,3120.467064,1312,120,UNIDAD,unidad,Helados,Snacks,Snacks Dulces,Almendras,cofler almendras | chocolate con almendras,0.85,0.0,"Snack de chocolate con almendras, marca Cofler, presentación de 12 cajas de 10 unidades de 55 g.",https://arcorencasa.com/wp-content/uploads/2025/05/20250506-10350-300x300.webp,true,true,Importación CSV
15045,KETCHUP AMERICANO LC 24X250G,1548.6637540000002,8,24,UNIDAD,unidad,Alimentos y Almacén,Salsas,Ketchup,,ketchup americano | salsa de tomate,0.15,0.0,"Ketchup americano, marca LC, presentación de 24 frascos de 250 g.",https://arcorencasa.com/wp-content/uploads/2025/05/20250506-15045-300x300.webp,true,true,Importación CSV
10609,BEBIDA BC NARANJA 24x200ML,619.2811459999999,397,24,UNIDAD,unidad,Helados,Bebidas,Bebidas Saborizadas,Naranja,bebida bc naranja | bebida de naranja,0.85,0.0,"Bebida sabor naranja, marca BC, presentación de 24 botellas de 200 ml.",https://arcorencasa.com/wp-content/uploads/2024/10/20241008-10609-300x300.webp,true,true,Importación CSV
15074,ROCKLETS COOKIE 12X8X35G,10541.298811999999,152,12,DISPLAY,display,Helados,Snacks,Confites,,rocklets cookie | confites de chocolate,0.15,0.0,"Confites de cereal extrudado de arroz cubiertos con chocolate, marca Rocklets.",https://arcorencasa.com/wp-content/uploads/2025/05/20250514-15074-300x300.webp,true,true,Importación CSV
15287,HELADO ALFAJOR CHOCOTORTA 16X62G,37241.516124999995,13,1,BULTO,unidad,Golosinas,Helados,Helados,Alfajor Chocotorta,helado alfajor chocotorta | helado de chocolate,0.15,0.0,"Helado sabor alfajor chocotorta, presentación de 16 unidades de 62 g.",https://arcorencasa.com/wp-content/uploads/2026/02/20260206-15287-1-300x300.webp,true,true,Importación CSV
14402,COFLER 60% CACAO ALMENDRA 4X16X100G,6715.584094999999,397,64,UNIDAD,unidad,Helados,Chocolate,Chocolate,60% Cacao Almendra,chocolate coflers | chocolate con almendras,0.85,0.0,"Chocolate 60% cacao con almendras, marca Cofler, presentación de 4 x 16 unidades de 100 g.",https://arcorencasa.com/wp-content/uploads/2024/10/20241008-14402-300x300.webp,true,true,Importación CSV
14564,GELATINA BC DURAZNO LIGHT 6X8X18G,887.048217,397,48,UNIDAD,unidad,Helados,Gelatinas,Gelatinas,Light,gelatina bc durazno | gelatina light,0.85,0.0,"Gelatina de durazno light, marca BC, presentación de 6 cajas de 8 unidades de 18 g.",https://arcorencasa.com/wp-content/uploads/2024/10/20241028-14564-300x300.webp,true,true,Importación CSV
15006,TOPLINE 7 TURBO PINK 12x50G,4481.075159,147,12,UNIDAD,unidad,Golosinas,Snacks,Snacks Dulces,Turbo Pink,topline 7 turbo pink | snack top line,0.15,0.0,"Snack Topline 7 Turbo Pink, presentación de 12 unidades de 50 g.",https://arcorencasa.com/wp-content/uploads/2025/07/20250723-15006-300x300.webp,true,true,Importación CSV
13583,POSTRE BONOBON 24X220G,5146.302546,4,24,UNIDAD,unidad,Helados,Postres,Postres,,postre bonobon | postre de chocolate,0.85,0.0,"Postre de chocolate y crema, marca Bonobón, presentación de 24 unidades de 220 g.",https://cvlbietibaaehgeimxgw.supabase.co/storage/v1/object/public/products-demo_jorge/13583.jpg,true,true,Importación CSV
10606,BEBIDA BC MULTIFRUTA 24x200ML,619.2811459999999,397,24,UNIDAD,unidad,Helados,Bebidas,Bebidas Saborizadas,Multifruta,bebida bc multifruta | bebida de frutas,0.85,0.0,"Bebida sabor multifruta, marca BC, presentación de 24 botellas de 200 ml.",https://arcorencasa.com/wp-content/uploads/2024/10/20241008-10606-300x300.webp,true,true,Importación CSV
13156,MERMELADA BC ARANDANO 12X390 G,4744.00828,22,12,UNIDAD,unidad,Helados,Almacén,Mermeladas,Arándano,mermelada bc arándano | mermelada de arándano,0.85,0.0,"Mermelada de arándano, marca BC, presentación de 12 frascos de 390 g.",https://arcorencasa.com/wp-content/uploads/2024/10/20230718-13156-300x300.webp,true,true,Importación CSV
5011,BATATA CON CHOCOLATE CAJON  X5KG,15697.440593999998,19,1,UNIDAD,unidad,Helados,Dulces,Batatas,Con Chocolate,batata con chocolate | dulce de batata,0.15,0.0,"Batata con chocolate, presentación en cajón de 5 kg.",https://cvlbietibaaehgeimxgw.supabase.co/storage/v1/object/public/products-demo_jorge/5011.jpg,true,true,Importación CSV
14380,GALLETAS COFLER RELLENAS BONOBON 27X85G,1039.197852,1511,27,DISPLAY,display,Helados,Galletas,Galletas Rellenas,Bonobón,galletas coflers bonobon | galletas rellenas,0.85,0.0,"Galletas rellenas de chocolate, marca Cofler, presentación de 27 paquetes de 85 g.",https://arcorencasa.com/wp-content/uploads/2024/10/20241009-14380-300x300.webp,true,true,Importación CSV
14552,GELATINA GODET FRUTILLA 6x8x25G,887.048217,49,48,UNIDAD,unidad,Alimentos y Almacén,Gelatinas,Gelatinas,Frutilla,gelatina godet frutilla | gelatina de frutilla,0.15,0.0,"Gelatina de frutilla, marca Godet, presentación de 6 cajas de 8 unidades de 25 g.",https://arcorencasa.com/wp-content/uploads/2024/10/20241028-14552-300x300.webp,true,true,Importación CSV
15223,MOGUL CONITOS 46X80G,949.164172,397,46,UNIDAD,unidad,Golosinas,Snacks,Gomitas,,gomitas conitos | gomitas frutales,0.85,0.0,"Gomitas frutales con forma de conitos, marca Mogul, presentación de 46 x 80 g.",https://arcorencasa.com/wp-content/uploads/2025/05/20250514-15223-300x300.webp,true,true,Importación CSV
13432,RELLENO UNTABLE BONOBON 24X290G,5663.474574999999,87,24,UNIDAD,unidad,Helados,Untables,Untables,Bonobón,relleno untable bonobon | untable de chocolate,0.85,0.0,"Relleno untable de chocolate, marca Bonobón, presentación de 24 unidades de 290 g.",https://arcorencasa.com/wp-content/uploads/2024/10/20241008-13432-300x300.webp,true,true,Importación CSV
6906,TOPLINE STRONG 30X20X6.70G,6923.219974,152,30,DISPLAY,display,Golosinas,Bebidas,Bebidas Energéticas,Strong,topline strong | bebida energética,0.15,0.0,"Bebida energética Topline Strong, presentación de 30 unidades de 20 ml.",https://arcorencasa.com/wp-content/uploads/2024/10/20241010-6906-300x300.webp,true,true,Importación CSV
14750,MOGUL TUBITOS EXTREME TUTTI FRUTTI 6X500G,7329.934369999999,321,6,UNIDAD,unidad,Golosinas,Snacks,Gomitas,Tutti Frutti,mogul tubitos extreme | gomitas tubitos,0.85,0.0,"Gomitas tubitos sabor tutti frutti, presentación de 6 bolsas de 500 g.",https://arcorencasa.com/wp-content/uploads/2025/02/20250214-14750-300x300.webp,true,true,Importación CSV
11316,HELADO PALITO ROCKLETS 16X51G,33671.30525,46,1,BULTO,unidad,Helados,Helados,Helados,Águila,helado barrita águila | helado de chocolate,0.15,0.0,"Helado en barrita, marca Águila, presentación de 12 x 8 unidades de 34 g.",https://arcorencasa.com/wp-content/uploads/2024/10/20241010-11316-300x300.webp,true,true,Importación CSV
6901,TOPLINE FRUTA 30X20X6.7G,6923.219974,152,30,DISPLAY,display,Golosinas,Chicles y Pastillas,Chicles para Aliento/Diversión,TOPLINE,,0.15,0.0,"Descubre TOPLINE FRUTA, el snack que está revolucionando el mercado con su explosión de sabor y frescura. Presentado en un práctico formato de 30 unidades de 20g cada una, es perfecto para exhibir en tu kiosco. Con un atractivo packaging y un delicioso sabor que cautiva a todos, es ideal para compras por impulso. Atrae a un público joven y activo, asegurando alta rotación y excelentes márgenes de ganancia. ¡No dejes pasar la oportunidad de incrementar tus ventas!",https://cvlbietibaaehgeimxgw.supabase.co/storage/v1/object/public/products-demo_jorge/6901.jpg,true,true,Importación CSV
4056,ALFAJOR TATIN TRIPLE NEGRO 21X60G,841.269803,4085,21,UNIDAD,unidad,Golosinas,Alfajores,Triples,TATIN,,0.15,0.0,"Descubre el irresistible Alfajor Tatin Triple Negro, un deleite de sabor que combina tres capas de chocolate negro con un relleno cremoso que cautivará a tus clientes. Presentado en un formato de 21 unidades de 60g, es perfecto para exhibir en tu kiosco o almacén. Este alfajor se convierte en la elección ideal para las compras por impulso, garantizando un atractivo margen de ganancia. ¡Aumenta la rotación de tu negocio y sorprende a tus consumidores con la calidad Tatin!",https://arcorencasa.com/wp-content/uploads/2024/10/20241008-4056-300x300.webp,true,true,Importación CSV
9463,CRIOLLITAS SIN SAL 36X169G,879.320915,152,36,UNIDAD,unidad,Galletas y Snacks,Galletas Saladas,Galletas de Agua/Crackers,CRIOLLITAS,,0.15,0.0,"Descubre las CRIOLLITAS SIN SAL, el snack saludable que conquista a todos con su sabor auténtico y crujiente. Presentadas en un formato de 36 paquetes de 169g, son perfectas para un consumo rápido y compartir. Este producto se adapta a la tendencia de alimentación balanceada, atrayendo a un público que busca opciones más saludables. Al tenerlas en tu mostrador, fomentarás la compra por impulso, asegurando un excelente margen de ganancia y alta rotación en tu tienda. ¡No te quedes sin ellas!",https://arcorencasa.com/wp-content/uploads/2024/10/20241009-9463-300x300.webp,true,true,Importación CSV
11346,HELADO BARRITA AGUILA POR 8 12x8x34G,8961.086123000001,397,12,DISPLAY,display,Helados,Palitos/Postres,AGUILA,,,0.85,0.0,"¡Descubre el placer helado con la Barrita Águila! Este delicioso helado en formato de 34g es un clásico que encanta a grandes y chicos. Presentado en cajas de 12x8 unidades, es perfecto para abastecer tu kiosco. Su irresistible sabor y presentación hacen que sea un producto ideal para compras por impulso. Con un atractivo margen de ganancia, atraerás a más clientes buscando un refresco dulce. ¡No dejes pasar la oportunidad de aumentar tu rotación y satisfacción del cliente!",https://cvlbietibaaehgeimxgw.supabase.co/storage/v1/object/public/products-demo_jorge/11346.jpg,true,true,Importación CSV
14049,MOGUL TUBITOS TUTTI FRUTTI 6X24X25G,11769.010307999999,2,6,DISPLAY,display,Golosinas,Snacks,Gomitas,Tutti Frutti,mogul tubitos tutti frutti | gomitas tubitos,0.85,0.0,"Gomitas tubitos sabor tutti frutti, presentación de 6 displays con 24 unidades de 25 g.",https://arcorencasa.com/wp-content/uploads/2024/10/20241010-14049-300x300.webp,true,true,Importación CSV
13249,POROTOS ARCOR ALUBIA 24X300G,1343.882507,17,24,UNIDAD,unidad,Helados,Almacén,Legumbres,Porotos,porotos arcor | porotos alubia,0.85,0.0,"Porotos alubia, marca Arcor, presentación de 24 latas de 300 g.",https://arcorencasa.com/wp-content/uploads/2024/10/20241008-13249-300x300.webp,true,true,Importación CSV
13545,MAYONESA BC 12X500CC,2223.5966719999997,1667,12,UNIDAD,unidad,Helados,Salsas,Mayonesa,,mayonesa bc | mayonesa,0.85,0.0,"Mayonesa, marca BC, presentación de 12 botellas de 500 cc.",https://arcorencasa.com/wp-content/uploads/2026/01/20260122-13545-300x300.webp,true,true,Importación CSV
13981,MANI CON CHOCOLATE BLANCO ARCOR 40X80G,2532.090165,397,40,UNIDAD,unidad,Helados,Golosinas,Almendras y Maní,Con Chocolate Blanco,mani con chocolate blanco | maní crocante con chocolate blanco,0.85,0.0,"Maní con chocolate blanco, marca Arcor, presentación de 40 unidades de 80 g.",https://cvlbietibaaehgeimxgw.supabase.co/storage/v1/object/public/products-demo_jorge/13981.jpg,true,true,Importación CSV
3274,ROCKLETS LENT 12X18X40G,24966.233226,176,12,DISPLAY,display,Helados,Golosinas,Chocolate,Con Caramelo,rocklets lent | bolitas de chocolate,0.15,0.0,"Bolitas de chocolate, marca Rocklets Lent, presentación de 12 displays con 18 unidades de 40 g.",https://arcorencasa.com/wp-content/uploads/2024/10/20241008-3274-300x300.webp,true,true,Importación CSV
13318,SALSA ARCOR FILETTO 24X340G,1136.644839,883,24,UNIDAD,unidad,Helados,Almacén,Salsas,Tomate,salsa de tomate | salsa para pastas,0.85,0.0,"Salsa de tomate, marca Arcor, presentación de 24 frascos de 340 g.",https://arcorencasa.com/wp-content/uploads/2024/10/20241008-13318-300x300.webp,true,true,Importación CSV
1104,CARAMELO CREMINO SURTIDO 6X940G,13368.639141,76,6,DISPLAY,display,Helados,Golosinas,Caramelos,Surtido,caramelo surtido | caramelos variados,0.15,0.0,"Caramelo surtido, presentación de 6 bolsas de 940 g cada una.",https://cvlbietibaaehgeimxgw.supabase.co/storage/v1/object/public/products-demo_jorge/1104.webp,true,true,Importación CSV
13546,MAYONESA BC 12X250CC,1195.6813439999999,1500,12,UNIDAD,unidad,Helados,Almacén,Salsas,Mayonesa,mayonesa | mayonesa en frasco,0.85,0.0,"Mayonesa, marca BC, presentación de 12 frascos de 250 cc.",https://arcorencasa.com/wp-content/uploads/2026/01/20260122-13546-300x300.webp,true,true,Importación CSV
7464,TOFI BLANCO RELLENO 12X25X27G,1595.2329029999999,571,300,UNIDAD,unidad,Golosinas,Golosinas,Galletas,Rellenas,tofi blanco | galletas rellenas,0.15,0.0,"Galletas rellenas, marca Tofi, presentación de 12 cajas con 25 unidades de 27 g.",https://arcorencasa.com/wp-content/uploads/2024/10/20241008-7464-300x300.webp,true,true,Importación CSV
4713,CARAMELO SAQUITOS FRUTALES  6X810G,9588.894744,126,6,DISPLAY,display,Helados,Golosinas,Caramelos,Frutales,caramelos frutales | saquitos frutales,0.15,0.0,"Caramelos frutales, presentación de 6 bolsas de 810 g.",https://cvlbietibaaehgeimxgw.supabase.co/storage/v1/object/public/products-demo_jorge/4713.webp,true,true,Importación CSV
12989,MERMELADA LC SELECCIÓN FRUTILLA 12X390G,6156.582971,152,12,UNIDAD,unidad,Alimentos y Almacén,Almacén,Mermeladas,Frutilla,mermelada de frutilla | mermelada LC,0.15,0.0,"Mermelada de frutilla, marca LC, presentación de 12 frascos de 390 g.",https://arcorencasa.com/wp-content/uploads/2024/10/20241008-12989-300x300.webp,true,true,Importación CSV
15237,SALSA POMODORO SALSATI 12X350G,3858.485752,152,12,UNIDAD,unidad,Alimentos y Almacén,Almacén,Salsas,Pomodoro,salsa pomodoro | salsa italiana,0.15,0.0,"Salsa pomodoro, marca Salsati, presentación de 12 frascos de 350 g.",https://arcorencasa.com/wp-content/uploads/2025/08/20250820-15237-300x300.webp,true,true,Importación CSV
6171,MOGUL GUSANITOS ACIDOS 6X500G,6930.406769,397,6,UNIDAD,unidad,Golosinas,Golosinas,Gomitas,Ácidas,gusanitos ácidos | gomitas ácidas,0.85,0.0,"Gomitas ácidas, marca Mogul, presentación de 6 paquetes de 500 g.",https://cvlbietibaaehgeimxgw.supabase.co/storage/v1/object/public/products-demo_jorge/6171.jpg,true,true,Importación CSV
13538,HELADO TORTA MARQUISE AGUILA 6X1.1KG,21664.711926,14,6,UNIDAD,unidad,Helados,Golosinas,Helados,Torta,helado torta marquise | helado de chocolate,0.85,0.0,"Helado torta marquise, marca Águila, presentación de 6 cajas de 1.1 kg.",https://arcorencasa.com/wp-content/uploads/2024/10/20241010-13538-300x300.webp,true,true,Importación CSV
12625,CEREAL MIX YOGURT FRUTILLA LIGHT 6X20X26G,841.269803,2970,120,UNIDAD,unidad,Golosinas,Almacén,Cereales,Light,cereal light | cereal de frutilla,0.15,0.0,"Cereal mix yogurt frutilla light, presentación de 6 cajas de 20 unidades de 26 g.",https://arcorencasa.com/wp-content/uploads/2025/08/20250805-12625-300x300.webp,true,true,Importación CSV
14360,SERRANITAS 42X105G,479.629601,10,42,UNIDAD,unidad,Galletas y Snacks,Galletas,Crackers,,galletitas tipo crackers | galletas Serranitas,0.15,0.0,"Galletitas tipo crackers, marca Serranitas, formato tripack de 42 unidades de 105 g.",https://arcorencasa.com/wp-content/uploads/2024/10/20241009-14360-300x300.webp,true,true,Importación CSV
13979,COFLER BLOCK MAX LECHE 30X100G,4684.367501,397,30,UNIDAD,unidad,Helados,Golosinas,Chocolate,Con Leche,cofler block max leche | chocolate con leche,0.85,0.0,"Chocolate, marca Cofler Block Max Leche, presentación de 30 unidades de 100 g.",https://cvlbietibaaehgeimxgw.supabase.co/storage/v1/object/public/products-demo_jorge/13979.webp,true,true,Importación CSV
14082,SIMPLE VITACAL CARAMELO DULCE DE LECHE 12X60X8G,21441.609706,152,12,DISPLAY,display,Golosinas,Golosinas,Caramelos,Dulce de Leche,caramelo dulce de leche | caramelo simple vitacal,0.15,0.0,"Caramelo dulce de leche, marca Simple Vitacal, presentación de 12 displays con 60 unidades de 8 g.",https://arcorencasa.com/wp-content/uploads/2024/10/20240416-14082-300x300.webp,true,true,Importación CSV
13323,MANA RELLENA CHOCOLATE VAINILLA 36X152G,1358.9505159999999,1068,36,UNIDAD,unidad,Galletas y Snacks,Golosinas,Galletas,Rellenas,mana rellena chocolate vainilla | galletas rellenas,0.15,0.0,"Galletas rellenas de chocolate y vainilla, presentación de 36 unidades de 152 g.",https://arcorencasa.com/wp-content/uploads/2025/07/20250724-13323-300x300.webp,true,true,Importación CSV
14791,HELADO CONO COFLER FRUTILLA AMERICANA 14X110G,47235.58675,34,1,BULTO,unidad,Helados,Golosinas,Helados,Cono,helado cono frutilla | helado de frutilla,0.85,0.0,"Helado cono frutilla americana, marca Cofler, presentación de 14 conos de 110 g.",https://arcorencasa.com/wp-content/uploads/2024/10/20241028-14791-300x300.webp,true,true,Importación CSV
14267,HELADO PALITO CHOCOLINAS 16X66G,48639.700999999994,10,1,BULTO,unidad,Helados,Golosinas,Helados,Palito,helado palito chocolinas | helado de chocolate,0.15,0.0,"Helado palito chocolinas, presentación de 16 unidades de 66 g.",https://arcorencasa.com/wp-content/uploads/2024/10/20241010-14267-300x300.webp,true,true,Importación CSV
11884,BUTTER TOFFEES AGUILA 6X822G,11504.997383,397,6,DISPLAY,display,Helados,Golosinas,Caramelos,Toffees,butter toffees | caramelos ácidos,0.85,0.0,"Caramelos Butter Toffees, marca Águila, presentación de 6 paquetes de 822 g.",https://cvlbietibaaehgeimxgw.supabase.co/storage/v1/object/public/products-demo_jorge/11884.webp,true,true,Importación CSV
4305,ALFAJOR BONOBON BLANCO 40X40G,841.269803,2039,40,UNIDAD,unidad,Helados,Golosinas,Alfajores,Blanco,alfajor bonobón blanco | alfajor de dulce de leche,0.85,0.0,"Alfajor Bonobón Blanco, presentación de 40 unidades de 40 g.",https://arcorencasa.com/wp-content/uploads/2024/10/20241008-4305-300x300.webp,true,true,Importación CSV
6178,MOGUL PIECITOS 12X12X30G,6800.9140210000005,396,12,DISPLAY,display,Golosinas,Golosinas,Gomitas,,gomitas piecitos | gomitas de frutilla,0.85,0.0,"Gomitas de goma sabor frutilla ácida, marca Mogul, presentación de 12 unidades de 30 g.",https://arcorencasa.com/wp-content/uploads/2024/10/20241010-6178-300x300.webp,true,true,Importación CSV
5679,TOMATE PERITA 24X400G,1299.2518989999999,2018,24,UNIDAD,unidad,Alimentos y Almacén,Almacén,Conservas,Tomate,tomate perita | conserva de tomate,0.15,0.0,"Tomate perita, presentación de 24 latas de 400 g.",https://arcorencasa.com/wp-content/uploads/2024/10/20241008-5679-300x300.webp,true,true,Importación CSV
12722,BUDIN BAGLEY CON FRUTA 18X215G,3634.770425,192,18,UNIDAD,unidad,Galletas y Snacks,Golosinas,Budines,,budín bagley | budín con fruta,0.85,0.0,"Budín Bagley con fruta, presentación de 18 unidades de 215 g.",https://cvlbietibaaehgeimxgw.supabase.co/storage/v1/object/public/products-demo_jorge/12722.jpg,true,true,Importación CSV
14563,GELATINA BC CEREZA LIGHT 6X8X18G,887.048217,397,48,UNIDAD,unidad,Helados,Almacén,Gelatinas,Light,gelatina bc cereza light | gelatina sin azúcar,0.85,0.0,"Gelatina BC Cereza Light, presentación de 6 cajas de 8 unidades de 18 g.",https://arcorencasa.com/wp-content/uploads/2024/10/20241028-14563-300x300.webp,true,true,Importación CSV
13325,MANA RELLENA LIMON 36X152G,1358.9505159999999,380,36,UNIDAD,unidad,Galletas y Snacks,Golosinas,Galletas,Rellenas,mana rellena limón | galletas rellenas,0.15,0.0,"Galletas rellenas de limón, presentación de 36 unidades de 152 g.",https://arcorencasa.com/wp-content/uploads/2025/07/20250724-13325-300x300.webp,true,true,Importación CSV
12569,SIMPLE FIBRA DOY PACK 12X28UN,8058.827721999999,152,12,DISPLAY,display,Golosinas,Almacén,Suplementos,,suplemento de fibra | fibra en doypack,0.15,0.0,"Suplemento de fibra en doypack sabor frutos rojos, marca Bago.",https://arcorencasa.com/wp-content/uploads/2024/10/20230714-12569-300x300.webp,true,true,Importación CSV
14727,TOPLINE SEVEN TURBO MINT 10X6X25G,10514.687523999999,152,10,DISPLAY,display,Golosinas,Golosinas,Chicles,Confitados,chicle confitado menta | chicle sabor menta,0.15,0.0,"Chicle confitado sabor menta, marca Topline Seven, formato 25 g, pack de 10 unidades.",https://arcorencasa.com/wp-content/uploads/2024/10/20241028-14727-300x300.webp,true,true,Importación CSV
13056,BOMBON COFLER BLOCK 20X16X16G,13315.324847,29,16,DISPLAY,display,Helados,Golosinas,Bombones,Chocolate,bombón coflers | bombón de chocolate,0.85,0.0,"Bombón Cofler Block sabor chocolate, presentación de 20 unidades de 16 g cada una.",https://arcorencasa.com/wp-content/uploads/2024/10/20241008-13056-300x300.webp,true,true,Importación CSV
15236,SALSA ARRABIATA SALSATI 12X350G,3858.485752,152,12,UNIDAD,unidad,Alimentos y Almacén,Almacén,Salsas,Arrabiata,salsa arrabiata | salsa picante,0.15,0.0,"Salsa Arrabiata, marca Salsati, presentación de 12 frascos de 350 g.",https://arcorencasa.com/wp-content/uploads/2025/08/20250820-15236-300x300.webp,true,true,Importación CSV
12753,AZUCAR ARCOR 10X1KG,11320.154999999999,397,10,BULTO,unidad,Helados,Almacén,Azúcar,,azúcar arcor | azúcar en bolsa,0.85,0.0,"Azúcar Arcor, presentación de 10 bolsas de 1 kg.",https://cvlbietibaaehgeimxgw.supabase.co/storage/v1/object/public/products-demo_jorge/12753.webp,true,true,Importación CSV
11599,ROCKLETON 12x16x13.5G,8876.88307,152,12,DISPLAY,display,Helados,Golosinas,Snacks,,rockleton | snack de chocolate,0.15,0.0,"Snack Rockleton, presentación de 12 displays con 16 unidades de 13.5 g.",https://arcorencasa.com/wp-content/uploads/2024/10/20241008-11599-300x300.webp,true,true,Importación CSV
15202,SALADIX PIZZA 8X6X40G,4069.999802,189,48,UNIDAD,unidad,Galletas y Snacks,Golosinas,Snacks,Pizza,saladix pizza | snack de pizza,0.15,0.0,"Snack Saladix Pizza, presentación de 8 bolsas de 6 unidades de 40 g cada una.",https://arcorencasa.com/wp-content/uploads/2025/09/20250903-15202-300x300.webp,true,true,Importación CSV
13024,MOGUL SANDIA EXTREME 12X10X50G,9174.498058,278,12,DISPLAY,display,Golosinas,Golosinas,Gomitas,Sabor Sandía,gomitas sandía | gomitas sabor sandía,0.85,0.0,"Gomitas sabor sandía, marca Mogul, presentación de 12 unidades de 50 g.",https://cvlbietibaaehgeimxgw.supabase.co/storage/v1/object/public/products-demo_jorge/13024.jpg,true,true,Importación CSV
13180,JUGO POLVO BC NARANJA DULCE 16x18x7G,5796.883367,277,16,DISPLAY,display,Helados,Bebidas,Jugo en Polvo,Naranja,jugo polvo naranja | jugo en polvo,0.85,0.0,"Jugo en polvo sabor naranja dulce, marca BC, presentación de 16 cajas con 18 sobres de 7 g.",https://arcorencasa.com/wp-content/uploads/2024/10/20241022-13180-300x300.webp,true,true,Importación CSV
13799,RAPTOR WHEY PROTEIN VAIN 2X980G,60600.767953,152,2,UNIDAD,unidad,Golosinas,Suplementos,Proteínas,Whey,proteína whey | proteína de vainilla,0.15,0.0,"Proteína Whey, marca Raptor, presentación de 2 x 980 g.",https://cvlbietibaaehgeimxgw.supabase.co/storage/v1/object/public/products-demo_jorge/13799.jpg,true,true,Importación CSV
15214,CARAMELO RELLENOS MIEL 48X80G,1181.694591,141,48,DISPLAY,display,Helados,Golosinas,Caramelos,Rellenos,caramelos rellenos miel | caramelos de miel,0.15,0.0,"Caramelos rellenos de miel, presentación de 48 unidades de 80 g.",https://arcorencasa.com/wp-content/uploads/2025/08/20250725-15214-300x300.webp,true,true,Importación CSV
13135,ATUN LC ACEITE 24X170G,5157.937058999999,690,24,UNIDAD,unidad,Alimentos y Almacén,Almacén,Conservas,Atún,atún en aceite | atún LC,0.15,0.0,"Atún en aceite, marca LC, presentación de 24 latas de 170 g.",https://arcorencasa.com/wp-content/uploads/2026/01/20260122-13135-300x300.webp,true,true,Importación CSV
14202,MERMELADA LC SELECCIÓN ARANDANOS 12X390G,6668.236916,152,12,UNIDAD,unidad,Alimentos y Almacén,Almacén,Mermeladas,Arándanos,mermelada de arándanos | mermelada LC,0.15,0.0,"Mermelada de arándanos, marca LC, presentación de 12 frascos de 390 g.",https://arcorencasa.com/wp-content/uploads/2024/10/20231031-14202-300x300.webp,true,true,Importación CSV
13357,ALFAJOR MINITORTA BLANCO 21X69G,1402.116782,834,21,UNIDAD,unidad,Golosinas,Golosinas,Alfajores,Minitorta,alfajor minitorta blanco | alfajor de dulce de leche,0.15,0.0,"Alfajor Minitorta Blanco, presentación de 21 unidades de 69 g.",https://arcorencasa.com/wp-content/uploads/2024/10/20241008-13357-300x300.webp,true,true,Importación CSV
13669,CONDIMENTO PIMENTON 4X10X48G,1977.5702760000001,152,40,UNIDAD,unidad,Helados,Almacén,Condimentos,Pimentón,condimento pimentón | pimentón en polvo,0.15,0.0,"Condimento pimentón, presentación de 4 cajas de 10 unidades de 48 g.",https://arcorencasa.com/wp-content/uploads/2024/10/20241008-13669-300x300.webp,true,true,Importación CSV
13182,JUGO POLVO BC NARANJA DURAZNO 16x18x7G,5796.883367,10,16,DISPLAY,display,Helados,Jugos,Jugos en Polvo,Naranja y Durazno,jugo en polvo naranja durazno | jugo de naranja | jugo de durazno,0.85,0.0,"Jugo en polvo sabor naranja y durazno, marca BC, presentación de 16 cajas con 18 sobres de 7 g.",https://arcorencasa.com/wp-content/uploads/2024/10/20241022-13182-300x300.webp,true,true,Importación CSV
2401,TURRON MANI CON MIEL ARCOR 3X18X120G,1654.739856,1,54,UNIDAD,unidad,Helados,Golosinas,Turrones,Con Miel,turrón de maní | turrón con miel | turrón arcor,0.85,0.0,"Turrón de maní con miel, marca Arcor, presentación de 3 paquetes de 18 unidades de 120 g.",https://cvlbietibaaehgeimxgw.supabase.co/storage/v1/object/public/products-demo_jorge/2401.jpg,true,true,Importación CSV
15135,MR POPS CHUPETIN FRESH 12X24X18G,5528.8292839999995,86,12,DISPLAY,display,Golosinas,Golosinas,Chupetines,Frutales,chupetín frutal | chupetín mr pops | chupetín de frutas,0.15,0.0,"Chupetín sabor frutal, marca Mr Pops, presentación de 12 cajas con 24 unidades de 18 g.",https://arcorencasa.com/wp-content/uploads/2025/07/20250627-15135-300x300.webp,true,true,Importación CSV
13176,BIZCOCHUELO GODET CHOCOLATE 12X480G,3656.055898,19,12,UNIDAD,unidad,Alimentos y Almacén,Almacén,Bizcochuelos,Chocolate,bizcochuelo de chocolate | bizcochuelo godet | bizcochuelo,0.15,0.0,"Bizcochuelo de chocolate, marca Godet, presentación de 12 displays de 480 g.",https://arcorencasa.com/wp-content/uploads/2024/10/20241008-13176-300x300.webp,true,true,Importación CSV
11823,ROCKLETS BOLLS 30x120G,4431.158182,152,30,UNIDAD,unidad,Helados,Golosinas,Snacks,Chocolate,rocklets | rocklets balls | rocklets de chocolate,0.15,0.0,"Snack de chocolate con cobertura crujiente, marca Rocklets, presentación de 30 bolsas de 120 g.",https://cvlbietibaaehgeimxgw.supabase.co/storage/v1/object/public/products-demo_jorge/11823.webp,true,true,Importación CSV
15137,HELADO BOMBONCITO COFLER DULCE DE LECHE BITES 6X180G,7300.229959,115,6,DISPLAY,display,Helados,Helados,Bombones,Dulce de Leche,bombón helado dulce de leche | helado cofle | helado bomboncito,0.85,0.0,"Helado bombón de dulce de leche, marca Cofler, presentación de 6 packs de 180 g.",https://arcorencasa.com/wp-content/uploads/2025/07/20250723-15137-300x300.webp,true,true,Importación CSV
11090,MENTHO PLUS ACIDOS MANZANA 12X12X28G,9227.709381,47,12,DISPLAY,display,Golosinas,Golosinas,Caramelos,Ácidos,caramelos ácidos | menthoplus manzana | menthoplus,0.15,0.0,"Caramelos ácidos sabor manzana, marca Menthoplus, presentación de 12 unidades de 28 g.",https://arcorencasa.com/wp-content/uploads/2024/10/20241010-11090-300x300.webp,true,true,Importación CSV
14326,COQUITAS 25X260G,2078.394978,246,25,UNIDAD,unidad,Galletas y Snacks,Galletas,Galletas de Coco,,coquitas | galletas de coco | galletas,0.15,0.0,"Galletas de coco, marca Coquitas, presentación de 25 paquetes de 260 g.",https://arcorencasa.com/wp-content/uploads/2024/10/20241009-14326-300x300.webp,true,true,Importación CSV
3926,TURRON MANI BAÑADO CHOCOLATE ARCOR 35X90G,2647.583455,397,35,UNIDAD,unidad,Helados,Golosinas,Turrones,Bañados en Chocolate,turrón de maní bañado | turrón arcor | turrón de chocolate,0.85,0.0,"Turrón de maní bañado en chocolate, marca Arcor, presentación de 35 unidades de 90 g.",https://cvlbietibaaehgeimxgw.supabase.co/storage/v1/object/public/products-demo_jorge/3926.jpg,true,true,Importación CSV
7168,SALADIX CALABRESA ESTUCHE 4X6X100G,1398.919841,604,24,UNIDAD,unidad,Galletas y Snacks,Snacks,Salados,Calabresa,snack calabresa | saladix | saladix calabresa,0.15,0.0,"Snack salado sabor calabresa, presentación de 4 paquetes de 6 unidades de 100 g.",https://arcorencasa.com/wp-content/uploads/2024/10/20241009-7168-300x300.webp,true,true,Importación CSV
12567,SIMPLE VITALIDAD DOY PACK 12X28UN,9112.328863,152,12,DISPLAY,display,Golosinas,Suplementos,Vitaminas,,gomitas vitamínicas | suplemento frutilla | gomitas,0.15,0.0,"Suplemento vitamínico en gomitas sabor frutilla, marca Simple Vitalidad, presentación de 12x28 unidades.",https://arcorencasa.com/wp-content/uploads/2024/10/20230714-12567-300x300.webp,true,true,Importación CSV
13258,ROCKLETS 20X500G,14321.006425,152,20,UNIDAD,unidad,Helados,Golosinas,Snacks,,rocklets | rocklets grandes | rocklets de chocolate,0.15,0.0,"Snack de chocolate, marca Rocklets, presentación de 20 bolsas de 500 g.",https://arcorencasa.com/wp-content/uploads/2024/10/20241008-13258-300x300.webp,true,true,Importación CSV
13625,SALVADO BAGLEY 36X169G,1318.981554,455,36,UNIDAD,unidad,Galletas y Snacks,Snacks,Salados,Salvado,salvado bagley | snack saludable | bagley,0.85,0.0,"Snack de salvado, marca Bagley, presentación de 36 paquetes de 169 g.",https://arcorencasa.com/wp-content/uploads/2025/12/20251215-13625-300x300.webp,true,true,Importación CSV
14554,GELATINA GODET FRAMBUESA 6x8x25G,887.048217,84,48,UNIDAD,unidad,Alimentos y Almacén,Gelatinas,Frambuesa,,gelatina frambuesa | gelatina godet | gelatina,0.15,0.0,"Gelatina sabor frambuesa, marca Godet, presentación de 6 cajas de 8 unidades de 25 g.",https://arcorencasa.com/wp-content/uploads/2024/10/20241028-14554-300x300.webp,true,true,Importación CSV
11777,BONOBON CHOCOLINAS 16X18X15G,8891.679918,228,16,DISPLAY,display,Helados,Golosinas,Snacks,Chocolinas,bonobon chocolinas | chocolinas | galletas bonobon,0.85,0.0,"Galletas chocolinas, marca Bonobon, presentación de 16 paquetes de 18 unidades de 15 g.",https://arcorencasa.com/wp-content/uploads/2024/10/20241008-11777-300x300.webp,true,true,Importación CSV
14668,CEREAL MIX FRUTOS SECOS 6X20X33G,911.3888189999999,113,120,UNIDAD,unidad,Golosinas,Cereales,Frutos Secos,,cereal mix | cereal con frutos secos | cereal,0.15,0.0,"Cereal mix con frutos secos, presentación de 6 packs de 20 unidades de 33 g.",https://arcorencasa.com/wp-content/uploads/2024/10/20241028-14668-300x300.webp,true,true,Importación CSV
14611,PURE TOMATE ARCOR 12X520G,1029.856047,8514,12,UNIDAD,unidad,Helados,Almacén,Tomate,Pure,pure de tomate | tomate en frasco | tomate arcor,0.85,0.0,"Pure de tomate, marca Arcor, presentación de 12 frascos de 520 g.",https://arcorencasa.com/wp-content/uploads/2024/10/20241009-14611-300x300.webp,true,true,Importación CSV
13791,MANA CHOCOLATADA 36X136G,1039.19761,152,36,UNIDAD,unidad,Galletas y Snacks,Golosinas,Chocolatadas,,chocolatada mana | mana | chocolatada,0.15,0.0,"Chocolatada, marca Mana, presentación de 36 unidades de 136 g.",https://arcorencasa.com/wp-content/uploads/2024/10/20241009-13791-300x300.webp,true,true,Importación CSV
13433,RELLENO UNTABLE AGUILA 3 EN 1 24X290G,5663.474574999999,59,24,UNIDAD,unidad,Helados,Untables,Rellenos,3 en 1,relleno untable | untable águila | untable,0.85,0.0,"Relleno untable 3 en 1, marca Águila, presentación de 24 unidades de 290 g.",https://arcorencasa.com/wp-content/uploads/2024/10/20241008-13433-300x300.webp,true,true,Importación CSV
13624,SALVADO BAGLEY POR 3 12X3X169G,3517.284386,727,12,DISPLAY,display,Galletas y Snacks,Snacks,Salvados,,salvado bagley | snack saludable | bagley,0.85,0.0,"Salvado Bagley, presentación de 3 paquetes de 169 g cada uno.",https://arcorencasa.com/wp-content/uploads/2024/10/20241009-13624-300x300.webp,true,true,Importación CSV
12347,BARBACOA LC SALSA 24X250G,1578.77775,135,24,UNIDAD,unidad,Alimentos y Almacén,Salsas,Barbacoa,,salsa barbacoa | salsa lc | salsa,0.15,0.0,"Salsa barbacoa, marca LC, presentación de 24 frascos de 250 g.",https://arcorencasa.com/wp-content/uploads/2026/01/20260122-12347-300x300.webp,true,true,Importación CSV
14348,AGUILA 60% CACAO NARANJA 4X12X100G,6715.438169,83,48,UNIDAD,unidad,Helados,Golosinas,Chocolate,60% Cacao Naranja,chocolate aguila | chocolate naranja | chocolate amargo,0.85,0.0,"Chocolate 60% cacao con naranja, marca Águila, presentación de 4 displays de 12 unidades de 100 g.",https://arcorencasa.com/wp-content/uploads/2024/10/20241008-14348-300x300.webp,true,true,Importación CSV
14091,CEREAL MIX SNACK ORIGINAL 36X100G,1199.0740629999998,152,36,UNIDAD,unidad,Golosinas,Cereales,Snacks,Original,cereal mix original | cereal | snack,0.15,0.0,"Cereal mix original, presentación de 36 bolsas de 100 g.",https://arcorencasa.com/wp-content/uploads/2024/10/20241009-14091-300x300.webp,true,true,Importación CSV
14008,HELADO BARRITA AGUILA POR 24 24UX49CC,35440.763875,4,1,BULTO,unidad,Helados,Helados,Barritas,,helado barrita | helado aguila | barrita,0.85,0.0,"Helado barrita, marca Águila, presentación de 24 unidades de 49 cc.",https://cvlbietibaaehgeimxgw.supabase.co/storage/v1/object/public/products-demo_jorge/14008.webp,true,true,Importación CSV
14669,CEREAL MIX CHOCOLATE 6X20X38G,911.3888189999999,1,120,UNIDAD,unidad,Golosinas,Cereales,Chocolate,,cereal mix chocolate | cereal | snack,0.15,0.0,"Cereal mix sabor chocolate, presentación de 6 cajas de 20 unidades de 38 g.",https://arcorencasa.com/wp-content/uploads/2024/10/20241028-14669-300x300.webp,true,true,Importación CSV
15106,MOGUL MINI TUBITOS EXTREME MIX FRUTILLA 24X100G,1875.145833,1140,24,UNIDAD,unidad,Golosinas,Golosinas,Snacks,Frutilla,mogul mini tubitos | tubitos frutilla | snack frutilla,0.85,0.0,"Snack Mogul mini tubitos sabor frutilla, presentación de 24 unidades de 100 g.",https://arcorencasa.com/wp-content/uploads/2025/07/20250723-15106-300x300.webp,true,true,Importación CSV
11318,HELADO COFLER ALMENDRAS 16X80CC,48639.700999999994,55,1,BULTO,unidad,Helados,Helados,Almendras,,helado cofle | helado almendras | helado,0.85,0.0,"Helado de almendras, marca Cofler, presentación de 16 unidades de 80 cc.",https://arcorencasa.com/wp-content/uploads/2024/10/20241010-11318-300x300.webp,true,true,Importación CSV
11803,MR POPS CHUPETIN CEREZA 12X24X18G,5528.8292839999995,243,12,DISPLAY,display,Golosinas,Golosinas,Chupetines,Cereza,chupetín cereza | chupetín mr pops | chupetín,0.15,1.0,"Chupetín sabor cereza, marca Mr Pops, presentación de 12 displays con 24 chupetines de 18 g.",https://arcorencasa.com/wp-content/uploads/2024/10/20241010-11803-300x300.webp,true,true,Importación CSV
14262,HELADO BONOBON CORAZON POR 4 10X4X51G,12055.845285,21,10,DISPLAY,display,Helados,Helados,Bonobón,Corazón,helado bonobon | helado corazón | bonobon,0.85,0.0,"Helado Bonobón Corazón, presentación de 10 cajas con 4 unidades de 51 g.",https://arcorencasa.com/wp-content/uploads/2024/10/20241010-14262-300x300.webp,true,true,Importación CSV
13177,JUGO POLVO BC NARANJA 16x18x7G,5796.883367,119,16,DISPLAY,display,Helados,Jugos,Jugos en Polvo,Naranja,jugo en polvo naranja | jugo bc | jugo,0.85,0.0,"Jugo en polvo sabor naranja, marca BC, presentación de 16 cajas con 18 sobres de 7 g.",https://arcorencasa.com/wp-content/uploads/2024/10/20241022-13177-300x300.webp,true,true,Importación CSV
13710,TOPLINE7 ULTRA DOBLE 12X12X24G,21795.782756,13,12,DISPLAY,display,Golosinas,Snacks,Dulces,Ultra Doble,snack top line | top line | top line 7,0.15,0.0,"Snack sabor Ultra Doble, presentación de 12 displays con 12 unidades de 24 g.",https://arcorencasa.com/wp-content/uploads/2025/02/20250226-13710-300x300.webp,true,true,Importación CSV
11328,HELADO COFLER BLOCK 16X63G,48639.700999999994,52,1,BULTO,unidad,Helados,Helados,Cofler,Block,helado cofle | helado block | helado,0.85,0.0,"Helado Cofler Block, presentación de 16 bloques de 63 g.",https://arcorencasa.com/wp-content/uploads/2024/10/20241010-11328-300x300.webp,true,true,Importación CSV
10347,AIREADO COFLER ALMENDRAS 4x12x100G,5964.390684999999,23,48,UNIDAD,unidad,Helados,Snacks,Almendras,,aireado cofle | cofle almendras | snack,0.85,0.0,"Snack aireado sabor almendras, presentación de 4 cajas de 12 unidades de 100 g.",https://arcorencasa.com/wp-content/uploads/2024/10/20241008-10347-300x300.webp,true,true,Importación CSV
11883,BUTTER TOFFEES CHOCOLATE BLANCO 6X822G,11504.997383,117,6,DISPLAY,display,Caramelos,Golosinas,Toffees,Chocolate Blanco,butter toffees | toffees chocolate blanco | dulce,0.85,0.0,"Toffees con chocolate blanco, presentación de 6 paquetes de 822 g.",https://arcorencasa.com/wp-content/uploads/2024/10/20241010-11883-300x300.webp,true,true,Importación CSV
13865,RAPTOR BARRA PROTEIN MANI 6X16X45G,2161.329104,152,96,UNIDAD,unidad,Golosinas,Snacks,Barritas,Proteínas,barra protein | raptor | barra de maní,0.15,0.0,"Barra de proteína sabor maní, marca Raptor, presentación de 6 cajas con 16 unidades de 45 g.",https://cvlbietibaaehgeimxgw.supabase.co/storage/v1/object/public/products-demo_jorge/13865.jpg,true,true,Importación CSV
14353,AMOR 36X110G,1279.012471,5004,36,UNIDAD,unidad,Galletas y Snacks,Galletas,Dulces,Vainilla,galletitas vainilla | galletas amor | galletas,0.15,0.0,"Galletitas dulces sabor vainilla, marca Amor, presentación de 36 unidades de 110 g.",https://arcorencasa.com/wp-content/uploads/2024/10/20241009-14353-300x300.webp,true,true,Importación CSV
14211,HELADO GELATO XL DUO BLOCK MITI MITI 6X500G,10784.080834999999,30,6,UNIDAD,unidad,Helados,Helados,Gelato,Duo,gelato xl | helado gelato | helado,0.85,0.0,"Helado Gelato XL Duo Block, presentación de 6 bloques de 500 g.",https://arcorencasa.com/wp-content/uploads/2024/10/20241010-14211-300x300.webp,true,true,Importación CSV
9464,CRIOLLITAS POR 3 SIN SAL 12X3X169G,2398.147763,152,12,DISPLAY,display,Galletas y Snacks,Snacks,Galletas,Sin Sal,criollitas sin sal | galletas criollitas | galletas,0.15,0.0,"Galletas Criollitas por 3 sin sal, presentación de 12 cajas con 3 paquetes de 169 g.",https://arcorencasa.com/wp-content/uploads/2024/10/20241009-9464-300x300.webp,true,true,Importación CSV
14830,"MENTHO PLUS 2 FRUTILLA 12X12X27,2G",9227.709381,152,12,DISPLAY,display,Golosinas,Golosinas,Caramelos,Frutilla,mentho plus frutilla | caramelo mentho | mentho,0.15,0.0,"Caramelo sabor frutilla, marca Mentho Plus, presentación de 12 displays con 12 unidades de 27,2 g.",https://arcorencasa.com/wp-content/uploads/2025/05/20250506-14830-300x300.webp,true,true,Importación CSV
4680,MENTHO PLUS SIN AZUCAR CHERRY 12X12X26.6G,9227.709381,119,12,DISPLAY,display,Golosinas,Golosinas,Caramelos,Sin Azúcar,mentho plus sin azúcar | caramelo sin azúcar | mentho,0.15,0.0,"Caramelo sin azúcar sabor cherry, marca Mentho Plus, presentación de 12 displays con 12 unidades de 26,6 g.",https://arcorencasa.com/wp-content/uploads/2024/10/20241010-4680-300x300.webp,true,true,Importación CSV
10345,AIREADO COFLER BLANCO 4x12x100G,5964.390684999999,173,48,UNIDAD,unidad,Helados,Golosinas,Snacks,Chocolate,snack aireado | cofre aireado | cofre blanco,0.85,0.0,"Snack aireado de chocolate blanco, marca Cofler, presentación de 4 paquetes de 100 g.",https://arcorencasa.com/wp-content/uploads/2024/10/20241008-10345-300x300.webp,true,true,Importación CSV
14745,CREATINA SIN SABOR 6X300G,37755.129181,37,6,UNIDAD,unidad,Helados,Almacén,Suplementos,Creatina,creatina sin sabor | creatina en polvo,0.15,0.0,"Creatina en polvo sin sabor, presentación de 6 envases de 300 g.",https://cvlbietibaaehgeimxgw.supabase.co/storage/v1/object/public/products-demo_jorge/14745.png,true,true,Importación CSV
15308,PISTACHO GARRAPIÑADOS 30X80G,5525.730353,152,30,UNIDAD,unidad,Helados,Golosinas,Snacks,Pistachos,pistachos garrapiñados | pistachos caramelizados,0.15,0.0,"Pistachos garrapiñados, presentación de 30 bolsas de 80 g.",https://cvlbietibaaehgeimxgw.supabase.co/storage/v1/object/public/products-demo_jorge/15308.webp,true,true,Importación CSV
15089,MOGUL MASTI EXTREME SPLASH 12X10X30G,9131.143516,79,12,DISPLAY,display,Golosinas,Golosinas,Snacks,Gomitas,gomitas masti | gomitas extreme splash,0.85,0.0,"Snack de gomitas Masti Extreme Splash, presentación de 12 paquetes de 10 unidades de 30 g.",https://arcorencasa.com/wp-content/uploads/2025/11/20251118-15089-300x300.webp,true,true,Importación CSV
9341,OPERA SIMPLE 28X92G,1039.197852,744,28,UNIDAD,unidad,Galletas y Snacks,Golosinas,Snacks,Galletas,galleta opera | galleta simple,0.15,0.0,"Galleta Opera Simple, presentación de 28 cajas de 92 g.",https://arcorencasa.com/wp-content/uploads/2024/10/20241009-9341-300x300.webp,true,true,Importación CSV
13183,JUGO POLVO BC ANANA 16x18x7G,5796.883367,13,16,DISPLAY,display,Helados,Bebidas,Jugos,Jugo en polvo,jugo en polvo ananá | jugo bc ananá,0.85,0.0,"Jugo en polvo BC Ananá, presentación de 16 paquetes de 7 g.",https://arcorencasa.com/wp-content/uploads/2024/10/20241022-13183-300x300.webp,true,true,Importación CSV
12404,GRAFFITI BLANCO 16X12X45G,1595.1344089999998,197,192,UNIDAD,unidad,Golosinas,Golosinas,Snacks,Obleas,obleas graffitti | oblea chocolate blanco,0.15,0.0,"Oblea rellena bañada en chocolate blanco, marca Cofler, presentación de 45 g.",https://arcorencasa.com/wp-content/uploads/2024/10/20241008-12404-300x300.webp,true,true,Importación CSV
14719,BUTTER TOFFEES BUTTER & CREAM 36X99G,1913.110551,397,36,DISPLAY,display,Caramelos,Golosinas,Caramelos,Toffees,caramelos butter toffees | toffees butter cream,0.85,0.0,"Caramelos Butter Toffees Butter & Cream, presentación de 36 bolsas de 99 g.",https://arcorencasa.com/wp-content/uploads/2024/10/20241028-14719-300x300.webp,true,true,Importación CSV
10600,BEBIDA BC MULTIFRUTA 12x1L,2070.3727989999998,397,12,UNIDAD,unidad,Helados,Bebidas,Bebidas no alcohólicas,Bebidas frutales,bebida multifruta | bebida bc multifruta,0.85,0.0,"Bebida BC Multifruta, presentación de 12 botellas de 1 L.",https://arcorencasa.com/wp-content/uploads/2024/10/20241008-10600-300x300.webp,true,true,Importación CSV
13776,CRIOLLITAS TOSTADAS ARROZ DULCES 24X110G,2158.333386,152,24,UNIDAD,unidad,Galletas y Snacks,Golosinas,Snacks,Galletas,criollitas tostadas | galletas de arroz,0.15,0.0,"Criollitas Tostadas de Arroz Dulces, presentación de 24 paquetes de 110 g.",https://arcorencasa.com/wp-content/uploads/2024/10/20241009-13776-300x300.webp,true,true,Importación CSV
14175,COFLER 60% CACAO CREMOSO 4X16X100G,6715.584094999999,127,64,UNIDAD,unidad,Helados,Golosinas,Snacks,Chocolate,chocolate cofre 60% cacao | cofre cremoso,0.85,0.0,"Chocolate Cofler 60% Cacao Cremoso, presentación de 4 cajas de 16 unidades de 100 g.",https://arcorencasa.com/wp-content/uploads/2024/10/20241008-14175-300x300.webp,true,true,Importación CSV
14419,SALSA NAPOLITANA PREMIUM LC 12X350G,3339.954167,5,12,UNIDAD,unidad,Alimentos y Almacén,Almacén,Salsas,Salsa napolitana,salsa napolitana premium | salsa lc,0.15,0.0,"Salsa Napolitana Premium LC, presentación de 12 frascos de 350 g.",https://arcorencasa.com/wp-content/uploads/2025/03/20250325-14419-300x300.webp,true,true,Importación CSV
3972,HELADO CONO BONOBON 14X135 CC,47235.58675,23,1,BULTO,unidad,Helados,Golosinas,Helados,Helados en cono,helado cono bonobon | helado bonobon,0.85,0.0,"Helado Cono Bonobon, presentación de 14 conos de 135 cc.",https://arcorencasa.com/wp-content/uploads/2024/10/20241010-3972-300x300.webp,true,true,Importación CSV
14324,CHOCOLINAS 50X100G,951.265458,365,50,UNIDAD,unidad,Galletas y Snacks,Golosinas,Galletas,Galletas de chocolate,galletas chocolatinas | chocolatinas,0.15,0.0,"Galletas Chocolinas, presentación de 50 cajas de 100 g.",https://arcorencasa.com/wp-content/uploads/2024/10/20241009-14324-300x300.webp,true,true,Importación CSV
13314,SALSATI POMAROLA 24X340G,1320.741015,48,24,UNIDAD,unidad,Alimentos y Almacén,Almacén,Salsas,Salsa pomarola,salsa salsati pomarola | salsa de tomate,0.15,0.0,"Salsa Salsati Pomarola, presentación de 24 frascos de 340 g.",https://arcorencasa.com/wp-content/uploads/2024/10/20241008-13314-300x300.webp,true,true,Importación CSV
13594,CEREAL CHOCOLATOSOS ARCOR 40X70G,2532.090165,397,40,UNIDAD,unidad,Helados,Golosinas,Cereales,Cereales con chocolate,cereales arcor | cereales chocolatosos,0.85,0.0,"Cereales Chocolatosos Arcor, presentación de 40 cajas de 70 g.",https://cvlbietibaaehgeimxgw.supabase.co/storage/v1/object/public/products-demo_jorge/13594.jpg,true,true,Importación CSV
13864,RAPTOR BARRA PROTEIN COOKIES 6X16X45G,2161.329104,152,96,UNIDAD,unidad,Golosinas,Golosinas,Snacks,Galletas,barra protein cookies | galletas protein,0.15,0.0,"Raptor Barra Protein Cookies, presentación de 6 cajas de 16 unidades de 45 g.",https://cvlbietibaaehgeimxgw.supabase.co/storage/v1/object/public/products-demo_jorge/13864.webp,true,true,Importación CSV
13436,AGUILA BAÑO REPOSTERO CELESTE 8X6X150G,3559.3528189999997,4,48,UNIDAD,unidad,Helados,Repostería,Baños,Baño repostero,baño repostero celeste | baño repostero,0.85,0.0,"Baño Repostero Celeste, presentación de 8 paquetes de 150 g.",https://arcorencasa.com/wp-content/uploads/2024/10/20241008-13436-300x300.webp,true,true,Importación CSV
13802,BATIDO SIMPLE SACIETY PLUS VAINILLA POLVO 6X448G,29791.689268000002,152,6,UNIDAD,unidad,Golosinas,Almacén,Batidos,Batido en polvo,batido vainilla | batido saciety plus,0.15,0.0,"Batido Simple Saciety Plus Vainilla en polvo, presentación de 6 bolsas de 448 g.",https://arcorencasa.com/wp-content/uploads/2024/10/20240416-13802-300x300.webp,true,true,Importación CSV
9509,OPERA SIMPLE POR 4  14X220G,2286.254344,665,14,DISPLAY,display,Galletas y Snacks,Golosinas,Snacks,Galletas,galleta opera por 4 | galleta opera simple,0.15,0.0,"Galleta Opera Simple por 4, presentación de 14 paquetes de 220 g.",https://arcorencasa.com/wp-content/uploads/2024/10/20241009-9509-300x300.webp,true,true,Importación CSV
12453,CRIOLLITAS TOSTADAS DULCES 18X195G,1598.765861,53,18,UNIDAD,unidad,Galletas y Snacks,Golosinas,Snacks,Galletas,criollitas tostadas dulces | galletas dulces,0.15,0.0,"Criollitas Tostadas Dulces, presentación de 18 paquetes de 195 g.",https://arcorencasa.com/wp-content/uploads/2024/10/20241009-12453-300x300.webp,true,true,Importación CSV
12899,COFLER ALMENDRAS 36X140G,7686.039911,397,36,UNIDAD,unidad,Helados,Golosinas,Snacks,Chocolate,cofler almendras | chocolate con almendras,0.85,0.0,"Cofler Almendras, presentación de 36 bolsas de 140 g.",https://arcorencasa.com/wp-content/uploads/2025/05/20250506-12899-300x300.webp,true,true,Importación CSV
11331,HELADO SLICE LIMON 22X70CC,34323.449875,20,1,BULTO,unidad,Helados,Golosinas,Helados,Helados en porciones,helado slice limón | helado limón,0.15,0.0,"Helado Slice Limón, presentación de 22 unidades de 70 cc.",https://arcorencasa.com/wp-content/uploads/2024/10/20241010-11331-300x300.webp,true,true,Importación CSV
14887,HELADO FRAMBUESA CHOCOLATE AMARGO 12X150G,6899.350667,662,12,DISPLAY,display,Helados,Golosinas,Helados,Helados de frambuesa,helado frambuesa chocolate amargo | helado frambuesa,0.15,0.0,"Helado de Frambuesa con Chocolate Amargo, presentación de 12 unidades de 150 g.",https://arcorencasa.com/wp-content/uploads/2025/11/27112025-14887-300x300.webp,true,true,Importación CSV
13392,CRIOLLITAS TOSTADAS ARROZ SIN SAL 24x110G,2158.333386,152,24,UNIDAD,unidad,Galletas y Snacks,Golosinas,Snacks,Galletas,criollitas tostadas sin sal | galletas sin sal,0.15,0.0,"Criollitas Tostadas de Arroz Sin Sal, presentación de 24 paquetes de 110 g.",https://arcorencasa.com/wp-content/uploads/2024/10/20241009-13392-300x300.webp,true,true,Importación CSV
6907,TOPLINE DEFENSE 30X20X6.70G,6923.219974,152,30,DISPLAY,display,Golosinas,Golosinas,Snacks,Galletas,topline defense | snack defense,0.15,0.0,"Topline Defense, presentación de 30 unidades de 20 g.",https://arcorencasa.com/wp-content/uploads/2024/10/20241010-6907-300x300.webp,true,true,Importación CSV
11240,HELADO GELATO COFLER DULCE 6X450CC,6078.194573,74,6,UNIDAD,unidad,Helados,Golosinas,Helados,Helados en porciones,helado gelato cofre dulce | helado gelato,0.85,0.0,"Helado Gelato Cofler Dulce, presentación de 6 envases de 450 cc.",https://arcorencasa.com/wp-content/uploads/2024/10/20241010-11240-300x300.webp,true,true,Importación CSV
11661,ALFAJOR TOFI NEGRO 36X46G,701.058149,944,36,UNIDAD,unidad,Golosinas,Golosinas,Snacks,Alfajores,alfajor tofi negro | alfajor negro,0.15,0.0,"Alfajor Tofi Negro, presentación de 36 unidades de 46 g.",https://arcorencasa.com/wp-content/uploads/2024/10/20241008-11661-300x300.webp,true,true,Importación CSV
10340,AIREADO COFLER LECHE 8x10x55G,3467.844512,843,80,UNIDAD,unidad,Helados,Golosinas,Snacks,Chocolate,aireado cofre leche | cofre leche,0.85,0.0,"Snack Aireado Cofler Leche, presentación de 8 cajas de 10 unidades de 55 g.",https://arcorencasa.com/wp-content/uploads/2024/10/20241008-10340-300x300.webp,true,true,Importación CSV
13188,CACAO ARCOA 20x360G,3472.757717,152,20,UNIDAD,unidad,Alimentos y Almacén,Almacén,Cacao,Cacao en polvo,cacao arcoa | cacao en polvo,0.15,0.0,"Cacao Arcoa, presentación de 20 unidades de 360 g.",https://arcorencasa.com/wp-content/uploads/2024/10/20231008-13188-300x300.webp,true,true,Importación CSV
11584,AIREADO COFLER RELLENO TOFI 8X10X70G,3467.844512,397,80,UNIDAD,unidad,Helados,Golosinas,Snacks,Chocolate,aireado cofre relleno tofi | cofre relleno,0.85,0.0,"Aireado Cofler Relleno Tofi, presentación de 8 packs de 10 unidades de 70 g.",https://arcorencasa.com/wp-content/uploads/2024/10/20241008-11584-300x300.webp,true,true,Importación CSV
13360,ALFAJOR MINITORTA COCO 21X70.5G,1402.116782,152,21,UNIDAD,unidad,Golosinas,Golosinas,Snacks,Alfajores,alfajor minitorta coco | minitorta coco,0.15,0.0,"Alfajor Minitorta Coco, presentación de 21 unidades de 70.5 g.",https://arcorencasa.com/wp-content/uploads/2024/10/20241008-13360-300x300.webp,true,true,Importación CSV
13141,MERMELADA LC FRUTILLA 12x454G,4247.514182999999,152,12,UNIDAD,unidad,Alimentos y Almacén,Almacén,Mermeladas,Mermelada de frutilla,mermelada lc frutilla | mermelada frutilla,0.15,0.0,"Mermelada LC Frutilla, presentación de 12 frascos de 454 g.",https://arcorencasa.com/wp-content/uploads/2024/10/20230718-13141-300x300.webp,true,true,Importación CSV
14369,"GALLETAS COFLER BAÑADAS 16X132,8G",2717.901274,1590,16,DISPLAY,display,Helados,Golosinas,Galletas,Galletas bañadas,galletas cofre bañadas | galletas bañadas,0.85,0.0,"Galletas Cofler Bañadas, presentación de 16 unidades de 132.8 g.",https://arcorencasa.com/wp-content/uploads/2024/10/20241009-14369-300x300.webp,true,true,Importación CSV
12718,BUDIN ARCOR CON FRUTA 18X215G,3241.2326869999997,154,18,UNIDAD,unidad,Helados,Golosinas,Snacks,Budines,budín arcor con fruta | budín con fruta,0.85,0.0,"Budín Arcor con Fruta, presentación de 18 unidades de 215 g.",https://cvlbietibaaehgeimxgw.supabase.co/storage/v1/object/public/products-demo_jorge/12718.jpg,true,true,Importación CSV
14724,TOMATE PELADO SALSATI 24X400G,1631.9482959999998,152,24,UNIDAD,unidad,Alimentos y Almacén,Almacén,Tomates,Tomate pelado,tomate pelado salsati | tomate en lata,0.15,0.0,"Tomate Pelado Salsati, presentación de 24 latas de 400 g.",https://arcorencasa.com/wp-content/uploads/2024/10/20241009-14724-300x300.webp,true,true,Importación CSV
12632,POLENTA PRESTOPRONTA PANCETA Y QUESO 42x250G,1382.191591,82,42,UNIDAD,unidad,Alimentos y Almacén,Almacén,Polenta,Polenta lista,polenta prestopronto | polenta panceta y queso,0.15,0.0,"Polenta Prestopronto Panceta y Queso, presentación de 42 paquetes de 250 g.",https://arcorencasa.com/wp-content/uploads/2024/10/20241008-12632-300x300.webp,true,true,Importación CSV
13949,HELADO POSTRE COFLER 3 PLACERES 6X500G,12785.195049,18,6,UNIDAD,unidad,Helados,Golosinas,Helados,Helados en porciones,helado postre cofre 3 placeres | helado 3 sabores,0.85,0.0,"Helado Postre Cofler 3 Placeres, presentación de 6 envases de 500 g.",https://arcorencasa.com/wp-content/uploads/2024/10/20241010-13949-300x300.webp,true,true,Importación CSV
14400,COFLER AVELLANA 36X140G,7686.039911,28,36,UNIDAD,unidad,Helados,Golosinas,Snacks,Chocolate,cofler avellana | chocolate con avellanas,0.85,0.0,"Cofler Avellana, presentación de 36 bolsas de 140 g.",https://arcorencasa.com/wp-content/uploads/2025/05/20250506-14400-300x300.webp,true,true,Importación CSV
12963,SNACK SALADIX CROSS ORIGINAL 32X67G,972.9626939999999,949,32,UNIDAD,unidad,Galletas y Snacks,Golosinas,Snacks,Galletas,snack saladix cross | galletas saladix,0.15,0.0,"Snack Saladix Cross Original, presentación de 32 unidades de 67 g.",https://arcorencasa.com/wp-content/uploads/2026/01/20260107-12963-300x300.webp,true,true,Importación CSV
15004,TURROCKLETS 4X50X25G,18503.626372,70,4,DISPLAY,display,Helados,Galletas,Galletas de Chocolate,,galletas de chocolate | galletitas de chocolate,0.15,0.0,Galletas de chocolate en formato de 4 packs de 50 unidades de 25g cada uno.,https://arcorencasa.com/wp-content/uploads/2025/02/20250214-15004-300x300.webp,true,true,Importación CSV
12988,EXTRACTO TOMATE LC 12X180G,1897.124515,61,12,UNIDAD,unidad,Alimentos y Almacén,Almacén,Salsas,Extracto de Tomate,extracto de tomate | salsa de tomate,0.15,0.0,"Extracto de tomate en frascos de 180g, presentación de 12 unidades.",https://arcorencasa.com/wp-content/uploads/2024/10/20241008-12988-300x300.webp,true,true,Importación CSV
11886,BUTTER TOFFEES CHOCOLATE MENTA 6X822G,11504.997383,109,6,DISPLAY,display,Caramelos,Golosinas,Toffees,Chocolate Menta,toffees de chocolate | caramelos de menta,0.85,0.0,Toffees de chocolate menta en formato de 6 paquetes de 822g.,https://arcorencasa.com/wp-content/uploads/2024/10/20241010-11886-300x300.webp,true,true,Importación CSV
14347,AGUILA 80% CACAO 4X15X150G,10194.319091,178,60,UNIDAD,unidad,Helados,Chocolates,Chocolate Amargo,80% Cacao,chocolate amargo | chocolate negro,0.85,0.0,Chocolate amargo 80% cacao en formato de 4 cajas de 15 unidades de 150g.,https://arcorencasa.com/wp-content/uploads/2024/10/20241008-14347-300x300.webp,true,true,Importación CSV
13313,SALSA ARCOR POMAROLA 24X340G,1136.644839,977,24,UNIDAD,unidad,Helados,Salsas,Salsa de Tomate,Pomarola,salsa pomarola | salsa de tomate,0.85,0.0,"Salsa Arcor Pomarola en frascos de 340g, presentación de 24 unidades.",https://arcorencasa.com/wp-content/uploads/2024/10/20241008-13313-300x300.webp,true,true,Importación CSV
13830,HELADO POSTRE CHOCOTORTA 6X637G,12785.195049,105,6,UNIDAD,unidad,Helados,Helados,Helados de Postre,Chocotorta,helado chocotorta | helado de chocolate,0.15,0.0,Helado de postre chocotorta en formato de 6 x 637g.,https://arcorencasa.com/wp-content/uploads/2024/10/20241010-13830-300x300.webp,true,true,Importación CSV
12186,HELADO POSTRE TOFI 6X637G,12785.195049,105,6,UNIDAD,unidad,Helados,Helados,Helados de Postre,Tofi,helado tofi | helado de vainilla,0.15,0.0,Helado de postre Tofi en formato de 6 x 637g.,https://arcorencasa.com/wp-content/uploads/2024/10/20241010-12186-300x300.webp,true,true,Importación CSV
13782,MANA LIMON 36X136G,1039.19761,413,36,UNIDAD,unidad,Galletas y Snacks,Galletas,Galletas Dulces,Limón,galletitas de limón | galletas sabor limón,0.15,0.0,Galletitas dulces sabor limón en formato de 136g.,https://arcorencasa.com/wp-content/uploads/2024/10/20241009-13782-300x300.webp,true,true,Importación CSV
13346,TABLETA ARCOR MILK POR 4 4X20X48G,2103.636425,397,80,DISPLAY,display,Helados,Chocolates,Chocolate con Leche,,chocolate con leche | chocolate arcor,0.85,0.0,Tableta de chocolate con leche en formato de 48g.,https://arcorencasa.com/wp-content/uploads/2025/03/20250325-13346-300x300.webp,true,true,Importación CSV
4848,ALFAJOR TOFI TRIPLE NEGRO 21X73 G,1402.116782,152,21,UNIDAD,unidad,Golosinas,Chocolates,Alfajores,Triple Negro,alfajor triple negro | alfajor de chocolate negro,0.15,0.0,Alfajor Tofi triple negro en formato de 21 unidades de 73g.,https://arcorencasa.com/wp-content/uploads/2024/10/20241008-4848-300x300.webp,true,true,Importación CSV
15319,CEREAL MIX PISTACHO 6X20X38G,911.3888189999999,172,120,UNIDAD,unidad,Golosinas,Cereales,Snacks,Pistacho,cereal pistacho | snack de pistacho,0.15,0.0,Cereal mix pistacho en formato de 6 cajas de 20 unidades de 38g.,https://arcorencasa.com/wp-content/uploads/2025/10/20250922-15319-300x300.webp,true,true,Importación CSV
13245,LENTEJAS ARCOR 24X300G,1387.047563,974,24,UNIDAD,unidad,Helados,Almacén,Legumbres,Lentejas,lentejas arcor | lentejas secas,0.85,0.0,"Lentejas Arcor en paquetes de 300g, presentación de 24 unidades.",https://arcorencasa.com/wp-content/uploads/2024/10/20241008-13245-300x300.webp,true,true,Importación CSV
13216,MERMELADA ARCOR DURAZNO 12X454G,2823.446428,964,12,UNIDAD,unidad,Helados,Almacén,Mermeladas,Durazno,mermelada de durazno | mermelada arcor,0.85,0.0,"Mermelada Arcor de durazno en frascos de 454g, presentación de 12 unidades.",https://arcorencasa.com/wp-content/uploads/2024/10/20241008-13216-300x300.webp,true,true,Importación CSV
11587,COFLER BLOCK 8X1KG,34710.000347,40,8,UNIDAD,unidad,Helados,Chocolates,Chocolate,,chocolate coflers | chocolate en bloque,0.85,0.0,Cofler block en formato de 8 bloques de 1kg.,https://arcorencasa.com/wp-content/uploads/2025/06/20250609-11587-300x300.webp,true,true,Importación CSV
13657,CONDIMENTO PIMIENTA NEGRA GRANO 4X10X23G,1408.064053,152,40,UNIDAD,unidad,Helados,Condimentos,Pimienta,Negra en Grano,pimienta negra | pimienta en grano,0.15,0.0,Pimienta negra en grano en formato de 4 cajas de 10 unidades de 23g.,https://arcorencasa.com/wp-content/uploads/2024/10/20241008-13657-300x300.webp,true,true,Importación CSV
14559,GELATINA MOGUL CEREZA 6X8X25GR,887.048217,397,48,UNIDAD,unidad,Golosinas,Golosinas,Gelatinas,Cereza,gelatina de cereza | gelatina mogul,0.85,0.0,Gelatina Mogul de cereza en formato de 6 paquetes de 8 unidades de 25g.,https://cvlbietibaaehgeimxgw.supabase.co/storage/v1/object/public/products-demo_jorge/14559.jpg,true,true,Importación CSV
15075,MOGUL MASTI SPLASH UVA Y TUTTI FRUTTI 12X10X30G,9131.143516,30,12,DISPLAY,display,Golosinas,Golosinas,Snacks,Uva y Tutti Frutti,snack uva | snack tutti frutti,0.85,0.0,Mogul Masti Splash en sabores uva y tutti frutti en formato de 12 cajas de 10 unidades de 30g.,https://arcorencasa.com/wp-content/uploads/2025/11/20251118-15075-300x300.webp,true,true,Importación CSV
14610,TABLETA BON O BON 4X10X160G,6877.315962000001,352,40,UNIDAD,unidad,Helados,Chocolates,Chocolate con Maní,,tableta bon o bon | chocolate bon o bon,0.85,0.0,Tableta de chocolate con leche y maní en formato de 160g.,https://arcorencasa.com/wp-content/uploads/2024/10/20241008-14610-300x300.webp,true,true,Importación CSV
15061,CHOCOLATE ARCOR 50% CACAO 8X10X80G,2913.044629,397,80,UNIDAD,unidad,Helados,Chocolates,Chocolate,50% Cacao,chocolate arcor 50% | chocolate con cacao,0.85,0.0,Chocolate Arcor 50% cacao en formato de 8 unidades de 80g.,https://arcorencasa.com/wp-content/uploads/2025/07/20250723-15061-300x300.webp,true,true,Importación CSV
15076,MOGUL MASTI SPLASH UVA Y ANANA 36X72G,1646.3727059999999,282,36,UNIDAD,unidad,Golosinas,Golosinas,Snacks,Uva y Ananá,snack uva y ananá | golosina uva y ananá,0.85,0.0,Mogul Masti Splash en sabores uva y ananá en formato de 36 cajas de 72g.,https://arcorencasa.com/wp-content/uploads/2025/11/20251118-15076-300x300.webp,true,true,Importación CSV
12544,CONDIMENTO TOMILLO 4X10X15G,812.2593269999999,152,40,UNIDAD,unidad,Helados,Condimentos,Especias,Tomillo,condimento tomillo | tomillo seco,0.15,0.0,Condimento tomillo en formato de 4 cajas de 10 unidades de 15g.,https://arcorencasa.com/wp-content/uploads/2024/10/20241008-12544-300x300.webp,true,true,Importación CSV
14263,HELADO COFLER BLOCK POR 4 10X4X63G,12055.845285,397,10,DISPLAY,display,Helados,Helados,Helados,Cofler Block,helado coflers | helado en bloque,0.85,0.0,Helado Cofler Block en formato de 10 unidades de 4x63g.,https://arcorencasa.com/wp-content/uploads/2024/10/20241010-14263-300x300.webp,true,true,Importación CSV
14435,JUGO POLVO ARCOR NARANJA BANANA 12X18X15G,5796.884214,38,12,DISPLAY,display,Helados,Bebidas,Jugo en Polvo,Naranja Banana,jugo en polvo | jugo arcor,0.85,0.0,Jugo en polvo Arcor de naranja y banana en formato de 12 sobres de 15g.,https://arcorencasa.com/wp-content/uploads/2024/10/20241028-14435-300x300.webp,true,true,Importación CSV
14167,MOGUL LENGUAS MAX TUTTI FRUTTI 6X24X15G,11769.010307999999,93,6,DISPLAY,display,Golosinas,Golosinas,Golosinas,Tutti Frutti,golosinas tutti frutti | lenguas max,0.85,0.0,Mogul Lenguas Max en sabor tutti frutti en formato de 6 cajas de 24 unidades.,https://arcorencasa.com/wp-content/uploads/2024/10/20241010-14167-300x300.webp,true,true,Importación CSV
14782,HELADO FRAMBUESA CHOCOLATE CON LECHE 12X150G,6899.350667,1058,12,DISPLAY,display,Helados,Helados,Helados,Frambuesa Chocolate,helado frambuesa | helado chocolate con leche,0.15,0.0,Helado de frambuesa y chocolate con leche en formato de 12 unidades de 150g.,https://arcorencasa.com/wp-content/uploads/2025/11/27112025-14782-300x300.webp,true,true,Importación CSV
12698,MEMBRILLO LC LATA 12X700G,6247.197813999999,152,12,UNIDAD,unidad,Alimentos y Almacén,Almacén,Frutas en Conserva,Membrillo,membrillo en lata | membrillo lc,0.15,0.0,"Membrillo LC en lata de 700g, presentación de 12 unidades.",https://arcorencasa.com/wp-content/uploads/2024/10/20241008-12698-300x300.webp,true,true,Importación CSV
12102,TOPLINE SEVEN ULTRA CLEAN MINT 12X12X24G,21795.782756,61,12,DISPLAY,display,Golosinas,Golosinas,Chicles,Menta,chicle de menta | chicle top line,0.15,0.0,Chicle sabor menta limpia en formato de 12 unidades de 24g.,https://cvlbietibaaehgeimxgw.supabase.co/storage/v1/object/public/products-demo_jorge/12102.jpg,true,true,Importación CSV
14238,ALMENDRA DOBLE TENTACION AGUILA 30x120G,6330.225957,6,30,UNIDAD,unidad,Helados,Snacks,Almendras,Doble Tentación,almendras doble tentación | snack de almendras,0.85,0.0,Almendras Doble Tentación Águila en formato de 30 unidades de 120g.,https://cvlbietibaaehgeimxgw.supabase.co/storage/v1/object/public/products-demo_jorge/14238.webp,true,true,Importación CSV
4053,ALFAJOR TATIN TRIPLE BLANCO 21X60G,841.269803,1219,21,UNIDAD,unidad,Golosinas,Chocolates,Alfajores,Triple Blanco,alfajor triple blanco | alfajor tatin,0.15,0.0,Alfajor Tatin triple blanco en formato de 21 unidades de 60g.,https://arcorencasa.com/wp-content/uploads/2024/10/20241008-4053-300x300.webp,true,true,Importación CSV
10747,MOGUL FRUTILLA Y CREMA 6x500G,7276.925722,277,6,UNIDAD,unidad,Golosinas,Golosinas,Postres,Frutilla y Crema,postre frutilla y crema | mogul frutilla,0.85,0.0,Mogul Frutilla y Crema en formato de 6 x 500g.,https://arcorencasa.com/wp-content/uploads/2024/10/20241010-10747-300x300.webp,true,true,Importación CSV
14394,TRAVIATA CON KESITAS 36X96G,799.3829910000001,1277,36,UNIDAD,unidad,Galletas y Snacks,Golosinas,Galletas,Con Kesitas,galletas traviata | galletas con kesitas,0.15,0.0,Galletas Traviata con Kesitas en formato de 36 cajas de 96g.,https://arcorencasa.com/wp-content/uploads/2024/10/20241009-14394-300x300.webp,true,true,Importación CSV
2001,MOGUL TIBURON 12X12X30G,6800.9140210000005,652,12,DISPLAY,display,Golosinas,Golosinas,Gomitas,Frutales,gomitas tiburón | gomitas frutales,0.85,0.0,Mogul Tiburón en formato de 12 displays con 12 unidades de 30g.,https://arcorencasa.com/wp-content/uploads/2024/10/20241010-2001-300x300.webp,true,true,Importación CSV
10343,AIREADO COFLER ALMENDRAS 8x10x55G,3467.844512,968,80,UNIDAD,unidad,Helados,Golosinas,Snacks,Almendras,snack aireado | aireado coflers,0.85,0.0,Aireado Cofler Almendras en formato de 8 cajas de 10 unidades de 55g.,https://arcorencasa.com/wp-content/uploads/2024/10/20241008-10343-300x300.webp,true,true,Importación CSV
13190,POSTRE GODET DULCE DE LECHE 6X8X60G,952.287424,1,48,UNIDAD,unidad,Alimentos y Almacén,Golosinas,Postres,Dulce de Leche,postre dulce de leche | postre godet,0.15,0.0,Postre Godet Dulce de Leche en formato de 6 packs de 8 unidades de 60g.,https://arcorencasa.com/wp-content/uploads/2024/10/20241008-13190-300x300.webp,true,true,Importación CSV
13023,MOGUL OSO EXTREME 12X10X50G,9174.498058,332,12,DISPLAY,display,Golosinas,Golosinas,Gomitas,Frutales,gomitas en forma de oso | gomitas ácidas,0.85,0.0,Mogul Oso Extreme en formato de 12 cajas de 10 unidades de 50g.,https://arcorencasa.com/wp-content/uploads/2024/10/20241010-13023-300x300.webp,true,true,Importación CSV
10336,AIREADO COFLER LECHE 8x20x27G,1803.3076489999999,961,160,UNIDAD,unidad,Helados,Golosinas,Snacks,Leche,aireado coflers leche | snack aireado,0.85,0.0,Aireado Cofler Leche en formato de 8 packs de 20 unidades de 27g.,https://arcorencasa.com/wp-content/uploads/2024/10/20241008-10336-300x300.webp,true,true,Importación CSV
13296,HOGAREÑAS CON SALVADO 30X200G,1318.981433,152,30,UNIDAD,unidad,Galletas y Snacks,Galletas,Galletas Saludables,Con Salvado,galletas con salvado | galletas saludables,0.15,0.0,Hogareñas con salvado en formato de 30 bolsas de 200g.,https://arcorencasa.com/wp-content/uploads/2024/10/20241009-13296-300x300.webp,true,true,Importación CSV
12731,PAN DULCE BAGLEY CON FRUTA 12X400G,6915.887858,397,12,UNIDAD,unidad,Galletas y Snacks,Almacén,Pan Dulce,Con Fruta,pan dulce bagley | pan dulce con fruta,0.85,0.0,Pan dulce Bagley con fruta en formato de 12 unidades de 400g.,https://cvlbietibaaehgeimxgw.supabase.co/storage/v1/object/public/products-demo_jorge/12731.jpg,true,true,Importación CSV
10620,MANI CON CHOCOLATE ARCOR 40X80G,2532.090165,397,40,UNIDAD,unidad,Helados,Golosinas,Snacks,Maní con Chocolate,maní con chocolate | snack de maní,0.85,0.0,Maní con chocolate Arcor en formato de 40 unidades de 80g.,https://cvlbietibaaehgeimxgw.supabase.co/storage/v1/object/public/products-demo_jorge/10620.jpg,true,true,Importación CSV
13796,BROWNIE ARCOR SIN TACC 12X425G,5022.419116,25,12,UNIDAD,unidad,Helados,Almacén,Premezclas,Sin TACC,premezcla brownie | brownie sin tacc,0.85,0.0,Premezcla para brownie sin TACC en formato de 425g.,https://arcorencasa.com/wp-content/uploads/2024/10/20241008-13796-300x300.webp,true,true,Importación CSV
13384,SNACK SALADIX CHIPS FUEGO 20X60G,1356.0236469999998,152,20,UNIDAD,unidad,Galletas y Snacks,Snacks,Chips,Picantes,snack picante | chips picantes | saladix fuego,0.15,0.0,Chips picantes Saladix en presentación de 20 bolsas de 60 g.,https://arcorencasa.com/wp-content/uploads/2024/10/20241009-13384-300x300.webp,true,true,Importación CSV
14218,HELADO PALITO MOGUL TUBITO 24X50G,30563.889124999998,48,1,BULTO,unidad,Golosinas,Helados,Helados en Palito,Tubito,helado en palito | helado tubito | mogul tubito,0.85,0.0,"Helado en palito Mogul Tubito de 50 g, presentación de 24 unidades.",https://arcorencasa.com/wp-content/uploads/2024/10/20241010-14218-300x300.webp,true,true,Importación CSV
14201,BEBIDA ARCOR MULTIFRUTA 12X1L,1722.633319,397,12,UNIDAD,unidad,Helados,Bebidas,Jugos,Multifruta,bebida de frutas | bebida multifruta | jugo multifruta,0.85,0.0,Bebida Arcor Multifruta en formato de 12 envases de 1 litro.,https://cvlbietibaaehgeimxgw.supabase.co/storage/v1/object/public/products-demo_jorge/14201.webp,true,true,Importación CSV
3092,MOGUL EUCALIPTUS 6X1KG,11910.587689,588,6,UNIDAD,unidad,Golosinas,Helados,Helados en Barra,Eucaliptus,helado eucaliptus | mogul eucaliptus,0.85,0.0,Helado Mogul Eucaliptus en presentación de 6 paquetes de 1 kg.,https://cvlbietibaaehgeimxgw.supabase.co/storage/v1/object/public/products-demo_jorge/3092.webp,true,true,Importación CSV
15007,"ALFAJOR CHOCOTORTA 21X71,5G",1402.116782,2274,21,UNIDAD,unidad,Golosinas,Golosinas,Alfajores,Chocotorta,alfajor chocotorta | alfajor chocolinas,0.15,0.0,"Alfajor Chocotorta en presentación de 21 unidades de 71,5 g.",https://arcorencasa.com/wp-content/uploads/2025/05/20250506-15007-300x300.webp,true,true,Importación CSV
13241,CHOCLO LC ENTERO 24X300G,2020.5021649999999,233,24,UNIDAD,unidad,Alimentos y Almacén,Almacén,Vegetales en Conserva,Choclo,choclo en lata | choclo entero,0.15,0.0,Choclo LC Entero en formato de 24 latas de 300 g.,https://arcorencasa.com/wp-content/uploads/2024/10/20241008-13241-300x300.webp,true,true,Importación CSV
13873,POLENTA PRESTOPRONTA 30X490G,1492.9571689999998,4095,30,UNIDAD,unidad,Alimentos y Almacén,Almacén,Harinas y Cereales,Polenta,polenta lista | polenta pre cocida,0.15,0.0,Polenta Prestopronta en presentación de 30 paquetes de 490 g.,https://arcorencasa.com/wp-content/uploads/2024/10/20241008-13873-300x300.webp,true,true,Importación CSV
13111,POSTRE AGUILA CHOCO TRIFLE 21x160G,6203.6215999999995,3,21,UNIDAD,unidad,Helados,Postres,Postres en Vasito,Choco Trifle,postre trifle | postre águile,0.85,0.0,Postre Águila Choco Trifle en formato de 21 unidades de 160 g.,https://cvlbietibaaehgeimxgw.supabase.co/storage/v1/object/public/products-demo_jorge/13111.webp,true,true,Importación CSV
12700,MEMBRILLO LC LATA X5KG,29673.778276999998,35,2,UNIDAD,unidad,Alimentos y Almacén,Almacén,Conservas,Membrillo,membrillo en lata | membrillo,0.15,0.0,Membrillo LC en lata de 5 kg.,https://arcorencasa.com/wp-content/uploads/2024/10/20241008-12700-300x300.webp,true,true,Importación CSV
13781,MANA LECHE 36X136G,1039.19761,42,36,UNIDAD,unidad,Galletas y Snacks,Galletas,Galletas Rellenas,Leche,galletitas maná | maná leche,0.15,0.0,Galletitas Maná Leche en presentación de 36 unidades de 136 g.,https://arcorencasa.com/wp-content/uploads/2024/10/20241009-13781-300x300.webp,true,true,Importación CSV
13453,CONDIMENTO ROMERO 4X10X15G,812.2593269999999,9,40,UNIDAD,unidad,Helados,Condimentos,Especias,Romero,romero seco | condimento romero,0.15,0.0,Condimento Romero en formato de 4 paquetes de 10 unidades de 15 g.,https://arcorencasa.com/wp-content/uploads/2024/10/20241008-13453-300x300.webp,true,true,Importación CSV
7463,TOFI LECHE RELLENO 12X25X28G,1595.2329029999999,1001,300,UNIDAD,unidad,Golosinas,Golosinas,Snacks,Leche Rellena,tofi leche | tofi relleno,0.15,0.0,Tofi Leche Relleno en presentación de 12 cajas de 25 unidades de 28 g.,https://cvlbietibaaehgeimxgw.supabase.co/storage/v1/object/public/products-demo_jorge/7463.jpg,true,true,Importación CSV
15188,PASSATA DE TOMATE LC 12X340G,2052.64158,152,12,UNIDAD,unidad,Alimentos y Almacén,Galletas,Galletas,Acarameladas,galletitas maná acarameladas | maná acaramelada,0.15,0.0,"Galletitas acarameladas marca Maná, formato de 145 gramos.",https://arcorencasa.com/wp-content/uploads/2025/08/20250820-15188-300x300.webp,true,true,Importación CSV
3792,CEREAL MIX LIGHT MANZANA 6X20X23G,841.269803,462,120,UNIDAD,unidad,Golosinas,Barras y Turrones,Snacks Saludables/Obleas,CEREAL MIX,cerealdemanzana|barrademanzana,0.15,0.0,"Descubre el irresistible Cereal Mix Light Manzana, una opción deliciosa y saludable que atrae a los consumidores conscientes. Presentado en un práctico formato de 6 cajas de 20 unidades de 23g cada una, es perfecto para el desayuno o un snack ligero. Su combinación de sabores frescos y crujientes lo convierte en un favorito para quienes buscan opciones bajas en calorías. Colócalo en tu mostrador y aprovecha su alta rotación: ideal para compras por impulso y con un excelente margen de ganancia. ¡No te lo pierdas!
Importante: los clientes se refieren a este producto como cereal de manzana o barra de manzana.",https://arcorencasa.com/wp-content/uploads/2025/08/20250805-3792-300x300.webp,true,true,Importación CSV
11828,CARAMELO RELLENOS MIEL 6X675G,9588.894744,388,6,UNIDAD,display,Helados,Palitos/Postres,ARCOR,,,0.15,0.0,"¡Descubre el irresistible sabor de los Caramelos Rellenos Miel! Este delicioso producto combina la dulzura natural de la miel con una textura suave y un relleno cremoso que encantará a tus clientes. Presentado en un formato práctico de 6 bolsas de 675g, es ideal para exhibir en tu kiosco o almacén. Su atractivo sabor y envoltura llamativa fomentan la compra por impulso, asegurando un excelente margen de ganancia y una rápida rotación. ¡No dejes pasar la oportunidad de sumar sabor a tu negocio!",https://cvlbietibaaehgeimxgw.supabase.co/storage/v1/object/public/products-demo_jorge/11828.jpg,true,true,Importación CSV
1693,MOGUL CEREBRITOS 12X12X30G,6239.3706870000005,397,12,DISPLAY,display,Golosinas,Gomitas,Gomitas y Gelatinas,MOGUL,,0.85,0.0,"¡Descubre MOGUL CEREBRITOS, el snack que está revolucionando el mundo de los golosinas! Con su irresistible mezcla de sabores y formas divertidas, es el compañero perfecto para los momentos de ocio y diversión. Presentado en un formato ideal de 12 cajas de 12 unidades de 30g, cada porción es fácil de llevar y compartir. Este producto se vende rápidamente gracias a su atractivo para niños y adultos, garantizando un alto margen de ganancia y una rotación constante en tu mostrador. ¡No te quedes sin ellos!",https://cvlbietibaaehgeimxgw.supabase.co/storage/v1/object/public/products-demo_jorge/1693.jpg,true,true,Importación CSV
12608,BIZCOCHUELO SIN TACC CHOCOLATE 12X500G,4760.379459,1,12,UNIDAD,unidad,Helados,Palitos/Postres,ARCOR,,,0.15,0.0,"¡Descubre el irresistible Bizcochuelo Sin TACC de Chocolate! Este delicioso postre es perfecto para quienes buscan una opción libre de gluten sin sacrificar el sabor. Presentado en un formato práctico de 12 paquetes de 500g, es ideal para abastecer tu kiosco o almacén. Su atractivo sabor y textura suave lo convierten en una opción perfecta para la compra por impulso. Atrae a un público diverso y maximiza tu rentabilidad con un excelente margen. ¡No dejes pasar esta oportunidad!",https://arcorencasa.com/wp-content/uploads/2024/10/20241008-12608-300x300.webp,true,true,Importación CSV
11915,BONOBON LECHE 16X18X15G,8891.679918,87,16,DISPLAY,display,Helados,Palitos/Postres,BONOBON,,,0.85,0.0,"¡Descubre el irresistible sabor de Bonobón Leche! Este delicioso chocolate con relleno de leche es el favorito de grandes y chicos, ideal para satisfacer esos antojos. Viene en un práctico formato de 16 cajas de 18 unidades cada una, perfecto para exhibir en tu kiosco o almacén. Su atractivo sabor y presentación lo convierten en un producto de compra por impulso, asegurando un margen atractivo y una rotación rápida al atraer a tu público objetivo. ¡No dejes pasar esta oportunidad!",https://arcorencasa.com/wp-content/uploads/2024/10/20241008-11915-300x300.webp,true,true,Importación CSV
15251,HELADO BARRITA AGUILA PISTACHO 8X6X34G,11203.733035,179,8,DISPLAY,display,Helados,Palitos/Postres,AGUILA,,,0.85,0.0,"Descubre el irresistible sabor del Helado Barrita Águila Pistacho, el favorito de quienes buscan un momento de frescura y deleite. Presentado en un formato de 8 cajas de 6 unidades de 34g cada una, es perfecto para mantener en tu kiosco. Su atractivo sabor a pistacho y su textura cremosa lo convierten en una opción ideal para la compra por impulso. Con un alto margen de ganancia y un público amante de los helados, ¡no dejes pasar la oportunidad de aumentar tu rotación!",https://arcorencasa.com/wp-content/uploads/2026/02/20260206-15251-1-300x300.webp,true,true,Importación CSV
10131,MENTHO PLUS MIEL 12X12X29.4G,6708.347811,283,12,DISPLAY,display,Golosinas,Chicles y Pastillas,Pastillas para Aliento/Diversión,MENTHO PLUS,,0.15,0.0,"¡Descubre el irresistible sabor de MENTHO PLUS MIEL! Este caramelo combina la frescura mentolada con un toque dulce de miel, ideal para quienes buscan un respiro refrescante. Presentado en un formato de 12 displays de 12 unidades de 29.4g cada uno, es perfecto para exhibir en tu kiosco o almacén. Su atractivo sabor impulsa la compra por impulso, garantizando un alto margen de ganancias y captando la atención de clientes que valoran un alivio instantáneo. ¡No te lo pierdas!",https://arcorencasa.com/wp-content/uploads/2024/10/20241010-10131-300x300.webp,true,true,Importación CSV
10301,KETCHUP LC COMUN 24X250G,1548.6637540000002,226,24,UNIDAD,unidad,Alimentos y Almacén,Salsas y Condimentos,Salsas y Tomates,LA CAMPAGNOLA,,0.15,0.0,"¡Descubre el sabor inconfundible del Ketchup LC, un clásico que nunca pasa de moda! Este formato de 24 frascos de 250g es perfecto para acompañar hamburguesas, papas fritas y más. Su presentación ideal asegura que tus clientes siempre tengan a mano su aderezo favorito. Con un alto margen de ganancia y su atractivo para la compra por impulso, este ketchup es un must-have en tu mostrador. ¡Aumenta tu rotación y deleita a todos con la calidad de LC!",https://arcorencasa.com/wp-content/uploads/2026/01/20260122-10301-300x300.webp,true,true,Importación CSV
15034,RAMEN POLLO PICANTE 24X70G,1294.768849,152,24,UNIDAD,unidad,Helados,Palitos/Postres,ARCOR,,fideoconpollopicante,0.15,0.0,"¡Descubre la explosiva combinación de sabores de nuestro Ramen Pollo Picante! Este delicioso producto, con su inconfundible toque picante, está en sintonía con las tendencias actuales de comida rápida y sabrosa. Presentado en un formato de 24 unidades de 70g, es perfecto para reabastecer tu kioskó o almacén. Su atractivo para los amantes de la comida asiática garantiza una alta rotación, convirtiéndolo en una excelente opción para compras por impulso. ¡Aumenta tus márgenes y deleita a tus clientes!",https://arcorencasa.com/wp-content/uploads/2025/04/20250408-15034-300x300.webp,true,true,Importación CSV
2835,TURRON MANI ARCOR 3X18X120G,1654.739856,26,54,UNIDAD,unidad,Helados,Palitos/Postres,ARCOR,,,0.85,0.0,"Descubre la irresistible combinación de sabor y textura con el Turrón de Maní Arcor. Este delicioso dulce, ideal para cualquier ocasión, cautivará a tus clientes con su sabor auténtico y su calidad de marca reconocida. Cada caja contiene 3 displays de 18 unidades de 120g, perfectos para exhibir en tu kiosco o almacén. Su atractivo precio y popularidad garantizan una rápida rotación, convirtiéndolo en una opción ideal para compras por impulso y maximizando tu margen de ganancias. ¡No dejes pasar esta oportunidad!",https://cvlbietibaaehgeimxgw.supabase.co/storage/v1/object/public/products-demo_jorge/2835.jpg,true,true,Importación CSV
13644,GARRAPIÑADA CON CHOCOLATE ARCOR 30X100G,3839.197021,7,30,UNIDAD,unidad,Helados,Palitos/Postres,ARCOR,,,0.85,0.0,"Descubre la irresistible GARRAPIÑADA CON CHOCOLATE ARCOR, un deleite que combina la crocancia de la garrapiñada con el suave chocolate, ideal para cautivar a tus clientes. Cada caja contiene 30 unidades de 100g, perfectas para exhibir en tu kiosco o almacén. Este snack es un éxito de ventas, ideal para compras por impulso, con un atractivo margen de ganancia. Atrae a un público variado, desde niños hasta adultos, ¡y asegura una rotación rápida en tu negocio!",https://cvlbietibaaehgeimxgw.supabase.co/storage/v1/object/public/products-demo_jorge/13644.webp,true,true,Importación CSV
14883,HELADO BARRITA AGUILA AMERICANA 8X6X34G,11203.733035,5,8,DISPLAY,display,Helados,Palitos/Postres,AGUILA,,,0.85,0.0,"¡Descubre el irresistible Helado Barrita Águila Americana! Su sabor cremoso y delicioso es perfecto para refrescar a tus clientes en cualquier momento. Presentado en un práctico formato de 8 cajas con 6 unidades de 34g cada una, este producto es ideal para exhibir en tu mostrador. Con un alto margen de ganancia y una alta demanda, atraerás a los amantes de los helados y fomentarás las compras por impulso. ¡No dejes pasar la oportunidad de incrementar tus ventas!",https://arcorencasa.com/wp-content/uploads/2026/02/20260206-14883-1-300x300.webp,true,true,Importación CSV
15190,MANA ACARAMELADA 36X145G,1039.19761,687,36,UNIDAD,unidad,Galletas y Snacks,Galletas Dulces,Galletas Rellenas/Secas,MANA,,0.15,0.0,"Galletitas acarameladas marca Maná, formato de 145 gramos.",https://arcorencasa.com/wp-content/uploads/2025/04/20250408-15190-300x300.webp,true,true,Importación CSV
15148,MOGUL BITES BAÑADO POTE 12X150G,4478.115983,18,12,UNIDAD,unidad,Golosinas,Golosinas,Bocaditos,Bañados,mogul bites | bocaditos bañados,0.85,0.0,Mogul Bites Bañado en formato de 12 unidades de 150 g.,https://arcorencasa.com/wp-content/uploads/2025/07/20250723-15148-300x300.webp,true,true,Importación CSV
14156,CHICLE FLICS TUTTI FRUTTI 24X12X17G,7376.556275,31,24,DISPLAY,display,Golosinas,Golosinas,Chicles,Tutti Frutti,chicle tutti frutti | chicle flics,0.15,0.0,Chicle Flics Tutti Frutti en presentación de 24 cajas de 12 unidades de 17 g.,https://arcorencasa.com/wp-content/uploads/2025/05/20250514-14156-300x300.webp,true,true,Importación CSV
11811,MR POPS CHUPETIN TUTTI FRUTTI 12X24X18G,5026.247072,152,12,DISPLAY,display,Golosinas,Golosinas,Chupetines,Surtido,chupetines surtidos | chupetines mr pops,0.15,0.0,Chupetines Mr. Pops Surtido en formato de 12 displays de 24 unidades de 18 g.,https://cvlbietibaaehgeimxgw.supabase.co/storage/v1/object/public/products-demo_jorge/11811.webp,true,true,Importación CSV
15213,CARAMELO RELLENOS FRUTALES 48X80G,1181.694591,123,48,DISPLAY,display,Helados,Golosinas,Caramelos,Rellenos Frutales,caramelos frutales | caramelos rellenos,0.15,0.0,Caramelos Rellenos Frutales en presentación de 48 unidades de 80 g.,https://arcorencasa.com/wp-content/uploads/2025/08/20250725-15213-300x300.webp,true,true,Importación CSV
13175,BIZCOCHUELO GODET MARMOLADO 12X500G,3481.958678,121,12,UNIDAD,unidad,Alimentos y Almacén,Postres,Bizcochuelos,Marmolado,bizcochuelo marmolado | bizcochuelo godet,0.15,0.0,Bizcochuelo Godet Marmolado en presentación de 12 unidades de 500 g.,https://arcorencasa.com/wp-content/uploads/2024/10/20241008-13175-300x300.webp,true,true,Importación CSV
13709,COFLER BLOCK BLANCO 8x20x38G,1664.5129049999998,7524,160,UNIDAD,unidad,Helados,Golosinas,Chocolate,Block Blanco,cofler block blanco | chocolate blanco,0.85,0.0,Cofler Block Blanco en formato de 8 cajas de 20 unidades de 38 g.,https://arcorencasa.com/wp-content/uploads/2024/10/20241008-13709-300x300.webp,true,true,Importación CSV
15203,SALADIX CALABRESA 8X6X40G,4069.999802,440,48,UNIDAD,unidad,Galletas y Snacks,Snacks,Saladix,Calabresa,saladix calabresa | snack calabresa,0.15,0.0,Saladix Calabresa en presentación de 8 paquetes de 6 unidades de 40 g.,https://arcorencasa.com/wp-content/uploads/2025/07/20250627-15203-300x300.webp,true,true,Importación CSV
3081,MOGUL JELLY BUTTONS 6X1KG,11910.587689,1061,6,UNIDAD,unidad,Golosinas,Golosinas,Jelly,Buttons,jelly buttons | golosinas jelly,0.85,0.0,Mogul Jelly Buttons en formato de 6 paquetes de 1 kg.,https://cvlbietibaaehgeimxgw.supabase.co/storage/v1/object/public/products-demo_jorge/3081.jpg,true,true,Importación CSV
11810,MR POPS CHUPETIN SURTIDO POR 24 12X24X18G,5528.871149999999,85,12,DISPLAY,display,Golosinas,Golosinas,Chupetines,Surtido,chupetines surtidos | chupetines mr pops,0.15,0.0,Chupetines Mr. Pops Surtido en formato de 12 displays de 24 unidades de 18 g.,https://arcorencasa.com/wp-content/uploads/2024/10/20241010-11810-300x300.webp,true,true,Importación CSV
14408,TRAVIATA SANDWICH POR 3 16X3X108G,1841.985299,3770,16,DISPLAY,display,Galletas y Snacks,Alimentos,Sándwiches,Traviata,sándwich traviata | traviata sandwich,0.15,0.0,Sándwich Traviata en presentación de 16 unidades de 108 g.,https://arcorencasa.com/wp-content/uploads/2024/10/20241009-14408-300x300.webp,true,true,Importación CSV
2965,CARAMELO RODAJAS  CRAZY 12X465G,7069.353973,52,12,DISPLAY,display,Helados,Golosinas,Caramelos,Rodajas,caramelos rodajas | rodajas crazy,0.15,0.0,Rodajas de Caramelo Crazy en presentación de 12 bolsas de 465 g.,https://cvlbietibaaehgeimxgw.supabase.co/storage/v1/object/public/products-demo_jorge/2965.jpg,true,true,Importación CSV
13430,HUEVO ARCOR MILK FP 8X12X22G,24963.738327,23,8,DISPLAY,display,Helados,Golosinas,Huevos de Chocolate,Arcor,huevo de chocolate | huevo arcor,0.85,0.0,"Huevo de chocolate con leche, marca Arcor, formato de 22 gramos.",https://arcorencasa.com/wp-content/uploads/2024/10/20241008-13430-300x300.webp,true,true,Importación CSV
13783,MANA VAINILLA 36X136G,1039.19761,1611,36,UNIDAD,unidad,Galletas y Snacks,Galletas,Galletas Rellenas,Vainilla,galletitas maná vainilla | maná vainilla,0.15,0.0,Galletitas Maná Vainilla en presentación de 36 unidades de 136 g.,https://arcorencasa.com/wp-content/uploads/2024/10/20241009-13783-300x300.webp,true,true,Importación CSV
14242,PASAS DE UVA CON CHOCOLATE AGUILA MAX 30X120G,6330.225957,5,30,DISPLAY,display,Helados,Golosinas,Pasas,Con Chocolate,pasas con chocolate | pasas águila,0.85,0.0,Pasas de Uva con Chocolate Águila en presentación de 30 bolsas de 120 g.,https://cvlbietibaaehgeimxgw.supabase.co/storage/v1/object/public/products-demo_jorge/14242.jpg,true,true,Importación CSV
3269,TOPLINE SEVEN MANDARINA 36X16X14G,11427.747837,152,36,DISPLAY,display,Golosinas,Golosinas,Snacks,Cítricos,snack de mandarina | top line mandarina,0.15,0.0,"Snack de mandarina de 14g, marca Topline, presentación de 36 unidades.",https://cvlbietibaaehgeimxgw.supabase.co/storage/v1/object/public/products-demo_jorge/3269.jpg,true,true,Importación CSV
15063,MOGUL MASTI CONFITADOS 12X16X30G,14609.877711,31,12,DISPLAY,display,Golosinas,Golosinas,Confites,,confites masti | masti confitados,0.85,0.0,"Confites de 30g, marca Mogul, presentación de 12 displays de 16 unidades.",https://arcorencasa.com/wp-content/uploads/2025/11/20251118-15063-300x300.webp,true,true,Importación CSV
15142,OBLEA COFLER AVELLANA MAX 8X16X60G,1386.874291,1334,128,UNIDAD,unidad,Helados,Golosinas,Obleas,Avellana,oblea coflar avellana | oblea de avellana,0.85,0.0,"Oblea de avellana de 60g, marca Cofler, presentación de 8 packs de 16 unidades.",https://arcorencasa.com/wp-content/uploads/2025/07/20250627-15142-300x300.webp,true,true,Importación CSV
1958,GARRAPIÑADA MANI ARCOR 40X80G,1137.633893,12,40,UNIDAD,unidad,Helados,Golosinas,Snacks,Maní,garrapiñada de maní | garrapiñada arcor,0.85,0.0,"Garrapiñada de maní de 80g, marca Arcor, presentación de 40 unidades.",https://cvlbietibaaehgeimxgw.supabase.co/storage/v1/object/public/products-demo_jorge/1958.jpg,true,true,Importación CSV
14770,TURRON ALMENDRA ALICANTE ARCOR 35X100G,3951.553265,1,35,UNIDAD,unidad,Helados,Golosinas,Turrones,Almendra,turrón de almendra | turrón alicante,0.85,0.0,"Turrón de almendra de 100g, marca Arcor, presentación de 35 unidades.",https://cvlbietibaaehgeimxgw.supabase.co/storage/v1/object/public/products-demo_jorge/14770.jpg,true,true,Importación CSV
11834,CARAMELO MENTA CRISTAL 6X810G,12752.315719,301,6,DISPLAY,display,Helados,Golosinas,Caramelos,Menta,caramelo de menta | caramelo cristal,0.15,0.0,"Caramelo de menta de 810g, marca Cristal, presentación de 6 bolsas.",https://cvlbietibaaehgeimxgw.supabase.co/storage/v1/object/public/products-demo_jorge/11834.webp,true,true,Importación CSV
13152,MERMELADA BC DAMASCO 12X390 G,3513.5584329999997,5,12,UNIDAD,unidad,Helados,Almacén,Mermeladas,Damasco,mermelada de damasco | mermelada bc damasco,0.85,0.0,"Mermelada de damasco de 390g, marca BC, presentación de 12 frascos.",https://arcorencasa.com/wp-content/uploads/2024/10/20230718-13152-300x300.webp,true,true,Importación CSV
13194,POSTRE BC CHOCOLATE 6X8X60G,1044.225281,397,48,UNIDAD,unidad,Helados,Golosinas,Postres,Chocolate,postre de chocolate | postre bc chocolate,0.85,0.0,"Postre de chocolate de 60g, marca BC, presentación de 6 cajas de 8 unidades.",https://arcorencasa.com/wp-content/uploads/2024/10/20241008-13194-300x300.webp,true,true,Importación CSV
15253,HELADO PALITO BOMBON CHOCOLATE 24X50G,30412.502999999997,38,1,BULTO,unidad,Helados,Golosinas,Helados,Bombón,helado bombón chocolate | palito bombón chocolate,0.15,0.0,"Helado palito bombón de chocolate de 50g, presentación de 24 unidades.",https://arcorencasa.com/wp-content/uploads/2025/08/20250818-15253-300x300.webp,true,true,Importación CSV
15249,PAN DULCE BAGLEY FRUTOS SECOS 12X400G,10373.831666,397,12,UNIDAD,unidad,Galletas y Snacks,Golosinas,Pan Dulce,Frutos Secos,pan dulce con frutos secos | pan dulce bagley,0.85,0.0,"Pan dulce con frutos secos de 400g, marca Bagley, presentación de 12 paquetes.",https://cvlbietibaaehgeimxgw.supabase.co/storage/v1/object/public/products-demo_jorge/15249.webp,true,true,Importación CSV
12145,ROCKLETS MANI CON CHOCOLATE 12X16X40G,22192.208280000003,120,12,DISPLAY,display,Helados,Golosinas,Snacks,Maní con Chocolate,rocklets de maní | rocklets con chocolate,0.15,0.0,"Snack de maní con chocolate de 40g, marca Rocklets, presentación de 12 displays.",https://arcorencasa.com/wp-content/uploads/2024/10/20241008-12145-300x300.webp,true,true,Importación CSV
14322,CHOCOLINAS 40X170G,1558.796536,1289,40,UNIDAD,unidad,Galletas y Snacks,Golosinas,Galletas,Chocolate,galletas chocolatinas | chocolatinas,0.15,0.0,"Galletas de chocolate de 170g, marca Chocotina, presentación de 40 paquetes.",https://arcorencasa.com/wp-content/uploads/2024/10/20241009-14322-300x300.webp,true,true,Importación CSV
1608,ACEITE MAIZ ARCOR 12x900ML,5793.929394,92,12,UNIDAD,unidad,Helados,Almacén,Aceites,Maíz,aceite de maíz | aceite arcor,0.85,0.0,"Aceite de maíz de 900ml, marca Arcor, presentación de 12 botellas.",https://arcorencasa.com/wp-content/uploads/2024/10/20241008-1608-300x300.webp,true,true,Importación CSV
14431,JUGO POLVO ARCOR MULTIFRUTA 12X18X15G,5796.884214,41,12,DISPLAY,display,Helados,Almacén,Jugos en Polvo,Multifruta,jugo en polvo multifruta | jugo arcor multifruta,0.85,0.0,"Jugo en polvo multifruta de 15g, marca Arcor, presentación de 12 displays.",https://arcorencasa.com/wp-content/uploads/2024/10/20241028-14431-300x300.webp,true,true,Importación CSV
14198,BEBIDA ARCOR MANZANA 12X1L,1808.7649909999998,397,12,UNIDAD,unidad,Helados,Bebidas,Jugos,Manzana,bebida de manzana | jugo arcor manzana,0.85,0.0,"Bebida de manzana de 1 litro, marca Arcor, presentación de 12 botellas.",https://arcorencasa.com/wp-content/uploads/2024/10/20241008-14198-300x300.webp,true,true,Importación CSV
13153,MERMELADA BC FRUTILLA 12X390 G,4390.244936,198,12,UNIDAD,unidad,Helados,Almacén,Mermeladas,Frutilla,mermelada de frutilla | mermelada bc frutilla,0.85,0.0,"Mermelada de frutilla de 390g, marca BC, presentación de 12 frascos.",https://arcorencasa.com/wp-content/uploads/2024/10/20241008-13153-300x300.webp,true,true,Importación CSV
12502,SNACK SALADIX BARBACOA 20X95G,1759.469349,152,20,UNIDAD,unidad,Galletas y Snacks,Golosinas,Snacks,Barbacoa,snack saladix barbacoa | saladix barbacoa,0.15,0.0,"Snack de barbacoa de 95g, marca Saladix, presentación de 20 unidades.",https://arcorencasa.com/wp-content/uploads/2024/10/20241009-12502-300x300.webp,true,true,Importación CSV
10346,AIREADO COFLER MIXTO 4x12x100G,5964.390684999999,98,48,UNIDAD,unidad,Helados,Golosinas,Snacks,Mixto,aireado coflar mixto | aireado,0.85,0.0,"Snack aireado mixto de 100g, marca Cofler, presentación de 4 cajas de 12 unidades.",https://arcorencasa.com/wp-content/uploads/2024/10/20241008-10346-300x300.webp,true,true,Importación CSV
12719,BUDIN ARCOR MARMOLADO 18X215G,3241.2326869999997,397,18,UNIDAD,unidad,Helados,Golosinas,Budines,Marmolado,budín marmolado | budín arcor,0.85,0.0,"Budín marmolado de 215g, marca Arcor, presentación de 18 unidades.",https://cvlbietibaaehgeimxgw.supabase.co/storage/v1/object/public/products-demo_jorge/12719.webp,true,true,Importación CSV
3265,TURRON CROCANTE MANI ARCOR 28X80G,2378.689027,397,28,UNIDAD,unidad,Helados,Golosinas,Turrones,Crocante,turrón crocante de maní | turrón arcor,0.85,0.0,"Turrón crocante de maní de 80g, marca Arcor, presentación de 28 unidades.",https://cvlbietibaaehgeimxgw.supabase.co/storage/v1/object/public/products-demo_jorge/3265.jpg,true,true,Importación CSV
15130,CHOCOLATE ARCOR CRISPY 8X10X80G,2913.044629,397,80,UNIDAD,unidad,Helados,Golosinas,Chocolate,Crispy,chocolate crispy | chocolate arcor crispy,0.85,0.0,"Chocolate crispy de 80g, marca Arcor, presentación de 8 cajas de 10 unidades.",https://arcorencasa.com/wp-content/uploads/2025/07/20250723-15130-300x300.webp,true,true,Importación CSV
14558,GELATINA MOGUL FRUTILLA 6X8X25G,887.048217,397,48,UNIDAD,unidad,Golosinas,Golosinas,Gelatinas,Frutilla,gelatina de frutilla | gelatina mogul frutilla,0.85,0.0,"Gelatina de frutilla de 25g, marca Mogul, presentación de 6 paquetes de 8 unidades.",https://arcorencasa.com/wp-content/uploads/2024/10/20241028-14558-300x300.webp,true,true,Importación CSV
13224,MERMELADA DIET ARCOR CIRUELA 12X390G,3080.130625,79,12,UNIDAD,unidad,Helados,Almacén,Mermeladas,Diet,mermelada diet de ciruela | mermelada diet arcor,0.85,0.0,"Mermelada diet de ciruela de 390g, marca Arcor, presentación de 12 frascos.",https://arcorencasa.com/wp-content/uploads/2024/10/20230718-13224-300x300.webp,true,true,Importación CSV
14410,RELLENO TARTA CHOCLO LC 24X400G,3132.4551389999997,152,24,UNIDAD,unidad,Alimentos y Almacén,Almacén,Rellenos,Tarta,relleno de tarta choclo | tarta choclo lc,0.15,0.0,"Relleno de tarta de choclo de 400g, marca LC, presentación de 24 unidades.",https://arcorencasa.com/wp-content/uploads/2024/11/20241120-14410-300x300.webp,true,true,Importación CSV
15288,HELADO MOGUL EXTREME MINI 8X300G,6759.238353999999,40,8,DISPLAY,display,Golosinas,Golosinas,Helados,Mini,helado mogul extreme mini | helado mogul,0.85,0.0,"Helado mini de 300g, marca Mogul, presentación de 8 unidades.",https://arcorencasa.com/wp-content/uploads/2026/02/20260206-15288-1-300x300.webp,true,true,Importación CSV
13668,CONDIMENTO AJO TRITURADO 4X10X48G,1598.663011,152,40,UNIDAD,unidad,Helados,Almacén,Condimentos,Ajo,condimento de ajo triturado | ajo triturado,0.15,0.0,"Condimento de ajo triturado de 48g, presentación de 4 packs de 10 unidades.",https://arcorencasa.com/wp-content/uploads/2024/10/20241008-13668-300x300.webp,true,true,Importación CSV
12701,BATATA LC LATA 2x5KG,24227.080163,152,1,UNIDAD,unidad,Alimentos y Almacén,Almacén,Vegetales,Batata,batata en lata | batata lc,0.15,0.0,"Batata en lata de 5kg, marca LC, presentación de 2 unidades.",https://arcorencasa.com/wp-content/uploads/2024/10/20241008-12701-300x300.webp,true,true,Importación CSV
13017,COFLER BLOCK 64X170G,7524.821568,327,64,UNIDAD,unidad,Helados,Golosinas,Chocolate,Block,chocolate block | coflar block,0.85,0.0,"Chocolate con leche tipo block de 170g, marca Cofler, presentación de 64 unidades.",https://arcorencasa.com/wp-content/uploads/2024/10/20241008-13017-300x300.webp,true,true,Importación CSV
14418,SALSA OLIVA PREMIUM LC 12X350G,3339.954167,3,12,UNIDAD,unidad,Alimentos y Almacén,Almacén,Salsas,Oliva,salsa de oliva premium | salsa oliva lc,0.15,0.0,"Salsa de oliva de 350g, marca LC, presentación de 12 frascos.",https://arcorencasa.com/wp-content/uploads/2025/03/20250325-14418-300x300.webp,true,true,Importación CSV
14769,TURRON ALMENDTA CACAO ARCOR 35X100G,3951.553265,7,35,UNIDAD,unidad,Helados,Golosinas,Turrones,Almendra y Cacao,turrón de almendra y cacao | turrón arcor,0.85,0.0,"Turrón de almendra y cacao de 100g, marca Arcor, presentación de 35 unidades.",https://cvlbietibaaehgeimxgw.supabase.co/storage/v1/object/public/products-demo_jorge/14769.jpg,true,true,Importación CSV
13178,JUGO POLVO BC LIMONADA 16x18x7G,5796.883367,524,16,DISPLAY,display,Helados,Almacén,Jugos en Polvo,Limónada,jugo en polvo de limonada | jugo bc limonada,0.85,0.0,"Jugo en polvo de limonada de 7g, marca BC, presentación de 16 cajas de 18 sobres.",https://arcorencasa.com/wp-content/uploads/2024/10/20241022-13178-300x300.webp,true,true,Importación CSV
13787,MAYONESA BC 20X125CC,769.596542,2447,20,UNIDAD,unidad,Helados,Almacén,Salsas,Mayonesa,mayonesa bc | mayonesa,0.85,0.0,"Mayonesa de 125cc, marca BC, presentación de 20 sobres.",https://arcorencasa.com/wp-content/uploads/2026/01/20260122-13787-300x300.webp,true,true,Importación CSV
14562,GELATINA BC FRUTILLA LIGHT 6x8x18G,887.048217,397,48,UNIDAD,unidad,Helados,Golosinas,Gelatinas,Frutilla Light,gelatina frutilla light | gelatina bc frutilla light,0.85,0.0,"Gelatina frutilla light de 18g, marca BC, presentación de 6 cajas de 8 unidades.",https://arcorencasa.com/wp-content/uploads/2024/10/20241028-14562-300x300.webp,true,true,Importación CSV
2404,TURRON MANI ARCOR 4X28X80G,1103.160025,397,112,UNIDAD,unidad,Helados,Golosinas,Turrones,Maní,turrón de maní | turrón arcor,0.85,0.0,"Turrón de maní de 80g, marca Arcor, presentación de 4 packs de 28 unidades.",https://cvlbietibaaehgeimxgw.supabase.co/storage/v1/object/public/products-demo_jorge/2404.jpg,true,true,Importación CSV
12451,CRIOLLITAS TOSTADAS SALVADO 18X195G,1598.765861,87,18,UNIDAD,unidad,Galletas y Snacks,Almacén,Tostadas,Salvado,criollitas tostadas | tostadas salvado,0.15,0.0,"Tostadas de salvado de 195g, presentación de 18 paquetes.",https://arcorencasa.com/wp-content/uploads/2024/10/20241009-12451-300x300.webp,true,true,Importación CSV
14166,MOGUL TUBITOS TUTTI FRUTTI 30X70G,1508.021669,358,30,UNIDAD,unidad,Golosinas,Golosinas,Gomitas,Tutti Frutti,gomitas tubitos | tubitos tutti frutti,0.85,0.0,"Gomitas tubitos de 70g, marca Mogul, presentación de 30 unidades.",https://arcorencasa.com/wp-content/uploads/2024/10/20241010-14166-300x300.webp,true,true,Importación CSV
14790,HELADO BOMBON ESCOCES 12X6X90G,13068.010042999998,109,12,DISPLAY,display,Helados,Golosinas,Helados,Bombón,helado bombón escocés | bombón escocés,0.15,0.0,"Helado bombón escocés de 90g, presentación de 12 unidades.",https://arcorencasa.com/wp-content/uploads/2025/07/20250627-14790-300x300.webp,true,true,Importación CSV
14670,BONOBON COCO 16X18X15G,8891.679918,404,16,DISPLAY,display,Helados,Golosinas,Bombones,Coco,bombón de coco | bonobon coco,0.85,0.0,"Bombón de chocolate blanco con coco de 15g, presentación de 16 cajas de 18 unidades.",https://arcorencasa.com/wp-content/uploads/2024/10/20241008-14670-300x300.webp,true,true,Importación CSV
5671,TOMATE ARCOR CUBETEADO 2x12x400G,1494.1409119999998,239,24,UNIDAD,unidad,Helados,Almacén,Vegetales,Tomate,tomate cubeteado | tomate arcor cubeteado,0.85,0.0,"Tomate cubeteado de 400g, marca Arcor, presentación de 2 packs de 12 unidades.",https://arcorencasa.com/wp-content/uploads/2024/10/20241008-5671-300x300.webp,true,true,Importación CSV
14323,CHOCOLINAS 25X250G,2078.394978,1000,25,UNIDAD,unidad,Galletas y Snacks,Golosinas,Galletas,Chocolate,galletas chocolatinas | chocolatinas,0.15,0.0,"Galletas de chocolate de 250g, presentación de 25 paquetes.",https://arcorencasa.com/wp-content/uploads/2024/10/20241009-14323-300x300.webp,true,true,Importación CSV
14298,CHOCOLINAS BLANCO 25X245G,2078.394978,59,25,UNIDAD,unidad,Galletas y Snacks,Galletas,Galletas Rellenas,Chocolate Blanco,chocolinas blanco | galletas chocolinas blanco,0.15,0.0,"Galletas rellenas de chocolate blanco, marca Chocolinas, presentación de 25 paquetes de 245 g.",https://arcorencasa.com/wp-content/uploads/2024/10/20241009-14298-300x300.webp,true,true,Importación CSV
14350,AMOR 12X3X110G,3453.333587,104,12,DISPLAY,display,Galletas y Snacks,Snacks,Snacks Salados,,snack amor | amor,0.15,0.0,"Snack salado, marca Amor, presentación de 12 displays de 3 unidades de 110 g cada uno.",https://arcorencasa.com/wp-content/uploads/2024/10/20241009-14350-300x300.webp,true,true,Importación CSV
14436,JUGO POLVO ARCOR NARANJA DULCE 12X18X15G,5796.884214,357,12,DISPLAY,display,Helados,Jugos,Jugo en Polvo,Naranja Dulce,jugo en polvo naranja | jugo arcor naranja,0.85,0.0,"Jugo en polvo sabor naranja dulce, marca Arcor, presentación de 12 displays de 18 unidades de 15 g.",https://arcorencasa.com/wp-content/uploads/2024/10/20241028-14436-300x300.webp,true,true,Importación CSV
13186,JUGO POLVO BC POMELO AMARILLO 16x18x7G,5796.883367,31,16,DISPLAY,display,Helados,Jugos,Jugo en Polvo,Pomelo Amarillo,jugo en polvo pomelo amarillo | jugo bc pomelo amarillo,0.85,0.0,"Jugo en polvo sabor pomelo amarillo, marca BC, presentación de 16 cajas de 18 sobres de 7 g.",https://arcorencasa.com/wp-content/uploads/2024/10/20241022-13186-300x300.webp,true,true,Importación CSV
13317,SALSATI FILETTO 24X340G,1320.741015,4,24,UNIDAD,unidad,Alimentos y Almacén,Salsas,Salsa de Tomate,,salsa salsati | salsa de tomate salsati,0.15,0.0,"Salsa de tomate, marca Salsati, presentación de 24 frascos de 340 g.",https://arcorencasa.com/wp-content/uploads/2024/10/20241008-13317-300x300.webp,true,true,Importación CSV
10603,BEBIDA BC NARANJA 12x1L,2070.3727989999998,397,12,UNIDAD,unidad,Helados,Bebidas,Bebidas Saborizadas,Naranja,bebida bc naranja | bebida sabor naranja,0.85,0.0,"Bebida sabor naranja, marca BC, presentación de 12 botellas de 1 L.",https://arcorencasa.com/wp-content/uploads/2024/10/20241008-10603-300x300.webp,true,true,Importación CSV
15212,CARAMELO MENTA CHOCOLATE 48X80GR,1181.694591,53,48,DISPLAY,display,Helados,Caramelos,Caramelos de Menta,Chocolate,caramelo menta chocolate | caramelo de menta,0.15,0.0,"Caramelo de menta con chocolate, presentación de 48 unidades de 80 g.",https://cvlbietibaaehgeimxgw.supabase.co/storage/v1/object/public/products-demo_jorge/15212.jpg,true,true,Importación CSV
10763,ROCKLETS BOLSA 32x150G,5259.139281,152,32,UNIDAD,unidad,Helados,Snacks,Snacks de Chocolate,,rocklets | rocklets bolsa,0.15,0.0,"Snacks de chocolate con cobertura de caramelo, marca Rocklets, presentación de 150 g.",https://arcorencasa.com/wp-content/uploads/2024/10/20241008-10763-300x300.webp,true,true,Importación CSV
13667,CONDIMENTO CHIMICHURRI 4X10X23G,1058.9414219999999,152,40,UNIDAD,unidad,Helados,Condimentos,Chimichurri,,chimichurri | condimento chimichurri,0.15,0.0,"Condimento chimichurri, presentación de 4 cajas de 10 unidades de 23 g.",https://arcorencasa.com/wp-content/uploads/2024/10/20241008-13667-300x300.webp,true,true,Importación CSV
13337,BARRA COFLER CHOCOLINAS 6X20X40G,1386.874291,590,120,UNIDAD,unidad,Helados,Galletas,Galletas Rellenas,Chocolate,barra coflers chocolinas | coflers chocolinas,0.85,0.0,"Barra de galletas rellenas de chocolate, marca Cofler, presentación de 6 cajas de 20 unidades de 40 g.",https://arcorencasa.com/wp-content/uploads/2024/10/20241008-13337-300x300.webp,true,true,Importación CSV
5048,BATATA CON CHOCOLATE ESTUCHE 12X500G,2106.583743,50,12,UNIDAD,unidad,Helados,Snacks,Snacks Dulces,,batata con chocolate | batata,0.15,0.0,"Snack de batata con chocolate, presentación de 12 unidades de 500 g.",https://arcorencasa.com/wp-content/uploads/2024/10/20241008-5048-300x300.webp,true,true,Importación CSV
15123,MOGUL PALOTES MASTI SURTIDO UVA Y TUTTI FRUTTI 48X80G,1424.2503439999998,54,48,DISPLAY,display,Golosinas,Snacks,Palotes,Surtido,mogul palotes | palotes surtido,0.85,0.0,"Palotes surtidos de uva y tutti frutti, presentación de 48 unidades de 80 g.",https://arcorencasa.com/wp-content/uploads/2025/11/20251118-15123-300x300.webp,true,true,Importación CSV
10604,BEBIDA BC MANZANA 12x1L,2070.3727989999998,397,12,UNIDAD,unidad,Helados,Bebidas,Bebidas Saborizadas,Manzana,bebida bc manzana | bebida sabor manzana,0.85,0.0,"Bebida sabor manzana, marca BC, presentación de 12 botellas de 1 L.",https://arcorencasa.com/wp-content/uploads/2024/10/20241008-10604-300x300.webp,true,true,Importación CSV
14223,NV BONOBON CAJA PINO 24x7x15G,4810.971374,397,24,DISPLAY,display,Helados,Golosinas,Bonobón,,bonobon | golosinas bonobon,0.85,0.0,"Golosinas Bonobón, presentación de 24 unidades de 15 g.",https://cvlbietibaaehgeimxgw.supabase.co/storage/v1/object/public/products-demo_jorge/14223.jpg,true,true,Importación CSV
13181,JUGO POLVO BC MANZANA ROJA 16x18x7G,5796.883367,10,16,DISPLAY,display,Helados,Jugos,Jugo en Polvo,Manzana Roja,jugo en polvo manzana roja | jugo bc manzana roja,0.85,0.0,"Jugo en polvo sabor manzana roja, marca BC, presentación de 16 cajas de 18 sobres de 7 g.",https://arcorencasa.com/wp-content/uploads/2024/10/20241022-13181-300x300.webp,true,true,Importación CSV
15262,CUBANITOS AVELLANAS 4X16X29G,13315.600485,152,4,DISPLAY,display,Golosinas,Galletas,Galletas Rellenas,Avellanas,cubanitos avellanas | galletas cubanitos,0.15,0.0,"Galletas cubanitos con relleno de avellanas, presentación de 4 cajas de 16 unidades de 29 g.",https://cvlbietibaaehgeimxgw.supabase.co/storage/v1/object/public/products-demo_jorge/15262.jpg,true,true,Importación CSV
4181,MINI ROCKLETS NAVIDAD 30X120G,4431.158182,152,30,UNIDAD,unidad,Helados,Snacks,Snacks de Chocolate,,mini rocklets navidad | rocklets navidad,0.15,0.0,"Snacks de chocolate de colores, presentación de 30 unidades de 120 g.",https://cvlbietibaaehgeimxgw.supabase.co/storage/v1/object/public/products-demo_jorge/4181.webp,true,true,Importación CSV
14692,BOTA BONOBON NAVIDAD 16X150G,7493.617725,397,16,UNIDAD,unidad,Helados,Golosinas,Bonobón,,bota bonobon navidad | bonobon navidad,0.85,0.0,"Bota de confites Bon O Bon, presentación de 150 g.",https://cvlbietibaaehgeimxgw.supabase.co/storage/v1/object/public/products-demo_jorge/14692.webp,true,true,Importación CSV
13359,ALFAJOR MINITORTA BROWNIE 21X71.5G,1402.116782,9158,21,UNIDAD,unidad,Golosinas,Alfajores,Alfajores Minitorta,Brownie,alfajor minitorta brownie | minitorta brownie,0.15,0.0,"Alfajor minitorta sabor brownie, presentación de 21 unidades de 71.5 g.",https://arcorencasa.com/wp-content/uploads/2024/10/20241008-13359-300x300.webp,true,true,Importación CSV
13223,MERMELADA DIET ARCOR DAMASCO 12X390G,3080.130625,72,12,UNIDAD,unidad,Helados,Mermeladas,Mermeladas Diet,Damasco,mermelada diet damasco | mermelada arcor damasco,0.85,0.0,"Mermelada diet sabor damasco, marca Arcor, presentación de 12 frascos de 390 g.",https://arcorencasa.com/wp-content/uploads/2024/10/20241008-13223-300x300.webp,true,true,Importación CSV
13640,BONOBON SUPERBOLLS 30X80G,4003.43988,6,30,UNIDAD,unidad,Helados,Snacks,Snacks de Chocolate,,bonobon superbolls | superbolls,0.85,0.0,"Bolas de chocolate con maní, marca Bon o Bon, presentación de 30 unidades de 80 g.",https://cvlbietibaaehgeimxgw.supabase.co/storage/v1/object/public/products-demo_jorge/13640.jpg,true,true,Importación CSV
13143,MERMELADA LC NARANJA 12x454G,3397.1703479999996,52,12,UNIDAD,unidad,Alimentos y Almacén,Mermeladas,Mermeladas,Naranja,mermelada lc naranja | mermelada naranja,0.15,0.0,"Mermelada sabor naranja, marca LC, presentación de 12 frascos de 454 g.",https://arcorencasa.com/wp-content/uploads/2024/10/20230718-13143-300x300.webp,true,true,Importación CSV
6973,SALADIX PIZZA ESTUCHE 4X6X100G,1398.919841,1050,24,UNIDAD,unidad,Galletas y Snacks,Snacks,Snacks Salados,Pizza,saladix pizza | snack saladix,0.15,0.0,"Snack Saladix sabor pizza, presentación de 4 paquetes de 6 unidades de 100 g.",https://arcorencasa.com/wp-content/uploads/2024/10/20241009-6973-300x300.webp,true,true,Importación CSV
13451,SALSA ARCOR TUCO 24X340G,1136.644839,2838,24,UNIDAD,unidad,Helados,Salsas,Salsa de Tomate,Tuco,salsa arcor tuco | salsa tuco,0.85,0.0,"Salsa de tomate tipo tuco, marca Arcor, presentación de 24 frascos de 340 g.",https://arcorencasa.com/wp-content/uploads/2024/10/20241008-13451-300x300.webp,true,true,Importación CSV
5312,COFLER BLOCK 8x20x38G,1664.5129049999998,11972,160,UNIDAD,unidad,Helados,Snacks,Snacks de Chocolate,Untable,relleno untable coflers block | coflers block,0.85,1.0,"Relleno untable de chocolate, marca Cofler, presentación de 290 g.",https://arcorencasa.com/wp-content/uploads/2024/10/20241008-5312-300x300.webp,true,true,Importación CSV
13977,MELITAS 32X159G,1119.135534,239,32,UNIDAD,unidad,Galletas y Snacks,Galletas,Galletas Dulces,Vainilla,galletitas melitas | melitas vainilla,0.15,0.0,"Galletitas sabor vainilla, presentación de 32 unidades de 159 g.",https://arcorencasa.com/wp-content/uploads/2025/03/20250327-13977-300x300.webp,true,true,Importación CSV
13185,JUGO POLVO BC POMELO ROSADO 16x18x7G,5796.883367,31,16,DISPLAY,display,Helados,Jugos,Jugo en Polvo,Pomelo Rosado,jugo en polvo pomelo rosado | jugo bc pomelo rosado,0.85,0.0,"Jugo en polvo sabor pomelo rosado, marca BC, presentación de 16 cajas de 18 sobres de 7 g.",https://arcorencasa.com/wp-content/uploads/2024/10/20241022-13185-300x300.webp,true,true,Importación CSV
14177,COFLER 60% CACAO NARANJA 4X16X100G,6715.584094999999,45,64,UNIDAD,unidad,Helados,Snacks,Snacks de Chocolate,Cacao Naranja,cofler 60% cacao naranja | chocolate cofler,0.85,0.0,"Chocolate con 60% de cacao y sabor a naranja, presentación de 4 cajas de 16 unidades de 100 g.",https://arcorencasa.com/wp-content/uploads/2024/10/20241008-14177-300x300.webp,true,true,Importación CSV
13238,ARVEJAS LC SECAS 24X300G,1197.6848619999998,44,24,UNIDAD,unidad,Alimentos y Almacén,Legumbres,Arvejas,Secas,arvejas lc secas | arvejas secas,0.15,0.0,"Arvejas secas, marca LC, presentación de 24 paquetes de 300 g.",https://arcorencasa.com/wp-content/uploads/2024/10/20241008-13238-300x300.webp,true,true,Importación CSV
14216,HELADO GELATO CHOCOTORTA 6X275G,6078.194573,69,6,UNIDAD,unidad,Helados,Helados,Helados de Postre,Chocotorta,helado gelato chocotorta | helado chocotorta,0.15,0.0,"Helado gelato sabor chocotorta, presentación de 6 unidades de 275 g.",https://arcorencasa.com/wp-content/uploads/2024/10/20241010-14216-300x300.webp,true,true,Importación CSV
14886,CHOCOLINAS NEGRO 40X181G,1558.796536,33,40,UNIDAD,unidad,Galletas y Snacks,Galletas,Galletas Rellenas,Chocolate,chocolinas negro | galletas chocolinas negro,0.15,0.0,"Galletas rellenas de chocolate negro, presentación de 40 paquetes de 181 g.",https://arcorencasa.com/wp-content/uploads/2025/03/20250325-14886-300x300.webp,true,true,Importación CSV
14420,SALSA ALBAHACA PREMIUM LC 12X350G,3339.954167,152,12,UNIDAD,unidad,Alimentos y Almacén,Salsas,Salsa de Albahaca,Premium,salsa albahaca premium | salsa albahaca,0.15,0.0,"Salsa de albahaca premium, presentación de 12 frascos de 350 g.",https://arcorencasa.com/wp-content/uploads/2025/03/20250325-14420-300x300.webp,true,true,Importación CSV
13526,HELADO KOPA FRUTILLA AMERICANA 18X90G,41829.049625,35,1,BULTO,unidad,Helados,Helados,Helados de Frutilla,Americana,helado kopa frutilla americana | helado frutilla,0.15,0.0,"Helado sabor frutilla americana, marca Kopa, presentación de 18 unidades de 90 g.",https://arcorencasa.com/wp-content/uploads/2024/10/20241010-13526-300x300.webp,true,true,Importación CSV
11858,BUTTER TOFFEES CAFE 6X822G,11504.997383,82,6,DISPLAY,display,Caramelos,Dulces,Toffees,Café,butter toffees café | toffees café,0.85,0.0,"Dulces toffees sabor café, presentación de 6 paquetes de 822 g.",https://arcorencasa.com/wp-content/uploads/2024/10/20241010-11858-300x300.webp,true,true,Importación CSV
13444,SALSATI ITALIANA 24X340G,1320.741015,2,24,UNIDAD,unidad,Alimentos y Almacén,Salsas,Salsa Italiana,,salsa italiana salsati | salsa salsati,0.15,0.0,"Salsa italiana, marca Salsati, presentación de 24 frascos de 340 g.",https://arcorencasa.com/wp-content/uploads/2024/10/20241008-13444-300x300.webp,true,true,Importación CSV
13248,POROTOS LC ALUBIA 24X300G,1545.466087,1,24,UNIDAD,unidad,Alimentos y Almacén,Legumbres,Porotos,Alubia,porotos lc alubia | porotos alubia,0.15,0.0,"Porotos alubia, marca LC, presentación de 24 paquetes de 300 g.",https://arcorencasa.com/wp-content/uploads/2024/10/20241008-13248-300x300.webp,true,true,Importación CSV
3313,ALFAJOR TATIN BLANCO 56X33G,420.63472,16688,56,UNIDAD,unidad,Golosinas,Alfajores,Alfajores Tatin,Blanco,alfajor tatin blanco | alfajor tatin,0.15,0.0,"Alfajor Tatin sabor blanco, presentación de 56 unidades de 33 g.",https://arcorencasa.com/wp-content/uploads/2024/10/20241008-3313-300x300.webp,true,true,Importación CSV
13252,JARDINERA LC 24X300G,1238.623155,152,24,UNIDAD,unidad,Alimentos y Almacén,Verduras,Jardinera,,jardinera lc | jardinera,0.15,0.0,"Jardinera de verduras, marca LC, presentación de 24 unidades de 300 g.",https://cvlbietibaaehgeimxgw.supabase.co/storage/v1/object/public/products-demo_jorge/13252.png,true,true,Importación CSV
13334,RELLENO UNTABLE COFLER BLOCK 24X290G,5663.474574999999,128,24,UNIDAD,unidad,Helados,Palitos/Postres,COFLER,,,0.85,0.0,"Relleno untable de chocolate, marca Cofler, formato 290g, sin TACC.",https://arcorencasa.com/wp-content/uploads/2024/10/20241008-13334-300x300.webp,true,true,Importación CSV
12902,AGUILA 60% CACAO 4x15x150G,8576.104658,844,60,UNIDAD,unidad,Helados,Palitos/Postres,AGUILA,,,0.85,0.0,"Descubre el irresistible sabor del chocolate Águila 60% Cacao, una delicia que combina intensidad y suavidad en cada bocado. Este formato de 4x15x150g es perfecto para exhibir en tu kiosco, atrayendo a los amantes del chocolate gourmet. Con un margen atractivo y alta rotación, este producto se convierte en un imán para compras por impulso. Ideal para un público que busca calidad y sabor, ¡no dejes pasar la oportunidad de aumentar tus ventas con Águila!",https://arcorencasa.com/wp-content/uploads/2024/10/20241008-12902-300x300.webp,true,true,Importación CSV
15119,PORTEÑITAS POR 3 12X3X139G,3037.6549059999998,4,12,DISPLAY,display,Galletas y Snacks,Galletas,Galletitas,Rellenas,porteñitas | galletitas porteñitas,0.15,0.0,"Galletitas Porteñitas en formato de 12 packs de 3 unidades, presentación de 139 g.",https://arcorencasa.com/wp-content/uploads/2025/04/20250408-15119-300x300.webp,true,true,Importación CSV
12576,CELOFAN LECHE Y MANI 12X30X25G,1040.3289599999998,270,360,UNIDAD,unidad,Helados,Almacén,Snacks,Con Maní,celofan leche y maní | snack de leche y maní,0.15,0.0,"Snack Celofan de leche y maní, presentación de 12 displays de 30 unidades de 25 g.",https://arcorencasa.com/wp-content/uploads/2024/10/20241008-12576-300x300.webp,true,true,Importación CSV
14206,POSTRE BONOBON 6x12x95G,2124.90278,397,72,UNIDAD,unidad,Helados,Postres,Mousse,Chocolate,postre bonobón | mousse bonobón,0.85,0.0,Postre Bonobón en formato de 6 displays de 12 unidades de 95 g.,https://cvlbietibaaehgeimxgw.supabase.co/storage/v1/object/public/products-demo_jorge/14206.jpg,true,true,Importación CSV
7467,TOFI BLANCO RELLENO 8X15X55G,2982.424577,110,120,UNIDAD,unidad,Golosinas,Galletas,Galletitas,Rellenas,tofi blanco | galletitas tofi,0.15,0.0,"Galletitas Tofi Blanco Relleno, presentación de 8 paquetes de 15 unidades de 55 g.",https://arcorencasa.com/wp-content/uploads/2024/10/20241008-7467-300x300.webp,true,true,Importación CSV
13965,MERENGADAS FRUTILLA 36X88G,1279.012471,2664,36,UNIDAD,unidad,Galletas y Snacks,Galletas,Galletitas,Merengadas,merengadas frutilla | galletitas merengadas,0.15,0.0,"Galletitas merengadas sabor frutilla, presentación de 36 unidades de 88 g.",https://arcorencasa.com/wp-content/uploads/2024/10/20241009-13965-300x300.webp,true,true,Importación CSV
15326,SNACK SALADIX QUESITOS 12X150G,3117.592467,152,12,UNIDAD,unidad,Galletas y Snacks,Snacks,Quesitos,,snack saladix | quesitos saladix,0.15,0.0,"Snack Saladix Quesitos, presentación de 12 displays de 150 g.",https://arcorencasa.com/wp-content/uploads/2025/11/20251117-15326-300x300.webp,true,true,Importación CSV
11956,AGUILA CHOCOLITOS BLANCO 24X150G,5259.091002,397,24,UNIDAD,unidad,Helados,Galletas,Chocolates,Blanco,chocolitos blanco | chocolates águila,0.85,0.0,"Chocolitos Blanco Águila, presentación de 24 unidades de 150 g.",https://arcorencasa.com/wp-content/uploads/2024/10/20241008-11956-300x300.webp,true,true,Importación CSV
13020,HELADO TRES CREMAS FRUTILLA AMERICANA Y DULCE DE LECHE 8Ux1KG,12109.119165,152,8,UNIDAD,unidad,Helados,Helados,Helados,Frutilla y Dulce de Leche,helado tres cremas | helado frutilla,0.15,0.0,"Helado Tres Cremas Frutilla Americana y Dulce de Leche, presentación de 8 unidades de 1 kg.",https://arcorencasa.com/wp-content/uploads/2024/10/20241010-13020-300x300.webp,true,true,Importación CSV
12727,PAN DULCE ARCOR CON FRUTA 12x400G,6310.747377,49,12,UNIDAD,unidad,Helados,Panadería,Pan Dulce,Con Fruta,pan dulce arcor | pan dulce,0.85,0.0,"Pan Dulce Arcor con Fruta, presentación de 12 unidades de 400 g.",https://cvlbietibaaehgeimxgw.supabase.co/storage/v1/object/public/products-demo_jorge/12727.jpg,true,true,Importación CSV
14240,POSTRE COFLER BLANCO CHOCOLINAS 6X6X110G,2911.903841,397,36,UNIDAD,unidad,Helados,Postres,Galletas,Rellenas,postre coflér | postre coflér blanco,0.85,0.0,"Postre Cofler Blanco Chocolinas, presentación de 6 paquetes de 110 g.",https://cvlbietibaaehgeimxgw.supabase.co/storage/v1/object/public/products-demo_jorge/14240.webp,true,true,Importación CSV
9462,CRIOLLITAS POR 3 MAS GRANDES 12X3X169G,2719.1791550000003,25,12,DISPLAY,display,Galletas y Snacks,Galletas,Galletitas,Tamaño Grande,criollitas grandes | galletitas criollitas,0.15,0.0,"Galletitas Criollitas por 3 más grandes, presentación de 12 packs de 3 unidades de 169 g.",https://arcorencasa.com/wp-content/uploads/2024/10/20241009-9462-300x300.webp,true,true,Importación CSV
12626,CEREAL MIX YOGURT FRUTILLA 6x20x26G,841.269803,1960,120,UNIDAD,unidad,Golosinas,Cereales,Cereales,Yogurt,cereal mix yogurt | barra de frutilla,0.15,0.0,"Cereal Mix Yogurt Frutilla, presentación de 6 cajas con 20 unidades de 26 g.",https://arcorencasa.com/wp-content/uploads/2025/08/20250805-12626-300x300.webp,true,true,Importación CSV
14378,GALLETAS COFLER RELLENAS CHOCOLATE 27X85G,1039.197852,404,27,DISPLAY,display,Helados,Galletas,Galletas,Rellenas,galletas coflér | galletas rellenas,0.85,0.0,"Galletas Cofler Rellenas Chocolate, presentación de 27 packs de 85 g.",https://arcorencasa.com/wp-content/uploads/2024/10/20241009-14378-300x300.webp,true,true,Importación CSV
13525,HELADO GELATO AGUILA CHOCOLATE INTENSO X250CC,5525.631858999999,19,1,UNIDAD,unidad,Helados,Helados,Helados,Chocolate,helado gelato águila | helado chocolate intenso,0.85,0.0,"Helado Gelato Águila Chocolate Intenso, presentación de 12 unidades de 250 cc.",https://cvlbietibaaehgeimxgw.supabase.co/storage/v1/object/public/products-demo_jorge/13525.jpg,true,true,Importación CSV
10798,AGUILA MEDALLON DE MENTA 24x15x14G,12483.117097,397,24,DISPLAY,display,Helados,Chocolates,Medallones,Menta,medallón de menta | chocolate menta,0.85,0.0,"Medallones de chocolate amargo rellenos de menta, presentación de 14 g cada uno.",https://arcorencasa.com/wp-content/uploads/2024/10/20241008-10798-300x300.webp,true,true,Importación CSV
13530,HELADO POSTRE COFLER BLOCK 6X500G,12785.195049,47,6,UNIDAD,unidad,Helados,Helados,Helados,Block,helado postre coflér | helado block,0.85,0.0,"Helado Postre Cofler Block, presentación de 6 bloques de 500 g.",https://arcorencasa.com/wp-content/uploads/2024/10/20241010-13530-300x300.webp,true,true,Importación CSV
15290,CREATINA NARANJA 6X324G,37755.129181,4,6,UNIDAD,unidad,Helados,Suplementos,Creatina,,creatina naranja | suplemento creatina,0.15,0.0,"Creatina Naranja, presentación de 6 envases de 324 g.",https://cvlbietibaaehgeimxgw.supabase.co/storage/v1/object/public/products-demo_jorge/15290.jpg,true,true,Importación CSV
13218,MERMELADA ARCOR FRUTILLA 12X454G,3735.845113,122,12,UNIDAD,unidad,Helados,Mermeladas,Mermeladas,Frutilla,mermelada arcor frutilla | mermelada frutilla,0.85,0.0,"Mermelada Arcor Frutilla, presentación de 12 frascos de 454 g.",https://arcorencasa.com/wp-content/uploads/2024/10/20241008-13218-300x300.webp,true,true,Importación CSV
14748,MOGUL TUBITOS EXTREME  FRUTILLA 6X500G,7329.934369999999,167,6,UNIDAD,unidad,Golosinas,Gomitas,Gomitas,Frutilla,gomitas tubitos | gomitas frutilla,0.85,0.0,"Gomitas tubitos sabor frutilla, presentación de 6 unidades de 500 g.",https://arcorencasa.com/wp-content/uploads/2025/02/20250214-14748-300x300.webp,true,true,Importación CSV
11809,MR POPS CHUPETIN BLUEBERRY 12X24X18G,5528.871149999999,260,12,DISPLAY,display,Golosinas,Golosinas,Chupetines,Blueberry,chupetines blueberry | chupetines mr pops,0.15,1.0,"Chupetines Mr. Pops Blueberry, presentación de 12 displays con 24 unidades de 18 g.",https://arcorencasa.com/wp-content/uploads/2024/10/20241010-11809-300x300.webp,true,true,Importación CSV
6900,TOPLINE MENTA 30X20X6.70G,8276.502003,6,30,DISPLAY,display,Golosinas,Chicles,Chicles,Menta,topline menta | chicle menta,0.15,0.0,"Chicle Topline Menta, presentación de 30 unidades de 20 chicles de 6.70 g.",https://arcorencasa.com/wp-content/uploads/2024/10/20241010-6900-300x300.webp,true,true,Importación CSV
15066,CARAMELO MOGUL MASTI EXTREME MULTIFRUTA 70G,1646.3730689999998,127,40,UNIDAD,unidad,Golosinas,Caramelos,Caramelos,Multifruta,caramelo mogul multifruta | caramelo multifruta,0.85,0.0,"Caramelo Mogul Masti Extreme Multifruta, presentación de 12 displays de 70 g.",https://arcorencasa.com/wp-content/uploads/2025/11/20251118-15066-300x300.webp,true,true,Importación CSV
4682,MENTHO PLUS SIN AZUCAR MENTOL 12X12X27.3G,9227.709381,190,12,DISPLAY,display,Golosinas,Chicles,Chicles,Sin Azúcar,mentho plus | chicle mentol,0.15,0.0,"Chicles Mentho Plus Sin Azúcar Mentol, presentación de 12 displays con 12 unidades de 27.3 g.",https://cvlbietibaaehgeimxgw.supabase.co/storage/v1/object/public/products-demo_jorge/4682.webp,true,true,Importación CSV
15170,MOGUL MORAS 46X80G,1505.542984,397,46,UNIDAD,unidad,Golosinas,Gomitas,Gomitas,Moras,mogul moras | gomitas moras,0.85,0.0,"Gomitas Mogul Moras, presentación de 46 cajas de 80 g.",https://arcorencasa.com/wp-content/uploads/2025/05/20250514-15170-300x300.webp,true,true,Importación CSV
14233,PASTA TIRABUZON ARCOR 15X500G,1414.2062549999998,1840,15,UNIDAD,unidad,Helados,Pasta,Pasta,Tirabuzón,pasta tirabuzón | tirabuzón arcor,0.85,0.0,"Pasta Tirabuzón Arcor, presentación de 15 paquetes de 500 g.",https://arcorencasa.com/wp-content/uploads/2025/05/20250514-14233-300x300.webp,true,true,Importación CSV
14361,SERRANITAS 14X3X105G,1519.307097,8689,14,UNIDAD,unidad,Galletas y Snacks,Galletas,Crackers,,serranitas | galletitas serranitas,0.15,0.0,"Galletitas tipo crackers Serranitas, presentación de 315 g.",https://arcorencasa.com/wp-content/uploads/2024/10/20241009-14361-300x300.webp,true,true,Importación CSV
11013,OBLEA BONOBON LECHE XL 8X16X45G,1386.874291,1311,128,UNIDAD,unidad,Helados,Galletas,Obleas,Leche,oblea bonobón | oblea leche,0.85,0.0,"Oblea Bonobón Leche XL, presentación de 8 unidades de 16 g.",https://arcorencasa.com/wp-content/uploads/2024/10/20241008-11013-300x300.webp,true,true,Importación CSV
12450,CRIOLLITAS TOSTADAS CLASICA 18x195G,1598.765861,195,18,UNIDAD,unidad,Galletas y Snacks,Galletas,Tostadas,Clásica,criollitas tostadas | tostadas clásicas,0.15,0.0,"Criollitas Tostadas Clásica, presentación de 18 paquetes de 195 g.",https://arcorencasa.com/wp-content/uploads/2024/10/20241009-12450-300x300.webp,true,true,Importación CSV
6596,ALFAJOR COFLER BLOCK 21X60G,1402.116782,3050,21,UNIDAD,unidad,Helados,Galletas,Alfajores,Block,alfajor coflér | alfajor block,0.85,0.0,"Alfajor Cofler Block, presentación de 21 unidades de 60 g.",https://arcorencasa.com/wp-content/uploads/2024/10/20241008-6596-300x300.webp,true,true,Importación CSV
13239,ARVEJAS ARCOR SECAS 24x300G,1041.464303,572,24,UNIDAD,unidad,Helados,Legumbres,Arvejas,Secas,arvejas arcor | arvejas secas,0.85,0.0,"Arvejas Arcor Secas, presentación de 24 paquetes de 300 g.",https://arcorencasa.com/wp-content/uploads/2024/10/20241008-13239-300x300.webp,true,true,Importación CSV
13146,MERMELADA LC ARANDANO 12x454G,4584.63797,3,12,UNIDAD,unidad,Alimentos y Almacén,Mermeladas,Mermeladas,Arándano,mermelada arándano | mermelada lc,0.15,0.0,"Mermelada LC Arándano, presentación de 12 frascos de 454 g.",https://arcorencasa.com/wp-content/uploads/2024/10/20230718-13146-300x300.webp,true,true,Importación CSV
14351,RUMBA 36X110G,1279.012471,4708,36,UNIDAD,unidad,Galletas y Snacks,Snacks,Snacks,,rumba | snack rumba,0.15,0.0,"Snack Rumba, presentación de 36 paquetes de 110 g.",https://arcorencasa.com/wp-content/uploads/2024/10/20241009-14351-300x300.webp,true,true,Importación CSV
9808,CHOCLO ARCOR CREMOSO 24x300G,1624.783886,252,24,UNIDAD,unidad,Helados,Vegetales,Choclo,Cremoso,choclo arcor | choclo cremoso,0.85,0.0,"Choclo Arcor Cremoso, presentación de 24 unidades de 300 g.",https://arcorencasa.com/wp-content/uploads/2024/10/20241008-9808-300x300.webp,true,true,Importación CSV
15324,SALADIX QUESITOS 95G,2078.395462,57,20,UNIDAD,unidad,Galletas y Snacks,Snacks,Quesitos,,saladix quesitos | quesitos,0.15,0.0,"Saladix Quesitos, presentación de 12 displays de 48 unidades de 95 g.",https://arcorencasa.com/wp-content/uploads/2025/11/20251017-15324-300x300.webp,true,true,Importación CSV
14608,COFLER RELLENA AVELLANAS 8X20X35G,1664.6236199999998,413,160,UNIDAD,unidad,Helados,Galletas,Galletas,Rellenas,coflér avellanas | galletas coflér,0.85,0.0,"Galletas Cofler Rellena Avellanas, presentación de 8 cajas de 20 unidades de 35 g.",https://arcorencasa.com/wp-content/uploads/2024/10/20241008-14608-300x300.webp,true,true,Importación CSV
15297,BUDIN AGUILA CHIPS 18X215G,4420.666998,2,18,UNIDAD,unidad,Helados,Snacks,Budines,,budín águile | budín chips,0.85,0.0,"Budín Águila Chips, presentación de 18 unidades de 215 g.",https://cvlbietibaaehgeimxgw.supabase.co/storage/v1/object/public/products-demo_jorge/15297.jpg,true,true,Importación CSV
14172,ALMENDRAS COFLER CHOCOLATE LECHE 30x100G,5443.993885,397,30,UNIDAD,unidad,Helados,Frutos Secos,Almendras,Chocolate,almendras coflér | almendras chocolate,0.85,0.0,"Almendras Cofler Chocolate Leche, presentación de 30 unidades de 100 g.",https://cvlbietibaaehgeimxgw.supabase.co/storage/v1/object/public/products-demo_jorge/14172.jpg,true,true,Importación CSV
15041,BEBIDA ARCOR MULTIFRUTA 24X200ML,582.7385409999999,1626,24,UNIDAD,unidad,Helados,Bebidas,Bebidas,Multifruta,bebida arcor multifruta | bebida multifruta,0.85,0.0,"Bebida Arcor Multifruta, presentación de 24 unidades de 200 ml.",https://arcorencasa.com/wp-content/uploads/2025/07/20250723-15041-300x300.webp,true,true,Importación CSV
10631,GARRAPIÑADA ALMENDRA ARCOR 30X100G,4323.008019,397,30,UNIDAD,unidad,Helados,Snacks,Garrapiñadas,Almendra,garrapiñada almendra | garrapiñada,0.85,0.0,"Garrapiñada de Almendra Arcor, presentación de 30 bolsas de 100 g.",https://cvlbietibaaehgeimxgw.supabase.co/storage/v1/object/public/products-demo_jorge/10631.jpg,true,true,Importación CSV
14044,MOGUL TUBITOS FRUTILLA 6X620G,10936.336587,450,6,UNIDAD,unidad,Golosinas,Gomitas,Gomitas,Frutilla,mogul tubitos | gomitas tubitos,0.85,0.0,"Gomitas Tubitos Frutilla, presentación de 6 unidades de 620 g.",https://arcorencasa.com/wp-content/uploads/2024/10/20241010-14044-300x300.webp,true,true,Importación CSV
10673,CARAMELO MASTICABLE FRUTA 10x880G,7312.987231,1,10,UNIDAD,unidad,Almacén,Golosinas,Caramelos,Masticables,caramelo masticable | caramelo de fruta,0.15,0.0,"Caramelo masticable de fruta, presentado en 10 bolsas de 880 g.",https://cvlbietibaaehgeimxgw.supabase.co/storage/v1/object/public/products-demo_jorge/10673.jpg,false,true,Importación CSV
13466,CHOCOLATE ARCOR LECHE BLANCO 6x14x95G,3009.142466,397,84,UNIDAD,unidad,Almacén,Chocolates,Chocolates en Barra,Leche Blanco,chocolate blanco | chocolate arcor,0.85,0.0,"Chocolate Arcor leche blanco, presentado en 6 cajas de 14 unidades de 95 g.",https://cvlbietibaaehgeimxgw.supabase.co/storage/v1/object/public/products-demo_jorge/13466.jpg,false,true,Importación CSV
13467,CHOCOLATE  ARCOR SEMIAMARGO 50% CACAO 6X14X95G,3009.142466,397,84,UNIDAD,unidad,Almacén,Chocolates,Chocolates en Barra,Semiamargo,chocolate semiamargo | chocolate arcor 50% cacao,0.85,0.0,"Chocolate Arcor semiamargo 50% cacao, presentado en 6 cajas de 14 unidades de 95 g.",https://cvlbietibaaehgeimxgw.supabase.co/storage/v1/object/public/products-demo_jorge/13467.webp,false,true,Importación CSV
15280,CHOCOLINAS TUPPER 6X3X170G,23982.54848,42,3,UNIDAD,unidad,Almacén,Galletas,Galletas de Chocolate,Tupper,chocolinas | galletas chocolinas,0.15,0.0,"Galletas Chocolinas Tupper, presentadas en 6 paquetes de 3 unidades de 170 g.",https://cvlbietibaaehgeimxgw.supabase.co/storage/v1/object/public/products-demo_jorge/15280.jpg,false,true,Importación CSV
15255,HELADO POSTRE AGUILA ALMENDRADO 6X675G,12785.195049,35,6,DISPLAY,unidad,Almacén,Helados,Helados de Postre,Almendrado,helado almendrado | helado águila,0.85,0.0,"Helado postre Águila almendrado, presentado en 6 unidades de 675 g.",https://arcorencasa.com/wp-content/uploads/2026/02/20260206-15255-1-300x300.webp,true,true,Importación CSV
15315,SNACK PAPAS FRITAS CHEDDAR 30X72G,2078.480404,1294,30,UNIDAD,unidad,Almacén,Snacks,Papas Fritas,Cheddar,papas fritas cheddar | snack de papas,0.15,0.0,"Papas fritas cheddar, presentadas en 30 bolsas de 72 g.",https://arcorencasa.com/wp-content/uploads/2025/11/20251017-15315-300x300.webp,false,true,Importación CSV
15314,SNACK PAPAS FRITAS CREMA Y CEBOLLA 30X72G,2078.480404,872,30,UNIDAD,unidad,Galletas y Snacks,Snacks,Papas Fritas,Crema y Cebolla,papas fritas crema y cebolla | snack de papas,0.15,0.0,"Papas fritas crema y cebolla, presentadas en 30 bolsas de 72 g.",https://arcorencasa.com/wp-content/uploads/2025/11/20251017-15314-300x300.webp,true,true,Importación CSV
15317,SNACK PAPAS FRITAS ORIGINAL 18X130G,3117.591983,22,18,UNIDAD,unidad,Snacks Salados,Snacks,Papas Fritas,Original,papas fritas originales | snack de papas,0.15,0.0,"Papas fritas originales, presentadas en 18 bolsas de 130 g.",https://arcorencasa.com/wp-content/uploads/2025/11/20251017-15317-300x300.webp,true,true,Importación CSV
15316,SNACK PAPAS FRITAS ORIGINAL 30X80G,2078.480404,889,30,UNIDAD,unidad,Galletas y Snacks,Snacks,Papas Fritas,Original,papas fritas originales | snack de papas,0.15,0.0,"Papas fritas originales, presentadas en 30 bolsas de 80 g.",https://arcorencasa.com/wp-content/uploads/2025/11/20251017-15316-300x300.webp,true,true,Importación CSV
15278,TABLETA  ARCOR CHOCOLATE LECHE Y MANI 6X14X96G,2876.5366299999996,397,84,UNIDAD,unidad,Chocolates,Chocolates,Chocolates en Barra,Leche y Maní,tableta de chocolate con maní | chocolate arcor leche y maní,0.85,0.0,"Tableta Arcor chocolate leche y maní, presentada en 6 cajas de 14 tabletas de 96 g.",https://arcorencasa.com/wp-content/uploads/2026/02/20260206-15278-1-300x300.webp,true,true,Importación CSV
15406,TOPLINE SEVEN X-PLOSIVE MENTA 20X16X14GR,13415.354336999999,652,320,Display,display,Almacén,Chicles,Chicles de Menta,X-Plosive,chicle de menta | chicle top line,0.15,0.0,"Chicle Topline Seven X-Plosive Menta, presentado en 20 cajas de 16 unidades de 14 g.",https://cvlbietibaaehgeimxgw.supabase.co/storage/v1/object/public/products-demo_jorge/15406.webp,true,true,Importación CSV
15521,TOPLINE SEVEN SANDIAMANIA 20X16X14GR,13415.354336999999,1,320,unidad,unidad,Almacén,Chicles,Chicles,Sandiamania,chicle sandiamania | chicle top line,0.15,0.0,"Chicle Topline Seven Sandiamania, presentado en 20 cajas de 16 unidades de 14 g.",https://cvlbietibaaehgeimxgw.supabase.co/storage/v1/object/public/products-demo_jorge/15521.webp,true,true,Importación CSV
15520,TOPLINE SEVEN VIOLET CHERRY 20X16X14GR,13415.354336999999,165,320,unidad,unidad,Almacén,Chicles,Chicles,Violet Cherry,chicle cherry | chicle top line,0.15,0.0,"Chicle Topline Seven Violet Cherry, presentado en 20 cajas de 16 unidades de 14 g.",https://cvlbietibaaehgeimxgw.supabase.co/storage/v1/object/public/products-demo_jorge/15520.jpg,true,true,Importación CSV
15522,TOP LINE SEVEN MENTHOL 20X16X14GR,13415.354336999999,253,320,unidad,unidad,Almacén,Chicles,Chicles de Menta,Menthol,chicle menthol | chicle top line,0.15,0.0,"Chicle Top Line Seven Menthol, presentado en 20 cajas de 16 unidades de 14 g.",https://cvlbietibaaehgeimxgw.supabase.co/storage/v1/object/public/products-demo_jorge/15522.jpg,true,true,Importación CSV
13998,TOPLINE SEVEN  XPLOSIVE LATA 8X8X24GR,45148.823412,152,64,DISPLAY,display,Almacén,Bebidas,Energéticas,,bebida energética | top line xplosive,0.15,0.0,"Bebida energética Topline Seven X-Plosive, presentada en 8 latas de 24 g.",https://cvlbietibaaehgeimxgw.supabase.co/storage/v1/object/public/products-demo_jorge/13998.webp,true,true,Importación CSV
14047,MOGUL LADRIL BLUE MUND 6X500G,6793.903885999999,131,600,DISPLAY,display,Almacén,Gomitas,Gomitas,Ladril Blue Mund,gomitas ladril | gomitas mund,0.85,0.0,"Gomita Ladril Blue Mund, presentada en 6 unidades de 500 g.",https://cvlbietibaaehgeimxgw.supabase.co/storage/v1/object/public/products-demo_jorge/14047.jpg,true,true,Importación CSV
14048,MOGUL TWIST MUND ANANA 6X24X25G,11352.407670999999,99,144,DISPLAY,display,Almacén,Gomitas,Gomitas,Twist Ananá,gomitas twist | gomitas mund,0.85,0.0,"Gomita Twist Mund Ananá, presentada en 6 cajas de 24 unidades de 25 g.",https://cvlbietibaaehgeimxgw.supabase.co/storage/v1/object/public/products-demo_jorge/14048.jpg,true,true,Importación CSV
14820,HUEVO ROCKLETS COHETE 6X530GR,48526.467506,10,6,DISPLAY,display,Almacén,Golosinas,Huevos de Chocolate,Rocklets Cohete,huevo rocklets | rocklets cohete,0.15,0.0,"Huevo Rocklets Cohete, presentado en 6 paquetes de 530 g.",https://cvlbietibaaehgeimxgw.supabase.co/storage/v1/object/public/products-demo_jorge/14820.jpg,true,true,Importación CSV
14873,MOGUL GUSANITO ROCKS EXTREME 12X10X40GR,9174.498058,393,120,DISPLAY,display,Almacén,Gomitas,Gomitas,Gusanito Rocks Extreme,gomitas gusanito | gomitas extreme,0.85,0.0,"Gomitas Gusanito Rocks Extreme, presentadas en 12 paquetes de 10 unidades de 40 g.",https://cvlbietibaaehgeimxgw.supabase.co/storage/v1/object/public/products-demo_jorge/14873.webp,true,true,Importación CSV
14888,MOGUL FRUT EXTREME 6X500G,7276.925722,674,498,DISPLAY,display,Almacén,Gomitas,Gelatinas,Frut Extreme,gelatina frut extreme | gomitas frut,0.85,0.0,"Gelatina Mogul Frut Extreme, presentada en 6 unidades de 500 g.",https://cvlbietibaaehgeimxgw.supabase.co/storage/v1/object/public/products-demo_jorge/14888.webp,true,true,Importación CSV
14900,BATIDO COLAGENO HIDROLIZADO LIMONADA 6X237GR,29209.905538,17,6,DISPLAY,display,Almacén,Bebidas,Batidos,Colágeno Hidrolizado,batido de colágeno | batido de limón,0.15,0.0,"Batido colágeno hidrolizado limón, presentado en 6 unidades de 237 g.",https://cvlbietibaaehgeimxgw.supabase.co/storage/v1/object/public/products-demo_jorge/14900.png,true,true,Importación CSV
15017,MOGUL ARAÑITAS RELLENAS 12X12X30GR,6800.9140210000005,427,144,DISPLAY,display,Almacén,Gomitas,Gomitas,Arañitas Rellenas,gomitas arañitas | gomitas rellenas,0.85,0.0,"Gomitas Arañitas Rellenas, presentadas en 12 displays de 30 g.",https://cvlbietibaaehgeimxgw.supabase.co/storage/v1/object/public/products-demo_jorge/15017.webp,true,true,Importación CSV
15052,"TOPLINE STRONG 24X20X6,7GR",7685.4971049999995,127,480,DISPLAY,display,Almacén,Snacks,Snacks,Topline Strong,snack top line strong | snack energético,0.15,0.0,"Snack Topline Strong, presentado en 24 unidades de 20 g.",https://cvlbietibaaehgeimxgw.supabase.co/storage/v1/object/public/products-demo_jorge/15052.jpg,true,true,Importación CSV
15173,MOGUL JELLY BEANS 46X80GR,1505.543105,119,46,DISPLAY,display,Almacén,Gomitas,Gomitas,Jelly Beans,gomitas jelly beans | gomitas de gelatina,0.85,0.0,"Gomitas Mogul Jelly Beans, presentadas en 46 unidades de 80 g.",https://cvlbietibaaehgeimxgw.supabase.co/storage/v1/object/public/products-demo_jorge/15173.webp,true,true,Importación CSV
15197,MENTHO PLUS LATA MIX VIOLET TWIST 8X6X50GR,31440.684044,18,48,DISPLAY,display,Almacén,Chicles,Chicles,Mentho Plus Mix Violet Twist,chicle mentho plus | chicle violet twist,0.15,0.0,"Chicle Mentho Plus Lata Mix Violet Twist, presentado en 8 latas de 6 unidades de 50 g.",https://cvlbietibaaehgeimxgw.supabase.co/storage/v1/object/public/products-demo_jorge/15197.jpg,true,true,Importación CSV
15225,MENTHO PLUS LATA MIX BERRIES 8X6X50GR,31440.684044,83,48,DISPLAY,display,Almacén,Chicles,Chicles,Mentho Plus Mix Berries,chicle mentho plus | chicle berries,0.15,0.0,"Chicle Mentho Plus Lata Mix Berries, presentado en 8 cajas de 6 unidades de 50 g.",https://cvlbietibaaehgeimxgw.supabase.co/storage/v1/object/public/products-demo_jorge/15225.jpg,true,true,Importación CSV
15242,GALLETA BON O BON BAÑADA 36X76GR,2718.022637,397,36,DISPLAY,display,Almacén,Galletas,Galletas,Bon o Bon Bañada,galleta bon o bon | galleta bañada,0.85,0.0,"Galleta Bon o Bon Bañada, presentada en 36 cajas de 76 g.",https://cvlbietibaaehgeimxgw.supabase.co/storage/v1/object/public/products-demo_jorge/15242.jpg,true,true,Importación CSV
15292,"BON O BON  COOKIE & CREAM 16X18X16,5GR",8891.679918,261,288,DISPLAY,display,Almacén,Galletas,Galletas,Cookie & Cream,galleta cookie & cream | bon o bon,0.85,0.0,"Galleta Bon o Bon Cookie & Cream, presentada en 16 cajas de 18 unidades de 16,5 g.",https://cvlbietibaaehgeimxgw.supabase.co/storage/v1/object/public/products-demo_jorge/15292.jpg,true,true,Importación CSV
15328,HUEVO COFLER COOKIES 12x162GR,16326.592557,397,12,DISPLAY,display,Almacén,Golosinas,Huevos de Chocolate,Cofler Cookies,huevo coflers | coflers cookies,0.85,0.0,"Huevo Cofler Cookies, presentado en 12 paquetes de 162 g.",https://cvlbietibaaehgeimxgw.supabase.co/storage/v1/object/public/products-demo_jorge/15328.webp,true,true,Importación CSV
15329,SALADIX PAPAS ORIGINAL 20X50GR,1027.820222,152,20,DISPLAY,display,Almacén,Snacks,Papas Fritas,Original,saladix papas | papas fritas,0.15,0.0,"Saladix Papas Original, presentadas en 20 bolsas de 50 g.",https://cvlbietibaaehgeimxgw.supabase.co/storage/v1/object/public/products-demo_jorge/15329.webp,true,true,Importación CSV
15331,HUEVO ARCOR MILK NENA 12X180GR,21273.046179,2,12,DISPLAY,display,Almacén,Golosinas,Huevos de Chocolate,Arcor Milk Nena,huevo arcor milk nena | chocolate arcor,0.85,0.0,"Huevo Arcor Milk Nena, presentado en 12 unidades de 180 g.",https://cvlbietibaaehgeimxgw.supabase.co/storage/v1/object/public/products-demo_jorge/15331.jpg,true,true,Importación CSV
15332,HUEVO ARCOR MILK NENE 12X180GR,21273.046179,397,12,DISPLAY,display,Almacén,Golosinas,Huevos de Chocolate,Arcor Milk Nene,huevo arcor milk nene | chocolate arcor,0.85,0.0,"Huevo Arcor Milk Nene, presentado en 12 unidades de 180 g.",https://cvlbietibaaehgeimxgw.supabase.co/storage/v1/object/public/products-demo_jorge/15332.jpg,true,true,Importación CSV
15334,HUEVITO BON O BON COCO 8X60X8GR,27976.880689999998,397,480,DISPLAY,display,Almacén,Golosinas,Huevitos de Chocolate,Bon o Bon Coco,huevito bon o bon | bon o bon coco,0.85,0.0,"Huevito Bon o Bon Coco, presentado en 8 cajas de 60 unidades.",https://cvlbietibaaehgeimxgw.supabase.co/storage/v1/object/public/products-demo_jorge/15334.webp,true,true,Importación CSV
15342,HUEVO ROCKLETS 12X110GR,11973.166953,152,12,DISPLAY,display,Almacén,Golosinas,Huevos de Chocolate,Rocklets,huevo rocklets | rocklets,0.15,0.0,"Huevo Rocklets, presentado en 12 unidades de 110 g.",https://cvlbietibaaehgeimxgw.supabase.co/storage/v1/object/public/products-demo_jorge/15342.webp,true,true,Importación CSV
15365,BON O BON LECHE DOYPACK 10X15GR,4862.376772,321,100,DISPLAY,display,Almacén,Galletas,Galletas,Bon o Bon Leche,bon o bon leche | galleta doypack,0.85,0.0,"Bon o Bon Leche Doypack, presentado en 10 unidades de 15 g.",https://cvlbietibaaehgeimxgw.supabase.co/storage/v1/object/public/products-demo_jorge/15365.webp,true,true,Importación CSV
15367,"MENTHO PLUS SANDIA 12X12X29,4GR",6708.347569,336,144,DISPLAY,display,Almacén,Chicles,Chicles,Mentho Plus Sandía,chicle mentho plus | chicle sandía,0.15,0.0,"Chicle Mentho Plus Sandía, presentado en 12 displays de 12 unidades de 29,4 g.",https://cvlbietibaaehgeimxgw.supabase.co/storage/v1/object/public/products-demo_jorge/15367.webp,true,true,Importación CSV
15368,"MENTHO PLUS MARACUYA 12X12X29,4GR",6708.347569,118,144,DISPLAY,display,Almacén,Chicles,Chicles,Mentho Plus Maracuyá,chicle mentho plus | chicle maracuyá,0.15,0.0,"Chicle Mentho Plus Maracuyá, presentado en 12 displays de 12 unidades de 29,4 g.",https://cvlbietibaaehgeimxgw.supabase.co/storage/v1/object/public/products-demo_jorge/15368.jpg,true,true,Importación CSV
15382,AGUILA 70% CACO 24X24X14GR,25242.859554,39,576,DISPLAY,display,Almacén,Chocolates,Chocolates,Águila 70% Cacao,chocolate águila 70% cacao | chocolate amargo,0.85,0.0,"Chocolate Águila 70% Cacao, presentado en 24 unidades de 14 g.",https://cvlbietibaaehgeimxgw.supabase.co/storage/v1/object/public/products-demo_jorge/15382.webp,true,true,Importación CSV
15385,AGUILA DOY PACK 70% 16X12X14G,12136.026661,97,192,DISPLAY,display,Almacén,Chocolates,Chocolates,Doy Pack 70%,chocolate águila doypack | chocolate 70%,0.85,0.0,"Águila Doy Pack 70%, presentado en 16 unidades de 14 g.",https://cvlbietibaaehgeimxgw.supabase.co/storage/v1/object/public/products-demo_jorge/15385.jpg,true,true,Importación CSV
15391,MOGUL SANDIA EXTREME 46X80GR,1505.542984,740,46,DISPLAY,display,Almacén,Gomitas,Gomitas,Sandía Extreme,gomitas sandía extreme | gomitas mogul,0.85,0.0,"Gomitas Mogul Sandía Extreme, presentadas en 46 unidades de 80 g.",https://cvlbietibaaehgeimxgw.supabase.co/storage/v1/object/public/products-demo_jorge/15391.webp,true,true,Importación CSV
15392,BON O BON SUPREME 12X8X18GR,6754.509916,1,96,DISPLAY,display,Almacén,,,,,0.85,0.0,"Descubre el placer irresistible de Bon o Bon Supreme, el snack que conquista a todos con su mezcla perfecta de chocolate y crema. Presentado en una caja de 12 displays, cada uno contiene 8 deliciosas piezas de 18 gramos, ideales para compartir o disfrutar en cualquier momento. Este producto es un imán para las compras por impulso, garantizando un excelente margen de ganancia. Atrae a un público diverso que busca calidad y sabor en su día a día. ¡No dejes que falte en tu mostrador!",https://cvlbietibaaehgeimxgw.supabase.co/storage/v1/object/public/products-demo_jorge/15392.jpg,true,true,Importación CSV
15393,BON O BON SUPREME 3X12X36GR,19157.276116,397,36,DISPLAY,display,Almacén,,,,,0.85,0.0,"¡Descubre el irresistible BON O BON SUPREME! Con su mezcla perfecta de chocolate y crema, este delicioso snack es la tendencia que todos buscan. Presentado en un formato práctico de 3 paquetes de 12 unidades de 36g, es ideal para exhibir en tu kiosco. Su atractivo sabor lo convierte en un producto de compra por impulso, asegurando una alta rotación y un excelente margen de ganancia. No dejes pasar la oportunidad de deleitar a tus clientes y aumentar tus ventas.",https://cvlbietibaaehgeimxgw.supabase.co/storage/v1/object/public/products-demo_jorge/15393.jpg,true,true,Importación CSV
15394,MOGUL 360 PELABLE MANGO 8X20X26GR,18165.729032,1,160,DISPLAY,display,Almacén,,,,,0.85,0.0,"Descubre el irresistible sabor tropical de MOGUL 360 Pelable Mango, un snack que atrae a todos los amantes de las frutas. Presentado en un formato práctico de 8 cajas de 20 unidades de 26 gramos, es ideal para exhibir en tu kiosco o almacén. Este producto no solo es perfecto para compras por impulso, sino que también ofrece un excelente margen de ganancia. Atrae a un público joven y dinámico que busca opciones deliciosas y saludables en cada bocado. ¡Hazlo parte de tu oferta hoy!",https://cvlbietibaaehgeimxgw.supabase.co/storage/v1/object/public/products-demo_jorge/15394.webp,true,true,Importación CSV
15398,MOGUL 360 CUBO MISTERIO FRUTILLA 8X20X26GR,18165.729032,397,160,DISPLAY,display,Almacén,,,,,0.85,0.0,"¡Descubre el irresistible MOGUL 360 CUBO MISTERIO FRUTILLA! Este delicioso snack de gelatina en cubos es la tendencia que tus clientes están buscando. Presentado en un formato de 8 cajas de 20 unidades de 26g, es perfecto para exhibir en tu mostrador. Su atractivo sabor frutal y colorido lo convierten en una compra por impulso ideal, garantizando un alto margen de ganancia. Atrae a los amantes de los dulces y aumenta la rotación en tu negocio con este producto único.",https://cvlbietibaaehgeimxgw.supabase.co/storage/v1/object/public/products-demo_jorge/15398.webp,true,true,Importación CSV
15400,MOGUL 360 OSITO SURTIDO 4D 8X20X26GR,18165.729032,337,160,DISPLAY,display,Almacén,,,,,0.85,1.0,"Descubre la magia de MOGUL 360 Osito Surtido 4D, ¡un dulce que encantará a grandes y chicos! Con su irresistible sabor y textura, estos ositos son el snack perfecto para cualquier ocasión. Presentados en un formato atractivo de 8 cajas de 20 unidades (26g), son ideales para exhibir en tu kiosco. Su atractivo diseño y variedad fomentan la compra por impulso, garantizando un excelente margen de ganancia. ¡Aprovecha la tendencia de los snacks divertidos y aumenta tus ventas hoy!",https://cvlbietibaaehgeimxgw.supabase.co/storage/v1/object/public/products-demo_jorge/15400.webp,true,true,Importación CSV
15417,ROCKLETS MUNDIAL 12X24X20G,18311.648014,43,288,DISPLAY,display,Almacén,,,,,0.15,0.0,"¡Descubre la explosión de sabor con ROCKLETS MUNDIAL! Estas deliciosas bolitas de chocolate son el snack perfecto para los amantes de la dulzura. Presentadas en un práctico formato de 12 displays de 24 unidades de 20g, son ideales para exhibir en tu kiosco o almacén. Con un alto potencial de compra por impulso y un margen atractivo, ROCKLETS conquistará a niños y adultos. ¡No dejes pasar la oportunidad de aumentar tus ventas y atraer a más clientes!",https://cvlbietibaaehgeimxgw.supabase.co/storage/v1/object/public/products-demo_jorge/15417.webp,true,true,Importación CSV
15431,MTR POPS EVOL MUNDIAL 12X24X18G,5528.854573,152,288,DISPLAY,display,Almacén,,,,,0.15,0.0,"Descubre MTR POPS EVOL, el snack que está marcando tendencia. Con su irresistible sabor y textura crujiente, se convierte en la opción perfecta para quienes buscan un antojo saludable y delicioso. Este formato incluye 12 displays de 24 unidades de 18g cada uno, ideal para exhibir en tu kiosco o almacén. Su atractivo precio y alta demanda aseguran una excelente rotación y margen de ganancia, atrayendo a un público diverso que busca calidad y sabor en cada bocado. ¡No te quedes sin ellos!",https://cvlbietibaaehgeimxgw.supabase.co/storage/v1/object/public/products-demo_jorge/15431.webp,true,true,Importación CSV
15432,MTR POPS FRUTAL MUNDIAL 12X50UN,6650.0319819999995,152,600,DISPLAY,display,Almacén,,,,,0.15,0.0,"¡Descubre MTR POPS FRUTAL MUNDIAL, la explosión de sabor que tus clientes no podrán resistir! Este formato incluye 12 displays de 50 unidades, ideales para exhibir en tu mostrador. Con su variedad de sabores frutales, se convierte en el snack perfecto para cualquier ocasión, atrayendo a un público amplio. Ofrece un excelente margen de ganancia y fomenta la compra por impulso, asegurando que tus ventas se disparen. ¡No dejes pasar la oportunidad de aumentar tu rotación!",https://cvlbietibaaehgeimxgw.supabase.co/storage/v1/object/public/products-demo_jorge/15432.jpg,true,true,Importación CSV
15437,"TOPLINE ANANA EXTREME 24X20X6,7GR",7685.4971049999995,436,480,DISPLAY,display,Almacén,,,,,0.15,0.0,"¡Descubre el sabor explosivo de TOPLINE ANANAS EXTREME! Este irresistible snack de ananá combina la frescura de la fruta con un toque extremo que encantará a tus clientes. Presentado en un formato de 24 unidades de 20g, es perfecto para exhibir en tu kiosco o almacén. Su atractivo diseño y delicioso sabor lo convierten en una opción ideal para compras por impulso. Aumenta tu rentabilidad con un producto que atrae a jóvenes y adultos, ¡no dejes que falte en tu mostrador!",https://cvlbietibaaehgeimxgw.supabase.co/storage/v1/object/public/products-demo_jorge/15437.webp,true,true,Importación CSV
15438,"TOPLINE SANDÍA EXTREME 24X20X6,7GR",7685.4971049999995,394,480,DISPLAY,display,Almacén,,,,,0.15,0.0,"Descubre el refrescante sabor de TOPLINE SANDÍA EXTREME, un snack irresistible que encantará a tus clientes. Presentado en un formato de 24 unidades de 20g cada una, este producto es perfecto para exhibir en tu kiosco. Su atractivo diseño y sabor frutal fomentan la compra por impulso, ideal para quienes buscan un toque de frescura. Con un excelente margen de ganancia, TOPLINE SANDÍA EXTREME atraerá a un público joven y dinámico, asegurando una rotación rápida en tu mostrador. ¡No te quedes sin él!",https://cvlbietibaaehgeimxgw.supabase.co/storage/v1/object/public/products-demo_jorge/15438.webp,true,true,Importación CSV
15439,"TOPLINE TUTTI FRUTTI EXTREME 24X20X6,7GR",7685.4971049999995,312,480,DISPLAY,display,Almacén,,,,,0.15,0.0,"¡Descubre el explosivo sabor de TOPLINE TUTTI FRUTTI EXTREME! Este delicioso y colorido snack es perfecto para atraer a los amantes de lo dulce y lo frutal. Presentado en un formato de 24 cajas, cada una con 20 unidades de 6,7 gramos, se adapta a cualquier rincón de tu negocio. Su atractivo diseño y sabor irresistible fomentan la compra por impulso, generando un alto margen de ganancia y una rápida rotación. ¡No dejes pasar la oportunidad de deleitar a tus clientes!",https://cvlbietibaaehgeimxgw.supabase.co/storage/v1/object/public/products-demo_jorge/15439.webp,true,true,Importación CSV
15444,GALLETAS CHOCOLINAS RELLENAS 27X77GR,1279.0746649999999,1421,27,DISPLAY,display,Almacén,,,,,0.15,0.0,"¡Descubre las irresistibles Galletas Chocolinas Rellenas! Con su delicioso relleno de chocolate y su crujiente textura, son el snack perfecto para cualquier momento del día. Presentadas en un formato de 27 bolsas de 77 gramos, son ideales para exhibir en tu kiosco. Su atractivo sabor atrae a todos, aumentando la compra por impulso. Con un alto margen de ganancia y un público objetivo amplio, estas galletas se convertirán en un favorito, asegurando una rotación rápida y constante en tu tienda.",https://cvlbietibaaehgeimxgw.supabase.co/storage/v1/object/public/products-demo_jorge/15444.webp,true,true,Importación CSV
15453,MOGUL PALOTES MUNDIAL 12X8X48G,7304.915078999999,232,96,DISPLAY,display,Almacén,,,,,0.85,0.0,"¡Descubre la explosión de sabor que traen los MOGUL PALOTES MUNDIAL! Estos deliciosos palitos de fruta son la tendencia perfecta para captar la atención de tus clientes. Presentados en una caja de 12 displays, cada uno contiene 48 unidades de 48g, ideales para un consumo rápido y lleno de energía. Su atractivo formato y variedad de sabores garantizan compras por impulso, ofreciendo un excelente margen de ganancia. ¡No dejes pasar la oportunidad de aumentar tus ventas y deleitar a tu público!",https://cvlbietibaaehgeimxgw.supabase.co/storage/v1/object/public/products-demo_jorge/15453.jpg,true,true,Importación CSV
15455,Mogul Duo Mundial 12x12x30g,6800.914142,397,144,DISPLAY,display,Almacén,,,,,0.85,0.0,"Descubre el delicioso sabor de Mogul Duo, una explosión de frutas y gelatina que conquista a grandes y chicos. Cada caja contiene 12 displays de 12 unidades de 30g, perfectos para exhibir en tu kiosco o almacén. Este snack es ideal para compras por impulso, ya que su atractivo formato y su sabor único lo hacen irresistible. Ofrece un excelente margen de ganancia y atrae a un amplio público, garantizando una rápida rotación en tu negocio. ¡No te quedes sin él!",https://cvlbietibaaehgeimxgw.supabase.co/storage/v1/object/public/products-demo_jorge/15455.webp,true,true,Importación CSV
15456,MOGUL CEREBRITOS PINTALENGUAS 12X12X30GR,6800.9140210000005,131,144,DISPLAY,display,Almacén,,,,,0.85,0.0,"¡Descubre el sabor explosivo de Mogul Cerebritos Pintalenguas! Estos divertidos caramelos no solo son irresistibles, sino que además se han convertido en una tendencia entre los más pequeños. Presentados en un formato de 12 displays de 12 unidades de 30 gramos, son ideales para tu kiosco o almacén. Su atractivo diseño y sabor único fomentan la compra por impulso, garantizando un alto margen de rentabilidad. ¡No dejes pasar la oportunidad de atraer a los niños y aumentar tus ventas!",https://cvlbietibaaehgeimxgw.supabase.co/storage/v1/object/public/products-demo_jorge/15456.webp,true,true,Importación CSV
15461,MOGUL LENGUA  SANDIA EXTREME 30X60GR,1508.021669,748,240,DISPLAY,display,Almacén,,,,,0.85,0.0,"¡Descubre la explosión de frescura con MOGUL LENGUA SANDÍA EXTREME! Este delicioso caramelo de 30g tiene un inigualable sabor a sandía que atrapará a tus clientes. Presentado en una caja de 30 unidades, es ideal para exhibir en tu kiosco o almacén. Su formato atractivo y colorido atrae a los amantes de los dulces, generando compras por impulso. Con un excelente margen de ganancia, MOGUL asegura una rotación rápida y constante, convirtiéndolo en un imprescindible en tu mostrador.",https://cvlbietibaaehgeimxgw.supabase.co/storage/v1/object/public/products-demo_jorge/15461.webp,true,true,Importación CSV
15503,MOGUL GUSANITOS EXTREME 6X500GR,7276.925722,502,6,DISPLAY,display,Almacén,,,,,0.85,0.0,"¡Atrévete al sabor extremo con MOGUL GUSANITOS EXTREME! Estos irresistibles snacks crujientes son perfectos para atraer a los amantes de lo diferente y lo divertido. Presentados en un formato de 6 bolsas de 500 gramos, ofrecen una excelente opción de venta para kioscos y almacenes. Su atractivo visual y sabor único impulsan las compras por impulso, garantizando una rotación rápida y un margen atractivo. ¡No dejes pasar la oportunidad de tenerlos en tu mostrador y conquistar a tus clientes!",https://cvlbietibaaehgeimxgw.supabase.co/storage/v1/object/public/products-demo_jorge/15503.webp,true,true,Importación CSV
15504,MOGUL GUSANITOS EXTREME 46X80GR,1505.543105,1138,46,DISPLAY,display,Almacén,,,,,0.85,0.0,"¡Descubre la explosión de sabor con MOGUL GUSANITOS EXTREME! Estos deliciosos snacks son perfectos para satisfacer antojos y atraer a los amantes de lo crujiente. Presentados en formato de 46 bolsas de 80 gramos, su presentación es ideal para exhibir en tu kiosco. Con un alto margen de ganancia y una alta rotación gracias a su popularidad, son la compra perfecta para el público joven y aventurero. ¡No dejes pasar la oportunidad de incrementar tus ventas con este irresistible producto!",https://cvlbietibaaehgeimxgw.supabase.co/storage/v1/object/public/products-demo_jorge/15504.jpg,true,true,Importación CSV
15508,MOGUL TUBITOS MIX FRUTAL 30X70GR,1508.021669,1115,30,DISPLAY,display,Almacén,,,,,0.85,0.0,"¡Descubre MOGUL TUBITOS MIX FRUTAL, el sabor que conquista a grandes y chicos! Con su irresistible mezcla de sabores frutales, estos tubitos son el snack perfecto para cualquier momento del día. Presentado en un formato de 30 paquetes de 70g, es ideal para exhibir en tu kiosco o almacén. Su atractivo diseño y delicioso sabor fomentan las compras por impulso, garantizando una alta rotación y un excelente margen de ganancia. ¡No dejes pasar esta oportunidad de aumentar tus ventas!",https://cvlbietibaaehgeimxgw.supabase.co/storage/v1/object/public/products-demo_jorge/15508.webp,true,true,Importación CSV
15509,MOGUL MINI TWIST MOGUL UVA 6X500GR,7329.934369999999,526,6,DISPLAY,display,Almacén,,,,,0.85,0.0,"Descubre la irresistible frescura de MOGUL MINI TWIST MOGUL UVA, un snack que combina el sabor dulce de la uva con la diversión en cada bocado. Presentado en un formato de 6 paquetes de 500 gramos, es ideal para tus clientes que buscan un capricho refrescante. Su atractivo diseño y sabor único lo convierten en una opción perfecta para compras por impulso, asegurando un alto margen de ganancia. ¡Colócalo en tu mostrador y observa cómo vuela!",https://cvlbietibaaehgeimxgw.supabase.co/storage/v1/object/public/products-demo_jorge/15509.webp,true,true,Importación CSV
15511,MOGUL TWIST ARCOIRIS 12X16X15GR,7847.539458,397,192,DISPLAY,display,Almacén,,,,,0.85,0.0,"Descubre el sabor vibrante de MOGUL TWIST ARCOIRIS, el snack que encanta a grandes y pequeños por su mezcla de colores y sabores irresistibles. Presentado en un práctico formato de 12 displays con 16 unidades de 15g cada uno, es ideal para exhibir en tu kiosco o almacén. Este producto no solo atrae a los consumidores por su aspecto divertido, sino que también garantiza una alta rotación y margen de ganancia, convirtiéndolo en una compra por impulso que no puede faltar en tu mostrador.",https://cvlbietibaaehgeimxgw.supabase.co/storage/v1/object/public/products-demo_jorge/15511.webp,true,true,Importación CSV
15512,MOGUL LADRILLO  ARCOIRIS 24X100GR,1875.1459539999998,181,24,DISPLAY,display,Almacén,,,,,0.85,0.0,"¡Descubre la explosión de sabor que ofrece MOGUL LADRILLO ARCOÍRIS! Un delicioso snack ideal para todos los amantes de lo dulce, perfecto para atraer a niños y adultos por igual. Presentado en un formato práctico de 24 unidades de 100 gramos, este producto es una excelente opción para exhibir en tu kiosco o almacén. Su atractivo colorido y su irresistible sabor garantizan una alta rotación y un margen de ganancia atractivo. ¡Aprovecha la compra por impulso y llena tu mostrador con MOGUL!",https://cvlbietibaaehgeimxgw.supabase.co/storage/v1/object/public/products-demo_jorge/15512.webp,true,true,Importación CSV
15516,MOGUL J BEANS MUNDIAL 12X10X50G,9174.498421,170,120,DISPLAY,display,Almacén,,,,,0.85,0.0,"¡Descubre el irresistible sabor de MOGUL J BEANS MUNDIAL! Estas deliciosas gominolas de frijolito son el snack perfecto para satisfacer esos antojos dulces. Presentadas en un atractivo formato de 12 displays de 10 bolsas de 50g cada una, son ideales para exhibir en tu kiosco. Su colorido y sabor vibrante atraen a todos, asegurando una compra por impulso. Aprovecha el alto margen de ganancia y la rápida rotación que este producto ofrece, perfecto para un público joven y divertido. ¡Impulsa tus ventas hoy!",https://cvlbietibaaehgeimxgw.supabase.co/storage/v1/object/public/products-demo_jorge/15516.jpg,true,true,Importación CSV
15517,POTE MOGUL TUBITOS MIX FRUTAL 6X620GR,10936.336587,336,6,DISPLAY,display,Almacén,,,,,0.85,0.0,"¡Descubre el irresistible sabor de los Pote Mogul Tubitos Mix Frutal! Esta deliciosa mezcla de gomitas frutales es la tendencia que no puede faltar en tu kiosco. Presentado en un formato de 6 pots de 620 gramos, es perfecto para atraer a los amantes de los dulces. Su atractivo colorido y variedad de sabores fomentan la compra por impulso, garantizando una alta rotación y un margen de ganancia atractivo. ¡Hazlo parte de tu oferta y observa cómo vuela de tu mostrador!",https://cvlbietibaaehgeimxgw.supabase.co/storage/v1/object/public/products-demo_jorge/15517.webp,true,true,Importación CSV
15518,TOPLINE SEVEN MANDARINA 20X16X14GR,13415.354336999999,236,320,DISPLAY,display,Almacén,,,,,0.15,0.0,"Descubre el refrescante sabor de TOPLINE SEVEN MANDARINA, la opción ideal para atraer a tus clientes en busca de un snack delicioso y saludable. Presentado en un formato práctico de 20 cajas con 16 unidades de 14 g, este producto se adapta perfectamente a tu exhibidor. Su atractivo sabor y presentación lo convierten en un favorito de compra por impulso, asegurando un alto margen de ganancia y rápida rotación. ¡Hazlo parte de tu oferta y verás cómo tus ventas se disparan!",https://cvlbietibaaehgeimxgw.supabase.co/storage/v1/object/public/products-demo_jorge/15518.jpg,true,true,Importación CSV
15519,TOPLINE SEVEN STRAWBERRY 20X16X14GR,13415.354336999999,152,320,DISPLAY,display,Almacén,,,,,0.15,0.0,"¡Descubre el irresistible sabor de TOPLINE SEVEN STRAWBERRY! Este delicioso snack de fresa se ha convertido en la tendencia favorita de los consumidores, perfecto para quienes buscan un toque dulce en su día. Presentado en un práctico formato de 20 cajas con 16 unidades de 14g, es ideal para exhibir en tu kiosco o almacén. Su atractivo diseño y sabor único fomentan la compra por impulso, asegurando un excelente margen de ganancia y una rápida rotación entre jóvenes y adultos. ¡No dejes pasar esta oportunidad!",https://cvlbietibaaehgeimxgw.supabase.co/storage/v1/object/public/products-demo_jorge/15519.jpg,true,true,Importación CSV
15539,MOGUL EXTREME FRUTILLAS 12X10X50GR,9174.566302,137,120,DISPLAY,display,Almacén,,,,,0.85,0.0,"¡Descubre el explosivo sabor de MOGUL EXTREME FRUTILLAS! Estas deliciosas gomitas son perfectas para atraer a los amantes de lo dulce, especialmente niños y jóvenes. Presentadas en un formato conveniente de 12 cajas de 10 unidades de 50g cada una, son ideales para exhibir en tu kiosco. Su llamativa presentación y sabor irresistible fomentan las compras por impulso, asegurando un margen atractivo que potenciará tus ventas. ¡No dejes pasar la oportunidad de sumar MOGUL a tu oferta y ver cómo tu mostrador se llena de sonrisas!",https://cvlbietibaaehgeimxgw.supabase.co/storage/v1/object/public/products-demo_jorge/15539.webp,true,true,Importación CSV
14504,ROCKLETS SURTIDO DOYPACK 15X130GR,4854.411099999999,34,15,unidad,unidad,Almacén,,,,,0.15,0.0,"¡Descubre la explosión de sabor que solo ROCKLETS puede ofrecer! Este surtido en Doypack de 15 bolsas de 130g cautivará a tus clientes con sus irresistibles sabores y textura crujiente. Ideal para el consumo inmediato, cada bolsa está diseñada para atraer a un amplio público, desde niños hasta adultos, convirtiéndolo en un producto perfecto para la compra por impulso. Con un excelente margen de ganancia, ROCKLETS garantiza una rotación rápida en tu mostrador, ¡no dejes pasar esta oportunidad de aumentar tus ventas!",https://cvlbietibaaehgeimxgw.supabase.co/storage/v1/object/public/products-demo_jorge/14504.webp,true,true,Importación CSV
14508,ROCKLETS MANI DOYPACK 15X130GR,4854.411099999999,36,15,unidad,unidad,Almacén,,,,,0.15,0.0,"¡Descubre la explosión de sabor que ofrecen los ROCKLETS MANI! Este irresistible snack combina el crujiente de los maní con un toque de chocolate, ideal para aquellos que buscan un capricho dulce en cualquier momento del día. Presentado en un práctico doypack de 15 bolsas de 130g, es perfecto para exhibir en tu kiosco. Su atractivo sabor y presentación fomentan la compra por impulso, asegurando una alta rotación y márgenes atractivos, captando la atención de todos tus clientes. ¡No dejes pasar esta oportunidad!",https://cvlbietibaaehgeimxgw.supabase.co/storage/v1/object/public/products-demo_jorge/14508.webp,true,true,Importación CSV
14509,COFLER BLOCK MAX MANI DOYPACK 15X130GR,4854.411099999999,49,15,unidad,unidad,Almacén,,,,,0.85,0.0,"¡Descubre el irresistible sabor de COFLER BLOCK MAX MANI en Doypack! Este delicioso snack de maní es perfecto para satisfacer esos antojos en cualquier momento del día. Presentado en un formato de 15 bolsas de 130g, es ideal para exhibir en tu kiosco o almacén. Su atractivo packaging y sabor único garantizan una alta rotación, ideal para compras por impulso. Ofrece a tus clientes un producto de calidad que no solo deleita, sino que también maximiza tu margen de ganancias.",https://cvlbietibaaehgeimxgw.supabase.co/storage/v1/object/public/products-demo_jorge/14509.webp,true,true,Importación CSV
14891,ATUN LC DESMENUZADO NATURAL 24X170GR,2733.5515349999996,134,24,unidad,unidad,Almacén,,,,,0.15,0.0,"¡Descubre el Atún LC Desmenuzado Natural, el aliado perfecto para tus clientes! Con su sabor fresco y textura irresistible, se posiciona como una opción versátil para ensaladas, sándwiches y más. Este producto viene en un práctico formato de 24 latas de 170g, ideal para el almacenamiento y la exhibición en tu tienda. Su alta demanda y atractivo para el público saludable garantizan una rotación rápida, generando un excelente margen de ganancia. ¡Atrae a los amantes de la comida sana y maximiza tus ventas!",https://cvlbietibaaehgeimxgw.supabase.co/storage/v1/object/public/products-demo_jorge/14891.jpg,true,true,Importación CSV
14905,MERMELADA LC PERA KIWI 12X220GR,2920.899223,152,12,unidad,unidad,Almacén,,,,,0.15,0.0,"Descubre la irresistible Mermelada LC Pera Kiwi, una fusión única de sabores frescos y exóticos que conquistará a tus clientes. Presentada en un práctico formato de 12 frascos de 220g, es ideal para el mostrador de tu negocio. Este producto no solo atrae por su delicioso sabor, sino que también garantiza un excelente margen de ganancia. Su atractivo para la compra por impulso y su amplio público objetivo la convierten en una opción perfecta para aumentar la rotación en tu kiosco o almacén. ¡No te quedes sin ella!",https://cvlbietibaaehgeimxgw.supabase.co/storage/v1/object/public/products-demo_jorge/14905.png,true,true,Importación CSV
14979,MERMELADA LC  DURAZNO MANGO 12X220GR,2920.899223,58,12,unidad,unidad,Almacén,,,,,0.15,0.0,"Descubre la deliciosa Mermelada LC de Durazno Mango, una explosión de sabor tropical que conquistará el paladar de tus clientes. Presentada en prácticos frascos de 220g, este pack incluye 12 unidades, ideal para optimizar tu espacio de exhibición. Su irresistible combinación de durazno y mango la convierte en un producto perfecto para el desayuno y meriendas. Con un alto margen de ganancia y un atractivo especial para el público joven y adulto, garantiza una alta rotación y compras por impulso en tu negocio. ¡No dejes pasar esta oportunidad!",https://cvlbietibaaehgeimxgw.supabase.co/storage/v1/object/public/products-demo_jorge/14979.png,true,true,Importación CSV
14980,MERMELADA LC FRAMBUESA Y FRUTILLA 12X220GR,2920.899223,82,12,unidad,unidad,Almacén,,,,,0.15,0.0,"Descubre la deliciosa Mermelada LC de Frambuesa y Frutilla, una explosión de sabor que conquistará a tus clientes. Presentada en un atractivo formato de 12 frascos de 220 g, esta mermelada es ideal para acompañar desayunos y meriendas. Su mezcla frutal cautiva tanto a jóvenes como a adultos, convirtiéndola en una compra por impulso irresistible. Con un margen atractivo y alta rotación, tenerla en tu mostrador asegurará que tus ventas se disparen. ¡No dejes pasar esta oportunidad!",https://cvlbietibaaehgeimxgw.supabase.co/storage/v1/object/public/products-demo_jorge/14980.jpg,true,true,Importación CSV
14983,ATUN LC DESMENUZADO ACEITE 24X170GR,2733.5515349999996,1130,24,unidad,unidad,Almacén,,,,,0.15,0.0,"Descubre el irresistible Atún LC Desmenuzado en Aceite, un producto premium que resalta por su frescura y sabor inigualable. Presentado en un práctico formato de 24 latas de 170g, ideal para el exhibidor de tu negocio. Este atún es perfecto para quienes buscan opciones rápidas y saludables, lo que garantiza una alta rotación en tu punto de venta. Su atractivo precio y delicioso sabor lo convierten en un must para el público, impulsando así tus ventas y márgenes. ¡Aprovecha esta oportunidad!",https://cvlbietibaaehgeimxgw.supabase.co/storage/v1/object/public/products-demo_jorge/14983.jpg,true,true,Importación CSV
15042,BEBIDA ARCOR NARANJA 12X1L,1808.764386,192,12,unidad,unidad,Almacén,,,,,0.85,0.0,"Descubre la frescura irresistible de la Bebida Arcor Naranja, un clásico que encanta a grandes y chicos. Presentado en un formato de 12 botellas de 1 litro, es ideal para exhibir en tu kiosco o almacén. Su sabor cítrico y refrescante asegura que tus clientes lo elijan una y otra vez, impulsando las ventas. Con un excelente margen de ganancia y alta rotación, es un producto perfecto para captar la atención y satisfacer las ganas de algo delicioso. ¡No dejes pasar esta oportunidad!",https://cvlbietibaaehgeimxgw.supabase.co/storage/v1/object/public/products-demo_jorge/15042.webp,true,true,Importación CSV
15043,BEBIDA ARCOR MANZANA 12X1L,1808.764386,108,12,unidad,unidad,Almacén,,,,,0.85,0.0,"Descubre la refrescante BEBIDA ARCOR MANZANA, un deleite frutal que conquista paladares y se convierte en el favorito del verano. Presentada en formato de 12 botellas de 1L, es ideal para exhibir en tu kiosco o almacén. Su atractivo sabor y empaque práctico fomentan la compra por impulso, garantizando una rápida rotación. Además, su margen de ganancia atractivo la convierte en una inversión segura para captar a un público amplio, desde niños hasta adultos. ¡No te quedes sin ella!",https://cvlbietibaaehgeimxgw.supabase.co/storage/v1/object/public/products-demo_jorge/15043.webp,true,true,Importación CSV
15274,ALFAJOR BON O BON TRIPLE BLANCO 21X60GR,1402.116782,6493,21,unidad,unidad,Almacén,,,,,0.85,0.0,"¡Descubre el placer único del Alfajor Bon o Bon Triple Blanco! Con su irresistible combinación de cremoso relleno y suave cobertura de chocolate blanco, es el favorito indiscutible de los amantes del dulce. Presentado en un formato de 21 unidades de 60 g cada una, este alfajor es ideal para exhibir en tu kiosco. Su atractivo sabor y empaque llamativo fomentan la compra por impulso, asegurando un excelente margen de ganancia y una rápida rotación entre tus clientes. ¡No te quedes sin él!",https://cvlbietibaaehgeimxgw.supabase.co/storage/v1/object/public/products-demo_jorge/15274.webp,true,true,Importación CSV
15338,RAMEN CUP CARNE 12X65GR,2388.213421,1022,12,unidad,unidad,Almacén,,,,,0.15,0.0,"¡Descubre el sabor irresistible del Ramen Cup Carne! Con su deliciosa mezcla de fideos y carne, este producto se ha convertido en una tendencia entre los amantes de la comida rápida. Presentado en un formato de 12 unidades de 65g, es ideal para exhibir en tu kiosco o almacén. Su fácil preparación y sabor auténtico lo convierten en una opción perfecta para compras por impulso. Ofrece un excelente margen de ganancia y atrae a un público joven y dinámico. ¡Aprovecha esta oportunidad!",https://cvlbietibaaehgeimxgw.supabase.co/storage/v1/object/public/products-demo_jorge/15338.webp,true,true,Importación CSV
15339,RAMEN CUP POLLO 12X65GR,2388.213421,1374,12,unidad,unidad,Almacén,,,,,0.15,0.0,"¡Descubre el delicioso Ramen Cup Pollo! Este sabroso fideo instantáneo es ideal para quienes buscan una comida rápida y reconfortante. Cada caja contiene 12 unidades de 65g, perfectas para exhibir en tu kiosco o almacén. Su atractivo formato y su sabor irresistible garantizan que tus clientes lo elijan una y otra vez. Con un alto margen de ganancia y una gran rotación gracias a su compra por impulso, ¡no dejes pasar la oportunidad de incrementar tus ventas!",https://cvlbietibaaehgeimxgw.supabase.co/storage/v1/object/public/products-demo_jorge/15339.webp,true,true,Importación CSV
15340,RAMEN CUP POLLO PICANTE 12X65GR,2388.213421,747,12,unidad,unidad,Almacén,Almacén,Comidas Instantáneas,Ramen,ramen picante | ramen de pollo | sopa instantánea,0.15,0.0,"Ramen instantáneo de pollo picante, presentación de 12 unidades de 65 g.",https://cvlbietibaaehgeimxgw.supabase.co/storage/v1/object/public/products-demo_jorge/15340.jpg,true,true,Importación CSV
15424,BEBIDA BC  NARANJA  24X200ML,675.016529,475,24,unidad,unidad,Almacén,Bebidas,Jugos,Naranja,bebida de naranja | jugo de naranja | refresco de naranja,0.85,0.0,"Bebida de naranja, presentación de 24 botellas de 200 ml.",https://cvlbietibaaehgeimxgw.supabase.co/storage/v1/object/public/products-demo_jorge/15424.jpg,true,true,Importación CSV
15426,BEBIDA BC MULTIFRUTA 24x200ML,675.016408,897,24,unidad,unidad,Almacén,Bebidas,Jugos,Multifruta,bebida multifruta | jugo multifruta | refresco multifruta,0.85,0.0,"Bebida multifruta, presentación de 24 botellas de 200 ml.",https://cvlbietibaaehgeimxgw.supabase.co/storage/v1/object/public/products-demo_jorge/15426.jpg,true,true,Importación CSV
15489,ALFAJOR GOAT NEGRO 21X75GR,1542.678368,3684,21,unidad,unidad,Almacén,Golosinas,Alfajores,Negro,alfajor negro | alfajor de chocolate | alfajor con dulce de leche,0.15,0.0,"Alfajor de chocolate negro, presentación de 21 unidades de 75 g.",https://cvlbietibaaehgeimxgw.supabase.co/storage/v1/object/public/products-demo_jorge/15489.jpg,true,true,Importación CSV
15500,PRESTOPRONTA VEGETALES 42X250GR,1382.191591,29,42,unidad,unidad,Almacén,Almacén,Vegetales,,vegetales congelados | vegetales listos para cocinar | vegetales precocinados,0.15,0.0,"Vegetales precocinados, presentación de 42 unidades de 250 g.",https://cvlbietibaaehgeimxgw.supabase.co/storage/v1/object/public/products-demo_jorge/15500.webp,true,true,Importación CSV
15502,PRESTOPRONTA 4 QUESOS 42X250GR,1382.191591,2,42,unidad,unidad,Almacén,Almacén,Quesos,4 Quesos,queso 4 quesos | mezcla de quesos | queso para gratinar,0.15,0.0,"Producto de 4 quesos, presentación de 42 unidades de 250 g.",https://cvlbietibaaehgeimxgw.supabase.co/storage/v1/object/public/products-demo_jorge/15502.webp,true,true,Importación CSV
15021,AGUILA EXTRA FINO 70% CACAO 10X10X70GR,4715.713277,128,100,UNIDAD,unidad,Almacén,Golosinas,Chocolate,70% Cacao,chocolate amargo | chocolate premium | chocolate 70% cacao,0.85,0.0,"Chocolate Águila Extra Fino 70% Cacao, presentación de 10 unidades de 70 g.",https://cvlbietibaaehgeimxgw.supabase.co/storage/v1/object/public/products-demo_jorge/15021.jpg,true,true,Importación CSV
15022,AGUILA 60% CACAO  C/NARANJA 10X10X70GR,4302.394701,252,100,UNIDAD,unidad,Almacén,Golosinas,Chocolate,60% Cacao con Naranja,chocolate con naranja | chocolate 60% cacao | chocolate Águila,0.85,0.0,"Chocolate Águila 60% Cacao con Naranja, presentación de 10 unidades de 70 g.",https://cvlbietibaaehgeimxgw.supabase.co/storage/v1/object/public/products-demo_jorge/15022.webp,true,true,Importación CSV
15023,RELLENO UNTABLE COFLER MARROC 24X290GR,5663.474574999999,79,24,unidad,display,Almacén,Almacén,Untables,Chocolate,relleno untable | crema de chocolate | crema de avellanas,0.85,0.0,"Relleno untable de chocolate y avellanas, presentación de 24 tarros de 290 g.",https://cvlbietibaaehgeimxgw.supabase.co/storage/v1/object/public/products-demo_jorge/15023.webp,true,true,Importación CSV
15177,AGUILA 80%CACAO 10X10X70G,5201.154145,22,100,UNIDAD,unidad,Almacén,Golosinas,Chocolate,80% Cacao,chocolate oscuro | chocolate 80% cacao | chocolate premium,0.85,0.0,"Chocolate Águila 80% Cacao, presentación de 10 unidades de 70 g.",https://cvlbietibaaehgeimxgw.supabase.co/storage/v1/object/public/products-demo_jorge/15177.jpg,true,true,Importación CSV
15333,FIGURA CHOCOLATE OSO BON O BON  6X12X65GR,6530.871545,397,72,unidad,display,Almacén,Golosinas,Chocolate,Oso Bon o Bon,chocolate oso bon o bon | figura de chocolate | snack de chocolate,0.85,0.0,"Figura de chocolate Oso Bon o Bon, presentación de 6 cajas de 12 unidades de 65 g.",https://cvlbietibaaehgeimxgw.supabase.co/storage/v1/object/public/products-demo_jorge/15333.jpg,true,true,Importación CSV
15383,AGUILA 60% FRAMB 10X10X70G,4302.394701,617,100,unidad,display,Almacén,Golosinas,Chocolate,60% Frambuesa,chocolate con frambuesa | chocolate 60% frambuesa | chocolate Águila,0.85,0.0,"Chocolate Águila 60% Frambuesa, presentación de 10 barras de 70 g.",https://cvlbietibaaehgeimxgw.supabase.co/storage/v1/object/public/products-demo_jorge/15383.webp,true,true,Importación CSV
15407,TABLETA COFLER EXTRA COOKIE&CREAM 4X16X46GR,2080.4617789999998,943,64,UNIDAD,unidad,Almacén,Golosinas,Chocolate,Cookie & Cream,tableta cookie & cream | chocolate con galleta | chocolate cremoso,0.85,0.0,"Tableta de chocolate Cookie & Cream, presentación de 4 cajas de 16 tabletas de 46 g.",https://cvlbietibaaehgeimxgw.supabase.co/storage/v1/object/public/products-demo_jorge/15407.webp,true,true,Importación CSV
15408,TABLETA COFLER EXTRA COOKIE&CREAM 4X10X165GR,7281.615803,637,40,UNIDAD,unidad,Almacén,Golosinas,Chocolate,Cookie & Cream,tableta cookie & cream | chocolate con galleta | chocolate cremoso,0.85,0.0,"Tableta de chocolate Cookie & Cream, presentación de 4 paquetes de 10 unidades de 165 g.",https://cvlbietibaaehgeimxgw.supabase.co/storage/v1/object/public/products-demo_jorge/15408.webp,true,true,Importación CSV
15409,TABLETA  COFLER  EXTRA DOBLE MOUSSE 4X16X46GR,2080.4617789999998,1247,64,UNIDAD,unidad,Almacén,Golosinas,Chocolate,Doble Mousse,tableta doble mousse | chocolate mousse | chocolate cremoso,0.85,0.0,"Tableta de chocolate Doble Mousse, presentación de 4 tabletas de 16 unidades de 46 g.",https://cvlbietibaaehgeimxgw.supabase.co/storage/v1/object/public/products-demo_jorge/15409.jpg,true,true,Importación CSV
15410,TABLETA COFLER EXTRA  DOBLE MOUSSE 4X10X165GR,7281.615803,673,40,UNIDAD,unidad,Almacén,Golosinas,Chocolate,Doble Mousse,tableta doble mousse | chocolate mousse | chocolate cremoso,0.85,0.0,"Tableta de chocolate Doble Mousse, presentación de 4 unidades de 165 g.",https://cvlbietibaaehgeimxgw.supabase.co/storage/v1/object/public/products-demo_jorge/15410.webp,true,true,Importación CSV
15411,TABLETA COFLER  EXTRA CHOCOTORTA 4X16X46GR,2080.4617789999998,999,64,UNIDAD,unidad,Almacén,Golosinas,Chocolate,Chocotorta,tableta chocotorta | chocolate con galleta | chocolate dulce,0.85,0.0,"Tableta de chocolate Chocotorta, presentación de 4 cajas de 16 unidades de 46 g.",https://cvlbietibaaehgeimxgw.supabase.co/storage/v1/object/public/products-demo_jorge/15411.jpg,true,true,Importación CSV
15412,TABLETA COFLER EXTRA  CHOCOTORTA 4X10X165GR,7281.615803,573,40,UNIDAD,unidad,Almacén,Golosinas,Chocolate,Chocotorta,tableta chocotorta | chocolate con galleta | chocolate dulce,0.85,0.0,"Tableta de chocolate Chocotorta, presentación de 4 cajas de 10 tabletas de 165 g.",https://cvlbietibaaehgeimxgw.supabase.co/storage/v1/object/public/products-demo_jorge/15412.webp,true,true,Importación CSV
15413,COFLER  BLOCK GOLD 8X20X35GR,1664.5129049999998,487,160,UNIDAD,unidad,Almacén,Golosinas,Chocolate,Block Gold,chocolate block gold | snack de chocolate | chocolate con crocante,0.85,0.0,"Snack de chocolate Block Gold, presentación de 8 cajas de 20 unidades de 35 g.",https://cvlbietibaaehgeimxgw.supabase.co/storage/v1/object/public/products-demo_jorge/15413.webp,true,true,Importación CSV
15467,COFLER LECHE 2X18X140G,7686.039911,69,36,unidad,display,Almacén,Golosinas,Chocolate,Leche,chocolate con leche | chocolate cremoso | chocolate suave,0.85,0.0,"Chocolate con leche, presentación de 2 cajas de 18 unidades de 140 g.",https://cvlbietibaaehgeimxgw.supabase.co/storage/v1/object/public/products-demo_jorge/15467.jpg,true,true,Importación CSV
15468,COFLER CHOCOLINAS 2X18X140GR,7686.039911,58,36,unidad,display,Almacén,Golosinas,Galletas,Chocolate,galletitas de chocolate | galletas con chocolate | galletas dulces,0.85,0.0,"Galletitas de chocolate, presentación de 2 paquetes de 18 unidades de 140 g.",https://cvlbietibaaehgeimxgw.supabase.co/storage/v1/object/public/products-demo_jorge/15468.jpg,true,true,Importación CSV
15469,COFLER ALMENDRADO 2X18X140GR,7686.039911,70,36,UNIDAD,unidad,Almacén,Golosinas,Chocolate,Almendrado,chocolate almendrado | chocolate con almendras | snack de chocolate,0.85,0.0,"Chocolate almendrado, presentación de 2 packs de 18 unidades de 140 g.",https://cvlbietibaaehgeimxgw.supabase.co/storage/v1/object/public/products-demo_jorge/15469.jpg,true,true,Importación CSV
15470,COFLER ROCKLETS 2X18x140GR,7686.039911,31,36,UNIDAD,unidad,Almacén,Golosinas,Caramelos,Rocklets,caramelos rocklets | caramelos de chocolate | snack de chocolate,0.85,0.0,"Caramelos de chocolate Rocklets, presentación de 2 cajas de 18 unidades de 140 g.",https://cvlbietibaaehgeimxgw.supabase.co/storage/v1/object/public/products-demo_jorge/15470.jpg,true,true,Importación CSV
15478,COFLER ESTILO DUBAI 8X20X43GR,2774.375725,356,160,UNIDAD,unidad,Almacén,Golosinas,Snacks,,snack exótico | snack dulce | snack de chocolate,0.85,0.0,"Snack COFLER Estilo Dubai, presentación de 8 bolsas de 20 unidades de 43 g.",https://cvlbietibaaehgeimxgw.supabase.co/storage/v1/object/public/products-demo_jorge/15478.jpg,true,true,Importación CSV
15524,CELOFAN MUNDIAL12X30X25GR,1040.3289599999998,414,360,UNIDAD,unidad,Almacén,Almacén,Celofán,,celofán para envolver | celofán para alimentos | celofán,0.15,0.0,"Celofán, presentación de 12 paquetes de 30 g.",https://cvlbietibaaehgeimxgw.supabase.co/storage/v1/object/public/products-demo_jorge/15524.webp,true,true,Importación CSV
15527,AGUILA 70% CACAO 4X15X130GR,9385.276428,85,60,UNIDAD,unidad,Almacén,Golosinas,Chocolate,70% Cacao,chocolate 70% cacao | chocolate amargo | chocolate premium,0.85,0.0,"Chocolate Águila 70% Cacao, presentación de 4 cajas de 15 unidades de 130 g.",https://cvlbietibaaehgeimxgw.supabase.co/storage/v1/object/public/products-demo_jorge/15527.webp,true,true,Importación CSV
15530,COFLER DULCE DE LECHE RELLENO 6X20X46GR,2080.7727489999997,7818,120,UNIDAD,unidad,Almacén,Golosinas,Chocolate,Dulce de Leche,chocolate dulce de leche | snack de chocolate | dulce de leche relleno,0.85,0.0,"Snack de chocolate con dulce de leche, presentación de 6 cajas de 20 unidades de 46 g.",https://cvlbietibaaehgeimxgw.supabase.co/storage/v1/object/public/products-demo_jorge/15530.webp,true,true,Importación CSV
