nombre,zone_type,description,color,dia_visita,codigo_ruta,vendedor_idx,geometry_wkt,is_mock
ZONA NORTE - Villa Allende,sales,"Zona comercial Villa Allende, acceso por Av. San Martín.",#E74C3C,lunes,R01-A,0,"SRID=4326;MULTIPOLYGON(((-64.170728 -31.432868000000003, -64.16149300000001 -31.432868000000003, -64.16149300000001 -31.424356, -64.170728 -31.424356, -64.170728 -31.432868000000003)))",true
ZONA SUR - Alta Gracia,sales,"Zona comercial Alta Gracia, acceso por Av. Belgrano.",#3498DB,martes,R02-A,1,"SRID=4326;MULTIPOLYGON(((-64.187798 -31.415235000000003, -64.178366 -31.415235000000003, -64.178366 -31.406509, -64.187798 -31.406509, -64.187798 -31.415235000000003)))",true
ZONA ESTE - Nueva Córdoba,sales,"Zona comercial Nueva Córdoba, acceso por Av. Pueyrredón.",#F1C40F,miercoles,R03-A,2,"SRID=4326;MULTIPOLYGON(((-64.178652 -31.410163, -64.170916 -31.410163, -64.170916 -31.401742, -64.178652 -31.401742, -64.178652 -31.410163)))",true
ZONA OESTE - Villa El Libertador,sales,"Zona comercial Villa El Libertador, acceso por Av. Los Granaderos.",#9B59B6,jueves,R04-A,0,"SRID=4326;MULTIPOLYGON(((-64.199423 -31.424656000000002, -64.190652 -31.424656000000002, -64.190652 -31.416185, -64.199423 -31.416185, -64.199423 -31.424656000000002)))",true
ZONA NORESTE - Argüello,sales,"Zona comercial Argüello, acceso por Av. Echeverría.",#2ECC71,viernes,R05-A,1,"SRID=4326;MULTIPOLYGON(((-64.169626 -31.404495, -64.163038 -31.404495, -64.163038 -31.395906999999998, -64.169626 -31.395906999999998, -64.169626 -31.404495)))",true
ZONA SUROESTE - Malagueño,sales,"Zona comercial Malagueño, acceso por Ruta 20.",#E67E22,sabado,R06-A,2,"SRID=4326;MULTIPOLYGON(((-64.204234 -31.435068, -64.196415 -31.435068, -64.196415 -31.427630999999998, -64.204234 -31.427630999999998, -64.204234 -31.435068)))",true
