incluir,motivo,gev_vigencia_precio,gev_stock,product_code,nombre,gev_descripcion,gev_unidad_venta,gev_unidades_display,gev_unidad_minima_venta,en_catalogo,precio_kipp_display,umv_tipo_actual,unidades_por_display_actual,displays_por_bulto_actual,unidades_por_bulto_actual,cantidad_minima_actual,caja_semantica_actual,umv_tipo_propuesto,unidad_minima_de_venta_propuesta,unidades_por_display_propuesto,displays_por_bulto_propuesto,unidades_por_bulto_propuesto,cantidad_minima_propuesta,caja_semantica_propuesta
si,,20260901,0.0,0102,SUGUS MAX ANANA 12X70X7.5g.,SUGUS MAX ANANA 12X70X7.5g.,DI,70.000,1.000,True,6999.34,unidad,70,12,840,70,unidad,display,DISPLAY,70,12,12,1,display
si,,20260901,0.0,0104,SUGUS MAX FRUTILLA 1,SUGUS MAX FRUTILLA 1,DI,70.000,1.000,True,6999.34,unidad,70,12,840,70,unidad,display,DISPLAY,70,12,12,1,display
si,,20260901,0.0,0105,SUGUS MAX TUT.FRUTTI 12X70X7.5,SUGUS MAX TUT.FRUTTI 12X70X7.5,DI,70.000,1.000,True,6999.34,unidad,70,12,840,70,unidad,display,DISPLAY,70,12,12,1,display
si,,20260901,0.0,0560,SUGUS CONFITADO 30 X 50 Gr.,SUGUS CONFITADO 30 X 50 Gr.,DI,1.000,28.000,True,1260.76,unidad,,,30,1,unidad,display,DISPLAY,,30,30,1,display
si,,20260901,0.0,0606,SUGUS PLEGADO FRUTALES 36X150G,SUGUS PLEGADO FRUTALES 36X150G,DI,46.000,1.000,True,1936.41,unidad,46,36,1656,46,unidad,display,DISPLAY,46,36,36,1,display
si,,20260105,0.0,10044,MAST. ZOO SALVAJE 12X498 G,MAST. ZOO SALVAJE 12X498 G,DI,151.000,1.000,True,4412.42,unidad,151,12,1812,151,unidad,display,DISPLAY,151,12,12,1,display
si,,20260901,464.0,10057,MENTHO PLUS SIN AZUCAR STRONG 12x12x26.6G,CAR.MP.ZERO STRONG 12X12X26.6 G,DI,12.000,1.000,True,8599.95,unidad,12,12,144,12,unidad,display,DISPLAY,12,12,12,1,display
si,,20260901,0.0,10113,TAB.HAMLET WAY 12X21UN.X30GR,TAB.HAMLET WAY 12X21UN.X30GR,DI,21.000,1.000,True,14559.03,unidad,21,12,252,21,unidad,display,DISPLAY,21,12,12,1,display
si,,20260731,1738.0,10131,MENTHO PLUS MIEL 12X12X29.4G,MENTHOPLUS MIEL 12X12X29.4 G,DI,12.000,1.000,True,5735.76,unidad,12,12,144,12,unidad,display,DISPLAY,12,12,12,1,display
si,,20260901,0.0,10146,TAB.HAMLET ALMEN/MANI 8X21X45G,TAB.HAMLET ALMEN/MANI 8X21X45G,DI,21.000,1.000,True,20564.8,unidad,21,8,168,21,unidad,display,DISPLAY,21,8,8,1,display
si,,20260901,0.0,10147,TAB.HAMLET LEC/COKIES 8X21X45G,TAB.HAMLET LEC/COKIES 8X21X45G,DI,21.000,1.000,True,20564.8,unidad,21,8,168,21,unidad,display,DISPLAY,21,8,8,1,display
si,,20260901,0.0,10148,TAB.HAMLET CHOCOLATOS.8X21X43G,TAB.HAMLET CHOCOLATOS.8X21X43G,DI,21.000,1.000,True,20564.8,unidad,21,8,168,21,unidad,display,DISPLAY,21,8,8,1,display
si,,20260901,0.0,10149,TAB.HAMLET BCO/COOKIE 8X21X48G,TAB.HAMLET BCO/COOKIE 8X21X48G,DI,21.000,1.000,True,20564.8,unidad,21,8,168,21,unidad,display,DISPLAY,21,8,8,1,display
si,,20260901,0.0,10150,TAB.HAMLET YOGHU.FRUT.8X21X43G,TAB.HAMLET YOGHU.FRUT.8X21X43G,DI,21.000,1.000,True,20564.8,unidad,21,8,168,21,unidad,display,DISPLAY,21,8,8,1,display
si,,20260731,2824.0,10204,CRIOLLITAS POR 3 ORIGINAL 22X3X100G,CRIOLLITAS 22X3X100G,DI,1.000,1.000,True,1561.73,unidad,,,22,1,unidad,display,DISPLAY,,22,22,1,display
si,,20260901,44.0,1042,CARAMELO BOCADITO HOLANDA 24X50U,CAR. HOLANDA 24x50x10gr,DI,50.000,1.000,True,9857.41,unidad,50,24,1200,50,unidad,display,DISPLAY,50,24,24,1,display
si,,20260731,0.0,10798,AGUILA MEDALLON DE MENTA 24x15x14G,MEDALLON MTA AGUILA 24X15X14 GR,DI,15.000,1.000,True,10753.25,unidad,15,24,360,15,unidad,display,DISPLAY,15,24,24,1,display
si,,20260105,0.0,10846,MPLUS.STRNG12X12X30.,MPLUS.STRNG12X12X30.,DI,12.000,1.000,True,1061.75,unidad,12,,12,1,unidad,display,DISPLAY,12,12,12,1,display
si,,20260901,0.0,10880,ALKA CHERRY 10X800G,ALKA CHERRY 10X800G,DI,400.000,1.000,True,11534.3,unidad,400,10,4000,400,unidad,display,DISPLAY,400,10,10,1,display
si,,20260105,0.0,10881,ALKA CHERRY 24X200G,ALKA CHERRY 24X200G,DI,100.000,1.000,True,2013.51,unidad,100,24,2400,100,unidad,display,DISPLAY,100,24,24,1,display
si,,20260901,0.0,10882,ALKA MENTA 10X800G,ALKA MENTA 10X800G,DI,400.000,1.000,True,11534.3,unidad,400,10,4000,400,unidad,display,DISPLAY,400,10,10,1,display
si,,20260901,0.0,10883,ALKA STRONG 10X800G,ALKA STRONG 10X800G,DI,400.000,1.000,True,11534.3,unidad,400,10,4000,400,unidad,display,DISPLAY,400,10,10,1,display
si,,20260901,0.0,10884,ALKA ACIDO SDO 10X80,ALKA ACIDO SDO 10X80,DI,400.000,1.000,True,11534.3,unidad,400,10,4000,400,unidad,display,DISPLAY,400,10,10,1,display
si,,20260105,0.0,10918,TOPLINE SEVEN SANDIA 36x16x14.7G,CH. TL7 SANDIA 36X16X14G,DI,16.000,1.000,True,9770.94,unidad,16,36,576,16,unidad,display,DISPLAY,16,36,36,1,display
si,,20260901,78.00125000000001,1104,CARAMELO CREMINO SURTIDO 6X940G,CAR. CREMINO SURTIDO 6X940G,DI,160.000,1.000,True,11887.65,unidad,160,6,960,160,unidad,display,DISPLAY,160,6,6,1,display
si,,20260901,179.0,11240,HELADO GELATO COFLER DULCE 6X450CC,GELATO COFLER DULCE 6U.X250G,DI,1.000,1.000,True,6077.92,unidad,,,6,1,,display,DISPLAY,,6,6,1,display
si,,20260901,412.0,11554,MENTHO PLUS CAFE LATTE 12x12x28G,MENTHOPLUS 2 CAFE LATTE 12X12X28G,DI,12.000,1.000,True,8599.95,unidad,12,12,144,12,unidad,display,DISPLAY,12,12,12,1,display
si,,20260731,0.0,11599,ROCKLETON 12x16x13.5G,ROCKLETON 12X16UN.X13.5G,DI,16.000,1.000,True,8606.9,unidad,16,12,192,16,unidad,display,DISPLAY,16,12,12,1,display
si,,20260901,195.0,11814,HELADO GELATO BONOBON 6X250G,POTE GELATO BOB 6U.X250G,DI,1.000,1.000,True,6077.92,unidad,,,6,1,,display,DISPLAY,,6,6,1,display
si,,20260901,0.0,11836,TRANSP.CHERRY MISKY 12X405 G,TRANSP.CHERRY MISKY 12X405 G,DI,90.000,1.000,True,5088.03,unidad,90,12,1080,90,unidad,display,DISPLAY,90,12,12,1,display
si,,20260901,0.0,11837,TRANSPARENTE MTA MISKY 6X810 G,TRANSPARENTE MTA MISKY 6X810 G,DI,180.000,1.000,True,9932.68,unidad,180,6,1080,180,unidad,display,DISPLAY,180,6,6,1,display
si,,20260901,0.0,11841,MISKY TOFFEES LECHE 8X648G,MISKY TOFFEES LECHE 8X648G,DI,118.000,1.000,True,7713.09,unidad,118,8,944,118,unidad,display,DISPLAY,118,8,8,1,display
si,,20260901,0.0,11918,BOM.HAMLET LECHE 12X30X13G,BOM.HAMLET LECHE 12X30X13G,DI,30.000,1.000,True,9724.65,unidad,30,12,360,30,unidad,display,DISPLAY,30,12,12,1,display
si,,20260901,0.0,11936,"CARAMELO ALKA MENTA 12X12X29,4","CARAMELO ALKA MENTA 12X12X29,4",DI,12.000,1.000,True,3732.83,unidad,12,12,144,12,unidad,display,DISPLAY,12,12,12,1,display
si,,20260901,0.0,11937,"CARAM. ALKA STRONG 12X12X29,4","CARAM. ALKA STRONG 12X12X29,4",DI,12.000,1.000,True,3732.83,unidad,12,12,144,12,unidad,display,DISPLAY,12,12,12,1,display
si,,20260901,0.0,11938,"CAR.ALKA CRRY/MTOL 12X12X29,4","CAR.ALKA CRRY/MTOL 12X12X29,4",DI,12.000,1.000,True,3732.83,unidad,12,12,144,12,unidad,display,DISPLAY,12,12,12,1,display
si,,20260901,0.0,11982,RELLENO MIEL MKY 6X675G,RELLENO MIEL MKY 6X675G,DI,135.000,1.000,True,7777.07,unidad,135,6,810,135,unidad,display,DISPLAY,135,6,6,1,display
si,,20260731,565.0,12100,TOPLINE SEVEN ULTRA GREEN MINT 12X12X24G,CH TL7 ULTRA GMINT 12X12X24G,DI,12.000,1.000,True,18635.8,unidad,12,12,144,12,unidad,display,DISPLAY,12,12,12,1,display
si,,20260731,41.0,12101,TOPLINE SEVEN ULTRA RED BERRY 12X12X24G,CH TL7 ULTRA RBERRY 12X12X24GR,DI,12.000,1.000,True,18635.8,unidad,12,12,144,12,unidad,display,DISPLAY,12,12,12,1,display
si,,20260731,377.0,12102,TOPLINE SEVEN ULTRA CLEAN MINT 12X12X24G,CH TL7 ULTRA CLEAN 12X12X24 GR,DI,12.000,1.000,True,18635.8,unidad,12,12,144,12,unidad,display,DISPLAY,12,12,12,1,display
si,,20260731,0.26999999999999996,12576,CELOFAN LECHE Y MANI 12X30X25G,CHO.LEC C/MANI ARCOR 12X30X25,DI,30.000,1.000,True,25090.91,unidad,30,12,360,1,unidad,display,DISPLAY,30,12,12,1,display
si,,20260901,0.0,12601,CHUP.MEGA COSMO SURT,CHUP.MEGA COSMO SURT,DI,24.000,1.000,True,5303.68,unidad,24,15,360,24,unidad,display,DISPLAY,24,15,15,1,display
si,,20260901,0.0,1271,SAPITO MANI 8X24X10G,SAPITO MANI 8X24X10G,DI,24.000,1.000,True,7947.15,unidad,24,8,192,24,unidad,display,DISPLAY,24,8,8,1,display
si,,20260901,0.0,1272,SAPITO FRUTILLA 8X24X10G,SAPITO FRUTILLA 8X24X10G,DI,24.000,1.000,True,7947.15,unidad,24,8,192,24,unidad,display,DISPLAY,24,8,8,1,display
si,,20260901,0.0,12757,HELADO PALITO BOMBON POR 6 12X6X40G,PALITO BOMBON 12X6X40GR,DI,6.000,1.000,True,6989.61,unidad,6,12,72,72,unidad,display,DISPLAY,6,12,12,1,display
si,,20260105,0.0,12842,MOGUL FRUTILLAS ACIDAS 24X150G,MOGUL FRUTILLAS ACIDAS 24X150G,DI,23.000,1.000,True,1705.35,unidad,23,24,552,552,unidad,display,DISPLAY,23,24,24,1,display
si,,20260901,0.0,1291,SAPITO CHOCOLATOSO 8X24X10G,SAPITO CHOCOLATOSO 8X24X10G,DI,24.000,1.000,True,7947.15,unidad,24,8,192,24,unidad,display,DISPLAY,24,8,8,1,display
si,,20260105,0.0,13011,MOGUL EUCALIPTUS 12X10X50G,MOGUL EUCALIPTUS 12X10X50G,DI,10.000,1.000,True,6602.45,unidad,10,12,120,10,unidad,display,DISPLAY,10,12,12,1,display
si,,20260901,0.0,13013,MINI COFLER LECHE 16X16X18G,MINI COFLER LECHE 16X16X18G,DI,16.000,1.000,True,9563.22,unidad,16,16,256,16,unidad,display,DISPLAY,16,16,16,1,display
si,,20260901,429.0,13020,HELADO TRES CREMAS FRUTILLA AMERICANA Y DULCE DE LECHE 8Ux1KG,ARCOR TRES CREMAS 8U X 1KG,DI,1.000,1.000,True,12155.84,unidad,,,8,1,,display,DISPLAY,,8,8,1,display
si,,20260901,0.0,13030,GOMAS RICOMAS CONITO FR 6X500G,GOMAS RICOMAS CONITO FR 6X500G,DI,227.000,1.000,True,4767.12,unidad,227,6,1362,227,unidad,display,DISPLAY,227,6,6,1,display
si,,20260901,51.0,13056,BOMBON COFLER BLOCK 20X16X16G,CHOC COFLER BLOCK 20X16X16G,DI,16.000,1.000,True,12509.74,unidad,16,20,320,16,unidad,display,DISPLAY,16,20,20,1,display
si,,20260901,0.0,13092,FRUTIGELATIN SAURIOS,FRUTIGELATIN SAURIOS,DI,12.000,1.000,True,4790.82,unidad,12,12,144,12,unidad,display,DISPLAY,12,12,12,1,display
si,,20260105,0.0,13093,FRUTIGELATIN TRUITOS 12X12X25GS,FRUTIGELATIN TRUITOS 12X12X25GS,DI,12.000,1.000,True,3378.44,unidad,12,12,144,12,unidad,display,DISPLAY,12,12,12,1,display
si,,20260901,2.995714285714286,13110,CARAMELO BC SURTIDO 6X420G,CARAMELO BC SURTIDO 6X420G,DI,210.000,1.000,True,13328.6,unidad,210,6,1260,210,unidad,display,DISPLAY,210,6,6,1,display
si,,20260105,0.0,13116,SUGUS MAX PINTALENGUA 12X70,SUGUS MAX PINTALENGUA 12X70,DI,70.000,1.000,True,4962.27,unidad,70,12,840,70,unidad,display,DISPLAY,70,12,12,1,display
si,,20260901,0.0,13258,ROCKLETS 20X500G,CHOC ROCKLETS 20x500gr,DI,1.000,1.000,True,13683.59,unidad,,,20,1,,display,DISPLAY,,20,20,1,display
si,,20260105,0.0,13259,GOM. FANTASIA MISKY 12X12X30G,GOM. FANTASIA MISKY 12X12X30G,DI,12.000,1.000,True,3336.35,unidad,12,12,144,12,unidad,display,DISPLAY,12,12,12,1,display
si,,20260731,0.0,13295,HOGAREÑAS CON SALVADO POR 3 10X3X200G,HOGAREÑAS SALV. 10x3x200 g,DI,3.000,1.000,True,3407.41,unidad,3,10,30,3,unidad,display,DISPLAY,3,10,10,1,display
si,,20260105,0.0,13335,HUEVO ROCKLET 8X12X28G,HUEVO SUP ROCKLE 12X28GR,DI,12.000,1.000,True,14696.1,unidad,12,8,96,12,unidad,display,DISPLAY,12,8,8,1,display
si,,20260901,0.0,13336,HUEVO SAPITO CONFITES 8X12X28G,HUEVO SAPITO CONFITES 8X12X28G,DI,12.000,30.000,True,12969.37,unidad,12,8,96,360,unidad,display,DISPLAY,12,8,8,1,display
si,,20260901,1011.3299999999999,13347,SONRISAS POR 3 12X3X108G,SONRISAS FRAMBUESA 12X3X108G,DI,3.000,1.000,True,3450.0,unidad,3,12,36,36,unidad,display,DISPLAY,3,12,12,1,display
si,,20260411,0.0,13351,HUEVITO BOB DISPLAY 12X30X10G,HUEVITO BOB DISPLAY 12X30X10G,DI,30.000,1.000,True,18784.37,unidad,30,12,360,30,unidad,display,DISPLAY,30,12,12,1,display
si,,20260731,0.9996296296296215,13409,BUTTER TOFFEES AVELLANA 8X648G,BUT.TOFFEES AVELLANAS 8X648 G,DI,108.000,1.000,True,7742.51,unidad,108,8,864,108,unidad,display,DISPLAY,108,8,8,1,display
si,,20260105,132.0,13421,RELLENOS MIEL 36X140G,RELLENOS MIEL 36X140G,DI,28.000,1.000,True,1281.81,unidad,28,36,1008,28,unidad,display,DISPLAY,28,36,36,1,display
si,,20260105,0.0,13423,RELLENOS FRUTALES 36 X 140G,RELLENOS FRUTALES 36 X 140G,DI,23.000,1.000,True,1281.81,unidad,23,36,828,23,unidad,display,DISPLAY,23,36,36,1,display
si,,20260901,0.0,13593,MISKY ROLL 24X12X35G,MISKY ROLL 24X12X35G,DI,12.000,1.000,True,5000.46,unidad,12,24,288,12,unidad,display,DISPLAY,12,24,24,1,display
si,,20260901,0.0,13619,CHICLE ALKA FRUTA 30,CHICLE ALKA FRUTA 30,DI,20.000,1.000,True,4653.23,unidad,20,30,600,20,unidad,display,DISPLAY,20,30,30,1,display
si,,20260105,0.0,13620,"CHICLE ALKA MENTA 30X20X6,7G","CHICLE ALKA MENTA 30X20X6,7G",DI,20.000,1.000,True,3151.88,unidad,20,30,600,20,unidad,display,DISPLAY,20,30,30,1,display
si,,20260105,0.0,13651,SUGUS AGRUPADO FLLA.12X12X6Un,SUGUS AGRUPADO FLLA.12X12X6Un,DI,12.000,1.000,True,4163.88,unidad,12,12,144,12,unidad,display,DISPLAY,12,12,12,1,display
si,,20260105,0.0,13652,SUGUS AGRUPADO ANANA 12X12X6Un,SUGUS AGRUPADO ANANA 12X12X6Un,DI,12.000,1.000,True,4163.88,unidad,12,12,144,12,unidad,display,DISPLAY,12,12,12,1,display
si,,20260105,0.0,13707,BARRA CM ORIGINAL 36X4X23G,BARRA CM ORIGINAL 36X4X23G,DI,4.000,1.000,True,2081.68,unidad,4,36,144,4,unidad,display,DISPLAY,4,36,36,1,display
si,,20260731,180.0,13710,TOPLINE7 ULTRA DOBLE 12X12X24G,TOPLINE7 ULTRA DOBLE 12X12X24G,DI,12.000,1.000,True,18635.8,unidad,12,12,144,12,unidad,display,DISPLAY,12,12,12,1,display
si,,20260105,0.0,13711,MENTHO PLUS SIN AZUCAR COOL MINT 36X30G,COMPR. MPLUS COOL MINT 36X30G,DI,30.000,1.000,True,2180.59,unidad,30,36,1080,30,unidad,display,DISPLAY,30,36,36,1,display
si,,20260105,0.0,13712,MENTHO PLUS SIN AZUCAR MIX BERRIES 36X30G,COMPR. MPLUS MIX BERRIES36X30G,DI,1.000,1.000,True,2180.59,unidad,,,36,1,unidad,display,DISPLAY,,36,36,1,display
si,,20260901,0.0,13797,"MENTHO PLUS 2 DULCE DE LECHE 12X12X27,2G","CAR. M.PLUS 2 DDL 12X12X27,2G",DI,12.000,1.000,True,8599.95,unidad,12,12,144,12,unidad,display,DISPLAY,12,12,12,1,display
si,,20260622,0.0,13803,BATIDO SIMPLE SACIETY PLUS CHOCOLATE 6X462G,SACIETY PLUS CHOCOLA,DI,1.000,1.000,True,25663.25,unidad,,,6,1,,display,DISPLAY,,6,6,1,display
si,,20260901,0.0,13833,MAST. RICOMÁS SURT. X4 28X280G,MAST. RICOMÁS SURT. X4 28X280G,DI,84.000,1.000,True,2598.71,unidad,84,28,2352,84,unidad,display,DISPLAY,84,28,28,1,display
si,,20260105,0.0028571428571428975,13841,MOG.EXT PALOTES BLUEB 12X70X8G,MOG.EXT PALOTES BLUEB 12X70X8G,DI,70.000,1.000,True,4626.33,unidad,70,12,840,70,unidad,display,DISPLAY,70,12,12,1,display
si,,20260901,0.001428571428571432,13860,SUGUS SURTIDO 8X700G,SUGUS SURTIDO 8X700G,DI,210.000,1.000,True,8343.35,unidad,210,8,1680,210,unidad,display,DISPLAY,210,8,8,1,display
si,,20260901,0.0,13875,"CHUP B-COLOR MISKY 12X50X12,5G","CHUP B-COLOR MISKY 12X50X12,5G",DI,50.000,1.000,True,6372.75,unidad,50,12,600,50,unidad,display,DISPLAY,50,12,12,1,display
si,,20260901,9816.0,13886,PURE TOMATE LC 12x530G,PURE.TOMATE.LACAMPA. 530 GR,DI,1.000,1.000,True,1141.66,unidad,,,12,1,,display,DISPLAY,,12,12,1,display
si,,20260901,0.0,1391,SAPITO DULCE DE LECHE 8X24X10G,SAPITO DULCE DE LECHE 8X24X10G,DI,24.000,1.000,True,7947.15,unidad,24,8,192,24,unidad,display,DISPLAY,24,8,8,1,display
si,,20260731,0.0,13956,MOGUL BAÑADOS 24X80G,MOGUL BAÑADOS 24X80G,DI,1.000,1.000,True,1813.35,unidad,,,24,1,unidad,display,DISPLAY,,24,24,1,display
si,,20260105,0.0,13967,"SUGUS MAX SANDIA 12X70X7,5G","SUGUS MAX SANDIA 12X70X7,5G",DI,70.000,1.000,True,4962.27,unidad,70,12,840,70,unidad,display,DISPLAY,70,12,12,1,display
si,,20260922,0.0,13987,MEDALLON  AGUILA DOS SABORES 20X12X14G,MEDALLON AG 2SAB 20X12UNIDADES,DI,12.000,1.000,True,9240.63,unidad,12,20,240,12,unidad,display,DISPLAY,12,20,20,1,display
si,,20260105,0.0,14022,HVITO AGU 60%CACAO 60X8GR,HVITO AGU 60%CACAO 60X8GR,DI,60.000,1.000,True,18423.27,unidad,60,8,480,60,unidad,display,DISPLAY,60,8,8,1,display
si,,20260731,0.0,14047,MOGUL LADRIL BLUE MUND 6X500G,LADRILLO BLUEB MUNDIAL 6X500G,DI,1.000,1.000,True,6505.98,unidad,,,6,1,unidad,display,DISPLAY,,6,6,1,display
si,,20260622,1.0,14048,MOGUL TWIST MUND ANANA 6X24X25G,TWIST MAX ANANA MUNDIAL 6X24X25G,DI,24.000,1.000,True,9706.52,unidad,24,6,144,24,unidad,display,DISPLAY,24,6,6,1,display
si,,20260901,108.0,14155,CHICLE FLICS MENTA 24X12X17G,CHICLE FLICS MENTA 24X12X17G,DI,12.000,1.000,True,6811.66,unidad,12,24,288,12,unidad,display,DISPLAY,12,24,24,1,display
si,,20260901,0.0,14156,CHICLE FLICS TUTTI FRUTTI 24X12X17G,CHICLE FLICS FTILLA 24X12X17G,DI,12.000,1.000,True,6811.66,unidad,12,24,288,12,unidad,display,DISPLAY,12,24,24,1,display
si,,20260901,0.0,14178,SUGUS MAX FLLA & SANDÍA 24X120,SUGUS MAX FLLA & SANDÍA 24X120,DI,16.000,1.000,True,2045.76,unidad,16,24,384,16,unidad,display,DISPLAY,16,24,24,1,display
si,,20260901,0.0,14179,SUGUS SDO. ESPECIAL 8X700G,SUGUS SDO. ESPECIAL 8X700G,DI,210.000,1.000,True,8343.35,unidad,210,8,1680,210,unidad,display,DISPLAY,210,8,8,1,display
si,,20260901,21.0,14185,MOGUL JELLY BEANS 6X500G,MOGUL JELLY BEANS 6X500G,DI,384.000,1.000,True,6968.53,unidad,384,6,2304,384,unidad,display,DISPLAY,384,6,6,1,display
si,,20260901,0.0,14188,SAPITO MANI BLANCO 8X24X10G,SAPITO MANI BLANCO 8X24X10G,DI,24.000,1.000,True,7947.33,unidad,24,8,192,24,unidad,display,DISPLAY,24,8,8,1,display
si,,20260901,765.0,14230,"CH TOP LINE MENTA 24 X 20 X 6,7G","CH TOP LINE MENTA 24 X 20 X 6,7G",DI,20.000,1.000,True,7162.66,unidad,20,24,480,20,unidad,display,DISPLAY,20,24,24,1,display
si,,20260901,0.0,14233,PASTA TIRABUZON ARCOR 15X500G,TIRABUZON.ARCOR.MS.15X500G,DI,1.000,1.000,True,1260.73,unidad,,,15,1,,display,DISPLAY,,15,15,1,display
si,,20260901,0.0,14234,CODITO.ARCOR.MS.15X500G,CODITO.ARCOR.MS.15X500G,DI,1.000,1.000,True,1260.73,unidad,,,15,1,,display,DISPLAY,,15,15,1,display
si,,20260901,0.0,14236,PASTA MOSTACHOL ARCOR 15X500G,MOSTACHOL.ARCOR.MS.15X500G,DI,1.000,1.000,True,1260.73,unidad,,,15,1,,display,DISPLAY,,15,15,1,display
si,,20260901,0.0,14254,JG.PV.NARAN.NOEL12X18X16G.2L,JG.PV.NARAN.NOEL12X18X16G.2L,DI,18.000,1.000,True,6783.49,unidad,18,12,216,18,unidad,display,DISPLAY,18,12,12,1,display
si,,20260901,0.0,14255,JG.PV.MANZA.NOEL.12X18X16G.2L,JG.PV.MANZA.NOEL.12X18X16G.2L,DI,18.000,1.000,True,6783.49,unidad,18,12,216,18,unidad,display,DISPLAY,18,12,12,1,display
si,,20260901,0.0,14256,JG.PV.LIMON.NOEL.12X,JG.PV.LIMON.NOEL.12X,DI,18.000,1.000,True,6783.49,unidad,18,12,216,18,unidad,display,DISPLAY,18,12,12,1,display
si,,20260901,0.0,14257,JG.PV.MULTI.NOEL.12X18X16.G.2L,JG.PV.MULTI.NOEL.12X18X16.G.2L,DI,18.000,1.000,True,6783.49,unidad,18,12,216,18,unidad,display,DISPLAY,18,12,12,1,display
si,,20260105,0.0,14258,JG.PV.ANANA.NOEL.12X18X16.G.2L,JG.PV.ANANA.NOEL.12X18X16.G.2L,DI,18.000,1.000,True,5513.29,unidad,18,12,216,18,unidad,display,DISPLAY,18,12,12,1,display
si,,20260901,0.0,14259,JG.PV.FRUTIL.NOEL.12X18X16G.2L,JG.PV.FRUTIL.NOEL.12X18X16G.2L,DI,18.000,1.000,True,6783.49,unidad,18,12,216,18,unidad,display,DISPLAY,18,12,12,1,display
si,,20260105,0.0,14276,TRAVIATA BALANCE 16X321gr,TRAVIATA BALANCE 16X321gr,DI,1.000,1.000,True,1561.73,unidad,,,16,1,unidad,display,DISPLAY,,16,16,1,display
si,,20260901,0.0,14300,MEDIATARDE SANDWICH 16X321 GR,MEDIATARDE SANDWICH 16X321 GR,DI,1.000,1.000,True,1737.99,unidad,,,16,1,unidad,display,DISPLAY,,16,16,1,display
si,,20260901,0.0,14363,ALF.COFLER BLOCK 16X6x40.7g,ALF.COFLER BLOCK 16X6x40.7g,DI,6.000,1.000,True,5377.15,unidad,6,16,96,6,unidad,display,DISPLAY,6,16,16,1,display
si,,20260901,6336.0,14429,JUGO POLVO ARCOR NARANJA 12X18X15G,JG.PV.ARCOR.NARANJA.12X18X15.G,DI,18.000,1.000,True,5581.19,unidad,18,12,216,18,unidad,display,DISPLAY,18,12,12,1,display
si,,20260901,3297.0,14430,JUGO POLVO ARCOR MANZANA 12X18X15G,JG.PV.ARCOR.MANZANA.12X18X15.G,DI,18.000,1.000,True,5581.19,unidad,18,12,216,18,unidad,display,DISPLAY,18,12,12,1,display
si,,20260901,10577.0,14431,JUGO POLVO ARCOR MULTIFRUTA 12X18X15G,JG.PV.ARCOR.MULTIFR.12X18X15.G,DI,18.000,1.000,True,5581.19,unidad,18,12,216,18,unidad,display,DISPLAY,18,12,12,1,display
si,,20260901,7395.0,14432,JUGO POLVO ARCOR NARANJA DURAZNO 12X18X15G,JG.PV.ARCOR.NAR.DUR.12X18X15.G,DI,18.000,1.000,True,5581.19,unidad,18,12,216,18,unidad,display,DISPLAY,18,12,12,1,display
si,,20260901,12567.0,14433,JUGO POLVO ARCOR LIMONADA 12X18X15G,JG.PV.ARCOR.LIMONAD.12X18X15.G,DI,18.000,1.000,True,5581.19,unidad,18,12,216,18,unidad,display,DISPLAY,18,12,12,1,display
si,,20260901,10653.0,14434,JUGO POLVO ARCOR ANANA 12X18X15G,JG.PV.ARCOR.ANANA.12X18X15.G,DI,18.000,1.000,True,5581.19,unidad,18,12,216,18,unidad,display,DISPLAY,18,12,12,1,display
si,,20260901,12348.0,14435,JUGO POLVO ARCOR NARANJA BANANA 12X18X15G,JG.PV.ARCOR.NAR.BAN.12X18X15.G.,DI,18.000,1.000,True,5581.19,unidad,18,12,216,18,unidad,display,DISPLAY,18,12,12,1,display
si,,20260901,10210.0,14436,JUGO POLVO ARCOR NARANJA DULCE 12X18X15G,JG.PV.ARCOR.NAR.DUL.12X18X15.G.,DI,18.000,1.000,True,5581.19,unidad,18,12,216,18,unidad,display,DISPLAY,18,12,12,1,display
si,,20260901,14546.0,14437,JUGO POLVO ARCOR NARANJA MANGO 12X18X15G,JG.PV.ARCOR.NJA.MAN.12X18X15.G.,DI,18.000,1.000,True,5581.19,unidad,18,12,216,18,unidad,display,DISPLAY,18,12,12,1,display
si,,20260901,257.0,14438,JG.PV.ARCOR.FRUTILL.12X18X15.G,JG.PV.ARCOR.FRUTILL.12X18X15.G,DI,18.000,1.000,True,5581.19,unidad,18,12,216,18,unidad,display,DISPLAY,18,12,12,1,display
si,,20260901,2173.0,14439,JUGO POLVO ARCOR DURAZNO 12X18X15G,JG.PV.ARCOR.DURAZNO.12X18X15.G,DI,18.000,1.000,True,5581.19,unidad,18,12,216,18,unidad,display,DISPLAY,18,12,12,1,display
si,,20260901,5499.0,14440,JUGO POLVO ARCOR 3 FRUTAS 12X18X15G,JG.PV.ARCOR.3FRUTAS.12X18X15.G,DI,18.000,1.000,True,5581.19,unidad,18,12,216,18,unidad,display,DISPLAY,18,12,12,1,display
si,,20260901,2649.0,14441,JUGO POLVO ARCOR POMELO ROSADO 12X18X15G,JG.PV.ARCOR.POM.ROS.12X18X15.G,DI,18.000,1.000,True,5581.19,unidad,18,12,216,18,unidad,display,DISPLAY,18,12,12,1,display
si,,20260105,0.0,14442,JG.PV.BC.LIM.MARACU.16X18X6.5GR,JG.PV.BC.LIM.MARACU.16X18X6.5GR,DI,18.000,1.000,True,4414.47,unidad,18,16,288,18,unidad,display,DISPLAY,18,16,16,1,display
si,,20260105,0.0,14443,JG.PV.BC.LI.FTS.ROJ.16X18X6.5GR,JG.PV.BC.LI.FTS.ROJ.16X18X6.5GR,DI,18.000,1.000,True,4536.11,unidad,18,16,288,18,unidad,display,DISPLAY,18,16,16,1,display
si,,20260105,0.0,14444,JG.PV.BC.LIM.JENG.16x18x6.5gr,JG.PV.BC.LIM.JENG.16x18x6.5gr,DI,18.000,1.000,True,4536.11,unidad,18,16,288,18,unidad,display,DISPLAY,18,16,16,1,display
si,,20260901,0.0,14462,PASTA DEDALITOS ARCOR 12x500G,DEDALITOS.ARCOR.MS.12X500G,DI,1.000,1.000,True,1260.73,unidad,,,12,1,,display,DISPLAY,,12,12,1,display
si,,20260105,0.0,14466,ENSALADA ATUN VERDE LC 24X180G,ENS.ATUN.VERDE.LC.24X180G,DI,1.000,1.000,True,3009.13,unidad,,,24,1,,display,DISPLAY,,24,24,1,display
si,,20260901,0.0,14473,COFLER CUPS MANI 20X16X17G,COFLER CUPS MANI 20X16X17G,DI,16.000,1.000,True,9563.22,unidad,16,20,320,16,unidad,display,DISPLAY,16,20,20,1,display
si,,20260105,0.0,14487,DISPEN ROCKLETS 8X120G HA,DISPEN ROCKLETS 8X120G HA,DI,1.000,1.000,True,17321.14,unidad,,,8,1,unidad,display,DISPLAY,,8,8,1,display
si,,20260901,1219.0,14502,GALLETA CEREAL MIX AVENA CHOCOLATE 25X207G,GALL.CM.AVE/CHOC 25X207G,DI,1.000,1.000,True,1845.68,unidad,,,25,1,,display,DISPLAY,,25,25,1,display
si,,20260901,1053.0,14538,PASTA SPAGHETTI ARCOR 20X500G,SPAGHETTI.ARCOR.MS.20X500G,DI,1.000,1.000,True,1260.73,unidad,,,20,1,,display,DISPLAY,,20,20,1,display
si,,20260901,0.0,14548,FLAN.D.D.LECH.NOEL 6X8.X25G,FLAN.D.D.LECH.NOEL 6X8.X25G,DI,8.000,1.000,True,4565.21,unidad,8,6,48,8,unidad,display,DISPLAY,8,6,6,1,display
si,,20260105,0.0,14549,FLAN.VAINILLA.NOEL.6X8X25.GR,FLAN.VAINILLA.NOEL.6X8X25.GR,DI,8.000,1.000,True,4347.82,unidad,8,6,48,8,unidad,display,DISPLAY,8,6,6,1,display
si,,20260901,0.0,14551,FLAN GODET VAINILLA 6X8X25G,FLAN.VAINILL.GODET.6X8X25.GR,DI,8.000,1.000,True,4889.57,unidad,8,6,48,1,unidad,display,DISPLAY,8,6,6,1,display
si,,20260901,0.0,14556,GELA.FRUTILLA.NOEL.6X8X25.GR,GELA.FRUTILLA.NOEL.6X8X25.GR,DI,8.000,1.000,True,6730.1,unidad,8,6,48,8,unidad,display,DISPLAY,8,6,6,1,display
si,,20260901,0.0,14557,GELA.CEREZA.NOEL.6X8X25.GR.,GELA.CEREZA.NOEL.6X8X25.GR.,DI,8.000,1.000,True,6730.1,unidad,8,6,48,8,unidad,display,DISPLAY,8,6,6,1,display
si,,20260105,0.0,14558,GELATINA MOGUL FRUTILLA 6X8X25G,GEL.FRUTILLA.MOGUL.6X8X25G,DI,8.000,1.000,True,6326.24,unidad,8,6,48,1,unidad,display,DISPLAY,8,6,6,1,display
si,,20260105,0.0,14559,GELATINA MOGUL CEREZA 6X8X25GR,GEL CEREZA.MOGUL.6X8X25.GR,DI,8.000,1.000,True,6326.24,unidad,8,6,48,1,unidad,display,DISPLAY,8,6,6,1,display
si,,20260105,0.0,14561,GEL.UVA.MOGUL.6X8X25.GR,GEL.UVA.MOGUL.6X8X25.GR,DI,8.000,1.000,True,6326.24,unidad,8,6,48,8,unidad,display,DISPLAY,8,6,6,1,display
si,,20260901,164.88,14562,GELATINA BC FRUTILLA LIGHT 6x8x18G,GEL.FRUTILL.LIGHT.BC.6X8X18.G,DI,8.000,1.000,True,6832.33,unidad,8,6,48,1,unidad,display,DISPLAY,8,6,6,1,display
si,,20260901,87.0,14563,GELATINA BC CEREZA LIGHT 6X8X18G,GEL.CEREZA.LIGHT.BC.6X8X18.G,DI,8.000,1.000,True,6832.33,unidad,8,6,48,1,unidad,display,DISPLAY,8,6,6,1,display
si,,20260901,88.0,14564,GELATINA BC DURAZNO LIGHT 6X8X18G,GEL.DURAZNO.LIGHT.BC.6X8X18.G,DI,8.000,1.000,True,6832.33,unidad,8,6,48,1,unidad,display,DISPLAY,8,6,6,1,display
si,,20260901,0.0,14568,CONF BATATA CHOC NOEL 1X5KG,CONF BATATA CHOC NOEL 1X5KG,DI,1.000,1.000,True,16988.32,unidad,,,1,1,,display,DISPLAY,,1,1,1,display
si,,20260901,33751.0,14611,PURE TOMATE ARCOR 12X520G,PURE. TOMATE ARCOR 12X520G,DI,1.000,1.000,True,991.54,unidad,,,12,1,,display,DISPLAY,,12,12,1,display
si,,20260901,0.0,14675,COFLER CUPS SPLIT 20X16X17G,COFLER CUPS SPLIT 20X16X17G,DI,16.000,1.000,True,9563.22,unidad,16,20,320,16,unidad,display,DISPLAY,16,20,20,1,display
si,,20260901,32.0,14677,MOGUL BANANITAS 12X12X30G,MOGUL BANANITAS 12X12X30G,DI,12.000,1.000,True,6454.54,unidad,12,12,144,12,unidad,display,DISPLAY,12,12,12,1,display
si,,20260731,0.0,14727,TOPLINE SEVEN TURBO MINT 10X6X25G,CH CONF TL TURBO MIN 10X6X25G,DI,6.000,1.000,True,9889.28,unidad,6,10,60,6,unidad,display,DISPLAY,6,10,10,1,display
si,,20260922,90.0,14730,MOGUL MONSTRUITOS 12,MOGUL MONSTRUITOS 12,DI,12.000,1.000,True,6454.55,unidad,12,12,144,12,unidad,display,DISPLAY,12,12,12,1,display
si,,20260901,296.0,14739,TUBITOS MOGUL EXT.FR 15 gr,TUBITOS MOGUL EXT.FR 15 gr,DI,16.000,1.000,True,7179.48,unidad,16,12,192,16,unidad,display,DISPLAY,16,12,12,1,display
si,,20260901,0.0,14742,CAR MISKY TOFFEES CHOC 8X648G,CAR MISKY TOFFEES CHOC 8X648G,DI,118.000,1.000,True,7713.09,unidad,118,8,944,118,unidad,display,DISPLAY,118,8,8,1,display
si,,20260901,56.0,14748,MOGUL TUBITOS EXTREME  FRUTILLA 6X500G,MINI TUB MOG EXT FLLA 6X500G,DI,250.000,1.000,True,7019.3,unidad,250,6,1500,250,unidad,display,DISPLAY,250,6,6,1,display
si,,20260901,68.0,14750,MOGUL TUBITOS EXTREME TUTTI FRUTTI 6X500G,MINI TUB MOG EXT TUTTI 6X500G,DI,250.000,1.000,True,7019.3,unidad,250,6,1500,250,unidad,display,DISPLAY,250,6,6,1,display
si,,20260922,312.0,14774,MOGUL JELLY BEANS 12X10X50G HW,MOGUL JELLY BEANS 12X10X50G HW,DI,10.000,1.000,True,8550.42,unidad,10,12,120,1,unidad,display,DISPLAY,10,12,12,1,display
si,,20260901,850.0,14782,HELADO FRAMBUESA CHOCOLATE CON LECHE 12X150G,FRAMBUESA CHOCOL.LECHE 12X150G,DI,1.000,1.000,True,6457.79,unidad,,,12,1,unidad,display,DISPLAY,,12,12,1,display
si,,20260731,0.0,14790,HELADO BOMBON ESCOCES 12X6X90G,BOMBON BOB ESCOCES 90G,DI,6.000,1.000,True,13295.45,unidad,6,12,72,6,unidad,display,DISPLAY,6,12,12,1,display
si,,20260901,0.0,14798,CAR. SUGUS CONF. ACIDO 30X50GS,CAR. SUGUS CONF. ACIDO 30X50GS,DI,28.000,1.000,True,1260.76,unidad,28,30,840,28,unidad,display,DISPLAY,28,30,30,1,display
si,,20260901,31.0,14799,MOGUL OSO EXTREME 6X500G,MOGUL OSO EXTREME 6X500G,DI,83.000,1.000,True,6968.53,unidad,83,6,498,83,unidad,display,DISPLAY,83,6,6,1,display
si,,20260901,90.0,14800,MOGUL SANDIA EXTREME 6x500G,MOGUL SANDIA EXTREME 6X500G,DI,83.000,1.000,True,6968.53,unidad,83,6,498,83,unidad,display,DISPLAY,83,6,6,1,display
si,,20260411,0.0,14808,HVITO COFLER CHOCOTO 8X60X8GR,HVITO COFLER CHOCOTO 8X60X8GR,DI,60.000,1.000,True,23471.24,unidad,60,8,480,60,unidad,display,DISPLAY,60,8,8,1,display
si,,20260411,0.0,14811,HUEVITOS AGUILA REGA 20X8GR,HUEVITOS AGUILA REGA 20X8GR,DI,20.000,1.000,True,8217.89,unidad,20,20,400,20,unidad,display,DISPLAY,20,20,20,1,display
si,,20260105,0.0,14818,FIG. CHOCOLAT OSO BO 6X12X70G,FIG. CHOCOLAT OSO BO 6X12X70G,DI,12.000,1.000,True,51608.32,unidad,12,6,72,1,unidad,display,DISPLAY,12,6,6,1,display
si,,20260411,0.0,14824,CACERIA HVITOS ROCKL 12X20X13GR,CACERIA HVITOS ROCKL 12X20X13GR,DI,20.000,1.000,True,15647.49,unidad,20,12,240,20,unidad,display,DISPLAY,20,12,12,1,display
si,,20260901,0.0,14830,"MENTHO PLUS 2 FRUTILLA 12X12X27,2G","CAR. M.PLUS2 FLLA. 12X12X27,2G",DI,12.000,1.000,True,8599.95,unidad,12,12,144,12,unidad,display,DISPLAY,12,12,12,1,display
si,,20260731,33.0,14872,MOGUL BOMBON DE FRUTA 24X80G,MOGUL FRUTA BOM 24X80G,DI,1.000,1.000,True,1813.35,unidad,,,24,1,,display,DISPLAY,,24,24,1,display
si,,20260901,140.0,14873,MOGUL GUSANITO ROCKS EXTREME 12X10X40GR,MOGUL GUSANITO ROCKS 12x10x40GR,DI,10.000,1.000,True,8550.36,unidad,10,12,120,10,unidad,display,DISPLAY,10,12,12,1,display
si,,20260901,0.0,14883,HELADO BARRITA AGUILA AMERICANA 8X6X34G,BARRITA AGU AGRUP 8X6X34G,DI,6.000,1.000,True,10484.42,unidad,6,8,48,6,unidad,display,DISPLAY,6,8,8,1,display
si,,20260901,227.0,14887,HELADO FRAMBUESA CHOCOLATE AMARGO 12X150G,FRAMBUESA CHOCO.AMARGO 12X150G,DI,1.000,1.000,True,6457.79,unidad,,,12,1,unidad,display,DISPLAY,,12,12,1,display
si,,20260901,0.0,14888,MOGUL FRUT EXTREME 6X500G,MOGUL FRUTILLA EXTREME 6 X 500G,DI,1.000,1.000,True,6968.53,unidad,,,6,1,unidad,display,DISPLAY,,6,6,1,display
si,,20260901,0.0,14904,CARAMELO FIZZ PICANTE 12X48X18G,FIZZ PIC 12X48X18.4 G,DI,48.000,1.000,True,10297.6,unidad,48,12,576,48,unidad,display,DISPLAY,48,12,12,1,display
si,,20260731,56.800000000000004,14993,MR POPS CHUPETIN SURTIDO POR 10 24X180G,CHUP MRP STDO CZA&BLUE 24X180G,DI,10.000,1.000,True,3102.28,unidad,10,24,240,10,unidad,display,DISPLAY,10,24,24,1,display
si,,20260901,0.9966666666666667,14999,MOGUL GOMAS COLA 12X12X30G,GOMAS MOGUL COLA 12X12X30G,DI,12.000,1.000,True,6454.54,unidad,12,12,144,12,unidad,display,DISPLAY,12,12,12,1,display
si,,20260901,178.0,15006,TOPLINE 7 TURBO PINK 12x50G,TOPLINE 7 TURBO PINK 12X50G,DI,1.000,1.000,True,4195.39,unidad,,,12,1,,display,DISPLAY,,12,12,1,display
si,,20260901,145.0,15017,MOGUL ARAÑITAS RELLENAS 12X12X30GR,MOGUL ARAÑITAS RELL 12v12x30GR,DI,12.000,0.000,True,6454.55,unidad,12,12,144,12,unidad,display,DISPLAY,12,12,12,1,display
si,,20260901,0.0,15019,MOGUL OSITO EXTREME PICANTE 12X12X30G,MOGUL OSITO EXT PIC 12X30GR,DI,12.000,1.000,True,6484.15,unidad,12,12,144,12,unidad,display,DISPLAY,12,12,12,1,display
si,,20260901,67.0,15023,RELLENO UNTABLE COFLER MARROC 24X290GR,RELL UNT COF MARROC 24 X 290G,DI,1.000,1.000,True,5571.22,unidad,,,24,1,unidad,display,DISPLAY,,24,24,1,display
si,,20260901,7315.996666666667,15027,TRAVIATA CON KESITA POR 3 12X3X96G,TRAVIATA CRACK KESITA 12X3X96G,DI,3.000,1.000,True,2129.63,unidad,3,12,36,3,unidad,display,DISPLAY,3,12,12,1,display
si,,20260731,720.0,15052,"TOPLINE STRONG 24X20X6,7GR",CH. TOPLINE STRONG 24X20X6.7G,DI,20.000,1.000,True,7162.65,unidad,20,24,480,20,unidad,display,DISPLAY,20,24,24,1,display
si,,20260901,0.0,15063,MOGUL MASTI CONFITADOS 12X16X30G,MOGUL MASTI CONF 16X30G,DI,16.000,1.000,True,13615.97,unidad,16,12,192,16,unidad,display,DISPLAY,16,12,12,1,display
si,,20260901,0.0,15074,ROCKLETS COOKIE 12X8X35G,ROCKLETS COOKIE 12X8X35G,DI,8.000,1.000,True,10072.11,unidad,8,12,96,8,unidad,display,DISPLAY,8,12,12,1,display
si,,20260901,0.0,15089,MOGUL MASTI EXTREME SPLASH 12X10X30G,MOGUL MASTI EXT 10X30G,DI,10.000,1.000,True,8509.95,unidad,10,12,120,10,unidad,display,DISPLAY,10,12,12,1,display
si,,20260901,380.0,15093,CHICLE POOSH UVA 18X200G,CHICLE POOSH UVA 18X200G,DI,40.000,1.000,True,3584.32,unidad,40,18,720,40,unidad,display,DISPLAY,40,18,18,1,display
si,,20260901,444.0,15094,CHICLE POOSH TUTTI FR. 18X200G,CHICLE POOSH TUTTI FR. 18X200G,DI,40.000,1.000,True,3584.32,unidad,40,18,720,40,unidad,display,DISPLAY,40,18,18,1,display
si,,20260105,0.0,15103,TUB MOGUL EXT ZOMBIE,TUB MOGUL EXT ZOMBIE,DI,16.000,1.000,True,5399.8,unidad,16,12,192,16,unidad,display,DISPLAY,16,12,12,1,display
si,,20260731,0.0,15106,MOGUL MINI TUBITOS EXTREME MIX FRUTILLA 24X100G,MINI TUB EXTR MIX FRUT 24X100G,DI,1.000,1.000,True,1747.58,unidad,,,24,1,,display,DISPLAY,,24,24,1,display
si,,20260901,0.0,15109,LADR EXTR MIX FRUT 6X500G,LADR EXTR MIX FRUT 6X500G,DI,1.000,1.000,True,7019.3,unidad,,,6,1,unidad,display,DISPLAY,,6,6,1,display
si,,20260901,1.0,15110,MOGUL TWIST MAX BLUEBERRY 6X24X25G,TWIST MAX MOGUL BLUEB 6X24X25G,DI,24.000,1.000,True,11471.5,unidad,24,6,144,24,unidad,display,DISPLAY,24,6,6,1,display
si,,20260901,40.0,15111,MOGUL MASTI EXTREME ROLL MANZANA 13G,MOGUL ROLL MANZ EXT 24X13G,DI,24.000,1.000,True,6498.51,unidad,24,24,576,24,unidad,display,DISPLAY,24,24,24,1,display
si,,20260901,41.0,15112,MOGUL MASTI EXTREME ROLL TUTTI FRUTTI 13G,MOGUL ROLL 24X13G,DI,24.000,1.000,True,6498.51,unidad,24,24,576,24,unidad,display,DISPLAY,24,24,24,1,display
si,,20260901,190.0,15116,CHUPETIN MR POPS EXPLOSIVE SANDIA 10X4 X5X10G,CHUP. EVO EXPL SAND,DI,20.000,1.000,True,11601.86,unidad,20,10,200,20,unidad,display,DISPLAY,20,10,10,1,display
si,,20260901,30.0,15117,CHUPETIN MR POPS EXPLOSIVE FRUTILLA 10G,CHUP EXPLOSIVE FLLA,DI,20.000,1.000,True,11601.86,unidad,20,10,200,20,unidad,display,DISPLAY,20,10,10,1,display
si,,20260105,0.0,15118,CHUP EVO FLLA/BLUE 10X4X5X9G,CHUP EVO FLLA/BLUE 10X4X5X9G,DI,20.000,1.000,True,8961.04,unidad,20,10,200,20,unidad,display,DISPLAY,20,10,10,1,display
si,,20260731,957.0,15119,PORTEÑITAS POR 3 12X3X139G,PORTEÑITAS 12X3X139G,DI,1.000,1.000,True,2910.49,unidad,,,12,1,unidad,display,DISPLAY,,12,12,1,display
si,,20260901,0.0,15120,MOGUL PALOTES PICANTES SURTIDO 12X8X48G,MOG. PALO PIC 12X8X48G,DI,8.000,1.000,True,6189.06,unidad,8,12,96,8,unidad,display,DISPLAY,8,12,12,1,display
si,,20260901,0.9958064516129033,15133,MOGUL PALOTES UVA Y TUTTI FRUTTI 12X496G,MOGUL PALOTES 12X496G,DI,62.000,1.000,True,5755.82,unidad,62,12,744,62,unidad,display,DISPLAY,62,12,12,1,display
si,,20260901,6.9954838709677425,15134,MOGUL PALOTES EXTREME LIMON Y SANDIA 12X496G,MOGUL PALOTES EXT 12X496G,DI,62.000,1.000,True,5755.82,unidad,62,12,744,62,unidad,display,DISPLAY,62,12,12,1,display
si,,20260901,395.0,15135,MR POPS CHUPETIN FRESH 12X24X18G,CHUP MRPOP EVO FRESH 12X24X18G,DI,24.000,1.000,True,5199.98,unidad,24,12,288,24,unidad,display,DISPLAY,24,12,12,1,display
si,,20260901,168.0,15136,HELADO BOMBONCITO BLOCK BITES 6X180G,BITES BLOCK 6X180GRS,DI,1.000,1.000,True,7445.45,unidad,,,6,1,unidad,display,DISPLAY,,6,6,1,display
si,,20260901,247.0,15137,HELADO BOMBONCITO COFLER DULCE DE LECHE BITES 6X180G,BITES DDL 6X180GRS,DI,1.000,1.000,True,7445.45,unidad,,,6,1,unidad,display,DISPLAY,,6,6,1,display
si,,20260901,228.0,15138,HELADO  BONOBON BITES 6X180G,BITES BON O BON 6X180G,DI,1.000,1.000,True,7445.45,unidad,,,6,1,,display,DISPLAY,,6,6,1,display
si,,20260411,0.0,15140,HUEVITO ARCOR GRAVITY 8X60X8G,HUEVITO ARCOR GRAVITY 8X60X8G,DI,60.000,1.000,True,23471.24,unidad,60,8,480,60,unidad,display,DISPLAY,60,8,8,1,display
si,,20260901,1.0,15145,MOGUL JELLY BEANS EXTREME 12X10X50G,MOGUL JELLY BEAN EXT 12X10X50G,DI,10.000,1.000,True,8550.36,unidad,10,12,120,1,unidad,display,DISPLAY,10,12,12,1,display
si,,20260901,72.0,15146,MOGUL GOMAS COLA 6X500G,MOGUL COLA 6X500G,DI,1.000,1.000,True,6968.53,unidad,,,6,1,,display,DISPLAY,,6,6,1,display
si,,20260901,5.0,15148,MOGUL BITES BAÑADO POTE 12X150G,MOGUL BITES BAÑADAS. 12X150G,DI,1.000,1.000,True,4173.47,unidad,,,12,1,,display,DISPLAY,,12,12,1,display
si,,20260902,0.0,15153,VASO AGUILA ANIVERSARIO ROSA 12X5X14G,VASO AGUILA ANIVER SA 12X5X14G,DI,5.000,1.000,True,6292.0,unidad,5,12,60,5,unidad,display,DISPLAY,5,12,12,1,display
si,,20260922,197.0,15155,BOLSA BOMBONES 12X10,BOLSA BOMBONES 12X10,DI,10.000,1.000,True,7174.53,unidad,10,10,100,10,unidad,display,DISPLAY,10,10,10,1,display
si,,20260922,883.0,15156,ROCK MAX MOMIA CAJITA 30X40GR,ROCK MAX MOMIA CAJITA 30X40GR,DI,1.000,1.000,True,1419.14,unidad,,,30,1,unidad,display,DISPLAY,,30,30,1,display
si,,20260922,195.00333333333333,15160,MOGUL FANTASMAS 12X12X30G,MOGUL FANTASMAS 12X12X30G,DI,12.000,1.000,True,6454.55,unidad,12,12,144,12,unidad,display,DISPLAY,12,12,12,1,display
si,,20260922,553.0,15162,MOGUL MINI GUSANITOS,MOGUL MINI GUSANITOS,DI,1.000,1.000,True,6968.54,unidad,,,6,1,unidad,display,DISPLAY,,6,6,1,display
si,,20260731,0.0,15170,MOGUL MORAS 46X80G,MOGUL MORAS 46X80G,DI,1.000,1.000,True,1403.12,unidad,,,46,1,,display,DISPLAY,,46,46,1,display
si,,20260731,523.0,15171,MOGUL DIENTES 46X80G,MOGUL DIENTES 46X80G,DI,1.000,1.000,True,1403.12,unidad,,,46,1,,display,DISPLAY,,46,46,1,display
si,,20260105,0.0,15174,BARRA CEREAL MIX FS 36X4X33G,BARRA CEREAL MIX FS 36X4X33G,DI,4.000,1.000,True,3737.71,unidad,4,36,144,4,unidad,display,DISPLAY,4,36,36,1,display
si,,20260105,0.0,15175,BARRA CM FS P.CHO 36X4X38G,BARRA CM FS P.CHO 36X4X38G,DI,4.000,1.000,True,3737.71,unidad,4,36,144,4,unidad,display,DISPLAY,4,36,36,1,display
si,,20260105,0.0,15178,HUESITO PINTALENGUA 12X450GR,HUESITO PINTALENGUA 12X450GR,DI,1.000,1.000,True,4330.28,unidad,,,12,1,unidad,display,DISPLAY,,12,12,1,display
si,,20260922,264.0,15179,PALOTE PINTALENGUA 12X8X48GR,PALOTE PINTALENGUA 12X8X48GR,DI,8.000,1.000,True,6807.96,unidad,8,12,96,8,unidad,display,DISPLAY,8,12,12,1,display
si,,20260922,333.0,15181,CAR. MAST NVO SABOR 20X396G HW,CAR. MAST NVO SABOR 20X396G HW,DI,1.000,1.000,True,4353.05,unidad,,,20,1,unidad,display,DISPLAY,,20,20,1,display
si,,20260922,16.0,15185,CHUP MIX BLOO+MURCI,CHUP MIX BLOO+MURCI,DI,10.000,1.000,True,3102.28,unidad,10,24,240,10,unidad,display,DISPLAY,10,24,24,1,display
si,,20260922,76.0,15187,MR POPS TERROR 24X10X12.5 G,MR POPS TERROR 24X10X12.5 G,DI,10.000,1.000,True,1688.83,unidad,10,24,240,10,unidad,display,DISPLAY,10,24,24,1,display
si,,20260901,0.0,15191,VASO AGUILA ANIVERSARIO NEGRO 12X5X14G,VASO AG ANIV 60%CACAO 12X5X14G,DI,5.000,1.000,True,6292.0,unidad,5,12,60,5,unidad,display,DISPLAY,5,12,12,1,display
si,,20260105,0.0,15199,MOGUL JELLY BEANS 12,MOGUL JELLY BEANS 12,DI,1.000,1.000,True,15529.3,unidad,,,12,1,unidad,display,DISPLAY,,12,12,1,display
si,,20260901,755.0,15209,BUTTER TOFFEES LECHE 48X80G,CAR. B.TOFFEES LECHE 48X80G,DI,1.000,1.000,True,1326.77,unidad,,,48,1,unidad,display,DISPLAY,,48,48,1,display
si,,20260901,0.0,15210,BUTTER TOFFEES CHOCOLATE 48X80G,CAR. B.TOFFEES CHOC 48X80G,DI,1.000,1.000,True,1326.77,unidad,,,48,1,unidad,display,DISPLAY,,48,48,1,display
si,,20260901,271.0,15211,BUTTER TOFFEES SURTIDO 48X80G,CAR. B.TOFFEES STDO. 48X80G,DI,1.000,1.000,True,1326.77,unidad,,,48,1,unidad,display,DISPLAY,,48,48,1,display
si,,20260901,807.0,15212,CARAMELO MENTA CHOCOLATE 48X80GR,CAR. MENTA CHOCOLATE 48X80G,DI,1.000,1.000,True,1116.46,unidad,,,48,1,unidad,display,DISPLAY,,48,48,1,display
si,,20260901,1477.0,15213,CARAMELO RELLENOS FRUTALES 48X80G,CCAR. RELLENOS FRUTALES 48X80G,DI,1.000,1.000,True,1116.46,unidad,,,48,1,unidad,display,DISPLAY,,48,48,1,display
si,,20260901,1403.0,15214,CARAMELO RELLENOS MIEL 48X80G,CAR. RELLENOS MIEL 48X80G,DI,1.000,1.000,True,1116.46,unidad,,,48,1,unidad,display,DISPLAY,,48,48,1,display
si,,20260901,1169.0,15217,CAR. MENTA CRISTAL 48X81G,CAR. MENTA CRISTAL 48X81G,DI,18.000,1.000,True,1116.46,unidad,18,48,864,18,unidad,display,DISPLAY,18,48,48,1,display
si,,20260901,1178.0,15219,CAR. GAJITOS STDO. 48x84G,CAR. GAJITOS STDO. 48x84G,DI,12.000,1.000,True,1116.46,unidad,12,48,576,12,unidad,display,DISPLAY,12,48,48,1,display
si,,20260731,1114.0,15221,MOGUL ANILLOS 46X80G,MOGUL ANILLOS 46X80G,DI,1.000,1.000,True,1403.12,unidad,,,46,1,,display,DISPLAY,,46,46,1,display
si,,20260731,0.0,15222,MOGUL EUCALIPTUS 46X80G,MOGUL EUCAL 46X80G,DI,1.000,1.000,True,1403.12,unidad,,,46,1,,display,DISPLAY,,46,46,1,display
si,,20260622,3.0,15223,MOGUL CONITOS 46X80G,MOGUL CONITOS 46X80G,DI,1.000,1.000,True,1287.27,unidad,,,46,1,,display,DISPLAY,,46,46,1,display
si,,20260622,0.0,15224,MOGUL JELLY BUTTONS 46X80G,MOGUL JELLY BUTTON 46X80G,DI,1.000,1.000,True,1287.27,unidad,,,46,1,,display,DISPLAY,,46,46,1,display
si,,20260901,0.0,15250,HELADO BARRITA AGUILA DULCE DE LECHE 8X6X34G,BARRITA AGUILA DDL 8DX6UNX34G,DI,6.000,1.000,True,10484.42,unidad,6,8,48,6,unidad,display,DISPLAY,6,8,8,1,display
si,,20260901,0.0,15251,HELADO BARRITA AGUILA PISTACHO 8X6X34G,BARRITA AG PISTACHO 8DX6UNX40G,DI,6.000,1.000,True,10484.42,unidad,6,8,48,6,unidad,display,DISPLAY,6,8,8,1,display
si,,20260901,128.0,15258,CUBANITOS LECHE 4X16X29G,CUBANITOS LECHE 4X16X29G,DI,16.000,1.000,True,12510.0,unidad,16,4,64,16,unidad,display,DISPLAY,16,4,4,1,display
si,,20260731,0.0,15259,CUBANITOS DARK 4X16X29G,CUBANITOS DARK 4X16X29G,DI,16.000,1.000,True,11470.37,unidad,16,4,64,16,unidad,display,DISPLAY,16,4,4,1,display
si,,20260901,145.0,15262,CUBANITOS AVELLANAS 4X16X29G,CUBANITOS AVELLANAS 4X16X29G,DI,16.000,1.000,True,12510.0,unidad,16,4,64,16,unidad,display,DISPLAY,16,4,4,1,display
si,,20260901,112.0,15263,CUBANITOS COCO 4X16X29G,CUBANITOS COCO 4X16X29G,DI,16.000,1.000,True,12510.0,unidad,16,4,64,16,unidad,display,DISPLAY,16,4,4,1,display
si,,20260922,466.0,15271,MOGUL MINI GUSANT 12X10X50G HW,MOGUL MINI GUSANT 12X10X50G HW,DI,10.000,1.000,True,8550.36,unidad,10,12,120,1,unidad,display,DISPLAY,10,12,12,1,display
si,,20260901,0.0,15273,MOGUL LADRILLOS EXTREME FRUTILLA 24X100G,LADRILLOS EXT. FLLA. 24X100G,DI,20.000,1.000,True,1747.58,unidad,20,24,480,20,unidad,display,DISPLAY,20,24,24,1,display
si,,20260922,0.0,15284,BUDIN COFLER RELLENO DULCE DE LECHE 6X250G,BUDIN COFLER RELL. D,DI,1.000,1.000,True,4960.32,unidad,,,6,1,,display,DISPLAY,,6,6,1,display
si,,20260901,286.0,15292,"BON O BON  COOKIE & CREAM 16X18X16,5GR",BOB COOKIE & CREAM 16X18X16.5G,DI,18.000,1.000,True,8746.84,unidad,18,16,288,18,unidad,display,DISPLAY,18,16,16,1,display
si,,20260901,820.0,15294,TRAVIATA CON PORTEÑITAS 12X3X96G,TRAVIATA C.TOQ PORTE? 12X3X96G,DI,3.000,1.000,True,2129.63,unidad,3,12,36,3,unidad,display,DISPLAY,3,12,12,1,display
si,,20260908,572.0,15298,JUG.NAR.ARCOR 2 LTS 12X18X13GRS,JUG.NAR.ARCOR 2 LTS 12X18X13GRS,DI,18.000,1.000,True,6959.81,unidad,18,12,216,18,unidad,display,DISPLAY,18,12,12,1,display
si,,20260908,207.0,15299,JUG.MULT.ARC 2 LTS 12X18X13GRS,JUG.MULT.ARC 2 LTS 12X18X13GRS,DI,18.000,1.000,True,6959.81,unidad,18,12,216,18,unidad,display,DISPLAY,18,12,12,1,display
si,,20260908,224.0,15300,JUG.MANZA.ARC 2 LTS 12X18X13GRS,JUG.MANZA.ARC 2 LTS 12X18X13GRS,DI,18.000,1.000,True,6959.81,unidad,18,12,216,18,unidad,display,DISPLAY,18,12,12,1,display
si,,20260105,0.0,15322,CHUPETIN MR POP FRUTAL ESFERICO  625G,CHUP MR POP FRUTAL 12X625G POT,DI,50.000,1.000,True,4553.1,unidad,50,12,600,50,unidad,display,DISPLAY,50,12,12,1,display
si,,20260731,0.0,15325,SALADIX QUESITOS 50G,SALADIX QUESITOS 20X50GR,DI,1.000,1.000,True,1003.97,unidad,,,20,1,,display,DISPLAY,,20,20,1,display
si,,20260411,0.0,15334,HUEVITO BON O BON COCO 8X60X8GR,HUEVITO BOB COCO GVTY 8X60X8G,DI,60.000,1.000,True,23471.24,unidad,60,8,480,60,unidad,display,DISPLAY,60,8,8,1,display
si,,20260731,32.0,15365,BON O BON LECHE DOYPACK 10X15GR,BOM BOB LECHE 10X15G D.PACK,DI,10.000,1.000,True,4563.62,unidad,10,10,100,10,unidad,display,DISPLAY,10,10,10,1,display
si,,20260731,192.0,15367,"MENTHO PLUS SANDIA 12X12X29,4GR","CAR. M. PLUS SANDIA 12X12X29,4 G",DI,12.000,1.000,True,5735.76,unidad,12,12,144,12,unidad,display,DISPLAY,12,12,12,1,display
si,,20260731,101.0,15368,"MENTHO PLUS MARACUYA 12X12X29,4GR",CAR M. PLUS MARACU 12X12X29.4G,DI,12.000,1.000,True,5735.76,unidad,12,12,144,12,unidad,display,DISPLAY,12,12,12,1,display
si,,20260901,44894.0,15372,SERRANAS SANDW. 16X3X108G,SERRANAS SANDW. 16X3X108G,DI,3.000,1.000,True,1714.31,unidad,3,16,48,3,unidad,display,DISPLAY,3,16,16,1,display
si,,20260901,39.0,15382,AGUILA 70% CACO 24X24X14GR,BARR AGUILA 70%CACAO 24X24X14G,DI,24.000,1.000,True,21755.66,unidad,24,24,576,24,unidad,display,DISPLAY,24,24,24,1,display
si,,20260901,0.0,15385,AGUILA DOY PACK 70% 16X12X14G,AGUILA MIX DOYPACK 16 X 12 X 14G,DI,12.000,1.000,True,11025.06,unidad,12,16,192,12,unidad,display,DISPLAY,12,16,16,1,display
si,,20260901,650.0022222222223,15388,BONOBON DUBAI 16 X 18 X 16.5G,BONOBON DUBAI 16 X 18 X 16.5G,DI,18.000,1.000,True,12909.99,unidad,18,16,288,18,unidad,display,DISPLAY,18,16,16,1,display
si,,20260901,171.0,15392,BON O BON SUPREME 12X8X18GR,BON O BON SUPREME 12 X 8 X 18G,DI,8.000,1.000,True,6314.72,unidad,8,12,96,8,unidad,display,DISPLAY,8,12,12,1,display
si,,20260901,958.0,15404,TOPLINE SEVEN  TITTI FRUTTI 20X16X14G,CH. TL7 BUBBLE FUN 20X16X14G,DI,16.000,1.000,True,12445.36,unidad,16,20,320,16,unidad,display,DISPLAY,16,20,20,1,display
si,,20260901,4690.0,15405,TOPLINE SEVEN STRONG 20X16X14G,CH. TL7 ATOM. STRONG 20X16X14G,DI,16.000,0.000,True,12445.36,unidad,16,20,320,16,unidad,display,DISPLAY,16,20,20,1,display
si,,20260901,6911.0,15406,TOPLINE SEVEN X-PLOSIVE MENTA 20X16X14GR,CH. TL7 XPLOS. MINT 20X16X14G,DI,16.000,0.000,True,12445.36,unidad,16,20,320,16,unidad,display,DISPLAY,16,20,20,1,display
si,,20260901,0.0,15424,BEBIDA BC  NARANJA  24X200ML,BEBIDA NARANJA BC 24X200 ML,DI,1.000,1.000,True,601.76,unidad,,,24,1,,display,DISPLAY,,24,24,1,display
si,,20260731,0.0,15431,MTR POPS EVOL MUNDIAL 12X24X18G,MR POPS EVOL MUNDIAL 12X24X18G,DI,24.000,1.000,True,5200.0,unidad,24,12,288,24,unidad,display,DISPLAY,24,12,12,1,display
si,,20260731,0.0,15432,MTR POPS FRUTAL MUNDIAL 12X50UN,MR POPS FTAL MUNDIAL 12 X 50 GR,DI,50.000,1.000,True,6254.49,unidad,50,12,600,50,unidad,display,DISPLAY,50,12,12,1,display
si,,20260731,96.0,15437,"TOPLINE ANANA EXTREME 24X20X6,7GR",TOPLINE EXT. ANANA 24X20X6.7G,DI,20.000,1.000,True,7162.65,unidad,20,24,480,20,unidad,display,DISPLAY,20,24,24,1,display
si,,20260731,296.0,15438,"TOPLINE SANDÍA EXTREME 24X20X6,7GR",TOPLINE EXT.SANDIA 24X20X6.7G,DI,20.000,1.000,True,7162.65,unidad,20,24,480,20,unidad,display,DISPLAY,20,24,24,1,display
si,,20260731,151.0,15439,"TOPLINE TUTTI FRUTTI EXTREME 24X20X6,7GR",TOPLINE EXT.T. FRUT 24X20X6.7G,DI,20.000,1.000,True,7162.65,unidad,20,24,480,20,unidad,display,DISPLAY,20,24,24,1,display
si,,20260901,1390.0,15444,GALLETAS CHOCOLINAS RELLENAS 27X77GR,CHOCOLINAS RELL CHOC 27 X 77G,DI,1.000,1.000,True,1277.78,unidad,,,27,1,unidad,display,DISPLAY,,27,27,1,display
si,,20260731,0.0,15453,MOGUL PALOTES MUNDIAL 12X8X48G,MOGUL PALOTES MUNDIAL 12X8X48G,DI,8.000,1.000,True,6807.96,unidad,8,12,96,8,unidad,display,DISPLAY,8,12,12,1,display
si,,20260731,1.0,15455,Mogul Duo Mundial 12x12x30g,MOGUL DUO MUNDIAL 12X12X30G,DI,8.000,1.000,True,6454.55,unidad,8,12,96,8,unidad,display,DISPLAY,8,12,12,1,display
si,,20260901,11.0,15456,MOGUL CEREBRITOS PINTALENGUAS 12X12X30GR,MOGUL CEREBRO PINTAL 12x12x30GR,DI,12.000,1.000,True,6454.55,unidad,12,12,144,12,unidad,display,DISPLAY,12,12,12,1,display
si,,20260731,177.0,15481,LATA 75 AÑOS ARCOR - SURTIDO,LATA 75 AÑOS ARCOR - SURTIDO,DI,3.000,1.000,True,21297.24,unidad,3,6,18,3,unidad,display,DISPLAY,3,6,6,1,display
si,,20260901,252.0,15483,CAR. B. TOFFEES PISTACHO 8 X 648G,CAR. B. TOFFEES PISTACHO 8 X 648G,DI,108.000,1.000,True,7742.51,unidad,108,8,864,108,unidad,display,DISPLAY,108,8,8,1,display
si,,20260901,3352.0,15485,HOGAREÑAS SALVADO 12X3X185G,HOGAREÑAS SALVADO 12X3X185G,DI,3.000,1.000,True,3407.41,unidad,3,12,36,3,unidad,display,DISPLAY,3,12,12,1,display
si,,20260901,0.0,1551,CARAM FRUTA MISKY 6 X 810G,CARAM FRUTA MISKY 6 X 810G,DI,135.000,1.000,True,7777.07,unidad,135,6,810,135,unidad,display,DISPLAY,135,6,6,1,display
si,,20260901,54.0,15511,MOGUL TWIST ARCOIRIS 12X16X15GR,TWIST MOGUL ARCOIRIS 12 X 16 X 15G,DI,16.000,1.000,True,7179.48,unidad,16,12,192,16,unidad,display,DISPLAY,16,12,12,1,display
si,,20260901,1.0,15512,MOGUL LADRILLO  ARCOIRIS 24X100GR,LADRILLO MOGUL ARCOIRIS 24 X 100G,DI,1.000,1.000,True,1747.58,unidad,,,24,1,unidad,display,DISPLAY,,24,24,1,display
si,,20260731,159.0,15516,MOGUL J BEANS MUNDIAL 12X10X50G,JELLY BEANS MUNDIAL 12X10X50G,DI,10.000,1.000,True,8550.36,unidad,10,12,120,10,unidad,display,DISPLAY,10,12,12,1,display
si,,20260901,23.0,15517,POTE MOGUL TUBITOS MIX FRUTAL 6X620GR,POTE MOGUL MIX FRUTAL 6 X 620G,DI,1.000,1.000,True,10472.86,unidad,,,6,1,unidad,display,DISPLAY,,6,6,1,display
si,,20260901,1528.0,15518,TOPLINE SEVEN MANDARINA 20X16X14GR,CH TL7 BLOW MAND 20X16X14,DI,16.000,1.000,True,12445.36,unidad,16,20,320,16,unidad,display,DISPLAY,16,20,20,1,display
si,,20260901,3387.0,15519,TOPLINE SEVEN STRAWBERRY 20X16X14GR,CH. TL7 VIBR. STRAW. 20X16X14G,DI,16.000,1.000,True,12445.36,unidad,16,20,320,16,unidad,display,DISPLAY,16,20,20,1,display
si,,20260901,1763.0,15520,TOPLINE SEVEN VIOLET CHERRY 20X16X14GR,CH TL7 VIOL. CHERRY 20 X 16 X 14G,DI,16.000,1.000,True,12445.36,unidad,16,20,320,1,,display,DISPLAY,16,20,20,1,display
si,,20260901,1162.0,15521,TOPLINE SEVEN SANDIAMANIA 20X16X14GR,CH TL7 SANDIAMANIA 20 X 16 X 14G,DI,16.000,1.000,True,12445.36,unidad,16,20,320,1,,display,DISPLAY,16,20,20,1,display
si,,20260901,1503.0,15522,TOP LINE SEVEN MENTHOL 20X16X14GR,CH TL7 MENTHOL 20 X 16 X 14G,DI,16.000,1.000,True,12445.36,unidad,16,20,320,1,,display,DISPLAY,16,20,20,1,display
si,,20260901,0.0,15524,CELOFAN MUNDIAL12X30X25GR,CH ARCOR LEC MUNDIAL 12 X 30 X 25G,DI,30.000,1.000,True,29820.74,unidad,30,12,360,1,unidad,display,DISPLAY,30,12,12,1,display
si,,20260901,235.0,15526,CHICLE POOSH FRUTILLA. 18X200G,CHICLE POOSH FRUTILLA. 18X200G,DI,40.000,1.000,True,3584.32,unidad,40,18,720,40,unidad,display,DISPLAY,40,18,18,1,display
si,,20260908,198.0,15531,JUG.LIM.ARC 2 LTS 12X18X13GRS,JUG.LIM.ARC 2 LTS 12X18X13GRS,DI,18.000,1.000,True,6959.81,unidad,18,12,216,18,unidad,display,DISPLAY,18,12,12,1,display
si,,20260901,434.0,15539,MOGUL EXTREME FRUTILLAS 12X10X50GR,MOGUL  EXTREME FLLAS 12X10X50,DI,10.000,1.000,True,8550.42,unidad,10,12,120,10,unidad,display,DISPLAY,10,12,12,1,display
si,,20260731,1045.0,15544,ROLLO MOGUL BARRIES 12X12X35G,ROLLO MOGUL BARRIES 12X12X35G,DI,12.000,0.000,True,5885.66,unidad,12,12,144,12,unidad,display,DISPLAY,12,12,12,1,display
si,,20260922,646.0,15590,MINI TUB HECHIZADOS 24X100G HW,MINI TUB HECHIZADOS 24X100G HW,DI,1.000,1.000,True,1747.58,unidad,,,24,1,unidad,display,DISPLAY,,24,24,1,display
si,,20260922,270.0,15591,TUB MOGUL HECHIZ 12X16X15G HW,TUB MOGUL HECHIZ 12X16X15G HW,DI,1.000,1.000,True,7179.48,unidad,,,12,1,unidad,display,DISPLAY,,12,12,1,display
si,,20260731,0.0,15592,LATA BOB DUBAI 12X10X16.5G,LATA BOB DUBAI 12X10X16.5G,DI,10.000,1.000,True,13597.34,unidad,10,12,120,1,unidad,display,DISPLAY,10,12,12,1,display
si,,20260922,363.0,15617,MOGUL ARAÑITA 12X12X30G HW,MOGUL ARAÑITA 12X12X30G HW,DI,1.000,1.000,True,6454.55,unidad,,,12,1,unidad,display,DISPLAY,,12,12,1,display
si,,20260922,355.0,15618,MOGUL CEREBRITOS 12X12XX30G,MOGUL CEREBRITOS 12X12XX30G,DI,12.000,1.000,True,6454.55,unidad,12,12,144,12,unidad,display,DISPLAY,12,12,12,1,display
si,,20260901,134.0,15639,CHOCOLINAS RELLE  X 231G PROMO TAZ,CHOCOLINAS RELLE  X 231G PROMO TAZ,DI,1.000,1.000,True,17747.69,unidad,,,6,1,unidad,display,DISPLAY,,6,6,1,display
si,,20260922,71.0,15671,ROCKETS MINI MOMIA 12X44X10G,ROCKETS MINI MONIA 12X44X10G,DI,44.000,1.000,True,18939.81,unidad,44,12,528,44,unidad,display,DISPLAY,44,12,12,1,display
si,,20260922,194.0,15674,MOGUL EXT OSO ACRILICO 6X60 G,MOGUL EXT OSO ACRILICO 6X60 G,DI,1.000,1.000,True,18817.66,unidad,,,6,1,unidad,display,DISPLAY,,6,6,1,display
si,,20260915,874.0,15700,M &CHEESE ORIG ARCOR 12 X 197G,M &CHEESE ORIG ARCOR 12 X 197G,DI,1.000,1.000,True,2839.82,unidad,,,12,1,unidad,display,DISPLAY,,12,12,1,display
si,,20260915,276.0,15701,M &CHEESE BACO ARCOR 12 X 197G,M &CHEESE BACO ARCOR 12 X 197G,DI,1.000,1.000,True,2839.82,unidad,,,12,1,unidad,display,DISPLAY,,12,12,1,display
si,,20260901,0.0,1571,BOCA DANCING SURTIDO 8X50X8.5G,BOCA DANCING SURTIDO 8X50X8.5G,DI,50.000,1.000,True,9440.61,unidad,50,8,400,50,unidad,display,DISPLAY,50,8,8,1,display
si,,20260105,0.0,1693,MOGUL CEREBRITOS 12X12X30G,CEREBRITOS MOGUL  12 X12X30GRS,DI,12.000,0.000,True,5334.78,unidad,12,12,144,12,unidad,display,DISPLAY,12,12,12,1,display
si,,20260901,0.0,1781,CARAM.MAST.SURT.MISKY 10X800 G,CARAM.MAST.SURT.MISKY 10X800 G,DI,242.000,1.000,True,7725.11,unidad,242,10,2420,242,unidad,display,DISPLAY,242,10,10,1,display
si,,20260901,2630.997428112639,1782,CARAMELO MASTICABLE FRUTA 10X800G,CAR. MASTICABLE FRUTA 10 X 800 GRs,DI,242.000,1.000,True,7651.78,unidad,242,10,2420,242,unidad,display,DISPLAY,242,10,10,1,display
si,,20260901,275.0,1832,PURE TOMATE SALSATI 12X520G,PURE TOMATE SALSATI 12X 520 GR,DI,1.000,0.000,True,1245.45,unidad,,,12,1,,display,DISPLAY,,12,12,1,display
si,,20260901,1176.0,1999,MOGUL OSITOS 12X12X30G,MOGUL OSITOS 12x12x30 GRS,DI,12.000,1.000,True,6454.55,unidad,12,12,144,12,unidad,display,DISPLAY,12,12,12,1,display
si,,20260901,1410.9994356,2001,MOGUL TIBURON 12X12X30G,MOGUL TIBURON 12 x12x30 GR,DI,12.000,1.000,True,6454.55,unidad,12,12,144,12,unidad,display,DISPLAY,12,12,12,1,display
si,,20260901,125.00446375496011,2141,CARAMELO RODAJAS ARCOR 6X1KG,RODAJAS 6X930 G,DI,197.000,0.000,True,12302.47,unidad,197,6,1182,197,unidad,display,DISPLAY,197,6,6,1,display
si,,20260901,1.0,2190,BOCADITOS CABSHA 48X18X10 GRS.,BOCADITOS CABSHA 48X18X10 GRS.,DI,18.000,0.000,True,7653.44,unidad,18,48,864,18,unidad,display,DISPLAY,18,48,48,1,display
si,,20260901,0.0,2201,CABSHA BOCADITO LECHE 24X48X10G,BOCADITOS CABSHA  24X48X10GRS.,DI,48.000,1.000,True,20218.63,unidad,48,24,1152,48,unidad,display,DISPLAY,48,24,24,1,display
si,,20260731,117.999998112,2232,CARAMELO FIZZ EXTREME 12X48U,CAR. LOTSA FIZZ 12X48X18.4G,DI,48.000,1.000,True,11924.81,unidad,48,12,576,48,unidad,display,DISPLAY,48,12,12,1,display
si,,20260901,147.9999408,2301,MOGUL VIBORITAS 12X12X30G,MOGUL VIBORITAS 12x12x30 G,DI,12.000,1.000,True,8315.3,unidad,12,12,144,12,unidad,display,DISPLAY,12,12,12,1,display
si,,20260901,3.0,2528,MR POPS CHUPETIN FRUTAL 12X50U,MISTER POPS FRUTAL 12X50 UN,DI,50.000,1.000,True,6254.43,unidad,50,12,600,50,unidad,display,DISPLAY,50,12,12,1,display
si,,20260901,259.0,2529,MISTER POPS FRUTAL  24X10 UN,MISTER POPS FRUTAL  24X10 UN,DI,10.000,0.000,True,1688.83,unidad,30,,30,1,unidad,display,DISPLAY,10,24,24,1,display
si,,20260105,0.0,2596,MOGUL DIENTES 24X150 GRS,MOGUL DIENTES 24X150 GRS,DI,1.000,0.000,True,1705.35,unidad,,,24,1,,display,DISPLAY,,24,24,1,display
si,,20260901,591.00138702,2624,MOGUL MORAS 6X500G,GOMAS MOGUL MORA 6X500 GRS,DI,91.000,1.000,True,6968.53,unidad,91,6,546,91,unidad,display,DISPLAY,91,6,6,1,display
si,,20260901,633.0,2631,MOGUL DIENTES 6X500G,DIENTES MOGUL 6X500 GRS,DI,91.000,0.000,True,6968.53,unidad,91,6,546,91,unidad,display,DISPLAY,91,6,6,1,display
si,,20260901,158.000005688,2965,CARAMELO RODAJAS  CRAZY 12X465G,CAR. RODAJAS CRAZY 12X465 G,DI,98.000,0.000,True,6286.21,unidad,98,12,1176,98,unidad,display,DISPLAY,98,12,12,1,display
si,,20260901,449.0,3081,MOGUL JELLY BUTTONS 6X1KG,MOGUL JELLY BUTTON 6X1 KG,DI,1.000,1.000,True,11049.39,unidad,,,6,1,,display,DISPLAY,,6,6,1,display
si,,20260901,104.0,3092,MOGUL EUCALIPTUS 6X1KG,MOGUL EUCALIPTUS 6X1 KG,DI,1.000,1.000,True,11049.39,unidad,,,6,1,,display,DISPLAY,,6,6,1,display
si,,20260901,142.0,3096,MOGUL ANILLOS BOLSA 6X1KG,MOGUL ANILLOS 6X1 KG,DI,1.000,0.000,True,11049.39,unidad,,,6,1,unidad,display,DISPLAY,,6,6,1,display
si,,20260901,233.0,3113,MOGUL CONITOS BOLSA 6X1KG,MOGUL CONITOS 6X1 KG,DI,1.000,1.000,True,11049.39,unidad,,,6,1,,display,DISPLAY,,6,6,1,display
si,,20260622,0.0,3269,TOPLINE SEVEN MANDARINA 36X16X14G,CH. TL 7 B. MANDAR. 36X16X14G,DI,16.000,1.000,True,10650.32,unidad,16,36,576,16,unidad,display,DISPLAY,16,36,36,1,display
si,,20260901,249.00111111111113,3274,ROCKLETS LENT 12X18X40G,ROCKLETS CHOCOLATE 12X18X40 GRS.,DI,18.000,1.000,True,23855.0,unidad,18,12,216,18,unidad,display,DISPLAY,18,12,12,1,display
si,,20260901,284.0,3442,CARAMELO BASTON VIENA 12X470G,BASTON VIENA 12 *470 GRS.,DI,64.000,0.000,True,4119.65,unidad,64,12,768,64,unidad,display,DISPLAY,64,12,12,1,display
si,,20260105,0.0,3612,CH.TL7 ATM.STRONG 36X16X14G,CH.TL7 ATM.STRONG 36X16X14G,DI,16.000,1.000,True,8571.0,unidad,16,36,576,16,unidad,display,DISPLAY,16,36,36,1,display
si,,20260411,0.0,3633,HVITO BOB DISP.8X60UX7.8GR,HVITO BOB DISP.8X60UX7.8GR,DI,60.000,1.000,True,23471.24,unidad,60,8,480,60,unidad,display,DISPLAY,60,8,8,1,display
si,,20260901,0.0,4014,TUR. OBLEA MANI MISKY 4X50X25G,TUR. OBLEA MANI MISKY 4X50X25G,DI,50.000,1.000,True,12024.1,unidad,50,4,200,50,unidad,display,DISPLAY,50,4,4,1,display
si,,20260901,0.0,4015,TURRON OBLEA AGRUP. 20X10X25 G.,TURRON OBLEA AGRUP. 20X10X25 G.,DI,10.000,0.000,True,2989.64,unidad,10,20,200,10,unidad,display,DISPLAY,10,20,20,1,display
si,,20260901,0.0,4043,SAPITO CONFITES 12X24X15G,SAPITO CONFITES 12X24X15G,DI,24.000,1.000,True,8830.48,unidad,24,12,288,24,unidad,display,DISPLAY,24,12,12,1,display
si,,20260901,303.0,4266,ROCKLETS MINI 12X44X10G,ROCKLETS MINI 12 X 44 X 10 GRS,DI,44.000,0.000,True,18939.81,unidad,44,12,528,44,unidad,display,DISPLAY,44,12,12,1,display
si,,20260411,0.0,4532,HUEVITOS BOB LECH/CER. 10 * 8,HUEVITOS BOB LECH/CER. 10 * 8,DI,10.000,1.000,True,4109.58,unidad,10,28,280,10,unidad,display,DISPLAY,10,28,28,1,display
si,,20260901,463.99999814399996,4680,MENTHO PLUS SIN AZUCAR CHERRY 12X12X26.6G,CAR.MP ZERO CHERRY 12X12X26.6 G,DI,12.000,1.000,True,8599.95,unidad,12,12,144,12,unidad,display,DISPLAY,12,12,12,1,display
si,,20260901,327.999998688,4681,MENTHO PLUS SIN AZUCAR DURAZNO 12X12X26.6G,CAR. MP. ZERO DURAZ 12X12X26.6 G,DI,12.000,0.000,True,8599.95,unidad,12,12,144,12,unidad,display,DISPLAY,12,12,12,1,display
si,,20260901,310.99999875599997,4682,MENTHO PLUS SIN AZUCAR MENTOL 12X12X27.3G,MENTHO PLUS S/AZUCAR MENTOL 12X12X26.6G,DI,12.000,0.000,True,8599.95,unidad,12,12,144,12,unidad,display,DISPLAY,12,12,12,1,display
si,,20260901,3708.0333444444445,4713,CARAMELO SAQUITOS FRUTALES  6X810G,RELLENOS FRUTALES 6X810 G,DI,135.000,0.000,True,8526.63,unidad,135,6,810,135,unidad,display,DISPLAY,135,6,6,1,display
si,,20260901,0.0,4910,TAB.HAMLET BICOLOR 8X21UX42G,TAB.HAMLET BICOLOR 8X21UX42G,DI,21.000,1.000,True,20564.8,unidad,21,8,168,21,unidad,display,DISPLAY,21,8,8,1,display
si,,20260105,0.0,5871,CHICLES FLIC`S MENTA 30x14x12.6 g,CHICLES FLIC`S MENTA 30x14x12.6 g,DI,14.000,0.000,True,4726.36,unidad,14,30,420,14,unidad,display,DISPLAY,14,30,30,1,display
si,,20260105,0.0,5873,CHICLES FLIC`S FRUTA 30x14x12.6 g,CHICLES FLIC`S FRUTA 30x14x12.6 g,DI,14.000,0.000,True,4726.36,unidad,14,30,420,14,unidad,display,DISPLAY,14,30,30,1,display
si,,20260731,2448.0,6020,MOGUL ROLLO 12X12X35G,ROLLO MOGUL 12X420 GRS,DI,12.000,1.000,True,5885.66,unidad,12,12,144,12,unidad,display,DISPLAY,12,12,12,1,display
si,,20260901,78.0,6072,CELOFAN LECHE 12x30X25G,CHOCO. CELOFAN LECHE 12X30X25G,DI,30.000,1.000,True,29820.74,unidad,30,12,360,1,unidad,display,DISPLAY,30,12,12,1,display
si,,20260901,196.99666666666664,6074,CELOFAN BLANCO 12x30X25G,CHOCO. CELOFAN BLANCO 12X30X25G,DI,30.000,1.000,True,29820.74,unidad,30,12,360,1,unidad,display,DISPLAY,30,12,12,1,display
si,,20260901,0.0,6127,CHOC MISKY LECHE 12X,CHOC MISKY LECHE 12X,DI,30.000,1.000,True,28760.81,unidad,30,12,360,30,unidad,display,DISPLAY,30,12,12,1,display
si,,20260901,0.0,6139,ALFAJOR BON O BON NEGRO 16X6X40G,ALFAJOR BON O BON NEGRO 16X6X40G,DI,6.000,1.000,True,5377.15,unidad,6,16,96,6,unidad,display,DISPLAY,6,16,16,1,display
si,,20260901,0.0,6151,GOMA FANTASIA MISKY 6 X 1,GOMA FANTASIA MISKY 6 X 1,DI,454.000,1.000,True,10790.88,unidad,454,6,2724,454,unidad,display,DISPLAY,454,6,6,1,display
si,,20260901,0.0,6152,EUCALIPTUS GOMA MISKY 6 X 1,EUCALIPTUS GOMA MISKY 6 X 1,DI,185.000,1.000,True,10790.88,unidad,185,6,1110,185,unidad,display,DISPLAY,185,6,6,1,display
si,,20260622,0.0,6171,MOGUL GUSANITOS ACIDOS 6X500G,MOGUL GUSANITOS 6X500 G,DI,91.000,0.000,True,5925.63,unidad,91,6,546,91,unidad,display,DISPLAY,91,6,6,1,display
si,,20260901,595.0,6178,MOGUL PIECITOS 12X12X30G,MOGUL PIECITOS 12 x12x30 GRS,DI,12.000,1.000,True,6454.55,unidad,12,12,144,12,unidad,display,DISPLAY,12,12,12,1,display
si,,20260901,0.0,6401,EUCALIPTUS GOMA MISKY 6 X 1,EUCALIPTUS GOMA MISKY 6 X 1,DI,212.000,1.000,True,10790.88,unidad,212,6,1272,212,unidad,display,DISPLAY,212,6,6,1,display
si,,20260924,57.0000456,6408,AGUILA TAZA BARRITA 24X24X14G,CHOC. BARRITA AGUILA 24X24X14 GR,DI,24.000,0.042,True,23644.39,unidad,24,24,576,1,unidad,display,DISPLAY,24,24,24,1,display
si,,20260901,70.0,6747,BATATA CON CHOCOLATE LATA X5KG,DULCE BAT C/CHOCO ARCOR 2X5KG,DI,2.000,1.000,True,19270.93,unidad,2,2,4,2,unidad,display,DISPLAY,2,2,2,1,display
si,,20260105,0.0,6901,TOPLINE FRUTA 30X20X6.7G,CHICLE TOPLINE FRUTA 30x20x6.7 g,DI,20.000,0.000,True,5919.48,unidad,20,30,600,20,unidad,display,DISPLAY,20,30,30,1,display
si,,20260105,0.0,6906,TOPLINE STRONG 30X20X6.70G,CHICLE TOPLINE STRONG 30x20x6.7 g,DI,20.000,0.000,True,5919.48,unidad,20,30,600,20,unidad,display,DISPLAY,20,30,30,1,display
si,,20260105,0.0,6907,TOPLINE DEFENSE 30X20X6.70G,CH.TOPLINE DEFENSE 30X20X6.7G,DI,20.000,1.000,True,5919.48,unidad,20,30,600,20,unidad,display,DISPLAY,20,30,30,1,display
si,,20260105,0.0,6934,TOPLINE SANDIA 30x20x6.70G,CHICLE TOPLINE SANDIA 30x20x6.7 g,DI,20.000,0.000,True,5919.48,unidad,20,30,600,20,unidad,display,DISPLAY,20,30,30,1,display
si,,20260731,0.0,7011024,LPC cafe en saquitos 18 un.,LPC cafe en saquitos 18 un.,DI,18.000,1.000,True,4856.16,unidad,,,1,1,,display,DISPLAY,18,,1,1,display
si,,20260105,0.0,7011872,Cabrales capsulas espresso 6G,Cabrales capsulas espresso 6G,DI,12.000,1.000,True,17315.19,unidad,,,1,1,,display,DISPLAY,12,,1,1,display
si,,20260105,0.0,7011874,Cabrales capsulas lungo 7G,Cabrales capsulas lungo 7G,DI,12.000,1.000,True,17315.19,unidad,,,1,1,,display,DISPLAY,12,,1,1,display
si,,20260105,0.0,7011876,Cabrales capsulas cortado 3G,Cabrales capsulas cortado 3G,DI,12.000,1.000,True,17315.19,unidad,,,1,1,,display,DISPLAY,12,,1,1,display
si,,20260105,0.0,7011878,Cabrales capsulas cappucino 24,Cabrales capsulas cappucino 24,DI,6.000,1.000,True,17315.19,unidad,,,1,1,,display,DISPLAY,6,,1,1,display
si,,20260105,0.0,7011880,Cabrales capsulas cafe c/ lech,Cabrales capsulas cafe c/ lech,DI,12.000,1.000,True,17315.19,unidad,,,1,1,,display,DISPLAY,12,,1,1,display
si,,20260105,0.0,7011906,CPS NES LPC SUAVE 12x8x5.5g,CPS NES LPC SUAVE 12x8x5.5g,DI,12.000,1.000,True,6785.66,unidad,,,1,1,,display,DISPLAY,12,,1,1,display
si,,20260105,0.0,7011908,CPS NES LPC CLÁSICO 12x8x5.5g,CPS NES LPC CLÁSICO 12x8x5.5g,DI,12.000,1.000,True,6785.66,unidad,,,1,1,,display,DISPLAY,12,,1,1,display
si,,20260731,0.0,7012650,LPC cappuccino Clásico 115 gr,LPC cappuccino Clásico 115 gr,DI,12.000,1.000,True,4177.05,unidad,,,1,1,,display,DISPLAY,12,,1,1,display
si,,20260105,5.0,701291,Mate cocido Yervita 25 un.,Mate cocido Yervita 25 un.,DI,25.000,1.000,True,1326.67,unidad,,,1,1,,display,DISPLAY,25,,1,1,display
si,,20260105,0.0,701562,Edulcorante Clasico LIV 12x100,Edulcorante Clasico LIV 12x100,DI,100.000,1.000,True,2846.35,unidad,,,12,1,unidad,display,DISPLAY,100,,1,1,display
si,,20260731,0.0,701572,Edulcorante Stevia LIV 12x100x,Edulcorante Stevia LIV 12x100x,DI,100.000,1.000,True,3704.97,unidad,,,1,1,,display,DISPLAY,100,,1,1,display
si,,20260731,0.0,701576,Edulcorante Sucralosa LIV 12x1,Edulcorante Sucralosa LIV 12x1,DI,100.000,1.000,True,3223.46,unidad,,,12,1,unidad,display,DISPLAY,100,,1,1,display
si,,20260731,164.0,702100041,Mate Cocido Taragui s/ens. 25s,Mate Cocido Taragui s/ens. 25s,DI,25.000,1.000,True,1140.24,unidad,,,1,1,,display,DISPLAY,25,,1,1,display
si,,20260731,0.0,702100042,Mate Cocido Taragui s/ens. 50s,Mate Cocido Taragui s/ens. 50s,DI,50.000,1.000,True,2051.93,unidad,,,1,1,,display,DISPLAY,50,,1,1,display
si,,20260731,223.0,702101033,Té Taragui Diamantadox25,Té Taragui Diamantadox25,DI,25.000,1.000,True,993.84,unidad,,,1,1,,display,DISPLAY,25,,1,1,display
si,,20260731,160.0,702101034,Té Taragui s/e x50saq.,Té Taragui s/e x50saq.,DI,50.000,1.000,True,1790.77,unidad,,,1,1,,display,DISPLAY,50,,1,1,display
si,,20260731,37.0,702141,Té Taraguí Silvestre BOLDO 6x2,Té Taraguí Silvestre BOLDO 6x2,DI,20.000,1.000,True,1639.81,unidad,,,6,1,unidad,display,DISPLAY,20,,1,1,display
si,,20260731,225.0,702142,Té Taraguí Silvestre MANZANILL,Té Taraguí Silvestre MANZANILL,DI,20.000,1.000,True,1350.51,unidad,,,1,1,,display,DISPLAY,20,,1,1,display
si,,20260731,77.0,702143,Té Taraguí Silvestre TILO 6x20,Té Taraguí Silvestre TILO 6x20,DI,20.000,1.000,True,2185.64,unidad,,,6,1,unidad,display,DISPLAY,20,,1,1,display
si,,20260731,118.0,702144,Té Taraguí Silvestre MEZCLA de,Té Taraguí Silvestre MEZCLA de,DI,20.000,1.000,True,1483.0,unidad,,,1,1,,display,DISPLAY,20,,1,1,display
si,,20260731,70.0,702146,Té Taraguí Silvestre ENSUEÑO 6,Té Taraguí Silvestre ENSUEÑO 6,DI,20.000,1.000,True,1658.29,unidad,,,1,1,,display,DISPLAY,20,,1,1,display
si,,20260901,568.0,7081050,VOLIGOMA 30 ML,VOLIGOMA 30 ML,DI,12.000,1.000,True,18131.99,unidad,,,1,1,,display,DISPLAY,12,,1,1,display
si,,20260901,14.0,7081307,POXI-RAM SIN TOLUENO 23G,POXI-RAM SIN TOLUENO 23G,DI,6.000,1.000,True,24694.98,unidad,,,1,1,,display,DISPLAY,6,,1,1,display
si,,20260901,72.0,7081453,POXIPOL 10MIN TRANSP 16G/14ML,POXIPOL 10MIN TRANSP 16G/14ML,DI,6.000,1.000,True,35569.12,unidad,,,1,1,,display,DISPLAY,6,,1,1,display
si,,20260901,100.00333333333333,7081673,LA GOTITA GEL 3G,LA GOTITA GEL 3G,DI,6.000,1.000,True,14575.64,unidad,,,1,1,,display,DISPLAY,6,,1,1,display
si,,20260901,0.0,7081718,LA GOTITA 2ML,LA GOTITA 2ML,DI,6.000,1.000,True,11612.83,unidad,,,1,1,,display,DISPLAY,6,,1,1,display
si,,20260901,21.0,7081858,UNIPOX 25ML,UNIPOX 25ML,DI,6.000,1.000,True,13196.42,unidad,,,1,1,,display,DISPLAY,6,,1,1,display
si,,20260901,29.0,708187,POXILINA 10MIN 70gr.,POXILINA 10MIN 70gr.,DI,6.000,1.000,True,35492.88,unidad,,,1,1,,display,DISPLAY,6,,1,1,display
si,,20260901,59.0,7083045,ECCOLE 9 G,ECCOLE 9 G,DI,6.000,1.000,True,32305.72,unidad,,,1,1,,display,DISPLAY,6,,1,1,display
si,,20260901,32.0,7083144,FASTIX INT. TRANSP 25 G,FASTIX INT. TRANSP 25 G,DI,6.000,1.000,True,30986.54,unidad,,,1,1,,display,DISPLAY,6,,1,1,display
si,,20260901,307.0,7083226,PLASTICOLA TRADICIONAL 35G,PLASTICOLA TRADICIONAL 35G,DI,12.000,1.000,True,8180.53,unidad,,,1,1,,display,DISPLAY,12,,1,1,display
si,,20260901,39.0,7083308,ECCOLE 3G,ECCOLE 3G,DI,6.000,1.000,True,16143.63,unidad,,,1,1,,display,DISPLAY,6,,1,1,display
si,,20260411,0.0,7092826,Mate cocido 25 unidades Natura,Mate cocido 25 unidades Natura,DI,25.000,1.000,True,708.3,unidad,,,1,1,,display,DISPLAY,25,,1,1,display
si,,20260411,0.0,710MAXXPTXTNI,Maxx texturadoX3,Maxx texturadoX3,DI,12.000,144.000,True,20584.01,unidad,,,1,1,,display,DISPLAY,12,,1,1,display
si,,20260408,0.0,710SHKPTCLA00,Encendedor Shark,Encendedor Shark,DI,25.000,1.000,True,8633.67,unidad,,,1,1,,display,DISPLAY,25,,1,1,display
si,,20260411,11.0,710XMARTRAPI22,Afeitadora Rapi2,Afeitadora Rapi2,DI,24.000,12.000,True,15478.32,unidad,,,1,1,,display,DISPLAY,24,,1,1,display
si,,20260411,0.0,710XMARTSPEED33,Afeitadora Speed 3 Filos x 6 unidades,Afeitadora Speed 3 Filos x 6 unidades,DI,6.000,1.000,True,6597.16,unidad,,,1,1,,display,DISPLAY,6,,1,1,display
si,,20260105,0.0,710ZONPTMIXLABLX12,LABIAL  DISPLAY MIXTO x12,LABIAL  DISPLAY MIXTO x12,DI,12.000,1.000,True,37674.06,unidad,,,1,1,,display,DISPLAY,12,,1,1,display
si,,20260907,78.0,712E000020900,Energizer MAX AA X4,Energizer MAX AA X4,DI,4.000,1.000,True,4547.1,unidad,,,1,1,,display,DISPLAY,4,,1,1,display
si,,20260907,129.0,712E000021600,Energizer MAX AAA X4,Energizer MAX AAA X4,DI,4.000,1.000,True,4547.1,unidad,,,1,1,,display,DISPLAY,4,,1,1,display
si,,20260907,0.0,712E0622400,Energizer MAX C X2 mediana,Energizer MAX C X2 mediana,DI,2.000,1.000,True,7207.39,unidad,,,1,1,,display,DISPLAY,2,,1,1,display
si,,20260907,0.0,712E0622500,Energizer MAX D X2 grande,Energizer MAX D X2 grande,DI,2.000,1.000,True,9539.96,unidad,,,1,1,,display,DISPLAY,2,,1,1,display
si,,20260907,0.0,712E300652000,Eveready C X2 mediana,Eveready C X2 mediana,DI,2.000,1.000,True,3971.04,unidad,,,1,1,,display,DISPLAY,2,,1,1,display
si,,20260907,14.0,712E301511200,Energizer MAX AA TIRA 1X20,Energizer MAX AA TIRA 1X20,DI,20.000,1.000,True,20986.65,unidad,,,1,1,,display,DISPLAY,20,,1,1,display
si,,20260907,7.0,712E301511300,Energizer MAX AAA TIRA 1X20,Energizer MAX AAA TIRA 1X20,DI,20.000,1.000,True,20986.65,unidad,,,1,1,,display,DISPLAY,20,,1,1,display
si,,20260907,243.0,712E301513400,Eveready AAA X2,Eveready AAA X2,DI,2.000,1.000,True,1374.24,unidad,,,1,1,,display,DISPLAY,2,,1,1,display
si,,20260907,133.0,712E303557400,Eveready AA X4,Eveready AA X4,DI,4.000,1.000,True,2748.47,unidad,,,1,1,,display,DISPLAY,4,,1,1,display
si,,20260907,0.0,712E303557600,Eveready D X2 grande,Eveready D X2 grande,DI,2.000,1.000,True,5315.7,unidad,,,1,1,,display,DISPLAY,2,,1,1,display
si,,20260731,0.0,7140305,Mate Cocido Playadito s/ens. 2,Mate Cocido Playadito s/ens. 2,DI,25.000,1.000,True,1061.93,unidad,,,1,1,,display,DISPLAY,25,,1,1,display
si,,20260901,12373.0,7198,REX ESTUCHE 16X125G,REX ESTUCHE 16X125G,DI,1.000,0.000,True,1774.69,unidad,,,16,1,unidad,display,DISPLAY,,16,16,1,display
si,,20260901,6.0,7227,TOFI BONBON LECHE 12X32X15G,CHOC. BOMBON TOFI LECHE 12X32X15 GR,DI,32.000,1.000,True,26071.61,unidad,32,12,384,32,unidad,display,DISPLAY,32,12,12,1,display
si,,20260901,188.0,7390,CHUPETIN TROMPITO 12X50X11G,CHUP. TROMPITO T. FRU 12 X 50U X 11G,DI,50.000,0.000,True,6254.43,unidad,50,12,600,50,unidad,display,DISPLAY,50,12,12,1,display
si,,20260901,0.0,7903,"CHUP B-COLOR MISKY 12X50X12,5G","CHUP B-COLOR MISKY 12X50X12,5G",DI,40.000,1.000,True,5129.24,unidad,40,14,560,40,unidad,display,DISPLAY,40,14,14,1,display
si,,20260901,156.0,9462,CRIOLLITAS POR 3 MAS GRANDES 12X3X169G,GALL. CRIOLLITAS MAS GRANDE 12X3X169G,DI,1.000,1.000,True,2484.57,unidad,,,12,1,unidad,display,DISPLAY,,12,12,1,display
si,,20260105,0.0,9464,CRIOLLITAS POR 3 SIN SAL 12X3X169G,GALL. CRIOLLITAS SIN SAL 12X3X169G,DI,3.000,0.000,True,2129.63,unidad,3,12,36,3,unidad,display,DISPLAY,3,12,12,1,display
no,precio_gev_desactualizado,20240520,0.0,10017,OBLEA RELL TORTUGUIT,OBLEA RELL TORTUGUIT,DI,25.000,1.000,True,190.54,unidad,25,8,200,25,unidad,display,DISPLAY,25,8,8,1,display
no,precio_gev_desactualizado,20240520,0.0,10018,OBLEA OPERA BAÑADA 8,OBLEA OPERA BAÑADA 8,DI,20.000,1.000,True,122.21,unidad,20,8,160,20,unidad,display,DISPLAY,20,8,8,1,display
no,precio_gev_desactualizado,20240617,0.0,1003,BARRA CEREAL MIX PAS. CHOC 32X6X26G,BARRA CEREAL MIX PAS. CHOC 32X6X26G,DI,6.000,0.000,True,392.2,unidad,6,32,192,6,unidad,display,DISPLAY,6,32,32,1,display
no,precio_gev_desactualizado,20240520,0.0,10053,CH.TOPLINE UVA 30X20,CH.TOPLINE UVA 30X20,DI,20.000,1.000,True,116.96,unidad,20,30,600,20,unidad,display,DISPLAY,20,30,30,1,display
no,precio_gev_desactualizado,20240520,0.0,10054,CH.TL7 X-POMELO 36X1,CH.TL7 X-POMELO 36X1,DI,16.000,1.000,True,169.92,unidad,16,36,576,16,unidad,display,DISPLAY,16,36,36,1,display
no,precio_gev_desactualizado,20240520,0.0,10067,CHI.GLOBO BEN 10 T.F,CHI.GLOBO BEN 10 T.F,DI,120.000,1.000,True,79.83,unidad,120,18,2160,120,unidad,display,DISPLAY,120,18,18,1,display
no,precio_gev_desactualizado,20240520,0.0,10069,CBOY.M.VIL.FAV.FTA.1,CBOY.M.VIL.FAV.FTA.1,DI,120.000,1.000,True,73.25,unidad,120,18,2160,120,unidad,display,DISPLAY,120,18,18,1,display
no,precio_gev_desactualizado,20240520,0.0,10070,"CHIC.GLOBO BEN 10 3,","CHIC.GLOBO BEN 10 3,",DI,120.000,1.000,True,73.25,unidad,120,18,2160,120,unidad,display,DISPLAY,120,18,18,1,display
no,precio_gev_desactualizado,20240520,0.0,10081,MR. POP S EVOL. FRUT,MR. POP S EVOL. FRUT,DI,24.000,1.000,True,52.64,unidad,24,12,288,24,unidad,display,DISPLAY,24,12,12,1,display
no,precio_gev_desactualizado,20240520,0.0,10094,CHU.M.POP.SUP.FTAL.S,CHU.M.POP.SUP.FTAL.S,DI,40.000,1.000,True,74.81,unidad,40,15,600,40,unidad,display,DISPLAY,40,15,15,1,display
no,precio_gev_desactualizado,20240520,0.0,10105,B.TOFF BON O BON 6X959G,B.TOFF BON O BON 6X959G,DI,137.000,1.000,True,231.58,unidad,137,6,822,137,unidad,display,DISPLAY,137,6,6,1,display
no,precio_gev_desactualizado,20240520,0.0,10106,MP EX-STRONG 12X12X3,MP EX-STRONG 12X12X3,DI,12.000,1.000,True,74.08,unidad,12,12,144,12,unidad,display,DISPLAY,12,12,12,1,display
no,precio_gev_desactualizado,20240520,0.0,10107,CAR.MP CRX BERRIES 12X12X8UN,CAR.MP CRX BERRIES 12X12X8UN,DI,12.000,1.000,True,426.83,unidad,12,12,144,12,unidad,display,DISPLAY,12,12,12,1,display
no,precio_gev_desactualizado,20240520,0.0,10108,CAR.MP CRX FRUTIL.12X12X8UN,CAR.MP CRX FRUTIL.12X12X8UN,DI,12.000,1.000,True,426.82,unidad,12,12,144,12,unidad,display,DISPLAY,12,12,12,1,display
no,precio_gev_desactualizado,20240520,0.0,10136,CAR.MP C+ LIMÓN 12X1,CAR.MP C+ LIMÓN 12X1,DI,12.000,1.000,True,106.39,unidad,12,12,144,12,unidad,display,DISPLAY,12,12,12,1,display
no,precio_gev_desactualizado,20240520,0.0,10145,CAR.BC FRUTILLA 24X6,CAR.BC FRUTILLA 24X6,DI,12.000,1.000,True,106.88,unidad,12,12,144,12,unidad,display,DISPLAY,12,12,12,1,display
no,precio_gev_desactualizado,20240520,0.0,10161,CHUP.MR.POP.EVOL.SRT,CHUP.MR.POP.EVOL.SRT,DI,24.000,1.000,True,125.26,unidad,24,12,288,24,unidad,display,DISPLAY,24,12,12,1,display
no,precio_gev_desactualizado,20240520,0.0,10164,GOMAS BANANITAS MOGU,GOMAS BANANITAS MOGU,DI,167.000,1.000,True,214.53,unidad,167,4,668,167,unidad,display,DISPLAY,167,4,4,1,display
no,precio_gev_desactualizado,20240520,0.0,10165,GOMAS BANANITAS MOGU,GOMAS BANANITAS MOGU,DI,91.000,1.000,True,118.91,unidad,91,6,546,91,unidad,display,DISPLAY,91,6,6,1,display
no,precio_gev_desactualizado,20240520,0.0,10166,MOGUL HELLO KITTY 12,MOGUL HELLO KITTY 12,DI,12.000,1.000,True,107.36,unidad,12,12,144,12,unidad,display,DISPLAY,12,12,12,1,display
no,precio_gev_desactualizado,20240520,0.0,10176,MR.POP.SUPER FRTAL.S,MR.POP.SUPER FRTAL.S,DI,65.000,1.000,True,76.59,unidad,65,6,390,65,unidad,display,DISPLAY,65,6,6,1,display
no,precio_gev_desactualizado,20240520,0.0,10177,MR. POPS GLITTS 6 X,MR. POPS GLITTS 6 X,DI,60.000,1.000,True,135.39,unidad,60,6,360,60,unidad,display,DISPLAY,60,6,6,1,display
no,precio_gev_desactualizado,20240520,0.0,10179,GOMAS MOGUL CONITOS,GOMAS MOGUL CONITOS,DI,500.000,1.000,True,214.53,unidad,500,4,2000,500,unidad,display,DISPLAY,500,4,4,1,display
no,precio_gev_desactualizado,20240520,0.0,10233,CH.POOSH.HALLOW.UVA,CH.POOSH.HALLOW.UVA,DI,50.000,1.000,True,47.3,unidad,50,16,800,50,unidad,display,DISPLAY,50,16,16,1,display
no,precio_gev_desactualizado,20240520,0.0,10236,LAPIDA CHUPETIN OJO,LAPIDA CHUPETIN OJO,DI,10.000,1.000,True,46.5,unidad,10,12,120,10,unidad,display,DISPLAY,10,12,12,1,display
no,precio_gev_desactualizado,20240520,0.0,10237,CALABAZA MASTIC. MOG,CALABAZA MASTIC. MOG,DI,1.000,1.000,True,135.44,unidad,,,12,1,unidad,display,DISPLAY,,12,12,1,display
no,precio_gev_desactualizado,20240520,0.0,10241,CH. TL CONF.MENTA 24,CH. TL CONF.MENTA 24,DI,12.000,1.000,True,196.55,unidad,12,12,144,12,unidad,display,DISPLAY,12,12,12,1,display
no,precio_gev_desactualizado,20240520,0.0,10242,CH. TL CONF.FRUTA 24,CH. TL CONF.FRUTA 24,DI,12.000,1.000,True,196.55,unidad,12,12,144,12,unidad,display,DISPLAY,12,12,12,1,display
no,precio_gev_desactualizado,20240520,0.0,10244,CH. TL CONF.STRONG 2,CH. TL CONF.STRONG 2,DI,12.000,1.000,True,196.55,unidad,12,12,144,12,unidad,display,DISPLAY,12,12,12,1,display
no,precio_gev_desactualizado,20250512,0.0,10254,HUEVO LECHE BON O BO,HUEVO LECHE BON O BO,DI,12.000,1.000,True,255.82,unidad,12,12,144,12,unidad,display,DISPLAY,12,12,12,1,display
no,precio_gev_desactualizado,20250512,0.0,10255,HUEVO CHOCOL BON O B,HUEVO CHOCOL BON O B,DI,12.000,1.000,True,128.11,unidad,12,12,144,12,unidad,display,DISPLAY,12,12,12,1,display
no,precio_gev_desactualizado,20250512,0.0,10256,HUEVO CHOC LECHE COF,HUEVO CHOC LECHE COF,DI,24.000,1.000,True,89.7,unidad,24,24,576,24,unidad,display,DISPLAY,24,24,24,1,display
no,precio_gev_desactualizado,20250512,0.0,10258,HVO LEC HELLO KITTY,HVO LEC HELLO KITTY,DI,12.000,1.000,True,173.97,unidad,12,12,144,12,unidad,display,DISPLAY,12,12,12,1,display
no,precio_gev_desactualizado,20250512,0.0,10259,HVO CHOC LEC ANG BIR,HVO CHOC LEC ANG BIR,DI,12.000,1.000,True,173.97,unidad,12,12,144,12,unidad,display,DISPLAY,12,12,12,1,display
no,precio_gev_desactualizado,20250512,0.0,10262,HUEV BÑO.REP TOY STO,HUEV BÑO.REP TOY STO,DI,24.000,1.000,True,84.93,unidad,24,24,576,24,unidad,display,DISPLAY,24,24,24,1,display
no,precio_gev_desactualizado,20250512,0.0,10294,HVO.CARTERITA BARBIE,HVO.CARTERITA BARBIE,DI,10.000,1.000,True,261.08,unidad,10,12,120,10,unidad,display,DISPLAY,10,12,12,1,display
no,precio_gev_desactualizado,20250512,0.0,10310,KIT REGALE.HVO.COFLE,KIT REGALE.HVO.COFLE,DI,25.000,1.000,True,256.2,unidad,25,12,300,25,unidad,display,DISPLAY,25,12,12,1,display
no,precio_gev_desactualizado,20240520,0.0,10324,CREMINO SURTIDO 36X150G (RELAN),CREMINO SURTIDO 36X150G (RELAN),DI,24.000,1.000,True,76.64,unidad,24,36,864,24,unidad,display,DISPLAY,24,36,36,1,display
no,precio_gev_desactualizado,20240520,0.0,10427,CH. TL OM CLEAN 12X1,CH. TL OM CLEAN 12X1,DI,12.000,1.000,True,391.06,unidad,12,12,144,12,unidad,display,DISPLAY,12,12,12,1,display
no,precio_gev_desactualizado,20240520,0.0,10428,CH. TL OM HAPPY 12X1,CH. TL OM HAPPY 12X1,DI,12.000,1.000,True,272.04,unidad,12,12,144,12,unidad,display,DISPLAY,12,12,12,1,display
no,precio_gev_desactualizado,20240520,0.0,10449,ESTIROMETRO MUNDIAL,ESTIROMETRO MUNDIAL,DI,12.000,1.000,True,199.05,unidad,12,6,72,12,unidad,display,DISPLAY,12,6,6,1,display
no,precio_gev_desactualizado,20240520,0.0,10451,CHI.GLOB.CUADRA MUND,CHI.GLOB.CUADRA MUND,DI,120.000,1.000,True,73.25,unidad,120,18,2160,120,unidad,display,DISPLAY,120,18,18,1,display
no,precio_gev_desactualizado,20240520,0.0,10461,POOSH.MIX.FRUTAL.16X,POOSH.MIX.FRUTAL.16X,DI,50.000,1.000,True,86.35,unidad,50,16,800,50,unidad,display,DISPLAY,50,16,16,1,display
no,precio_gev_desactualizado,20240520,0.0,10466,CHUP.EVOLUTION.MUNDI,CHUP.EVOLUTION.MUNDI,DI,24.000,1.000,True,40.49,unidad,24,12,288,24,unidad,display,DISPLAY,24,12,12,1,display
no,precio_gev_desactualizado,20240520,0.0,10482,MR.POPS SILBAPITO MU,MR.POPS SILBAPITO MU,DI,50.000,1.000,True,52.95,unidad,50,12,600,50,unidad,display,DISPLAY,50,12,12,1,display
no,precio_gev_desactualizado,20240520,0.0,10485,MR. POPS MUNDIAL 8X1,MR. POPS MUNDIAL 8X1,DI,10.000,1.000,True,291.54,unidad,10,8,80,10,unidad,display,DISPLAY,10,8,8,1,display
no,precio_gev_desactualizado,20240520,0.0,10487,BOB BLANCO DISP.12X3,BOB BLANCO DISP.12X3,DI,30.000,1.000,True,139.38,unidad,30,12,360,30,unidad,display,DISPLAY,30,12,12,1,display
no,precio_gev_desactualizado,20240520,0.0,10568,M.PLUS CHERRY12X12UN,M.PLUS CHERRY12X12UN,DI,12.000,1.000,True,58.33,unidad,12,12,144,12,unidad,display,DISPLAY,12,12,12,1,display
no,precio_gev_desactualizado,20240520,0.0,10569,M.PLUS MENTOL12X12UN,M.PLUS MENTOL12X12UN,DI,12.000,1.000,True,58.33,unidad,12,12,144,12,unidad,display,DISPLAY,12,12,12,1,display
no,precio_gev_desactualizado,20240520,0.0,10570,M.PLUS STRONG12X12UN,M.PLUS STRONG12X12UN,DI,12.000,1.000,True,58.33,unidad,12,12,144,12,unidad,display,DISPLAY,12,12,12,1,display
no,precio_gev_desactualizado,20240520,0.0,10571,M.PLUS MIEL12X12UN R,M.PLUS MIEL12X12UN R,DI,12.000,1.000,True,58.33,unidad,12,12,144,12,unidad,display,DISPLAY,12,12,12,1,display
no,precio_gev_desactualizado,20240520,0.0,10572,M.PLUS MENTA12X12UN,M.PLUS MENTA12X12UN,DI,12.000,1.000,True,67.68,unidad,12,12,144,12,unidad,display,DISPLAY,12,12,12,1,display
no,precio_gev_desactualizado,20240520,0.0,10611,CHICLE.POOSH.SLIME.1,CHICLE.POOSH.SLIME.1,DI,50.000,1.000,True,74.49,unidad,50,16,800,50,unidad,display,DISPLAY,50,16,16,1,display
no,precio_display_bajo,20260922,0.0,10618,NARANJ.C/CHO.EST AGU,NARANJ.C/CHO.EST AGU,DI,30.000,1.000,True,90.7,unidad,30,30,900,30,unidad,display,DISPLAY,30,30,30,1,display
no,precio_gev_desactualizado,20240520,0.0,10716,BOMBON SURTIDO BOB 2,BOMBON SURTIDO BOB 2,DI,17.000,1.000,True,136.02,unidad,17,24,408,17,unidad,display,DISPLAY,17,24,24,1,display
no,precio_gev_desactualizado,20240520,0.0,10843,MPLUS.CHRRY12X14X30.,MPLUS.CHRRY12X14X30.,DI,14.000,1.000,True,139.59,unidad,14,12,168,14,unidad,display,DISPLAY,14,12,12,1,display
no,precio_gev_desactualizado,20240520,0.0,10844,MPLUS.STRNG12X14X30.,MPLUS.STRNG12X14X30.,DI,14.000,1.000,True,139.59,unidad,14,12,168,14,unidad,display,DISPLAY,14,12,12,1,display
no,precio_gev_desactualizado,20240520,0.0,10859,CHUP.EVOL.FEST.12X48,CHUP.EVOL.FEST.12X48,DI,24.000,1.000,True,114.82,unidad,24,12,288,24,unidad,display,DISPLAY,24,12,12,1,display
no,precio_gev_desactualizado,20240520,0.004,10860,MOGUL FRUTYCR POTE,MOGUL FRUTYCR POTE,DI,167.000,1.000,True,380.16,unidad,167,4,668,167,unidad,display,DISPLAY,167,4,4,1,display
no,precio_gev_desactualizado,20240520,0.0,10887,CHUPETIN MINIONS 10X,CHUPETIN MINIONS 10X,DI,50.000,1.000,True,93.28,unidad,50,10,500,50,unidad,display,DISPLAY,50,10,10,1,display
no,precio_gev_desactualizado,20240520,0.0,10911,CHICLE COWBOY BEN10,CHICLE COWBOY BEN10,DI,240.000,1.000,True,201.04,unidad,240,8,1920,240,unidad,display,DISPLAY,240,8,8,1,display
no,precio_gev_desactualizado,20240520,0.0,10913,CHIC.TORRE.BEN10.MNT,CHIC.TORRE.BEN10.MNT,DI,240.000,1.000,True,201.04,unidad,240,8,1920,240,unidad,display,DISPLAY,240,8,8,1,display
no,precio_gev_desactualizado,20240520,0.0,10919,CH.TL.ROLLING MADRAS,CH.TL.ROLLING MADRAS,DI,12.000,1.000,True,299.25,unidad,12,12,144,12,unidad,display,DISPLAY,12,12,12,1,display
no,precio_gev_desactualizado,20240520,0.0,10922,CH.TL.MTA30X20X6.7-P,CH.TL.MTA30X20X6.7-P,DI,20.000,1.000,True,101.27,unidad,20,30,600,20,unidad,display,DISPLAY,20,30,30,1,display
no,precio_gev_desactualizado,20240520,0.0,10923,CHOC. ROCKLETS 12X18,CHOC. ROCKLETS 12X18,DI,18.000,1.000,True,238.59,unidad,18,12,216,18,unidad,display,DISPLAY,18,12,12,1,display
no,precio_gev_desactualizado,20240520,0.0,10925,GOMITAS MOGUL MULTIF,GOMITAS MOGUL MULTIF,DI,212.000,1.000,True,177.71,unidad,212,6,1272,212,unidad,display,DISPLAY,212,6,6,1,display
no,precio_gev_desactualizado,20240520,0.0,10935,MOG.COLMILLOS HW 12X,MOG.COLMILLOS HW 12X,DI,12.000,1.000,True,81.33,unidad,12,12,144,12,unidad,display,DISPLAY,12,12,12,1,display
no,precio_gev_desactualizado,20240520,0.0,10936,MOG.MURCIELAGOS HW 1,MOG.MURCIELAGOS HW 1,DI,12.000,1.000,True,81.33,unidad,12,12,144,12,unidad,display,DISPLAY,12,12,12,1,display
no,precio_gev_desactualizado,20240520,0.0,10942,MOG.PIRATAS HW 12X12,MOG.PIRATAS HW 12X12,DI,12.000,1.000,True,81.33,unidad,12,12,144,12,unidad,display,DISPLAY,12,12,12,1,display
no,precio_gev_desactualizado,20240617,0.0,10968,SALADIX SNACK HAMB.C,SALADIX SNACK HAMB.C,DI,1.000,1.000,True,38.37,unidad,,,20,1,unidad,display,DISPLAY,,20,20,1,display
no,precio_gev_desactualizado,20240617,0.0,10969,SALADIX SNACK HAMB.C,SALADIX SNACK HAMB.C,DI,1.000,1.000,True,24.8,unidad,,,44,1,unidad,display,DISPLAY,,44,44,1,display
no,precio_gev_desactualizado,20240617,0.0,10970,SALADIX SNACK LOMI.C,SALADIX SNACK LOMI.C,DI,1.000,1.000,True,38.37,unidad,,,20,1,unidad,display,DISPLAY,,20,20,1,display
no,precio_gev_desactualizado,20240617,0.0,10971,SALADIX SNACK LOMI.C,SALADIX SNACK LOMI.C,DI,1.000,1.000,True,24.8,unidad,,,44,1,unidad,display,DISPLAY,,44,44,1,display
no,precio_gev_desactualizado,20250512,0.0,10974,HVO.SPIDERMAN 48X20G,HVO.SPIDERMAN 48X20G,DI,48.000,0.021,True,25.63,unidad,48,48,2304,48,unidad,display,DISPLAY,48,48,48,1,display
no,precio_gev_desactualizado,20250512,0.0,10975,HVO.PRINCESAS 48X20G,HVO.PRINCESAS 48X20G,DI,48.000,0.021,True,25.63,unidad,48,48,2304,48,unidad,display,DISPLAY,48,48,48,1,display
no,precio_gev_desactualizado,20240520,0.0,10978,MOGUL MINI MORITAS 6,MOGUL MINI MORITAS 6,DI,454.000,1.000,True,177.71,unidad,454,6,2724,454,unidad,display,DISPLAY,454,6,6,1,display
no,precio_gev_desactualizado,20250512,0.0,10980,HVTOS. INFANT,HVTOS. INFANT,DI,90.000,1.000,True,377.46,unidad,90,12,1080,90,unidad,display,DISPLAY,90,12,12,1,display
no,precio_gev_desactualizado,20250512,0.0,10994,HVO BÑO REPOS SPIDER,HVO BÑO REPOS SPIDER,DI,24.000,0.000,True,102.52,unidad,24,24,576,24,unidad,display,DISPLAY,24,24,24,1,display
no,precio_gev_desactualizado,20240520,0.0,1100,CAR. CREMINO COCO 6 * 940 GRS,CAR. CREMINO COCO 6 * 940 GRS,DI,160.000,0.000,True,689.03,unidad,160,6,960,160,unidad,display,DISPLAY,160,6,6,1,display
no,precio_gev_desactualizado,20240520,0.0,11029,AGUILA MINICHEF LECHE 32X170 G,AGUILA MINICHEF LECHE 32X170 G,DI,1.000,1.000,True,152.84,unidad,,,32,1,unidad,display,DISPLAY,,32,32,1,display
no,precio_gev_desactualizado,20250512,0.0,11030,HVO.ALHAJERO.BARBIE.,HVO.ALHAJERO.BARBIE.,DI,8.000,1.000,True,128.15,unidad,8,12,96,8,unidad,display,DISPLAY,8,12,12,1,display
no,precio_display_bajo,20260922,0.0,11065,PD.RELL.CHOCOLATE 12,PD.RELL.CHOCOLATE 12,DI,1.000,1.000,True,207.81,unidad,,,12,1,unidad,display,DISPLAY,,12,12,1,display
no,precio_gev_desactualizado,20240520,0.0,1115,B.TOFF CHOCOLATE 6X959G,B.TOFF CHOCOLATE 6X959G,DI,135.000,1.000,True,220.55,unidad,135,6,810,135,unidad,display,DISPLAY,135,6,6,1,display
no,precio_gev_desactualizado,20240520,0.0,11184,POOSH.MIX.FTAL.16X27,POOSH.MIX.FTAL.16X27,DI,50.000,1.000,True,75.56,unidad,50,16,800,50,unidad,display,DISPLAY,50,16,16,1,display
no,precio_gev_desactualizado,20240520,0.0,11185,CHI.POOSH.SANDIA.16X,CHI.POOSH.SANDIA.16X,DI,50.000,1.000,True,75.56,unidad,50,16,800,50,unidad,display,DISPLAY,50,16,16,1,display
no,precio_gev_desactualizado,20240520,0.0,11187,POOSH.TROPICAL.16X27,POOSH.TROPICAL.16X27,DI,50.000,1.000,True,75.56,unidad,50,16,800,50,unidad,display,DISPLAY,50,16,16,1,display
no,precio_gev_desactualizado,20240520,0.0,11188,CHI.POOSH TUTTI. 16X,CHI.POOSH TUTTI. 16X,DI,50.000,1.000,True,75.56,unidad,50,16,800,50,unidad,display,DISPLAY,50,16,16,1,display
no,precio_display_bajo,20260922,0.0,11204,AVELLANA C/CH AGUI E,AVELLANA C/CH AGUI E,DI,1.000,1.000,True,107.7,unidad,,,30,1,unidad,display,DISPLAY,,30,30,1,display
no,precio_gev_desactualizado,20240617,0.0,11258,GELATO LA CAMPAGNOLA 6U.X250G,GELATO LA CAMPAGNOLA 6U.X250G,DI,1.000,1.000,True,169.07,unidad,,,6,6,unidad,display,DISPLAY,,6,6,1,display
no,precio_gev_desactualizado,20240520,0.0,11639,GOM MOGUL TUTTI FRUTTI 6X500 GRS,GOM MOGUL TUTTI FRUTTI 6X500 GRS,DI,227.000,1.000,True,177.85,unidad,227,6,1362,227,unidad,display,DISPLAY,227,6,6,1,display
no,precio_gev_desactualizado,20241226,0.0,11665,ALF TOFI GLASE MINI 16X6X22G,ALF TOFI GLASE MINI 16X6X22G,DI,1.000,1.000,True,1393.44,unidad,,,16,1,unidad,display,DISPLAY,,16,16,1,display
no,precio_gev_desactualizado,20240617,0.0,1201,POSTRE VAINILLA GODET * 140 GR,POSTRE VAINILLA GODET * 140 GR,DI,1.000,0.000,True,15.37,unidad,,,24,1,unidad,display,DISPLAY,,24,24,1,display
no,precio_gev_desactualizado,20240520,0.0,12177,CHICLE POOSH FTLLA 16X 50U X 4.5G,CHICLE POOSH FTLLA 16X 50U X 4.5G,DI,50.000,1.000,True,209.24,unidad,50,16,800,50,unidad,display,DISPLAY,50,16,16,1,display
no,precio_gev_desactualizado,20240520,0.0,12384,CHUP.MIGLOBS 12X24X1,CHUP.MIGLOBS 12X24X1,DI,24.000,1.000,True,158.45,unidad,24,12,288,24,unidad,display,DISPLAY,24,12,12,1,display
no,precio_gev_desactualizado,20240520,0.0,12387,MOGUL EMOJI 12X12X25,MOGUL EMOJI 12X12X25,DI,12.000,1.000,True,282.32,unidad,12,12,144,12,unidad,display,DISPLAY,12,12,12,1,display
no,precio_gev_desactualizado,20240520,0.0,12389,MOGUL SANDIA EXTREME 12X10X55G,MOGUL SANDIA EXTREME 12X10X55G,DI,10.000,1.000,True,328.98,unidad,10,12,120,1,unidad,display,DISPLAY,10,12,12,1,display
no,precio_gev_desactualizado,20240520,0.0,12585,POOSH TUTTI FRUT 16X50X4.5,POOSH TUTTI FRUT 16X50X4.5,DI,50.000,1.000,True,209.24,unidad,50,16,800,50,unidad,display,DISPLAY,50,16,16,1,display
no,precio_gev_desactualizado,20240520,0.0,12586,POOSH MENTA 16X50X4.5,POOSH MENTA 16X50X4.5,DI,50.000,1.000,True,209.24,unidad,50,16,800,50,unidad,display,DISPLAY,50,16,16,1,display
no,precio_gev_desactualizado,20240520,0.0,12587,POOSH FRUTILLA 16X50X4.5,POOSH FRUTILLA 16X50X4.5,DI,50.000,1.000,True,209.24,unidad,50,16,800,50,unidad,display,DISPLAY,50,16,16,1,display
no,precio_gev_desactualizado,20240520,0.0,12588,POOSH BLUEBERRY 16X50X4.5,POOSH BLUEBERRY 16X50X4.5,DI,50.000,1.000,True,240.62,unidad,50,16,800,50,unidad,display,DISPLAY,50,16,16,1,display
no,precio_gev_desactualizado,20240520,0.0,12615,CH.MIGLOBS T.FRUT 36,CH.MIGLOBS T.FRUT 36,DI,50.000,1.000,True,241.0,unidad,50,36,1800,50,unidad,display,DISPLAY,50,36,36,1,display
no,precio_gev_desactualizado,20240520,0.0,12616,CH.MIGLOBS FRUTLLA 3,CH.MIGLOBS FRUTLLA 3,DI,50.000,1.000,True,174.64,unidad,50,36,1800,50,unidad,display,DISPLAY,50,36,36,1,display
no,precio_gev_desactualizado,20241226,0.0,12756,HELADO MR POPS AGRUPADO 12X6X40G,HELADO MR POPS AGRUPADO 12X6X40G,DI,6.000,1.000,True,3052.12,unidad,6,12,72,72,unidad,display,DISPLAY,6,12,12,1,display
no,precio_gev_desactualizado,20240617,0.0,1282,POSTRE DULCE DE LECHE * 140 GR,POSTRE DULCE DE LECHE * 140 GR,DI,1.000,1.000,True,15.37,unidad,,,24,1,unidad,display,DISPLAY,,24,24,1,display
no,precio_gev_desactualizado,20240520,0.0,1302,MR.P.HELL.KITTY X50,MR.P.HELL.KITTY X50,DI,50.000,1.000,True,63.82,unidad,50,10,500,50,unidad,display,DISPLAY,50,10,10,1,display
no,precio_gev_desactualizado,20241226,0.0,13039,JG.PV. ARCOR 3.FRUTAS.12X18X18G,JG.PV. ARCOR 3.FRUTAS.12X18X18G,DI,18.000,1.000,True,3491.69,unidad,18,12,216,18,unidad,display,DISPLAY,18,12,12,1,display
no,precio_gev_desactualizado,20240520,0.0,13404,N. BREAK INDULGENTE 24 X 120G,N. BREAK INDULGENTE 24 X 120G,DI,1.000,1.000,True,1686.25,unidad,,,24,1,unidad,display,DISPLAY,,24,24,1,display
no,precio_gev_desactualizado,20240617,0.0,1350,FLAN VAINILLA GODET * 65 GRS,FLAN VAINILLA GODET * 65 GRS,DI,1.000,0.000,True,14.25,unidad,10,,10,1,unidad,display,DISPLAY,,24,24,1,display
no,precio_gev_desactualizado,20240520,0.0,13649,BOCADITO DULCILAC 12X520G,BOCADITO DULCILAC 12X520G,DI,80.000,1.000,True,4845.64,unidad,80,12,960,80,unidad,display,DISPLAY,80,12,12,1,display
no,precio_gev_desactualizado,20241226,0.0,14674,ROCK PESADILLAS DOY,ROCK PESADILLAS DOY,DI,12.000,1.000,True,4421.49,unidad,12,12,144,12,unidad,display,DISPLAY,12,12,12,1,display
no,precio_gev_desactualizado,20240520,0.0,1512,BUTTER TOFFEES LECHE 36X150G,BUTTER TOFFEES LECHE 36X150G,DI,23.000,0.000,True,120.28,unidad,23,36,828,23,unidad,display,DISPLAY,23,36,36,1,display
no,precio_gev_desactualizado,20240520,0.0,1513,B.TOFFCHOCOLATE 36X150G,B.TOFFCHOCOLATE 36X150G,DI,21.000,0.000,True,120.28,unidad,21,36,756,21,unidad,display,DISPLAY,21,36,36,1,display
no,precio_gev_desactualizado,20240520,0.0,1675,HUEVO TOYS MUNDIAL 12 * 22 GRS,HUEVO TOYS MUNDIAL 12 * 22 GRS,DI,12.000,0.000,True,164.33,unidad,12,8,96,12,unidad,display,DISPLAY,12,8,8,1,display
no,precio_gev_desactualizado,20240617,0.0,1699,GELATINA DURAZNO * 100 GRS,GELATINA DURAZNO * 100 GRS,DI,1.000,0.000,True,17.76,unidad,,,24,1,unidad,display,DISPLAY,,24,24,1,display
no,precio_gev_desactualizado,20240617,0.0,1749,MACUCAS 12X3X123G,MACUCAS 12X3X123G,DI,1.000,1.000,True,111.84,unidad,,,12,1,unidad,display,DISPLAY,,12,12,1,display
no,precio_gev_desactualizado,20240520,0.0,1750,MENTHO PLUS CHERRY 12X12X30.6G,MENTHO PLUS CHERRY 12X12X30.6G,DI,12.000,1.000,True,172.02,unidad,12,12,144,12,unidad,display,DISPLAY,12,12,12,1,display
no,precio_gev_desactualizado,20240520,0.0,1751,MENTHO PLUS MENTOL 12X12X30.6G,MENTHO PLUS MENTOL 12X12X30.6G,DI,12.000,1.000,True,172.02,unidad,12,12,144,12,unidad,display,DISPLAY,12,12,12,1,display
no,precio_gev_desactualizado,20240520,0.0,1752,MENTHO PLUS STRONG 12X12X30.6 G,MENTHO PLUS STRONG 12X12X30.6 G,DI,12.000,0.000,True,172.02,unidad,12,12,144,12,unidad,display,DISPLAY,12,12,12,1,display
no,precio_gev_desactualizado,20240520,0.0,1753,MENTHO PLUS MIEL  12X12X30.6 G,MENTHO PLUS MIEL  12X12X30.6 G,DI,12.000,1.000,True,177.18,unidad,12,12,144,12,unidad,display,DISPLAY,12,12,12,1,display
no,precio_gev_desactualizado,20240520,0.0,1754,MENTHO PLUS MENTA 12X12X30.6 G,MENTHO PLUS MENTA 12X12X30.6 G,DI,12.000,1.000,True,172.02,unidad,12,12,144,12,unidad,display,DISPLAY,12,12,12,1,display
no,precio_gev_desactualizado,20240520,0.0,1759,MENTHO PLUS AGR. CHERRY 60X3X30.6 G,MENTHO PLUS AGR. CHERRY 60X3X30.6 G,DI,3.000,0.000,True,95.53,unidad,3,60,180,3,unidad,display,DISPLAY,3,60,60,1,display
no,precio_gev_desactualizado,20240520,0.0,1760,MENTHO PLUS AGR. MENTOL  30X3X30.6 G,MENTHO PLUS AGR. MENTOL  30X3X30.6 G,DI,3.000,0.000,True,69.23,unidad,3,60,180,3,unidad,display,DISPLAY,3,60,60,1,display
no,precio_gev_desactualizado,20240520,0.0,2013,CHUPETIN MR. POPS SILBAPITO *,CHUPETIN MR. POPS SILBAPITO *,DI,50.000,0.000,True,63.45,unidad,50,12,600,50,unidad,display,DISPLAY,50,12,12,1,display
no,precio_gev_desactualizado,20240520,0.0,2143,CARAMELO SURTIDOS OFERTA 6X1G.,CARAMELO SURTIDOS OFERTA 6X1G.,DI,147.000,0.000,True,577.13,unidad,147,6,882,147,unidad,display,DISPLAY,147,6,6,1,display
no,precio_gev_desactualizado,20240520,0.0,2151,FRUIT CRISTAL * 935 GRS.,FRUIT CRISTAL * 935 GRS.,DI,179.000,0.000,True,126.5,unidad,179,6,1074,179,unidad,display,DISPLAY,179,6,6,1,display
no,precio_gev_desactualizado,20240520,0.0,2165,HVO.HELLO KITTY 8X12,HVO.HELLO KITTY 8X12,DI,12.000,1.000,True,280.5,unidad,12,8,96,12,unidad,display,DISPLAY,12,8,8,1,display
no,precio_gev_desactualizado,20240520,0.0,2994,MENTHOPLUS C+ BLUEBERRY 12 UNI,MENTHOPLUS C+ BLUEBERRY 12 UNI,DI,12.000,0.000,True,60.43,unidad,12,12,144,12,unidad,display,DISPLAY,12,12,12,1,display
no,precio_gev_desactualizado,20240520,0.0,3001,BON-O-BON BLANCO * 30 UNID.,BON-O-BON BLANCO * 30 UNID.,DI,30.000,0.000,True,159.77,unidad,30,12,360,30,unidad,display,DISPLAY,30,12,12,1,display
no,precio_gev_desactualizado,20240520,0.0011111111111111111,3003,BON-O-BON LECHE * 18 UNID.,BON-O-BON LECHE * 18 UNID.,DI,18.000,0.000,True,106.18,unidad,18,16,288,18,unidad,display,DISPLAY,18,16,16,1,display
no,precio_gev_desactualizado,20240617,0.0,3017,MINITORTA AGUILA 3 * 72 GRS,MINITORTA AGUILA 3 * 72 GRS,DI,3.000,0.000,True,72.63,unidad,3,16,48,3,unidad,display,DISPLAY,3,16,16,1,display
no,precio_gev_desactualizado,20240520,0.0,3133,CHUP. MR.POP.EVOL.MADAGAS.3  2,CHUP. MR.POP.EVOL.MADAGAS.3  2,DI,24.000,0.000,True,39.49,unidad,24,12,288,24,unidad,display,DISPLAY,24,12,12,1,display
no,precio_gev_desactualizado,20240520,0.0,3163,CHICLE TOPLINE CHANGE NAR/MTA,CHICLE TOPLINE CHANGE NAR/MTA,DI,20.000,0.000,True,47.02,unidad,20,30,600,20,unidad,display,DISPLAY,20,30,30,1,display
no,precio_gev_desactualizado,20240520,0.0,3168,CHICLE NGTRENZ FRU.MANZ * 20 U,CHICLE NGTRENZ FRU.MANZ * 20 U,DI,20.000,0.000,True,51.22,unidad,20,12,240,20,unidad,display,DISPLAY,20,12,12,1,display
no,precio_gev_desactualizado,20240520,0.0,3196,CHICLE TOPLINE 7 D.LEMON * 16,CHICLE TOPLINE 7 D.LEMON * 16,DI,16.000,0.000,True,169.92,unidad,16,36,576,16,unidad,display,DISPLAY,16,36,36,1,display
no,precio_gev_desactualizado,20240520,0.0,3213,BARRA BON-O-BON CHOCOLATE 20 *,BARRA BON-O-BON CHOCOLATE 20 *,DI,20.000,0.000,True,169.84,unidad,20,6,120,20,unidad,display,DISPLAY,20,6,6,1,display
no,precio_gev_desactualizado,20240520,0.0,3230,BARRA BON-O-BON 20 * 35 GRS,BARRA BON-O-BON 20 * 35 GRS,DI,20.000,0.000,True,185.51,unidad,20,6,120,20,unidad,display,DISPLAY,20,6,6,1,display
no,precio_gev_desactualizado,20120801,0.0,3237,COFLER EXTRA MANI AGR. 3 * 46G,COFLER EXTRA MANI AGR. 3 * 46G,DI,3.000,0.000,True,6.98,unidad,3,32,96,3,unidad,display,DISPLAY,3,32,32,1,display
no,precio_gev_desactualizado,20240617,0.0,3779,GALL. CRIOLLITAS ORIGINAL 12X5X100G,GALL. CRIOLLITAS ORIGINAL 12X5X100G,DI,5.000,1.000,True,304.3,unidad,5,12,60,5,unidad,display,DISPLAY,5,12,12,1,display
no,precio_gev_desactualizado,20240617,0.0,3785,CEREAL MIX CEREAL 32X6X23G,CEREAL MIX CEREAL 32X6X23G,DI,6.000,0.000,True,350.18,unidad,6,32,192,6,unidad,display,DISPLAY,6,32,32,1,display
no,precio_gev_desactualizado,20240617,0.0,3788,CEREAL MIX PALCER CHOC. 6 * 23,CEREAL MIX PALCER CHOC. 6 * 23,DI,6.000,0.000,True,76.84,unidad,6,32,192,6,unidad,display,DISPLAY,6,32,32,1,display
no,precio_gev_desactualizado,20240617,0.0,3791,CEREALMIX MANZ.LIGHT 32X6X23G,CEREALMIX MANZ.LIGHT 32X6X23G,DI,6.000,1.000,True,189.3,unidad,6,32,192,6,unidad,display,DISPLAY,6,32,32,1,display
no,precio_gev_desactualizado,20240617,0.0,3795,CEREAL MIX LIGHT DURAZNO 3 * 2,CEREAL MIX LIGHT DURAZNO 3 * 2,DI,3.000,0.000,True,34.34,unidad,3,32,96,3,unidad,display,DISPLAY,3,32,32,1,display
no,precio_gev_desactualizado,20240617,0.0,3837,GALL. SER SALVADO 3 * 145 GRS,GALL. SER SALVADO 3 * 145 GRS,DI,3.000,0.000,True,39.48,unidad,3,10,30,3,unidad,display,DISPLAY,3,10,10,1,display
no,precio_gev_desactualizado,20240520,0.0,3855,CHICLE CONF. SANDIA TOPLINE 12 * 12 UNID.,CHICLE CONF. SANDIA TOPLINE 12 * 12 UNID.,DI,12.000,0.000,True,85.11,unidad,12,12,144,12,unidad,display,DISPLAY,12,12,12,1,display
no,precio_gev_desactualizado,20240520,0.0,3876,CALAB HALLOW. C/CAR ESPA * 400,CALAB HALLOW. C/CAR ESPA * 400,DI,121.000,0.000,True,51.96,unidad,121,12,1452,121,unidad,display,DISPLAY,121,12,12,1,display
no,precio_gev_desactualizado,20240520,0.0,3877,POTE ESPANTOCAB HALLOW * 120 G,POTE ESPANTOCAB HALLOW * 120 G,DI,1.000,0.000,True,32.77,unidad,,,16,1,unidad,display,DISPLAY,,16,16,1,display
no,precio_gev_desactualizado,20240520,0.0,3879,CAR. DUR. L.FIZZ HALLOW. * 48,CAR. DUR. L.FIZZ HALLOW. * 48,DI,48.000,0.000,True,108.34,unidad,48,12,576,48,unidad,display,DISPLAY,48,12,12,1,display
no,precio_gev_desactualizado,20240520,0.0,3880,CUBITOS DE FRUTA MOGUL * 300 G,CUBITOS DE FRUTA MOGUL * 300 G,DI,1.000,0.000,True,77.87,unidad,,,16,1,unidad,display,DISPLAY,,16,16,1,display
no,precio_gev_desactualizado,20240617,0.0,3954,HELADO BARRITA AGUILA 24 * 49,HELADO BARRITA AGUILA 24 * 49,DI,24.000,1.000,True,482.39,unidad,24,4,96,24,unidad,display,DISPLAY,24,4,4,1,display
no,precio_gev_desactualizado,20240520,0.0,4683,MENTHO PLUS S/AZUCAR POMELO 12X12X26.6 G,MENTHO PLUS S/AZUCAR POMELO 12X12X26.6 G,DI,12.000,0.000,True,237.32,unidad,12,12,144,12,unidad,display,DISPLAY,12,12,12,1,display
no,precio_gev_desactualizado,20240520,0.0,4709,CAR. GAJITOS * 485 GRS.,CAR. GAJITOS * 485 GRS.,DI,69.000,0.000,True,61.05,unidad,69,12,828,69,unidad,display,DISPLAY,69,12,12,1,display
no,precio_gev_desactualizado,20240520,0.0,4710,CAR. FRESH CRISTAL * 465 GRS,CAR. FRESH CRISTAL * 465 GRS,DI,89.000,1.000,True,108.08,unidad,89,12,1068,89,unidad,display,DISPLAY,89,12,12,1,display
no,precio_gev_desactualizado,20240520,0.0,4711,CAR. RODAJAS ARCOR * 150 GR.,CAR. RODAJAS ARCOR * 150 GR.,DI,32.000,0.000,True,23.08,unidad,32,36,1152,32,unidad,display,DISPLAY,32,36,36,1,display
no,precio_gev_desactualizado,20240520,0.0,4712,CAR. STRONG CRISTAL * 500 GRS.,CAR. STRONG CRISTAL * 500 GRS.,DI,89.000,0.000,True,63.25,unidad,89,12,1068,89,unidad,display,DISPLAY,89,12,12,1,display
no,precio_gev_desactualizado,20240520,0.0,4716,CAR. ICE CRISTAL * 418 GRS.,CAR. ICE CRISTAL * 418 GRS.,DI,93.000,0.000,True,52.24,unidad,93,12,1116,93,unidad,display,DISPLAY,93,12,12,1,display
no,precio_gev_desactualizado,20240520,0.0,4951,MEDALLON MENTA 30 * 15 GRS.,MEDALLON MENTA 30 * 15 GRS.,DI,30.000,0.000,True,177.52,unidad,30,18,540,30,unidad,display,DISPLAY,30,18,18,1,display
no,precio_gev_desactualizado,20240520,0.0,5000,BON-O-BON LECHE * 30 UNID.,BON-O-BON LECHE * 30 UNID.,DI,30.000,0.000,True,159.77,unidad,30,12,360,30,unidad,display,DISPLAY,30,12,12,1,display
no,precio_gev_desactualizado,20240617,0.0,503001,2X1 BC MANZANA 1LTS,2X1 BC MANZANA 1LTS,DI,2.000,1.000,True,15.62,unidad,2,6,12,2,unidad,display,DISPLAY,2,6,6,1,display
no,precio_gev_desactualizado,20240617,0.0,503504,BOLSA 3 SOBRES ARCOR,BOLSA 3 SOBRES ARCOR,DI,3.000,1.000,True,9.99,unidad,3,72,216,3,unidad,display,DISPLAY,3,72,72,1,display
no,precio_gev_desactualizado,20240617,0.0,503505,BOLSA 1TURRON+2TATIN,BOLSA 1TURRON+2TATIN,DI,3.000,1.000,True,9.99,unidad,3,50,150,3,unidad,display,DISPLAY,3,50,50,1,display
no,precio_gev_desactualizado,20240520,0.0,5133,B.TOFF CAFE 6X959G,B.TOFF CAFE 6X959G,DI,135.000,0.000,True,220.55,unidad,135,6,810,135,unidad,display,DISPLAY,135,6,6,1,display
no,precio_gev_desactualizado,20240617,0.0,5670,GALL. HOGAREÑA MIX CEREAL 12X3X176G,GALL. HOGAREÑA MIX CEREAL 12X3X176G,DI,3.000,0.000,True,123.29,unidad,3,12,36,3,unidad,display,DISPLAY,3,12,12,1,display
no,precio_gev_desactualizado,20240520,0.0,5806,CHUPETIN MISTER POP CHICLE * 5,CHUPETIN MISTER POP CHICLE * 5,DI,50.000,0.000,True,76.22,unidad,50,12,600,50,unidad,display,DISPLAY,50,12,12,1,display
no,precio_gev_desactualizado,20240520,0.0,5856,CHOCO. BLANCO ARCOR  20X40X8 GR,CHOCO. BLANCO ARCOR  20X40X8 GR,DI,40.000,0.000,True,622.36,unidad,40,20,800,40,unidad,display,DISPLAY,40,20,20,1,display
no,precio_gev_desactualizado,20240520,0.0,5857,CHOCO. LECHE ARCOR 20X40X8G,CHOCO. LECHE ARCOR 20X40X8G,DI,40.000,0.000,True,622.36,unidad,40,20,800,40,unidad,display,DISPLAY,40,20,20,1,display
no,precio_gev_desactualizado,20240520,0.0,6013,CAR. MENTA CRISTAL * 935 GRS.,CAR. MENTA CRISTAL * 935 GRS.,DI,179.000,1.000,True,216.16,unidad,179,6,1074,179,unidad,display,DISPLAY,179,6,6,1,display
no,precio_gev_desactualizado,20240520,0.0,6023,GOMA EUCALIPTUS 16X250 GRS.,GOMA EUCALIPTUS 16X250 GRS.,DI,50.000,0.000,True,173.53,unidad,50,16,800,50,unidad,display,DISPLAY,50,16,16,1,display
no,precio_gev_desactualizado,20240617,0.0,6138,ALFAJOR BON-O-BON BLANCO 16X6X40G,ALFAJOR BON-O-BON BLANCO 16X6X40G,DI,6.000,1.000,True,277.38,unidad,6,16,96,6,unidad,display,DISPLAY,6,16,16,1,display
no,precio_gev_desactualizado,20240520,0.0,6141,TORTUGUITA GODY LECHE 12X24X17.5G,TORTUGUITA GODY LECHE 12X24X17.5G,DI,24.000,1.000,True,641.17,unidad,24,12,288,24,unidad,display,DISPLAY,24,12,12,1,display
no,precio_gev_desactualizado,20240520,0.0,6167,FRUTALES MOGUL 12*50 G.,FRUTALES MOGUL 12*50 G.,DI,12.000,0.000,True,145.82,unidad,12,12,144,12,unidad,display,DISPLAY,12,12,12,1,display
no,precio_gev_desactualizado,20240520,0.0,6183,COCODRILOS MOGUL 12 * 30 GRS,COCODRILOS MOGUL 12 * 30 GRS,DI,12.000,0.000,True,155.91,unidad,12,12,144,12,unidad,display,DISPLAY,12,12,12,1,display
no,precio_gev_desactualizado,20240520,0.0,6362,CHIC.POOSH STONES 16,CHIC.POOSH STONES 16,DI,50.000,0.000,True,74.49,unidad,50,16,800,50,unidad,display,DISPLAY,50,16,16,1,display
no,precio_gev_desactualizado,20240520,0.0,6363,CHIC.POOSH BANANA 16,CHIC.POOSH BANANA 16,DI,50.000,0.000,True,61.77,unidad,50,16,800,50,unidad,display,DISPLAY,50,16,16,1,display
no,precio_gev_desactualizado,20240520,0.0,6364,CHI.POOSH FRUTILLA 16X 50U X 5.4G,CHI.POOSH FRUTILLA 16X 50U X 5.4G,DI,50.000,1.000,True,174.37,unidad,50,16,800,50,unidad,display,DISPLAY,50,16,16,1,display
no,precio_gev_desactualizado,20240520,0.0,6365,CHICLE POOSH MENTA 16X 50U X 5.4G,CHICLE POOSH MENTA 16X 50U X 5.4G,DI,50.000,0.000,True,174.37,unidad,50,16,800,50,unidad,display,DISPLAY,50,16,16,1,display
no,precio_gev_desactualizado,20240617,0.0,6626,CEREAL MIX YOGURT/FRUT.6X20X28G,CEREAL MIX YOGURT/FRUT.6X20X28G,DI,1.000,1.000,True,578.52,unidad,,,6,1,unidad,display,DISPLAY,,6,6,1,display
no,precio_gev_desactualizado,20240617,0.0,6627,CEREAL MIX YOGURT/VAIN. 6X20X28G,CEREAL MIX YOGURT/VAIN. 6X20X28G,DI,1.000,0.000,True,474.2,unidad,,,6,1,unidad,display,DISPLAY,,6,6,1,display
no,precio_gev_desactualizado,20240617,0.0,6692,GALL. HOGAREÑAS SALVADO 10X3X176G,GALL. HOGAREÑAS SALVADO 10X3X176G,DI,3.000,0.000,True,191.02,unidad,3,10,30,3,unidad,display,DISPLAY,3,10,10,1,display
no,precio_gev_desactualizado,20240520,0.0,6718,B.TOFF COLLECT 16X190G,B.TOFF COLLECT 16X190G,DI,28.000,1.000,True,43.36,unidad,28,16,448,28,unidad,display,DISPLAY,28,16,16,1,display
no,precio_gev_desactualizado,20240520,0.0,6778,CALABAZA HALLOWEEN CICLOPE * 1,CALABAZA HALLOWEEN CICLOPE * 1,DI,30.000,0.000,True,47.82,unidad,30,12,360,30,unidad,display,DISPLAY,30,12,12,1,display
no,precio_gev_desactualizado,20240520,0.0,6808,MOGUL GUSANITOS ACIDOS * 150 G,MOGUL GUSANITOS ACIDOS * 150 G,DI,1.000,1.000,True,40.84,unidad,,,24,1,unidad,display,DISPLAY,,24,24,1,display
no,precio_gev_desactualizado,20240520,0.0,7000,BOMBON B-O-B CORAZONES * 30 UN,BOMBON B-O-B CORAZONES * 30 UN,DI,30.000,0.000,True,43.87,unidad,30,12,360,30,unidad,display,DISPLAY,30,12,12,1,display
no,precio_gev_desactualizado,20250512,0.0,7264,HVITO BOB BAND.27X20UX7.8GR,HVITO BOB BAND.27X20UX7.8GR,DI,20.000,1.000,True,519.91,unidad,20,27,540,20,unidad,display,DISPLAY,20,27,27,1,display
no,precio_gev_desactualizado,20240520,0.0,7273,M.PLUS POWER.CITRUS  12X12X8 UN,M.PLUS POWER.CITRUS  12X12X8 UN,DI,12.000,0.000,True,392.93,unidad,12,12,144,12,unidad,display,DISPLAY,12,12,12,1,display
no,precio_gev_desactualizado,20240520,0.0,7274,M.PLUS POWER.M.BLAST 12X12X8 UN,M.PLUS POWER.M.BLAST 12X12X8 UN,DI,12.000,0.000,True,545.63,unidad,12,12,144,12,unidad,display,DISPLAY,12,12,12,1,display
no,precio_gev_desactualizado,20250512,0.0,7299,HUEVITO TOFI RELL 20 * 8 GRS,HUEVITO TOFI RELL 20 * 8 GRS,DI,20.000,1.000,True,227.88,unidad,20,27,540,20,unidad,display,DISPLAY,20,27,27,1,display
no,precio_gev_desactualizado,20240520,0.0,7324,MENTHO PLUS S/AZUCAR LIMA-LIMO,MENTHO PLUS S/AZUCAR LIMA-LIMO,DI,12.000,0.000,True,153.19,unidad,12,12,144,12,unidad,display,DISPLAY,12,12,12,1,display
no,precio_gev_desactualizado,20240520,0.0,7351,MASTICABLE MOGUL 16X700 G,MASTICABLE MOGUL 16X700 G,DI,212.000,1.000,True,1150.5,unidad,212,16,3392,212,unidad,display,DISPLAY,212,16,16,1,display
no,precio_gev_desactualizado,20240520,0.0,7361,TAB. CHONIK DNIKOLO T RAD.12X21X30G,TAB. CHONIK DNIKOLO T RAD.12X21X30G,DI,21.000,1.000,True,4419.31,unidad,21,12,252,21,unidad,display,DISPLAY,21,12,12,1,display
no,precio_display_bajo,20260922,0.0,7430,GARRAPIÑADA CHOCOLATEADA * 80,GARRAPIÑADA CHOCOLATEADA * 80,DI,1.000,0.000,True,11.24,unidad,,,40,1,unidad,display,DISPLAY,,40,40,1,display
no,precio_gev_desactualizado,20240520,0.0,7455,CAR. BUTT TOFFEES BLACK NARANJ,CAR. BUTT TOFFEES BLACK NARANJ,DI,1.000,0.000,True,91.08,unidad,,,6,1,unidad,display,DISPLAY,,6,6,1,display
no,precio_gev_desactualizado,20240520,0.0,7470,BOMBON SURTIDO BOB * 289 GRS,BOMBON SURTIDO BOB * 289 GRS,DI,17.000,0.000,True,106.18,unidad,17,24,408,17,unidad,display,DISPLAY,17,24,24,1,display
no,precio_gev_desactualizado,20240617,0.0,7674,BARRA SER FRUTILLA 36X5X23 G,BARRA SER FRUTILLA 36X5X23 G,DI,5.000,0.000,True,103.16,unidad,5,36,180,5,unidad,display,DISPLAY,5,36,36,1,display
no,precio_gev_desactualizado,20240520,0.0,7893,CUBANITO COFLER LIMO,CUBANITO COFLER LIMO,DI,16.000,0.000,True,104.39,unidad,16,12,192,16,unidad,display,DISPLAY,16,12,12,1,display
no,precio_gev_desactualizado,20240520,0.0,7897,BOMBON COFLER BLOCK,BOMBON COFLER BLOCK,DI,20.000,1.000,True,118.25,unidad,20,15,300,20,unidad,display,DISPLAY,20,15,15,1,display
no,precio_gev_desactualizado,20240617,0.0,7917,SALSA GOLF BC D.PACK 12X 250 CC,SALSA GOLF BC D.PACK 12X 250 CC,DI,1.000,1.000,True,63.17,unidad,,,12,1,unidad,display,DISPLAY,,12,12,1,display
no,precio_gev_desactualizado,20240520,0.0,8478,CHOC. MANI/CHOCO COFLER BCO *,CHOC. MANI/CHOCO COFLER BCO *,DI,1.000,0.000,True,10.62,unidad,,,60,1,unidad,display,DISPLAY,,60,60,1,display
no,precio_gev_desactualizado,20240617,0.0,8550,OBLEA RELL LIMON ARCOR-GO 30 *,OBLEA RELL LIMON ARCOR-GO 30 *,DI,30.000,0.000,True,107.58,unidad,30,12,360,30,unidad,display,DISPLAY,30,12,12,1,display
no,precio_gev_desactualizado,20240520,0.0,8630,BOMBOM CHOCO. BOB 30 * 17 GRS,BOMBOM CHOCO. BOB 30 * 17 GRS,DI,30.000,0.000,True,159.77,unidad,30,12,360,30,unidad,display,DISPLAY,30,12,12,1,display
no,precio_gev_desactualizado,20240520,0.0,8648,DUO MOGUL TORTUGUITA 12 * 25 G,DUO MOGUL TORTUGUITA 12 * 25 G,DI,12.000,1.000,True,107.36,unidad,12,12,144,12,unidad,display,DISPLAY,12,12,12,1,display
no,precio_gev_desactualizado,20240520,0.0,8649,DUO MOGUL 12 * 25 GRS,DUO MOGUL 12 * 25 GRS,DI,12.000,1.000,True,140.86,unidad,12,12,144,12,unidad,display,DISPLAY,12,12,12,1,display
no,precio_gev_desactualizado,20240520,0.0,8884,CHICLE GLO. NG ESPANT. 12 * 55,CHICLE GLO. NG ESPANT. 12 * 55,DI,12.000,0.000,True,94.77,unidad,12,6,72,12,unidad,display,DISPLAY,12,6,6,1,display
no,precio_gev_desactualizado,20240520,0.0,8887,CUBANITO COFLER LECH 16 x 16 g,CUBANITO COFLER LECH 16 x 16 g,DI,16.000,0.000,True,75.7,unidad,16,12,192,16,unidad,display,DISPLAY,16,12,12,1,display
no,precio_gev_desactualizado,20240520,0.0,8941,GOMITAS MURCIELAGOS 12 * 30 GR,GOMITAS MURCIELAGOS 12 * 30 GR,DI,12.000,0.000,True,63.79,unidad,12,12,144,12,unidad,display,DISPLAY,12,12,12,1,display
no,precio_gev_desactualizado,20240617,0.0,9301,GALL. MELLIZAS 12X3X112G,GALL. MELLIZAS 12X3X112G,DI,3.000,0.000,True,394.98,unidad,3,12,36,3,unidad,display,DISPLAY,3,12,12,1,display
no,precio_gev_desactualizado,20240617,0.0,9303,GALL. AMOR 12X3X112G,GALL. AMOR 12X3X112G,DI,3.000,1.000,True,394.98,unidad,3,12,36,3,unidad,display,DISPLAY,3,12,12,1,display
no,precio_gev_desactualizado,20240617,0.0,9306,GALL. RUMBA 12X3X112G,GALL. RUMBA 12X3X112G,DI,3.000,1.000,True,394.98,unidad,3,12,36,3,unidad,display,DISPLAY,3,12,12,1,display
no,precio_gev_desactualizado,20240617,0.0,9313,GALL. SONRISA FRAMB. 12X3X118G,GALL. SONRISA FRAMB. 12X3X118G,DI,3.000,0.000,True,195.81,unidad,3,12,36,3,unidad,display,DISPLAY,3,12,12,1,display
no,precio_gev_desactualizado,20240617,0.0,9326,GALL. MERENGADAS FRUT 12X3X93G,GALL. MERENGADAS FRUT 12X3X93G,DI,3.000,0.000,True,430.52,unidad,3,12,36,3,unidad,display,DISPLAY,3,12,12,1,display
no,precio_gev_desactualizado,20240617,0.0,9399,SER CRACKERS 10X3X120G,SER CRACKERS 10X3X120G,DI,1.000,1.000,True,129.9,unidad,,,10,1,unidad,display,DISPLAY,,10,10,1,display
no,precio_gev_desactualizado,20240520,0.0,9470,RATONES 4X1KG EN POT,RATONES 4X1KG EN POT,DI,200.000,1.000,True,226.68,unidad,200,4,800,200,unidad,display,DISPLAY,200,4,4,1,display
no,precio_gev_desactualizado,20240520,0.0,9471,DIENTES 1 KG REDIS,DIENTES 1 KG REDIS,DI,182.000,1.000,True,404.57,unidad,182,4,728,182,unidad,display,DISPLAY,182,4,4,1,display
no,precio_gev_desactualizado,20240520,0.0,9472,MORAS DE 4X1KG REDIS,MORAS DE 4X1KG REDIS,DI,167.000,1.000,True,697.87,unidad,167,4,668,167,unidad,display,DISPLAY,167,4,4,1,display
no,precio_gev_desactualizado,20240617,0.0,9477,GALL. RUMBA CHOCOLAT 3 * 112 G,GALL. RUMBA CHOCOLAT 3 * 112 G,DI,3.000,0.000,True,54.07,unidad,3,12,36,3,unidad,display,DISPLAY,3,12,12,1,display
no,precio_gev_desactualizado,20240520,0.0,9543,CHOC. GODY MUTANTE 40 * 8 GRS,CHOC. GODY MUTANTE 40 * 8 GRS,DI,40.000,0.000,True,23.89,unidad,40,20,800,40,unidad,display,DISPLAY,40,20,20,1,display
no,precio_gev_desactualizado,20240617,0.0,9627,GALL. CRIOLLITAS LACTEADAS 10X3X118G,GALL. CRIOLLITAS LACTEADAS 10X3X118G,DI,3.000,0.000,True,586.45,unidad,3,10,30,3,unidad,display,DISPLAY,3,10,10,1,display
no,precio_gev_desactualizado,20250512,0.0,9698,HUEVO TORTUGUITA  LECH POTE 30,HUEVO TORTUGUITA  LECH POTE 30,DI,30.000,1.000,True,631.75,unidad,30,12,360,30,unidad,display,DISPLAY,30,12,12,1,display
no,precio_gev_desactualizado,20250512,0.0,9726,HUEVO TORTUGUITA BCO POTE 30 *,HUEVO TORTUGUITA BCO POTE 30 *,DI,30.000,1.000,True,546.84,unidad,30,12,360,30,unidad,display,DISPLAY,30,12,12,1,display
no,precio_gev_desactualizado,20240617,0.0,9841,JUGOS BC NARANJA 16X18X9.7 GRS,JUGOS BC NARANJA 16X18X9.7 GRS,DI,18.000,1.000,True,519.25,unidad,18,16,288,18,unidad,display,DISPLAY,18,16,16,1,display
no,precio_gev_desactualizado,20240617,0.0,9842,JUGOS BC LIMONADA 16X18X9.3 GRS,JUGOS BC LIMONADA 16X18X9.3 GRS,DI,18.000,1.000,True,519.25,unidad,18,16,288,18,unidad,display,DISPLAY,18,16,16,1,display
no,precio_gev_desactualizado,20240617,0.0,9843,JUGOS BC MANGO-NAR 16X18X7.9 GR,JUGOS BC MANGO-NAR 16X18X7.9 GR,DI,18.000,1.000,True,519.25,unidad,18,16,288,18,unidad,display,DISPLAY,18,16,16,1,display
no,precio_gev_desactualizado,20240617,0.0,9844,JUGOS BC NAR. DULCE 16X18X9.5,JUGOS BC NAR. DULCE 16X18X9.5,DI,18.000,1.000,True,519.25,unidad,18,16,288,18,unidad,display,DISPLAY,18,16,16,1,display
no,precio_gev_desactualizado,20240617,0.0,9845,JUGOS BC PERA 16X18X7.8GR,JUGOS BC PERA 16X18X7.8GR,DI,18.000,0.000,True,308.39,unidad,18,16,288,18,unidad,display,DISPLAY,18,16,16,1,display
no,precio_gev_desactualizado,20240617,0.0,9846,JUGOS BC POM ROSADO 18 * 10.3,JUGOS BC POM ROSADO 18 * 10.3,DI,18.000,0.000,True,92.79,unidad,18,16,288,18,unidad,display,DISPLAY,18,16,16,1,display
no,precio_gev_desactualizado,20240617,0.0,9847,JUGOS BC MANZ ROJA 16X18X8.5,JUGOS BC MANZ ROJA 16X18X8.5,DI,18.000,0.000,True,586.23,unidad,18,16,288,18,unidad,display,DISPLAY,18,16,16,1,display
no,precio_gev_desactualizado,20250512,0.0,9875,HUEVO LEC DISNEY BAND 20 * 5 G,HUEVO LEC DISNEY BAND 20 * 5 G,DI,20.000,0.000,True,25.73,unidad,20,27,540,20,unidad,display,DISPLAY,20,27,27,1,display
no,precio_gev_desactualizado,20250512,0.0,9877,HUEVO BAÑ C/LECH DISNEY * 50 G,HUEVO BAÑ C/LECH DISNEY * 50 G,DI,1.000,0.000,True,55.38,unidad,,,24,1,unidad,display,DISPLAY,,24,24,1,display
no,precio_gev_desactualizado,20240520,0.0,9880,B.TOFF CHOKKO MINT 6X959G,B.TOFF CHOKKO MINT 6X959G,DI,137.000,0.000,True,220.54,unidad,137,6,822,137,unidad,display,DISPLAY,137,6,6,1,display
no,precio_gev_desactualizado,20250512,0.0,9948,LIEBRE ARCOR 6 * 50 GRS,LIEBRE ARCOR 6 * 50 GRS,DI,6.000,0.000,True,133.07,unidad,6,4,24,6,unidad,display,DISPLAY,6,4,4,1,display
no,precio_gev_desactualizado,20240617,0.0,9995,GALL. SALVADO BAGLEY FIB 12X3X214G,GALL. SALVADO BAGLEY FIB 12X3X214G,DI,3.000,1.000,True,173.7,unidad,3,12,36,3,unidad,display,DISPLAY,3,12,12,1,display
no,precio_gev_desactualizado,20231127,28.0,10589,CATALOGO ARCOR 14 (CARPETA),CATALOGO ARCOR 14 (CARPETA),DI,1.000,1.000,False,269.47,unidad,,,14,1,unidad,display,DISPLAY,,14,14,1,display
no,precio_gev_desactualizado,20231127,52.0,7436256,EXH MOSTRADOR 70 AÑOS,EXH MOSTRADOR 70 AÑOS,DI,1.000,0.000,False,0.09,unidad,,,20,1,unidad,display,DISPLAY,,20,20,1,display
no,precio_gev_desactualizado,20231127,59.0,7436258,EXH PIE CHICO A 70 A,EXH PIE CHICO A 70 A,DI,1.000,0.000,False,0.08,unidad,,,20,1,unidad,display,DISPLAY,,20,20,1,display
