product_code,nombre,umv_tipo,unidad_minima_de_venta,unidades_por_display,displays_por_bulto,unidades_por_bulto,descripcion_actual,descripcion_nueva
0102,SUGUS MAX ANANA 12X70X7.5g.,display,DISPLAY,70,12,12,Caramelo SUGUS MAX sabor ananá en formato de 12 paquetes de 70 gramos cada uno.,Se vende por display. Cada display trae 70 unidades. El bulto trae 12 displays. SUGUS MAX ANANA 12X70X7.5g.
0104,SUGUS MAX FRUTILLA 1,display,DISPLAY,70,12,12,Caramelo SUGUS MAX sabor frutilla en formato de 1 unidad.,Se vende por display. Cada display trae 70 unidades. El bulto trae 12 displays. SUGUS MAX FRUTILLA 1.
0105,SUGUS MAX TUT.FRUTTI 12X70X7.5,display,DISPLAY,70,12,12,Caramelo SUGUS MAX Tutti Frutti en formato de 12 paquetes de 70 gramos cada uno.,Se vende por display. Cada display trae 70 unidades. El bulto trae 12 displays. SUGUS MAX TUT.FRUTTI 12X70X7.5.
0560,SUGUS CONFITADO 30 X 50 Gr.,display,DISPLAY,,30,30,Caramelo SUGUS CONFITADO en formato de 30 bolsas de 50 gramos cada una.,Se vende por display. El bulto trae 30 displays. SUGUS CONFITADO 30 X 50 Gr.
0606,SUGUS PLEGADO FRUTALES 36X150G,display,DISPLAY,46,36,36,"Snack SUGUS PLEGADO FRUTALES en formato de 150g, presentado en caja de 36 unidades.",Se vende por display. Cada display trae 46 unidades. El bulto trae 36 displays. SUGUS PLEGADO FRUTALES 36X150G.
10006,CITOS BON O BON 12X14X40 G,display,DISPLAY,14,12,12,Snack Bon o Bon en formato de 12 unidades de 40 gramos cada una.,Se vende por display. Cada display trae 14 unidades. El bulto trae 12 displays. CITOS BON O BON 12X14X40 G.
1002,CEREAL MIX PASION CHOCOLATE 6x20x26G,unidad,UNIDAD,20,6,120,"Chocolates: CEREAL MIX PASION CHOCOLATE 6x20x26G, x120 unidades por bulto.",Se vende por unidad. El display trae 20 unidades. El bulto trae 6 displays (120 unidades). CEREAL MIX PASION CHOCOLATE 6x20x26G.
10044,MAST. ZOO SALVAJE 12X498 G,display,DISPLAY,151,12,12,Alimento MAST Zoo Salvaje en formato de 12 latas de 498 g cada una.,Se vende por display. Cada display trae 151 unidades. El bulto trae 12 displays. MAST. ZOO SALVAJE 12X498 G.
10055,CH. TL7 AQUA 36X16X,display,DISPLAY,16,36,36,Limpieza CH. TL7 AQUA 36X16X en formato de presentación de 36 unidades.,Se vende por display. Cada display trae 16 unidades. El bulto trae 36 displays. CH. TL7 AQUA 36X16X.
10056,"CH.TL7 AQUA LIMONAD,,",display,DISPLAY,16,36,36,"Bebida CH.TL7 AQUA LIMONAD en formato líquido, sabor limón.","Se vende por display. Cada display trae 16 unidades. El bulto trae 36 displays. CH.TL7 AQUA LIMONAD,,."
10057,MENTHO PLUS SIN AZUCAR STRONG 12x12x26.6G,display,DISPLAY,12,12,12,"Golosinas: MENTHO PLUS SIN AZUCAR STRONG 12x12x26.6G, x12 unidades por bulto.",Se vende por display. Cada display trae 12 unidades. El bulto trae 12 displays. MENTHO PLUS SIN AZUCAR STRONG 12x12x26.6G.
10061,CH.NG.MAX.T.F.-FLLA1,display,DISPLAY,80,18,18,Snack CH.NG.MAX.T.F. en formato de bolsa de 1 kg.,Se vende por display. Cada display trae 80 unidades. El bulto trae 18 displays. CH.NG.MAX.T.F.-FLLA1.
10068,CBOY.M.VIL.FAV.MTA.1,display,DISPLAY,120,18,18,Manteca CBOY en formato de 1 kg.,Se vende por display. Cada display trae 120 unidades. El bulto trae 18 displays. CBOY.M.VIL.FAV.MTA.1.
10071,CBOY.H.KITTY 13 T.FR,display,DISPLAY,120,18,18,Kit de herramientas CBOY.H.KITTY 13 T.FR para trabajos de bricolaje y mantenimiento.,Se vende por display. Cada display trae 120 unidades. El bulto trae 18 displays. CBOY.H.KITTY 13 T.FR.
10085,CH. TL7 X.MINT 88X4X14G,display,DISPLAY,4,88,88,"Chicle CH, formato TL7, sabor menta, presenta 88 unidades de 14 gramos cada una.",Se vende por display. Cada display trae 4 unidades. El bulto trae 88 displays. CH. TL7 X.MINT 88X4X14G.
10088,CH TL FUSION FRUTAL 30x20x6.7 G,display,DISPLAY,20,30,30,Snack CH TL FUSION FRUTAL en formato de 30 unidades de 20 gramos cada una.,Se vende por display. Cada display trae 20 unidades. El bulto trae 30 displays. CH TL FUSION FRUTAL 30x20x6.7 G.
10093,MR.POPS GLITTS 12 X,display,DISPLAY,50,12,12,Snack MR.POPS GLITTS en formato de 12 unidades.,Se vende por display. Cada display trae 50 unidades. El bulto trae 12 displays. MR.POPS GLITTS 12 X.
10110,MOGUL GRANEL 36 X 150 GR,display,DISPLAY,45,36,36,Snack MOGUL en formato granel de 36 paquetes de 150 gramos cada uno.,Se vende por display. Cada display trae 45 unidades. El bulto trae 36 displays. MOGUL GRANEL 36 X 150 GR.
10113,TAB.HAMLET WAY 12X21UN.X30GR,display,DISPLAY,21,12,12,Tabaco Hamlet Way en formato de 12 paquetes de 21 unidades de 30 gramos cada uno.,Se vende por display. Cada display trae 21 unidades. El bulto trae 12 displays. TAB.HAMLET WAY 12X21UN.X30GR.
10116,COPA COFLER SUPREME,unidad,BULTO,,,16,"Copa Cofler Supreme, producto de chocolate en formato de 30 gramos.",Se vende por bulto de 16 unidades. COPA COFLER SUPREME.
10117,COPA AGUILA CHOCOLAT,unidad,BULTO,,,16,"Copa, Aguila, chocolate, 30 gramos.",Se vende por bulto de 16 unidades. COPA AGUILA CHOCOLAT.
10118,COPA L.CAMP FRUTILLA,unidad,BULTO,16,,16,Copa L.Camp Frutilla es un postre en formato de copa con sabor a frutilla.,Se vende por bulto de 16 unidades. COPA L.CAMP FRUTILLA.
10119,CONO COFLER 3 14U X,display,DISPLAY,,14,14,"Cono Cofler 3, formato de 14 unidades, categoría de snacks.",Se vende por display. El bulto trae 14 displays. CONO COFLER 3 14U X.
10120,COFLER EXTRA MARROC,unidad,BULTO,22,,22,Snack COFLER EXTRA MARROC en formato de 200 gramos.,Se vende por bulto de 22 unidades. COFLER EXTRA MARROC.
10121,HELADO ALFAJOR NEGRO,unidad,BULTO,27,,27,"Helado alfajor negro de la marca X, presentado en formato de 500 ml.",Se vende por bulto de 27 unidades. HELADO ALFAJOR NEGRO.
10128,MENTHO PLUS MENTHOL 12X12X29.4G,display,DISPLAY,12,12,12,"Pastillas mentoladas marca Menthoplus, sabor menta, presentación de 12 unidades de 29.4 g.",Se vende por display. Cada display trae 12 unidades. El bulto trae 12 displays. MENTHO PLUS MENTHOL 12X12X29.4G.
10129,MENTHO PLUS CHERRY 12X12X29.4G,display,DISPLAY,12,12,12,"Caramelos Menthoplus sabor cereza, presentación de 12 unidades de 29.4 g cada una.",Se vende por display. Cada display trae 12 unidades. El bulto trae 12 displays. MENTHO PLUS CHERRY 12X12X29.4G.
10130,MENTHO PLUS STRONG 12X12X29.4G,display,DISPLAY,12,12,12,"Golosinas de línea Arcor: MENTHO PLUS STRONG 12X12X29.4G, presentación mayorista, x12 unidades por bulto.",Se vende por display. Cada display trae 12 unidades. El bulto trae 12 displays. MENTHO PLUS STRONG 12X12X29.4G.
10131,MENTHO PLUS MIEL 12X12X29.4G,display,DISPLAY,12,12,12,"Golosinas de línea Arcor: MENTHO PLUS MIEL 12X12X29.4G, presentación mayorista, x12 unidades por bulto.",Se vende por display. Cada display trae 12 unidades. El bulto trae 12 displays. MENTHO PLUS MIEL 12X12X29.4G.
10132,MENTHO PLUS MENTA 12X12X29.4G,display,DISPLAY,12,12,12,"Caramelos con mentol y pectina sabor menta, marca Menthoplus.",Se vende por display. Cada display trae 12 unidades. El bulto trae 12 displays. MENTHO PLUS MENTA 12X12X29.4G.
10141,JG.PV.BC.MANZ.VERDE.,display,DISPLAY,18,16,16,Bebida JG en formato de manzana verde.,Se vende por display. Cada display trae 18 unidades. El bulto trae 16 displays. JG.PV.BC.MANZ.VERDE.
10146,TAB.HAMLET ALMEN/MANI 8X21X45G,display,DISPLAY,21,8,8,Snack TAB.HAMLET Almen/Mani 8x21x45g en presentación de 45 gramos.,Se vende por display. Cada display trae 21 unidades. El bulto trae 8 displays. TAB.HAMLET ALMEN/MANI 8X21X45G.
10147,TAB.HAMLET LEC/COKIES 8X21X45G,display,DISPLAY,21,8,8,Galletas Hamlet en formato de 8 paquetes de 21 gramos cada uno.,Se vende por display. Cada display trae 21 unidades. El bulto trae 8 displays. TAB.HAMLET LEC/COKIES 8X21X45G.
10148,TAB.HAMLET CHOCOLATOS.8X21X43G,display,DISPLAY,21,8,8,Chocolate TAB.HAMLET en formato de 8 unidades de 43 gramos cada una.,Se vende por display. Cada display trae 21 unidades. El bulto trae 8 displays. TAB.HAMLET CHOCOLATOS.8X21X43G.
10149,TAB.HAMLET BCO/COOKIE 8X21X48G,display,DISPLAY,21,8,8,Galleta Hamlet blanca en formato de 8 unidades de 48 gramos cada una.,Se vende por display. Cada display trae 21 unidades. El bulto trae 8 displays. TAB.HAMLET BCO/COOKIE 8X21X48G.
10150,TAB.HAMLET YOGHU.FRUT.8X21X43G,display,DISPLAY,21,8,8,Yogur frutal Hamlet en formato de 8 unidades de 43 gramos cada una.,Se vende por display. Cada display trae 21 unidades. El bulto trae 8 displays. TAB.HAMLET YOGHU.FRUT.8X21X43G.
10153,COMB.JARRA.JUG.ARC.3,display,DISPLAY,12,30,30,"Jarra de jugo Arc de 3 litros, marca COMB, ideal para servir bebidas.",Se vende por display. Cada display trae 12 unidades. El bulto trae 30 displays. COMB.JARRA.JUG.ARC.3.
10157,JUG.PV.BC.MANDARINA.16X18X9GR,display,DISPLAY,18,16,16,"Jugo de mandarina, marca PV, formato de 16 unidades de 18 gramos cada una.",Se vende por display. Cada display trae 18 unidades. El bulto trae 16 displays. JUG.PV.BC.MANDARINA.16X18X9GR.
10160,MR.POP.EVOLUTION FRT,display,DISPLAY,38,6,6,Snack MR.POP.EVOLUTION FRT en formato de bolsa.,Se vende por display. Cada display trae 38 unidades. El bulto trae 6 displays. MR.POP.EVOLUTION FRT.
10163,GOMAS MOGUL ORE.NAR,display,DISPLAY,200,4,4,Goma Mogul Ore.Nar en formato de bolsa de 200 gramos.,Se vende por display. Cada display trae 200 unidades. El bulto trae 4 displays. GOMAS MOGUL ORE.NAR.
10178,MOGUL ANILLOS 4 X 1K,display,DISPLAY,172,4,4,Snack MOGUL Anillos en formato de 4 paquetes de 1 kilogramo cada uno.,Se vende por display. Cada display trae 172 unidades. El bulto trae 4 displays. MOGUL ANILLOS 4 X 1K.
10183,MOGUL PARTY ANIMALS,display,DISPLAY,12,12,12,Snack MOGUL PARTY ANIMALS en formato de bolsa.,Se vende por display. Cada display trae 12 unidades. El bulto trae 12 displays. MOGUL PARTY ANIMALS.
10197,B.TOFFEES BON O BON 36X150G,display,DISPLAY,21,36,36,"Caramelo B.TOFFEES BON O BON en formato de 150g, presentado en caja de 36 unidades.",Se vende por display. Cada display trae 21 unidades. El bulto trae 36 displays. B.TOFFEES BON O BON 36X150G.
10199,RUMBA BANANA SPLIT 1,display,DISPLAY,,12,12,Bebida Rumba Banana Split en formato 1 litro.,Se vende por display. El bulto trae 12 displays. RUMBA BANANA SPLIT 1.
10204,CRIOLLITAS POR 3 ORIGINAL 22X3X100G,display,DISPLAY,,22,22,"Galletas y Snacks: CRIOLLITAS POR 3 ORIGINAL 22X3X100G, x22 unidades por bulto.",Se vende por display. El bulto trae 22 displays. CRIOLLITAS POR 3 ORIGINAL 22X3X100G.
10224,HEL CORAZÓN BARBIE -,unidad,BULTO,24,,24,Helado Corazón Barbie en formato de 1 litro.,Se vende por bulto de 24 unidades. HEL CORAZÓN BARBIE -.
10230,CH.TL MICRO7 MENTA 2,display,DISPLAY,12,12,12,Chicle CH.TL MICRO7 MENTA 2 en formato de 7 unidades.,Se vende por display. Cada display trae 12 unidades. El bulto trae 12 displays. CH.TL MICRO7 MENTA 2.
10231,CH TL MICRO7 FLLA. 2,display,DISPLAY,12,12,12,Flecha CH TL MICRO7 FLLA. 2 es un producto de la categoría de herramientas.,Se vende por display. Cada display trae 12 unidades. El bulto trae 12 displays. CH TL MICRO7 FLLA. 2.
10234,CHUP.C/JUG.H.KITTY.8,display,DISPLAY,10,8,8,Chupete de la marca Kitty en formato de kit de 8 unidades.,Se vende por display. Cada display trae 10 unidades. El bulto trae 8 displays. CHUP.C/JUG.H.KITTY.8.
10235,CHUP.C/JUG.BEN10.8X1,display,DISPLAY,10,8,8,"Chupete de juguete Ben 10, formato 8x1.",Se vende por display. Cada display trae 10 unidades. El bulto trae 8 displays. CHUP.C/JUG.BEN10.8X1.
10243,CH. GREENMINT 12X12X24G,display,DISPLAY,12,12,12,Snack CH. GREENMINT en formato de 12 unidades de 24 gramos cada una.,Se vende por display. Cada display trae 12 unidades. El bulto trae 12 displays. CH. GREENMINT 12X12X24G.
10245,CH. TL CONF.DEFENSE,display,DISPLAY,12,12,12,Confite CH. TL CONF.DEFENSE en formato de 250 gramos.,Se vende por display. Cada display trae 12 unidades. El bulto trae 12 displays. CH. TL CONF.DEFENSE.
10246,CH. TL CONF.SANDÃ?A 2,display,DISPLAY,6,24,24,"Confite de sandía CH, presentado en formato de 2 unidades.",Se vende por display. Cada display trae 6 unidades. El bulto trae 24 displays. CH. TL CONF.SANDÃ?A 2.
10248,LOTSA FIZZ SUPER.12X,display,DISPLAY,48,12,12,Bebida LOTSA FIZZ SUPER en formato de 12 unidades.,Se vende por display. Cada display trae 48 unidades. El bulto trae 12 displays. LOTSA FIZZ SUPER.12X.
10270,ALF.SER DDL/CHOC 28X3X47G,display,DISPLAY,3,28,28,Snack ALF.SER DDL/CHOC en formato de 28 unidades de 47 gramos cada una.,Se vende por display. Cada display trae 3 unidades. El bulto trae 28 displays. ALF.SER DDL/CHOC 28X3X47G.
10274,LIEBRE AGUILA D OR 4,display,DISPLAY,6,4,4,Vino LIEBRE AGUILA D OR 4 en botella de 750 ml.,Se vende por display. Cada display trae 6 unidades. El bulto trae 4 displays. LIEBRE AGUILA D OR 4.
10280,MR.P.SUP.FTAL.SPACEB,display,DISPLAY,14,12,12,Supresor de ftalatos MR.P en formato de 500 ml.,Se vende por display. Cada display trae 14 unidades. El bulto trae 12 displays. MR.P.SUP.FTAL.SPACEB.
10282,MOGUL MICKEY 12 X 12,display,DISPLAY,12,12,12,Snack MOGUL MICKEY en formato 12 x 12 unidades.,Se vende por display. Cada display trae 12 unidades. El bulto trae 12 displays. MOGUL MICKEY 12 X 12.
10288,BARRA SER FRUT/CHO 6X20X28 G,display,DISPLAY,20,6,6,"Barra, Ser Frut/Cho, formato 6x20x28 g.",Se vende por display. Cada display trae 20 unidades. El bulto trae 6 displays. BARRA SER FRUT/CHO 6X20X28 G.
10289,BARRA SER DURAZNO 6X,display,DISPLAY,20,6,6,Barra Ser Durazno 6x es un snack de fruta en formato de barra.,Se vende por display. Cada display trae 20 unidades. El bulto trae 6 displays. BARRA SER DURAZNO 6X.
10297,FORMIS VAI/FRUT 12X3X108G,display,DISPLAY,,12,12,Snack FORMIS VAI/FRUT en formato de 12 paquetes de 3 unidades de 108 gramos cada uno.,Se vende por display. El bulto trae 12 displays. FORMIS VAI/FRUT 12X3X108G.
10298,FORMIS VAI/CHOC 12X3X108G,display,DISPLAY,,12,12,Snack FORMIS VAI/CHOC en formato de 12 paquetes de 3 unidades de 108 gramos cada uno.,Se vende por display. El bulto trae 12 displays. FORMIS VAI/CHOC 12X3X108G.
10299,FORMIS CHOC/DDL 12X3,display,DISPLAY,,12,12,Snack FORMIS de chocolate y dulce de leche en formato de 12 unidades de 3 gramos.,Se vende por display. El bulto trae 12 displays. FORMIS CHOC/DDL 12X3.
10301,KETCHUP LC COMUN 24X250G,unidad,UNIDAD,,,24,"Alimentos y Almacén: KETCHUP LC COMUN 24X250G, x24 unidades por bulto.",Se vende por unidad. El bulto trae 24 unidades. No viene en display. KETCHUP LC COMUN 24X250G.
10302,KETCHUP LC PICANTE 24x250G,unidad,UNIDAD,,,24,"Alimentos y Almacén: KETCHUP LC PICANTE 24x250G, x24 unidades por bulto.",Se vende por unidad. El bulto trae 24 unidades. No viene en display. KETCHUP LC PICANTE 24x250G.
10304,CHIC.H.KITTY T.FRUTT,display,DISPLAY,12,6,6,Snack CHIC.H.KITTY T.FRUTT en formato de bolsa.,Se vende por display. Cada display trae 12 unidades. El bulto trae 6 displays. CHIC.H.KITTY T.FRUTT.
10314,TENTACION MOUSSE CHO 24X113G,display,DISPLAY,,24,24,"Mousse de chocolate TENTACION en formato de 113g, presentado en caja de 24 unidades.",Se vende por display. El bulto trae 24 displays. TENTACION MOUSSE CHO 24X113G.
10323,MIX CRISTALES 6X935G,display,DISPLAY,179,6,6,MIX CRISTALES 6X935G es un producto de la categoría de alimentos en formato de 935 gramos.,Se vende por display. Cada display trae 179 unidades. El bulto trae 6 displays. MIX CRISTALES 6X935G.
10331,BOM BOB ANIVER. POTE,display,DISPLAY,12,24,24,Snack BOM BOB ANIVER en pote de 200 gramos.,Se vende por display. Cada display trae 12 unidades. El bulto trae 24 displays. BOM BOB ANIVER. POTE.
10332,CHOC. MINI COFLER 12,display,DISPLAY,20,12,12,Snack CHOC. MINI COFLER en formato de 12 unidades.,Se vende por display. Cada display trae 20 unidades. El bulto trae 12 displays. CHOC. MINI COFLER 12.
10336,AIREADO COFLER LECHE 8x20x27G,unidad,UNIDAD,20,8,160,"Chocolates de línea Arcor: AIREADO COFLER LECHE 8x20x27G, presentación mayorista, x160 unidades por bulto.",Se vende por unidad. El display trae 20 unidades. El bulto trae 8 displays (160 unidades). AIREADO COFLER LECHE 8x20x27G.
10340,AIREADO COFLER LECHE 8x10x55G,unidad,UNIDAD,10,8,80,"Chocolates de línea Arcor: AIREADO COFLER LECHE 8x10x55G, presentación mayorista, x80 unidades por bulto.",Se vende por unidad. El display trae 10 unidades. El bulto trae 8 displays (80 unidades). AIREADO COFLER LECHE 8x10x55G.
10341,AIREADO COFLER BLANCO 8x10x55G,unidad,UNIDAD,10,8,80,"Chocolates de línea Arcor: AIREADO COFLER BLANCO 8x10x55G, presentación mayorista, x80 unidades por bulto.",Se vende por unidad. El display trae 10 unidades. El bulto trae 8 displays (80 unidades). AIREADO COFLER BLANCO 8x10x55G.
10343,AIREADO COFLER ALMENDRAS 8x10x55G,unidad,UNIDAD,10,8,80,"Chocolates de línea Arcor: AIREADO COFLER ALMENDRAS 8x10x55G, presentación mayorista, x80 unidades por bulto.",Se vende por unidad. El display trae 10 unidades. El bulto trae 8 displays (80 unidades). AIREADO COFLER ALMENDRAS 8x10x55G.
10344,AIREADO COFLER LECHE 4x12x100G,unidad,UNIDAD,12,4,48,"Chocolates de línea Arcor: AIREADO COFLER LECHE 4x12x100G, presentación mayorista, x48 unidades por bulto.",Se vende por unidad. El display trae 12 unidades. El bulto trae 4 displays (48 unidades). AIREADO COFLER LECHE 4x12x100G.
10345,AIREADO COFLER BLANCO 4x12x100G,unidad,UNIDAD,12,4,48,"Chocolates de línea Arcor: AIREADO COFLER BLANCO 4x12x100G, presentación mayorista, x48 unidades por bulto.",Se vende por unidad. El display trae 12 unidades. El bulto trae 4 displays (48 unidades). AIREADO COFLER BLANCO 4x12x100G.
10347,AIREADO COFLER ALMENDRAS 4x12x100G,unidad,UNIDAD,12,4,48,"Chocolates de línea Arcor: AIREADO COFLER ALMENDRAS 4x12x100G, presentación mayorista, x48 unidades por bulto.",Se vende por unidad. El display trae 12 unidades. El bulto trae 4 displays (48 unidades). AIREADO COFLER ALMENDRAS 4x12x100G.
10348,COFLER LECHE 12x10x55G,unidad,UNIDAD,10,12,120,"Chocolates de línea Arcor: COFLER LECHE 12x10x55G, presentación mayorista, x120 unidades por bulto.",Se vende por unidad. El display trae 10 unidades. El bulto trae 12 displays (120 unidades). COFLER LECHE 12x10x55G.
10350,COFLER ALMENDRAS 12x10x55G,unidad,UNIDAD,10,12,120,"Chocolates de línea Arcor: COFLER ALMENDRAS 12x10x55G, presentación mayorista, x120 unidades por bulto.",Se vende por unidad. El display trae 10 unidades. El bulto trae 12 displays (120 unidades). COFLER ALMENDRAS 12x10x55G.
10352,COFLER ROCKLETS LECHE 12x10x55G,unidad,UNIDAD,10,12,120,"Chocolates de línea Arcor: COFLER ROCKLETS LECHE 12x10x55G, presentación mayorista, x120 unidades por bulto.",Se vende por unidad. El display trae 10 unidades. El bulto trae 12 displays (120 unidades). COFLER ROCKLETS LECHE 12x10x55G.
10353,COFLER BLANCO CHOCOLINAS 12x10x55G,unidad,UNIDAD,10,12,120,"Chocolates de línea Arcor: COFLER BLANCO CHOCOLINAS 12x10x55G, presentación mayorista, x120 unidades por bulto.",Se vende por unidad. El display trae 10 unidades. El bulto trae 12 displays (120 unidades). COFLER BLANCO CHOCOLINAS 12x10x55G.
10377,TABL CHOC. LEC M.HIG,display,DISPLAY,40,20,20,Chocolate leche marca M. Hig en formato de tabletas.,Se vende por display. Cada display trae 40 unidades. El bulto trae 20 displays. TABL CHOC. LEC M.HIG.
10387,TAB BÑO.REP TOYS MUN,display,DISPLAY,40,20,20,"Baño, Rep. Toys Mun, formato de 250 ml.",Se vende por display. Cada display trae 40 unidades. El bulto trae 20 displays. TAB BÑO.REP TOYS MUN.
10388,CHO. C/LEC TOYS MUND,display,DISPLAY,30,12,12,Juguete CHO. C/LEC TOYS MUND para entretenimiento infantil y desarrollo de habilidades motoras.,Se vende por display. Cada display trae 30 unidades. El bulto trae 12 displays. CHO. C/LEC TOYS MUND.
10393,BOB SNACK 12X10X60G,display,DISPLAY,10,12,12,"Snack BOB en formato de 60 gramos, presentado en caja de 12 unidades.",Se vende por display. Cada display trae 10 unidades. El bulto trae 12 displays. BOB SNACK 12X10X60G.
10397,PELOTITA MUNDIAL8X45,display,DISPLAY,45,8,8,"Pelotita Mundial 8x45, producto de juguete para entretenimiento y actividades recreativas.",Se vende por display. Cada display trae 45 unidades. El bulto trae 8 displays. PELOTITA MUNDIAL8X45.
10398,PELOTA TOYS MUNDIAL,display,DISPLAY,12,8,8,"Pelota, Toys Mundial, tamaño estándar, fabricada en material sintético, adecuada para juegos al aire libre.",Se vende por display. Cada display trae 12 unidades. El bulto trae 8 displays. PELOTA TOYS MUNDIAL.
10417,GOMITA MOGUL MUNDIAL,display,DISPLAY,12,12,12,Gomita Mogul Mundial en formato de gomitas de frutas.,Se vende por display. Cada display trae 12 unidades. El bulto trae 12 displays. GOMITA MOGUL MUNDIAL.
10418,POTE GOM MOGUL MUNDI,display,DISPLAY,250,4,4,"Pote de goma Mogul Mundi, formato de 200 gramos.",Se vende por display. Cada display trae 250 unidades. El bulto trae 4 displays. POTE GOM MOGUL MUNDI.
1042,CARAMELO BOCADITO HOLANDA 24X50U,display,DISPLAY,50,24,24,"Chocolates de línea Arcor: CARAMELO BOCADITO HOLANDA 24X50U, presentación mayorista, x24 unidades por bulto.",Se vende por display. Cada display trae 50 unidades. El bulto trae 24 displays. CARAMELO BOCADITO HOLANDA 24X50U.
10424,CH. TOPLINE MISTERY,display,DISPLAY,20,30,30,Bebida CH. TOPLINE MISTERY en formato de 500 ml.,Se vende por display. Cada display trae 20 unidades. El bulto trae 30 displays. CH. TOPLINE MISTERY.
10425,TOPLINE SEVEN VIOLET 36X16X14G,display,DISPLAY,16,36,36,"Chicle sin azúcar sabor cereza violeta, marca Topline, presentación en caja de 16 unidades.",Se vende por display. Cada display trae 16 unidades. El bulto trae 36 displays. TOPLINE SEVEN VIOLET 36X16X14G.
10426,CH. ACONCAGUA 12X12X,display,DISPLAY,12,12,12,Ladrillo CH Aconcagua 12x12 para construcción y revestimiento en obras.,Se vende por display. Cada display trae 12 unidades. El bulto trae 12 displays. CH. ACONCAGUA 12X12X.
10431,CH. WINTERMINT 12X12,display,DISPLAY,12,12,12,Chicle CH. WINTERMINT en formato de 12 unidades por 12 gramos cada uno.,Se vende por display. Cada display trae 12 unidades. El bulto trae 12 displays. CH. WINTERMINT 12X12.
10432,MOGUL MANDARINAS 6 X,display,DISPLAY,108,6,6,Mandarinas MOGUL en formato de 6 unidades.,Se vende por display. Cada display trae 108 unidades. El bulto trae 6 displays. MOGUL MANDARINAS 6 X.
10443,CHI.T.FRUT.LIC1.18X1,display,DISPLAY,120,18,18,Licor de frutas CHI.T en formato de 1 litro.,Se vende por display. Cada display trae 120 unidades. El bulto trae 18 displays. CHI.T.FRUT.LIC1.18X1.
10447,CHI NGUMX MONSTER H,display,DISPLAY,80,18,18,Bebida CHI NGUMX MONSTER H en formato de lata de 500 ml.,Se vende por display. Cada display trae 80 unidades. El bulto trae 18 displays. CHI NGUMX MONSTER H.
10463,CHI.NGUM.MX.MUNDIAL1,display,DISPLAY,80,18,18,Chicle CHI.NGUM.MX.MUNDIAL1 en formato de 30 unidades por paquete.,Se vende por display. Cada display trae 80 unidades. El bulto trae 18 displays. CHI.NGUM.MX.MUNDIAL1.
10480,MR. POPS EVOLUTION P,display,DISPLAY,24,12,12,Snack MR. POPS EVOLUTION P en presentación de bolsa de 100 gramos.,Se vende por display. Cada display trae 24 unidades. El bulto trae 12 displays. MR. POPS EVOLUTION P.
10483,MR. POPS 47 STREET 1,display,DISPLAY,50,12,12,Snack MR. POPS 47 STREET en formato de bolsa.,Se vende por display. Cada display trae 50 unidades. El bulto trae 12 displays. MR. POPS 47 STREET 1.
10490,SLICE FRUT C/TROZ FR,unidad,BULTO,,,30,"Snack, SLICE FRUT, con trozos de fruta en formato de bolsa.",Se vende por bulto de 30 unidades. SLICE FRUT C/TROZ FR.
10491,MOGUL DUO CON JUGO 3,unidad,BULTO,,,30,Bebida MOGUL DUO CON JUGO 3 en formato de 1 litro.,Se vende por bulto de 30 unidades. MOGUL DUO CON JUGO 3.
10492,PALITO BUTTER TOFEES,unidad,BULTO,,,24,Snack Palito Butter Toffees en presentación de bolsa.,Se vende por bulto de 24 unidades. PALITO BUTTER TOFEES.
10494,BARRA HELADA ARCOR 1,display,DISPLAY,,12,12,Barra helada Arcor en formato de 1 unidad.,Se vende por display. El bulto trae 12 displays. BARRA HELADA ARCOR 1.
10496,POSTRE TOFI 12 X 637G,display,DISPLAY,,12,12,Postre Tofi en formato de 12 unidades de 637 gramos cada una.,Se vende por display. El bulto trae 12 displays. POSTRE TOFI 12 X 637G.
10497,POSTRES AGUILA 12X637G,display,DISPLAY,,12,12,"Postres, Águila, formato 12x637g.",Se vende por display. El bulto trae 12 displays. POSTRES AGUILA 12X637G.
10498,BALDE CHOCOTORTA 8X8,display,DISPLAY,,8,8,"Balde Chocotorta 8x8 de marca Chocotorta, contiene porciones listas para servir.",Se vende por display. El bulto trae 8 displays. BALDE CHOCOTORTA 8X8.
10512,MERMELADA FRUTILLA L 12X454GR,display,DISPLAY,,12,12,"Mermelada de frutilla, marca no especificada, formato de 454 gramos, presentación de 12 unidades.",Se vende por display. El bulto trae 12 displays. MERMELADA FRUTILLA L 12X454GR.
10525,MERM ARANDANO BC 12X390 G,display,DISPLAY,,12,12,"Mermelada de arándano MERM, formato de 390 g, presentada en caja de 12 unidades.",Se vende por display. El bulto trae 12 displays. MERM ARANDANO BC 12X390 G.
10532,MASTICABLE MOGUL POTE 6X700G,display,DISPLAY,212,6,6,Masticable Mogul en pote de 6x700g.,Se vende por display. Cada display trae 212 unidades. El bulto trae 6 displays. MASTICABLE MOGUL POTE 6X700G.
10543,BOM BOB LEC. ANIV.LA,display,DISPLAY,8,24,24,Bebida BOM BOB LEC. ANIV.LA en formato de lata.,Se vende por display. Cada display trae 8 unidades. El bulto trae 24 displays. BOM BOB LEC. ANIV.LA.
10544,B TOFF CHO BCO 6X959G,display,DISPLAY,137,6,6,Snack B Toff chocolate blanco en formato de 6 unidades de 959 gramos.,Se vende por display. Cada display trae 137 unidades. El bulto trae 6 displays. B TOFF CHO BCO 6X959G.
10545,HVO.TOY KIDS NENA 8X,display,DISPLAY,12,8,8,"Juguete HVO.TOY KIDS NENA 8X para niños, diseñado para el entretenimiento y la creatividad.",Se vende por display. Cada display trae 12 unidades. El bulto trae 8 displays. HVO.TOY KIDS NENA 8X.
10546,HVO.TOY KIDS NENE 8X,display,DISPLAY,12,8,8,"Juguete HVO.TOY KIDS NENE 8X para niños, diseñado para el entretenimiento y desarrollo infantil.",Se vende por display. Cada display trae 12 unidades. El bulto trae 8 displays. HVO.TOY KIDS NENE 8X.
10549,CHOC C/LEC TOYS NENE,display,DISPLAY,30,12,12,Snack CHOC C/LEC TOYS NENE en formato de 100 gramos.,Se vende por display. Cada display trae 30 unidades. El bulto trae 12 displays. CHOC C/LEC TOYS NENE.
10550,CHOC C/LEC TOYS NENA,display,DISPLAY,30,12,12,Snack CHOC C/LEC TOYS NENA en formato de chocolate con leche.,Se vende por display. Cada display trae 30 unidades. El bulto trae 12 displays. CHOC C/LEC TOYS NENA.
10559,PALITO BOB MIX 24X51,unidad,BULTO,,,24,Snack Palito Bob Mix en formato de 24 unidades de 51 gramos cada una.,Se vende por bulto de 24 unidades. PALITO BOB MIX 24X51.
10574,CAR.MP RELL.MIEL 12X,display,DISPLAY,12,12,12,Relleno de miel CAR.MP en formato de 12 unidades.,Se vende por display. Cada display trae 12 unidades. El bulto trae 12 displays. CAR.MP RELL.MIEL 12X.
10575,GOMITAS MOGUL MUNDIA,display,DISPLAY,250,6,6,Gomitas Mogul Mundia en presentación de bolsa de 200 gramos.,Se vende por display. Cada display trae 250 unidades. El bulto trae 6 displays. GOMITAS MOGUL MUNDIA.
10577,CAR.MP COFLER 12X12X,display,DISPLAY,12,12,12,"Cofler, producto de confitería, presentado en formato de 12 unidades por 12 gramos.",Se vende por display. Cada display trae 12 unidades. El bulto trae 12 displays. CAR.MP COFLER 12X12X.
10579,PALITO CINDOR 30X60,unidad,BULTO,,,30,Snack Palito Cindor en formato 30x60 gramos.,Se vende por bulto de 30 unidades. PALITO CINDOR 30X60.
10580,COFLER FRUTILLA 22X6,unidad,BULTO,22,,22,Snack COFLER sabor frutilla en formato de 22 unidades de 6 gramos cada una.,Se vende por bulto de 22 unidades. COFLER FRUTILLA 22X6.
10588,MOGUL 50 % FRUTAS 12X12X25 GRS,display,DISPLAY,12,12,12,"Snack MOGUL 50% frutas en formato de 25 gramos, presentado en caja de 12 unidades.",Se vende por display. Cada display trae 12 unidades. El bulto trae 12 displays. MOGUL 50 % FRUTAS 12X12X25 GRS.
10592,MANI C/CHO.COFLER BL,display,DISPLAY,,48,48,Snack Mani con Chocolate Cofler en formato de bolsa.,Se vende por display. El bulto trae 48 displays. MANI C/CHO.COFLER BL.
10594,TOMATE CUBETEADO LC 2x12x400G,unidad,UNIDAD,,,24,"Alimentos y Almacén: TOMATE CUBETEADO LC 2x12x400G, x24 unidades por bulto.",Se vende por unidad. El bulto trae 24 unidades. No viene en display. TOMATE CUBETEADO LC 2x12x400G.
10600,BEBIDA BC MULTIFRUTA 12x1L,display,DISPLAY,,12,12,"Bebidas de línea Arcor: BEBIDA BC MULTIFRUTA 12x1L, presentación mayorista, x12 unidades por bulto.",Se vende por display. El bulto trae 12 displays. BEBIDA BC MULTIFRUTA 12x1L.
10603,BEBIDA BC NARANJA 12x1L,display,DISPLAY,,12,12,"Bebidas de línea Arcor: BEBIDA BC NARANJA 12x1L, presentación mayorista, x12 unidades por bulto.",Se vende por display. El bulto trae 12 displays. BEBIDA BC NARANJA 12x1L.
10604,BEBIDA BC MANZANA 12x1L,unidad,UNIDAD,,,12,"Bebidas de línea Arcor: BEBIDA BC MANZANA 12x1L, presentación mayorista, x12 unidades por bulto.",Se vende por unidad. El bulto trae 12 unidades. No viene en display. BEBIDA BC MANZANA 12x1L.
10606,BEBIDA BC MULTIFRUTA 24x200ML,display,DISPLAY,,24,24,"Bebidas de línea Arcor: BEBIDA BC MULTIFRUTA 24x200ML, presentación mayorista, x24 unidades por bulto.",Se vende por display. El bulto trae 24 displays. BEBIDA BC MULTIFRUTA 24x200ML.
10610,BEBIDA BC MANZANA 24x200ML,display,DISPLAY,,24,24,"Bebidas de línea Arcor: BEBIDA BC MANZANA 24x200ML, presentación mayorista, x24 unidades por bulto.",Se vende por display. El bulto trae 24 displays. BEBIDA BC MANZANA 24x200ML.
10613,ALF.TATIN BLANCO 20X6X33G,display,DISPLAY,6,20,20,Snack ALF.TATIN BLANCO en formato de 20 unidades de 6 gramos cada una.,Se vende por display. Cada display trae 6 unidades. El bulto trae 20 displays. ALF.TATIN BLANCO 20X6X33G.
10614,MR.P.SUP.FTAL.MINI R,display,DISPLAY,10,12,12,Supresor de ftalatos MR.P en formato mini.,Se vende por display. Cada display trae 10 unidades. El bulto trae 12 displays. MR.P.SUP.FTAL.MINI R.
10629,CHUP.POPS.ADRIANA.10,display,DISPLAY,50,10,10,Chupetines Chup Pops Adriana en formato de 10 unidades.,Se vende por display. Cada display trae 50 unidades. El bulto trae 10 displays. CHUP.POPS.ADRIANA.10.
10636,JG.PV.ARCOR.NARANJA. 12X18X20 GR,display,DISPLAY,18,12,12,Bebida Arcor Naranja en formato de 12 unidades de 20 gramos cada una.,Se vende por display. Cada display trae 18 unidades. El bulto trae 12 displays. JG.PV.ARCOR.NARANJA. 12X18X20 GR.
10637,JG.PV.ARCOR.MANZANA. 12X18X20 G,display,DISPLAY,18,12,12,"Snack Arcor sabor manzana, formato 12x18x20 g.",Se vende por display. Cada display trae 18 unidades. El bulto trae 12 displays. JG.PV.ARCOR.MANZANA. 12X18X20 G.
10638,JG.PV.ARCOR.MULTIFR. 12X18X20 G,display,DISPLAY,18,12,12,Multifuncional Arcor en formato 12x18x20 g.,Se vende por display. Cada display trae 18 unidades. El bulto trae 12 displays. JG.PV.ARCOR.MULTIFR. 12X18X20 G.
10639,JG.PV.ARCOR.NAR.DUR. 12X18X20 GR,display,DISPLAY,18,12,12,"Snack Arcor de naranja en formato de 20 gramos, presentado en caja de 12 unidades.",Se vende por display. Cada display trae 18 unidades. El bulto trae 12 displays. JG.PV.ARCOR.NAR.DUR. 12X18X20 GR.
10640,JG.PV.ARCOR.LIMONADA 12X18X20 GR,display,DISPLAY,18,12,12,"Bebida JG.PV.ARCOR.LIMONADA en formato de 20 gramos, presentación de 12 unidades por caja.",Se vende por display. Cada display trae 18 unidades. El bulto trae 12 displays. JG.PV.ARCOR.LIMONADA 12X18X20 GR.
10641,JG.PV.ARCOR.ANANA.12X18X20 GR,display,DISPLAY,18,12,12,"Snack Arcor de ananá en formato de 20 gramos, presentado en caja de 12 unidades.",Se vende por display. Cada display trae 18 unidades. El bulto trae 12 displays. JG.PV.ARCOR.ANANA.12X18X20 GR.
10642,JG.PV.ARCOR.NAR.BAN. 12X18X20 GR,display,DISPLAY,18,12,12,"Snack Arcor de naranja y banana en formato de 20 gramos, presentación de 12 unidades.",Se vende por display. Cada display trae 18 unidades. El bulto trae 12 displays. JG.PV.ARCOR.NAR.BAN. 12X18X20 GR.
10643,JG.PV.ARCOR.NAR.DUL. 12X18X20 GR,display,DISPLAY,18,12,12,"Snack Arcor de naranja, formato 20 gramos, presentado en caja de 12 unidades.",Se vende por display. Cada display trae 18 unidades. El bulto trae 12 displays. JG.PV.ARCOR.NAR.DUL. 12X18X20 GR.
10654,POSTRE BOB REGULAR 2,display,DISPLAY,,20,20,Postre BOB Regular 2 en formato de 2 unidades.,Se vende por display. El bulto trae 20 displays. POSTRE BOB REGULAR 2.
10657,CHUP.MR P.CALAV.12X5,display,DISPLAY,50,12,12,"Chupetín Mr. Calavera, presentación de 12 unidades de 5 gramos cada uno.",Se vende por display. Cada display trae 50 unidades. El bulto trae 12 displays. CHUP.MR P.CALAV.12X5.
10669,JG.PV.ARCOR.PERA.12X18X20 GR,display,DISPLAY,18,12,12,"Snack Arcor pera en formato de 20 gramos, presentado en caja de 12 unidades.",Se vende por display. Cada display trae 18 unidades. El bulto trae 12 displays. JG.PV.ARCOR.PERA.12X18X20 GR.
10673,CARAM MAST FRUTALES 10X880G,display,DISPLAY,266,10,10,Caramelos Mast Frutales en formato de 10 bolsas de 880 gramos cada una.,Se vende por display. Cada display trae 266 unidades. El bulto trae 10 displays. CARAM MAST FRUTALES 10X880G.
10674,MOGUL CONFI BERRIES,display,DISPLAY,12,12,12,Snack MOGUL CONFI BERRIES en formato de bolsa.,Se vende por display. Cada display trae 12 unidades. El bulto trae 12 displays. MOGUL CONFI BERRIES.
10679,CEREAL+YOG.ADORNO NA,display,DISPLAY,,24,24,"Cereal, marca CEREAL+YOG, formato adorno, combinación de cereales y yogur.",Se vende por display. El bulto trae 24 displays. CEREAL+YOG.ADORNO NA.
10687,MAST. MOGUL OFERTA 1,display,DISPLAY,233,16,16,Mogul Oferta 1 de MAST es un producto de categoría oferta en formato estándar.,Se vende por display. Cada display trae 233 unidades. El bulto trae 16 displays. MAST. MOGUL OFERTA 1.
10691,MENTA CRISTAL6X900G-,display,DISPLAY,173,6,6,"Menta, Cristal, formato 6x900g.",Se vende por display. Cada display trae 173 unidades. El bulto trae 6 displays. MENTA CRISTAL6X900G-.
10693,MOGUL BOMBON DE FRUTA 12x500G,display,DISPLAY,70,12,12,"Bombón de fruta sabor tropical, marca Mogul, presentado en bolsa de 500 gramos.",Se vende por display. Cada display trae 70 unidades. El bulto trae 12 displays. MOGUL BOMBON DE FRUTA 12x500G.
10695,BOM.BON-O-BON LECHE 30 unidades,display,DISPLAY,30,12,12,Snack BOM.BON-O-BON LECHE en presentación de 30 unidades.,Se vende por display. Cada display trae 30 unidades. El bulto trae 12 displays. BOM.BON-O-BON LECHE 30 unidades.
10696,BOM.BON-O-BON LECHE,display,DISPLAY,18,16,16,Snack BOM.BON-O-BON LECHE en formato de 100 gramos.,Se vende por display. Cada display trae 18 unidades. El bulto trae 16 displays. BOM.BON-O-BON LECHE.
10697,BOM. BON-O-BON LECx7,display,DISPLAY,7,24,24,Snack Bon-o-Bon en formato de 7 unidades.,Se vende por display. Cada display trae 7 unidades. El bulto trae 24 displays. BOM. BON-O-BON LECx7.
10698,BOM. BON O BON MIX 1,display,DISPLAY,30,12,12,Snack BOM Bon o Bon Mix 1 en formato de mezcla de chocolates y galletas.,Se vende por display. Cada display trae 30 unidades. El bulto trae 12 displays. BOM. BON O BON MIX 1.
10699,BOM. BON O BON MIX 1,display,DISPLAY,18,16,16,Snack BOM Bon o Bon Mix 1 en presentación de 200 gramos.,Se vende por display. Cada display trae 18 unidades. El bulto trae 16 displays. BOM. BON O BON MIX 1.
10701,BONOBON BLANCOX30,display,DISPLAY,30,12,12,Snack Bonobón Blanco en formato de 30 unidades.,Se vende por display. Cada display trae 30 unidades. El bulto trae 12 displays. BONOBON BLANCOX30.
10702,BONOBON BLANCOX18,display,DISPLAY,18,16,16,Snack Bonobón Blanco en formato de 18 unidades.,Se vende por display. Cada display trae 18 unidades. El bulto trae 16 displays. BONOBON BLANCOX18.
10704,CHICLE TOPLINE ROLLI,unidad,BULTO,144,8,1152,Chicle Topline Rolli en formato de rollo.,Se vende por bulto de 1152 unidades. CHICLE TOPLINE ROLLI.
10711,HVO.COFRE JAKE Y LP,display,DISPLAY,10,12,12,Cofre HVO.COFRE JAKE Y LP contiene productos de la marca HVO en formato cofre.,Se vende por display. Cada display trae 10 unidades. El bulto trae 12 displays. HVO.COFRE JAKE Y LP.
10712,BOMBOM CHOCOLATE BOB,display,DISPLAY,30,12,12,Bombón chocolate Bob en formato de 100 gramos.,Se vende por display. Cada display trae 30 unidades. El bulto trae 12 displays. BOMBOM CHOCOLATE BOB.
10718,BOB LECH.LT DI12X30,display,DISPLAY,30,12,12,"Leche BOB en formato litro, presentada en envase de 12 unidades de 30 ml cada una.",Se vende por display. Cada display trae 30 unidades. El bulto trae 12 displays. BOB LECH.LT DI12X30.
10734,GOMITAS MOGUL MICKEY,display,DISPLAY,142,6,6,"Gomitas Mogul Mickey en formato de 100 gramos, con sabor a frutas y forma de personajes.",Se vende por display. Cada display trae 142 unidades. El bulto trae 6 displays. GOMITAS MOGUL MICKEY.
10736,BUT.TOF.AGUILA 6X959,display,DISPLAY,137,6,6,Snack BUT.TOF.AGUILA en formato de 6 unidades de 959 gramos.,Se vende por display. Cada display trae 137 unidades. El bulto trae 6 displays. BUT.TOF.AGUILA 6X959.
10738,BOC.BUT.TOFFEES. 16X24X16.5G,display,DISPLAY,24,16,16,Snack BOC But Toffees en formato de 16 unidades de 24 gramos cada una.,Se vende por display. Cada display trae 24 unidades. El bulto trae 16 displays. BOC.BUT.TOFFEES. 16X24X16.5G.
10747,MOGUL FRUTILLA Y CREMA 6x500G,display,DISPLAY,,6,6,"Golosinas: MOGUL FRUTILLA Y CREMA 6x500G, x6 unidades por bulto.",Se vende por display. El bulto trae 6 displays. MOGUL FRUTILLA Y CREMA 6x500G.
10775,TORT BCA YOG/FRUTI 1,display,DISPLAY,24,12,12,"Tortilla BCA Yogur Frutilla 1, producto de la categoría Tortilla.",Se vende por display. Cada display trae 24 unidades. El bulto trae 12 displays. TORT BCA YOG/FRUTI 1.
10778,OBLEA RELLENA T.KIDS,display,DISPLAY,30,12,12,Oblea rellena T.Kids en formato de 100 gramos.,Se vende por display. Cada display trae 30 unidades. El bulto trae 12 displays. OBLEA RELLENA T.KIDS.
10785,MR.P.NVO.MIX FTAL 12,display,DISPLAY,50,12,12,Mezcla de frutos secos MR.P en formato de 12 unidades.,Se vende por display. Cada display trae 50 unidades. El bulto trae 12 displays. MR.P.NVO.MIX FTAL 12.
10792,SALSA CHOCOLATE AGUILA 20X320G,unidad,UNIDAD,,,20,"Alimentos y Almacén: SALSA CHOCOLATE AGUILA 20X320G, x20 unidades por bulto.",Se vende por unidad. El bulto trae 20 unidades. No viene en display. SALSA CHOCOLATE AGUILA 20X320G.
10798,AGUILA MEDALLON DE MENTA 24x15x14G,display,DISPLAY,15,24,24,"Medallones de chocolate amargo rellenos con menta, marca Águila, presentación en caja.",Se vende por display. Cada display trae 15 unidades. El bulto trae 24 displays. AGUILA MEDALLON DE MENTA 24x15x14G.
10804,CH. OUTLET CITRUS 30,display,DISPLAY,20,30,30,Bebida CH. OUTLET CITRUS 30 en formato de 30 litros.,Se vende por display. Cada display trae 20 unidades. El bulto trae 30 displays. CH. OUTLET CITRUS 30.
10808,CH. TL NF MELON 12X1,display,DISPLAY,12,12,12,Bebida CH. TL NF MELON en formato de 12 unidades de 1 litro cada una.,Se vende por display. Cada display trae 12 unidades. El bulto trae 12 displays. CH. TL NF MELON 12X1.
10810,CH TL NF FRAMBUESA 1,display,DISPLAY,12,12,12,Bebida CH TL NF Frambuesa 1 en formato de un litro.,Se vende por display. Cada display trae 12 unidades. El bulto trae 12 displays. CH TL NF FRAMBUESA 1.
10811,CH. CRAZY TUTTI 30X2,display,DISPLAY,20,30,30,Snack CH. CRAZY TUTTI en formato de 30 unidades de 2 gramos cada una.,Se vende por display. Cada display trae 20 unidades. El bulto trae 30 displays. CH. CRAZY TUTTI 30X2.
10818,BOM. CHO SURT.COFL 1,display,DISPLAY,20,12,12,Snack BOM en formato surtido de cofre de 1 unidad.,Se vende por display. Cada display trae 20 unidades. El bulto trae 12 displays. BOM. CHO SURT.COFL 1.
10819,BOMBON BOB LEC.LT DIS.16X288G,display,DISPLAY,18,16,16,"Bombón Bob leche, formato de 288 gramos, presentado en caja de 16 unidades.",Se vende por display. Cada display trae 18 unidades. El bulto trae 16 displays. BOMBON BOB LEC.LT DIS.16X288G.
10820,BOMBON COFLER BLOCK 15X20X18 G,display,DISPLAY,20,15,15,Bombón Cofler Block 15x20x18 g.,Se vende por display. Cada display trae 20 unidades. El bulto trae 15 displays. BOMBON COFLER BLOCK 15X20X18 G.
10826,HVO.STAR WARS DOYPAC,display,DISPLAY,,21,21,"Doypack HVO Star Wars, envase flexible para productos alimenticios.",Se vende por display. El bulto trae 21 displays. HVO.STAR WARS DOYPAC.
10827,VASO.CONT.HVO.DISNEY,display,DISPLAY,,12,12,"Vaso de Disney, formato contenedor, ideal para bebidas frías y calientes.",Se vende por display. El bulto trae 12 displays. VASO.CONT.HVO.DISNEY.
10828,TLINE MTA 30X20X6.7G,display,DISPLAY,20,30,30,"TLINE MTA, producto en formato de 30x20x6.7 gramos, categoría de materiales técnicos.",Se vende por display. Cada display trae 20 unidades. El bulto trae 30 displays. TLINE MTA 30X20X6.7G.
10830,"CAR.BC SURTIDO 6X418,6 G",display,DISPLAY,161,6,6,"Surtido de galletitas CAR.BC en formato de 6 paquetes de 418,6 gramos cada uno.","Se vende por display. Cada display trae 161 unidades. El bulto trae 6 displays. CAR.BC SURTIDO 6X418,6 G."
10834,PALITO HEL MOGUL C/J,unidad,BULTO,,,30,Palito Hel Mogul C/J es un helado en formato de palito.,Se vende por bulto de 30 unidades. PALITO HEL MOGUL C/J.
10835,PALITO COFLER FRUTIL,unidad,BULTO,,,22,Snack Palito Cofler Frutil en presentación de 100 gramos.,Se vende por bulto de 22 unidades. PALITO COFLER FRUTIL.
10836,BOMBONCITO COFLER AM 12U.X200G,unidad,BULTO,,,12,Bombón Cofler AM 12 unidades en formato de 200 gramos.,Se vende por bulto de 12 unidades. BOMBONCITO COFLER AM 12U.X200G.
10837,PALITO HELADO MINION,unidad,BULTO,,,30,"Palito helado Minion en formato individual, sabor a frutas, ideal para niños.",Se vende por bulto de 30 unidades. PALITO HELADO MINION.
10839,HEL COFLER BLOCK 22X,display,DISPLAY,,22,22,Cofler Block 22X es un chocolate en bloque de la marca HEL.,Se vende por display. El bulto trae 22 displays. HEL COFLER BLOCK 22X.
10845,MPLUS.CHRRY12X12X30.,display,DISPLAY,12,12,12,Bebida MPLUS Cherry en formato de 12 latas de 30 cm.,Se vende por display. Cada display trae 12 unidades. El bulto trae 12 displays. MPLUS.CHRRY12X12X30.
10846,MPLUS.STRNG12X12X30.,display,DISPLAY,12,12,12,Snack MPLUS en formato 12x12x30.,Se vende por display. Cada display trae 12 unidades. El bulto trae 12 displays. MPLUS.STRNG12X12X30.
10847,MPLUS.EXH.KIOSCO C 6,display,DISPLAY,2,6,6,Kiosco MPLUS.EXH.KIOSCO C 6 en formato de 6 unidades.,Se vende por display. Cada display trae 2 unidades. El bulto trae 6 displays. MPLUS.EXH.KIOSCO C 6.
10850,OBL.RELL.BAÑADA OPER,display,DISPLAY,20,8,8,Bebida OBL.RELL.BAÑADA OPER en formato de 500 ml.,Se vende por display. Cada display trae 20 unidades. El bulto trae 8 displays. OBL.RELL.BAÑADA OPER.
10854,MOGUL CONITOS 4X1KG,display,DISPLAY,500,4,4,"Conitos MOGUL en formato de 4x1kg, producto de confitería para compartir.",Se vende por display. Cada display trae 500 unidades. El bulto trae 4 displays. MOGUL CONITOS 4X1KG.
10857,MORAS MOGUL 12X500G EN POTES,display,DISPLAY,70,12,12,"Moras Mogul en potes de 500g, presentadas en caja de 12 unidades.",Se vende por display. Cada display trae 70 unidades. El bulto trae 12 displays. MORAS MOGUL 12X500G EN POTES.
10864,BC NARANJ/DURAZ (AL5,display,DISPLAY,,24,24,Bebida BC NARANJ/DURAZ en formato AL5.,Se vende por display. El bulto trae 24 displays. BC NARANJ/DURAZ (AL5.
10871,SALADIX SNACK CHEDAR 20X90G,display,DISPLAY,,20,20,"Snack Saladix Cheddar en formato de 90g, presentado en caja de 20 unidades.",Se vende por display. El bulto trae 20 displays. SALADIX SNACK CHEDAR 20X90G.
10872,SALADIX SNACK BARBAC 20X90G,display,DISPLAY,,20,20,"Snack Saladix Barbac en formato de 90g, presentado en caja de 20 unidades.",Se vende por display. El bulto trae 20 displays. SALADIX SNACK BARBAC 20X90G.
10876,SALADIX STICKS 20X10,display,DISPLAY,,20,20,Snack Saladix Sticks en formato de 20 unidades de 10 gramos cada una.,Se vende por display. El bulto trae 20 displays. SALADIX STICKS 20X10.
10880,ALKA CHERRY 10X800G,display,DISPLAY,400,10,10,"Bebida Alka Cherry en formato de 800g, presentado en caja de 10 unidades.",Se vende por display. Cada display trae 400 unidades. El bulto trae 10 displays. ALKA CHERRY 10X800G.
10881,ALKA CHERRY 24X200G,display,DISPLAY,100,24,24,"Bebida Alka Cherry en formato de 200g, presentado en caja de 24 unidades.",Se vende por display. Cada display trae 100 unidades. El bulto trae 24 displays. ALKA CHERRY 24X200G.
10882,ALKA MENTA 10X800G,display,DISPLAY,400,10,10,"Bebida Alka Menta en formato de 800g, presentada en pack de 10 unidades.",Se vende por display. Cada display trae 400 unidades. El bulto trae 10 displays. ALKA MENTA 10X800G.
10883,ALKA STRONG 10X800G,display,DISPLAY,400,10,10,Limpieza ALKA STRONG en formato de 10 bolsas de 800 gramos cada una.,Se vende por display. Cada display trae 400 unidades. El bulto trae 10 displays. ALKA STRONG 10X800G.
10884,ALKA ACIDO SDO 10X80,display,DISPLAY,400,10,10,Bebida efervescente Alka Ácido SDO en formato de 10 sobres de 80 gramos cada uno.,Se vende por display. Cada display trae 400 unidades. El bulto trae 10 displays. ALKA ACIDO SDO 10X80.
10885,CARAMELO GAJITOS 12x485G,display,DISPLAY,69,12,12,"Golosinas de línea Arcor: CARAMELO GAJITOS 12x485G, presentación mayorista, x12 unidades por bulto.",Se vende por display. Cada display trae 69 unidades. El bulto trae 12 displays. CARAMELO GAJITOS 12x485G.
10886,GAJITOS 36X150 G,display,DISPLAY,21,36,36,"Snack GAJITOS en formato de 150 g, presentado en caja de 36 unidades.",Se vende por display. Cada display trae 21 unidades. El bulto trae 36 displays. GAJITOS 36X150 G.
10890,COPOS DE MAIZ 44X150,display,DISPLAY,,44,44,Cereal COPOS DE MAIZ en formato 44x150 gramos.,Se vende por display. El bulto trae 44 displays. COPOS DE MAIZ 44X150.
10891,COPOS DE MAIZ 22X360,display,DISPLAY,,22,22,Cereal COPOS DE MAIZ en formato 22x360 gramos.,Se vende por display. El bulto trae 22 displays. COPOS DE MAIZ 22X360.
10892,COPOS MAIZ AZUCARADO 230 GR BOLSA,display,DISPLAY,,40,40,"Cereal, Copos de Maíz Azucarado, 230 g, bolsa.",Se vende por display. El bulto trae 40 displays. COPOS MAIZ AZUCARADO 230 GR BOLSA.
10893,COPOS MAIZ AZUCARADO 420 GR CAJA,display,DISPLAY,,16,16,"Cereal COPOS MAIZ AZUCARADO 420 GR CAJA, elaborado a base de maíz y azúcar.",Se vende por display. El bulto trae 16 displays. COPOS MAIZ AZUCARADO 420 GR CAJA.
10899,ALF.ARROZ SER LIMON,display,DISPLAY,3,36,36,"Arroz, ALF, formato SER, sabor limón.",Se vende por display. Cada display trae 3 unidades. El bulto trae 36 displays. ALF.ARROZ SER LIMON.
10900,ALF.ARROZ SER DDL 36,display,DISPLAY,3,36,36,Arroz Ser DDL en formato de 36 unidades.,Se vende por display. Cada display trae 3 unidades. El bulto trae 36 displays. ALF.ARROZ SER DDL 36.
10901,ALF.ARROZ CER.MIX DD,display,DISPLAY,3,36,36,"Arroz, ALF, mezcla de cereales, formato DD.",Se vende por display. Cada display trae 3 unidades. El bulto trae 36 displays. ALF.ARROZ CER.MIX DD.
10918,TOPLINE SEVEN SANDIA 36x16x14.7G,display,DISPLAY,16,36,36,"Chicle sabor sandía, marca Topline Seven, formato de 14.7 g.",Se vende por display. Cada display trae 16 unidades. El bulto trae 36 displays. TOPLINE SEVEN SANDIA 36x16x14.7G.
10920,CH.TL.RLLING ARVENSI,display,DISPLAY,12,12,12,Rollo de papel CH.TL.RLLING ARVENSI para uso en diversas aplicaciones industriales.,Se vende por display. Cada display trae 12 unidades. El bulto trae 12 displays. CH.TL.RLLING ARVENSI.
10930,MOGUL 50 % FRUTA 24 X 70 GRS,display,DISPLAY,35,24,24,"Snack MOGUL 50% fruta en formato de 70 gramos, presentado en caja de 24 unidades.",Se vende por display. Cada display trae 35 unidades. El bulto trae 24 displays. MOGUL 50 % FRUTA 24 X 70 GRS.
10932,B.TOF.AGUILA 6X959G+,display,DISPLAY,137,6,6,Bebida B.TOF.AGUILA en formato de 6 envases de 959 gramos cada uno.,Se vende por display. Cada display trae 137 unidades. El bulto trae 6 displays. B.TOF.AGUILA 6X959G+.
10933,MIX CARAMELO+CHUPETI,display,DISPLAY,106,12,12,Snack MIX CARAMELO+CHUPETI en presentación de bolsa.,Se vende por display. Cada display trae 106 unidades. El bulto trae 12 displays. MIX CARAMELO+CHUPETI.
10934,MAST.MOGUL HW 16X700,display,DISPLAY,212,16,16,Mogul HW 16X700 es un snack de goma de mascar en formato de 700 gramos.,Se vende por display. Cada display trae 212 unidades. El bulto trae 16 displays. MAST.MOGUL HW 16X700.
10937,MAST.MOGUL CARAMELER,display,DISPLAY,212,16,16,Snack MAST.MOGUL CARAMELER en formato de bolsa.,Se vende por display. Cada display trae 212 unidades. El bulto trae 16 displays. MAST.MOGUL CARAMELER.
10947,BOMBONCITO COFLER DD 12X200G,unidad,BULTO,,,12,"Bombón Cofler DD 12x200g, presentación en caja con 12 unidades de 200 gramos cada una.",Se vende por bulto de 12 unidades. BOMBONCITO COFLER DD 12X200G.
10948,PAN DULCE LATA 4X600,display,DISPLAY,,4,4,"Pan dulce Lata 4x600 de la marca no especificada, presentado en formato de lata.",Se vende por display. El bulto trae 4 displays. PAN DULCE LATA 4X600.
10951,CEREAL YOGURTEADO 30,display,DISPLAY,,30,30,Cereal Yogurteado 30 es un producto de desayuno en formato de 500 gramos.,Se vende por display. El bulto trae 30 displays. CEREAL YOGURTEADO 30.
10954,CAR.LOTSA FIZZ. HW12,display,DISPLAY,100,12,12,Bebida CAR.LOTSA FIZZ en formato HW12.,Se vende por display. Cada display trae 100 unidades. El bulto trae 12 displays. CAR.LOTSA FIZZ. HW12.
10973,P.DULCE LATA C/ALM.4,display,DISPLAY,,4,4,"Snack P.DULCE en lata con almendras, formato de 4 unidades.",Se vende por display. El bulto trae 4 displays. P.DULCE LATA C/ALM.4.
10985,CARAMELERA ARCOR X6U,display,DISPLAY,6,6,6,Caramelera Arcor x6u contiene una variedad de caramelos en un formato de seis unidades.,Se vende por display. Cada display trae 6 unidades. El bulto trae 6 displays. CARAMELERA ARCOR X6U.
10995,HUEVO BÑO REPOS FROZ,display,DISPLAY,,24,24,Huevo Bño Repos Froz en formato congelado para uso en la industria alimentaria.,Se vende por display. El bulto trae 24 displays. HUEVO BÑO REPOS FROZ.
11011,ROCKLETS-MOGUL CONF.,display,DISPLAY,18,9,9,Snack ROCKLETS-MOGUL CONF en presentación de 100 gramos.,Se vende por display. Cada display trae 18 unidades. El bulto trae 9 displays. ROCKLETS-MOGUL CONF.
11013,OBLEA BONOBON LECHE XL 8X16X45G,unidad,UNIDAD,16,8,128,"Chocolates: OBLEA BONOBON LECHE XL 8X16X45G, x128 unidades por bulto.",Se vende por unidad. El display trae 16 unidades. El bulto trae 8 displays (128 unidades). OBLEA BONOBON LECHE XL 8X16X45G.
11020,OBLEA BOB MINI 12X10X60G,display,DISPLAY,10,12,12,"Oblea Bob Mini 12x10x60g, producto de confitería en formato mini.",Se vende por display. Cada display trae 10 unidades. El bulto trae 12 displays. OBLEA BOB MINI 12X10X60G.
11023,TABL. TORTUG LEC/BCO,display,DISPLAY,18,12,12,Tabla Tortuga Leche/Biscocho.,Se vende por display. Cada display trae 18 unidades. El bulto trae 12 displays. TABL. TORTUG LEC/BCO.
11028,COFLER BLOCK MANI CON CHOCOLATE 60X40G,unidad,UNIDAD,,,60,"Chocolates: COFLER BLOCK MANI CON CHOCOLATE 60X40G, x60 unidades por bulto.",Se vende por unidad. El bulto trae 60 unidades. No viene en display. COFLER BLOCK MANI CON CHOCOLATE 60X40G.
11032,VASO HVO.STAR WARS 1,display,DISPLAY,7,12,12,"Vaso HVO Star Wars 1 de plástico, diseño temático de la franquicia Star Wars.",Se vende por display. Cada display trae 7 unidades. El bulto trae 12 displays. VASO HVO.STAR WARS 1.
11033,CHIC MIGLOBS MANDAR,display,DISPLAY,50,36,36,Snack Chic Miglobs Mandar en presentación de 100 gramos.,Se vende por display. Cada display trae 50 unidades. El bulto trae 36 displays. CHIC MIGLOBS MANDAR.
11034,CHIC MIGLOBS MANZAN,display,DISPLAY,50,36,36,Snack Chic Miglobs Manzan en formato de bolsa.,Se vende por display. Cada display trae 50 unidades. El bulto trae 36 displays. CHIC MIGLOBS MANZAN.
1104,CARAMELO CREMINO SURTIDO 6X940G,display,DISPLAY,160,6,6,"Golosinas de línea Arcor: CARAMELO CREMINO SURTIDO 6X940G, presentación mayorista, x6 unidades por bulto.",Se vende por display. Cada display trae 160 unidades. El bulto trae 6 displays. CARAMELO CREMINO SURTIDO 6X940G.
11074,GALLETAS ROCKLET 30X118G,unidad,UNIDAD,,,30,"Galletas y Snacks: GALLETAS ROCKLET 30X118G, x30 unidades por bulto.",Se vende por unidad. El bulto trae 30 unidades. No viene en display. GALLETAS ROCKLET 30X118G.
11090,MENTHO PLUS ACIDOS MANZANA 12X12X28G,display,DISPLAY,12,12,12,"Caramelo ácido sabor manzana, marca Mentho Plus, presentación de 12 unidades de 28g.",Se vende por display. Cada display trae 12 unidades. El bulto trae 12 displays. MENTHO PLUS ACIDOS MANZANA 12X12X28G.
11124,BOMBONCITOS BON O BO 12X180G,display,DISPLAY,,12,12,"Bomboncitos Bon o Bon 12x180g, producto de confitería en formato de 180 gramos.",Se vende por display. El bulto trae 12 displays. BOMBONCITOS BON O BO 12X180G.
11189,MOG.MURCIE.HW2016 -1,display,DISPLAY,12,12,12,MURCIÉLAGO HW2016 -1 es un accesorio de hardware para aplicaciones tecnológicas.,Se vende por display. Cada display trae 12 unidades. El bulto trae 12 displays. MOG.MURCIE.HW2016 -1.
11190,MOG.COLMIL.HW 2016 -,display,DISPLAY,12,12,12,"Colmillo de MOG, formato HW 2016.",Se vende por display. Cada display trae 12 unidades. El bulto trae 12 displays. MOG.COLMIL.HW 2016 -.
11192,MOG.SAPITOS.HW2016 -,display,DISPLAY,12,12,12,Snack MOG Sapitos HW2016 en presentación de bolsa.,Se vende por display. Cada display trae 12 unidades. El bulto trae 12 displays. MOG.SAPITOS.HW2016 -.
11193,MAST.MOGUL HW2016 -,display,DISPLAY,212,16,16,Mogul HW2016 es un producto de la categoría MAST en formato específico.,Se vende por display. Cada display trae 212 unidades. El bulto trae 16 displays. MAST.MOGUL HW2016 -.
11194,MAST.HUESOS HW 2016,display,DISPLAY,242,10,10,"Huesos MAST, formato HW 2016, para uso en alimentación animal.",Se vende por display. Cada display trae 242 unidades. El bulto trae 10 displays. MAST.HUESOS HW 2016.
11195,RODAJAS NARANJA Y MA,display,DISPLAY,12,12,12,"Snack Rodajas Naranja y Ma, presentación en bolsa de 100 gramos.",Se vende por display. Cada display trae 12 unidades. El bulto trae 12 displays. RODAJAS NARANJA Y MA.
11202,MPLUS.CMIX BERRIES12,display,DISPLAY,14,12,12,Snack MPLUS.CMIX BERRIES12 en formato de mezcla de frutos rojos.,Se vende por display. Cada display trae 14 unidades. El bulto trae 12 displays. MPLUS.CMIX BERRIES12.
11203,MPLUS.CMIX.FRUTILLA1,display,DISPLAY,14,12,12,Bebida Mplus en formato de mezcla de frutilla.,Se vende por display. Cada display trae 14 unidades. El bulto trae 12 displays. MPLUS.CMIX.FRUTILLA1.
11206,MOGUL OJITOS 4X1KG (,display,DISPLAY,212,4,4,Snack MOGUL OJITOS en formato 4x1kg.,Se vende por display. Cada display trae 212 unidades. El bulto trae 4 displays. MOGUL OJITOS 4X1KG (.
11207,MOGUL ARAÑITAS 4X1KG,display,DISPLAY,91,4,4,Snack MOGUL ARAÑITAS en formato de 4 paquetes de 1 kg cada uno.,Se vende por display. Cada display trae 91 unidades. El bulto trae 4 displays. MOGUL ARAÑITAS 4X1KG.
11208,MANO PEDIGÃoEÑA HA201,display,DISPLAY,,12,12,Mano Pedigüeña HA201 es un producto de limpieza en formato líquido.,Se vende por display. El bulto trae 12 displays. MANO PEDIGÃoEÑA HA201.
11209,CALABAZA MOGUL 12X40,display,DISPLAY,,12,12,"Calabaza Mogul en formato 12x40, utilizada para diversas preparaciones culinarias.",Se vende por display. El bulto trae 12 displays. CALABAZA MOGUL 12X40.
11214,MOGUL MINI GUSANITOS,display,DISPLAY,12,12,12,Snack MOGUL MINI GUSANITOS en formato de bolsa de 50 gramos.,Se vende por display. Cada display trae 12 unidades. El bulto trae 12 displays. MOGUL MINI GUSANITOS.
11215,MP.EXH.PLASTIC KIOSC,display,DISPLAY,2,6,6,Kiosco de plástico MP.EXH en formato estándar para exhibición de productos.,Se vende por display. Cada display trae 2 unidades. El bulto trae 6 displays. MP.EXH.PLASTIC KIOSC.
11216,CH.TLINE.N.FRUITS EX,unidad,BULTO,12,4,48,Snack CH.TLINE.N.FRUITS EX en formato de bolsa.,Se vende por bulto de 48 unidades. CH.TLINE.N.FRUITS EX.
11222,CHUP.SURT.EVOL.BLODY,display,DISPLAY,24,12,12,Chupete surtido Evolución Bloody en formato de 100 gramos.,Se vende por display. Cada display trae 24 unidades. El bulto trae 12 displays. CHUP.SURT.EVOL.BLODY.
11239,ARCOR CREMA AMERICAN 20X70G,unidad,BULTO,,,20,Crema ARCOR American en formato de 20 sachets de 70 gramos cada uno.,Se vende por bulto de 20 unidades. ARCOR CREMA AMERICAN 20X70G.
11240,HELADO GELATO COFLER DULCE 6X450CC,display,DISPLAY,,6,6,"Helados: HELADO GELATO COFLER DULCE 6X450CC, x6 unidades por bulto.",Se vende por display. El bulto trae 6 displays. HELADO GELATO COFLER DULCE 6X450CC.
11241,CHUP.EVOL.FEST.12X24,display,DISPLAY,24,12,12,Chupetín Evolución Fest en formato de 12 unidades por 24 gramos cada uno.,Se vende por display. Cada display trae 24 unidades. El bulto trae 12 displays. CHUP.EVOL.FEST.12X24.
11246,BEB.LIMONADA.TRAD.12X500 ML,display,DISPLAY,,12,12,"Bebida Limonada Tradicional, formato 12x500 ml.",Se vende por display. El bulto trae 12 displays. BEB.LIMONADA.TRAD.12X500 ML.
11248,BEB.LIMONA.MEN.JEN.BC 12X500 ML,display,DISPLAY,,12,12,"Bebida Limón Men Jen en botella de 500 ml, presentación de 12 unidades.",Se vende por display. El bulto trae 12 displays. BEB.LIMONA.MEN.JEN.BC 12X500 ML.
11249,BEB.LIMONADA.FRU.ROJO BC 12X1L,display,DISPLAY,,12,12,"Bebida, Limonada Frutal Roja BC, formato de 12 botellas de 1 litro cada una.",Se vende por display. El bulto trae 12 displays. BEB.LIMONADA.FRU.ROJO BC 12X1L.
11250,BEB.LIMONAD.MEN.JENG 12X1L,display,DISPLAY,,12,12,"Bebida, Men, limón y jengibre, formato 12x1L.",Se vende por display. El bulto trae 12 displays. BEB.LIMONAD.MEN.JENG 12X1L.
11265,HELADO PALITO BOMBON 30UX60CC,unidad,BULTO,30,,30,"Helados de línea Arcor: HELADO PALITO BOMBON 30UX60CC, presentación mayorista.",Se vende por bulto de 30 unidades. HELADO PALITO BOMBON 30UX60CC.
11269,BON O BON LECH.POTE,display,DISPLAY,45,12,12,Snack Bon o Bon en pote de 200 gramos.,Se vende por display. Cada display trae 45 unidades. El bulto trae 12 displays. BON O BON LECH.POTE.
11275,DISP.MAST.MOG. SURTI,display,DISPLAY,212,12,12,Dispensador Master MOG Surti para la distribución de productos en puntos de venta.,Se vende por display. Cada display trae 212 unidades. El bulto trae 12 displays. DISP.MAST.MOG. SURTI.
11278,MORITAS FIESTAS MOGU,display,DISPLAY,,21,21,Snack MORITAS FIESTAS MOGU en formato de bolsa.,Se vende por display. El bulto trae 21 displays. MORITAS FIESTAS MOGU.
11283,COFLER BLOCK 8X12X110G,display,DISPLAY,12,8,8,"Chocolate con leche Cofler Block, formato de 110g, pack de 8 unidades.",Se vende por display. Cada display trae 12 unidades. El bulto trae 8 displays. COFLER BLOCK 8X12X110G.
11284,CHICL.HALLOWE.T-FRU.,display,DISPLAY,100,18,18,Chicle Halloween T-Fru en formato de 100 gramos.,Se vende por display. Cada display trae 100 unidades. El bulto trae 18 displays. CHICL.HALLOWE.T-FRU.
11294,MOGUL GUSANIT.4X1KG-,display,DISPLAY,166,4,4,Snack MOGUL GUSANIT en formato de 4 bolsas de 1 kg cada una.,Se vende por display. Cada display trae 166 unidades. El bulto trae 4 displays. MOGUL GUSANIT.4X1KG-.
11316,HELADO PALITO ROCKLETS 16X51G,unidad,BULTO,16,16,256,"Helados de línea Arcor: HELADO PALITO ROCKLETS 16X51G, presentación mayorista.",Se vende por bulto de 256 unidades. HELADO PALITO ROCKLETS 16X51G.
11318,HELADO COFLER ALMENDRAS 16X80CC,unidad,BULTO,16,16,256,"Helados de línea Arcor: HELADO COFLER ALMENDRAS 16X80CC, presentación mayorista.",Se vende por bulto de 256 unidades. HELADO COFLER ALMENDRAS 16X80CC.
11328,HELADO COFLER BLOCK 16X63G,unidad,BULTO,16,16,256,"Helados de línea Arcor: HELADO COFLER BLOCK 16X63G, presentación mayorista.",Se vende por bulto de 256 unidades. HELADO COFLER BLOCK 16X63G.
11330,HELADO SLICE FRUTILLA 22X70CC,unidad,BULTO,22,22,484,"Helados de línea Arcor: HELADO SLICE FRUTILLA 22X70CC, presentación mayorista.",Se vende por bulto de 484 unidades. HELADO SLICE FRUTILLA 22X70CC.
11331,HELADO SLICE LIMON 22X70CC,unidad,BULTO,22,,22,"Helados de línea Arcor: HELADO SLICE LIMON 22X70CC, presentación mayorista.",Se vende por bulto de 22 unidades. HELADO SLICE LIMON 22X70CC.
11339,FANTA HELADO 16X75G,unidad,BULTO,16,,16,Helado Fanta en formato de 16 unidades de 75 gramos cada una.,Se vende por bulto de 16 unidades. FANTA HELADO 16X75G.
11341,PALITO CINDOR 24X60G,unidad,BULTO,24,30,720,Snack Palito Cindor en formato de 24 unidades de 60 gramos cada una.,Se vende por bulto de 720 unidades. PALITO CINDOR 24X60G.
11346,HELADO BARRITA AGUILA POR 8 12x8x34G,display,DISPLAY,8,12,12,"Helados: HELADO BARRITA AGUILA POR 8 12x8x34G, x12 unidades por bulto.",Se vende por display. Cada display trae 8 unidades. El bulto trae 12 displays. HELADO BARRITA AGUILA POR 8 12x8x34G.
11347,PALITO CINDOR 12DX6UX60G,display,DISPLAY,6,12,12,"Snack Palito Cindor, formato 60g, presentado en caja de 12 unidades.",Se vende por display. Cada display trae 6 unidades. El bulto trae 12 displays. PALITO CINDOR 12DX6UX60G.
11554,MENTHO PLUS CAFE LATTE 12x12x28G,display,DISPLAY,12,12,12,"Golosinas: MENTHO PLUS CAFE LATTE 12x12x28G, x12 unidades por bulto.",Se vende por display. Cada display trae 12 unidades. El bulto trae 12 displays. MENTHO PLUS CAFE LATTE 12x12x28G.
11555,CAR BUTTER TOF. DDL 12X12X8UN,display,DISPLAY,12,12,12,"Manteca para automóviles TOF, formato de 12 unidades de 12x8 cm.",Se vende por display. Cada display trae 12 unidades. El bulto trae 12 displays. CAR BUTTER TOF. DDL 12X12X8UN.
11561,BT.YOGHURT FTOS ROJO 6X822 GRS,display,DISPLAY,137,6,6,Yogur BT en formato de 6 unidades de 822 gramos con sabor a frutos rojos.,Se vende por display. Cada display trae 137 unidades. El bulto trae 6 displays. BT.YOGHURT FTOS ROJO 6X822 GRS.
11562,CAR.CREAMIX DCE.LECHE 12X465 G,display,DISPLAY,89,12,12,"Crema CAR.CREAMIX DCE.LECHE en formato de 465 g, presentada en caja de 12 unidades.",Se vende por display. Cada display trae 89 unidades. El bulto trae 12 displays. CAR.CREAMIX DCE.LECHE 12X465 G.
11563,CAR.CREAMIX CAFE 12X465 G,display,DISPLAY,89,12,12,Crema CAR.CREAMIX CAFE en formato de 12 frascos de 465 g cada uno.,Se vende por display. Cada display trae 89 unidades. El bulto trae 12 displays. CAR.CREAMIX CAFE 12X465 G.
11564,CAR.CREAMIX BERR&FLLAS 12X465 G,display,DISPLAY,89,12,12,Crema CAR.CREAMIX BERR&FLLAS en formato de 12 frascos de 465 g.,Se vende por display. Cada display trae 89 unidades. El bulto trae 12 displays. CAR.CREAMIX BERR&FLLAS 12X465 G.
11565,CAR MP MIEL LIM TE 1,display,DISPLAY,12,12,12,Té CAR MP MIEL LIM en formato de 1 kg.,Se vende por display. Cada display trae 12 unidades. El bulto trae 12 displays. CAR MP MIEL LIM TE 1.
11566,MP VITAMIN LIMON 12X12X30.6 G,display,DISPLAY,12,12,12,Bebida MP VITAMIN LIMON en formato de 12 unidades de 30.6 g cada una.,Se vende por display. Cada display trae 12 unidades. El bulto trae 12 displays. MP VITAMIN LIMON 12X12X30.6 G.
11567,MP VITAMIN FRUTILLA 12X12X30.6 G,display,DISPLAY,12,12,12,Bebida MP VITAMIN FRUTILLA en formato de 12 unidades de 30.6 g cada una.,Se vende por display. Cada display trae 12 unidades. El bulto trae 12 displays. MP VITAMIN FRUTILLA 12X12X30.6 G.
11568,CAR MP LIMONADA 12X12X28G,display,DISPLAY,12,12,12,"Limonada CAR MP en formato de 28g, presentado en caja de 12 unidades.",Se vende por display. Cada display trae 12 unidades. El bulto trae 12 displays. CAR MP LIMONADA 12X12X28G.
11577,TORTUGUIT ROCKLETS 12X24X19.5G,display,DISPLAY,24,12,12,Snack Tortuguit Rocklets en formato de 12 paquetes de 24 unidades de 19.5 gramos.,Se vende por display. Cada display trae 24 unidades. El bulto trae 12 displays. TORTUGUIT ROCKLETS 12X24X19.5G.
11596,BOC.CABSHA IRI.CREAM 48X24X10 GR,display,DISPLAY,24,48,48,"Crema BOC.CABSHA en formato de 10 gramos, presentación de 48 unidades por caja.",Se vende por display. Cada display trae 24 unidades. El bulto trae 48 displays. BOC.CABSHA IRI.CREAM 48X24X10 GR.
11599,ROCKLETON 12x16x13.5G,display,DISPLAY,16,12,12,"Barritas de chocolate rellenas de confites, marca Rockleton, formato de 13,5g.",Se vende por display. Cada display trae 16 unidades. El bulto trae 12 displays. ROCKLETON 12x16x13.5G.
11600,LATA CUBAN.LIMON AGU,display,DISPLAY,12,12,12,Bebida LATA CUBAN.LIMON AGU en formato de lata de 350 ml.,Se vende por display. Cada display trae 12 unidades. El bulto trae 12 displays. LATA CUBAN.LIMON AGU.
11601,AGUILA 60% CACAO BARRITA 24X24X14G,display,DISPLAY,24,24,24,"Chocolates: AGUILA 60% CACAO BARRITA 24X24X14G, x24 unidades por bulto.",Se vende por display. Cada display trae 24 unidades. El bulto trae 24 displays. AGUILA 60% CACAO BARRITA 24X24X14G.
11606,CHUP.MIGLOBS 12X384G,display,DISPLAY,24,12,12,Snack CHUP.MIGLOBS en formato de 12 unidades de 384 gramos cada una.,Se vende por display. Cada display trae 24 unidades. El bulto trae 12 displays. CHUP.MIGLOBS 12X384G.
11608,MAST.T.FRUTTI CRAZY2,display,DISPLAY,120,20,20,Snack MAST.T.FRUTTI CRAZY2 en formato de bolsa.,Se vende por display. Cada display trae 120 unidades. El bulto trae 20 displays. MAST.T.FRUTTI CRAZY2.
11610,CAR.CON VITAM.ARCOR 20X390 G,display,DISPLAY,100,20,20,Caramelo con vitamina Arcor en formato de 20 unidades de 390 gramos.,Se vende por display. Cada display trae 100 unidades. El bulto trae 20 displays. CAR.CON VITAM.ARCOR 20X390 G.
11612,TURRON CHOCOLATADA 4X50X25G,unidad,UNIDAD,50,4,200,"Golosinas de línea Arcor: TURRON CHOCOLATADA 4X50X25G, presentación mayorista, x4 unidades por bulto.",Se vende por unidad. El display trae 50 unidades. El bulto trae 4 displays (200 unidades). TURRON CHOCOLATADA 4X50X25G.
11613,CHIC MIGLOBS MENTA 36X50X5G,display,DISPLAY,50,36,36,Snack Chic Miglobs Menta en formato de 36 unidades de 50 gramos cada una.,Se vende por display. Cada display trae 50 unidades. El bulto trae 36 displays. CHIC MIGLOBS MENTA 36X50X5G.
11614,CHIC MIGLOBS TUTTI 3,display,DISPLAY,50,36,36,Snack CHIC MIGLOBS TUTTI en formato de 3 unidades.,Se vende por display. Cada display trae 50 unidades. El bulto trae 36 displays. CHIC MIGLOBS TUTTI 3.
11615,CHICLE.MIGLOBS.LIMON,display,DISPLAY,50,36,36,Chicle Miglobs sabor limón en formato de 30 gramos.,Se vende por display. Cada display trae 50 unidades. El bulto trae 36 displays. CHICLE.MIGLOBS.LIMON.
11616,CHUP.EXTREME 12X384G,display,DISPLAY,24,12,12,Chup. Extreme en formato de 12 unidades de 384 gramos cada una.,Se vende por display. Cada display trae 24 unidades. El bulto trae 12 displays. CHUP.EXTREME 12X384G.
11635,MOGUL MORAS CRAZY 6X500 GRS,display,DISPLAY,91,6,6,Snack MOGUL MORAS CRAZY en formato de 6 bolsas de 500 gramos cada una.,Se vende por display. Cada display trae 91 unidades. El bulto trae 6 displays. MOGUL MORAS CRAZY 6X500 GRS.
11640,MOGUL FRUTALES 12 x10x 60 GRS,display,DISPLAY,10,12,12,"Snack MOGUL FRUTALES en formato de 60 gramos, presentado en caja de 12 unidades.",Se vende por display. Cada display trae 10 unidades. El bulto trae 12 displays. MOGUL FRUTALES 12 x10x 60 GRS.
11641,Mogul Rodas acidas 12 x 10 x 60G,display,DISPLAY,10,12,12,"Snack Mogul Rodas ácidas en formato de 60 g, presentado en caja de 12 unidades.",Se vende por display. Cada display trae 10 unidades. El bulto trae 12 displays. Mogul Rodas acidas 12 x 10 x 60G.
11644,GOMITAS MONSTRUITOS 12X12X30 GRS,display,DISPLAY,12,12,12,"Gomitas Monstruitos, formato 12x12x30 gramos, disponibles para la venta en Argentina.",Se vende por display. Cada display trae 12 unidades. El bulto trae 12 displays. GOMITAS MONSTRUITOS 12X12X30 GRS.
11645,GOMITAS DINOS12X12X30 GRS,display,DISPLAY,12,12,12,"Gomitas Dinos, formato 12x12x30 gramos, de la marca no especificada.",Se vende por display. Cada display trae 12 unidades. El bulto trae 12 displays. GOMITAS DINOS12X12X30 GRS.
11646,MOGUL EXTREME ROLLO 12X12X35G,display,DISPLAY,12,12,12,"Gomitas ácidas en rollo sabor frutal, marca Mogul, presentación de 12 unidades de 35g.",Se vende por display. Cada display trae 12 unidades. El bulto trae 12 displays. MOGUL EXTREME ROLLO 12X12X35G.
11647,MI VILLANO FAVORITO3,display,DISPLAY,12,12,12,Snack MI VILLANO FAVORITO3 en formato de bolsa.,Se vende por display. Cada display trae 12 unidades. El bulto trae 12 displays. MI VILLANO FAVORITO3.
11648,MOGUL CONF ACIDOS EX,display,DISPLAY,10,12,12,"Confite MOGUL en formato extragrande, sabor a ácidos, ideal para compartir.",Se vende por display. Cada display trae 10 unidades. El bulto trae 12 displays. MOGUL CONF ACIDOS EX.
11653,MOG.TWIST.MAX VAINIL 12X12X18G,display,DISPLAY,12,12,12,Snack MOG.TWIST.MAX VAINIL en formato de 12 unidades de 18 gramos cada una.,Se vende por display. Cada display trae 12 unidades. El bulto trae 12 displays. MOG.TWIST.MAX VAINIL 12X12X18G.
11654,MOG. TWIST.VAINILLA. 6X12X25 G,display,DISPLAY,12,6,6,Snack MOG Twist Vainilla en formato de 6 paquetes de 12 unidades de 25 g cada uno.,Se vende por display. Cada display trae 12 unidades. El bulto trae 6 displays. MOG. TWIST.VAINILLA. 6X12X25 G.
11656,MOG. TWIST.VAINILLA. 24X250.G,display,DISPLAY,50,24,24,"Snack MOG Twist Vainilla, presentación de 24 unidades de 250 gramos cada una.",Se vende por display. Cada display trae 50 unidades. El bulto trae 24 displays. MOG. TWIST.VAINILLA. 24X250.G.
11657,MOG.PUFFS FRUTILLA 24X250 G,display,DISPLAY,43,24,24,"Snack MOG.PUFFS sabor frutilla, presentado en formato de 250 g, caja de 24 unidades.",Se vende por display. Cada display trae 43 unidades. El bulto trae 24 displays. MOG.PUFFS FRUTILLA 24X250 G.
11661,ALFAJOR TOFI NEGRO 36X46G,unidad,UNIDAD,,,36,"Golosinas de línea Arcor: ALFAJOR TOFI NEGRO 36X46G, presentación mayorista, x36 unidades por bulto.",Se vende por unidad. El bulto trae 36 unidades. No viene en display. ALFAJOR TOFI NEGRO 36X46G.
11664,ALF TOFI NEGRO MINI 16X6X24G,display,DISPLAY,,16,16,Snack ALF TOFI NEGRO MINI en formato de 16x6x24g.,Se vende por display. El bulto trae 16 displays. ALF TOFI NEGRO MINI 16X6X24G.
11695,GALLETAS BLOCK 30X124G,unidad,UNIDAD,,,30,"Galletas y Snacks: GALLETAS BLOCK 30X124G, x30 unidades por bulto.",Se vende por unidad. El bulto trae 30 unidades. No viene en display. GALLETAS BLOCK 30X124G.
11714,ALF TOFI NEGRO 16X6X46G,display,DISPLAY,6,16,16,"Alfajor Tofi negro, formato 16 unidades de 46 gramos cada uno.",Se vende por display. Cada display trae 6 unidades. El bulto trae 16 displays. ALF TOFI NEGRO 16X6X46G.
11768,CHUP.EXTREME 12X384G,display,DISPLAY,24,12,12,Snack CHUP.EXTREME en formato de 12 unidades de 384 gramos cada una.,Se vende por display. Cada display trae 24 unidades. El bulto trae 12 displays. CHUP.EXTREME 12X384G.
11777,BONOBON CHOCOLINAS 16X18X15G,display,DISPLAY,18,16,16,"Chocolates de línea Arcor: BONOBON CHOCOLINAS 16X18X15G, presentación mayorista, x16 unidades por bulto.",Se vende por display. Cada display trae 18 unidades. El bulto trae 16 displays. BONOBON CHOCOLINAS 16X18X15G.
11784,MOGUL OSO EXTREME 16X200 GRS,display,DISPLAY,66,16,16,Snack MOGUL OSO EXTREME en formato de 16 bolsas de 200 gramos cada una.,Se vende por display. Cada display trae 66 unidades. El bulto trae 16 displays. MOGUL OSO EXTREME 16X200 GRS.
11791,JG.PV BC POME.RDO 16X18X9.5G,display,DISPLAY,18,16,16,"Bebida JG.PV sabor pomelo, formato 16x18x9.5g.",Se vende por display. Cada display trae 18 unidades. El bulto trae 16 displays. JG.PV BC POME.RDO 16X18X9.5G.
11792,JG.PV BC MGO- MARAC16X18X9GR,display,DISPLAY,18,16,16,Bebida JG.PV BC MGO en formato de 16x18x9 gramos.,Se vende por display. Cada display trae 18 unidades. El bulto trae 16 displays. JG.PV BC MGO- MARAC16X18X9GR.
11793,JG.PV. ARCOR MANDARINA 12X18X20 GR,display,DISPLAY,18,12,12,"Snack Arcor Mandarina, formato 20 g, presentación en caja de 12 unidades.",Se vende por display. Cada display trae 18 unidades. El bulto trae 12 displays. JG.PV. ARCOR MANDARINA 12X18X20 GR.
11795,MAST.YOGHURT 20X396G,display,DISPLAY,120,20,20,"Yogur MAST, formato 20 unidades de 396 gramos cada una.",Se vende por display. Cada display trae 120 unidades. El bulto trae 20 displays. MAST.YOGHURT 20X396G.
11801,PAS.FRUTI ESPANTO 24,display,DISPLAY,12,24,24,Bebida PAS.FRUTI ESPANTO 24 en formato de 24 unidades.,Se vende por display. Cada display trae 12 unidades. El bulto trae 24 displays. PAS.FRUTI ESPANTO 24.
11803,MR POPS CHUPETIN CEREZA 12X24X18G,display,DISPLAY,24,12,12,"Golosinas: MR POPS CHUPETIN CEREZA 12X24X18G, x12 unidades por bulto.",Se vende por display. Cada display trae 24 unidades. El bulto trae 12 displays. MR POPS CHUPETIN CEREZA 12X24X18G.
11805,MOGUL MORAS CRAZY 24X150 GRS,display,DISPLAY,30,24,24,"Snack MOGUL MORAS CRAZY en formato de 150 gramos, presentado en caja de 24 unidades.",Se vende por display. Cada display trae 30 unidades. El bulto trae 24 displays. MOGUL MORAS CRAZY 24X150 GRS.
11806,SIMPLE DIETA CONTROL,display,DISPLAY,120,6,6,Snack SIMPLE DIETA CONTROL en formato de bolsa.,Se vende por display. Cada display trae 120 unidades. El bulto trae 6 displays. SIMPLE DIETA CONTROL.
11807,SIMPLE FIBRA 6X60UN,display,DISPLAY,60,6,6,"Pastillas de goma sabor frutos rojos con fibra, marca Simple, envase de 60 unidades.",Se vende por display. Cada display trae 60 unidades. El bulto trae 6 displays. SIMPLE FIBRA 6X60UN.
11808,SIMPLE VITALIDAD 6X60UN,display,DISPLAY,,6,6,"Suplemento vitamínico en pastillas sabor frutos rojos, marca Arcor Bagó, 60 unidades.",Se vende por display. El bulto trae 6 displays. SIMPLE VITALIDAD 6X60UN.
11809,MR POPS CHUPETIN BLUEBERRY 12X24X18G,display,DISPLAY,24,12,12,"Golosinas: MR POPS CHUPETIN BLUEBERRY 12X24X18G, x12 unidades por bulto.",Se vende por display. Cada display trae 24 unidades. El bulto trae 12 displays. MR POPS CHUPETIN BLUEBERRY 12X24X18G.
11810,MR POPS CHUPETIN SURTIDO POR 24 12X24X18G,display,DISPLAY,24,12,12,"Golosinas: MR POPS CHUPETIN SURTIDO POR 24 12X24X18G, x12 unidades por bulto.",Se vende por display. Cada display trae 24 unidades. El bulto trae 12 displays. MR POPS CHUPETIN SURTIDO POR 24 12X24X18G.
11811,MR POPS CHUPETIN TUTTI FRUTTI 12X24X18G,display,DISPLAY,24,12,12,"Golosinas: MR POPS CHUPETIN TUTTI FRUTTI 12X24X18G, x12 unidades por bulto.",Se vende por display. Cada display trae 24 unidades. El bulto trae 12 displays. MR POPS CHUPETIN TUTTI FRUTTI 12X24X18G.
11814,HELADO GELATO BONOBON 6X250G,display,DISPLAY,,6,6,"Helados de línea Arcor: HELADO GELATO BONOBON 6X250G, presentación mayorista, x6 unidades por bulto.",Se vende por display. El bulto trae 6 displays. HELADO GELATO BONOBON 6X250G.
11822,BOMB.SURTIDOS BOB 16,display,DISPLAY,,16,16,Snack BOMB.SURTIDOS BOB en formato de 16 unidades.,Se vende por display. El bulto trae 16 displays. BOMB.SURTIDOS BOB 16.
11827,CARAMELO ARCOR MENTA CHOCOLATE 6X715G,display,DISPLAY,135,6,6,"Chocolates: CARAMELO ARCOR MENTA CHOCOLATE 6X715G, x6 unidades por bulto.",Se vende por display. Cada display trae 135 unidades. El bulto trae 6 displays. CARAMELO ARCOR MENTA CHOCOLATE 6X715G.
11828,CARAMELO RELLENOS MIEL 6X675G,display,DISPLAY,135,6,6,"Golosinas de línea Arcor: CARAMELO RELLENOS MIEL 6X675G, presentación mayorista, x6 unidades por bulto.",Se vende por display. Cada display trae 135 unidades. El bulto trae 6 displays. CARAMELO RELLENOS MIEL 6X675G.
11829,CARAMELO ARCOR MIEL Y MENTA 12X335G,display,DISPLAY,67,12,12,"Golosinas: CARAMELO ARCOR MIEL Y MENTA 12X335G, x12 unidades por bulto.",Se vende por display. Cada display trae 67 unidades. El bulto trae 12 displays. CARAMELO ARCOR MIEL Y MENTA 12X335G.
11832,MAST.HALLOWEEN 12X39,display,DISPLAY,120,12,12,Mast.Halloween es un producto en formato de 12 unidades de 39 gramos cada una.,Se vende por display. Cada display trae 120 unidades. El bulto trae 12 displays. MAST.HALLOWEEN 12X39.
11834,CARAMELO MENTA CRISTAL 6X810G,display,DISPLAY,180,6,6,"Golosinas de línea Arcor: CARAMELO MENTA CRISTAL 6X810G, presentación mayorista, x6 unidades por bulto.",Se vende por display. Cada display trae 180 unidades. El bulto trae 6 displays. CARAMELO MENTA CRISTAL 6X810G.
11835,CARAMELO MENTA FRESH CRISTAL 12X405G,display,DISPLAY,90,12,12,"Golosinas: CARAMELO MENTA FRESH CRISTAL 12X405G, x12 unidades por bulto.",Se vende por display. Cada display trae 90 unidades. El bulto trae 12 displays. CARAMELO MENTA FRESH CRISTAL 12X405G.
11836,TRANSP.CHERRY MISKY 12X405 G,display,DISPLAY,90,12,12,Transparente Cherry Misky en formato de 12 frascos de 405 gramos.,Se vende por display. Cada display trae 90 unidades. El bulto trae 12 displays. TRANSP.CHERRY MISKY 12X405 G.
11837,TRANSPARENTE MTA MISKY 6X810 G,display,DISPLAY,180,6,6,Transparente MTA Misky en formato de 6 envases de 810 g cada uno.,Se vende por display. Cada display trae 180 unidades. El bulto trae 6 displays. TRANSPARENTE MTA MISKY 6X810 G.
11841,MISKY TOFFEES LECHE 8X648G,display,DISPLAY,118,8,8,Toffee de leche Misky en formato de 8 unidades de 648 gramos cada una.,Se vende por display. Cada display trae 118 unidades. El bulto trae 8 displays. MISKY TOFFEES LECHE 8X648G.
11842,BUTTER N CREAM 6X810 G,display,DISPLAY,180,6,6,Manteca BUTTER N CREAM en formato de 6 unidades de 810 gramos cada una.,Se vende por display. Cada display trae 180 unidades. El bulto trae 6 displays. BUTTER N CREAM 6X810 G.
11846,ROCKLET TUTTI FRUTTI,display,DISPLAY,24,12,12,Snack ROCKLET sabor Tutti Frutti en presentación de 150 gramos.,Se vende por display. Cada display trae 24 unidades. El bulto trae 12 displays. ROCKLET TUTTI FRUTTI.
11857,BUTTER TOFFEES LECHE 6X825G,display,DISPLAY,150,6,6,"Golosinas de línea Arcor: BUTTER TOFFEES LECHE 6X825G, presentación mayorista, x6 unidades por bulto.",Se vende por display. Cada display trae 150 unidades. El bulto trae 6 displays. BUTTER TOFFEES LECHE 6X825G.
11858,BUTTER TOFFEES CAFE 6X822G,display,DISPLAY,137,6,6,"Golosinas de línea Arcor: BUTTER TOFFEES CAFE 6X822G, presentación mayorista, x6 unidades por bulto.",Se vende por display. Cada display trae 137 unidades. El bulto trae 6 displays. BUTTER TOFFEES CAFE 6X822G.
11860,CARAMELO SURTIDO CRISTAL 6X810G,display,DISPLAY,180,6,6,"Golosinas de línea Arcor: CARAMELO SURTIDO CRISTAL 6X810G, presentación mayorista, x6 unidades por bulto.",Se vende por display. Cada display trae 180 unidades. El bulto trae 6 displays. CARAMELO SURTIDO CRISTAL 6X810G.
11867,STARLIGHT CRAZY21X18,display,DISPLAY,35,21,21,Snack STARLIGHT en formato 21x18.,Se vende por display. Cada display trae 35 unidades. El bulto trae 21 displays. STARLIGHT CRAZY21X18.
11869,BOCADITOS DE FRUTA M,display,DISPLAY,27,21,21,Bocaditos de fruta M son snacks a base de fruta deshidratada en formato de 100 gramos.,Se vende por display. Cada display trae 27 unidades. El bulto trae 21 displays. BOCADITOS DE FRUTA M.
11878,BUTTER TOFFEES CHOCOLATE 6X822G,display,DISPLAY,135,6,6,"Chocolates de línea Arcor: BUTTER TOFFEES CHOCOLATE 6X822G, presentación mayorista, x6 unidades por bulto.",Se vende por display. Cada display trae 135 unidades. El bulto trae 6 displays. BUTTER TOFFEES CHOCOLATE 6X822G.
11880,MENTHO PLUS VITAMINA LIMON 12X12X29.4G,display,DISPLAY,12,12,12,"Caramelo mentolado sabor limón, marca Mentho Plus, presentado en envase de 29.4g.",Se vende por display. Cada display trae 12 unidades. El bulto trae 12 displays. MENTHO PLUS VITAMINA LIMON 12X12X29.4G.
11881,CAR MP VIT FLLA 12X12X29.4 G,display,DISPLAY,12,12,12,Bebida CAR MP VIT FLLA en formato de 12 unidades de 12x29.4 gramos.,Se vende por display. Cada display trae 12 unidades. El bulto trae 12 displays. CAR MP VIT FLLA 12X12X29.4 G.
11883,BUTTER TOFFEES CHOCOLATE BLANCO 6X822G,display,DISPLAY,137,6,6,"Chocolates: BUTTER TOFFEES CHOCOLATE BLANCO 6X822G, x6 unidades por bulto.",Se vende por display. Cada display trae 137 unidades. El bulto trae 6 displays. BUTTER TOFFEES CHOCOLATE BLANCO 6X822G.
11884,BUTTER TOFFEES AGUILA 6X822G,display,DISPLAY,137,6,6,"Golosinas de línea Arcor: BUTTER TOFFEES AGUILA 6X822G, presentación mayorista, x6 unidades por bulto.",Se vende por display. Cada display trae 137 unidades. El bulto trae 6 displays. BUTTER TOFFEES AGUILA 6X822G.
11885,BUTTER TOFFEES BONOBON 6X822G,display,DISPLAY,137,6,6,"Chocolates de línea Arcor: BUTTER TOFFEES BONOBON 6X822G, presentación mayorista, x6 unidades por bulto.",Se vende por display. Cada display trae 137 unidades. El bulto trae 6 displays. BUTTER TOFFEES BONOBON 6X822G.
11886,BUTTER TOFFEES CHOCOLATE MENTA 6X822G,display,DISPLAY,137,6,6,"Chocolates: BUTTER TOFFEES CHOCOLATE MENTA 6X822G, x6 unidades por bulto.",Se vende por display. Cada display trae 137 unidades. El bulto trae 6 displays. BUTTER TOFFEES CHOCOLATE MENTA 6X822G.
11887,BUTTER TOFFEES DULCE DE LECHE CON CARAMELO 6X822G,display,DISPLAY,137,6,6,"Golosinas: BUTTER TOFFEES DULCE DE LECHE CON CARAMELO 6X822G, x6 unidades por bulto.",Se vende por display. Cada display trae 137 unidades. El bulto trae 6 displays. BUTTER TOFFEES DULCE DE LECHE CON CARAMELO 6X822G.
11893,RELLENO AGUILA 3 EN 1 24X290 GR,display,DISPLAY,24,24,24,"Relleno 3 en 1 Águila, formato de 290 gramos, presentado en caja de 24 unidades.",Se vende por display. Cada display trae 24 unidades. El bulto trae 24 displays. RELLENO AGUILA 3 EN 1 24X290 GR.
11896,HELADO BARRITA AGUIL 40U.X34G,unidad,BULTO,40,,40,"Helado Barrita Aguil, presentación de 40 unidades de 34 gramos cada una.",Se vende por bulto de 40 unidades. HELADO BARRITA AGUIL 40U.X34G.
11905,BONOBON BLANCO 12X30X15G,display,DISPLAY,30,12,12,"Bombón de chocolate blanco con mantequilla de maní, marca Arcor, 15 g.",Se vende por display. Cada display trae 30 unidades. El bulto trae 12 displays. BONOBON BLANCO 12X30X15G.
11906,BONOBON BLANCO 16X18X15G,display,DISPLAY,18,16,16,"Bombón de chocolate blanco con mantequilla de maní, marca Arcor, 15 g.",Se vende por display. Cada display trae 18 unidades. El bulto trae 16 displays. BONOBON BLANCO 16X18X15G.
11912,BONOBON SURTIDO 24X255G,display,DISPLAY,17,24,24,"Bombones surtidos de chocolate, marca Bon o Bon, 255 g.",Se vende por display. Cada display trae 17 unidades. El bulto trae 24 displays. BONOBON SURTIDO 24X255G.
11913,BONOBON LECHE 12X30X15G,display,DISPLAY,30,12,12,"Chocolates de línea Arcor: BONOBON LECHE 12X30X15G, presentación mayorista, x12 unidades por bulto.",Se vende por display. Cada display trae 30 unidades. El bulto trae 12 displays. BONOBON LECHE 12X30X15G.
11915,BONOBON LECHE 16X18X15G,display,DISPLAY,18,16,16,"Chocolates de línea Arcor: BONOBON LECHE 16X18X15G, presentación mayorista, x16 unidades por bulto.",Se vende por display. Cada display trae 18 unidades. El bulto trae 16 displays. BONOBON LECHE 16X18X15G.
11916,BOM.BONOBON LECHE 24X7X15G,display,DISPLAY,7,24,24,Snack BOM.BONOBON de leche en formato de 24 unidades de 15 gramos cada una.,Se vende por display. Cada display trae 7 unidades. El bulto trae 24 displays. BOM.BONOBON LECHE 24X7X15G.
11918,BOM.HAMLET LECHE 12X30X13G,display,DISPLAY,30,12,12,Leche BOM.HAMLET en formato de 12 unidades de 30 gramos cada una.,Se vende por display. Cada display trae 30 unidades. El bulto trae 12 displays. BOM.HAMLET LECHE 12X30X13G.
11921,BONOBON AGUILA 16X18X15G,display,DISPLAY,18,16,16,"Bombón de chocolate semiamargo, marca Arcor, línea Bonobon Aguila, 15 gramos.",Se vende por display. Cada display trae 18 unidades. El bulto trae 16 displays. BONOBON AGUILA 16X18X15G.
11936,"CARAMELO ALKA MENTA 12X12X29,4",display,DISPLAY,12,12,12,"Caramelo Alka Menta en formato 12x12x29,4 gramos.","Se vende por display. Cada display trae 12 unidades. El bulto trae 12 displays. CARAMELO ALKA MENTA 12X12X29,4."
11937,"CARAM. ALKA STRONG 12X12X29,4",display,DISPLAY,12,12,12,"Alka Strong, bebida energética en formato de 12 latas de 12 oz cada una.","Se vende por display. Cada display trae 12 unidades. El bulto trae 12 displays. CARAM. ALKA STRONG 12X12X29,4."
11938,"CAR.ALKA CRRY/MTOL 12X12X29,4",display,DISPLAY,12,12,12,"Caramelo Alka sabor cereza y menta, formato 12x12x29,4 cm.","Se vende por display. Cada display trae 12 unidades. El bulto trae 12 displays. CAR.ALKA CRRY/MTOL 12X12X29,4."
11949,CHUP.MR.P.EVOL.P.LENG 12X24X18G,display,DISPLAY,24,12,12,"Chupete Mr. Pop Evolución, presentación de 12 unidades de 18 gramos cada una.",Se vende por display. Cada display trae 24 unidades. El bulto trae 12 displays. CHUP.MR.P.EVOL.P.LENG 12X24X18G.
11956,AGUILA CHOCOLITOS BLANCO 24X150G,display,DISPLAY,,24,24,"Chocolates de línea Arcor: AGUILA CHOCOLITOS BLANCO 24X150G, presentación mayorista, x24 unidades por bulto.",Se vende por display. El bulto trae 24 displays. AGUILA CHOCOLITOS BLANCO 24X150G.
11961,SIMPLE CALCIO+D 6FX60UN,display,DISPLAY,60,6,6,Suplemento SIMPLE CALCIO+D en formato de 60 unidades.,Se vende por display. Cada display trae 60 unidades. El bulto trae 6 displays. SIMPLE CALCIO+D 6FX60UN.
11982,RELLENO MIEL MKY 6X675G,display,DISPLAY,135,6,6,Relleno Miel MKY 6x675g es un producto alimenticio en formato de frascos.,Se vende por display. Cada display trae 135 unidades. El bulto trae 6 displays. RELLENO MIEL MKY 6X675G.
12031,VASO HVO.ROCKLET MAN,display,DISPLAY,7,12,12,"Vaso HVO.ROCKLET MAN, diseñado para uso diario y fabricado en material resistente.",Se vende por display. Cada display trae 7 unidades. El bulto trae 12 displays. VASO HVO.ROCKLET MAN.
12034,BOM BON O BON LIMON 16X18X16 GR,display,DISPLAY,18,16,16,Snack BOM BON O BON Limón en formato de 16x18x16 gramos.,Se vende por display. Cada display trae 18 unidades. El bulto trae 16 displays. BOM BON O BON LIMON 16X18X16 GR.
12036,ROCKLETS VS CRUNCH 9x12x40 gr,display,DISPLAY,12,9,9,"Snack ROCKLETS VS CRUNCH en formato de 40 gramos, presentado en cajas de 9 unidades.",Se vende por display. Cada display trae 12 unidades. El bulto trae 9 displays. ROCKLETS VS CRUNCH 9x12x40 gr.
12039,CELOFAN 50% CACAO 12x30X25G,display,DISPLAY,30,12,12,"Chocolates de línea Arcor: CELOFAN 50% CACAO 12x30X25G, presentación mayorista, x360 unidades por bulto.",Se vende por display. Cada display trae 30 unidades. El bulto trae 12 displays. CELOFAN 50% CACAO 12x30X25G.
12090,CHIC.MIGLOBS MUND.TUTTI 36X50U,display,DISPLAY,50,36,36,"Mundillo Chic Miglobs, formato de 36 unidades de 50 gramos cada una.",Se vende por display. Cada display trae 50 unidades. El bulto trae 36 displays. CHIC.MIGLOBS MUND.TUTTI 36X50U.
12091,CHIC.MIGLOBS MUND.MZ,display,DISPLAY,50,36,36,"Mundillo CHIC.MIGLOBS en formato MZ, utilizado para diversas aplicaciones en manualidades.",Se vende por display. Cada display trae 50 unidades. El bulto trae 36 displays. CHIC.MIGLOBS MUND.MZ.
12096,HUEVO TOYS MUNDIAL 8X12X22G,display,DISPLAY,12,8,8,"Huevo, Toys Mundial, formato 8x12x22g.",Se vende por display. Cada display trae 12 unidades. El bulto trae 8 displays. HUEVO TOYS MUNDIAL 8X12X22G.
12100,TOPLINE SEVEN ULTRA GREEN MINT 12X12X24G,display,DISPLAY,12,12,12,"Chicle sabor menta verde, marca Topline, presentación de 12 unidades de 24 g cada una.",Se vende por display. Cada display trae 12 unidades. El bulto trae 12 displays. TOPLINE SEVEN ULTRA GREEN MINT 12X12X24G.
12101,TOPLINE SEVEN ULTRA RED BERRY 12X12X24G,display,DISPLAY,12,12,12,"Chicle sabor red berry, marca Topline, línea Seven Ultra, formato de 24g.",Se vende por display. Cada display trae 12 unidades. El bulto trae 12 displays. TOPLINE SEVEN ULTRA RED BERRY 12X12X24G.
12102,TOPLINE SEVEN ULTRA CLEAN MINT 12X12X24G,display,DISPLAY,12,12,12,"Chicle sabor menta limpia, marca Topline Seven, formato pack de 12 unidades de 24 g.",Se vende por display. Cada display trae 12 unidades. El bulto trae 12 displays. TOPLINE SEVEN ULTRA CLEAN MINT 12X12X24G.
12104,MASTICABLE YOGUS 36X150G,display,DISPLAY,45,36,36,"Masticable, Yogus, formato 36x150g.",Se vende por display. Cada display trae 45 unidades. El bulto trae 36 displays. MASTICABLE YOGUS 36X150G.
12110,MOGUL SANDIAS 6X500G,display,DISPLAY,83,6,6,Snack MOGUL SANDIAS en formato de 6 paquetes de 500 gramos cada uno.,Se vende por display. Cada display trae 83 unidades. El bulto trae 6 displays. MOGUL SANDIAS 6X500G.
12111,MOGUL TAMBORCITOS 12,display,DISPLAY,12,12,12,Snack MOGUL TAMBORCITOS en formato de 12 unidades.,Se vende por display. Cada display trae 12 unidades. El bulto trae 12 displays. MOGUL TAMBORCITOS 12.
12114,MOG.MARSHMALLOWS SANDIA 24X250 G,display,DISPLAY,96,24,24,"Marshmallows MOG sabor sandía en formato de 250 g, presentación de 24 unidades.",Se vende por display. Cada display trae 96 unidades. El bulto trae 24 displays. MOG.MARSHMALLOWS SANDIA 24X250 G.
12116,MOGUL TUTTI FRUTTI 12x10x60 grs,display,DISPLAY,10,12,12,"Snack MOGUL TUTTI FRUTTI en formato de 60 gramos, presentado en caja de 12 unidades.",Se vende por display. Cada display trae 10 unidades. El bulto trae 12 displays. MOGUL TUTTI FRUTTI 12x10x60 grs.
12117,HVTO.BOB POTE 24X30X,display,DISPLAY,30,24,24,"Pote HVTO.BOB de 24x30 cm, ideal para almacenamiento y organización de productos.",Se vende por display. Cada display trae 30 unidades. El bulto trae 24 displays. HVTO.BOB POTE 24X30X.
12120,CHOC.CONF.ROCKL BLAN,display,DISPLAY,,10,10,Chocolate confitado Rockland blanco en presentación de 100 gramos.,Se vende por display. El bulto trae 10 displays. CHOC.CONF.ROCKL BLAN.
12121,CHOC.CONF.ROCK CELES,display,DISPLAY,,10,10,Confite de chocolate marca Celes en formato de roca.,Se vende por display. El bulto trae 10 displays. CHOC.CONF.ROCK CELES.
12122,CHOC.CONF.ROCKL ROSA,display,DISPLAY,,10,10,Confite de chocolate Rockl en formato rosa.,Se vende por display. El bulto trae 10 displays. CHOC.CONF.ROCKL ROSA.
12128,MOGUL OJITOS 6X500G,display,DISPLAY,106,6,6,Snack MOGUL OJITOS en formato de 6 paquetes de 500 gramos cada uno.,Se vende por display. Cada display trae 106 unidades. El bulto trae 6 displays. MOGUL OJITOS 6X500G.
12130,MERMELADA ARCOR SIN AZUCAR DURAZNO 12X390G,unidad,UNIDAD,,,12,"Alimentos y Almacén: MERMELADA ARCOR SIN AZUCAR DURAZNO 12X390G, x12 unidades por bulto.",Se vende por unidad. El bulto trae 12 unidades. No viene en display. MERMELADA ARCOR SIN AZUCAR DURAZNO 12X390G.
12131,MERMELADA ARCOR SIN AZUCAR FRUTILLA 12X390G,unidad,UNIDAD,,,12,"Alimentos y Almacén: MERMELADA ARCOR SIN AZUCAR FRUTILLA 12X390G, x12 unidades por bulto.",Se vende por unidad. El bulto trae 12 unidades. No viene en display. MERMELADA ARCOR SIN AZUCAR FRUTILLA 12X390G.
12132,MOGUL GUSANITOS 6X50,display,DISPLAY,75,6,6,Snack MOGUL GUSANITOS en formato de 6 paquetes de 50 gramos cada uno.,Se vende por display. Cada display trae 75 unidades. El bulto trae 6 displays. MOGUL GUSANITOS 6X50.
12133,COFLER CHOCOLINAS 16U X 63G,unidad,BULTO,,,16,Galleta COFLER CHOCOLINAS en formato de 16 unidades por 63 gramos.,Se vende por bulto de 16 unidades. COFLER CHOCOLINAS 16U X 63G.
12141,MAST.MOGUL MUNDIAL 1,display,DISPLAY,212,16,16,Mogul Mundial 1 es un snack de maíz de la marca MAST.,Se vende por display. Cada display trae 212 unidades. El bulto trae 16 displays. MAST.MOGUL MUNDIAL 1.
12143,JG.PV.ARCOR FRUTILLA 12X18X20 GR,display,DISPLAY,18,12,12,"Snack JG.PV.ARCOR Frutilla, formato 12x18x20 gramos.",Se vende por display. Cada display trae 18 unidades. El bulto trae 12 displays. JG.PV.ARCOR FRUTILLA 12X18X20 GR.
12144,MAST.HUESOS 12X450G,display,DISPLAY,136,12,12,"Huesos MAST en formato de 450g, presentados en caja de 12 unidades.",Se vende por display. Cada display trae 136 unidades. El bulto trae 12 displays. MAST.HUESOS 12X450G.
12145,ROCKLETS MANI CON CHOCOLATE 12X16X40G,display,DISPLAY,16,12,12,"Chocolates: ROCKLETS MANI CON CHOCOLATE 12X16X40G, x12 unidades por bulto.",Se vende por display. Cada display trae 16 unidades. El bulto trae 12 displays. ROCKLETS MANI CON CHOCOLATE 12X16X40G.
12146,MASTICABLE YOGUS 10X800G,display,DISPLAY,242,10,10,"Masticable, Yogus, formato 10x800g.",Se vende por display. Cada display trae 242 unidades. El bulto trae 10 displays. MASTICABLE YOGUS 10X800G.
12151,BT.YOGHURT FTOS ROJO 36X150 G,display,DISPLAY,25,36,36,"Yogur BT en formato de 150 g, sabor frutos rojos, presentado en caja de 36 unidades.",Se vende por display. Cada display trae 25 unidades. El bulto trae 36 displays. BT.YOGHURT FTOS ROJO 36X150 G.
12152,MOG.RATA N ROCK 24X5,display,DISPLAY,9,24,24,Bebida MOG.RATA N ROCK en formato de 24 unidades de 5 litros cada una.,Se vende por display. Cada display trae 9 unidades. El bulto trae 24 displays. MOG.RATA N ROCK 24X5.
12153,ROCKLETS VS MAX 9X12X40 GR,display,DISPLAY,12,9,9,"Snack ROCKLETS VS MAX en formato de 40 gramos, presentado en caja de 9 unidades.",Se vende por display. Cada display trae 12 unidades. El bulto trae 9 displays. ROCKLETS VS MAX 9X12X40 GR.
12160,H. ARCOR MUNDIAL 24,unidad,BULTO,,,24,Galleta H. ARCOR MUNDIAL en formato de 24 unidades.,Se vende por bulto de 24 unidades. H. ARCOR MUNDIAL 24.
12161,MOG.BODY PART IES 24,display,DISPLAY,10,24,24,Snack MOG.BODY PARTIES 24 en formato de 24 unidades.,Se vende por display. Cada display trae 10 unidades. El bulto trae 24 displays. MOG.BODY PART IES 24.
12169,MINIBOTADERO MOGUL X,display,DISPLAY,,2,2,"Minibotadero Mogul X, dispositivo para la distribución de productos en pequeñas porciones.",Se vende por display. El bulto trae 2 displays. MINIBOTADERO MOGUL X.
12174,CHUP.MR.P.MONST.BI-P,display,DISPLAY,50,12,12,Snack CHUP Mr. P en formato de bolsa.,Se vende por display. Cada display trae 50 unidades. El bulto trae 12 displays. CHUP.MR.P.MONST.BI-P.
12175,CHICLE POOSH TUTTI 16X 50U X 4.5G,display,DISPLAY,50,16,16,Chicle Poosh Tutti en formato de 16 paquetes de 50 unidades de 4.5 gramos cada uno.,Se vende por display. Cada display trae 50 unidades. El bulto trae 16 displays. CHICLE POOSH TUTTI 16X 50U X 4.5G.
12176,CHICLE POOSH MENTA 16X50X4.5G,display,DISPLAY,50,16,16,"Chicle Poosh Menta en formato de 4.5g, presentado en caja de 16 unidades.",Se vende por display. Cada display trae 50 unidades. El bulto trae 16 displays. CHICLE POOSH MENTA 16X50X4.5G.
12178,MOG.RATA N ROCK 6X50,display,DISPLAY,100,6,6,Cigarro MOG.RATA N ROCK en formato de 6 unidades de 50 gramos cada uno.,Se vende por display. Cada display trae 100 unidades. El bulto trae 6 displays. MOG.RATA N ROCK 6X50.
12183,POSTRE ITALIANO 6U X,display,DISPLAY,,6,6,"Postre Italiano 6u x, producto en formato de seis unidades para consumo.",Se vende por display. El bulto trae 6 displays. POSTRE ITALIANO 6U X.
12185,MOGUL FRU-LIM-NAR 24U X 60G,unidad,BULTO,,,24,Snack MOGUL FRU-LIM-NAR en formato de 24 unidades de 60 gramos cada una.,Se vende por bulto de 24 unidades. MOGUL FRU-LIM-NAR 24U X 60G.
12186,HELADO POSTRE TOFI 6X637G,display,DISPLAY,,6,6,"Helados de línea Arcor: HELADO POSTRE TOFI 6X637G, presentación mayorista, x6 unidades por bulto.",Se vende por display. El bulto trae 6 displays. HELADO POSTRE TOFI 6X637G.
12187,HELADO POSTRE AGUILA 6X637G,display,DISPLAY,,6,6,"Helados de línea Arcor: HELADO POSTRE AGUILA 6X637G, presentación mayorista, x6 unidades por bulto.",Se vende por display. El bulto trae 6 displays. HELADO POSTRE AGUILA 6X637G.
12188,POSTRE ALMENDRADO 6UX675G,display,DISPLAY,,6,6,Postre Almendrado 6ux675g.,Se vende por display. El bulto trae 6 displays. POSTRE ALMENDRADO 6UX675G.
12189,POSTRE CHOCOTORTA 6U,display,DISPLAY,,6,6,"Postre Chocotorta 6U, un producto de repostería en formato de seis unidades.",Se vende por display. El bulto trae 6 displays. POSTRE CHOCOTORTA 6U.
12190,HELADO POSTRE BONOBON 6X637G,display,DISPLAY,,6,6,"Helados de línea Arcor: HELADO POSTRE BONOBON 6X637G, presentación mayorista, x6 unidades por bulto.",Se vende por display. El bulto trae 6 displays. HELADO POSTRE BONOBON 6X637G.
12191,PALITO CINDOR 12D X 6U X 50G,display,DISPLAY,6,12,12,"Snack Palito Cindor, presentación de 12 paquetes de 6 unidades de 50 gramos cada uno.",Se vende por display. Cada display trae 6 unidades. El bulto trae 12 displays. PALITO CINDOR 12D X 6U X 50G.
12192,PALITO CINDOR 24U X 50G,unidad,BULTO,,,24,Snack Palito Cindor en formato de 24 unidades de 50 gramos cada una.,Se vende por bulto de 24 unidades. PALITO CINDOR 24U X 50G.
12193,COFLER DDL 16U X 63G,unidad,BULTO,,,16,Snack COFLER DDL en formato de 16 unidades de 63 gramos cada una.,Se vende por bulto de 16 unidades. COFLER DDL 16U X 63G.
12196,PALITO UNICORNIO 24U,unidad,BULTO,,,24,Palito Unicornio 24U es un producto de confitería en formato de 24 unidades.,Se vende por bulto de 24 unidades. PALITO UNICORNIO 24U.
12200,PERLA MORAS 6X500G-H,display,DISPLAY,91,6,6,"Mora, Perla, formato 6x500g.",Se vende por display. Cada display trae 91 unidades. El bulto trae 6 displays. PERLA MORAS 6X500G-H.
12201,TORRE EN COLORES 6X4,display,DISPLAY,100,6,6,"Juego Torre en Colores 6x4, compuesto por bloques de madera de diferentes colores.",Se vende por display. Cada display trae 100 unidades. El bulto trae 6 displays. TORRE EN COLORES 6X4.
12203,MOGUL FRU-LIM-NAR 12DX6UX60G,display,DISPLAY,6,12,12,"Snack MOGUL FRU-LIM-NAR en formato de 60 gramos, presentado en caja de 12 unidades.",Se vende por display. Cada display trae 6 unidades. El bulto trae 12 displays. MOGUL FRU-LIM-NAR 12DX6UX60G.
12204,CALAB.MAST.HALLOW.12,display,DISPLAY,120,12,12,Calabaza Master Halloween en formato de 12 unidades.,Se vende por display. Cada display trae 120 unidades. El bulto trae 12 displays. CALAB.MAST.HALLOW.12.
12206,ESFERAS MORAS 12X250,display,DISPLAY,,12,12,"Esferas, marca Moras, formato 12 unidades de 250 gramos cada una.",Se vende por display. El bulto trae 12 displays. ESFERAS MORAS 12X250.
12217,CONITOS UNICORNIOS 12X12X25 GRS,display,DISPLAY,12,12,12,Snack CONITOS UNICORNIOS en formato de 12x12x25 gramos.,Se vende por display. Cada display trae 12 unidades. El bulto trae 12 displays. CONITOS UNICORNIOS 12X12X25 GRS.
12218,HUEVO C/SORP UNICORN 6X8X20G,display,DISPLAY,12,8,8,"Huevo, marca Unicorn, formato de 6 unidades de 20 gramos cada una.",Se vende por display. Cada display trae 12 unidades. El bulto trae 8 displays. HUEVO C/SORP UNICORN 6X8X20G.
12221,PAST.PASTI-BOOM 24X1,display,DISPLAY,12,24,24,Pasta Pasti-Boom en formato 24x1.,Se vende por display. Cada display trae 12 unidades. El bulto trae 24 displays. PAST.PASTI-BOOM 24X1.
12223,ROCKL BLACK&WHITE 12,display,DISPLAY,24,12,12,Bebida ROCKL BLACK&WHITE 12 en formato de 12 unidades.,Se vende por display. Cada display trae 24 unidades. El bulto trae 12 displays. ROCKL BLACK&WHITE 12.
12224,TUPPER BATAL.BEST.RO,display,DISPLAY,,12,12,"Tupper, marca Batal, formato Best.RO, diseñado para almacenamiento de alimentos.",Se vende por display. El bulto trae 12 displays. TUPPER BATAL.BEST.RO.
12237,JG.PV.HALLOWEE.CEREZ 12X18X20 GR,display,DISPLAY,18,12,12,"Cereal JG en formato 12x18x20 gramos, sabor cereza, para consumo en ocasiones especiales.",Se vende por display. Cada display trae 18 unidades. El bulto trae 12 displays. JG.PV.HALLOWEE.CEREZ 12X18X20 GR.
12238,JG.PV.HALLOWEEN.UVA. 12X18X20 G,display,DISPLAY,18,12,12,"Bebida JG Halloween sabor uva, formato 12x18x20 g.",Se vende por display. Cada display trae 18 unidades. El bulto trae 12 displays. JG.PV.HALLOWEEN.UVA. 12X18X20 G.
12239,JG.PV.HALLO.COL/TUTT 12X18X20 GR,display,DISPLAY,18,12,12,Snack JG.PV.HALLO.COL/TUTT en formato de 12 unidades de 18x20 gramos.,Se vende por display. Cada display trae 18 unidades. El bulto trae 12 displays. JG.PV.HALLO.COL/TUTT 12X18X20 GR.
12240,JG.PV.COLLE.MZNA/MIE 16X18X9GR,display,DISPLAY,18,16,16,"Colle JG, formato de 16x18x9 gramos.",Se vende por display. Cada display trae 18 unidades. El bulto trae 16 displays. JG.PV.COLLE.MZNA/MIE 16X18X9GR.
12241,JG.PV.COLLE.FRUT.BOS 16X18X9G,display,DISPLAY,18,16,16,"Colle Frut Bos de JG, formato de 16x18x9g.",Se vende por display. Cada display trae 18 unidades. El bulto trae 16 displays. JG.PV.COLLE.FRUT.BOS 16X18X9G.
12242,JG.PV.COLLE.MELO/PEP 16X18X9GR,display,DISPLAY,18,16,16,"Colle de melón y pepino JG, formato de 16x18x9 gramos.",Se vende por display. Cada display trae 18 unidades. El bulto trae 16 displays. JG.PV.COLLE.MELO/PEP 16X18X9GR.
12243,CH TL CR MENTA 24X6X15.3GR,display,DISPLAY,6,24,24,"Chicle Trident con sabor a menta, formato de 24 paquetes de 6 piezas de 15.3 gramos.",Se vende por display. Cada display trae 6 unidades. El bulto trae 24 displays. CH TL CR MENTA 24X6X15.3GR.
12244,CH TL CR FRUTILLA 24X6X15.3GR,display,DISPLAY,6,24,24,Chicle TL CR Frutilla en formato de 24 unidades de 6x15.3 gramos.,Se vende por display. Cada display trae 6 unidades. El bulto trae 24 displays. CH TL CR FRUTILLA 24X6X15.3GR.
12248,CHI.MIGLOB.HW.TATTOO,display,DISPLAY,12,6,6,Tatuaje temporal CHI.MIGLOB.HW.TATTOO en formato de hoja.,Se vende por display. Cada display trae 12 unidades. El bulto trae 6 displays. CHI.MIGLOB.HW.TATTOO.
12249,CHUP.EXH.TROMP.UNICO,display,DISPLAY,50,12,12,"Chupón Exh. Trompa Unico, chupón de silicona para bebés, formato estándar.",Se vende por display. Cada display trae 50 unidades. El bulto trae 12 displays. CHUP.EXH.TROMP.UNICO.
12250,CHUP.TROMP.HALLOW.12,display,DISPLAY,50,12,12,Chupetín Trompito sabor Halloween en formato de 12 unidades.,Se vende por display. Cada display trae 50 unidades. El bulto trae 12 displays. CHUP.TROMP.HALLOW.12.
12254,STARLIGHT CRAZY 36X1,display,DISPLAY,23,36,36,Bebida STARLIGHT CRAZY en formato 36X1.,Se vende por display. Cada display trae 23 unidades. El bulto trae 36 displays. STARLIGHT CRAZY 36X1.
12257,ESFERA NAV.ALM CHO A,display,DISPLAY,,12,12,Snack ESFERA NAVIDAD ALMENDRA CHOCOLATE en presentación de 200 gramos.,Se vende por display. El bulto trae 12 displays. ESFERA NAV.ALM CHO A.
12258,ESFERA NAV. ROCKLETS,display,DISPLAY,,12,12,Snack Rocklets en formato esfera navideña.,Se vende por display. El bulto trae 12 displays. ESFERA NAV. ROCKLETS.
12259,ESFERA NAV.MANI CR.A,display,DISPLAY,,12,12,"Esfera navideña de maní crudo, marca ESFERA, formato no especificado.",Se vende por display. El bulto trae 12 displays. ESFERA NAV.MANI CR.A.
12262,ESFERA MORA NAVIDAD,display,DISPLAY,,12,12,Esfera Mora Navidad es un adorno navideño de la marca Mora.,Se vende por display. El bulto trae 12 displays. ESFERA MORA NAVIDAD.
12263,HVITO AGUILA BAND.27,display,DISPLAY,20,27,27,Bebida HVITO AGUILA BAND.27 en formato de 27 litros.,Se vende por display. Cada display trae 20 unidades. El bulto trae 27 displays. HVITO AGUILA BAND.27.
12264,CALABAZA HAL.HUESOS 12X4,display,DISPLAY,136,12,12,"Calabaza Hal. Huesos 12x4, producto alimenticio en formato de 12 unidades de 4 gramos cada una.",Se vende por display. Cada display trae 136 unidades. El bulto trae 12 displays. CALABAZA HAL.HUESOS 12X4.
12279,MASTICABLES CRAZY 10X800G,display,DISPLAY,242,10,10,"Caramelo masticable sabor tutti frutti, marca Crazy, formato 800g.",Se vende por display. Cada display trae 242 unidades. El bulto trae 10 displays. MASTICABLES CRAZY 10X800G.
12282,AL.LIQ NAR/DUR/TE.NEGRO BC 12X1L,display,DISPLAY,,12,12,Bebida AL.LIQ NAR/DUR/TE.NEGRO BC en formato de 12 botellas de 1 litro.,Se vende por display. El bulto trae 12 displays. AL.LIQ NAR/DUR/TE.NEGRO BC 12X1L.
12283,AL.LIQ PER/UVA/TE.VERDE BC 12X1L,display,DISPLAY,,12,12,Bebida AL.LIQ PER/UVA/TE.VERDE en formato de 12 botellas de 1 litro cada una.,Se vende por display. El bulto trae 12 displays. AL.LIQ PER/UVA/TE.VERDE BC 12X1L.
12284,AL.LIQ MANZ/GRA/TE.BLANCO BC 12X1L,display,DISPLAY,,12,12,"Bebida AL.LIQ Manzana/Grosella/Té Blanco, formato de 1 litro, presentación de 12 unidades.",Se vende por display. El bulto trae 12 displays. AL.LIQ MANZ/GRA/TE.BLANCO BC 12X1L.
12289,LONCHERA HVO.AVENGER,display,DISPLAY,7,24,24,Lonchera HVO.AVENGER de diseño práctico y funcional para el transporte de alimentos.,Se vende por display. Cada display trae 7 unidades. El bulto trae 24 displays. LONCHERA HVO.AVENGER.
12290,LONCHERA HVO.FROZEN,display,DISPLAY,7,24,24,Lonchera HVO.FROZEN de diseño temático para el transporte de alimentos.,Se vende por display. Cada display trae 7 unidades. El bulto trae 24 displays. LONCHERA HVO.FROZEN.
12291,CUBANIT.CHO.AGUILA 3,display,DISPLAY,24,32,32,"Cerveza, Cubanito, presentación en lata de 350 ml.",Se vende por display. Cada display trae 24 unidades. El bulto trae 32 displays. CUBANIT.CHO.AGUILA 3.
12305,HUEVO AUTOS LOCOS BO,display,DISPLAY,,12,12,"Huevo Autos Locos BO, juguete de plástico para niños con diseño de autos.",Se vende por display. El bulto trae 12 displays. HUEVO AUTOS LOCOS BO.
12306,HTVO.AGUILA VASO V.2,display,DISPLAY,10,24,24,"Vaso HTVO.AGUILA V.2 de vidrio, diseñado para uso en bebidas frías y calientes.",Se vende por display. Cada display trae 10 unidades. El bulto trae 24 displays. HTVO.AGUILA VASO V.2.
12309,HVO.ROCKLET VASO TER,display,DISPLAY,7,24,24,"Vaso HVO.ROCKLET para tereré, diseñado para mantener la temperatura de las bebidas.",Se vende por display. Cada display trae 7 unidades. El bulto trae 24 displays. HVO.ROCKLET VASO TER.
12310,HVO PIXAR TUPPER 12X,display,DISPLAY,20,12,12,"Tupper HVO Pixar, formato 12 unidades, adecuado para almacenamiento de alimentos.",Se vende por display. Cada display trae 20 unidades. El bulto trae 12 displays. HVO PIXAR TUPPER 12X.
12311,HVO BOB TUPPER 12X20,display,DISPLAY,20,12,12,Bandeja HVO BOB TUPPER en formato 12x20 para almacenamiento y conservación de alimentos.,Se vende por display. Cada display trae 20 unidades. El bulto trae 12 displays. HVO BOB TUPPER 12X20.
12312,HVO.PAW PATROL VASO,display,DISPLAY,7,24,24,"Vaso HVO de la marca Paw Patrol, diseñado para niños y con temática de personajes.",Se vende por display. Cada display trae 7 unidades. El bulto trae 24 displays. HVO.PAW PATROL VASO.
12313,HVO.AVENGER VASO 24X,display,DISPLAY,7,24,24,Vaso HVO.AVENGER en formato de 24 unidades.,Se vende por display. Cada display trae 7 unidades. El bulto trae 24 displays. HVO.AVENGER VASO 24X.
12314,HVO.FROZEN VASO 24X7,display,DISPLAY,7,24,24,Vaso HVO.FROZEN en formato 24x7 para bebidas frías y congeladas.,Se vende por display. Cada display trae 7 unidades. El bulto trae 24 displays. HVO.FROZEN VASO 24X7.
12315,HVO PRINCES.VASO 24X,display,DISPLAY,7,24,24,"Vaso HVO PRINCES, formato 24 unidades, apto para uso en eventos y servicios.",Se vende por display. Cada display trae 7 unidades. El bulto trae 24 displays. HVO PRINCES.VASO 24X.
12316,MENTHOPLUS 2 MENTOL 12X12X28G,display,DISPLAY,12,12,12,"Mentol, MENTHOPLUS, formato 12x12x28g.",Se vende por display. Cada display trae 12 unidades. El bulto trae 12 displays. MENTHOPLUS 2 MENTOL 12X12X28G.
12317,HVO.FROZEN 8X12U.X22,display,DISPLAY,12,8,8,HVO.FROZEN 8X12U.X22 es un producto congelado en formato de 8 unidades por 12.,Se vende por display. Cada display trae 12 unidades. El bulto trae 8 displays. HVO.FROZEN 8X12U.X22.
12318,HVO.AVENGER 8X12U.X2,display,DISPLAY,12,8,8,HVO.AVENGER 8X12U.X2 es un producto de limpieza en formato de 8 unidades por 12.,Se vende por display. Cada display trae 12 unidades. El bulto trae 8 displays. HVO.AVENGER 8X12U.X2.
12319,HVO.PIXAR VASO 24X7U,display,DISPLAY,7,24,24,"Vaso HVO.PIXAR 24X7U de polipropileno, apto para bebidas frías y calientes.",Se vende por display. Cada display trae 7 unidades. El bulto trae 24 displays. HVO.PIXAR VASO 24X7U.
12334,TOPLINE SEVEN MENTHOL 36X16X14G,display,DISPLAY,16,36,36,"Chicle sin azúcar sabor mentol, marca Topline Seven, formato de 14 g por unidad.",Se vende por display. Cada display trae 16 unidades. El bulto trae 36 displays. TOPLINE SEVEN MENTHOL 36X16X14G.
12335,HUEVO AUTOS LOCOS ROCK 12X170G,display,DISPLAY,,12,12,"Huevo Autos Locos Rock 12x170g, producto alimenticio en formato de 12 unidades de 170 gramos.",Se vende por display. El bulto trae 12 displays. HUEVO AUTOS LOCOS ROCK 12X170G.
12336,HVO LEC LIC.AVENGERS,display,DISPLAY,6,4,4,Limpieza HVO LEC LIC.AVENGERS en formato líquido para uso en diversas superficies.,Se vende por display. Cada display trae 6 unidades. El bulto trae 4 displays. HVO LEC LIC.AVENGERS.
12337,HUEVO LECHE PIXAR 4X,display,DISPLAY,6,4,4,"Huevo Leche Pixar 4x, producto lácteo en formato de cuatro unidades.",Se vende por display. Cada display trae 6 unidades. El bulto trae 4 displays. HUEVO LECHE PIXAR 4X.
12341,BARRA CM PROT F.SECO,display,DISPLAY,20,6,6,"Barra de proteína CM en formato seco, diseñada para complementar la ingesta proteica diaria.",Se vende por display. Cada display trae 20 unidades. El bulto trae 6 displays. BARRA CM PROT F.SECO.
12344,MOG. TWIST.VAINILLA 24X200G,display,DISPLAY,40,24,24,"Snack MOG Twist Vainilla en formato de 200g, presentado en caja de 24 unidades.",Se vende por display. Cada display trae 40 unidades. El bulto trae 24 displays. MOG. TWIST.VAINILLA 24X200G.
12345,MOG.PUFFS FRUTILLA 2,display,DISPLAY,34,24,24,Snack MOG.PUFFS FRUTILLA 2 en formato de bolsa.,Se vende por display. Cada display trae 34 unidades. El bulto trae 24 displays. MOG.PUFFS FRUTILLA 2.
12346,MOG.MARSHMALLOWS SAN,display,DISPLAY,77,24,24,Marshmallows MOG en presentación de 200 gramos.,Se vende por display. Cada display trae 77 unidades. El bulto trae 24 displays. MOG.MARSHMALLOWS SAN.
12347,BARBACOA LC SALSA 24X250G,unidad,UNIDAD,,,24,"Alimentos y Almacén: BARBACOA LC SALSA 24X250G, x24 unidades por bulto.",Se vende por unidad. El bulto trae 24 unidades. No viene en display. BARBACOA LC SALSA 24X250G.
12350,CH EXTREME BBERRY 30X20X6.7G,display,DISPLAY,20,30,30,Snack CH EXTREME BBERRY en formato de 30 unidades de 20 gramos cada una.,Se vende por display. Cada display trae 20 unidades. El bulto trae 30 displays. CH EXTREME BBERRY 30X20X6.7G.
12353,MOGUL MORAS 16X250G,display,DISPLAY,62,16,16,"Snack MOGUL MORAS en formato de 250 gramos, presentado en caja de 16 unidades.",Se vende por display. Cada display trae 62 unidades. El bulto trae 16 displays. MOGUL MORAS 16X250G.
12354,MORAS MOGUL 24X70G (,display,DISPLAY,17,24,24,"Moras Mogul en formato de 70g, presentadas en caja de 24 unidades.",Se vende por display. Cada display trae 17 unidades. El bulto trae 24 displays. MORAS MOGUL 24X70G (.
12383,CHUP. MIGLOBS 12X24X,display,DISPLAY,24,12,12,Snack CHUP Miglobs en formato de 12 unidades de 24 gramos cada una.,Se vende por display. Cada display trae 24 unidades. El bulto trae 12 displays. CHUP. MIGLOBS 12X24X.
12385,CHUPETIN EXTREME DUO 12x24x18G,display,DISPLAY,24,12,12,"Chupetín ácido sabor frutilla y cereza, marca Mr. Pops, formato 18g.",Se vende por display. Cada display trae 24 unidades. El bulto trae 12 displays. CHUPETIN EXTREME DUO 12x24x18G.
12388,MOGUL EUCALIPTUS 12X10X50G,display,DISPLAY,10,12,12,"Eucalipto MOGUL en formato de 50 gramos, presentado en cajas de 12 unidades.",Se vende por display. Cada display trae 10 unidades. El bulto trae 12 displays. MOGUL EUCALIPTUS 12X10X50G.
12392,MOGUL FRUTILLAS ACIDAS 6X500G,display,DISPLAY,83,6,6,"Gomitas acidas sabor frutilla, marca Mogul, presentación de 500 g.",Se vende por display. Cada display trae 83 unidades. El bulto trae 6 displays. MOGUL FRUTILLAS ACIDAS 6X500G.
12393,MOGUL OSITOS 6X500G,display,DISPLAY,192,6,6,"Gomitas de ositos sabor naranja y frutilla, marca Mogul, 500 g.",Se vende por display. Cada display trae 192 unidades. El bulto trae 6 displays. MOGUL OSITOS 6X500G.
12394,COFLER YOGURT FRUTILLA 12X10X64G,unidad,UNIDAD,10,12,120,"Chocolates de línea Arcor: COFLER YOGURT FRUTILLA 12X10X64G, presentación mayorista, x120 unidades por bulto.",Se vende por unidad. El display trae 10 unidades. El bulto trae 12 displays (120 unidades). COFLER YOGURT FRUTILLA 12X10X64G.
12397,COFLER RELLENA YOGURT FRUTILLA 8X20X35G,unidad,UNIDAD,20,8,160,"Chocolates: COFLER RELLENA YOGURT FRUTILLA 8X20X35G, x160 unidades por bulto.",Se vende por unidad. El display trae 20 unidades. El bulto trae 8 displays (160 unidades). COFLER RELLENA YOGURT FRUTILLA 8X20X35G.
12413,CRUNCHER POCHOC ROCK,display,DISPLAY,10,8,8,Snack CRUNCHER POCHOC ROCK en formato de bolsa.,Se vende por display. Cada display trae 10 unidades. El bulto trae 8 displays. CRUNCHER POCHOC ROCK.
12414,CRUNCHER BCO ROCK 8X,display,DISPLAY,10,8,8,Snack CRUNCHER BCO ROCK en formato 8X.,Se vende por display. Cada display trae 10 unidades. El bulto trae 8 displays. CRUNCHER BCO ROCK 8X.
12416,BARRA DE ARROZ ARCOR 6X20X16G,display,DISPLAY,20,6,6,"Barra de arroz Arcor, formato 6x20x16g, elaborada con arroz y ingredientes adicionales.",Se vende por display. Cada display trae 20 unidades. El bulto trae 6 displays. BARRA DE ARROZ ARCOR 6X20X16G.
12422,ALF AGUILA MINI BCO 6x20x24gr,display,DISPLAY,20,6,6,Snack ALF AGUILA MINI BCO en formato de 6 paquetes de 20 gramos cada uno.,Se vende por display. Cada display trae 20 unidades. El bulto trae 6 displays. ALF AGUILA MINI BCO 6x20x24gr.
12450,CRIOLLITAS TOSTADAS CLASICA 18x195G,unidad,UNIDAD,,,18,"Galletas y Snacks: CRIOLLITAS TOSTADAS CLASICA 18x195G, x18 unidades por bulto.",Se vende por unidad. El bulto trae 18 unidades. No viene en display. CRIOLLITAS TOSTADAS CLASICA 18x195G.
12451,CRIOLLITAS TOSTADAS SALVADO 18X195G,unidad,UNIDAD,,,18,"Galletas y Snacks: CRIOLLITAS TOSTADAS SALVADO 18X195G, x18 unidades por bulto.",Se vende por unidad. El bulto trae 18 unidades. No viene en display. CRIOLLITAS TOSTADAS SALVADO 18X195G.
12453,CRIOLLITAS TOSTADAS DULCES 18X195G,unidad,UNIDAD,,,18,"Galletas y Snacks: CRIOLLITAS TOSTADAS DULCES 18X195G, x18 unidades por bulto.",Se vende por unidad. El bulto trae 18 unidades. No viene en display. CRIOLLITAS TOSTADAS DULCES 18X195G.
12454,CRIOLLITAS TOSTADAS LIGHT 18X195G,unidad,UNIDAD,,,18,"Galletas y Snacks: CRIOLLITAS TOSTADAS LIGHT 18X195G, x18 unidades por bulto.",Se vende por unidad. El bulto trae 18 unidades. No viene en display. CRIOLLITAS TOSTADAS LIGHT 18X195G.
12489,SNACK SALADIX CROSS PIZZA 60X27G,unidad,UNIDAD,,,60,"Galletas y Snacks: SNACK SALADIX CROSS PIZZA 60X27G, x60 unidades por bulto.",Se vende por unidad. El bulto trae 60 unidades. No viene en display. SNACK SALADIX CROSS PIZZA 60X27G.
12490,SNACK SALADIX CROSS PIZZA 32X67G,unidad,UNIDAD,,,32,"Galletas y Snacks: SNACK SALADIX CROSS PIZZA 32X67G, x32 unidades por bulto.",Se vende por unidad. El bulto trae 32 unidades. No viene en display. SNACK SALADIX CROSS PIZZA 32X67G.
12491,SNACK SALADIX CROSS PIZZA 20X135G,unidad,UNIDAD,,,20,"Galletas y Snacks: SNACK SALADIX CROSS PIZZA 20X135G, x20 unidades por bulto.",Se vende por unidad. El bulto trae 20 unidades. No viene en display. SNACK SALADIX CROSS PIZZA 20X135G.
12497,SNACK SALADIX ORIGINAL 20x58G,unidad,UNIDAD,,,20,"Galletas y Snacks: SNACK SALADIX ORIGINAL 20x58G, x20 unidades por bulto.",Se vende por unidad. El bulto trae 20 unidades. No viene en display. SNACK SALADIX ORIGINAL 20x58G.
12502,SNACK SALADIX BARBACOA 20X95G,unidad,UNIDAD,,,20,"Galletas y Snacks: SNACK SALADIX BARBACOA 20X95G, x20 unidades por bulto.",Se vende por unidad. El bulto trae 20 unidades. No viene en display. SNACK SALADIX BARBACOA 20X95G.
12506,SNACK SALADIX CHEDDAR 20X95G,unidad,UNIDAD,,,20,"Galletas y Snacks: SNACK SALADIX CHEDDAR 20X95G, x20 unidades por bulto.",Se vende por unidad. El bulto trae 20 unidades. No viene en display. SNACK SALADIX CHEDDAR 20X95G.
12544,CONDIMENTO TOMILLO 4X10X15G,unidad,UNIDAD,10,4,40,"Alimentos y Almacén: CONDIMENTO TOMILLO 4X10X15G, x40 unidades por bulto.",Se vende por unidad. El display trae 10 unidades. El bulto trae 4 displays (40 unidades). CONDIMENTO TOMILLO 4X10X15G.
12554,BAÑO REP.FRUT.AGUILA 8 X 6 X 150,display,DISPLAY,6,8,8,"Baño, Rep. Frut. Águila, formato 8 x 6 x 150.",Se vende por display. Cada display trae 6 unidades. El bulto trae 8 displays. BAÑO REP.FRUT.AGUILA 8 X 6 X 150.
12559,SIMPLE DEFENSAS 6X60UN,display,DISPLAY,60,6,6,"Golosinas de línea Arcor: SIMPLE DEFENSAS 6X60UN, presentación mayorista, x6 unidades por bulto.",Se vende por display. Cada display trae 60 unidades. El bulto trae 6 displays. SIMPLE DEFENSAS 6X60UN.
12560,SIMPLE DEFENSAS 12X28UN,display,DISPLAY,28,12,12,"Golosinas de línea Arcor: SIMPLE DEFENSAS 12X28UN, presentación mayorista, x12 unidades por bulto.",Se vende por display. Cada display trae 28 unidades. El bulto trae 12 displays. SIMPLE DEFENSAS 12X28UN.
12561,SIMPLE DIETA CONTROL 24X12X8U,display,DISPLAY,12,24,24,Snack SIMPLE DIETA CONTROL en formato de 24 unidades de 12 gramos cada una.,Se vende por display. Cada display trae 12 unidades. El bulto trae 24 displays. SIMPLE DIETA CONTROL 24X12X8U.
12567,SIMPLE VITALIDAD DOY PACK 12X28UN,display,DISPLAY,28,12,12,"Suplemento nutricional en gomitas sabor frutilla, marca Bago, formato doypack.",Se vende por display. Cada display trae 28 unidades. El bulto trae 12 displays. SIMPLE VITALIDAD DOY PACK 12X28UN.
12568,SIMPLE CALCIO DOY PACK 12X28UN,display,DISPLAY,28,12,12,"Suplemento de calcio y vitamina D, marca Simple, formato doypack de 12x28 unidades.",Se vende por display. Cada display trae 28 unidades. El bulto trae 12 displays. SIMPLE CALCIO DOY PACK 12X28UN.
12575,ROCKLETS NICKELODEON,display,DISPLAY,24,12,12,Snack ROCKLETS NICKELODEON en presentación de 100 gramos.,Se vende por display. Cada display trae 24 unidades. El bulto trae 12 displays. ROCKLETS NICKELODEON.
12576,CELOFAN LECHE Y MANI 12X30X25G,display,DISPLAY,30,12,12,"Chocolates: CELOFAN LECHE Y MANI 12X30X25G, x360 unidades por bulto.",Se vende por display. Cada display trae 30 unidades. El bulto trae 12 displays. CELOFAN LECHE Y MANI 12X30X25G.
12577,HELADERAS BEBIDAS MI,unidad,BULTO,,,1,"Heladeras Bebidas MI, diseñadas para el almacenamiento eficiente de bebidas frías.",Se vende por bulto. HELADERAS BEBIDAS MI.
12580,BARR COOKIES/CÂ SIMPLE 6X16X45,display,DISPLAY,16,6,6,Galletas Barr Cookies/Câ Simple en formato 6x16x45 gramos.,Se vende por display. Cada display trae 16 unidades. El bulto trae 6 displays. BARR COOKIES/CÂ SIMPLE 6X16X45.
12581,BARRA CAPPUCCINO SIMPLE 6X16X45,display,DISPLAY,16,6,6,"Barra Cappuccino Simple 6x16x45, presentación en formato de 6 unidades de 45 gramos cada una.",Se vende por display. Cada display trae 16 unidades. El bulto trae 6 displays. BARRA CAPPUCCINO SIMPLE 6X16X45.
12582,CHUP. EXTREME DUO 12,display,DISPLAY,24,12,12,Snack CHUP. EXTREME DUO 12 en presentación de 12 unidades.,Se vende por display. Cada display trae 24 unidades. El bulto trae 12 displays. CHUP. EXTREME DUO 12.
12591,MOG.SOPA TENEBROSA 2,display,DISPLAY,16,24,24,"Sopa Tenebrosa 2 de MOG, presentación en formato de 500 gramos.",Se vende por display. Cada display trae 16 unidades. El bulto trae 24 displays. MOG.SOPA TENEBROSA 2.
12593,MAST.HALLOWEEN 20X39,display,DISPLAY,120,20,20,"Mast.Halloween, papel de regalo en formato 20x39 cm, diseñado para decoraciones temáticas.",Se vende por display. Cada display trae 120 unidades. El bulto trae 20 displays. MAST.HALLOWEEN 20X39.
12601,CHUP.MEGA COSMO SURT,display,DISPLAY,24,15,15,Chup. Mega Cosmo Surt es un producto de golosinas en formato surtido.,Se vende por display. Cada display trae 24 unidades. El bulto trae 15 displays. CHUP.MEGA COSMO SURT.
12607,BIZCOCHUELO SIN TACC VAINILLA 12X500G,unidad,UNIDAD,,,12,"Alimentos y Almacén: BIZCOCHUELO SIN TACC VAINILLA 12X500G, x12 unidades por bulto.",Se vende por unidad. El bulto trae 12 unidades. No viene en display. BIZCOCHUELO SIN TACC VAINILLA 12X500G.
12608,BIZCOCHUELO SIN TACC CHOCOLATE 12X500G,unidad,UNIDAD,,,12,"Alimentos y Almacén: BIZCOCHUELO SIN TACC CHOCOLATE 12X500G, x12 unidades por bulto.",Se vende por unidad. El bulto trae 12 unidades. No viene en display. BIZCOCHUELO SIN TACC CHOCOLATE 12X500G.
12623,AGUILA SEMIAMARGO X 16 u 63G (80CC),unidad,BULTO,,,16,Bebida AGUILA SEMIAMARGO en formato de 16 unidades de 63g (80cc).,Se vende por bulto de 16 unidades. AGUILA SEMIAMARGO X 16 u 63G (80CC).
12625,CEREAL MIX YOGURT FRUTILLA LIGHT 6X20X26G,unidad,UNIDAD,20,6,120,"Golosinas: CEREAL MIX YOGURT FRUTILLA LIGHT 6X20X26G, x120 unidades por bulto.",Se vende por unidad. El display trae 20 unidades. El bulto trae 6 displays (120 unidades). CEREAL MIX YOGURT FRUTILLA LIGHT 6X20X26G.
12626,CEREAL MIX YOGURT FRUTILLA 6x20x26G,unidad,UNIDAD,20,6,120,"Golosinas: CEREAL MIX YOGURT FRUTILLA 6x20x26G, x120 unidades por bulto.",Se vende por unidad. El display trae 20 unidades. El bulto trae 6 displays (120 unidades). CEREAL MIX YOGURT FRUTILLA 6x20x26G.
12628,CEREAL MIX YOG/VAI. 6X20X26G,display,DISPLAY,20,6,6,"Cereal, Mix Yog/Vai, formato 6x20x26g.",Se vende por display. Cada display trae 20 unidades. El bulto trae 6 displays. CEREAL MIX YOG/VAI. 6X20X26G.
12631,POLENTA PRESTOPRONTA ESPINACA Y CREMA 42X250G,unidad,UNIDAD,,,42,"Alimentos y Almacén: POLENTA PRESTOPRONTA ESPINACA Y CREMA 42X250G, x42 unidades por bulto.",Se vende por unidad. El bulto trae 42 unidades. No viene en display. POLENTA PRESTOPRONTA ESPINACA Y CREMA 42X250G.
12632,POLENTA PRESTOPRONTA PANCETA Y QUESO 42x250G,unidad,UNIDAD,,,42,"Alimentos y Almacén: POLENTA PRESTOPRONTA PANCETA Y QUESO 42x250G, x42 unidades por bulto.",Se vende por unidad. El bulto trae 42 unidades. No viene en display. POLENTA PRESTOPRONTA PANCETA Y QUESO 42x250G.
12648,MINI PALLET SURT.BOM X 48 DISPLAY,unidad,BULTO,3,16,48,"Mini pallet surtido de bombones, 48 unidades en display.",Se vende por bulto de 48 unidades. MINI PALLET SURT.BOM X 48 DISPLAY.
12680,HOGAREÑAS MIX CEREAL 12X3X185G,display,DISPLAY,3,12,12,Snack HOGAREÑAS MIX CEREAL en formato de 12 paquetes de 185 gramos cada uno.,Se vende por display. Cada display trae 3 unidades. El bulto trae 12 displays. HOGAREÑAS MIX CEREAL 12X3X185G.
12682,HOGAREÑAS 7 SEMILLAS 12X3X189G,display,DISPLAY,,12,12,Snack HOGAREÑAS 7 SEMILLAS en formato de 189 gramos.,Se vende por display. El bulto trae 12 displays. HOGAREÑAS 7 SEMILLAS 12X3X189G.
12683,CAR.MP ZERO SANDIA 12X12X8,display,DISPLAY,12,12,12,Bebida CAR.MP ZERO SANDIA en formato de 12 unidades de 12 onzas cada una.,Se vende por display. Cada display trae 12 unidades. El bulto trae 12 displays. CAR.MP ZERO SANDIA 12X12X8.
12691,MIX TURRONES Y TABLETAS 8X15UN,display,DISPLAY,15,8,8,MIX TURRONES Y TABLETAS 8X15UN incluye una variedad de turrones y tabletas en formato de 8x15 unidades.,Se vende por display. Cada display trae 15 unidades. El bulto trae 8 displays. MIX TURRONES Y TABLETAS 8X15UN.
12693,MERMELADA ARCOR SIN AZCUCAR NARANJA 12X390G,unidad,UNIDAD,,,12,"Alimentos y Almacén: MERMELADA ARCOR SIN AZCUCAR NARANJA 12X390G, x12 unidades por bulto.",Se vende por unidad. El bulto trae 12 unidades. No viene en display. MERMELADA ARCOR SIN AZCUCAR NARANJA 12X390G.
12694,PINTA LENGUA LOTSA FIZZ 12X49,display,DISPLAY,130,12,12,Bebida Pinta Lengua Lotsa Fizz en formato de 12 unidades de 49 ml cada una.,Se vende por display. Cada display trae 130 unidades. El bulto trae 12 displays. PINTA LENGUA LOTSA FIZZ 12X49.
12697,BATATA VAINILLA LC ESTUCHE 12X500G,unidad,UNIDAD,,,12,"Alimentos y Almacén: BATATA VAINILLA LC ESTUCHE 12X500G, x12 unidades por bulto.",Se vende por unidad. El bulto trae 12 unidades. No viene en display. BATATA VAINILLA LC ESTUCHE 12X500G.
12706,"AG.MENTHOPLUS.MTOL.60X3X29,4G",display,DISPLAY,3,60,60,"Menta, AG Menthoplus, formato de 60 unidades de 3x29,4 gramos.","Se vende por display. Cada display trae 3 unidades. El bulto trae 60 displays. AG.MENTHOPLUS.MTOL.60X3X29,4G."
12709,CHUP.MR.P.MONST.BI-P,display,DISPLAY,50,12,12,Snack CHUP Mr. P en formato de monstruo bi-p.,Se vende por display. Cada display trae 50 unidades. El bulto trae 12 displays. CHUP.MR.P.MONST.BI-P.
1271,SAPITO MANI 8X24X10G,display,DISPLAY,24,8,8,Snack Sapito Mani en formato de 8 bolsas de 24 gramos cada una.,Se vende por display. Cada display trae 24 unidades. El bulto trae 8 displays. SAPITO MANI 8X24X10G.
12710,HELADO EXTREME SANDIA 30X50G,unidad,BULTO,,,30,"Helados de línea Arcor: HELADO EXTREME SANDIA 30X50G, presentación mayorista.",Se vende por bulto de 30 unidades. HELADO EXTREME SANDIA 30X50G.
12711,H. MR POPS TUBIX 24X50GR,unidad,BULTO,24,24,576,"Snack H. MR POPS en formato Tubix de 50 gramos, presentado en caja de 24 unidades.",Se vende por bulto de 576 unidades. H. MR POPS TUBIX 24X50GR.
12712,CONO AR CHOCAME 12X8,unidad,BULTO,,,12,Cono Ar Chocame 12x8 es un postre helado en formato de cono.,Se vende por bulto de 12 unidades. CONO AR CHOCAME 12X8.
12718,BUDIN ARCOR CON FRUTA 18X215G,unidad,UNIDAD,,,18,"Galletas y Snacks: BUDIN ARCOR CON FRUTA 18X215G, x18 unidades por bulto.",Se vende por unidad. El bulto trae 18 unidades. No viene en display. BUDIN ARCOR CON FRUTA 18X215G.
1272,SAPITO FRUTILLA 8X24X10G,display,DISPLAY,24,8,8,"Snack SAPITO FRUTILLA en formato de 10 gramos, presentado en cajas de 24 unidades.",Se vende por display. Cada display trae 24 unidades. El bulto trae 8 displays. SAPITO FRUTILLA 8X24X10G.
12722,BUDIN BAGLEY CON FRUTA 18X215G,unidad,UNIDAD,,,18,"Galletas y Snacks: BUDIN BAGLEY CON FRUTA 18X215G, x18 unidades por bulto.",Se vende por unidad. El bulto trae 18 unidades. No viene en display. BUDIN BAGLEY CON FRUTA 18X215G.
12737,BUT. TOFFEES COCO 6X822G,display,DISPLAY,137,6,6,Toffees de coco marca BUT en formato de 6 paquetes de 822 gramos cada uno.,Se vende por display. Cada display trae 137 unidades. El bulto trae 6 displays. BUT. TOFFEES COCO 6X822G.
12753,AZUCAR ARCOR 10X1KG,unidad,BULTO,,,10,"Alimentos y Almacén: AZUCAR ARCOR 10X1KG, x10 unidades por bulto.",Se vende por bulto de 10 unidades. AZUCAR ARCOR 10X1KG.
12757,HELADO PALITO BOMBON POR 6 12X6X40G,display,DISPLAY,6,12,12,"Helados: HELADO PALITO BOMBON POR 6 12X6X40G, x12 unidades por bulto.",Se vende por display. Cada display trae 6 unidades. El bulto trae 12 displays. HELADO PALITO BOMBON POR 6 12X6X40G.
12758,MINI COFLER ALMENDRAS 12X4X50G,display,DISPLAY,4,12,12,"Snack MINI COFLER ALMENDRAS en formato de 50g, presentado en caja de 12 unidades.",Se vende por display. Cada display trae 4 unidades. El bulto trae 12 displays. MINI COFLER ALMENDRAS 12X4X50G.
12776,POSTRE.BC.VAINILLA.6X8X50GR,display,DISPLAY,8,6,6,Postre BC Vainilla en formato de 6 unidades de 50 gramos cada una.,Se vende por display. Cada display trae 8 unidades. El bulto trae 6 displays. POSTRE.BC.VAINILLA.6X8X50GR.
12777,POSTRE.BC.LIMON.CREMA.6X8X50GR,display,DISPLAY,8,6,6,"Postre de crema de limón, marca BC, formato de 6 unidades de 50 gramos cada una.",Se vende por display. Cada display trae 8 unidades. El bulto trae 6 displays. POSTRE.BC.LIMON.CREMA.6X8X50GR.
12778,POSTRE.BC.CHOCOLATE.6X8X60GR,display,DISPLAY,8,6,6,"Postre BC chocolate en formato de 60 gramos, presentado en cajas de 6 unidades.",Se vende por display. Cada display trae 8 unidades. El bulto trae 6 displays. POSTRE.BC.CHOCOLATE.6X8X60GR.
12779,GELATINA.MOGUL.SANDIA.6X8X30GR,display,DISPLAY,8,6,6,"Gelatina Mogul Sandía en formato de 30 gramos, presentación de 6 unidades.",Se vende por display. Cada display trae 8 unidades. El bulto trae 6 displays. GELATINA.MOGUL.SANDIA.6X8X30GR.
12782,CALABAZA-CRUNCH 18X5,display,DISPLAY,,18,18,"Snack Calabaza-Crunch 18x5, presentado en formato de 18 unidades de 5 gramos cada una.",Se vende por display. El bulto trae 18 displays. CALABAZA-CRUNCH 18X5.
12783,CALABAZA-CRUNCH 28X8,display,DISPLAY,,28,28,"Snack Calabaza-Crunch 28x8, elaborado con calabaza deshidratada y presentado en formato de 28 gramos.",Se vende por display. El bulto trae 28 displays. CALABAZA-CRUNCH 28X8.
12784,LATA BUTTER TOF.12X3,display,DISPLAY,54,12,12,Lata Butter Tof de 12 unidades de 3 gramos cada una.,Se vende por display. Cada display trae 54 unidades. El bulto trae 12 displays. LATA BUTTER TOF.12X3.
12788,CALAB.MASTIC.FTUT.12,display,DISPLAY,,12,12,Calabaza Mastic FTUT en formato de 12 unidades.,Se vende por display. El bulto trae 12 displays. CALAB.MASTIC.FTUT.12.
12790,ARCOR COOKIES 20X81G,unidad,BULTO,,,20,Galletas ARCOR en formato de 20 paquetes de 81 gramos cada uno.,Se vende por bulto de 20 unidades. ARCOR COOKIES 20X81G.
12794,GALLETAS COFLER 30X120G,unidad,UNIDAD,,,30,"Galletas y Snacks: GALLETAS COFLER 30X120G, x30 unidades por bulto.",Se vende por unidad. El bulto trae 30 unidades. No viene en display. GALLETAS COFLER 30X120G.
12795,"BUT.TOF.LECHE6X907,5",display,DISPLAY,165,6,6,"Bebida BUT.TOF de leche en formato de 6 unidades de 907,5 ml cada una.","Se vende por display. Cada display trae 165 unidades. El bulto trae 6 displays. BUT.TOF.LECHE6X907,5."
12799,BUTTER TOFFEES LECHE,display,DISPLAY,16,48,48,"Caramelo, Butter Toffees Leche, presentado en bolsa de 200 gramos.",Se vende por display. Cada display trae 16 unidades. El bulto trae 48 displays. BUTTER TOFFEES LECHE.
12800,BUTTER TOFFEES CHOCOLATE48X90G,display,DISPLAY,15,48,48,"Caramelo Butter Toffees Chocolate en formato de 90g, presentado en caja de 48 unidades.",Se vende por display. Cada display trae 15 unidades. El bulto trae 48 displays. BUTTER TOFFEES CHOCOLATE48X90G.
12801,BUTTER TOFFEES BON O BON48X90G,display,DISPLAY,15,48,48,"Caramelo, Bon o Bon, formato 48x90g.",Se vende por display. Cada display trae 15 unidades. El bulto trae 48 displays. BUTTER TOFFEES BON O BON48X90G.
12805,JG.PV.BC.POM.AMARILL.16X18X9 G,display,DISPLAY,18,16,16,Bebida JG POM Amarillo en formato de 16x18x9 gramos.,Se vende por display. Cada display trae 18 unidades. El bulto trae 16 displays. JG.PV.BC.POM.AMARILL.16X18X9 G.
12809,ROCK WHITE HALLOWEEN,display,DISPLAY,24,12,12,Bebida ROCK WHITE HALLOWEEN en formato de 750 ml.,Se vende por display. Cada display trae 24 unidades. El bulto trae 12 displays. ROCK WHITE HALLOWEEN.
12812,HVO.VASO TRANSFOR.24X7U.X10G,display,DISPLAY,7,24,24,"Vaso HVO Transform de 10 gramos, presentación de 24 unidades por paquete.",Se vende por display. Cada display trae 7 unidades. El bulto trae 24 displays. HVO.VASO TRANSFOR.24X7U.X10G.
12835,CHIC POOSH TUTTI FRUTTI 18X250,display,DISPLAY,50,18,18,"Snack Chic Poosh Tutti Frutti en formato de 250 gramos, presentado en caja de 18 unidades.",Se vende por display. Cada display trae 50 unidades. El bulto trae 18 displays. CHIC POOSH TUTTI FRUTTI 18X250.
12837,CHIC POOSH FRUTILLA 18X250G,display,DISPLAY,50,18,18,"Snack CHIC POOSH FRUTILLA en formato de 250g, presentado en caja de 18 unidades.",Se vende por display. Cada display trae 50 unidades. El bulto trae 18 displays. CHIC POOSH FRUTILLA 18X250G.
12841,AGRUP.PICADITA DULCE 18X320G,display,DISPLAY,4,18,18,"Picadita dulce Agrup, formato de 320g, presentado en caja de 18 unidades.",Se vende por display. Cada display trae 4 unidades. El bulto trae 18 displays. AGRUP.PICADITA DULCE 18X320G.
12842,MOGUL FRUTILLAS ACIDAS 24X150G,display,DISPLAY,23,24,24,"Snack MOGUL frutillas ácidas en formato de 150g, presentado en caja de 24 unidades.",Se vende por display. Cada display trae 23 unidades. El bulto trae 24 displays. MOGUL FRUTILLAS ACIDAS 24X150G.
12843,HVO.VASO P.PATROL P.G 24X70G,display,DISPLAY,7,24,24,"Vaso HVO.Patrol P.G de 70g, presentado en formato de 24 unidades.",Se vende por display. Cada display trae 7 unidades. El bulto trae 24 displays. HVO.VASO P.PATROL P.G 24X70G.
12844,HVO.VASO TERM.SIRENA 24X7X10G,display,DISPLAY,7,24,24,"Vaso térmico Sirena de HVO, dimensiones 24x7x10 cm, diseñado para mantener la temperatura de líquidos.",Se vende por display. Cada display trae 7 unidades. El bulto trae 24 displays. HVO.VASO TERM.SIRENA 24X7X10G.
12852,CARAMELO ARCOR MINI CHERRY 10X800G,display,DISPLAY,400,10,10,"Golosinas: CARAMELO ARCOR MINI CHERRY 10X800G, x10 unidades por bulto.",Se vende por display. Cada display trae 400 unidades. El bulto trae 10 displays. CARAMELO ARCOR MINI CHERRY 10X800G.
12853,CARAMELO ARCOR STRONG10X800G,display,DISPLAY,400,10,10,"Caramelo Arcor Strong, formato 800g.",Se vende por display. Cada display trae 400 unidades. El bulto trae 10 displays. CARAMELO ARCOR STRONG10X800G.
12862,JG.PV.NARANJA/VERBEN,display,DISPLAY,18,16,16,Bebida JG en formato de naranja y verbena.,Se vende por display. Cada display trae 18 unidades. El bulto trae 16 displays. JG.PV.NARANJA/VERBEN.
12863,JG.PV.LIMONADA/PEPIN,display,DISPLAY,18,16,16,Bebida JG en formato de limonada con pepino.,Se vende por display. Cada display trae 18 unidades. El bulto trae 16 displays. JG.PV.LIMONADA/PEPIN.
12864,JG.PV.BC.POMEL/CEDRO,display,DISPLAY,18,16,16,Bebida JG en formato pomelo y cedro.,Se vende por display. Cada display trae 18 unidades. El bulto trae 16 displays. JG.PV.BC.POMEL/CEDRO.
12866,HVO.SIRENA PENCI 8X12X22GR,display,DISPLAY,12,8,8,Snack HVO.SIRENA en formato de 8x12x22g.,Se vende por display. Cada display trae 12 unidades. El bulto trae 8 displays. HVO.SIRENA PENCI 8X12X22GR.
12869,RAPTOR BARRA PLANT PROTEIN CACAO 6X16X45G,unidad,UNIDAD,16,6,96,"Golosinas: RAPTOR BARRA PLANT PROTEIN CACAO 6X16X45G, x96 unidades por bulto.",Se vende por unidad. El display trae 16 unidades. El bulto trae 6 displays (96 unidades). RAPTOR BARRA PLANT PROTEIN CACAO 6X16X45G.
12882,MOGUL JELLY BUTTONS 16X220G,display,DISPLAY,46,16,16,Gomitas MOGUL JELLY BUTTONS en formato de 16 paquetes de 220 gramos cada uno.,Se vende por display. Cada display trae 46 unidades. El bulto trae 16 displays. MOGUL JELLY BUTTONS 16X220G.
12890,MOGUL ANILLOS 16X220G,display,DISPLAY,34,16,16,Snack MOGUL Anillos en formato de 220 gramos.,Se vende por display. Cada display trae 34 unidades. El bulto trae 16 displays. MOGUL ANILLOS 16X220G.
12891,MOGUL EUCALIPTUS 16X220G.,display,DISPLAY,42,16,16,Eucalipto MOGUL en formato de 16 paquetes de 220 gramos cada uno.,Se vende por display. Cada display trae 42 unidades. El bulto trae 16 displays. MOGUL EUCALIPTUS 16X220G.
12897,COFLER LECHE 36X140G,unidad,UNIDAD,36,,36,"Chocolates de línea Arcor: COFLER LECHE 36X140G, presentación mayorista, x36 unidades por bulto.",Se vende por unidad. El display trae 36 unidades. El bulto trae 36 unidades. COFLER LECHE 36X140G.
12898,COFLER BLANCO CHOCOLINA 36X140G,unidad,UNIDAD,36,,36,"Chocolates de línea Arcor: COFLER BLANCO CHOCOLINA 36X140G, presentación mayorista, x36 unidades por bulto.",Se vende por unidad. El display trae 36 unidades. El bulto trae 36 unidades. COFLER BLANCO CHOCOLINA 36X140G.
12899,COFLER ALMENDRAS 36X140G,unidad,UNIDAD,36,,36,"Chocolates de línea Arcor: COFLER ALMENDRAS 36X140G, presentación mayorista, x36 unidades por bulto.",Se vende por unidad. El display trae 36 unidades. El bulto trae 36 unidades. COFLER ALMENDRAS 36X140G.
12901,AGUILA TAZA FAMILIAR 4X15X150G,unidad,UNIDAD,15,4,60,"Chocolates de línea Arcor: AGUILA TAZA FAMILIAR 4X15X150G, presentación mayorista, x60 unidades por bulto.",Se vende por unidad. El display trae 15 unidades. El bulto trae 4 displays (60 unidades). AGUILA TAZA FAMILIAR 4X15X150G.
12902,AGUILA 60% CACAO 4x15x150G,unidad,UNIDAD,15,4,60,"Chocolates de línea Arcor: AGUILA 60% CACAO 4x15x150G, presentación mayorista, x60 unidades por bulto.",Se vende por unidad. El display trae 15 unidades. El bulto trae 4 displays (60 unidades). AGUILA 60% CACAO 4x15x150G.
12903,AGUILA 70% CACAO 4X15X150G,unidad,UNIDAD,15,4,60,"Chocolates de línea Arcor: AGUILA 70% CACAO 4X15X150G, presentación mayorista, x60 unidades por bulto.",Se vende por unidad. El display trae 15 unidades. El bulto trae 4 displays (60 unidades). AGUILA 70% CACAO 4X15X150G.
12904,MANI BAÑADO ARCOR 12X16X35G,display,DISPLAY,16,12,12,"Golosinas de línea Arcor: MANI BAÑADO ARCOR 12X16X35G, presentación mayorista, x12 unidades por bulto.",Se vende por display. Cada display trae 16 unidades. El bulto trae 12 displays. MANI BAÑADO ARCOR 12X16X35G.
12907,BARRA ROCKLETS 6X20X44G,unidad,UNIDAD,20,6,120,"Chocolates de línea Arcor: BARRA ROCKLETS 6X20X44G, presentación mayorista, x120 unidades por bulto.",Se vende por unidad. El display trae 20 unidades. El bulto trae 6 displays (120 unidades). BARRA ROCKLETS 6X20X44G.
1291,SAPITO CHOCOLATOSO 8X24X10G,display,DISPLAY,24,8,8,Snack SAPITO CHOCOLATOSO en formato 8x24x10g.,Se vende por display. Cada display trae 24 unidades. El bulto trae 8 displays. SAPITO CHOCOLATOSO 8X24X10G.
12921,AIREADO COFLER RELLENO BONOBON 8X20X30G,unidad,UNIDAD,20,8,160,"Chocolates: AIREADO COFLER RELLENO BONOBON 8X20X30G, x160 unidades por bulto.",Se vende por unidad. El display trae 20 unidades. El bulto trae 8 displays (160 unidades). AIREADO COFLER RELLENO BONOBON 8X20X30G.
12927,PURE TOMATE ARCOR 24X210G,unidad,UNIDAD,,,24,"Alimentos y Almacén: PURE TOMATE ARCOR 24X210G, x24 unidades por bulto.",Se vende por unidad. El bulto trae 24 unidades. No viene en display. PURE TOMATE ARCOR 24X210G.
12929,COMBO LUNCH+JUGO ARC,display,DISPLAY,8,6,6,Combo Lunch con Jugo ARC en formato individual.,Se vende por display. Cada display trae 8 unidades. El bulto trae 6 displays. COMBO LUNCH+JUGO ARC.
12930,MINI AGUILA CHO BAND. 16X6X24G,display,DISPLAY,6,16,16,Snack MINI AGUILA CHO BAND en formato de 24 gramos.,Se vende por display. Cada display trae 6 unidades. El bulto trae 16 displays. MINI AGUILA CHO BAND. 16X6X24G.
12961,SNACK SALADIX PAPA CREMA CEBOLLA 20X95G,unidad,UNIDAD,,,20,"Galletas y Snacks: SNACK SALADIX PAPA CREMA CEBOLLA 20X95G, x20 unidades por bulto.",Se vende por unidad. El bulto trae 20 unidades. No viene en display. SNACK SALADIX PAPA CREMA CEBOLLA 20X95G.
12963,SNACK SALADIX CROSS ORIGINAL 32X67G,unidad,UNIDAD,,,32,"Galletas y Snacks: SNACK SALADIX CROSS ORIGINAL 32X67G, x32 unidades por bulto.",Se vende por unidad. El bulto trae 32 unidades. No viene en display. SNACK SALADIX CROSS ORIGINAL 32X67G.
12964,SNACK SALADIX CROSS ORIGINAL 20X135G,unidad,UNIDAD,,,20,"Galletas y Snacks: SNACK SALADIX CROSS ORIGINAL 20X135G, x20 unidades por bulto.",Se vende por unidad. El bulto trae 20 unidades. No viene en display. SNACK SALADIX CROSS ORIGINAL 20X135G.
12976,ALFAJOR BONOBON MINI 16X6X24G,display,DISPLAY,6,16,16,"Golosinas de línea Arcor: ALFAJOR BONOBON MINI 16X6X24G, presentación mayorista, x16 unidades por bulto.",Se vende por display. Cada display trae 6 unidades. El bulto trae 16 displays. ALFAJOR BONOBON MINI 16X6X24G.
12978,BOM BOB DD.LECHE 24X12X16G,display,DISPLAY,12,24,24,Snack BOM BOB DD.LECHE en formato 24x12x16g.,Se vende por display. Cada display trae 12 unidades. El bulto trae 24 displays. BOM BOB DD.LECHE 24X12X16G.
12983,CAR.SIMP.VITAC.D.LEC,display,DISPLAY,60,12,12,Simpson Vitac D Lec es un complemento vitamínico en formato líquido.,Se vende por display. Cada display trae 60 unidades. El bulto trae 12 displays. CAR.SIMP.VITAC.D.LEC.
12988,EXTRACTO TOMATE LC 12X180G,unidad,UNIDAD,,,12,"Alimentos y Almacén: EXTRACTO TOMATE LC 12X180G, x12 unidades por bulto.",Se vende por unidad. El bulto trae 12 unidades. No viene en display. EXTRACTO TOMATE LC 12X180G.
12989,MERMELADA LC SELECCIÓN FRUTILLA 12X390G,unidad,UNIDAD,,,12,"Alimentos y Almacén: MERMELADA LC SELECCIÓN FRUTILLA 12X390G, x12 unidades por bulto.",Se vende por unidad. El bulto trae 12 unidades. No viene en display. MERMELADA LC SELECCIÓN FRUTILLA 12X390G.
12990,MERMELADA LC SELECCIÓN DURAZNO 12X390G,unidad,UNIDAD,,,12,"Alimentos y Almacén: MERMELADA LC SELECCIÓN DURAZNO 12X390G, x12 unidades por bulto.",Se vende por unidad. El bulto trae 12 unidades. No viene en display. MERMELADA LC SELECCIÓN DURAZNO 12X390G.
12991,MERMELADA LC SELECCIÓN FRUTOS ROJOS 12X390G,unidad,UNIDAD,,,12,"Alimentos y Almacén: MERMELADA LC SELECCIÓN FRUTOS ROJOS 12X390G, x12 unidades por bulto.",Se vende por unidad. El bulto trae 12 unidades. No viene en display. MERMELADA LC SELECCIÓN FRUTOS ROJOS 12X390G.
12994,ATUN LC DESMENUZADO ACEITE 24X170G,unidad,UNIDAD,,,24,"Alimentos y Almacén: ATUN LC DESMENUZADO ACEITE 24X170G, x24 unidades por bulto.",Se vende por unidad. El bulto trae 24 unidades. No viene en display. ATUN LC DESMENUZADO ACEITE 24X170G.
12996,ENSALADA ATUN LC ROJA 24X180G,unidad,UNIDAD,,,24,"Alimentos y Almacén: ENSALADA ATUN LC ROJA 24X180G, x24 unidades por bulto.",Se vende por unidad. El bulto trae 24 unidades. No viene en display. ENSALADA ATUN LC ROJA 24X180G.
13000,SALSA ARCOR ROSA 24X340G,unidad,UNIDAD,,,24,"Alimentos y Almacén: SALSA ARCOR ROSA 24X340G, x24 unidades por bulto.",Se vende por unidad. El bulto trae 24 unidades. No viene en display. SALSA ARCOR ROSA 24X340G.
13001,SALSA ARCOR BOLOGNESA 24X340G,unidad,UNIDAD,,,24,"Alimentos y Almacén: SALSA ARCOR BOLOGNESA 24X340G, x24 unidades por bulto.",Se vende por unidad. El bulto trae 24 unidades. No viene en display. SALSA ARCOR BOLOGNESA 24X340G.
13004,CHICLE POOSH FRUTIS 18X202G.,display,DISPLAY,45,18,18,Chicle Poosh Frutis en formato de 18 paquetes de 202 gramos cada uno.,Se vende por display. Cada display trae 45 unidades. El bulto trae 18 displays. CHICLE POOSH FRUTIS 18X202G.
13010,MOGUL RODAJAS ACIDAS 12X10X50G,display,DISPLAY,10,12,12,"Snack MOGUL rodajas ácidas en formato de 50g, presentación de 12 unidades por caja.",Se vende por display. Cada display trae 10 unidades. El bulto trae 12 displays. MOGUL RODAJAS ACIDAS 12X10X50G.
13011,MOGUL EUCALIPTUS 12X10X50G,display,DISPLAY,10,12,12,"Eucalipto MOGUL en presentación de 50 gramos, disponible en caja de 12 unidades.",Se vende por display. Cada display trae 10 unidades. El bulto trae 12 displays. MOGUL EUCALIPTUS 12X10X50G.
13012,MOGUL FRUTALES 12X10X50G,display,DISPLAY,10,12,12,Snack MOGUL FRUTALES en formato de 12 paquetes de 50 gramos cada uno.,Se vende por display. Cada display trae 10 unidades. El bulto trae 12 displays. MOGUL FRUTALES 12X10X50G.
13013,MINI COFLER LECHE 16X16X18G,display,DISPLAY,16,16,16,Snack MINI COFLER LECHE en formato de 16 unidades de 18 gramos cada una.,Se vende por display. Cada display trae 16 unidades. El bulto trae 16 displays. MINI COFLER LECHE 16X16X18G.
13015,"MOGUL CONITOS X1,1 K",display,DISPLAY,500,6,6,"Conito MOGUL en formato de 1,1 kg.","Se vende por display. Cada display trae 500 unidades. El bulto trae 6 displays. MOGUL CONITOS X1,1 K."
13016,JELLY BUTT 6X1.1 KG,display,DISPLAY,234,6,6,Gelatina Jelly Butt en formato de 6 unidades de 1.1 kg cada una.,Se vende por display. Cada display trae 234 unidades. El bulto trae 6 displays. JELLY BUTT 6X1.1 KG.
13017,COFLER BLOCK 64X170G,unidad,UNIDAD,,,64,"Chocolates de línea Arcor: COFLER BLOCK 64X170G, presentación mayorista, x64 unidades por bulto.",Se vende por unidad. El bulto trae 64 unidades. No viene en display. COFLER BLOCK 64X170G.
13020,HELADO TRES CREMAS FRUTILLA AMERICANA Y DULCE DE LECHE 8Ux1KG,display,DISPLAY,,8,8,"Helados: HELADO TRES CREMAS FRUTILLA AMERICANA Y DULCE DE LECHE 8U…, x8 unidades por bulto.",Se vende por display. El bulto trae 8 displays. HELADO TRES CREMAS FRUTILLA AMERICANA Y DULCE DE LECHE 8Ux1KG.
13023,MOGUL OSO EXTREME 12X10X50G,display,DISPLAY,10,12,12,"Gomitas en forma de oso sabor frutilla, marca Mogul, 50g.",Se vende por display. Cada display trae 10 unidades. El bulto trae 12 displays. MOGUL OSO EXTREME 12X10X50G.
13024,MOGUL SANDIA EXTREME 12X10X50G,display,DISPLAY,10,12,12,"Gomitas ácidas sabor sandía, marca Mogul, formato de 50 g.",Se vende por display. Cada display trae 10 unidades. El bulto trae 12 displays. MOGUL SANDIA EXTREME 12X10X50G.
13025,MOGUL TUTTI FRUTTI 12X10X50G,display,DISPLAY,10,12,12,"Snack MOGUL TUTTI FRUTTI en formato de 50g, presentado en caja de 12 unidades.",Se vende por display. Cada display trae 10 unidades. El bulto trae 12 displays. MOGUL TUTTI FRUTTI 12X10X50G.
13028,BARRITA AGUILA SA 40UX34G,unidad,BULTO,,,40,"Barrita, Águila, formato 40 unidades de 34 gramos cada una.",Se vende por bulto de 40 unidades. BARRITA AGUILA SA 40UX34G.
13030,GOMAS RICOMAS CONITO FR 6X500G,display,DISPLAY,227,6,6,"Goma, Ricomas, formato 6x500g.",Se vende por display. Cada display trae 227 unidades. El bulto trae 6 displays. GOMAS RICOMAS CONITO FR 6X500G.
13038,JUGO POLVO BC MULTIFRUTA 16x18x7G,display,DISPLAY,18,16,16,"Bebidas: JUGO POLVO BC MULTIFRUTA 16x18x7G, x16 unidades por bulto.",Se vende por display. Cada display trae 18 unidades. El bulto trae 16 displays. JUGO POLVO BC MULTIFRUTA 16x18x7G.
13056,BOMBON COFLER BLOCK 20X16X16G,display,DISPLAY,16,20,20,"Bombón de chocolate en mini tableta, marca Cofler Block, presentación de 20 unidades de 16g.",Se vende por display. Cada display trae 16 unidades. El bulto trae 20 displays. BOMBON COFLER BLOCK 20X16X16G.
13057,MP2.CREAMIX BERRIES1,display,DISPLAY,12,12,12,Crema MP2.CREAMIX BERRIES1 en formato de 1 kg.,Se vende por display. Cada display trae 12 unidades. El bulto trae 12 displays. MP2.CREAMIX BERRIES1.
13058,MP.CREAMIX FRUTILLA,display,DISPLAY,12,12,12,Crema de frutilla MP.CREAMIX en formato de 1 kg.,Se vende por display. Cada display trae 12 unidades. El bulto trae 12 displays. MP.CREAMIX FRUTILLA.
13059,PP CON LECHE LG SOBR 8X8X65G,display,DISPLAY,8,8,8,"Snack PP CON LECHE LG en formato de 65g, presentado en caja de 8 unidades.",Se vende por display. Cada display trae 8 unidades. El bulto trae 8 displays. PP CON LECHE LG SOBR 8X8X65G.
13066,CONO ARCOR FRU AME X 80G,unidad,BULTO,,,18,Cono Arcor Frutame x 80g es un snack de helado en formato de cono.,Se vende por bulto de 18 unidades. CONO ARCOR FRU AME X 80G.
13067,CONO ARCOR DDL AME X 80G,unidad,BULTO,,,18,"Cono Arcor DDL Ame, presentación de 80 gramos.",Se vende por bulto de 18 unidades. CONO ARCOR DDL AME X 80G.
13068,CHOCOLATIN ARCOR LECHE 40X20X8G,display,DISPLAY,20,40,40,"Chocolates de línea Arcor: CHOCOLATIN ARCOR LECHE 40X20X8G, presentación mayorista, x40 unidades por bulto.",Se vende por display. Cada display trae 20 unidades. El bulto trae 40 displays. CHOCOLATIN ARCOR LECHE 40X20X8G.
13069,CHOCOLATIN ARCOR BLANCO 40X20X8G,display,DISPLAY,20,40,40,"Chocolates de línea Arcor: CHOCOLATIN ARCOR BLANCO 40X20X8G, presentación mayorista, x40 unidades por bulto.",Se vende por display. Cada display trae 20 unidades. El bulto trae 40 displays. CHOCOLATIN ARCOR BLANCO 40X20X8G.
13070,SIMPLE COLAGENO 6x60,display,DISPLAY,60,6,6,Colágeno SIMPLE en formato de 6 sachets de 60 gramos cada uno.,Se vende por display. Cada display trae 60 unidades. El bulto trae 6 displays. SIMPLE COLAGENO 6x60.
13071,SIMPLE COLAGENO 12x28,display,DISPLAY,28,12,12,Colágeno SIMPLE en formato de 12 unidades de 28 gramos cada una.,Se vende por display. Cada display trae 28 unidades. El bulto trae 12 displays. SIMPLE COLAGENO 12x28.
13072,HELADO ARCOR CREMA AMERICABA 20X70G,unidad,BULTO,,,20,"Helados de línea Arcor: HELADO ARCOR CREMA AMERICABA 20X70G, presentación mayorista.",Se vende por bulto de 20 unidades. HELADO ARCOR CREMA AMERICABA 20X70G.
13073,HELADO ARCOR DULCE DE LECHE 20X75G,unidad,BULTO,,,20,"Helados de línea Arcor: HELADO ARCOR DULCE DE LECHE 20X75G, presentación mayorista.",Se vende por bulto de 20 unidades. HELADO ARCOR DULCE DE LECHE 20X75G.
13080,ARCOR COOKIES 20X75G,unidad,BULTO,,,20,Galleta ARCOR en formato de 20 paquetes de 75 gramos cada uno.,Se vende por bulto de 20 unidades. ARCOR COOKIES 20X75G.
13083,CONO AME/CHOCO 18X80G(120CC),unidad,BULTO,,,18,Cono Ame/Choco 18x80g (120cc) es un postre helado en formato de cono.,Se vende por bulto de 18 unidades. CONO AME/CHOCO 18X80G(120CC).
13092,FRUTIGELATIN SAURIOS,display,DISPLAY,12,12,12,"Gelatina Frutigelatín en formato de saurius, ideal para niños y ocasiones especiales.",Se vende por display. Cada display trae 12 unidades. El bulto trae 12 displays. FRUTIGELATIN SAURIOS.
13093,FRUTIGELATIN TRUITOS 12X12X25GS,display,DISPLAY,12,12,12,"Gelatina Frutigelatín Truítos en formato de 25 gramos, presentación de 12 unidades por caja.",Se vende por display. Cada display trae 12 unidades. El bulto trae 12 displays. FRUTIGELATIN TRUITOS 12X12X25GS.
13099,MOGUL CONITOS 16X220G,display,DISPLAY,100,16,16,"Snack MOGUL CONITOS en formato de 220g, presentado en caja de 16 unidades.",Se vende por display. Cada display trae 100 unidades. El bulto trae 16 displays. MOGUL CONITOS 16X220G.
13109,PURE TOMATE ARCOR 12X1050G,unidad,UNIDAD,,,12,"Alimentos y Almacén: PURE TOMATE ARCOR 12X1050G, x12 unidades por bulto.",Se vende por unidad. El bulto trae 12 unidades. No viene en display. PURE TOMATE ARCOR 12X1050G.
13110,CARAMELO BC SURTIDO 6X420G,display,DISPLAY,210,6,6,"Golosinas de línea Arcor: CARAMELO BC SURTIDO 6X420G, presentación mayorista.",Se vende por display. Cada display trae 210 unidades. El bulto trae 6 displays. CARAMELO BC SURTIDO 6X420G.
13113,POSTRE AGUILA MOUSSE 21x160G,unidad,UNIDAD,,,21,"Chocolates de línea Arcor: POSTRE AGUILA MOUSSE 21x160G, presentación mayorista, x21 unidades por bulto.",Se vende por unidad. El bulto trae 21 unidades. No viene en display. POSTRE AGUILA MOUSSE 21x160G.
13116,SUGUS MAX PINTALENGUA 12X70,display,DISPLAY,70,12,12,Caramelo SUGUS MAX PINTALENGUA en formato de 12 unidades de 70 gramos cada una.,Se vende por display. Cada display trae 70 unidades. El bulto trae 12 displays. SUGUS MAX PINTALENGUA 12X70.
13117,SAPITO CARUCHA 30X60G(86CC),unidad,BULTO,30,30,900,Snack SAPITO CARUCHA en formato de 30 unidades de 60 gramos cada una.,Se vende por bulto de 900 unidades. SAPITO CARUCHA 30X60G(86CC).
13121,MOGUL MORAS 12X10X50G,display,DISPLAY,10,12,12,"Gomitas sabor mora, marca Mogul, presentación de 50g.",Se vende por display. Cada display trae 10 unidades. El bulto trae 12 displays. MOGUL MORAS 12X10X50G.
13128,DULCE DE MEMBRILLO LC 1X5KG,unidad,BULTO,,,1,Dulce de membrillo LC en formato de 5 kg.,Se vende por bulto. DULCE DE MEMBRILLO LC 1X5KG.
13129,DULCE DE BATATA LC 1X5 KG,unidad,BULTO,,,1,Dulce de batata LC en formato de 5 kg.,Se vende por bulto. DULCE DE BATATA LC 1X5 KG.
13133,TOMATE LC ENTERO 2x12x400G,unidad,UNIDAD,,,24,"Alimentos y Almacén: TOMATE LC ENTERO 2x12x400G, x24 unidades por bulto.",Se vende por unidad. El bulto trae 24 unidades. No viene en display. TOMATE LC ENTERO 2x12x400G.
13135,ATUN LC ACEITE 24X170G,unidad,UNIDAD,,,24,"Alimentos y Almacén: ATUN LC ACEITE 24X170G, x24 unidades por bulto.",Se vende por unidad. El bulto trae 24 unidades. No viene en display. ATUN LC ACEITE 24X170G.
13136,ATUN LC NATURAL 24X170G,unidad,UNIDAD,,,24,"Alimentos y Almacén: ATUN LC NATURAL 24X170G, x24 unidades por bulto.",Se vende por unidad. El bulto trae 24 unidades. No viene en display. ATUN LC NATURAL 24X170G.
13137,SURTIDO CHOCOLATE ARCOR 24X246G,unidad,UNIDAD,,,24,"Chocolates de línea Arcor: SURTIDO CHOCOLATE ARCOR 24X246G, presentación mayorista, x24 unidades por bulto.",Se vende por unidad. El bulto trae 24 unidades. No viene en display. SURTIDO CHOCOLATE ARCOR 24X246G.
13138,SURTIDO SELECCIÓN ARCOR 24X228G,display,DISPLAY,,24,24,"Bombones surtidos de chocolate, marca Arcor, presentación de 228,6 g.",Se vende por display. El bulto trae 24 displays. SURTIDO SELECCIÓN ARCOR 24X228G.
13139,TRAVIATA 16X4X101G,display,DISPLAY,4,16,16,Snack Traviata en formato de 16 unidades de 101 gramos cada una.,Se vende por display. Cada display trae 4 unidades. El bulto trae 16 displays. TRAVIATA 16X4X101G.
13140,MERMELADA LC DURAZNO 12x454G,unidad,UNIDAD,,,12,"Alimentos y Almacén: MERMELADA LC DURAZNO 12x454G, x12 unidades por bulto.",Se vende por unidad. El bulto trae 12 unidades. No viene en display. MERMELADA LC DURAZNO 12x454G.
13141,MERMELADA LC FRUTILLA 12x454G,unidad,UNIDAD,,,12,"Alimentos y Almacén: MERMELADA LC FRUTILLA 12x454G, x12 unidades por bulto.",Se vende por unidad. El bulto trae 12 unidades. No viene en display. MERMELADA LC FRUTILLA 12x454G.
13142,MERMELADA LC CIRUELA 12x454G,unidad,UNIDAD,,,12,"Alimentos y Almacén: MERMELADA LC CIRUELA 12x454G, x12 unidades por bulto.",Se vende por unidad. El bulto trae 12 unidades. No viene en display. MERMELADA LC CIRUELA 12x454G.
13143,MERMELADA LC NARANJA 12x454G,unidad,UNIDAD,,,12,"Alimentos y Almacén: MERMELADA LC NARANJA 12x454G, x12 unidades por bulto.",Se vende por unidad. El bulto trae 12 unidades. No viene en display. MERMELADA LC NARANJA 12x454G.
13144,MERMELADA LC DAMASCO 12x454G,unidad,UNIDAD,,,12,"Alimentos y Almacén: MERMELADA LC DAMASCO 12x454G, x12 unidades por bulto.",Se vende por unidad. El bulto trae 12 unidades. No viene en display. MERMELADA LC DAMASCO 12x454G.
13146,MERMELADA LC ARANDANO 12x454G,unidad,UNIDAD,,,12,"Alimentos y Almacén: MERMELADA LC ARANDANO 12x454G, x12 unidades por bulto.",Se vende por unidad. El bulto trae 12 unidades. No viene en display. MERMELADA LC ARANDANO 12x454G.
13150,MERMELADA LC JALEA MEMBRILLO 12x454G,unidad,UNIDAD,,,12,"Alimentos y Almacén: MERMELADA LC JALEA MEMBRILLO 12x454G, x12 unidades por bulto.",Se vende por unidad. El bulto trae 12 unidades. No viene en display. MERMELADA LC JALEA MEMBRILLO 12x454G.
13151,MERMELADA BC DURAZNO 12X390 G,unidad,UNIDAD,,,12,"Alimentos y Almacén: MERMELADA BC DURAZNO 12X390 G, x12 unidades por bulto.",Se vende por unidad. El bulto trae 12 unidades. No viene en display. MERMELADA BC DURAZNO 12X390 G.
13152,MERMELADA BC DAMASCO 12X390 G,unidad,UNIDAD,,,12,"Alimentos y Almacén: MERMELADA BC DAMASCO 12X390 G, x12 unidades por bulto.",Se vende por unidad. El bulto trae 12 unidades. No viene en display. MERMELADA BC DAMASCO 12X390 G.
13153,MERMELADA BC FRUTILLA 12X390 G,unidad,UNIDAD,,,12,"Alimentos y Almacén: MERMELADA BC FRUTILLA 12X390 G, x12 unidades por bulto.",Se vende por unidad. El bulto trae 12 unidades. No viene en display. MERMELADA BC FRUTILLA 12X390 G.
13154,MERMELADA BC CIRUELA 12X390 G,unidad,UNIDAD,,,12,"Alimentos y Almacén: MERMELADA BC CIRUELA 12X390 G, x12 unidades por bulto.",Se vende por unidad. El bulto trae 12 unidades. No viene en display. MERMELADA BC CIRUELA 12X390 G.
13155,MERMELADA BC NARANJA 12X390 G,unidad,UNIDAD,,,12,"Alimentos y Almacén: MERMELADA BC NARANJA 12X390 G, x12 unidades por bulto.",Se vende por unidad. El bulto trae 12 unidades. No viene en display. MERMELADA BC NARANJA 12X390 G.
13156,MERMELADA BC ARANDANO 12X390 G,unidad,UNIDAD,,,12,"Alimentos y Almacén: MERMELADA BC ARANDANO 12X390 G, x12 unidades por bulto.",Se vende por unidad. El bulto trae 12 unidades. No viene en display. MERMELADA BC ARANDANO 12X390 G.
13159,MERMELADA BC FRAMBUESA 12X390G,display,DISPLAY,,12,12,"Alimentos y Almacén: MERMELADA BC FRAMBUESA 12X390G, x12 unidades por bulto.",Se vende por display. El bulto trae 12 displays. MERMELADA BC FRAMBUESA 12X390G.
13162,JG.PV.ARCOR.NARANJA.12X18X18 G,display,DISPLAY,18,12,12,Bebida JG Arcor sabor naranja en formato de 12 unidades de 18x18x18 gramos.,Se vende por display. Cada display trae 18 unidades. El bulto trae 12 displays. JG.PV.ARCOR.NARANJA.12X18X18 G.
13163,JG.PV.ARCOR.MANZANA.12X18X18 G,display,DISPLAY,18,12,12,Bebida Arcor sabor manzana en formato de 12 unidades de 18x18 cm.,Se vende por display. Cada display trae 18 unidades. El bulto trae 12 displays. JG.PV.ARCOR.MANZANA.12X18X18 G.
13164,JG.PV.ARCOR.MULTIFR.12X18X18 G,display,DISPLAY,18,12,12,Multifuncional Arcor en formato 12x18x18 gramos.,Se vende por display. Cada display trae 18 unidades. El bulto trae 12 displays. JG.PV.ARCOR.MULTIFR.12X18X18 G.
13165,JG.PV.ARCOR.NAR.DUR.12X18X18 G,display,DISPLAY,18,12,12,"Snack Arcor de naranja, formato 12x18x18 gramos.",Se vende por display. Cada display trae 18 unidades. El bulto trae 12 displays. JG.PV.ARCOR.NAR.DUR.12X18X18 G.
13166,JG.PV.ARCOR.LIMONADA.12X18X18G,display,DISPLAY,18,12,12,Limonada Arcor en formato de 12 unidades de 18 gramos cada una.,Se vende por display. Cada display trae 18 unidades. El bulto trae 12 displays. JG.PV.ARCOR.LIMONADA.12X18X18G.
13167,JG.PV.ARCOR.ANANA.12X18X15 G,display,DISPLAY,18,12,12,Snack Arcor de ananá en formato de 12 unidades de 18 gramos cada una.,Se vende por display. Cada display trae 18 unidades. El bulto trae 12 displays. JG.PV.ARCOR.ANANA.12X18X15 G.
13168,JG.PV.ARCOR.NAR.BAN.12X18X18 G,display,DISPLAY,18,12,12,Snack Arcor de naranja y banana en formato de 12 unidades de 18 gramos cada una.,Se vende por display. Cada display trae 18 unidades. El bulto trae 12 displays. JG.PV.ARCOR.NAR.BAN.12X18X18 G.
13169,JG.PV.ARCOR.NAR.DUL.12X18X18 G,display,DISPLAY,18,12,12,Snack Arcor de naranja en formato de 12 unidades de 18 gramos cada una.,Se vende por display. Cada display trae 18 unidades. El bulto trae 12 displays. JG.PV.ARCOR.NAR.DUL.12X18X18 G.
13170,JG.PV.ARCOR.NJA.MANG.12X18X18G,display,DISPLAY,18,12,12,Snack Arcor de mango en formato de 12 unidades de 18 gramos cada una.,Se vende por display. Cada display trae 18 unidades. El bulto trae 12 displays. JG.PV.ARCOR.NJA.MANG.12X18X18G.
13171,JG.PV.ARCOR FRUTILLA 12X18X18G,display,DISPLAY,18,12,12,"Snack Arcor Frutilla en formato de 18 gramos, presentado en caja de 12 unidades.",Se vende por display. Cada display trae 18 unidades. El bulto trae 12 displays. JG.PV.ARCOR FRUTILLA 12X18X18G.
13172,JG.PV. ARCOR DURAZNO 12X18X18G,display,DISPLAY,18,12,12,"Durazno Arcor en formato de 18 gramos, presentado en caja de 12 unidades.",Se vende por display. Cada display trae 18 unidades. El bulto trae 12 displays. JG.PV. ARCOR DURAZNO 12X18X18G.
13174,BIZCOCHUELO GODET VAINILLA 12X480G,unidad,UNIDAD,,,12,"Alimentos y Almacén: BIZCOCHUELO GODET VAINILLA 12X480G, x12 unidades por bulto.",Se vende por unidad. El bulto trae 12 unidades. No viene en display. BIZCOCHUELO GODET VAINILLA 12X480G.
13175,BIZCOCHUELO GODET MARMOLADO 12X500G,unidad,UNIDAD,,,12,"Alimentos y Almacén: BIZCOCHUELO GODET MARMOLADO 12X500G, x12 unidades por bulto.",Se vende por unidad. El bulto trae 12 unidades. No viene en display. BIZCOCHUELO GODET MARMOLADO 12X500G.
13176,BIZCOCHUELO GODET CHOCOLATE 12X480G,unidad,UNIDAD,,,12,"Alimentos y Almacén: BIZCOCHUELO GODET CHOCOLATE 12X480G, x12 unidades por bulto.",Se vende por unidad. El bulto trae 12 unidades. No viene en display. BIZCOCHUELO GODET CHOCOLATE 12X480G.
13177,JUGO POLVO BC NARANJA 16x18x7G,display,DISPLAY,18,16,16,"Bebidas: JUGO POLVO BC NARANJA 16x18x7G, x16 unidades por bulto.",Se vende por display. Cada display trae 18 unidades. El bulto trae 16 displays. JUGO POLVO BC NARANJA 16x18x7G.
13178,JUGO POLVO BC LIMONADA 16x18x7G,display,DISPLAY,18,16,16,"Bebidas: JUGO POLVO BC LIMONADA 16x18x7G, x16 unidades por bulto.",Se vende por display. Cada display trae 18 unidades. El bulto trae 16 displays. JUGO POLVO BC LIMONADA 16x18x7G.
13179,JUGO POLVO BC MANGO NARANJA 16x18x7G,display,DISPLAY,18,16,16,"Bebidas: JUGO POLVO BC MANGO NARANJA 16x18x7G, x16 unidades por bulto.",Se vende por display. Cada display trae 18 unidades. El bulto trae 16 displays. JUGO POLVO BC MANGO NARANJA 16x18x7G.
13180,JUGO POLVO BC NARANJA DULCE 16x18x7G,display,DISPLAY,18,16,16,"Bebidas: JUGO POLVO BC NARANJA DULCE 16x18x7G, x16 unidades por bulto.",Se vende por display. Cada display trae 18 unidades. El bulto trae 16 displays. JUGO POLVO BC NARANJA DULCE 16x18x7G.
13181,JUGO POLVO BC MANZANA ROJA 16x18x7G,display,DISPLAY,18,16,16,"Bebidas: JUGO POLVO BC MANZANA ROJA 16x18x7G, x16 unidades por bulto.",Se vende por display. Cada display trae 18 unidades. El bulto trae 16 displays. JUGO POLVO BC MANZANA ROJA 16x18x7G.
13182,JUGO POLVO BC NARANJA DURAZNO 16x18x7G,display,DISPLAY,18,16,16,"Bebidas: JUGO POLVO BC NARANJA DURAZNO 16x18x7G, x16 unidades por bulto.",Se vende por display. Cada display trae 18 unidades. El bulto trae 16 displays. JUGO POLVO BC NARANJA DURAZNO 16x18x7G.
13183,JUGO POLVO BC ANANA 16x18x7G,display,DISPLAY,18,16,16,"Bebidas: JUGO POLVO BC ANANA 16x18x7G, x16 unidades por bulto.",Se vende por display. Cada display trae 18 unidades. El bulto trae 16 displays. JUGO POLVO BC ANANA 16x18x7G.
13184,JUGO POLVO BC FRUTILLA LIMON 16x18x7G,display,DISPLAY,18,16,16,"Bebidas: JUGO POLVO BC FRUTILLA LIMON 16x18x7G, x16 unidades por bulto.",Se vende por display. Cada display trae 18 unidades. El bulto trae 16 displays. JUGO POLVO BC FRUTILLA LIMON 16x18x7G.
13185,JUGO POLVO BC POMELO ROSADO 16x18x7G,display,DISPLAY,18,16,16,"Bebidas: JUGO POLVO BC POMELO ROSADO 16x18x7G, x16 unidades por bulto.",Se vende por display. Cada display trae 18 unidades. El bulto trae 16 displays. JUGO POLVO BC POMELO ROSADO 16x18x7G.
13186,JUGO POLVO BC POMELO AMARILLO 16x18x7G,display,DISPLAY,18,16,16,"Bebidas: JUGO POLVO BC POMELO AMARILLO 16x18x7G, x16 unidades por bulto.",Se vende por display. Cada display trae 18 unidades. El bulto trae 16 displays. JUGO POLVO BC POMELO AMARILLO 16x18x7G.
13187,CACAO ARCOA 32X180G,unidad,UNIDAD,,,32,"Alimentos y Almacén: CACAO ARCOA 32X180G, x32 unidades por bulto.",Se vende por unidad. El bulto trae 32 unidades. No viene en display. CACAO ARCOA 32X180G.
13188,CACAO ARCOA 20x360G,unidad,UNIDAD,,,20,"Alimentos y Almacén: CACAO ARCOA 20x360G, x20 unidades por bulto.",Se vende por unidad. El bulto trae 20 unidades. No viene en display. CACAO ARCOA 20x360G.
13189,POSTRE GODET VAINILLA 6X8X60G,unidad,UNIDAD,8,6,48,"Alimentos y Almacén: POSTRE GODET VAINILLA 6X8X60G, x48 unidades por bulto.",Se vende por unidad. El display trae 8 unidades. El bulto trae 6 displays (48 unidades). POSTRE GODET VAINILLA 6X8X60G.
13190,POSTRE GODET DULCE DE LECHE 6X8X60G,unidad,UNIDAD,8,6,48,"Alimentos y Almacén: POSTRE GODET DULCE DE LECHE 6X8X60G, x48 unidades por bulto.",Se vende por unidad. El display trae 8 unidades. El bulto trae 6 displays (48 unidades). POSTRE GODET DULCE DE LECHE 6X8X60G.
13191,POSTRE GODET CHOCOLATE 6X8X60G,unidad,UNIDAD,8,6,48,"Alimentos y Almacén: POSTRE GODET CHOCOLATE 6X8X60G, x48 unidades por bulto.",Se vende por unidad. El display trae 8 unidades. El bulto trae 6 displays (48 unidades). POSTRE GODET CHOCOLATE 6X8X60G.
13192,POSTRE BC VAINILLA 6X8X50G,display,DISPLAY,8,6,6,"Alimentos y Almacén: POSTRE BC VAINILLA 6X8X50G, x48 unidades por bulto.",Se vende por display. Cada display trae 8 unidades. El bulto trae 6 displays. POSTRE BC VAINILLA 6X8X50G.
13193,POSTRE BC LIMON CREMA 6X8X50G,unidad,UNIDAD,8,6,48,"Alimentos y Almacén: POSTRE BC LIMON CREMA 6X8X50G, x48 unidades por bulto.",Se vende por unidad. El display trae 8 unidades. El bulto trae 6 displays (48 unidades). POSTRE BC LIMON CREMA 6X8X50G.
13194,POSTRE BC CHOCOLATE 6X8X60G,unidad,UNIDAD,8,6,48,"Alimentos y Almacén: POSTRE BC CHOCOLATE 6X8X60G, x48 unidades por bulto.",Se vende por unidad. El display trae 8 unidades. El bulto trae 6 displays (48 unidades). POSTRE BC CHOCOLATE 6X8X60G.
13202,GEL.DURAZNO.LIGHT.BC.6X8X20.G,display,DISPLAY,8,6,6,"Gel de durazno marca BC, formato de 6 unidades de 20 gramos cada una.",Se vende por display. Cada display trae 8 unidades. El bulto trae 6 displays. GEL.DURAZNO.LIGHT.BC.6X8X20.G.
13204,GEL.CEREZA.GODET.6X8X25.GR,display,DISPLAY,8,6,6,Gel de cereza Godet en formato de 6 unidades de 25 gramos cada una.,Se vende por display. Cada display trae 8 unidades. El bulto trae 6 displays. GEL.CEREZA.GODET.6X8X25.GR.
13211,GEL.MANZANA.MOGUL.6X8X25.GR.,display,DISPLAY,8,6,6,Gel de manzana Mogul en formato de 6 unidades de 25 gramos cada una.,Se vende por display. Cada display trae 8 unidades. El bulto trae 6 displays. GEL.MANZANA.MOGUL.6X8X25.GR.
13215,CABSHA BOCADITO MARROC 48X24X10G,display,DISPLAY,24,48,48,"Bocadito de chocolate amargo con dulce de leche y mantequilla de maní, marca Cabsha.",Se vende por display. Cada display trae 24 unidades. El bulto trae 48 displays. CABSHA BOCADITO MARROC 48X24X10G.
13216,MERMELADA ARCOR DURAZNO 12X454G,unidad,UNIDAD,,,12,"Alimentos y Almacén: MERMELADA ARCOR DURAZNO 12X454G, x12 unidades por bulto.",Se vende por unidad. El bulto trae 12 unidades. No viene en display. MERMELADA ARCOR DURAZNO 12X454G.
13217,MERMELADA ARCOR DAMASCO 12X454G,unidad,UNIDAD,,,12,"Alimentos y Almacén: MERMELADA ARCOR DAMASCO 12X454G, x12 unidades por bulto.",Se vende por unidad. El bulto trae 12 unidades. No viene en display. MERMELADA ARCOR DAMASCO 12X454G.
13218,MERMELADA ARCOR FRUTILLA 12X454G,unidad,UNIDAD,,,12,"Alimentos y Almacén: MERMELADA ARCOR FRUTILLA 12X454G, x12 unidades por bulto.",Se vende por unidad. El bulto trae 12 unidades. No viene en display. MERMELADA ARCOR FRUTILLA 12X454G.
13219,MERMELADA ARCOR NARANJA 12X454G,unidad,UNIDAD,,,12,"Alimentos y Almacén: MERMELADA ARCOR NARANJA 12X454G, x12 unidades por bulto.",Se vende por unidad. El bulto trae 12 unidades. No viene en display. MERMELADA ARCOR NARANJA 12X454G.
13220,MERMELADA ARCOR CIRUELA 12X454G,unidad,UNIDAD,,,12,"Alimentos y Almacén: MERMELADA ARCOR CIRUELA 12X454G, x12 unidades por bulto.",Se vende por unidad. El bulto trae 12 unidades. No viene en display. MERMELADA ARCOR CIRUELA 12X454G.
13222,MERMELADA DIET ARCOR DURAZNO 12X390G,unidad,UNIDAD,,,12,"Alimentos y Almacén: MERMELADA DIET ARCOR DURAZNO 12X390G, x12 unidades por bulto.",Se vende por unidad. El bulto trae 12 unidades. No viene en display. MERMELADA DIET ARCOR DURAZNO 12X390G.
13223,MERMELADA DIET ARCOR DAMASCO 12X390G,unidad,UNIDAD,,,12,"Alimentos y Almacén: MERMELADA DIET ARCOR DAMASCO 12X390G, x12 unidades por bulto.",Se vende por unidad. El bulto trae 12 unidades. No viene en display. MERMELADA DIET ARCOR DAMASCO 12X390G.
13224,MERMELADA DIET ARCOR CIRUELA 12X390G,unidad,UNIDAD,,,12,"Alimentos y Almacén: MERMELADA DIET ARCOR CIRUELA 12X390G, x12 unidades por bulto.",Se vende por unidad. El bulto trae 12 unidades. No viene en display. MERMELADA DIET ARCOR CIRUELA 12X390G.
13225,MERMELADA DIET ARCOR FRUTILLA 12X390G,unidad,UNIDAD,,,12,"Alimentos y Almacén: MERMELADA DIET ARCOR FRUTILLA 12X390G, x12 unidades por bulto.",Se vende por unidad. El bulto trae 12 unidades. No viene en display. MERMELADA DIET ARCOR FRUTILLA 12X390G.
13226,MERMELADA DIET ARCOR NARANJA12X390G,unidad,UNIDAD,,,12,"Alimentos y Almacén: MERMELADA DIET ARCOR NARANJA12X390G, x12 unidades por bulto.",Se vende por unidad. El bulto trae 12 unidades. No viene en display. MERMELADA DIET ARCOR NARANJA12X390G.
13228,BIZCOCHUELO AGUILA CHOCOLATE 12X530G,unidad,UNIDAD,,,12,"Alimentos y Almacén: BIZCOCHUELO AGUILA CHOCOLATE 12X530G, x12 unidades por bulto.",Se vende por unidad. El bulto trae 12 unidades. No viene en display. BIZCOCHUELO AGUILA CHOCOLATE 12X530G.
13229,BIZCOCHUELO AGUILA VAINILLA 12X530G,unidad,UNIDAD,,,12,"Alimentos y Almacén: BIZCOCHUELO AGUILA VAINILLA 12X530G, x12 unidades por bulto.",Se vende por unidad. El bulto trae 12 unidades. No viene en display. BIZCOCHUELO AGUILA VAINILLA 12X530G.
13230,BIZCOCHUELO AGUILA MARMOLADO 12X550G,unidad,UNIDAD,,,12,"Alimentos y Almacén: BIZCOCHUELO AGUILA MARMOLADO 12X550G, x12 unidades por bulto.",Se vende por unidad. El bulto trae 12 unidades. No viene en display. BIZCOCHUELO AGUILA MARMOLADO 12X550G.
13238,ARVEJAS LC SECAS 24X300G,unidad,UNIDAD,,,24,"Alimentos y Almacén: ARVEJAS LC SECAS 24X300G, x24 unidades por bulto.",Se vende por unidad. El bulto trae 24 unidades. No viene en display. ARVEJAS LC SECAS 24X300G.
13239,ARVEJAS ARCOR SECAS 24x300G,unidad,UNIDAD,,,24,"Alimentos y Almacén: ARVEJAS ARCOR SECAS 24x300G, x24 unidades por bulto.",Se vende por unidad. El bulto trae 24 unidades. No viene en display. ARVEJAS ARCOR SECAS 24x300G.
13241,CHOCLO LC ENTERO 24X300G,unidad,UNIDAD,,,24,"Alimentos y Almacén: CHOCLO LC ENTERO 24X300G, x24 unidades por bulto.",Se vende por unidad. El bulto trae 24 unidades. No viene en display. CHOCLO LC ENTERO 24X300G.
13242,CHOCLO ARCOR ENTERO 24x300G,unidad,UNIDAD,,,24,"Alimentos y Almacén: CHOCLO ARCOR ENTERO 24x300G, x24 unidades por bulto.",Se vende por unidad. El bulto trae 24 unidades. No viene en display. CHOCLO ARCOR ENTERO 24x300G.
13245,LENTEJAS ARCOR 24X300G,unidad,UNIDAD,,,24,"Alimentos y Almacén: LENTEJAS ARCOR 24X300G, x24 unidades por bulto.",Se vende por unidad. El bulto trae 24 unidades. No viene en display. LENTEJAS ARCOR 24X300G.
13247,GARBANZOS ARCOR 24X300G,unidad,UNIDAD,,,24,"Alimentos y Almacén: GARBANZOS ARCOR 24X300G, x24 unidades por bulto.",Se vende por unidad. El bulto trae 24 unidades. No viene en display. GARBANZOS ARCOR 24X300G.
13248,POROTOS LC ALUBIA 24X300G,unidad,UNIDAD,,,24,"Alimentos y Almacén: POROTOS LC ALUBIA 24X300G, x24 unidades por bulto.",Se vende por unidad. El bulto trae 24 unidades. No viene en display. POROTOS LC ALUBIA 24X300G.
13249,POROTOS ARCOR ALUBIA 24X300G,unidad,UNIDAD,,,24,"Alimentos y Almacén: POROTOS ARCOR ALUBIA 24X300G, x24 unidades por bulto.",Se vende por unidad. El bulto trae 24 unidades. No viene en display. POROTOS ARCOR ALUBIA 24X300G.
13252,JARDINERA LC 24X300G,unidad,UNIDAD,,,24,"Alimentos y Almacén: JARDINERA LC 24X300G, x24 unidades por bulto.",Se vende por unidad. El bulto trae 24 unidades. No viene en display. JARDINERA LC 24X300G.
13253,JARDINERA ARCOR 24x300G,unidad,UNIDAD,,,24,"Alimentos y Almacén: JARDINERA ARCOR 24x300G, x24 unidades por bulto.",Se vende por unidad. El bulto trae 24 unidades. No viene en display. JARDINERA ARCOR 24x300G.
13258,ROCKLETS 20X500G,display,DISPLAY,,20,20,"Chocolates de línea Arcor: ROCKLETS 20X500G, presentación mayorista, x20 unidades por bulto.",Se vende por display. El bulto trae 20 displays. ROCKLETS 20X500G.
13259,GOM. FANTASIA MISKY 12X12X30G,display,DISPLAY,12,12,12,Gom. Fantasía Misky 12x12x30g es un producto de golosinas en formato de bolsa.,Se vende por display. Cada display trae 12 unidades. El bulto trae 12 displays. GOM. FANTASIA MISKY 12X12X30G.
13282,CHUP EVOL CEREZA 24X10UX18G,display,DISPLAY,10,24,24,"Chup, evolución cereza, presentación de 24 unidades de 10 unidades de 18 gramos cada una.",Se vende por display. Cada display trae 10 unidades. El bulto trae 24 displays. CHUP EVOL CEREZA 24X10UX18G.
13287,MOGUL OSITOS 24X150G,display,DISPLAY,57,24,24,"Snack MOGUL OSITOS en formato de 150g, presentado en caja de 24 unidades.",Se vende por display. Cada display trae 57 unidades. El bulto trae 24 displays. MOGUL OSITOS 24X150G.
13288,MOGUL SURTIDO 16X200,display,DISPLAY,40,16,16,Snack MOGUL surtido en formato de 16 unidades de 200 gramos cada una.,Se vende por display. Cada display trae 40 unidades. El bulto trae 16 displays. MOGUL SURTIDO 16X200.
13289,"HVO TOFI DISPLAY 8X60X8,4GR",display,DISPLAY,60,8,8,Snack HVO TOFI DISPLAY en formato de 8 unidades de 60 gramos cada una.,"Se vende por display. Cada display trae 60 unidades. El bulto trae 8 displays. HVO TOFI DISPLAY 8X60X8,4GR."
13295,HOGAREÑAS CON SALVADO POR 3 10X3X200G,display,DISPLAY,3,10,10,"Galletas y Snacks: HOGAREÑAS CON SALVADO POR 3 10X3X200G, x10 unidades por bulto.",Se vende por display. Cada display trae 3 unidades. El bulto trae 10 displays. HOGAREÑAS CON SALVADO POR 3 10X3X200G.
13296,HOGAREÑAS CON SALVADO 30X200G,unidad,UNIDAD,,,30,"Galletas y Snacks: HOGAREÑAS CON SALVADO 30X200G, x30 unidades por bulto.",Se vende por unidad. El bulto trae 30 unidades. No viene en display. HOGAREÑAS CON SALVADO 30X200G.
13303,CRACKER SANDWICH 16x3x112 g,display,DISPLAY,3,16,16,"Cracker, marca Sandwich, formato 16x3, peso total 112 g.",Se vende por display. Cada display trae 3 unidades. El bulto trae 16 displays. CRACKER SANDWICH 16x3x112 g.
13304,PP SOBRE ESP CREMA LTO 8X8X65,display,DISPLAY,8,8,8,"Sobre de crema PP de la marca ESP, formato 8x8 cm, presentación de 65 unidades.",Se vende por display. Cada display trae 8 unidades. El bulto trae 8 displays. PP SOBRE ESP CREMA LTO 8X8X65.
13310,TABLETA COFLER CHOCOLATE DULCE DE LECHE 8X20X38G,unidad,UNIDAD,20,8,160,"Chocolates: TABLETA COFLER CHOCOLATE DULCE DE LECHE 8X20X38G, x160 unidades por bulto.",Se vende por unidad. El display trae 20 unidades. El bulto trae 8 displays (160 unidades). TABLETA COFLER CHOCOLATE DULCE DE LECHE 8X20X38G.
13313,SALSA ARCOR POMAROLA 24X340G,unidad,UNIDAD,,,24,"Alimentos y Almacén: SALSA ARCOR POMAROLA 24X340G, x24 unidades por bulto.",Se vende por unidad. El bulto trae 24 unidades. No viene en display. SALSA ARCOR POMAROLA 24X340G.
13314,SALSATI POMAROLA 24X340G,unidad,UNIDAD,,,24,"Alimentos y Almacén: SALSATI POMAROLA 24X340G, x24 unidades por bulto.",Se vende por unidad. El bulto trae 24 unidades. No viene en display. SALSATI POMAROLA 24X340G.
13315,SALSA ARCOR PIZZA 24X340G,unidad,UNIDAD,,,24,"Alimentos y Almacén: SALSA ARCOR PIZZA 24X340G, x24 unidades por bulto.",Se vende por unidad. El bulto trae 24 unidades. No viene en display. SALSA ARCOR PIZZA 24X340G.
13316,SALSATI PIZZA 24X340G,unidad,UNIDAD,,,24,"Alimentos y Almacén: SALSATI PIZZA 24X340G, x24 unidades por bulto.",Se vende por unidad. El bulto trae 24 unidades. No viene en display. SALSATI PIZZA 24X340G.
13317,SALSATI FILETTO 24X340G,unidad,UNIDAD,,,24,"Alimentos y Almacén: SALSATI FILETTO 24X340G, x24 unidades por bulto.",Se vende por unidad. El bulto trae 24 unidades. No viene en display. SALSATI FILETTO 24X340G.
13318,SALSA ARCOR FILETTO 24X340G,unidad,UNIDAD,,,24,"Alimentos y Almacén: SALSA ARCOR FILETTO 24X340G, x24 unidades por bulto.",Se vende por unidad. El bulto trae 24 unidades. No viene en display. SALSA ARCOR FILETTO 24X340G.
13320,HVO BOB ESPONJA 9X170G DOYP,display,DISPLAY,,9,9,Snack HVO BOB ESPONJA en formato doypack de 9 unidades de 170 gramos.,Se vende por display. El bulto trae 9 displays. HVO BOB ESPONJA 9X170G DOYP.
13323,MANA RELLENA CHOCOLATE VAINILLA 36X152G,unidad,UNIDAD,,,36,"Galletas y Snacks: MANA RELLENA CHOCOLATE VAINILLA 36X152G, x36 unidades por bulto.",Se vende por unidad. El bulto trae 36 unidades. No viene en display. MANA RELLENA CHOCOLATE VAINILLA 36X152G.
13324,MANA RELLENA VAINILLA CHOCOLATE 36X152G,unidad,UNIDAD,,,36,"Galletas y Snacks: MANA RELLENA VAINILLA CHOCOLATE 36X152G, x36 unidades por bulto.",Se vende por unidad. El bulto trae 36 unidades. No viene en display. MANA RELLENA VAINILLA CHOCOLATE 36X152G.
13325,MANA RELLENA LIMON 36X152G,unidad,UNIDAD,,,36,"Galletas y Snacks: MANA RELLENA LIMON 36X152G, x36 unidades por bulto.",Se vende por unidad. El bulto trae 36 unidades. No viene en display. MANA RELLENA LIMON 36X152G.
13326,MANA RELLENA VAINILLA FRUTILLA 36X152G,unidad,UNIDAD,,,36,"Galletas y Snacks: MANA RELLENA VAINILLA FRUTILLA 36X152G, x36 unidades por bulto.",Se vende por unidad. El bulto trae 36 unidades. No viene en display. MANA RELLENA VAINILLA FRUTILLA 36X152G.
13331,AGUILA BAÑO REPOSTERO LECHE 8X12X150G,unidad,UNIDAD,12,8,96,"Chocolates: AGUILA BAÑO REPOSTERO LECHE 8X12X150G, x96 unidades por bulto.",Se vende por unidad. El display trae 12 unidades. El bulto trae 8 displays (96 unidades). AGUILA BAÑO REPOSTERO LECHE 8X12X150G.
13332,AGUILA BAÑO REPOSTERO SEMI AMARGO 8X12X150G,unidad,UNIDAD,12,8,96,"Chocolates: AGUILA BAÑO REPOSTERO SEMI AMARGO 8X12X150G, x96 unidades por bulto.",Se vende por unidad. El display trae 12 unidades. El bulto trae 8 displays (96 unidades). AGUILA BAÑO REPOSTERO SEMI AMARGO 8X12X150G.
13333,AGUILA BAÑO REPOSTERO BLANCO 8X12X150G,unidad,UNIDAD,12,8,96,"Chocolates: AGUILA BAÑO REPOSTERO BLANCO 8X12X150G, x96 unidades por bulto.",Se vende por unidad. El display trae 12 unidades. El bulto trae 8 displays (96 unidades). AGUILA BAÑO REPOSTERO BLANCO 8X12X150G.
13335,HUEVO ROCKLET 8X12X28G,display,DISPLAY,12,8,8,"Chocolates de línea Arcor: HUEVO ROCKLET 8X12X28G, presentación mayorista, x8 unidades por bulto.",Se vende por display. Cada display trae 12 unidades. El bulto trae 8 displays. HUEVO ROCKLET 8X12X28G.
13336,HUEVO SAPITO CONFITES 8X12X28G,display,DISPLAY,12,8,8,"Confites Huevo Sapito, formato 8x12, con un peso de 28 gramos cada uno.",Se vende por display. Cada display trae 12 unidades. El bulto trae 8 displays. HUEVO SAPITO CONFITES 8X12X28G.
13337,BARRA COFLER CHOCOLINAS 6X20X40G,unidad,UNIDAD,20,6,120,"Chocolates de línea Arcor: BARRA COFLER CHOCOLINAS 6X20X40G, presentación mayorista, x120 unidades por bulto.",Se vende por unidad. El display trae 20 unidades. El bulto trae 6 displays (120 unidades). BARRA COFLER CHOCOLINAS 6X20X40G.
13340,OBLEA COFLER BLOCK XL 8X16X45G,unidad,UNIDAD,16,8,128,"Chocolates: OBLEA COFLER BLOCK XL 8X16X45G, x128 unidades por bulto.",Se vende por unidad. El display trae 16 unidades. El bulto trae 8 displays (128 unidades). OBLEA COFLER BLOCK XL 8X16X45G.
13342,OBLEA ARCOR 8X20X20G,display,DISPLAY,20,8,8,"Golosinas de línea Arcor: OBLEA ARCOR 8X20X20G, presentación mayorista, x160 unidades por bulto.",Se vende por display. Cada display trae 20 unidades. El bulto trae 8 displays. OBLEA ARCOR 8X20X20G.
13343,SIMPLE BARRA SACIETY CHOCOLATE 6X16X30G,unidad,UNIDAD,16,6,96,"Golosinas: SIMPLE BARRA SACIETY CHOCOLATE 6X16X30G, x96 unidades por bulto.",Se vende por unidad. El display trae 16 unidades. El bulto trae 6 displays (96 unidades). SIMPLE BARRA SACIETY CHOCOLATE 6X16X30G.
13344,SIMPLE BARRA SACIETY LIMON 6X16X30G,unidad,UNIDAD,16,6,96,"Golosinas: SIMPLE BARRA SACIETY LIMON 6X16X30G, x96 unidades por bulto.",Se vende por unidad. El display trae 16 unidades. El bulto trae 6 displays (96 unidades). SIMPLE BARRA SACIETY LIMON 6X16X30G.
13345,TABLETA ARCOR MILK 24X20X12G,display,DISPLAY,20,24,24,"Tableta de chocolate con leche, marca Arcor, formato de 12 g.",Se vende por display. Cada display trae 20 unidades. El bulto trae 24 displays. TABLETA ARCOR MILK 24X20X12G.
13347,SONRISAS POR 3 12X3X108G,display,DISPLAY,3,12,12,"Galletitas rellenas con sabor frambuesa, marca Bagley, formato 3 unidades de 108 g.",Se vende por display. Cada display trae 3 unidades. El bulto trae 12 displays. SONRISAS POR 3 12X3X108G.
13351,HUEVITO BOB DISPLAY 12X30X10G,display,DISPLAY,30,12,12,"Huevito Bob en display de 12 unidades, cada uno con un peso de 30 gramos.",Se vende por display. Cada display trae 30 unidades. El bulto trae 12 displays. HUEVITO BOB DISPLAY 12X30X10G.
13352,CARAMELOS SURTIDOS ARC.12X242G,display,DISPLAY,40,12,12,Caramelos surtidos ARC en formato de 12 paquetes de 242 gramos cada uno.,Se vende por display. Cada display trae 40 unidades. El bulto trae 12 displays. CARAMELOS SURTIDOS ARC.12X242G.
13357,ALFAJOR MINITORTA BLANCO 21X69G,display,DISPLAY,,21,21,"Golosinas de línea Arcor: ALFAJOR MINITORTA BLANCO 21X69G, presentación mayorista, x21 unidades por bulto.",Se vende por display. El bulto trae 21 displays. ALFAJOR MINITORTA BLANCO 21X69G.
13358,ALFAJOR MINITORTA CLASICO 21X69G,unidad,UNIDAD,,,21,"Golosinas de línea Arcor: ALFAJOR MINITORTA CLASICO 21X69G, presentación mayorista, x21 unidades por bulto.",Se vende por unidad. El bulto trae 21 unidades. No viene en display. ALFAJOR MINITORTA CLASICO 21X69G.
13359,ALFAJOR MINITORTA BROWNIE 21X71.5G,unidad,UNIDAD,,,21,"Golosinas de línea Arcor: ALFAJOR MINITORTA BROWNIE 21X71.5G, presentación mayorista, x21 unidades por bulto.",Se vende por unidad. El bulto trae 21 unidades. No viene en display. ALFAJOR MINITORTA BROWNIE 21X71.5G.
13360,ALFAJOR MINITORTA COCO 21X70.5G,unidad,UNIDAD,,,21,"Golosinas de línea Arcor: ALFAJOR MINITORTA COCO 21X70.5G, presentación mayorista, x21 unidades por bulto.",Se vende por unidad. El bulto trae 21 unidades. No viene en display. ALFAJOR MINITORTA COCO 21X70.5G.
13363,MINI AGUILA BCO BAND. 16X6X24G,display,DISPLAY,6,16,16,Snack MINI AGUILA BCO BAND de 16x6x24g.,Se vende por display. Cada display trae 6 unidades. El bulto trae 16 displays. MINI AGUILA BCO BAND. 16X6X24G.
13364,CEREAL MIX FRUTILLA CHOCOLATE 6x20x26G,unidad,UNIDAD,20,6,120,"Chocolates: CEREAL MIX FRUTILLA CHOCOLATE 6x20x26G, x120 unidades por bulto.",Se vende por unidad. El display trae 20 unidades. El bulto trae 6 displays (120 unidades). CEREAL MIX FRUTILLA CHOCOLATE 6x20x26G.
13384,SNACK SALADIX CHIPS FUEGO 20X60G,unidad,UNIDAD,,,20,"Galletas y Snacks: SNACK SALADIX CHIPS FUEGO 20X60G, x20 unidades por bulto.",Se vende por unidad. El bulto trae 20 unidades. No viene en display. SNACK SALADIX CHIPS FUEGO 20X60G.
13392,CRIOLLITAS TOSTADAS ARROZ SIN SAL 24x110G,unidad,UNIDAD,,,24,"Galletas y Snacks: CRIOLLITAS TOSTADAS ARROZ SIN SAL 24x110G, x24 unidades por bulto.",Se vende por unidad. El bulto trae 24 unidades. No viene en display. CRIOLLITAS TOSTADAS ARROZ SIN SAL 24x110G.
13393,TOPLINE 7 TURBO MINT 12X125G,display,DISPLAY,50,12,12,Snack TOPLINE 7 TURBO MINT en formato de 12 unidades de 125 gramos cada una.,Se vende por display. Cada display trae 50 unidades. El bulto trae 12 displays. TOPLINE 7 TURBO MINT 12X125G.
13394,HUEVO C/SORPRE TOYS,display,DISPLAY,12,8,8,"Huevo con sorpresa Toys, categoría de juguete, incluye sorpresas coleccionables en su interior.",Se vende por display. Cada display trae 12 unidades. El bulto trae 8 displays. HUEVO C/SORPRE TOYS.
13398,MOGUL DIENTES (10%GR,display,DISPLAY,100,6,6,Snack MOGUL DIENTES de 10% GR.,Se vende por display. Cada display trae 100 unidades. El bulto trae 6 displays. MOGUL DIENTES (10%GR.
13402,MOGUL CONITOS YOGUS 6X500G,display,DISPLAY,227,6,6,Snack MOGUL CONITOS YOGUS en formato de 6 paquetes de 500 gramos.,Se vende por display. Cada display trae 227 unidades. El bulto trae 6 displays. MOGUL CONITOS YOGUS 6X500G.
13409,BUTTER TOFFEES AVELLANA 8X648G,display,DISPLAY,108,8,8,"Golosinas de línea Arcor: BUTTER TOFFEES AVELLANA 8X648G, presentación mayorista, x8 unidades por bulto.",Se vende por display. Cada display trae 108 unidades. El bulto trae 8 displays. BUTTER TOFFEES AVELLANA 8X648G.
13410,MOGUL TUBITOS FRUTILLA X15G,display,DISPLAY,12,12,12,Snack MOGUL Tubitos Frutilla 15g.,Se vende por display. Cada display trae 12 unidades. El bulto trae 12 displays. MOGUL TUBITOS FRUTILLA X15G.
13411,MOGUL TUBITOS FRUTILLA X70G,display,DISPLAY,8,12,12,"Snack MOGUL Tubitos Frutilla, presentación de 70 gramos.",Se vende por display. Cada display trae 8 unidades. El bulto trae 12 displays. MOGUL TUBITOS FRUTILLA X70G.
13413,"MOGUL TUBITOS FRUTILLA X1,35KG",display,DISPLAY,246,9,9,"Snack MOGUL Tubitos frutilla en formato de 1,35 kg.","Se vende por display. Cada display trae 246 unidades. El bulto trae 9 displays. MOGUL TUBITOS FRUTILLA X1,35KG."
13414,CAR.BUT.T.SDO 12X100,display,DISPLAY,17,12,12,Bebida CAR.BUT.T.SDO en formato de 12 unidades de 100 ml cada una.,Se vende por display. Cada display trae 17 unidades. El bulto trae 12 displays. CAR.BUT.T.SDO 12X100.
13415,CAR.FRUTALES 12X100G,display,DISPLAY,14,12,12,Snack CAR.FRUTALES en formato de 12 bolsas de 100 gramos cada una.,Se vende por display. Cada display trae 14 unidades. El bulto trae 12 displays. CAR.FRUTALES 12X100G.
13416,CARAMELERA ACRÃ?LICO,display,DISPLAY,40,12,12,"Caramelera Acrílico de marca genérica, diseñada para almacenar y exhibir caramelos.",Se vende por display. Cada display trae 40 unidades. El bulto trae 12 displays. CARAMELERA ACRÃ?LICO.
13418,BUTTER TOFFEES LECHE 36x140gr,display,DISPLAY,25,36,36,"Caramelo, Butter Toffees, leche, formato 36x140gr.",Se vende por display. Cada display trae 25 unidades. El bulto trae 36 displays. BUTTER TOFFEES LECHE 36x140gr.
13419,BUTTER TOFFEES CHOCO X 140G,display,DISPLAY,23,36,36,"Caramelo, Butter Toffees Choco, formato 140g.",Se vende por display. Cada display trae 23 unidades. El bulto trae 36 displays. BUTTER TOFFEES CHOCO X 140G.
13420,BUTTER TOFFEES SURTIDO 36X140G,display,DISPLAY,23,36,36,"Golosinas de línea Arcor: BUTTER TOFFEES SURTIDO 36X140G, presentación mayorista, x36 unidades por bulto.",Se vende por display. Cada display trae 23 unidades. El bulto trae 36 displays. BUTTER TOFFEES SURTIDO 36X140G.
13421,RELLENOS MIEL 36X140G,display,DISPLAY,28,36,36,"Rellenos, marca RELLENOS MIEL, formato 36 unidades de 140 gramos cada una.",Se vende por display. Cada display trae 28 unidades. El bulto trae 36 displays. RELLENOS MIEL 36X140G.
13422,MENTA CHOCOLATE 36X140G,display,DISPLAY,26,36,36,"Snack Menta Chocolate en formato de 140g, presentado en caja de 36 unidades.",Se vende por display. Cada display trae 26 unidades. El bulto trae 36 displays. MENTA CHOCOLATE 36X140G.
13423,RELLENOS FRUTALES 36 X 140G,display,DISPLAY,23,36,36,"Rellenos frutales de 140g, presentados en envase de 36 unidades.",Se vende por display. Cada display trae 23 unidades. El bulto trae 36 displays. RELLENOS FRUTALES 36 X 140G.
13424,GAJITOS 36X140G,display,DISPLAY,20,36,36,Snack GAJITOS en formato de 36 paquetes de 140 gramos cada uno.,Se vende por display. Cada display trae 20 unidades. El bulto trae 36 displays. GAJITOS 36X140G.
13425,MENTA CRISTAL 36X140G,display,DISPLAY,31,36,36,"Mentha Cristal, presentación de 36 unidades de 140 gramos cada una.",Se vende por display. Cada display trae 31 unidades. El bulto trae 36 displays. MENTA CRISTAL 36X140G.
13427,POTERA BUTTER TOFFEE,display,DISPLAY,50,12,12,Snack Potera Butter Toffee en formato de bolsa.,Se vende por display. Cada display trae 50 unidades. El bulto trae 12 displays. POTERA BUTTER TOFFEE.
13430,HUEVO ARCOR MILK FP 8X12X22G,display,DISPLAY,12,8,8,"Huevo de chocolate con leche, marca Arcor, formato de 22 gramos.",Se vende por display. Cada display trae 12 unidades. El bulto trae 8 displays. HUEVO ARCOR MILK FP 8X12X22G.
13432,RELLENO UNTABLE BONOBON 24X290G,unidad,UNIDAD,,,24,"Chocolates de línea Arcor: RELLENO UNTABLE BONOBON 24X290G, presentación mayorista, x24 unidades por bulto.",Se vende por unidad. El bulto trae 24 unidades. No viene en display. RELLENO UNTABLE BONOBON 24X290G.
13433,RELLENO UNTABLE AGUILA 3 EN 1 24X290G,unidad,UNIDAD,,,24,"Chocolates: RELLENO UNTABLE AGUILA 3 EN 1 24X290G, x24 unidades por bulto.",Se vende por unidad. El bulto trae 24 unidades. No viene en display. RELLENO UNTABLE AGUILA 3 EN 1 24X290G.
13434,RELLENO UNTABLE AGUILA NUT 24X290G,unidad,UNIDAD,,,24,"Chocolates: RELLENO UNTABLE AGUILA NUT 24X290G, x24 unidades por bulto.",Se vende por unidad. El bulto trae 24 unidades. No viene en display. RELLENO UNTABLE AGUILA NUT 24X290G.
13435,AGUILA BAÑO REPOSTERO ROSA 8X6X150G,unidad,UNIDAD,6,8,48,"Chocolates: AGUILA BAÑO REPOSTERO ROSA 8X6X150G, x48 unidades por bulto.",Se vende por unidad. El display trae 6 unidades. El bulto trae 8 displays (48 unidades). AGUILA BAÑO REPOSTERO ROSA 8X6X150G.
13436,AGUILA BAÑO REPOSTERO CELESTE 8X6X150G,unidad,UNIDAD,6,8,48,"Chocolates: AGUILA BAÑO REPOSTERO CELESTE 8X6X150G, x48 unidades por bulto.",Se vende por unidad. El display trae 6 unidades. El bulto trae 8 displays (48 unidades). AGUILA BAÑO REPOSTERO CELESTE 8X6X150G.
13444,SALSATI ITALIANA 24X340G,unidad,UNIDAD,,,24,"Alimentos y Almacén: SALSATI ITALIANA 24X340G, x24 unidades por bulto.",Se vende por unidad. El bulto trae 24 unidades. No viene en display. SALSATI ITALIANA 24X340G.
13449,SALSA ARCOR PORTUGUESA 24X340G,unidad,UNIDAD,,,24,"Alimentos y Almacén: SALSA ARCOR PORTUGUESA 24X340G, x24 unidades por bulto.",Se vende por unidad. El bulto trae 24 unidades. No viene en display. SALSA ARCOR PORTUGUESA 24X340G.
13450,SALSA ARCOR ITALIANA 24X340G,unidad,UNIDAD,,,24,"Alimentos y Almacén: SALSA ARCOR ITALIANA 24X340G, x24 unidades por bulto.",Se vende por unidad. El bulto trae 24 unidades. No viene en display. SALSA ARCOR ITALIANA 24X340G.
13451,SALSA ARCOR TUCO 24X340G,unidad,UNIDAD,,,24,"Alimentos y Almacén: SALSA ARCOR TUCO 24X340G, x24 unidades por bulto.",Se vende por unidad. El bulto trae 24 unidades. No viene en display. SALSA ARCOR TUCO 24X340G.
13453,CONDIMENTO ROMERO 4X10X15G,unidad,UNIDAD,10,4,40,"Alimentos y Almacén: CONDIMENTO ROMERO 4X10X15G, x40 unidades por bulto.",Se vende por unidad. El display trae 10 unidades. El bulto trae 4 displays (40 unidades). CONDIMENTO ROMERO 4X10X15G.
13487,BEB.PV.DIET.CON.VAINI10.X7X32.G,display,DISPLAY,7,10,10,"Bebida dietética con vainilla, marca Bebida PV, formato de 10 x 7 x 32 gramos.",Se vende por display. Cada display trae 7 unidades. El bulto trae 10 displays. BEB.PV.DIET.CON.VAINI10.X7X32.G.
13508,CAR MP CHERRY 12X14X,display,DISPLAY,14,12,12,Bebida CAR MP CHERRY en formato 12x14x.,Se vende por display. Cada display trae 14 unidades. El bulto trae 12 displays. CAR MP CHERRY 12X14X.
13509,CAR MP STRONG 12X14X,display,DISPLAY,14,12,12,Bebida CAR MP STRONG en formato 12x14x.,Se vende por display. Cada display trae 14 unidades. El bulto trae 12 displays. CAR MP STRONG 12X14X.
13521,MENTA CRISTAL 6X891G,display,DISPLAY,198,6,6,"Mentha, Menta Cristal, formato 6x891g.",Se vende por display. Cada display trae 198 unidades. El bulto trae 6 displays. MENTA CRISTAL 6X891G.
13524,HELADO PALITO OSITO MOGUL 16X60G,unidad,BULTO,,,16,"Golosinas de línea Arcor: HELADO PALITO OSITO MOGUL 16X60G, presentación mayorista.",Se vende por bulto de 16 unidades. HELADO PALITO OSITO MOGUL 16X60G.
13525,HELADO GELATO AGUILA CHOCOLATE INTENSO X250CC,display,DISPLAY,,6,6,"Helados de línea Arcor: HELADO GELATO AGUILA CHOCOLATE INTENSO X250CC, presentación mayorista.",Se vende por display. El bulto trae 6 displays. HELADO GELATO AGUILA CHOCOLATE INTENSO X250CC.
13526,HELADO KOPA FRUTILLA AMERICANA 18X90G,unidad,BULTO,,,18,"Helados de línea Arcor: HELADO KOPA FRUTILLA AMERICANA 18X90G, presentación mayorista.",Se vende por bulto de 18 unidades. HELADO KOPA FRUTILLA AMERICANA 18X90G.
13527,KOPA CHOCOLA/AME 18X90G(150cc),unidad,BULTO,,,18,"Chocolate KOPA en formato de 90g, presentado en caja de 18 unidades.",Se vende por bulto de 18 unidades. KOPA CHOCOLA/AME 18X90G(150cc).
13528,HELADO KOPA DULCE DE LECHE AMERICANA 18X90G,unidad,BULTO,,,18,"Helados de línea Arcor: HELADO KOPA DULCE DE LECHE AMERICANA 18X90G, presentación mayorista.",Se vende por bulto de 18 unidades. HELADO KOPA DULCE DE LECHE AMERICANA 18X90G.
13530,HELADO POSTRE COFLER BLOCK 6X500G,display,DISPLAY,,6,6,"Helados: HELADO POSTRE COFLER BLOCK 6X500G, x6 unidades por bulto.",Se vende por display. El bulto trae 6 displays. HELADO POSTRE COFLER BLOCK 6X500G.
13534,HELADO GELATO COFLER BLOCK 6X250G,unidad,UNIDAD,,,6,"Helados: HELADO GELATO COFLER BLOCK 6X250G, x6 unidades por bulto.",Se vende por unidad. El bulto trae 6 unidades. No viene en display. HELADO GELATO COFLER BLOCK 6X250G.
13538,HELADO TORTA MARQUISE AGUILA 6X1.1KG,display,DISPLAY,,6,6,"Helados: HELADO TORTA MARQUISE AGUILA 6X1.1KG, x6 unidades por bulto.",Se vende por display. El bulto trae 6 displays. HELADO TORTA MARQUISE AGUILA 6X1.1KG.
13543,MAYONESA BC 8X1000CC,unidad,UNIDAD,,,8,"Alimentos y Almacén: MAYONESA BC 8X1000CC, x8 unidades por bulto.",Se vende por unidad. El bulto trae 8 unidades. No viene en display. MAYONESA BC 8X1000CC.
13545,MAYONESA BC 12X500CC,display,DISPLAY,,12,12,"Alimentos y Almacén: MAYONESA BC 12X500CC, x12 unidades por bulto.",Se vende por display. El bulto trae 12 displays. MAYONESA BC 12X500CC.
13546,MAYONESA BC 12X250CC,unidad,UNIDAD,,,12,"Alimentos y Almacén: MAYONESA BC 12X250CC, x12 unidades por bulto.",Se vende por unidad. El bulto trae 12 unidades. No viene en display. MAYONESA BC 12X250CC.
13574,GALLETA CEREAL MIX AVENA PASAS 25x207G,unidad,UNIDAD,,,25,"Golosinas: GALLETA CEREAL MIX AVENA PASAS 25x207G, x25 unidades por bulto.",Se vende por unidad. El bulto trae 25 unidades. No viene en display. GALLETA CEREAL MIX AVENA PASAS 25x207G.
13575,GALLETA CEREAL MIX CHIPS 25x207G,unidad,UNIDAD,,,25,"Golosinas: GALLETA CEREAL MIX CHIPS 25x207G, x25 unidades por bulto.",Se vende por unidad. El bulto trae 25 unidades. No viene en display. GALLETA CEREAL MIX CHIPS 25x207G.
13576,GALLETA CEREAL MIX FRUTILLA CHIA 25x207G,unidad,UNIDAD,,,25,"Golosinas: GALLETA CEREAL MIX FRUTILLA CHIA 25x207G, x25 unidades por bulto.",Se vende por unidad. El bulto trae 25 unidades. No viene en display. GALLETA CEREAL MIX FRUTILLA CHIA 25x207G.
13584,CHICLES POOSH FRUTIS 6X500G.,display,DISPLAY,112,6,6,Chicles Poosh Frutis en formato de 6 paquetes de 500g cada uno.,Se vende por display. Cada display trae 112 unidades. El bulto trae 6 displays. CHICLES POOSH FRUTIS 6X500G.
13587,BOMBONCITOS DDL12X180G,display,DISPLAY,,12,12,"Bomboncitos DDL en formato de 180 gramos, presentados en una caja de 12 unidades.",Se vende por display. El bulto trae 12 displays. BOMBONCITOS DDL12X180G.
13589,RECETA DE LA ABUELA PEPAS 36X183G,unidad,UNIDAD,,,36,"Galletas y Snacks: RECETA DE LA ABUELA PEPAS 36X183G, x36 unidades por bulto.",Se vende por unidad. El bulto trae 36 unidades. No viene en display. RECETA DE LA ABUELA PEPAS 36X183G.
13593,MISKY ROLL 24X12X35G,display,DISPLAY,12,24,24,Snack Misky Roll en formato de 24 unidades de 12 gramos cada una.,Se vende por display. Cada display trae 12 unidades. El bulto trae 24 displays. MISKY ROLL 24X12X35G.
13606,HOGAREÑAS 7 SEMILLAS 36X189G,unidad,UNIDAD,,,36,"Galletas y Snacks: HOGAREÑAS 7 SEMILLAS 36X189G, x36 unidades por bulto.",Se vende por unidad. El bulto trae 36 unidades. No viene en display. HOGAREÑAS 7 SEMILLAS 36X189G.
13607,HOGAREÑAS 7 SEMILLAS POR 3 12X3X189G,display,DISPLAY,,12,12,"Galletitas integrales con 7 semillas, marca Hogareñas, formato 3 unidades de 189 g.",Se vende por display. El bulto trae 12 displays. HOGAREÑAS 7 SEMILLAS POR 3 12X3X189G.
13608,HOGAREÑAS SESAMO 36X167G,unidad,UNIDAD,,,36,"Galletas y Snacks: HOGAREÑAS SESAMO 36X167G, x36 unidades por bulto.",Se vende por unidad. El bulto trae 36 unidades. No viene en display. HOGAREÑAS SESAMO 36X167G.
13609,HOGAREÑAS MIX CEREAL 36X185G,unidad,UNIDAD,,,36,"Galletas y Snacks: HOGAREÑAS MIX CEREAL 36X185G, x36 unidades por bulto.",Se vende por unidad. El bulto trae 36 unidades. No viene en display. HOGAREÑAS MIX CEREAL 36X185G.
13610,HOGAREÑAS MIX CEREAL POR 3 12X3X185G,display,DISPLAY,3,12,12,"Galletas y Snacks: HOGAREÑAS MIX CEREAL POR 3 12X3X185G, x12 unidades por bulto.",Se vende por display. Cada display trae 3 unidades. El bulto trae 12 displays. HOGAREÑAS MIX CEREAL POR 3 12X3X185G.
13612,SERRANITAS ARCOR 14X315GRS,display,DISPLAY,3,14,14,Snack Serranitas Arcor en formato de 14 paquetes de 315 gramos cada uno.,Se vende por display. Cada display trae 3 unidades. El bulto trae 14 displays. SERRANITAS ARCOR 14X315GRS.
13613,MOGUL OJITOS 12X12X3,display,DISPLAY,6,12,12,Snack MOGUL OJITOS en formato de 12x12x3.,Se vende por display. Cada display trae 6 unidades. El bulto trae 12 displays. MOGUL OJITOS 12X12X3.
13614,MOG.SOPA TENEBROSA 500x6,display,DISPLAY,100,6,6,"Sopa Tenebrosa MOG en formato 500g, presentada en caja de 6 unidades.",Se vende por display. Cada display trae 100 unidades. El bulto trae 6 displays. MOG.SOPA TENEBROSA 500x6.
13617,CHUP.EVOLUTION 12X24,display,DISPLAY,24,12,12,Chup. Evolución 12x24 es un producto de la categoría de chupetes para bebés.,Se vende por display. Cada display trae 24 unidades. El bulto trae 12 displays. CHUP.EVOLUTION 12X24.
13618,MANO RECOLECTORA 6X3,display,DISPLAY,120,6,6,Herramienta MANO RECOLECTORA 6X3 para la recolección de frutas y verduras.,Se vende por display. Cada display trae 120 unidades. El bulto trae 6 displays. MANO RECOLECTORA 6X3.
13619,CHICLE ALKA FRUTA 30,display,DISPLAY,20,30,30,Chicle Alka Fruta en formato de 30 unidades.,Se vende por display. Cada display trae 20 unidades. El bulto trae 30 displays. CHICLE ALKA FRUTA 30.
13620,"CHICLE ALKA MENTA 30X20X6,7G",display,DISPLAY,20,30,30,"Chicle Alka Menta en formato de 30 unidades de 6,7 gramos cada una.","Se vende por display. Cada display trae 20 unidades. El bulto trae 30 displays. CHICLE ALKA MENTA 30X20X6,7G."
13624,SALVADO BAGLEY POR 3 12X3X169G,display,DISPLAY,3,12,12,"Galletas y Snacks: SALVADO BAGLEY POR 3 12X3X169G, x12 unidades por bulto.",Se vende por display. Cada display trae 3 unidades. El bulto trae 12 displays. SALVADO BAGLEY POR 3 12X3X169G.
13625,SALVADO BAGLEY 36X169G,unidad,UNIDAD,,,36,"Galletas y Snacks: SALVADO BAGLEY 36X169G, x36 unidades por bulto.",Se vende por unidad. El bulto trae 36 unidades. No viene en display. SALVADO BAGLEY 36X169G.
13642,CRUNCHY MIX AGUILA 30X120G,display,DISPLAY,,30,30,"Mix de frutos secos con chocolate con leche, marca Aguila, 120g.",Se vende por display. El bulto trae 30 displays. CRUNCHY MIX AGUILA 30X120G.
13645,CEREAL MIX RELL.FRUT.36X4X32G,display,DISPLAY,4,36,36,"Cereal, Mix Relleno Frutal, presentación de 36 paquetes de 4 unidades de 32 gramos.",Se vende por display. Cada display trae 4 unidades. El bulto trae 36 displays. CEREAL MIX RELL.FRUT.36X4X32G.
13648,BOCADITO CHOCOMANI 12X520G,display,DISPLAY,80,12,12,"Chocolates de línea Arcor: BOCADITO CHOCOMANI 12X520G, presentación mayorista, x12 unidades por bulto.",Se vende por display. Cada display trae 80 unidades. El bulto trae 12 displays. BOCADITO CHOCOMANI 12X520G.
13650,BOCADITO VACA LECHERA 12X520G,display,DISPLAY,80,12,12,"Chocolates de línea Arcor: BOCADITO VACA LECHERA 12X520G, presentación mayorista, x12 unidades por bulto.",Se vende por display. Cada display trae 80 unidades. El bulto trae 12 displays. BOCADITO VACA LECHERA 12X520G.
13651,SUGUS AGRUPADO FLLA.12X12X6Un,display,DISPLAY,12,12,12,Caramelo SUGUS agrupado en formato de 12 bolsas de 12 unidades cada una.,Se vende por display. Cada display trae 12 unidades. El bulto trae 12 displays. SUGUS AGRUPADO FLLA.12X12X6Un.
13652,SUGUS AGRUPADO ANANA 12X12X6Un,display,DISPLAY,12,12,12,"Caramelo SUGUS agrupado sabor ananá, presentación 12x12x6 unidades.",Se vende por display. Cada display trae 12 unidades. El bulto trae 12 displays. SUGUS AGRUPADO ANANA 12X12X6Un.
13655,CONDIMENTO OREGANO 24X23G,unidad,UNIDAD,24,,24,"Alimentos y Almacén: CONDIMENTO OREGANO 24X23G, x24 unidades por bulto.",Se vende por unidad. El display trae 24 unidades. El bulto trae 24 unidades. CONDIMENTO OREGANO 24X23G.
13656,CONDIMENTO PIMENTON 4X10X23G,unidad,UNIDAD,10,4,40,"Alimentos y Almacén: CONDIMENTO PIMENTON 4X10X23G, x40 unidades por bulto.",Se vende por unidad. El display trae 10 unidades. El bulto trae 4 displays (40 unidades). CONDIMENTO PIMENTON 4X10X23G.
13657,CONDIMENTO PIMIENTA NEGRA GRANO 4X10X23G,unidad,UNIDAD,10,4,40,"Alimentos y Almacén: CONDIMENTO PIMIENTA NEGRA GRANO 4X10X23G, x40 unidades por bulto.",Se vende por unidad. El display trae 10 unidades. El bulto trae 4 displays (40 unidades). CONDIMENTO PIMIENTA NEGRA GRANO 4X10X23G.
13658,CONDIMENTO PIMIENTA NEGRA MOLIDA 4X10X23G,unidad,UNIDAD,10,4,40,"Alimentos y Almacén: CONDIMENTO PIMIENTA NEGRA MOLIDA 4X10X23G, x40 unidades por bulto.",Se vende por unidad. El display trae 10 unidades. El bulto trae 4 displays (40 unidades). CONDIMENTO PIMIENTA NEGRA MOLIDA 4X10X23G.
13659,CONDIMENTO NUEZ MOSCADA MOLIDA 4X10X23G,unidad,UNIDAD,10,4,40,"Alimentos y Almacén: CONDIMENTO NUEZ MOSCADA MOLIDA 4X10X23G, x40 unidades por bulto.",Se vende por unidad. El display trae 10 unidades. El bulto trae 4 displays (40 unidades). CONDIMENTO NUEZ MOSCADA MOLIDA 4X10X23G.
13660,CONDIMENTO PROVENZAL 24X23G,unidad,UNIDAD,24,,24,"Alimentos y Almacén: CONDIMENTO PROVENZAL 24X23G, x24 unidades por bulto.",Se vende por unidad. El display trae 24 unidades. El bulto trae 24 unidades. CONDIMENTO PROVENZAL 24X23G.
13661,CONDIMENTO OREGANO 24X48G,unidad,UNIDAD,24,,24,"Alimentos y Almacén: CONDIMENTO OREGANO 24X48G, x24 unidades por bulto.",Se vende por unidad. El display trae 24 unidades. El bulto trae 24 unidades. CONDIMENTO OREGANO 24X48G.
13662,CONDIMENTO COMINO MOLIDO 4X10X23G,unidad,UNIDAD,10,4,40,"Alimentos y Almacén: CONDIMENTO COMINO MOLIDO 4X10X23G, x40 unidades por bulto.",Se vende por unidad. El display trae 10 unidades. El bulto trae 4 displays (40 unidades). CONDIMENTO COMINO MOLIDO 4X10X23G.
13663,CONDIMENTO PARA CARNES 4X10X23G,unidad,UNIDAD,10,4,40,"Alimentos y Almacén: CONDIMENTO PARA CARNES 4X10X23G, x40 unidades por bulto.",Se vende por unidad. El display trae 10 unidades. El bulto trae 4 displays (40 unidades). CONDIMENTO PARA CARNES 4X10X23G.
13664,CONDIMENTO PARA ARROZ 4X10X23G,unidad,UNIDAD,10,4,40,"Alimentos y Almacén: CONDIMENTO PARA ARROZ 4X10X23G, x40 unidades por bulto.",Se vende por unidad. El display trae 10 unidades. El bulto trae 4 displays (40 unidades). CONDIMENTO PARA ARROZ 4X10X23G.
13666,CONDIMENTO PIMIENTA BLANCA MOLIDA 4X10X23G,unidad,UNIDAD,10,4,40,"Alimentos y Almacén: CONDIMENTO PIMIENTA BLANCA MOLIDA 4X10X23G, x40 unidades por bulto.",Se vende por unidad. El display trae 10 unidades. El bulto trae 4 displays (40 unidades). CONDIMENTO PIMIENTA BLANCA MOLIDA 4X10X23G.
13667,CONDIMENTO CHIMICHURRI 4X10X23G,unidad,UNIDAD,10,4,40,"Alimentos y Almacén: CONDIMENTO CHIMICHURRI 4X10X23G, x40 unidades por bulto.",Se vende por unidad. El display trae 10 unidades. El bulto trae 4 displays (40 unidades). CONDIMENTO CHIMICHURRI 4X10X23G.
13668,CONDIMENTO AJO TRITURADO 4X10X48G,unidad,UNIDAD,10,4,40,"Alimentos y Almacén: CONDIMENTO AJO TRITURADO 4X10X48G, x40 unidades por bulto.",Se vende por unidad. El display trae 10 unidades. El bulto trae 4 displays (40 unidades). CONDIMENTO AJO TRITURADO 4X10X48G.
13669,CONDIMENTO PIMENTON 4X10X48G,unidad,UNIDAD,10,4,40,"Alimentos y Almacén: CONDIMENTO PIMENTON 4X10X48G, x40 unidades por bulto.",Se vende por unidad. El display trae 10 unidades. El bulto trae 4 displays (40 unidades). CONDIMENTO PIMENTON 4X10X48G.
13670,CONDIMENTO AJI TRITURADO 4X10X48G,unidad,UNIDAD,10,4,40,"Alimentos y Almacén: CONDIMENTO AJI TRITURADO 4X10X48G, x40 unidades por bulto.",Se vende por unidad. El display trae 10 unidades. El bulto trae 4 displays (40 unidades). CONDIMENTO AJI TRITURADO 4X10X48G.
13673,CONDIMENTO PROVENZAL 24X48G,unidad,UNIDAD,24,,24,"Alimentos y Almacén: CONDIMENTO PROVENZAL 24X48G, x24 unidades por bulto.",Se vende por unidad. El display trae 24 unidades. El bulto trae 24 unidades. CONDIMENTO PROVENZAL 24X48G.
13675,CONDIMENTO PIZZA 4X10X23G,unidad,UNIDAD,10,4,40,"Alimentos y Almacén: CONDIMENTO PIZZA 4X10X23G, x40 unidades por bulto.",Se vende por unidad. El display trae 10 unidades. El bulto trae 4 displays (40 unidades). CONDIMENTO PIZZA 4X10X23G.
13684,"HVITO COF.BLOCK DISP 8X60X7,8G",display,DISPLAY,60,8,8,"Cofre de bloques HVITO, formato de 8 unidades de 60x7,8 gramos cada una.","Se vende por display. Cada display trae 60 unidades. El bulto trae 8 displays. HVITO COF.BLOCK DISP 8X60X7,8G."
13686,POSTRE BC DULCE DE LECHE 6X8X50G,unidad,UNIDAD,8,6,48,"Alimentos y Almacén: POSTRE BC DULCE DE LECHE 6X8X50G, x48 unidades por bulto.",Se vende por unidad. El display trae 8 unidades. El bulto trae 6 displays (48 unidades). POSTRE BC DULCE DE LECHE 6X8X50G.
13689,MAST.FTA.ARCOR 36X120G,display,DISPLAY,36,36,36,"Snack MAST.FTA.ARCOR en formato de 120g, presentado en caja de 36 unidades.",Se vende por display. Cada display trae 36 unidades. El bulto trae 36 displays. MAST.FTA.ARCOR 36X120G.
13691,CEREALES BAG AVENA 10X3X155G,display,DISPLAY,3,10,10,Cereales Bag Avena en formato de 10 sachets de 155 gramos cada uno.,Se vende por display. Cada display trae 3 unidades. El bulto trae 10 displays. CEREALES BAG AVENA 10X3X155G.
13693,HUEVITO BON O BON 27X20X7.8G,display,DISPLAY,20,27,27,"Huevo, Bon o Bon, formato 27x20x7.8g.",Se vende por display. Cada display trae 20 unidades. El bulto trae 27 displays. HUEVITO BON O BON 27X20X7.8G.
13704,BARRA CM YOG/FRU.LIG.36X4X26G,display,DISPLAY,4,36,36,"Barra de yogurt y frutas CM, formato de 36 unidades de 26 gramos cada una.",Se vende por display. Cada display trae 4 unidades. El bulto trae 36 displays. BARRA CM YOG/FRU.LIG.36X4X26G.
13705,BARRA CM YOG/FRU. 36X4X26G,display,DISPLAY,4,36,36,"Barra de yogurt y fruta CM, formato de 36 unidades de 26 gramos cada una.",Se vende por display. Cada display trae 4 unidades. El bulto trae 36 displays. BARRA CM YOG/FRU. 36X4X26G.
13707,BARRA CM ORIGINAL 36X4X23G,display,DISPLAY,4,36,36,"Barra CM Original 36x4x23g, producto alimenticio en formato de barra.",Se vende por display. Cada display trae 4 unidades. El bulto trae 36 displays. BARRA CM ORIGINAL 36X4X23G.
13709,COFLER BLOCK BLANCO 8x20x38G,unidad,UNIDAD,20,8,160,"Chocolates de línea Arcor: COFLER BLOCK BLANCO 8x20x38G, presentación mayorista, x160 unidades por bulto.",Se vende por unidad. El display trae 20 unidades. El bulto trae 8 displays (160 unidades). COFLER BLOCK BLANCO 8x20x38G.
13710,TOPLINE7 ULTRA DOBLE 12X12X24G,display,DISPLAY,12,12,12,"Golosinas de línea Arcor: TOPLINE7 ULTRA DOBLE 12X12X24G, presentación mayorista, x12 unidades por bulto.",Se vende por display. Cada display trae 12 unidades. El bulto trae 12 displays. TOPLINE7 ULTRA DOBLE 12X12X24G.
13711,MENTHO PLUS SIN AZUCAR COOL MINT 36X30G,display,DISPLAY,30,36,36,"Golosinas: MENTHO PLUS SIN AZUCAR COOL MINT 36X30G, x36 unidades por bulto.",Se vende por display. Cada display trae 30 unidades. El bulto trae 36 displays. MENTHO PLUS SIN AZUCAR COOL MINT 36X30G.
13712,MENTHO PLUS SIN AZUCAR MIX BERRIES 36X30G,display,DISPLAY,,36,36,"Golosinas: MENTHO PLUS SIN AZUCAR MIX BERRIES 36X30G, x36 unidades por bulto.",Se vende por display. El bulto trae 36 displays. MENTHO PLUS SIN AZUCAR MIX BERRIES 36X30G.
13748,MOGUL EXTREME ROCKS 12X10X45G,display,DISPLAY,10,12,12,"Caramelo gomitas sabor frutilla, marca Mogul, formato de 45 g.",Se vende por display. Cada display trae 10 unidades. El bulto trae 12 displays. MOGUL EXTREME ROCKS 12X10X45G.
13751,MOGUL DIENTES 12X10X50G,display,DISPLAY,10,12,12,"Golosinas de línea Arcor: MOGUL DIENTES 12X10X50G, presentación mayorista, x12 unidades por bulto.",Se vende por display. Cada display trae 10 unidades. El bulto trae 12 displays. MOGUL DIENTES 12X10X50G.
13776,CRIOLLITAS TOSTADAS ARROZ DULCES 24X110G,unidad,UNIDAD,,,24,"Galletas y Snacks: CRIOLLITAS TOSTADAS ARROZ DULCES 24X110G, x24 unidades por bulto.",Se vende por unidad. El bulto trae 24 unidades. No viene en display. CRIOLLITAS TOSTADAS ARROZ DULCES 24X110G.
13781,MANA LECHE 36X136G,unidad,UNIDAD,,,36,"Galletas y Snacks: MANA LECHE 36X136G, x36 unidades por bulto.",Se vende por unidad. El bulto trae 36 unidades. No viene en display. MANA LECHE 36X136G.
13783,MANA VAINILLA 36X136G,unidad,UNIDAD,,,36,"Galletas y Snacks: MANA VAINILLA 36X136G, x36 unidades por bulto.",Se vende por unidad. El bulto trae 36 unidades. No viene en display. MANA VAINILLA 36X136G.
13784,MANA AGRUPADA VAINILLA POR 3 12X408G,display,DISPLAY,,12,12,"Galletas y Snacks: MANA AGRUPADA VAINILLA POR 3 12X408G, x12 unidades por bulto.",Se vende por display. El bulto trae 12 displays. MANA AGRUPADA VAINILLA POR 3 12X408G.
13785,"MISTER POPS YOGUS 12X50X12,5G.",display,DISPLAY,50,12,12,"Snack MISTER POPS YOGUS en formato 12x50x12,5g.","Se vende por display. Cada display trae 50 unidades. El bulto trae 12 displays. MISTER POPS YOGUS 12X50X12,5G."
13787,MAYONESA BC 20X125CC,unidad,UNIDAD,20,,20,"Alimentos y Almacén: MAYONESA BC 20X125CC, x20 unidades por bulto.",Se vende por unidad. El display trae 20 unidades. El bulto trae 20 unidades. MAYONESA BC 20X125CC.
13791,MANA CHOCOLATADA 36X136G,unidad,UNIDAD,,,36,"Galletas y Snacks: MANA CHOCOLATADA 36X136G, x36 unidades por bulto.",Se vende por unidad. El bulto trae 36 unidades. No viene en display. MANA CHOCOLATADA 36X136G.
13792,TL SEVEN BUB.FUN 36X16X14G,display,DISPLAY,16,36,36,Bebida TL SEVEN BUB.FUN en formato de 36 unidades de 16x14 gramos.,Se vende por display. Cada display trae 16 unidades. El bulto trae 36 displays. TL SEVEN BUB.FUN 36X16X14G.
13795,JUG.PVO.ARC.POM.ROS.12X18X18.G,display,DISPLAY,18,12,12,Jugo Puro Arcor de Pomelo Rosado en formato de 12 unidades de 18 litros cada una.,Se vende por display. Cada display trae 18 unidades. El bulto trae 12 displays. JUG.PVO.ARC.POM.ROS.12X18X18.G.
13797,"MENTHO PLUS 2 DULCE DE LECHE 12X12X27,2G",display,DISPLAY,12,12,12,"Golosinas: MENTHO PLUS 2 DULCE DE LECHE 12X12X27,2G, x12 unidades por bulto.","Se vende por display. Cada display trae 12 unidades. El bulto trae 12 displays. MENTHO PLUS 2 DULCE DE LECHE 12X12X27,2G."
13799,RAPTOR WHEY PROTEIN VAIN 2X980G,unidad,UNIDAD,,,2,"Golosinas: RAPTOR WHEY PROTEIN VAIN 2X980G, x2 unidades por bulto.",Se vende por unidad. El bulto trae 2 unidades. No viene en display. RAPTOR WHEY PROTEIN VAIN 2X980G.
13800,RAPTOR WHEY PROTEIN CHOCO 2X1008G,unidad,UNIDAD,,,2,"Golosinas: RAPTOR WHEY PROTEIN CHOCO 2X1008G, x2 unidades por bulto.",Se vende por unidad. El bulto trae 2 unidades. No viene en display. RAPTOR WHEY PROTEIN CHOCO 2X1008G.
13802,BATIDO SIMPLE SACIETY PLUS VAINILLA POLVO 6X448G,unidad,UNIDAD,,,6,"Golosinas: BATIDO SIMPLE SACIETY PLUS VAINILLA POLVO 6X448G, x6 unidades por bulto.",Se vende por unidad. El bulto trae 6 unidades. No viene en display. BATIDO SIMPLE SACIETY PLUS VAINILLA POLVO 6X448G.
13803,BATIDO SIMPLE SACIETY PLUS CHOCOLATE 6X462G,display,DISPLAY,,6,6,"Golosinas: BATIDO SIMPLE SACIETY PLUS CHOCOLATE 6X462G, x6 unidades por bulto.",Se vende por display. El bulto trae 6 displays. BATIDO SIMPLE SACIETY PLUS CHOCOLATE 6X462G.
13804,RAPTOR CREATINA NARANJA 8X162G,unidad,UNIDAD,,,8,"Golosinas de línea Arcor: RAPTOR CREATINA NARANJA 8X162G, presentación mayorista, x8 unidades por bulto.",Se vende por unidad. El bulto trae 8 unidades. No viene en display. RAPTOR CREATINA NARANJA 8X162G.
13830,HELADO POSTRE CHOCOTORTA 6X637G,unidad,UNIDAD,,,6,"Helados de línea Arcor: HELADO POSTRE CHOCOTORTA 6X637G, presentación mayorista, x6 unidades por bulto.",Se vende por unidad. El bulto trae 6 unidades. No viene en display. HELADO POSTRE CHOCOTORTA 6X637G.
13833,MAST. RICOMÁS SURT. X4 28X280G,display,DISPLAY,84,28,28,Snack MAST RICOMÁS surtido en formato x4 de 280g cada uno.,Se vende por display. Cada display trae 84 unidades. El bulto trae 28 displays. MAST. RICOMÁS SURT. X4 28X280G.
13841,MOG.EXT PALOTES BLUEB 12X70X8G,display,DISPLAY,70,12,12,Palotes MOG.EXT sabor blueberry en formato de 12 unidades de 70 gramos cada una.,Se vende por display. Cada display trae 70 unidades. El bulto trae 12 displays. MOG.EXT PALOTES BLUEB 12X70X8G.
13854,TOPLINE SEVEN TURBO MINT 12X50G,display,DISPLAY,20,12,12,"Chicles confitados sabor Turbo Mint, marca Top Line Seven, presentación de 50 g.",Se vende por display. Cada display trae 20 unidades. El bulto trae 12 displays. TOPLINE SEVEN TURBO MINT 12X50G.
13857,CABALLA LC ACEITE Y AGUA 24X300G,unidad,UNIDAD,,,24,"Alimentos y Almacén: CABALLA LC ACEITE Y AGUA 24X300G, x24 unidades por bulto.",Se vende por unidad. El bulto trae 24 unidades. No viene en display. CABALLA LC ACEITE Y AGUA 24X300G.
13858,CABALLA LC NATURAL 24X300G,unidad,UNIDAD,,,24,"Alimentos y Almacén: CABALLA LC NATURAL 24X300G, x24 unidades por bulto.",Se vende por unidad. El bulto trae 24 unidades. No viene en display. CABALLA LC NATURAL 24X300G.
13860,SUGUS SURTIDO 8X700G,display,DISPLAY,210,8,8,"Caramelo, Sugus, surtido, presentación de 700 gramos, paquete de 8 unidades.",Se vende por display. Cada display trae 210 unidades. El bulto trae 8 displays. SUGUS SURTIDO 8X700G.
13864,RAPTOR BARRA PROTEIN COOKIES 6X16X45G,unidad,UNIDAD,16,6,96,"Golosinas: RAPTOR BARRA PROTEIN COOKIES 6X16X45G, x96 unidades por bulto.",Se vende por unidad. El display trae 16 unidades. El bulto trae 6 displays (96 unidades). RAPTOR BARRA PROTEIN COOKIES 6X16X45G.
13865,RAPTOR BARRA PROTEIN MANI 6X16X45G,unidad,UNIDAD,16,6,96,"Golosinas: RAPTOR BARRA PROTEIN MANI 6X16X45G, x96 unidades por bulto.",Se vende por unidad. El display trae 16 unidades. El bulto trae 6 displays (96 unidades). RAPTOR BARRA PROTEIN MANI 6X16X45G.
13872,POLENTA PRESTOPRONTA 24x730G,unidad,UNIDAD,,,24,"Alimentos y Almacén: POLENTA PRESTOPRONTA 24x730G, x24 unidades por bulto.",Se vende por unidad. El bulto trae 24 unidades. No viene en display. POLENTA PRESTOPRONTA 24x730G.
13873,POLENTA PRESTOPRONTA 30X490G,unidad,UNIDAD,,,30,"Alimentos y Almacén: POLENTA PRESTOPRONTA 30X490G, x30 unidades por bulto.",Se vende por unidad. El bulto trae 30 unidades. No viene en display. POLENTA PRESTOPRONTA 30X490G.
13875,"CHUP B-COLOR MISKY 12X50X12,5G",display,DISPLAY,50,12,12,"Chup B-Color Misky en formato de 12 unidades de 50x12,5 gramos.","Se vende por display. Cada display trae 50 unidades. El bulto trae 12 displays. CHUP B-COLOR MISKY 12X50X12,5G."
13878,MOG.EXT PALOTES TUTTI 12X70X8G,display,DISPLAY,70,12,12,"Palotes MOG.EXT Tutti, presentación de 12 unidades de 70 gramos cada una.",Se vende por display. Cada display trae 70 unidades. El bulto trae 12 displays. MOG.EXT PALOTES TUTTI 12X70X8G.
13879,MOG.EX PALOTES SANDIA 12X70X8G,display,DISPLAY,70,12,12,"Palotes MOG.EX sabor sandía, presentación de 12 unidades de 70 gramos cada una.",Se vende por display. Cada display trae 70 unidades. El bulto trae 12 displays. MOG.EX PALOTES SANDIA 12X70X8G.
13881,PALOTES SURT 120G,display,DISPLAY,15,24,24,Snack Palotes Surt 120g de la marca Palotes.,Se vende por display. Cada display trae 15 unidades. El bulto trae 24 displays. PALOTES SURT 120G.
13886,PURE TOMATE LC 12x530G,display,DISPLAY,,12,12,"Alimentos y Almacén: PURE TOMATE LC 12x530G, x12 unidades por bulto.",Se vende por display. El bulto trae 12 displays. PURE TOMATE LC 12x530G.
13900,TRAVIATA 16X5X506 GR,display,DISPLAY,5,16,16,Snack TRAVIATA en formato 16x5x506 gramos.,Se vende por display. Cada display trae 5 unidades. El bulto trae 16 displays. TRAVIATA 16X5X506 GR.
13901,CRIOLLITAS POR 5 ORIGINAL 12X5X100G,display,DISPLAY,5,12,12,"Galletas y Snacks: CRIOLLITAS POR 5 ORIGINAL 12X5X100G, x12 unidades por bulto.",Se vende por display. Cada display trae 5 unidades. El bulto trae 12 displays. CRIOLLITAS POR 5 ORIGINAL 12X5X100G.
13902,BUTTER TOFFEES DULCE DE LECHE 6X810G,display,DISPLAY,135,6,6,"Golosinas: BUTTER TOFFEES DULCE DE LECHE 6X810G, x6 unidades por bulto.",Se vende por display. Cada display trae 135 unidades. El bulto trae 6 displays. BUTTER TOFFEES DULCE DE LECHE 6X810G.
13903,BUTTER TOF. REL.MANZANA 6X810G,display,DISPLAY,135,6,6,"Manteca de manzana Butter Tof, formato 6x810g.",Se vende por display. Cada display trae 135 unidades. El bulto trae 6 displays. BUTTER TOF. REL.MANZANA 6X810G.
13904,BUTTER TOF. RELLENO DDL36X140G,display,DISPLAY,23,36,36,"Butter Tof, relleno, formato 36x140g.",Se vende por display. Cada display trae 23 unidades. El bulto trae 36 displays. BUTTER TOF. RELLENO DDL36X140G.
13905,BUTTER TOF. REL.MANZANA36X140G,display,DISPLAY,23,36,36,"Manteca de manzana Butter Tof, formato de 140g, presentación de 36 unidades.",Se vende por display. Cada display trae 23 unidades. El bulto trae 36 displays. BUTTER TOF. REL.MANZANA36X140G.
13906,CARAMELO ARCOR MILK 36X100G,display,DISPLAY,25,36,36,"Caramelo Arcor Milk en formato de 100g, presentado en caja de 36 unidades.",Se vende por display. Cada display trae 25 unidades. El bulto trae 36 displays. CARAMELO ARCOR MILK 36X100G.
13907,CARAMELO ARCOR MILK 12X320G,display,DISPLAY,80,12,12,"Caramelo Arcor Milk en formato de 320g, presentado en caja de 12 unidades.",Se vende por display. Cada display trae 80 unidades. El bulto trae 12 displays. CARAMELO ARCOR MILK 12X320G.
13909,MERENGADAS FRUTILLA POR 3 12X3X87G,display,DISPLAY,3,12,12,"Galletitas dulces rellenas con pasta sabor frutilla, marca Almaro, pack de 3 unidades.",Se vende por display. Cada display trae 3 unidades. El bulto trae 12 displays. MERENGADAS FRUTILLA POR 3 12X3X87G.
1391,SAPITO DULCE DE LECHE 8X24X10G,display,DISPLAY,24,8,8,"Dulce de leche Sapito, presentado en formato de 10 gramos, caja de 24 unidades.",Se vende por display. Cada display trae 24 unidades. El bulto trae 8 displays. SAPITO DULCE DE LECHE 8X24X10G.
13927,RUMBA 12X3X108G,display,DISPLAY,3,12,12,Snack RUMBA en formato de 12 paquetes de 3 unidades de 108 gramos cada uno.,Se vende por display. Cada display trae 3 unidades. El bulto trae 12 displays. RUMBA 12X3X108G.
13929,AMOR 12X3X108G,display,DISPLAY,3,12,12,Snack AMOR en formato 12x3x108g.,Se vende por display. Cada display trae 3 unidades. El bulto trae 12 displays. AMOR 12X3X108G.
13931,MELLIZAS 12X3X108G,display,DISPLAY,3,12,12,Snack MELLIZAS en formato de 12 paquetes de 3 unidades de 108 gramos cada uno.,Se vende por display. Cada display trae 3 unidades. El bulto trae 12 displays. MELLIZAS 12X3X108G.
1394,HVO CHOC LECH RELL BOB 12X210GR,display,DISPLAY,,12,12,Snack HVO CHOC LECH RELL en formato de 12 unidades de 210 gramos cada una.,Se vende por display. El bulto trae 12 displays. HVO CHOC LECH RELL BOB 12X210GR.
13946,HELADO GELATO BC LIMON 6X300G,unidad,UNIDAD,,,6,"Helados: HELADO GELATO BC LIMON 6X300G, x6 unidades por bulto.",Se vende por unidad. El bulto trae 6 unidades. No viene en display. HELADO GELATO BC LIMON 6X300G.
13947,HELADO KOPA CHOCOLATE DULCE DE LECHE 18x90G,unidad,BULTO,,,18,"Helados de línea Arcor: HELADO KOPA CHOCOLATE DULCE DE LECHE 18x90G, presentación mayorista.",Se vende por bulto de 18 unidades. HELADO KOPA CHOCOLATE DULCE DE LECHE 18x90G.
13949,HELADO POSTRE COFLER 3 PLACERES 6X500G,unidad,UNIDAD,,,6,"Helados: HELADO POSTRE COFLER 3 PLACERES 6X500G, x6 unidades por bulto.",Se vende por unidad. El bulto trae 6 unidades. No viene en display. HELADO POSTRE COFLER 3 PLACERES 6X500G.
13950,MOGUL BAT-GUM 12X12X 30GR,display,DISPLAY,12,12,12,"Goma de mascar MOGUL BAT-GUM en formato de 30 gramos, presentación de 12 unidades.",Se vende por display. Cada display trae 12 unidades. El bulto trae 12 displays. MOGUL BAT-GUM 12X12X 30GR.
13956,MOGUL BAÑADOS 24X80G,display,DISPLAY,,24,24,"Golosinas de línea Arcor: MOGUL BAÑADOS 24X80G, presentación mayorista, x24 unidades por bulto.",Se vende por display. El bulto trae 24 displays. MOGUL BAÑADOS 24X80G.
13959,HELADO GELATO ROCKLETS 6X250G,unidad,UNIDAD,,,6,"Helados de línea Arcor: HELADO GELATO ROCKLETS 6X250G, presentación mayorista, x6 unidades por bulto.",Se vende por unidad. El bulto trae 6 unidades. No viene en display. HELADO GELATO ROCKLETS 6X250G.
13960,HELADO ARCOR MILK 20X52G,unidad,BULTO,,,20,"Helados de línea Arcor: HELADO ARCOR MILK 20X52G, presentación mayorista.",Se vende por bulto de 20 unidades. HELADO ARCOR MILK 20X52G.
13961,"FLICS TUTTI FRUTTI 18X12X12,6",display,DISPLAY,12,18,18,"Snack FLICS Tutti Frutti en formato 18x12x12,6.","Se vende por display. Cada display trae 12 unidades. El bulto trae 18 displays. FLICS TUTTI FRUTTI 18X12X12,6."
13966,HELADO BONOBON CORAZON BLANCO 16X75CC,unidad,BULTO,,,16,"Helados de línea Arcor: HELADO BONOBON CORAZON BLANCO 16X75CC, presentación mayorista.",Se vende por bulto de 16 unidades. HELADO BONOBON CORAZON BLANCO 16X75CC.
13967,"SUGUS MAX SANDIA 12X70X7,5G",display,DISPLAY,70,12,12,Caramelo SUGUS MAX SANDIA en presentación de 12 unidades de 70 gramos cada una.,"Se vende por display. Cada display trae 70 unidades. El bulto trae 12 displays. SUGUS MAX SANDIA 12X70X7,5G."
13973,MAST.HALLOWEEN 24X10,display,DISPLAY,30,24,24,Bebida MAST.HALLOWEEN en formato 24X10.,Se vende por display. Cada display trae 30 unidades. El bulto trae 24 displays. MAST.HALLOWEEN 24X10.
13978,COFLER BLOCK MAX BLANCO 30X100G,unidad,UNIDAD,,,30,"Chocolates: COFLER BLOCK MAX BLANCO 30X100G, x30 unidades por bulto.",Se vende por unidad. El bulto trae 30 unidades. No viene en display. COFLER BLOCK MAX BLANCO 30X100G.
13979,COFLER BLOCK MAX LECHE 30X100G,unidad,UNIDAD,,,30,"Chocolates: COFLER BLOCK MAX LECHE 30X100G, x30 unidades por bulto.",Se vende por unidad. El bulto trae 30 unidades. No viene en display. COFLER BLOCK MAX LECHE 30X100G.
13980,ALMENDRA BLACK VELVET AGUILA 30X120G,unidad,UNIDAD,,,30,"Chocolates: ALMENDRA BLACK VELVET AGUILA 30X120G, x30 unidades por bulto.",Se vende por unidad. El bulto trae 30 unidades. No viene en display. ALMENDRA BLACK VELVET AGUILA 30X120G.
13987,MEDALLON  AGUILA DOS SABORES 20X12X14G,display,DISPLAY,12,20,20,"Bombón de chocolate semiamargo con relleno de menta y vainilla, marca Arcor, línea Águila.",Se vende por display. Cada display trae 12 unidades. El bulto trae 20 displays. MEDALLON AGUILA DOS SABORES 20X12X14G.
13998,TOPLINE SEVEN  XPLOSIVE LATA 8X8X24GR,unidad,UNIDAD,8,8,64,"Golosinas: TOPLINE SEVEN XPLOSIVE LATA 8X8X24GR, x64 unidades por bulto.",Se vende por unidad. El display trae 8 unidades. El bulto trae 8 displays (64 unidades). TOPLINE SEVEN XPLOSIVE LATA 8X8X24GR.
14008,HELADO BARRITA AGUILA POR 24 24UX49CC,display,DISPLAY,,24,24,"Helados de línea Arcor: HELADO BARRITA AGUILA POR 24 24UX49CC, presentación mayorista.",Se vende por display. El bulto trae 24 displays. HELADO BARRITA AGUILA POR 24 24UX49CC.
14009,HEL BARRI AGUILA SA 24UX34G(49CC),unidad,BULTO,,,24,Helado Barril Águila SA 24 unidades de 34 gramos cada uno.,Se vende por bulto de 24 unidades. HEL BARRI AGUILA SA 24UX34G(49CC).
14010,BARRA SIMPLE SURTIDO 6X600G,display,DISPLAY,16,6,6,"Barra Simple Surtido 6x600g, producto alimenticio en formato de barra de 600 gramos.",Se vende por display. Cada display trae 16 unidades. El bulto trae 6 displays. BARRA SIMPLE SURTIDO 6X600G.
14013,HVO COF.BLOC MITI-MITI 12X170G,display,DISPLAY,,12,12,Cofre de HVO Miti-Miti en formato de 12 unidades de 170 gramos cada una.,Se vende por display. El bulto trae 12 displays. HVO COF.BLOC MITI-MITI 12X170G.
14015,HUEVO BOB REGALERIA,display,DISPLAY,,12,12,"Huevo Bob Regalía, producto de confitería en formato de huevo de chocolate.",Se vende por display. El bulto trae 12 displays. HUEVO BOB REGALERIA.
14020,HVO AGUI 60%CACAO 12X115G S/T,display,DISPLAY,,12,12,"Chocolate HVO AGUI 60% cacao en formato de 115g, presentado en caja de 12 unidades.",Se vende por display. El bulto trae 12 displays. HVO AGUI 60%CACAO 12X115G S/T.
14022,HVITO AGU 60%CACAO 60X8GR,display,DISPLAY,60,8,8,"Snack HVITO de 60% cacao en formato de 8 gramos, presentado en caja de 60 unidades.",Se vende por display. Cada display trae 60 unidades. El bulto trae 8 displays. HVITO AGU 60%CACAO 60X8GR.
14023,HVITO ARCOR MILK 8X60X8G S/T,display,DISPLAY,60,8,8,"Snack HVITO ARCOR, formato 8x60g, sin azúcar añadido.",Se vende por display. Cada display trae 60 unidades. El bulto trae 8 displays. HVITO ARCOR MILK 8X60X8G S/T.
14027,HUEVO POPup 12X110 G,display,DISPLAY,,12,12,"Huevo POPup 12X110 g, producto alimenticio en formato de 12 unidades de 110 gramos.",Se vende por display. El bulto trae 12 displays. HUEVO POPup 12X110 G.
14042,TUBITOS MOGUL EXT.FRU12X16X20G,display,DISPLAY,16,12,12,"Tubitos Mogul, formato extrafino de 12 unidades de 20 gramos cada uno.",Se vende por display. Cada display trae 16 unidades. El bulto trae 12 displays. TUBITOS MOGUL EXT.FRU12X16X20G.
14043,MOGUL TUBITOS FRUTILLA 30X70G,display,DISPLAY,8,30,30,"Golosinas de línea Arcor: MOGUL TUBITOS FRUTILLA 30X70G, presentación mayorista, x30 unidades por bulto.",Se vende por display. Cada display trae 8 unidades. El bulto trae 30 displays. MOGUL TUBITOS FRUTILLA 30X70G.
14044,MOGUL TUBITOS FRUTILLA 6X620G,display,DISPLAY,120,6,6,"Gomitas tubitos sabor frutilla, marca Mogul, presentación de 620g.",Se vende por display. Cada display trae 120 unidades. El bulto trae 6 displays. MOGUL TUBITOS FRUTILLA 6X620G.
14047,MOGUL LADRIL BLUE MUND 6X500G,display,DISPLAY,,6,6,"Golosinas: MOGUL LADRIL BLUE MUND 6X500G, x600 unidades por bulto.",Se vende por display. El bulto trae 6 displays. MOGUL LADRIL BLUE MUND 6X500G.
14048,MOGUL TWIST MUND ANANA 6X24X25G,display,DISPLAY,24,6,6,"Golosinas: MOGUL TWIST MUND ANANA 6X24X25G, x144 unidades por bulto.",Se vende por display. Cada display trae 24 unidades. El bulto trae 6 displays. MOGUL TWIST MUND ANANA 6X24X25G.
14049,MOGUL TUBITOS TUTTI FRUTTI 6X24X25G,display,DISPLAY,24,6,6,"Golosinas: MOGUL TUBITOS TUTTI FRUTTI 6X24X25G, x6 unidades por bulto.",Se vende por display. Cada display trae 24 unidades. El bulto trae 6 displays. MOGUL TUBITOS TUTTI FRUTTI 6X24X25G.
14068,TUBITOS MOGUL EXT.TUT12X16X20G,display,DISPLAY,16,12,12,"Tubitos Mogul, formato 12x16, 20 gramos.",Se vende por display. Cada display trae 16 unidades. El bulto trae 12 displays. TUBITOS MOGUL EXT.TUT12X16X20G.
14081,HELADO BONOBON CORAZON 16X61G,unidad,BULTO,,,16,"Helados de línea Arcor: HELADO BONOBON CORAZON 16X61G, presentación mayorista.",Se vende por bulto de 16 unidades. HELADO BONOBON CORAZON 16X61G.
14082,SIMPLE VITACAL CARAMELO DULCE DE LECHE 12X60X8G,display,DISPLAY,60,12,12,"Golosinas: SIMPLE VITACAL CARAMELO DULCE DE LECHE 12X60X8G, x12 unidades por bulto.",Se vende por display. Cada display trae 60 unidades. El bulto trae 12 displays. SIMPLE VITACAL CARAMELO DULCE DE LECHE 12X60X8G.
14084,HVO AR.MILK CASTI.DINO 12X140G,display,DISPLAY,,12,12,Lácteo HVO AR.MILK CASTI.DINO en formato de 12 unidades de 140 gramos cada una.,Se vende por display. El bulto trae 12 displays. HVO AR.MILK CASTI.DINO 12X140G.
14091,CEREAL MIX SNACK ORIGINAL 36X100G,unidad,UNIDAD,,,36,"Golosinas: CEREAL MIX SNACK ORIGINAL 36X100G, x36 unidades por bulto.",Se vende por unidad. El bulto trae 36 unidades. No viene en display. CEREAL MIX SNACK ORIGINAL 36X100G.
14092,CEREAL MIX SNACK CACAO 36X100G,unidad,UNIDAD,,,36,"Golosinas: CEREAL MIX SNACK CACAO 36X100G, x36 unidades por bulto.",Se vende por unidad. El bulto trae 36 unidades. No viene en display. CEREAL MIX SNACK CACAO 36X100G.
14093,GALLETA CEREAL MIX FRUTILLA 36X150G,unidad,UNIDAD,,,36,"Golosinas: GALLETA CEREAL MIX FRUTILLA 36X150G, x36 unidades por bulto.",Se vende por unidad. El bulto trae 36 unidades. No viene en display. GALLETA CEREAL MIX FRUTILLA 36X150G.
14094,GALLETA CEREAL MIX CACAO 36X150G,unidad,UNIDAD,,,36,"Golosinas: GALLETA CEREAL MIX CACAO 36X150G, x36 unidades por bulto.",Se vende por unidad. El bulto trae 36 unidades. No viene en display. GALLETA CEREAL MIX CACAO 36X150G.
14125,SALADIX FUEGO ESTUCHE 4X6X100G,unidad,UNIDAD,6,4,24,"Galletas y Snacks: SALADIX FUEGO ESTUCHE 4X6X100G, x24 unidades por bulto.",Se vende por unidad. El display trae 6 unidades. El bulto trae 4 displays (24 unidades). SALADIX FUEGO ESTUCHE 4X6X100G.
14127,SNACK SALADIX STICKS FUEGO 20X80G,unidad,UNIDAD,,,20,"Galletas y Snacks: SNACK SALADIX STICKS FUEGO 20X80G, x20 unidades por bulto.",Se vende por unidad. El bulto trae 20 unidades. No viene en display. SNACK SALADIX STICKS FUEGO 20X80G.
14128,SNACK SALADIX CROSS FUEGO 32X67G,unidad,UNIDAD,,,32,"Galletas y Snacks: SNACK SALADIX CROSS FUEGO 32X67G, x32 unidades por bulto.",Se vende por unidad. El bulto trae 32 unidades. No viene en display. SNACK SALADIX CROSS FUEGO 32X67G.
14154,MINICOFL LE/ROCK 16X16X18G S/T,display,DISPLAY,16,16,16,Limpieza MINICOFL LE/ROCK 16X16X18G S/T en formato de 16x16x18 gramos.,Se vende por display. Cada display trae 16 unidades. El bulto trae 16 displays. MINICOFL LE/ROCK 16X16X18G S/T.
14155,CHICLE FLICS MENTA 24X12X17G,display,DISPLAY,12,24,24,"Golosinas de línea Arcor: CHICLE FLICS MENTA 24X12X17G, presentación mayorista, x24 unidades por bulto.",Se vende por display. Cada display trae 12 unidades. El bulto trae 24 displays. CHICLE FLICS MENTA 24X12X17G.
14156,CHICLE FLICS TUTTI FRUTTI 24X12X17G,display,DISPLAY,12,24,24,"Golosinas: CHICLE FLICS TUTTI FRUTTI 24X12X17G, x24 unidades por bulto.",Se vende por display. Cada display trae 12 unidades. El bulto trae 24 displays. CHICLE FLICS TUTTI FRUTTI 24X12X17G.
14164,MOGUL LADRILLOS FRUTILLA 6X500G,display,DISPLAY,100,6,6,"Gomitas sabor frutilla, marca Mogul, formato 500g.",Se vende por display. Cada display trae 100 unidades. El bulto trae 6 displays. MOGUL LADRILLOS FRUTILLA 6X500G.
14165,LADRILLOS MOGUL EXT.FRU 24X150GR,display,DISPLAY,30,24,24,"Ladrillos Mogul Ext. Fru 24x150gr, producto de confitería en formato de 150 gramos.",Se vende por display. Cada display trae 30 unidades. El bulto trae 24 displays. LADRILLOS MOGUL EXT.FRU 24X150GR.
14166,MOGUL TUBITOS TUTTI FRUTTI 30X70G,display,DISPLAY,8,30,30,"Gomitas tubitos sabor tutti frutti, marca Mogul, presentación de 30 unidades de 70 g.",Se vende por display. Cada display trae 8 unidades. El bulto trae 30 displays. MOGUL TUBITOS TUTTI FRUTTI 30X70G.
14167,MOGUL LENGUAS MAX TUTTI FRUTTI 6X24X15G,display,DISPLAY,24,6,6,"Golosinas: MOGUL LENGUAS MAX TUTTI FRUTTI 6X24X15G, x6 unidades por bulto.",Se vende por display. Cada display trae 24 unidades. El bulto trae 6 displays. MOGUL LENGUAS MAX TUTTI FRUTTI 6X24X15G.
14175,COFLER 60% CACAO CREMOSO 4X16X100G,unidad,UNIDAD,16,4,64,"Chocolates: COFLER 60% CACAO CREMOSO 4X16X100G, x64 unidades por bulto.",Se vende por unidad. El display trae 16 unidades. El bulto trae 4 displays (64 unidades). COFLER 60% CACAO CREMOSO 4X16X100G.
14177,COFLER 60% CACAO NARANJA 4X16X100G,unidad,UNIDAD,16,4,64,"Chocolates: COFLER 60% CACAO NARANJA 4X16X100G, x64 unidades por bulto.",Se vende por unidad. El display trae 16 unidades. El bulto trae 4 displays (64 unidades). COFLER 60% CACAO NARANJA 4X16X100G.
14178,SUGUS MAX FLLA & SANDÍA 24X120,display,DISPLAY,16,24,24,"Caramelo SUGUS MAX FLLA & SANDÍA en formato de 120 gramos, presentación de 24 unidades.",Se vende por display. Cada display trae 16 unidades. El bulto trae 24 displays. SUGUS MAX FLLA & SANDÍA 24X120.
14179,SUGUS SDO. ESPECIAL 8X700G,display,DISPLAY,210,8,8,Caramelo SUGUS SDO. ESPECIAL en formato de 8 bolsas de 700g cada una.,Se vende por display. Cada display trae 210 unidades. El bulto trae 8 displays. SUGUS SDO. ESPECIAL 8X700G.
14184,MOGUL JELLY BEANS 12X10X50G,display,DISPLAY,10,12,12,"Gomitas sabor frutales, marca Mogul, presentación de 10 bolsas de 50g cada una.",Se vende por display. Cada display trae 10 unidades. El bulto trae 12 displays. MOGUL JELLY BEANS 12X10X50G.
14185,MOGUL JELLY BEANS 6X500G,display,DISPLAY,384,6,6,"Golosinas de línea Arcor: MOGUL JELLY BEANS 6X500G, presentación mayorista, x6 unidades por bulto.",Se vende por display. Cada display trae 384 unidades. El bulto trae 6 displays. MOGUL JELLY BEANS 6X500G.
14186,MOGUL JELLY BEANS 24X150G,display,DISPLAY,119,24,24,"Jelly Beans MOGUL en formato de 150g, presentado en caja de 24 unidades.",Se vende por display. Cada display trae 119 unidades. El bulto trae 24 displays. MOGUL JELLY BEANS 24X150G.
14188,SAPITO MANI BLANCO 8X24X10G,display,DISPLAY,24,8,8,"Snack Sapito Mani Blanco en formato de 10 gramos, presentado en caja de 24 unidades.",Se vende por display. Cada display trae 24 unidades. El bulto trae 8 displays. SAPITO MANI BLANCO 8X24X10G.
14192,HELADO PALITO DIENTES MOGUL 16X60G,unidad,BULTO,16,16,256,"Golosinas de línea Arcor: HELADO PALITO DIENTES MOGUL 16X60G, presentación mayorista.",Se vende por bulto de 256 unidades. HELADO PALITO DIENTES MOGUL 16X60G.
14196,BEBIDA ARCOR NARANJA 12X1L,unidad,UNIDAD,,,12,"Bebidas de línea Arcor: BEBIDA ARCOR NARANJA 12X1L, presentación mayorista, x12 unidades por bulto.",Se vende por unidad. El bulto trae 12 unidades. No viene en display. BEBIDA ARCOR NARANJA 12X1L.
14198,BEBIDA ARCOR MANZANA 12X1L,unidad,UNIDAD,,,12,"Bebidas de línea Arcor: BEBIDA ARCOR MANZANA 12X1L, presentación mayorista, x12 unidades por bulto.",Se vende por unidad. El bulto trae 12 unidades. No viene en display. BEBIDA ARCOR MANZANA 12X1L.
14201,BEBIDA ARCOR MULTIFRUTA 12X1L,unidad,UNIDAD,,,12,"Bebidas de línea Arcor: BEBIDA ARCOR MULTIFRUTA 12X1L, presentación mayorista, x12 unidades por bulto.",Se vende por unidad. El bulto trae 12 unidades. No viene en display. BEBIDA ARCOR MULTIFRUTA 12X1L.
14202,MERMELADA LC SELECCIÓN ARANDANOS 12X390G,unidad,UNIDAD,,,12,"Alimentos y Almacén: MERMELADA LC SELECCIÓN ARANDANOS 12X390G, x12 unidades por bulto.",Se vende por unidad. El bulto trae 12 unidades. No viene en display. MERMELADA LC SELECCIÓN ARANDANOS 12X390G.
14204,RAPTOR PLANT PROTEIN VAIN 2X930G,unidad,UNIDAD,,,2,"Golosinas: RAPTOR PLANT PROTEIN VAIN 2X930G, x2 unidades por bulto.",Se vende por unidad. El bulto trae 2 unidades. No viene en display. RAPTOR PLANT PROTEIN VAIN 2X930G.
14210,HELADO GELATO XL DUO AGUILA GRANUZADO CHOCOLATE 6X500G,unidad,UNIDAD,,,6,"Helados: HELADO GELATO XL DUO AGUILA GRANUZADO CHOCOLATE 6X500G, x6 unidades por bulto.",Se vende por unidad. El bulto trae 6 unidades. No viene en display. HELADO GELATO XL DUO AGUILA GRANUZADO CHOCOLATE 6X500G.
14211,HELADO GELATO XL DUO BLOCK MITI MITI 6X500G,display,DISPLAY,,6,6,"Helados: HELADO GELATO XL DUO BLOCK MITI MITI 6X500G, x6 unidades por bulto.",Se vende por display. El bulto trae 6 displays. HELADO GELATO XL DUO BLOCK MITI MITI 6X500G.
14212,HELADO GELATO XL DUO COFLER CHOCOLAE DULCE DE LECHE 6X500G,unidad,UNIDAD,,,6,"Helados: HELADO GELATO XL DUO COFLER CHOCOLAE DULCE DE LECHE 6X500G, x6 unidades por bulto.",Se vende por unidad. El bulto trae 6 unidades. No viene en display. HELADO GELATO XL DUO COFLER CHOCOLAE DULCE DE LECHE 6X500G.
14213,HELADO GELATO XL DUO BONOBON ROCKLETS 6X500G,unidad,UNIDAD,,,6,"Helados: HELADO GELATO XL DUO BONOBON ROCKLETS 6X500G, x6 unidades por bulto.",Se vende por unidad. El bulto trae 6 unidades. No viene en display. HELADO GELATO XL DUO BONOBON ROCKLETS 6X500G.
14216,HELADO GELATO CHOCOTORTA 6X275G,display,DISPLAY,,6,6,"Helados de línea Arcor: HELADO GELATO CHOCOTORTA 6X275G, presentación mayorista, x6 unidades por bulto.",Se vende por display. El bulto trae 6 displays. HELADO GELATO CHOCOTORTA 6X275G.
14217,PALITO CHOCOTORTA 20X53G (70CC,unidad,BULTO,,,20,Snack PALITO CHOCOTORTA 20X53G en formato de 70cc.,Se vende por bulto de 20 unidades. PALITO CHOCOTORTA 20X53G (70CC.
14218,HELADO PALITO MOGUL TUBITO 24X50G,unidad,BULTO,24,24,576,"Golosinas de línea Arcor: HELADO PALITO MOGUL TUBITO 24X50G, presentación mayorista.",Se vende por bulto de 576 unidades. HELADO PALITO MOGUL TUBITO 24X50G.
14219,HELADO CONO COFLER BLOCK 18X80G,unidad,BULTO,,,18,"Helados de línea Arcor: HELADO CONO COFLER BLOCK 18X80G, presentación mayorista.",Se vende por bulto de 18 unidades. HELADO CONO COFLER BLOCK 18X80G.
14221,CH.EVOLUT.ANANÃ?.15X2,display,DISPLAY,24,15,15,"Snack CH.EVOLUT.ANANÃ? en formato de 15 gramos, presentado en envase de 2 unidades.",Se vende por display. Cada display trae 24 unidades. El bulto trae 15 displays. CH.EVOLUT.ANANÃ?.15X2.
14222,CHUP. BLOODY POPS HW,display,DISPLAY,24,15,15,"Chup, Bloody Pops HW, son helados en formato de paleta con sabor a frutas.",Se vende por display. Cada display trae 24 unidades. El bulto trae 15 displays. CHUP. BLOODY POPS HW.
14225,CAR.HECHIZO SURT 10X,display,DISPLAY,400,10,10,Limpieza Hechizo Surt 10X en formato de 10 unidades para uso doméstico.,Se vende por display. Cada display trae 400 unidades. El bulto trae 10 displays. CAR.HECHIZO SURT 10X.
14229,MAST BLOODY MONSTERS,display,DISPLAY,8,8,8,Bebida MAST BLOODY MONSTERS en formato de 250 ml.,Se vende por display. Cada display trae 8 unidades. El bulto trae 8 displays. MAST BLOODY MONSTERS.
14230,"CH TOP LINE MENTA 24 X 20 X 6,7G",display,DISPLAY,20,24,24,"Snack CH Top Line Menta en formato de 24 unidades de 20 x 6,7 g.","Se vende por display. Cada display trae 20 unidades. El bulto trae 24 displays. CH TOP LINE MENTA 24 X 20 X 6,7G."
14231,HELADO PALITO MOGUL SURTIDO 46X51G,unidad,BULTO,,,46,"Golosinas de línea Arcor: HELADO PALITO MOGUL SURTIDO 46X51G, presentación mayorista.",Se vende por bulto de 46 unidades. HELADO PALITO MOGUL SURTIDO 46X51G.
14233,PASTA TIRABUZON ARCOR 15X500G,display,DISPLAY,,15,15,"Fideos tirabuzón de trigo candeal, marca Arcor, presentación de 500 gramos.",Se vende por display. El bulto trae 15 displays. PASTA TIRABUZON ARCOR 15X500G.
14234,CODITO.ARCOR.MS.15X500G,display,DISPLAY,,15,15,"Pasta CODITO Arcor en formato de 500 gramos, presentada en bolsa de 15 unidades.",Se vende por display. El bulto trae 15 displays. CODITO.ARCOR.MS.15X500G.
14236,PASTA MOSTACHOL ARCOR 15X500G,display,DISPLAY,,15,15,"Pasta seca mostachol, marca Arcor, formato 500g.",Se vende por display. El bulto trae 15 displays. PASTA MOSTACHOL ARCOR 15X500G.
14238,ALMENDRA DOBLE TENTACION AGUILA 30x120G,unidad,UNIDAD,,,30,"Chocolates: ALMENDRA DOBLE TENTACION AGUILA 30x120G, x30 unidades por bulto.",Se vende por unidad. El bulto trae 30 unidades. No viene en display. ALMENDRA DOBLE TENTACION AGUILA 30x120G.
14240,POSTRE COFLER BLANCO CHOCOLINAS 6X6X110G,unidad,UNIDAD,6,6,36,"Alimentos y Almacén: POSTRE COFLER BLANCO CHOCOLINAS 6X6X110G, x36 unidades por bulto.",Se vende por unidad. El display trae 6 unidades. El bulto trae 6 displays (36 unidades). POSTRE COFLER BLANCO CHOCOLINAS 6X6X110G.
14242,PASAS DE UVA CON CHOCOLATE AGUILA MAX 30X120G,display,DISPLAY,,30,30,"Chocolates: PASAS DE UVA CON CHOCOLATE AGUILA MAX 30X120G, x30 unidades por bulto.",Se vende por display. El bulto trae 30 displays. PASAS DE UVA CON CHOCOLATE AGUILA MAX 30X120G.
14245,POSTRE COFLER BLOCK CHOCOMANI 6X6X110G,unidad,UNIDAD,6,6,36,"Alimentos y Almacén: POSTRE COFLER BLOCK CHOCOMANI 6X6X110G, x36 unidades por bulto.",Se vende por unidad. El display trae 6 unidades. El bulto trae 6 displays (36 unidades). POSTRE COFLER BLOCK CHOCOMANI 6X6X110G.
14246,CAR. HDA SURT. 8X8X3,display,DISPLAY,8,8,8,Carpeta HDA surtida 8x8x3.,Se vende por display. Cada display trae 8 unidades. El bulto trae 8 displays. CAR. HDA SURT. 8X8X3.
14248,CEREALES FORMIS TORTUGA CHOCOLATE 30X145G,unidad,UNIDAD,,,30,"Galletas y Snacks: CEREALES FORMIS TORTUGA CHOCOLATE 30X145G, x30 unidades por bulto.",Se vende por unidad. El bulto trae 30 unidades. No viene en display. CEREALES FORMIS TORTUGA CHOCOLATE 30X145G.
14250,CEREALES FORMIS ESTRELLAS FRUTAL 30X145G,unidad,UNIDAD,,,30,"Galletas y Snacks: CEREALES FORMIS ESTRELLAS FRUTAL 30X145G, x30 unidades por bulto.",Se vende por unidad. El bulto trae 30 unidades. No viene en display. CEREALES FORMIS ESTRELLAS FRUTAL 30X145G.
14252,CEREALES FORMIS COCODRILO POCORN 30X145G,unidad,UNIDAD,,,30,"Galletas y Snacks: CEREALES FORMIS COCODRILO POCORN 30X145G, x30 unidades por bulto.",Se vende por unidad. El bulto trae 30 unidades. No viene en display. CEREALES FORMIS COCODRILO POCORN 30X145G.
14254,JG.PV.NARAN.NOEL12X18X16G.2L,display,DISPLAY,18,12,12,"Bebida JG Naranja en formato de 2 litros, presentación de 12 unidades por caja.",Se vende por display. Cada display trae 18 unidades. El bulto trae 12 displays. JG.PV.NARAN.NOEL12X18X16G.2L.
14255,JG.PV.MANZA.NOEL.12X18X16G.2L,display,DISPLAY,18,12,12,Jugo de manzana Noel en formato de 2 litros.,Se vende por display. Cada display trae 18 unidades. El bulto trae 12 displays. JG.PV.MANZA.NOEL.12X18X16G.2L.
14256,JG.PV.LIMON.NOEL.12X,display,DISPLAY,18,12,12,Limonada Noel en formato de 12 unidades.,Se vende por display. Cada display trae 18 unidades. El bulto trae 12 displays. JG.PV.LIMON.NOEL.12X.
14257,JG.PV.MULTI.NOEL.12X18X16.G.2L,display,DISPLAY,18,12,12,"Multiuso JG en formato de 2 litros, presentación de 12 unidades.",Se vende por display. Cada display trae 18 unidades. El bulto trae 12 displays. JG.PV.MULTI.NOEL.12X18X16.G.2L.
14258,JG.PV.ANANA.NOEL.12X18X16.G.2L,display,DISPLAY,18,12,12,"Bebida JG Ananá en formato de 2 litros, presentación de 12 unidades por caja.",Se vende por display. Cada display trae 18 unidades. El bulto trae 12 displays. JG.PV.ANANA.NOEL.12X18X16.G.2L.
14259,JG.PV.FRUTIL.NOEL.12X18X16G.2L,display,DISPLAY,18,12,12,"Fruta, JG, presentación de 12 unidades de 18x16 gramos en envase de 2 litros.",Se vende por display. Cada display trae 18 unidades. El bulto trae 12 displays. JG.PV.FRUTIL.NOEL.12X18X16G.2L.
14260,HELADO PALITO BOMBON POR 18 6X18X40G,display,DISPLAY,18,6,6,"Helados: HELADO PALITO BOMBON POR 18 6X18X40G, x6 unidades por bulto.",Se vende por display. Cada display trae 18 unidades. El bulto trae 6 displays. HELADO PALITO BOMBON POR 18 6X18X40G.
14261,HELADO CHOCOTORTA 12X6 PORCIONES,display,DISPLAY,6,12,12,"Helados de línea Arcor: HELADO CHOCOTORTA 12X6 PORCIONES, presentación mayorista, x12 unidades por bulto.",Se vende por display. Cada display trae 6 unidades. El bulto trae 12 displays. HELADO CHOCOTORTA 12X6 PORCIONES.
14262,HELADO BONOBON CORAZON POR 4 10X4X51G,display,DISPLAY,4,10,10,"Helados: HELADO BONOBON CORAZON POR 4 10X4X51G, x10 unidades por bulto.",Se vende por display. Cada display trae 4 unidades. El bulto trae 10 displays. HELADO BONOBON CORAZON POR 4 10X4X51G.
14263,HELADO COFLER BLOCK POR 4 10X4X63G,display,DISPLAY,4,10,10,"Helados: HELADO COFLER BLOCK POR 4 10X4X63G, x10 unidades por bulto.",Se vende por display. Cada display trae 4 unidades. El bulto trae 10 displays. HELADO COFLER BLOCK POR 4 10X4X63G.
14266,HELADO PALITO LIMON FRUTILLA MOGUL POR 18 6X18X40G,display,DISPLAY,18,6,6,"Golosinas: HELADO PALITO LIMON FRUTILLA MOGUL POR 18 6X18X40G, x6 unidades por bulto.",Se vende por display. Cada display trae 18 unidades. El bulto trae 6 displays. HELADO PALITO LIMON FRUTILLA MOGUL POR 18 6X18X40G.
14267,HELADO PALITO CHOCOLINAS 16X66G,unidad,BULTO,,,16,"Galletas y Snacks de línea Arcor: HELADO PALITO CHOCOLINAS 16X66G, presentación mayorista.",Se vende por bulto de 16 unidades. HELADO PALITO CHOCOLINAS 16X66G.
14276,TRAVIATA BALANCE 16X321gr,display,DISPLAY,,16,16,Snack TRAVIATA BALANCE en formato de 16 paquetes de 321 gramos cada uno.,Se vende por display. El bulto trae 16 displays. TRAVIATA BALANCE 16X321gr.
14291,BOLSITA TOFI 28X10X8.4GR,display,DISPLAY,,28,28,Bolsita Tofi de 28x10x8.4 gramos.,Se vende por display. El bulto trae 28 displays. BOLSITA TOFI 28X10X8.4GR.
14298,CHOCOLINAS BLANCO 25X245G,unidad,UNIDAD,,,25,"Galletas y Snacks: CHOCOLINAS BLANCO 25X245G, x25 unidades por bulto.",Se vende por unidad. El bulto trae 25 unidades. No viene en display. CHOCOLINAS BLANCO 25X245G.
14299,CHOCOLINAS NEGRO 25X258G,unidad,UNIDAD,,,25,"Galletas y Snacks: CHOCOLINAS NEGRO 25X258G, x25 unidades por bulto.",Se vende por unidad. El bulto trae 25 unidades. No viene en display. CHOCOLINAS NEGRO 25X258G.
14300,MEDIATARDE SANDWICH 16X321 GR,display,DISPLAY,,16,16,"Sándwich Mediatarde, formato de 16 unidades de 321 gramos cada una.",Se vende por display. El bulto trae 16 displays. MEDIATARDE SANDWICH 16X321 GR.
14301,MEDIATARDE SANDx 5,display,DISPLAY,5,8,8,Snack Mediatarde en formato de 5 unidades.,Se vende por display. Cada display trae 5 unidades. El bulto trae 8 displays. MEDIATARDE SANDx 5.
14322,CHOCOLINAS 40X170G,display,DISPLAY,,40,40,"Galletas y Snacks de línea Arcor: CHOCOLINAS 40X170G, presentación mayorista, x40 unidades por bulto.",Se vende por display. El bulto trae 40 displays. CHOCOLINAS 40X170G.
14323,CHOCOLINAS 25X250G,unidad,UNIDAD,,,25,"Galletas y Snacks de línea Arcor: CHOCOLINAS 25X250G, presentación mayorista, x25 unidades por bulto.",Se vende por unidad. El bulto trae 25 unidades. No viene en display. CHOCOLINAS 25X250G.
14324,CHOCOLINAS 50X100G,unidad,UNIDAD,,,50,"Galletas y Snacks de línea Arcor: CHOCOLINAS 50X100G, presentación mayorista, x50 unidades por bulto.",Se vende por unidad. El bulto trae 50 unidades. No viene en display. CHOCOLINAS 50X100G.
14326,COQUITAS 25X260G,unidad,UNIDAD,,,25,"Galletas y Snacks de línea Arcor: COQUITAS 25X260G, presentación mayorista, x25 unidades por bulto.",Se vende por unidad. El bulto trae 25 unidades. No viene en display. COQUITAS 25X260G.
14336,SURTIDO DIVERSION 21x400G,unidad,UNIDAD,,,21,"Galletas y Snacks: SURTIDO DIVERSION 21x400G, x21 unidades por bulto.",Se vende por unidad. El bulto trae 21 unidades. No viene en display. SURTIDO DIVERSION 21x400G.
14347,AGUILA 80% CACAO 4X15X150G,unidad,UNIDAD,15,4,60,"Chocolates de línea Arcor: AGUILA 80% CACAO 4X15X150G, presentación mayorista, x60 unidades por bulto.",Se vende por unidad. El display trae 15 unidades. El bulto trae 4 displays (60 unidades). AGUILA 80% CACAO 4X15X150G.
14348,AGUILA 60% CACAO NARANJA 4X12X100G,unidad,UNIDAD,12,4,48,"Chocolates: AGUILA 60% CACAO NARANJA 4X12X100G, x48 unidades por bulto.",Se vende por unidad. El display trae 12 unidades. El bulto trae 4 displays (48 unidades). AGUILA 60% CACAO NARANJA 4X12X100G.
14349,CABSHA BOCADITO AVELLANA 48X24X10G,display,DISPLAY,24,48,48,"Chocolates de línea Arcor: CABSHA BOCADITO AVELLANA 48X24X10G, presentación mayorista, x48 unidades por bulto.",Se vende por display. Cada display trae 24 unidades. El bulto trae 48 displays. CABSHA BOCADITO AVELLANA 48X24X10G.
14350,AMOR 12X3X110G,display,DISPLAY,3,12,12,"Galletas y Snacks de línea Arcor: AMOR 12X3X110G, presentación mayorista, x12 unidades por bulto.",Se vende por display. Cada display trae 3 unidades. El bulto trae 12 displays. AMOR 12X3X110G.
14351,RUMBA 36X110G,unidad,UNIDAD,,,36,"Galletas y Snacks de línea Arcor: RUMBA 36X110G, presentación mayorista, x36 unidades por bulto.",Se vende por unidad. El bulto trae 36 unidades. No viene en display. RUMBA 36X110G.
14352,RUMBA 12X3X110G,display,DISPLAY,3,12,12,"Galletitas de chocolate rellenas con crema de coco, marca Bagley, formato de 110g.",Se vende por display. Cada display trae 3 unidades. El bulto trae 12 displays. RUMBA 12X3X110G.
14354,MELLIZAS 36X110G,unidad,UNIDAD,,,36,"Galletas y Snacks de línea Arcor: MELLIZAS 36X110G, presentación mayorista, x36 unidades por bulto.",Se vende por unidad. El bulto trae 36 unidades. No viene en display. MELLIZAS 36X110G.
14355,MELLIZAS 12X3X110G,display,DISPLAY,3,12,12,Snack MELLIZAS en formato de 12 paquetes de 110 gramos cada uno.,Se vende por display. Cada display trae 3 unidades. El bulto trae 12 displays. MELLIZAS 12X3X110G.
14356,"MIX SDO CARAMELOS 6X2,7KG",display,DISPLAY,476,6,6,"Caramelos MIX SDO en formato de 6 bolsas de 2,7 kg cada una.","Se vende por display. Cada display trae 476 unidades. El bulto trae 6 displays. MIX SDO CARAMELOS 6X2,7KG."
14361,SERRANITAS 14X3X105G,display,DISPLAY,3,14,14,"Galletitas tipo crackers, marca Serranitas, formato tripack de 315 g.",Se vende por display. Cada display trae 3 unidades. El bulto trae 14 displays. SERRANITAS 14X3X105G.
14363,ALF.COFLER BLOCK 16X6x40.7g,display,DISPLAY,6,16,16,Snack ALF.COFLER BLOCK 16X6 de 40.7 gramos.,Se vende por display. Cada display trae 6 unidades. El bulto trae 16 displays. ALF.COFLER BLOCK 16X6x40.7g.
14365,"ALFAJOR COFLER BLOCK 36X40,7G",unidad,UNIDAD,,,36,"Golosinas de línea Arcor: ALFAJOR COFLER BLOCK 36X40,7G, presentación mayorista, x36 unidades por bulto.","Se vende por unidad. El bulto trae 36 unidades. No viene en display. ALFAJOR COFLER BLOCK 36X40,7G."
14368,BOB CALEND ADVIE 12X,display,DISPLAY,12,12,12,"Calendario Advie de la marca Bob, presentado en formato de 12 unidades.",Se vende por display. Cada display trae 12 unidades. El bulto trae 12 displays. BOB CALEND ADVIE 12X.
14369,"GALLETAS COFLER BAÑADAS 16X132,8G",display,DISPLAY,8,16,16,"Galletas y Snacks: GALLETAS COFLER BAÑADAS 16X132,8G, x16 unidades por bulto.","Se vende por display. Cada display trae 8 unidades. El bulto trae 16 displays. GALLETAS COFLER BAÑADAS 16X132,8G."
14373,"GALLETAS COFLER BAÑADAS BONBON 16X105,6G",display,DISPLAY,8,16,16,"Galletas y Snacks: GALLETAS COFLER BAÑADAS BONBON 16X105,6G, x16 unidades por bulto.","Se vende por display. Cada display trae 8 unidades. El bulto trae 16 displays. GALLETAS COFLER BAÑADAS BONBON 16X105,6G."
14375,"GALLETAS COFLER BAÑADAS CHOCOLATE 16X105,6G",display,DISPLAY,8,16,16,"Galletas y Snacks: GALLETAS COFLER BAÑADAS CHOCOLATE 16X105,6G, x16 unidades por bulto.","Se vende por display. Cada display trae 8 unidades. El bulto trae 16 displays. GALLETAS COFLER BAÑADAS CHOCOLATE 16X105,6G."
14377,GALLETAS COFLER RELLENAS CREAMY 27X85G,unidad,UNIDAD,,,27,"Galletas y Snacks: GALLETAS COFLER RELLENAS CREAMY 27X85G, x27 unidades por bulto.",Se vende por unidad. El bulto trae 27 unidades. No viene en display. GALLETAS COFLER RELLENAS CREAMY 27X85G.
14378,GALLETAS COFLER RELLENAS CHOCOLATE 27X85G,unidad,UNIDAD,,,27,"Galletas y Snacks: GALLETAS COFLER RELLENAS CHOCOLATE 27X85G, x27 unidades por bulto.",Se vende por unidad. El bulto trae 27 unidades. No viene en display. GALLETAS COFLER RELLENAS CHOCOLATE 27X85G.
14380,GALLETAS COFLER RELLENAS BONOBON 27X85G,unidad,UNIDAD,,,27,"Galletas y Snacks: GALLETAS COFLER RELLENAS BONOBON 27X85G, x27 unidades por bulto.",Se vende por unidad. El bulto trae 27 unidades. No viene en display. GALLETAS COFLER RELLENAS BONOBON 27X85G.
14392,TRAVIATA CON REX POR 3 12X3X96G,display,DISPLAY,,12,12,"Galletas y Snacks: TRAVIATA CON REX POR 3 12X3X96G, x12 unidades por bulto.",Se vende por display. El bulto trae 12 displays. TRAVIATA CON REX POR 3 12X3X96G.
14393,TRAVIATA CON REX 36X96G,unidad,UNIDAD,,,36,"Galletas y Snacks: TRAVIATA CON REX 36X96G, x36 unidades por bulto.",Se vende por unidad. El bulto trae 36 unidades. No viene en display. TRAVIATA CON REX 36X96G.
14394,TRAVIATA CON KESITAS 36X96G,unidad,UNIDAD,,,36,"Galletas y Snacks: TRAVIATA CON KESITAS 36X96G, x36 unidades por bulto.",Se vende por unidad. El bulto trae 36 unidades. No viene en display. TRAVIATA CON KESITAS 36X96G.
14400,COFLER AVELLANA 36X140G,unidad,UNIDAD,36,,36,"Chocolates de línea Arcor: COFLER AVELLANA 36X140G, presentación mayorista, x36 unidades por bulto.",Se vende por unidad. El display trae 36 unidades. El bulto trae 36 unidades. COFLER AVELLANA 36X140G.
14402,COFLER 60% CACAO ALMENDRA 4X16X100G,unidad,UNIDAD,16,4,64,"Chocolates: COFLER 60% CACAO ALMENDRA 4X16X100G, x64 unidades por bulto.",Se vende por unidad. El display trae 16 unidades. El bulto trae 4 displays (64 unidades). COFLER 60% CACAO ALMENDRA 4X16X100G.
14403,KESITAS BOLSA 15X250G,unidad,UNIDAD,,,15,"Galletas y Snacks: KESITAS BOLSA 15X250G, x15 unidades por bulto.",Se vende por unidad. El bulto trae 15 unidades. No viene en display. KESITAS BOLSA 15X250G.
14408,TRAVIATA SANDWICH POR 3 16X3X108G,display,DISPLAY,3,16,16,"Galletas y Snacks: TRAVIATA SANDWICH POR 3 16X3X108G, x16 unidades por bulto.",Se vende por display. Cada display trae 3 unidades. El bulto trae 16 displays. TRAVIATA SANDWICH POR 3 16X3X108G.
14409,TRAVIATA 16X540G,display,DISPLAY,5,16,16,"Pasta TRAVIATA en formato de 540g, ideal para diversas preparaciones culinarias.",Se vende por display. Cada display trae 5 unidades. El bulto trae 16 displays. TRAVIATA 16X540G.
14410,RELLENO TARTA CHOCLO LC 24X400G,unidad,UNIDAD,,,24,"Alimentos y Almacén: RELLENO TARTA CHOCLO LC 24X400G, x24 unidades por bulto.",Se vende por unidad. El bulto trae 24 unidades. No viene en display. RELLENO TARTA CHOCLO LC 24X400G.
14411,RELLENO TARTA VERDURA LC 24X400G,unidad,UNIDAD,,,24,"Alimentos y Almacén: RELLENO TARTA VERDURA LC 24X400G, x24 unidades por bulto.",Se vende por unidad. El bulto trae 24 unidades. No viene en display. RELLENO TARTA VERDURA LC 24X400G.
14412,REX 15X225G,unidad,UNIDAD,,,15,"Galletas y Snacks de línea Arcor: REX 15X225G, presentación mayorista, x15 unidades por bulto.",Se vende por unidad. El bulto trae 15 unidades. No viene en display. REX 15X225G.
14418,SALSA OLIVA PREMIUM LC 12X350G,unidad,UNIDAD,,,12,"Alimentos y Almacén: SALSA OLIVA PREMIUM LC 12X350G, x12 unidades por bulto.",Se vende por unidad. El bulto trae 12 unidades. No viene en display. SALSA OLIVA PREMIUM LC 12X350G.
14419,SALSA NAPOLITANA PREMIUM LC 12X350G,unidad,UNIDAD,,,12,"Alimentos y Almacén: SALSA NAPOLITANA PREMIUM LC 12X350G, x12 unidades por bulto.",Se vende por unidad. El bulto trae 12 unidades. No viene en display. SALSA NAPOLITANA PREMIUM LC 12X350G.
14420,SALSA ALBAHACA PREMIUM LC 12X350G,unidad,UNIDAD,,,12,"Alimentos y Almacén: SALSA ALBAHACA PREMIUM LC 12X350G, x12 unidades por bulto.",Se vende por unidad. El bulto trae 12 unidades. No viene en display. SALSA ALBAHACA PREMIUM LC 12X350G.
14429,JUGO POLVO ARCOR NARANJA 12X18X15G,display,DISPLAY,18,12,12,"Bebidas: JUGO POLVO ARCOR NARANJA 12X18X15G, x12 unidades por bulto.",Se vende por display. Cada display trae 18 unidades. El bulto trae 12 displays. JUGO POLVO ARCOR NARANJA 12X18X15G.
14430,JUGO POLVO ARCOR MANZANA 12X18X15G,display,DISPLAY,18,12,12,"Bebidas: JUGO POLVO ARCOR MANZANA 12X18X15G, x12 unidades por bulto.",Se vende por display. Cada display trae 18 unidades. El bulto trae 12 displays. JUGO POLVO ARCOR MANZANA 12X18X15G.
14431,JUGO POLVO ARCOR MULTIFRUTA 12X18X15G,display,DISPLAY,18,12,12,"Bebidas: JUGO POLVO ARCOR MULTIFRUTA 12X18X15G, x12 unidades por bulto.",Se vende por display. Cada display trae 18 unidades. El bulto trae 12 displays. JUGO POLVO ARCOR MULTIFRUTA 12X18X15G.
14432,JUGO POLVO ARCOR NARANJA DURAZNO 12X18X15G,display,DISPLAY,18,12,12,"Bebidas: JUGO POLVO ARCOR NARANJA DURAZNO 12X18X15G, x12 unidades por bulto.",Se vende por display. Cada display trae 18 unidades. El bulto trae 12 displays. JUGO POLVO ARCOR NARANJA DURAZNO 12X18X15G.
14433,JUGO POLVO ARCOR LIMONADA 12X18X15G,display,DISPLAY,18,12,12,"Bebidas: JUGO POLVO ARCOR LIMONADA 12X18X15G, x12 unidades por bulto.",Se vende por display. Cada display trae 18 unidades. El bulto trae 12 displays. JUGO POLVO ARCOR LIMONADA 12X18X15G.
14434,JUGO POLVO ARCOR ANANA 12X18X15G,display,DISPLAY,18,12,12,"Bebidas: JUGO POLVO ARCOR ANANA 12X18X15G, x12 unidades por bulto.",Se vende por display. Cada display trae 18 unidades. El bulto trae 12 displays. JUGO POLVO ARCOR ANANA 12X18X15G.
14435,JUGO POLVO ARCOR NARANJA BANANA 12X18X15G,display,DISPLAY,18,12,12,"Bebidas: JUGO POLVO ARCOR NARANJA BANANA 12X18X15G, x12 unidades por bulto.",Se vende por display. Cada display trae 18 unidades. El bulto trae 12 displays. JUGO POLVO ARCOR NARANJA BANANA 12X18X15G.
14436,JUGO POLVO ARCOR NARANJA DULCE 12X18X15G,display,DISPLAY,18,12,12,"Bebidas: JUGO POLVO ARCOR NARANJA DULCE 12X18X15G, x12 unidades por bulto.",Se vende por display. Cada display trae 18 unidades. El bulto trae 12 displays. JUGO POLVO ARCOR NARANJA DULCE 12X18X15G.
14437,JUGO POLVO ARCOR NARANJA MANGO 12X18X15G,display,DISPLAY,18,12,12,"Bebidas: JUGO POLVO ARCOR NARANJA MANGO 12X18X15G, x12 unidades por bulto.",Se vende por display. Cada display trae 18 unidades. El bulto trae 12 displays. JUGO POLVO ARCOR NARANJA MANGO 12X18X15G.
14438,JG.PV.ARCOR.FRUTILL.12X18X15.G,display,DISPLAY,18,12,12,Snack Arcor Frutilla en formato de 12 unidades de 18 gramos cada una.,Se vende por display. Cada display trae 18 unidades. El bulto trae 12 displays. JG.PV.ARCOR.FRUTILL.12X18X15.G.
14439,JUGO POLVO ARCOR DURAZNO 12X18X15G,display,DISPLAY,18,12,12,"Bebidas: JUGO POLVO ARCOR DURAZNO 12X18X15G, x12 unidades por bulto.",Se vende por display. Cada display trae 18 unidades. El bulto trae 12 displays. JUGO POLVO ARCOR DURAZNO 12X18X15G.
1444,HVO CHO BCO RELL BOB,display,DISPLAY,12,12,12,Snack HVO CHO BCO RELL BOB en formato de barra.,Se vende por display. Cada display trae 12 unidades. El bulto trae 12 displays. HVO CHO BCO RELL BOB.
14440,JUGO POLVO ARCOR 3 FRUTAS 12X18X15G,display,DISPLAY,18,12,12,"Bebidas: JUGO POLVO ARCOR 3 FRUTAS 12X18X15G, x12 unidades por bulto.",Se vende por display. Cada display trae 18 unidades. El bulto trae 12 displays. JUGO POLVO ARCOR 3 FRUTAS 12X18X15G.
14441,JUGO POLVO ARCOR POMELO ROSADO 12X18X15G,display,DISPLAY,18,12,12,"Bebidas: JUGO POLVO ARCOR POMELO ROSADO 12X18X15G, x12 unidades por bulto.",Se vende por display. Cada display trae 18 unidades. El bulto trae 12 displays. JUGO POLVO ARCOR POMELO ROSADO 12X18X15G.
14442,JG.PV.BC.LIM.MARACU.16X18X6.5GR,display,DISPLAY,18,16,16,"Limpieza JG, formato 16x18 cm, peso 6.5 gramos, sabor maracuyá.",Se vende por display. Cada display trae 18 unidades. El bulto trae 16 displays. JG.PV.BC.LIM.MARACU.16X18X6.5GR.
14443,JG.PV.BC.LI.FTS.ROJ.16X18X6.5GR,display,DISPLAY,18,16,16,Bebida JG en formato de 16x18x6.5 gramos.,Se vende por display. Cada display trae 18 unidades. El bulto trae 16 displays. JG.PV.BC.LI.FTS.ROJ.16X18X6.5GR.
14444,JG.PV.BC.LIM.JENG.16x18x6.5gr,display,DISPLAY,18,16,16,"Limpieza JG, formato 16x18x6.5 gramos.",Se vende por display. Cada display trae 18 unidades. El bulto trae 16 displays. JG.PV.BC.LIM.JENG.16x18x6.5gr.
14450,BARRA COFLER BLOCK MANI 6X20X45G,unidad,UNIDAD,20,6,120,"Chocolates: BARRA COFLER BLOCK MANI 6X20X45G, x120 unidades por bulto.",Se vende por unidad. El display trae 20 unidades. El bulto trae 6 displays (120 unidades). BARRA COFLER BLOCK MANI 6X20X45G.
14460,ATUN LC AHUMADO 24X170G,unidad,UNIDAD,,,24,"Alimentos y Almacén: ATUN LC AHUMADO 24X170G, x24 unidades por bulto.",Se vende por unidad. El bulto trae 24 unidades. No viene en display. ATUN LC AHUMADO 24X170G.
14462,PASTA DEDALITOS ARCOR 12x500G,display,DISPLAY,,12,12,"Fideos secos tipo dedalitos, marca Arcor, presentación de 500 g.",Se vende por display. El bulto trae 12 displays. PASTA DEDALITOS ARCOR 12x500G.
14464,ENSALADA ATUN VERDE 24X285G,unidad,UNIDAD,,,24,"Alimentos y Almacén: ENSALADA ATUN VERDE 24X285G, x24 unidades por bulto.",Se vende por unidad. El bulto trae 24 unidades. No viene en display. ENSALADA ATUN VERDE 24X285G.
14465,ENSALADA ATUN ROJA 24X285G,unidad,UNIDAD,,,24,"Alimentos y Almacén: ENSALADA ATUN ROJA 24X285G, x24 unidades por bulto.",Se vende por unidad. El bulto trae 24 unidades. No viene en display. ENSALADA ATUN ROJA 24X285G.
14466,ENSALADA ATUN VERDE LC 24X180G,display,DISPLAY,,24,24,"Alimentos y Almacén: ENSALADA ATUN VERDE LC 24X180G, x24 unidades por bulto.",Se vende por display. El bulto trae 24 displays. ENSALADA ATUN VERDE LC 24X180G.
14473,COFLER CUPS MANI 20X16X17G,display,DISPLAY,16,20,20,"Chocolates de línea Arcor: COFLER CUPS MANI 20X16X17G, presentación mayorista, x20 unidades por bulto.",Se vende por display. Cada display trae 16 unidades. El bulto trae 20 displays. COFLER CUPS MANI 20X16X17G.
14487,DISPEN ROCKLETS 8X120G HA,display,DISPLAY,,8,8,"Confite, DISPEN, formato 8x120g.",Se vende por display. El bulto trae 8 displays. DISPEN ROCKLETS 8X120G HA.
14498,CAR RODAJAS EMB 12X4,display,DISPLAY,98,12,12,"Rodajas CAR, formato 12x4, utilizadas en la industria automotriz para diversas aplicaciones.",Se vende por display. Cada display trae 98 unidades. El bulto trae 12 displays. CAR RODAJAS EMB 12X4.
14499,CHUP MPOPS TERROR 12X50UN HW24,display,DISPLAY,50,12,12,"Chup MPOPS Terror, presentación de 12 unidades de 50 gramos cada una.",Se vende por display. Cada display trae 50 unidades. El bulto trae 12 displays. CHUP MPOPS TERROR 12X50UN HW24.
14500,CHUP MPOPS ZOMBIE 12X432G HW24,display,DISPLAY,24,12,12,Snack CHUP MPOPS ZOMBIE en formato de 12 unidades de 432 gramos cada una.,Se vende por display. Cada display trae 24 unidades. El bulto trae 12 displays. CHUP MPOPS ZOMBIE 12X432G HW24.
14501,CAR. LOTSA FIZZ STDO 12X48X5UN,display,DISPLAY,48,12,12,"Bebida CAR LOTSA FIZZ estándar, presentación de 12 packs de 48 unidades de 5 onzas.",Se vende por display. Cada display trae 48 unidades. El bulto trae 12 displays. CAR. LOTSA FIZZ STDO 12X48X5UN.
14502,GALLETA CEREAL MIX AVENA CHOCOLATE 25X207G,display,DISPLAY,,25,25,"Galletas y Snacks: GALLETA CEREAL MIX AVENA CHOCOLATE 25X207G, x25 unidades por bulto.",Se vende por display. El bulto trae 25 displays. GALLETA CEREAL MIX AVENA CHOCOLATE 25X207G.
14504,ROCKLETS SURTIDO DOYPACK 15X130GR,unidad,unidad,,,15,"Chocolates de línea Arcor: ROCKLETS SURTIDO DOYPACK 15X130GR, presentación mayorista, x15 unidades por bulto.",Se vende por unidad. El bulto trae 15 unidades. No viene en display. ROCKLETS SURTIDO DOYPACK 15X130GR.
14508,ROCKLETS MANI DOYPACK 15X130GR,unidad,unidad,,,15,"Chocolates de línea Arcor: ROCKLETS MANI DOYPACK 15X130GR, presentación mayorista, x15 unidades por bulto.",Se vende por unidad. El bulto trae 15 unidades. No viene en display. ROCKLETS MANI DOYPACK 15X130GR.
14509,COFLER BLOCK MAX MANI DOYPACK 15X130GR,unidad,unidad,,,15,"Chocolates: COFLER BLOCK MAX MANI DOYPACK 15X130GR, x15 unidades por bulto.",Se vende por unidad. El bulto trae 15 unidades. No viene en display. COFLER BLOCK MAX MANI DOYPACK 15X130GR.
14511,CAR. MAST. FRUTALES,display,DISPLAY,,6,6,Mast. Frutales es un producto de limpieza de la categoría de mantenimiento.,Se vende por display. El bulto trae 6 displays. CAR. MAST. FRUTALES.
14512,MOGUL EXTREME ROCKS 24X150G,display,DISPLAY,37,24,24,"Snack MOGUL EXTREME ROCKS en formato de 150g, presentado en caja de 24 unidades.",Se vende por display. Cada display trae 37 unidades. El bulto trae 24 displays. MOGUL EXTREME ROCKS 24X150G.
14538,PASTA SPAGHETTI ARCOR 20X500G,display,DISPLAY,,20,20,"Fideos spaghetti marca Arcor, presentación en paquete de 500 gramos.",Se vende por display. El bulto trae 20 displays. PASTA SPAGHETTI ARCOR 20X500G.
14548,FLAN.D.D.LECH.NOEL 6X8.X25G,display,DISPLAY,8,6,6,"Flan, marca D.D. Lech, formato de 6 unidades de 25 gramos cada una.",Se vende por display. Cada display trae 8 unidades. El bulto trae 6 displays. FLAN.D.D.LECH.NOEL 6X8.X25G.
14549,FLAN.VAINILLA.NOEL.6X8X25.GR,display,DISPLAY,8,6,6,Flan Vainilla Noel en formato de 6 unidades de 25 gramos cada una.,Se vende por display. Cada display trae 8 unidades. El bulto trae 6 displays. FLAN.VAINILLA.NOEL.6X8X25.GR.
14550,FLAN GODET DULCE DE LECHE 6X8X25G,unidad,UNIDAD,8,6,48,"Alimentos y Almacén: FLAN GODET DULCE DE LECHE 6X8X25G, x48 unidades por bulto.",Se vende por unidad. El display trae 8 unidades. El bulto trae 6 displays (48 unidades). FLAN GODET DULCE DE LECHE 6X8X25G.
14551,FLAN GODET VAINILLA 6X8X25G,display,DISPLAY,8,6,6,"Alimentos y Almacén: FLAN GODET VAINILLA 6X8X25G, x48 unidades por bulto.",Se vende por display. Cada display trae 8 unidades. El bulto trae 6 displays. FLAN GODET VAINILLA 6X8X25G.
14552,GELATINA GODET FRUTILLA 6x8x25G,unidad,UNIDAD,8,6,48,"Alimentos y Almacén: GELATINA GODET FRUTILLA 6x8x25G, x48 unidades por bulto.",Se vende por unidad. El display trae 8 unidades. El bulto trae 6 displays (48 unidades). GELATINA GODET FRUTILLA 6x8x25G.
14553,GELATINA GODET CEREZA 6x8x25G,unidad,UNIDAD,8,6,48,"Alimentos y Almacén: GELATINA GODET CEREZA 6x8x25G, x48 unidades por bulto.",Se vende por unidad. El display trae 8 unidades. El bulto trae 6 displays (48 unidades). GELATINA GODET CEREZA 6x8x25G.
14554,GELATINA GODET FRAMBUESA 6x8x25G,unidad,UNIDAD,8,6,48,"Alimentos y Almacén: GELATINA GODET FRAMBUESA 6x8x25G, x48 unidades por bulto.",Se vende por unidad. El display trae 8 unidades. El bulto trae 6 displays (48 unidades). GELATINA GODET FRAMBUESA 6x8x25G.
14555,GELATINA GODET DURAZNO 6X8X25G,unidad,UNIDAD,8,6,48,"Alimentos y Almacén: GELATINA GODET DURAZNO 6X8X25G, x48 unidades por bulto.",Se vende por unidad. El display trae 8 unidades. El bulto trae 6 displays (48 unidades). GELATINA GODET DURAZNO 6X8X25G.
14556,GELA.FRUTILLA.NOEL.6X8X25.GR,display,DISPLAY,8,6,6,Gelatina Gela Frutilla en formato de 6 unidades de 25 gramos cada una.,Se vende por display. Cada display trae 8 unidades. El bulto trae 6 displays. GELA.FRUTILLA.NOEL.6X8X25.GR.
14557,GELA.CEREZA.NOEL.6X8X25.GR.,display,DISPLAY,8,6,6,Gelatina Gela sabor cereza en formato de 6 unidades de 25 gramos cada una.,Se vende por display. Cada display trae 8 unidades. El bulto trae 6 displays. GELA.CEREZA.NOEL.6X8X25.GR.
14558,GELATINA MOGUL FRUTILLA 6X8X25G,display,DISPLAY,8,6,6,"Alimentos y Almacén: GELATINA MOGUL FRUTILLA 6X8X25G, x48 unidades por bulto.",Se vende por display. Cada display trae 8 unidades. El bulto trae 6 displays. GELATINA MOGUL FRUTILLA 6X8X25G.
14559,GELATINA MOGUL CEREZA 6X8X25GR,display,DISPLAY,8,6,6,"Alimentos y Almacén: GELATINA MOGUL CEREZA 6X8X25GR, x48 unidades por bulto.",Se vende por display. Cada display trae 8 unidades. El bulto trae 6 displays. GELATINA MOGUL CEREZA 6X8X25GR.
14560,GELATINA MOGUL MANZANA 6x8x25G,unidad,UNIDAD,8,6,48,"Alimentos y Almacén: GELATINA MOGUL MANZANA 6x8x25G, x48 unidades por bulto.",Se vende por unidad. El display trae 8 unidades. El bulto trae 6 displays (48 unidades). GELATINA MOGUL MANZANA 6x8x25G.
14561,GEL.UVA.MOGUL.6X8X25.GR,display,DISPLAY,8,6,6,Gel de uva Mogul en formato de 6 unidades de 25 gramos cada una.,Se vende por display. Cada display trae 8 unidades. El bulto trae 6 displays. GEL.UVA.MOGUL.6X8X25.GR.
14562,GELATINA BC FRUTILLA LIGHT 6x8x18G,display,DISPLAY,8,6,6,"Alimentos y Almacén: GELATINA BC FRUTILLA LIGHT 6x8x18G, x48 unidades por bulto.",Se vende por display. Cada display trae 8 unidades. El bulto trae 6 displays. GELATINA BC FRUTILLA LIGHT 6x8x18G.
14563,GELATINA BC CEREZA LIGHT 6X8X18G,display,DISPLAY,8,6,6,"Alimentos y Almacén: GELATINA BC CEREZA LIGHT 6X8X18G, x48 unidades por bulto.",Se vende por display. Cada display trae 8 unidades. El bulto trae 6 displays. GELATINA BC CEREZA LIGHT 6X8X18G.
14564,GELATINA BC DURAZNO LIGHT 6X8X18G,display,DISPLAY,8,6,6,"Alimentos y Almacén: GELATINA BC DURAZNO LIGHT 6X8X18G, x48 unidades por bulto.",Se vende por display. Cada display trae 8 unidades. El bulto trae 6 displays. GELATINA BC DURAZNO LIGHT 6X8X18G.
14565,GELATINA BC FRAMBUESA LIGHT 6X8X18G,unidad,UNIDAD,8,6,48,"Alimentos y Almacén: GELATINA BC FRAMBUESA LIGHT 6X8X18G, x48 unidades por bulto.",Se vende por unidad. El display trae 8 unidades. El bulto trae 6 displays (48 unidades). GELATINA BC FRAMBUESA LIGHT 6X8X18G.
14567,CONF BATATA VAIN NOE,unidad,BULTO,,,1,Confite de batata con vainilla marca Noe en presentación de 200 gramos.,Se vende por bulto. CONF BATATA VAIN NOE.
14568,CONF BATATA CHOC NOEL 1X5KG,display,DISPLAY,,1,1,"Confite de batata marca Noel, presentado en formato de 5 kg.",Se vende por display. CONF BATATA CHOC NOEL 1X5KG.
14608,COFLER RELLENA AVELLANAS 8X20X35G,unidad,UNIDAD,20,8,160,"Chocolates de línea Arcor: COFLER RELLENA AVELLANAS 8X20X35G, presentación mayorista, x160 unidades por bulto.",Se vende por unidad. El display trae 20 unidades. El bulto trae 8 displays (160 unidades). COFLER RELLENA AVELLANAS 8X20X35G.
14609,COFLER ROCKLETS LECHE 36x140G,unidad,UNIDAD,,,36,"Chocolates de línea Arcor: COFLER ROCKLETS LECHE 36x140G, presentación mayorista, x36 unidades por bulto.",Se vende por unidad. El bulto trae 36 unidades. No viene en display. COFLER ROCKLETS LECHE 36x140G.
14611,PURE TOMATE ARCOR 12X520G,display,DISPLAY,,12,12,"Alimentos y Almacén: PURE TOMATE ARCOR 12X520G, x12 unidades por bulto.",Se vende por display. El bulto trae 12 displays. PURE TOMATE ARCOR 12X520G.
14612,VOCACIÓN ACARAMELADA LÍA X3,display,DISPLAY,,12,12,Bebida VOCACIÓN ACARAMELADA LÍA en formato de 3 unidades.,Se vende por display. El bulto trae 12 displays. VOCACIÓN ACARAMELADA LÍA X3.
14622,PALOTES SAND24X120G,display,DISPLAY,15,24,24,"Snack Palotes de la marca Sand, presentado en formato de 120 gramos.",Se vende por display. Cada display trae 15 unidades. El bulto trae 24 displays. PALOTES SAND24X120G.
14624,HVITO ARC MILK DISPENSR 60X8GR,display,DISPLAY,60,8,8,"Dispensador de leche HVITO ARC, formato de 60 porciones de 8 gramos cada una.",Se vende por display. Cada display trae 60 unidades. El bulto trae 8 displays. HVITO ARC MILK DISPENSR 60X8GR.
14668,CEREAL MIX FRUTOS SECOS 6X20X33G,unidad,UNIDAD,20,6,120,"Golosinas: CEREAL MIX FRUTOS SECOS 6X20X33G, x120 unidades por bulto.",Se vende por unidad. El display trae 20 unidades. El bulto trae 6 displays (120 unidades). CEREAL MIX FRUTOS SECOS 6X20X33G.
14669,CEREAL MIX CHOCOLATE 6X20X38G,unidad,UNIDAD,20,6,120,"Chocolates de línea Arcor: CEREAL MIX CHOCOLATE 6X20X38G, presentación mayorista, x120 unidades por bulto.",Se vende por unidad. El display trae 20 unidades. El bulto trae 6 displays (120 unidades). CEREAL MIX CHOCOLATE 6X20X38G.
14670,BONOBON COCO 16X18X15G,display,DISPLAY,18,16,16,"Bombón de chocolate blanco con coco, marca Arcor, formato 15 g.",Se vende por display. Cada display trae 18 unidades. El bulto trae 16 displays. BONOBON COCO 16X18X15G.
14673,ROCK PESADILLAS DISP 12X24X14G,display,DISPLAY,24,12,12,Snack ROCK PESADILLAS en formato de 12 unidades de 24 gramos cada una.,Se vende por display. Cada display trae 24 unidades. El bulto trae 12 displays. ROCK PESADILLAS DISP 12X24X14G.
14675,COFLER CUPS SPLIT 20X16X17G,display,DISPLAY,16,20,20,"Chocolate con leche en trozos, marca Cofler, presentación Cups Split de 17g.",Se vende por display. Cada display trae 16 unidades. El bulto trae 20 displays. COFLER CUPS SPLIT 20X16X17G.
14676,CHOCOLATE TAZA ARCOR 4X16X100G,unidad,UNIDAD,16,4,64,"Chocolates de línea Arcor: CHOCOLATE TAZA ARCOR 4X16X100G, presentación mayorista, x84 unidades por bulto.",Se vende por unidad. El display trae 16 unidades. El bulto trae 4 displays (64 unidades). CHOCOLATE TAZA ARCOR 4X16X100G.
14677,MOGUL BANANITAS 12X12X30G,display,DISPLAY,12,12,12,"Snack MOGUL BANANITAS en formato de 30g, presentado en caja de 12 unidades.",Se vende por display. Cada display trae 12 unidades. El bulto trae 12 displays. MOGUL BANANITAS 12X12X30G.
14719,BUTTER TOFFEES BUTTER & CREAM 36X99G,display,DISPLAY,22,36,36,"Golosinas: BUTTER TOFFEES BUTTER & CREAM 36X99G, x36 unidades por bulto.",Se vende por display. Cada display trae 22 unidades. El bulto trae 36 displays. BUTTER TOFFEES BUTTER & CREAM 36X99G.
14720,BUTTER TOFFEES BUTTER & CREAM 6X675G,display,DISPLAY,150,6,6,"Golosinas: BUTTER TOFFEES BUTTER & CREAM 6X675G, x6 unidades por bulto.",Se vende por display. Cada display trae 150 unidades. El bulto trae 6 displays. BUTTER TOFFEES BUTTER & CREAM 6X675G.
14724,TOMATE PELADO SALSATI 24X400G,unidad,UNIDAD,12,2,24,"Alimentos y Almacén: TOMATE PELADO SALSATI 24X400G, x24 unidades por bulto.",Se vende por unidad. El display trae 12 unidades. El bulto trae 2 displays (24 unidades). TOMATE PELADO SALSATI 24X400G.
14727,TOPLINE SEVEN TURBO MINT 10X6X25G,display,DISPLAY,6,10,10,"Chicles confitados sabor Turbo Mint, marca Top Line Seven, formato 25 g.",Se vende por display. Cada display trae 6 unidades. El bulto trae 10 displays. TOPLINE SEVEN TURBO MINT 10X6X25G.
14728,MENTHO PLUS COMPRIMIDOS MIX BERRIES 10X6X25G,display,DISPLAY,6,10,10,"Golosinas: MENTHO PLUS COMPRIMIDOS MIX BERRIES 10X6X25G, x10 unidades por bulto.",Se vende por display. Cada display trae 6 unidades. El bulto trae 10 displays. MENTHO PLUS COMPRIMIDOS MIX BERRIES 10X6X25G.
14730,MOGUL MONSTRUITOS 12,display,DISPLAY,12,12,12,Snack MOGUL MONSTRUITOS en formato de 12 unidades.,Se vende por display. Cada display trae 12 unidades. El bulto trae 12 displays. MOGUL MONSTRUITOS 12.
14731,MAST.FRUTALES 24X100,display,DISPLAY,,24,24,Bebida MAST.FRUTALES en formato de 24 unidades de 100 ml cada una.,Se vende por display. El bulto trae 24 displays. MAST.FRUTALES 24X100.
14736,CAR B.TOFF D LECHE RELL CHOCO 810 GR,display,DISPLAY,135,6,6,Snack CAR B.TOFF de leche relleno de chocolate en formato de 810 gramos.,Se vende por display. Cada display trae 135 unidades. El bulto trae 6 displays. CAR B.TOFF D LECHE RELL CHOCO 810 GR.
14737,CAR B.TOF D LECHE RELLCH 140G,display,DISPLAY,23,36,36,Caramelo B.TOF de leche relleno en formato de 140 gramos.,Se vende por display. Cada display trae 23 unidades. El bulto trae 36 displays. CAR B.TOF D LECHE RELLCH 140G.
14738,POSTRE CHOCOTORTA 6X12X110G,unidad,UNIDAD,12,6,72,"Alimentos y Almacén: POSTRE CHOCOTORTA 6X12X110G, x72 unidades por bulto.",Se vende por unidad. El display trae 12 unidades. El bulto trae 6 displays (72 unidades). POSTRE CHOCOTORTA 6X12X110G.
14739,TUBITOS MOGUL EXT.FR 15 gr,display,DISPLAY,16,12,12,Tubitos Mogul Ext. FR de 15 g.,Se vende por display. Cada display trae 16 unidades. El bulto trae 12 displays. TUBITOS MOGUL EXT.FR 15 gr.
14741,MOGUL PALOTE TERROR,display,DISPLAY,70,12,12,Snack MOGUL PALOTE TERROR en formato de palote de golosina.,Se vende por display. Cada display trae 70 unidades. El bulto trae 12 displays. MOGUL PALOTE TERROR.
14742,CAR MISKY TOFFEES CHOC 8X648G,display,DISPLAY,118,8,8,Toffee de chocolate CAR MISKY en formato de 8 paquetes de 648 gramos cada uno.,Se vende por display. Cada display trae 118 unidades. El bulto trae 8 displays. CAR MISKY TOFFEES CHOC 8X648G.
14744,PORTEÑITAS 36X139G,unidad,UNIDAD,,,36,"Galletas y Snacks de línea Arcor: PORTEÑITAS 36X139G, presentación mayorista, x36 unidades por bulto.",Se vende por unidad. El bulto trae 36 unidades. No viene en display. PORTEÑITAS 36X139G.
14748,MOGUL TUBITOS EXTREME  FRUTILLA 6X500G,display,DISPLAY,250,6,6,"Golosinas: MOGUL TUBITOS EXTREME FRUTILLA 6X500G, x6 unidades por bulto.",Se vende por display. Cada display trae 250 unidades. El bulto trae 6 displays. MOGUL TUBITOS EXTREME FRUTILLA 6X500G.
14750,MOGUL TUBITOS EXTREME TUTTI FRUTTI 6X500G,display,DISPLAY,250,6,6,"Golosinas: MOGUL TUBITOS EXTREME TUTTI FRUTTI 6X500G, x6 unidades por bulto.",Se vende por display. Cada display trae 250 unidades. El bulto trae 6 displays. MOGUL TUBITOS EXTREME TUTTI FRUTTI 6X500G.
14754,PAN DULCE BAGLEY FRUTOS SECOS 6X700G,display,DISPLAY,,6,6,"Galletas y Snacks: PAN DULCE BAGLEY FRUTOS SECOS 6X700G, x6 unidades por bulto.",Se vende por display. El bulto trae 6 displays. PAN DULCE BAGLEY FRUTOS SECOS 6X700G.
14766,DISPENS.JELLY BEANS,display,DISPLAY,,12,12,"Dispensador Jelly Beans de la marca no especificada, diseñado para contener y servir golosinas.",Se vende por display. El bulto trae 12 displays. DISPENS.JELLY BEANS.
14767,CALABAZA HALLOWEEN,display,DISPLAY,,6,6,"Calabaza Halloween, producto decorativo para celebraciones, disponible en diferentes tamaños y estilos.",Se vende por display. El bulto trae 6 displays. CALABAZA HALLOWEEN.
14770,TURRON ALMENDRA ALICANTE ARCOR 35X100G,display,DISPLAY,,35,35,"Golosinas: TURRON ALMENDRA ALICANTE ARCOR 35X100G, x35 unidades por bulto.",Se vende por display. El bulto trae 35 displays. TURRON ALMENDRA ALICANTE ARCOR 35X100G.
14771,OBLEA AGUILA NUT 6X6X105G,display,DISPLAY,6,6,6,"Chocolates de línea Arcor: OBLEA AGUILA NUT 6X6X105G, presentación mayorista, x36 unidades por bulto.",Se vende por display. Cada display trae 6 unidades. El bulto trae 6 displays. OBLEA AGUILA NUT 6X6X105G.
14772,SURTIDO BAGLEY 21X400G,display,DISPLAY,,21,21,"Galletas y Snacks: SURTIDO BAGLEY 21X400G, x21 unidades por bulto.",Se vende por display. El bulto trae 21 displays. SURTIDO BAGLEY 21X400G.
14774,MOGUL JELLY BEANS 12X10X50G HW,display,DISPLAY,10,12,12,"Jelly Beans MOGUL en formato de 50g, presentado en cajas de 12 unidades.",Se vende por display. Cada display trae 10 unidades. El bulto trae 12 displays. MOGUL JELLY BEANS 12X10X50G HW.
14777,SALADIX EXTRA PICANTE ESTUCHE 4X6X100G,unidad,UNIDAD,,,24,"Galletas y Snacks: SALADIX EXTRA PICANTE ESTUCHE 4X6X100G, x24 unidades por bulto.",Se vende por unidad. El bulto trae 24 unidades. No viene en display. SALADIX EXTRA PICANTE ESTUCHE 4X6X100G.
14782,HELADO FRAMBUESA CHOCOLATE CON LECHE 12X150G,display,DISPLAY,,12,12,"Helados: HELADO FRAMBUESA CHOCOLATE CON LECHE 12X150G, x12 unidades por bulto.",Se vende por display. El bulto trae 12 displays. HELADO FRAMBUESA CHOCOLATE CON LECHE 12X150G.
14783,HELADO COFLER DULCE DE LECHE 16X63G,unidad,BULTO,,,16,"Helados de línea Arcor: HELADO COFLER DULCE DE LECHE 16X63G, presentación mayorista.",Se vende por bulto de 16 unidades. HELADO COFLER DULCE DE LECHE 16X63G.
14784,HELADO CONO ROCKLETS 18X95G,unidad,BULTO,,,18,"Helados de línea Arcor: HELADO CONO ROCKLETS 18X95G, presentación mayorista.",Se vende por bulto de 18 unidades. HELADO CONO ROCKLETS 18X95G.
14790,HELADO BOMBON ESCOCES 12X6X90G,display,DISPLAY,6,12,12,"Helados de línea Arcor: HELADO BOMBON ESCOCES 12X6X90G, presentación mayorista, x12 unidades por bulto.",Se vende por display. Cada display trae 6 unidades. El bulto trae 12 displays. HELADO BOMBON ESCOCES 12X6X90G.
14791,HELADO CONO COFLER FRUTILLA AMERICANA 14X110G,unidad,BULTO,,,14,"Helados de línea Arcor: HELADO CONO COFLER FRUTILLA AMERICANA 14X110G, presentación mayorista.",Se vende por bulto de 14 unidades. HELADO CONO COFLER FRUTILLA AMERICANA 14X110G.
14798,CAR. SUGUS CONF. ACIDO 30X50GS,display,DISPLAY,28,30,30,Confite CAR Sugus ácido en formato de 30 bolsas de 50 gramos cada una.,Se vende por display. Cada display trae 28 unidades. El bulto trae 30 displays. CAR. SUGUS CONF. ACIDO 30X50GS.
14799,MOGUL OSO EXTREME 6X500G,display,DISPLAY,83,6,6,"Golosinas de línea Arcor: MOGUL OSO EXTREME 6X500G, presentación mayorista, x6 unidades por bulto.",Se vende por display. Cada display trae 83 unidades. El bulto trae 6 displays. MOGUL OSO EXTREME 6X500G.
14800,MOGUL SANDIA EXTREME 6x500G,display,DISPLAY,83,6,6,"Golosinas de línea Arcor: MOGUL SANDIA EXTREME 6x500G, presentación mayorista, x6 unidades por bulto.",Se vende por display. Cada display trae 83 unidades. El bulto trae 6 displays. MOGUL SANDIA EXTREME 6x500G.
14808,HVITO COFLER CHOCOTO 8X60X8GR,display,DISPLAY,60,8,8,Snack HVITO COFLER CHOCOTO en formato de 8 paquetes de 60 gramos cada uno.,Se vende por display. Cada display trae 60 unidades. El bulto trae 8 displays. HVITO COFLER CHOCOTO 8X60X8GR.
14811,HUEVITOS AGUILA REGA 20X8GR,display,DISPLAY,20,20,20,"Huevitos, marca Águila, presentación de 20 unidades de 8 gramos cada una.",Se vende por display. Cada display trae 20 unidades. El bulto trae 20 displays. HUEVITOS AGUILA REGA 20X8GR.
14818,FIG. CHOCOLAT OSO BO 6X12X70G,display,DISPLAY,12,6,6,"Snack FIG. CHOCOLAT OSO BO en formato de 70g, presentado en caja de 6 unidades.",Se vende por display. Cada display trae 12 unidades. El bulto trae 6 displays. FIG. CHOCOLAT OSO BO 6X12X70G.
14820,HUEVO ROCKLETS COHETE 6X530GR,unidad,UNIDAD,,,6,"Chocolates de línea Arcor: HUEVO ROCKLETS COHETE 6X530GR, presentación mayorista, x6 unidades por bulto.",Se vende por unidad. El bulto trae 6 unidades. No viene en display. HUEVO ROCKLETS COHETE 6X530GR.
14824,CACERIA HVITOS ROCKL 12X20X13GR,display,DISPLAY,20,12,12,Snack Cacería Hvitos Rockl en formato de 12 unidades de 20 gramos cada una.,Se vende por display. Cada display trae 20 unidades. El bulto trae 12 displays. CACERIA HVITOS ROCKL 12X20X13GR.
14830,"MENTHO PLUS 2 FRUTILLA 12X12X27,2G",display,DISPLAY,12,12,12,"Golosinas: MENTHO PLUS 2 FRUTILLA 12X12X27,2G, x12 unidades por bulto.","Se vende por display. Cada display trae 12 unidades. El bulto trae 12 displays. MENTHO PLUS 2 FRUTILLA 12X12X27,2G."
14872,MOGUL BOMBON DE FRUTA 24X80G,display,DISPLAY,,24,24,"Bombón de fruta sabor tropical, marca Mogul, presentado en formato de 80 gramos.",Se vende por display. El bulto trae 24 displays. MOGUL BOMBON DE FRUTA 24X80G.
14873,MOGUL GUSANITO ROCKS EXTREME 12X10X40GR,display,DISPLAY,10,12,12,"Golosinas: MOGUL GUSANITO ROCKS EXTREME 12X10X40GR, x120 unidades por bulto.",Se vende por display. Cada display trae 10 unidades. El bulto trae 12 displays. MOGUL GUSANITO ROCKS EXTREME 12X10X40GR.
14878,LATA 160 A?OS-SURTID,display,DISPLAY,,6,6,Bebida LATA 160 AÑOS-SURTID en formato lata.,Se vende por display. El bulto trae 6 displays. LATA 160 A?OS-SURTID.
14883,HELADO BARRITA AGUILA AMERICANA 8X6X34G,display,DISPLAY,6,8,8,"Helados: HELADO BARRITA AGUILA AMERICANA 8X6X34G, x8 unidades por bulto.",Se vende por display. Cada display trae 6 unidades. El bulto trae 8 displays. HELADO BARRITA AGUILA AMERICANA 8X6X34G.
14884,ALFAJOR BONOBON TRIPLE 21X60G,unidad,UNIDAD,,,21,"Golosinas de línea Arcor: ALFAJOR BONOBON TRIPLE 21X60G, presentación mayorista, x21 unidades por bulto.",Se vende por unidad. El bulto trae 21 unidades. No viene en display. ALFAJOR BONOBON TRIPLE 21X60G.
14885,CHOCOLINAS BLANCO 40X170G,unidad,UNIDAD,,,40,"Galletas y Snacks: CHOCOLINAS BLANCO 40X170G, x40 unidades por bulto.",Se vende por unidad. El bulto trae 40 unidades. No viene en display. CHOCOLINAS BLANCO 40X170G.
14886,CHOCOLINAS NEGRO 40X181G,unidad,UNIDAD,,,40,"Galletas y Snacks: CHOCOLINAS NEGRO 40X181G, x40 unidades por bulto.",Se vende por unidad. El bulto trae 40 unidades. No viene en display. CHOCOLINAS NEGRO 40X181G.
14887,HELADO FRAMBUESA CHOCOLATE AMARGO 12X150G,display,DISPLAY,,12,12,"Helados: HELADO FRAMBUESA CHOCOLATE AMARGO 12X150G, x12 unidades por bulto.",Se vende por display. El bulto trae 12 displays. HELADO FRAMBUESA CHOCOLATE AMARGO 12X150G.
14888,MOGUL FRUT EXTREME 6X500G,display,DISPLAY,,6,6,"Golosinas de línea Arcor: MOGUL FRUT EXTREME 6X500G, presentación mayorista, x498 unidades por bulto.",Se vende por display. El bulto trae 6 displays. MOGUL FRUT EXTREME 6X500G.
14891,ATUN LC DESMENUZADO NATURAL 24X170GR,unidad,unidad,,,24,"Alimentos y Almacén: ATUN LC DESMENUZADO NATURAL 24X170GR, x24 unidades por bulto.",Se vende por unidad. El bulto trae 24 unidades. No viene en display. ATUN LC DESMENUZADO NATURAL 24X170GR.
14900,BATIDO COLAGENO HIDROLIZADO LIMONADA 6X237GR,unidad,UNIDAD,,,6,"Golosinas: BATIDO COLAGENO HIDROLIZADO LIMONADA 6X237GR, x6 unidades por bulto.",Se vende por unidad. El bulto trae 6 unidades. No viene en display. BATIDO COLAGENO HIDROLIZADO LIMONADA 6X237GR.
14903,"BUTTER SURTIDO 6X2,7KG",display,DISPLAY,462,6,6,"Manteca Butter surtido en formato de 6 unidades de 2,7 kg cada una.","Se vende por display. Cada display trae 462 unidades. El bulto trae 6 displays. BUTTER SURTIDO 6X2,7KG."
14904,CARAMELO FIZZ PICANTE 12X48X18G,display,DISPLAY,48,12,12,"Golosinas de línea Arcor: CARAMELO FIZZ PICANTE 12X48X18G, presentación mayorista, x12 unidades por bulto.",Se vende por display. Cada display trae 48 unidades. El bulto trae 12 displays. CARAMELO FIZZ PICANTE 12X48X18G.
14905,MERMELADA LC PERA KIWI 12X220GR,unidad,unidad,,,12,"Alimentos y Almacén: MERMELADA LC PERA KIWI 12X220GR, x12 unidades por bulto.",Se vende por unidad. El bulto trae 12 unidades. No viene en display. MERMELADA LC PERA KIWI 12X220GR.
14979,MERMELADA LC  DURAZNO MANGO 12X220GR,unidad,unidad,,,12,"Alimentos y Almacén: MERMELADA LC DURAZNO MANGO 12X220GR, x12 unidades por bulto.",Se vende por unidad. El bulto trae 12 unidades. No viene en display. MERMELADA LC DURAZNO MANGO 12X220GR.
14980,MERMELADA LC FRAMBUESA Y FRUTILLA 12X220GR,unidad,unidad,,,12,"Alimentos y Almacén: MERMELADA LC FRAMBUESA Y FRUTILLA 12X220GR, x12 unidades por bulto.",Se vende por unidad. El bulto trae 12 unidades. No viene en display. MERMELADA LC FRAMBUESA Y FRUTILLA 12X220GR.
14983,ATUN LC DESMENUZADO ACEITE 24X170GR,unidad,unidad,,,24,"Alimentos y Almacén: ATUN LC DESMENUZADO ACEITE 24X170GR, x24 unidades por bulto.",Se vende por unidad. El bulto trae 24 unidades. No viene en display. ATUN LC DESMENUZADO ACEITE 24X170GR.
14993,MR POPS CHUPETIN SURTIDO POR 10 24X180G,display,DISPLAY,10,24,24,"Golosinas: MR POPS CHUPETIN SURTIDO POR 10 24X180G, x24 unidades por bulto.",Se vende por display. Cada display trae 10 unidades. El bulto trae 24 displays. MR POPS CHUPETIN SURTIDO POR 10 24X180G.
14999,MOGUL GOMAS COLA 12X12X30G,display,DISPLAY,12,12,12,"Golosinas de línea Arcor: MOGUL GOMAS COLA 12X12X30G, presentación mayorista, x12 unidades por bulto.",Se vende por display. Cada display trae 12 unidades. El bulto trae 12 displays. MOGUL GOMAS COLA 12X12X30G.
15001,ALFAJOR CHOCO CREAMY 21X60G,unidad,UNIDAD,,,21,"Golosinas de línea Arcor: ALFAJOR CHOCO CREAMY 21X60G, presentación mayorista, x21 unidades por bulto.",Se vende por unidad. El bulto trae 21 unidades. No viene en display. ALFAJOR CHOCO CREAMY 21X60G.
15004,TURROCKLETS 4X50X25G,unidad,UNIDAD,50,4,200,"Chocolates de línea Arcor: TURROCKLETS 4X50X25G, presentación mayorista, x4 unidades por bulto.",Se vende por unidad. El display trae 50 unidades. El bulto trae 4 displays (200 unidades). TURROCKLETS 4X50X25G.
15006,TOPLINE 7 TURBO PINK 12x50G,display,DISPLAY,,12,12,"Golosinas: TOPLINE 7 TURBO PINK 12x50G, x12 unidades por bulto.",Se vende por display. El bulto trae 12 displays. TOPLINE 7 TURBO PINK 12x50G.
15007,"ALFAJOR CHOCOTORTA 21X71,5G",unidad,UNIDAD,,,21,"Golosinas de línea Arcor: ALFAJOR CHOCOTORTA 21X71,5G, presentación mayorista, x21 unidades por bulto.","Se vende por unidad. El bulto trae 21 unidades. No viene en display. ALFAJOR CHOCOTORTA 21X71,5G."
15017,MOGUL ARAÑITAS RELLENAS 12X12X30GR,display,DISPLAY,12,12,12,"Golosinas de línea Arcor: MOGUL ARAÑITAS RELLENAS 12X12X30GR, presentación mayorista, x144 unidades por bulto.",Se vende por display. Cada display trae 12 unidades. El bulto trae 12 displays. MOGUL ARAÑITAS RELLENAS 12X12X30GR.
15019,MOGUL OSITO EXTREME PICANTE 12X12X30G,display,DISPLAY,12,12,12,"Golosinas: MOGUL OSITO EXTREME PICANTE 12X12X30G, x12 unidades por bulto.",Se vende por display. Cada display trae 12 unidades. El bulto trae 12 displays. MOGUL OSITO EXTREME PICANTE 12X12X30G.
15021,AGUILA EXTRA FINO 70% CACAO 10X10X70GR,unidad,UNIDAD,10,10,100,"Chocolates: AGUILA EXTRA FINO 70% CACAO 10X10X70GR, x100 unidades por bulto.",Se vende por unidad. El display trae 10 unidades. El bulto trae 10 displays (100 unidades). AGUILA EXTRA FINO 70% CACAO 10X10X70GR.
15022,AGUILA 60% CACAO  C/NARANJA 10X10X70GR,unidad,UNIDAD,10,10,100,"Chocolates: AGUILA 60% CACAO C/NARANJA 10X10X70GR, x100 unidades por bulto.",Se vende por unidad. El display trae 10 unidades. El bulto trae 10 displays (100 unidades). AGUILA 60% CACAO C/NARANJA 10X10X70GR.
15023,RELLENO UNTABLE COFLER MARROC 24X290GR,display,DISPLAY,,24,24,"Chocolates: RELLENO UNTABLE COFLER MARROC 24X290GR, x24 unidades por bulto.",Se vende por display. El bulto trae 24 displays. RELLENO UNTABLE COFLER MARROC 24X290GR.
15024,AGUILA 60% CACAO NARANJA BARRITA 24X24X14G,unidad,UNIDAD,24,24,576,"Chocolates: AGUILA 60% CACAO NARANJA BARRITA 24X24X14G, x24 unidades por bulto.",Se vende por unidad. El display trae 24 unidades. El bulto trae 24 displays (576 unidades). AGUILA 60% CACAO NARANJA BARRITA 24X24X14G.
15027,TRAVIATA CON KESITA POR 3 12X3X96G,display,DISPLAY,3,12,12,"Galletas y Snacks: TRAVIATA CON KESITA POR 3 12X3X96G, x12 unidades por bulto.",Se vende por display. Cada display trae 3 unidades. El bulto trae 12 displays. TRAVIATA CON KESITA POR 3 12X3X96G.
15034,RAMEN POLLO PICANTE 24X70G,unidad,UNIDAD,,,24,"Alimentos y Almacén: RAMEN POLLO PICANTE 24X70G, x24 unidades por bulto.",Se vende por unidad. El bulto trae 24 unidades. No viene en display. RAMEN POLLO PICANTE 24X70G.
15039,BEBIDA ARCOR NARANJA 24x200ML,unidad,UNIDAD,,,24,"Bebidas de línea Arcor: BEBIDA ARCOR NARANJA 24x200ML, presentación mayorista, x24 unidades por bulto.",Se vende por unidad. El bulto trae 24 unidades. No viene en display. BEBIDA ARCOR NARANJA 24x200ML.
15040,BEBIDA ARCOR MANZANA 24X200ML,unidad,UNIDAD,,,24,"Bebidas de línea Arcor: BEBIDA ARCOR MANZANA 24X200ML, presentación mayorista, x24 unidades por bulto.",Se vende por unidad. El bulto trae 24 unidades. No viene en display. BEBIDA ARCOR MANZANA 24X200ML.
15041,BEBIDA ARCOR MULTIFRUTA 24X200ML,unidad,UNIDAD,,,24,"Bebidas de línea Arcor: BEBIDA ARCOR MULTIFRUTA 24X200ML, presentación mayorista, x24 unidades por bulto.",Se vende por unidad. El bulto trae 24 unidades. No viene en display. BEBIDA ARCOR MULTIFRUTA 24X200ML.
15042,BEBIDA ARCOR NARANJA 12X1L,unidad,unidad,,,12,"Bebidas de línea Arcor: BEBIDA ARCOR NARANJA 12X1L, presentación mayorista, x12 unidades por bulto.",Se vende por unidad. El bulto trae 12 unidades. No viene en display. BEBIDA ARCOR NARANJA 12X1L.
15043,BEBIDA ARCOR MANZANA 12X1L,unidad,unidad,,,12,"Bebidas de línea Arcor: BEBIDA ARCOR MANZANA 12X1L, presentación mayorista, x12 unidades por bulto.",Se vende por unidad. El bulto trae 12 unidades. No viene en display. BEBIDA ARCOR MANZANA 12X1L.
15045,KETCHUP AMERICANO LC 24X250G,unidad,UNIDAD,,,24,"Alimentos y Almacén: KETCHUP AMERICANO LC 24X250G, x24 unidades por bulto.",Se vende por unidad. El bulto trae 24 unidades. No viene en display. KETCHUP AMERICANO LC 24X250G.
15052,"TOPLINE STRONG 24X20X6,7GR",display,DISPLAY,20,24,24,"Golosinas de línea Arcor: TOPLINE STRONG 24X20X6,7GR, presentación mayorista, x480 unidades por bulto.","Se vende por display. Cada display trae 20 unidades. El bulto trae 24 displays. TOPLINE STRONG 24X20X6,7GR."
15058,CHOCOLATE ARCOR LECHE MANI 8X10X80G,unidad,UNIDAD,10,8,80,"Chocolates: CHOCOLATE ARCOR LECHE MANI 8X10X80G, x80 unidades por bulto.",Se vende por unidad. El display trae 10 unidades. El bulto trae 8 displays (80 unidades). CHOCOLATE ARCOR LECHE MANI 8X10X80G.
15059,CHOCOLATE ARCOR BLANCO MANI 8X10X80G,unidad,UNIDAD,10,8,80,"Chocolates: CHOCOLATE ARCOR BLANCO MANI 8X10X80G, x80 unidades por bulto.",Se vende por unidad. El display trae 10 unidades. El bulto trae 8 displays (80 unidades). CHOCOLATE ARCOR BLANCO MANI 8X10X80G.
15060,CHOCOLATE ARCOR MARMOLADO 8X10X80G,unidad,UNIDAD,10,8,80,"Chocolates de línea Arcor: CHOCOLATE ARCOR MARMOLADO 8X10X80G, presentación mayorista, x80 unidades por bulto.",Se vende por unidad. El display trae 10 unidades. El bulto trae 8 displays (80 unidades). CHOCOLATE ARCOR MARMOLADO 8X10X80G.
15061,CHOCOLATE ARCOR 50% CACAO 8X10X80G,unidad,UNIDAD,10,8,80,"Chocolates: CHOCOLATE ARCOR 50% CACAO 8X10X80G, x80 unidades por bulto.",Se vende por unidad. El display trae 10 unidades. El bulto trae 8 displays (80 unidades). CHOCOLATE ARCOR 50% CACAO 8X10X80G.
15063,MOGUL MASTI CONFITADOS 12X16X30G,display,DISPLAY,16,12,12,"Golosinas de línea Arcor: MOGUL MASTI CONFITADOS 12X16X30G, presentación mayorista, x12 unidades por bulto.",Se vende por display. Cada display trae 16 unidades. El bulto trae 12 displays. MOGUL MASTI CONFITADOS 12X16X30G.
15064,CARAMELO MOGUL MASTI MULTIFRUTA 70G,unidad,UNIDAD,,,40,"Golosinas: CARAMELO MOGUL MASTI MULTIFRUTA 70G, x40 unidades por bulto.",Se vende por unidad. El bulto trae 40 unidades. No viene en display. CARAMELO MOGUL MASTI MULTIFRUTA 70G.
15065,MOGUL MASTI CONFITADOS EXTREME 12X16X30G,unidad,UNIDAD,16,12,192,"Golosinas: MOGUL MASTI CONFITADOS EXTREME 12X16X30G, x12 unidades por bulto.",Se vende por unidad. El display trae 16 unidades. El bulto trae 12 displays (192 unidades). MOGUL MASTI CONFITADOS EXTREME 12X16X30G.
15066,CARAMELO MOGUL MASTI EXTREME MULTIFRUTA 70G,unidad,UNIDAD,,,40,"Golosinas: CARAMELO MOGUL MASTI EXTREME MULTIFRUTA 70G, x40 unidades por bulto.",Se vende por unidad. El bulto trae 40 unidades. No viene en display. CARAMELO MOGUL MASTI EXTREME MULTIFRUTA 70G.
15070,ROCKLETS BOLLS CEREAL 12X8X35G,unidad,UNIDAD,8,12,96,"Chocolates de línea Arcor: ROCKLETS BOLLS CEREAL 12X8X35G, presentación mayorista, x12 unidades por bulto.",Se vende por unidad. El display trae 8 unidades. El bulto trae 12 displays (96 unidades). ROCKLETS BOLLS CEREAL 12X8X35G.
15074,ROCKLETS COOKIE 12X8X35G,display,DISPLAY,8,12,12,"Confites de cereal extrudado de arroz cubiertos con chocolate, marca Rocklets.",Se vende por display. Cada display trae 8 unidades. El bulto trae 12 displays. ROCKLETS COOKIE 12X8X35G.
15075,MOGUL MASTI SPLASH UVA Y TUTTI FRUTTI 12X10X30G,unidad,UNIDAD,10,12,120,"Golosinas: MOGUL MASTI SPLASH UVA Y TUTTI FRUTTI 12X10X30G, x12 unidades por bulto.",Se vende por unidad. El display trae 10 unidades. El bulto trae 12 displays (120 unidades). MOGUL MASTI SPLASH UVA Y TUTTI FRUTTI 12X10X30G.
15076,MOGUL MASTI SPLASH UVA Y ANANA 36X72G,unidad,UNIDAD,,,36,"Golosinas: MOGUL MASTI SPLASH UVA Y ANANA 36X72G, x36 unidades por bulto.",Se vende por unidad. El bulto trae 36 unidades. No viene en display. MOGUL MASTI SPLASH UVA Y ANANA 36X72G.
15089,MOGUL MASTI EXTREME SPLASH 12X10X30G,display,DISPLAY,10,12,12,"Golosinas: MOGUL MASTI EXTREME SPLASH 12X10X30G, x12 unidades por bulto.",Se vende por display. Cada display trae 10 unidades. El bulto trae 12 displays. MOGUL MASTI EXTREME SPLASH 12X10X30G.
15093,CHICLE POOSH UVA 18X200G,display,DISPLAY,40,18,18,"Chicle Poosh uva en formato de 200g, presentado en caja de 18 unidades.",Se vende por display. Cada display trae 40 unidades. El bulto trae 18 displays. CHICLE POOSH UVA 18X200G.
15094,CHICLE POOSH TUTTI FR. 18X200G,display,DISPLAY,40,18,18,"Chicle Poosh Tutti Frutti, formato 18x200g.",Se vende por display. Cada display trae 40 unidades. El bulto trae 18 displays. CHICLE POOSH TUTTI FR. 18X200G.
15103,TUB MOGUL EXT ZOMBIE,display,DISPLAY,16,12,12,Snack TUB MOGUL EXT ZOMBIE en formato de bolsa.,Se vende por display. Cada display trae 16 unidades. El bulto trae 12 displays. TUB MOGUL EXT ZOMBIE.
15106,MOGUL MINI TUBITOS EXTREME MIX FRUTILLA 24X100G,display,DISPLAY,,24,24,"Golosinas: MOGUL MINI TUBITOS EXTREME MIX FRUTILLA 24X100G, x24 unidades por bulto.",Se vende por display. El bulto trae 24 displays. MOGUL MINI TUBITOS EXTREME MIX FRUTILLA 24X100G.
15109,LADR EXTR MIX FRUT 6X500G,display,DISPLAY,,6,6,Ladr Extr Mix Frut 6x500g es un producto de mezcla de frutas en formato de 500 gramos.,Se vende por display. El bulto trae 6 displays. LADR EXTR MIX FRUT 6X500G.
15110,MOGUL TWIST MAX BLUEBERRY 6X24X25G,display,DISPLAY,24,6,6,"Golosinas: MOGUL TWIST MAX BLUEBERRY 6X24X25G, x6 unidades por bulto.",Se vende por display. Cada display trae 24 unidades. El bulto trae 6 displays. MOGUL TWIST MAX BLUEBERRY 6X24X25G.
15111,MOGUL MASTI EXTREME ROLL MANZANA 13G,display,DISPLAY,24,24,24,"Golosinas: MOGUL MASTI EXTREME ROLL MANZANA 13G, x24 unidades por bulto.",Se vende por display. Cada display trae 24 unidades. El bulto trae 24 displays. MOGUL MASTI EXTREME ROLL MANZANA 13G.
15112,MOGUL MASTI EXTREME ROLL TUTTI FRUTTI 13G,display,DISPLAY,24,24,24,"Caramelo Masti Roll sabor tutti frutti, marca Mogul, formato de 13 g.",Se vende por display. Cada display trae 24 unidades. El bulto trae 24 displays. MOGUL MASTI EXTREME ROLL TUTTI FRUTTI 13G.
15113,MOGUL MASTI EXTREME SPLASH LIMON Y FRUTILLA 36X72G,unidad,UNIDAD,,,36,"Golosinas: MOGUL MASTI EXTREME SPLASH LIMON Y FRUTILLA 36X72G, x36 unidades por bulto.",Se vende por unidad. El bulto trae 36 unidades. No viene en display. MOGUL MASTI EXTREME SPLASH LIMON Y FRUTILLA 36X72G.
15116,CHUPETIN MR POPS EXPLOSIVE SANDIA 10X4 X5X10G,display,DISPLAY,20,10,10,"Golosinas: CHUPETIN MR POPS EXPLOSIVE SANDIA 10X4 X5X10G, x40 unidades por bulto.",Se vende por display. Cada display trae 20 unidades. El bulto trae 10 displays. CHUPETIN MR POPS EXPLOSIVE SANDIA 10X4 X5X10G.
15117,CHUPETIN MR POPS EXPLOSIVE FRUTILLA 10G,display,DISPLAY,20,10,10,"Golosinas: CHUPETIN MR POPS EXPLOSIVE FRUTILLA 10G, x40 unidades por bulto.",Se vende por display. Cada display trae 20 unidades. El bulto trae 10 displays. CHUPETIN MR POPS EXPLOSIVE FRUTILLA 10G.
15118,CHUP EVO FLLA/BLUE 10X4X5X9G,display,DISPLAY,20,10,10,"Chup, formato FLLA/BLUE, presenta un producto de 10 unidades de 4x5x9 gramos.",Se vende por display. Cada display trae 20 unidades. El bulto trae 10 displays. CHUP EVO FLLA/BLUE 10X4X5X9G.
15119,PORTEÑITAS POR 3 12X3X139G,display,DISPLAY,,12,12,"Galletas y Snacks: PORTEÑITAS POR 3 12X3X139G, x12 unidades por bulto.",Se vende por display. El bulto trae 12 displays. PORTEÑITAS POR 3 12X3X139G.
15120,MOGUL PALOTES PICANTES SURTIDO 12X8X48G,display,DISPLAY,8,12,12,"Golosinas: MOGUL PALOTES PICANTES SURTIDO 12X8X48G, x12 unidades por bulto.",Se vende por display. Cada display trae 8 unidades. El bulto trae 12 displays. MOGUL PALOTES PICANTES SURTIDO 12X8X48G.
15122,MOGUL PALOTES MASTI SURTIDO UVA Y TUTTI FRUTTI 12X8X48G,unidad,UNIDAD,8,12,96,"Golosinas: MOGUL PALOTES MASTI SURTIDO UVA Y TUTTI FRUTTI 12X8X48G, x12 unidades por bulto.",Se vende por unidad. El display trae 8 unidades. El bulto trae 12 displays (96 unidades). MOGUL PALOTES MASTI SURTIDO UVA Y TUTTI FRUTTI 12X8X48G.
15123,MOGUL PALOTES MASTI SURTIDO UVA Y TUTTI FRUTTI 48X80G,unidad,UNIDAD,,,48,"Golosinas: MOGUL PALOTES MASTI SURTIDO UVA Y TUTTI FRUTTI 48X80G, x48 unidades por bulto.",Se vende por unidad. El bulto trae 48 unidades. No viene en display. MOGUL PALOTES MASTI SURTIDO UVA Y TUTTI FRUTTI 48X80G.
15125,MOGUL PALOTES EXTREME SURTIDO LIMON Y SANDIA 12X8X48G,unidad,UNIDAD,8,12,96,"Golosinas: MOGUL PALOTES EXTREME SURTIDO LIMON Y SANDIA 12X8X48G, x12 unidades por bulto.",Se vende por unidad. El display trae 8 unidades. El bulto trae 12 displays (96 unidades). MOGUL PALOTES EXTREME SURTIDO LIMON Y SANDIA 12X8X48G.
15126,MOGUL PALOTES EXTREME  SURTIDO LIMON Y SANDIA 48X80G,unidad,UNIDAD,,,48,"Golosinas: MOGUL PALOTES EXTREME SURTIDO LIMON Y SANDIA 48X80G, x48 unidades por bulto.",Se vende por unidad. El bulto trae 48 unidades. No viene en display. MOGUL PALOTES EXTREME SURTIDO LIMON Y SANDIA 48X80G.
15130,CHOCOLATE ARCOR CRISPY 8X10X80G,unidad,UNIDAD,10,8,80,"Chocolates de línea Arcor: CHOCOLATE ARCOR CRISPY 8X10X80G, presentación mayorista, x80 unidades por bulto.",Se vende por unidad. El display trae 10 unidades. El bulto trae 8 displays (80 unidades). CHOCOLATE ARCOR CRISPY 8X10X80G.
15133,MOGUL PALOTES UVA Y TUTTI FRUTTI 12X496G,display,DISPLAY,62,12,12,"Golosinas: MOGUL PALOTES UVA Y TUTTI FRUTTI 12X496G, x12 unidades por bulto.",Se vende por display. Cada display trae 62 unidades. El bulto trae 12 displays. MOGUL PALOTES UVA Y TUTTI FRUTTI 12X496G.
15134,MOGUL PALOTES EXTREME LIMON Y SANDIA 12X496G,display,DISPLAY,62,12,12,"Golosinas: MOGUL PALOTES EXTREME LIMON Y SANDIA 12X496G, x12 unidades por bulto.",Se vende por display. Cada display trae 62 unidades. El bulto trae 12 displays. MOGUL PALOTES EXTREME LIMON Y SANDIA 12X496G.
15135,MR POPS CHUPETIN FRESH 12X24X18G,display,DISPLAY,24,12,12,"Golosinas: MR POPS CHUPETIN FRESH 12X24X18G, x12 unidades por bulto.",Se vende por display. Cada display trae 24 unidades. El bulto trae 12 displays. MR POPS CHUPETIN FRESH 12X24X18G.
15136,HELADO BOMBONCITO BLOCK BITES 6X180G,display,DISPLAY,,6,6,"Helados: HELADO BOMBONCITO BLOCK BITES 6X180G, x6 unidades por bulto.",Se vende por display. El bulto trae 6 displays. HELADO BOMBONCITO BLOCK BITES 6X180G.
15137,HELADO BOMBONCITO COFLER DULCE DE LECHE BITES 6X180G,display,DISPLAY,,6,6,"Helados: HELADO BOMBONCITO COFLER DULCE DE LECHE BITES 6X180G, x6 unidades por bulto.",Se vende por display. El bulto trae 6 displays. HELADO BOMBONCITO COFLER DULCE DE LECHE BITES 6X180G.
15138,HELADO  BONOBON BITES 6X180G,display,DISPLAY,,6,6,"Helados de línea Arcor: HELADO BONOBON BITES 6X180G, presentación mayorista, x6 unidades por bulto.",Se vende por display. El bulto trae 6 displays. HELADO BONOBON BITES 6X180G.
15140,HUEVITO ARCOR GRAVITY 8X60X8G,display,DISPLAY,60,8,8,Huevito Arcor Gravity en formato de 8 unidades de 60 gramos cada una.,Se vende por display. Cada display trae 60 unidades. El bulto trae 8 displays. HUEVITO ARCOR GRAVITY 8X60X8G.
15141,OBLEA COFLER CHOCOLINA MAX 8X16X60G,unidad,UNIDAD,16,8,128,"Chocolates: OBLEA COFLER CHOCOLINA MAX 8X16X60G, x128 unidades por bulto.",Se vende por unidad. El display trae 16 unidades. El bulto trae 8 displays (128 unidades). OBLEA COFLER CHOCOLINA MAX 8X16X60G.
15142,OBLEA COFLER AVELLANA MAX 8X16X60G,unidad,UNIDAD,16,8,128,"Chocolates: OBLEA COFLER AVELLANA MAX 8X16X60G, x128 unidades por bulto.",Se vende por unidad. El display trae 16 unidades. El bulto trae 8 displays (128 unidades). OBLEA COFLER AVELLANA MAX 8X16X60G.
15143,OBLEA COFLER BLOCK MAX 8X16X60G,unidad,UNIDAD,16,8,128,"Chocolates: OBLEA COFLER BLOCK MAX 8X16X60G, x128 unidades por bulto.",Se vende por unidad. El display trae 16 unidades. El bulto trae 8 displays (128 unidades). OBLEA COFLER BLOCK MAX 8X16X60G.
15145,MOGUL JELLY BEANS EXTREME 12X10X50G,display,DISPLAY,10,12,12,"Gomitas sabor frutilla, limón, manzana, uva y arándano, marca Mogul, formato 50g.",Se vende por display. Cada display trae 10 unidades. El bulto trae 12 displays. MOGUL JELLY BEANS EXTREME 12X10X50G.
15146,MOGUL GOMAS COLA 6X500G,display,DISPLAY,,6,6,"Golosinas de línea Arcor: MOGUL GOMAS COLA 6X500G, presentación mayorista, x6 unidades por bulto.",Se vende por display. El bulto trae 6 displays. MOGUL GOMAS COLA 6X500G.
15148,MOGUL BITES BAÑADO POTE 12X150G,display,DISPLAY,,12,12,"Golosinas: MOGUL BITES BAÑADO POTE 12X150G, x12 unidades por bulto.",Se vende por display. El bulto trae 12 displays. MOGUL BITES BAÑADO POTE 12X150G.
15153,VASO AGUILA ANIVERSARIO ROSA 12X5X14G,display,DISPLAY,5,12,12,Vaso submarino rosa con cinco barras de chocolate marca Águila.,Se vende por display. Cada display trae 5 unidades. El bulto trae 12 displays. VASO AGUILA ANIVERSARIO ROSA 12X5X14G.
15155,BOLSA BOMBONES 12X10,display,DISPLAY,10,10,10,"Bombones, Bolsa 12x10.",Se vende por display. Cada display trae 10 unidades. El bulto trae 10 displays. BOLSA BOMBONES 12X10.
15156,ROCK MAX MOMIA CAJITA 30X40GR,display,DISPLAY,,30,30,Snack ROCK MAX MOMIA en cajita de 30 unidades de 40 gramos cada una.,Se vende por display. El bulto trae 30 displays. ROCK MAX MOMIA CAJITA 30X40GR.
15160,MOGUL FANTASMAS 12X12X30G,display,DISPLAY,12,12,12,"Snack MOGUL FANTASMAS en formato de 30 gramos, presentado en caja de 12 unidades.",Se vende por display. Cada display trae 12 unidades. El bulto trae 12 displays. MOGUL FANTASMAS 12X12X30G.
15162,MOGUL MINI GUSANITOS,display,DISPLAY,,6,6,Snack MOGUL MINI GUSANITOS en formato de bolsa.,Se vende por display. El bulto trae 6 displays. MOGUL MINI GUSANITOS.
15170,MOGUL MORAS 46X80G,display,DISPLAY,,46,46,"Golosinas de línea Arcor: MOGUL MORAS 46X80G, presentación mayorista, x46 unidades por bulto.",Se vende por display. El bulto trae 46 displays. MOGUL MORAS 46X80G.
15171,MOGUL DIENTES 46X80G,display,DISPLAY,,46,46,"Golosinas de línea Arcor: MOGUL DIENTES 46X80G, presentación mayorista, x46 unidades por bulto.",Se vende por display. El bulto trae 46 displays. MOGUL DIENTES 46X80G.
15173,MOGUL JELLY BEANS 46X80GR,unidad,UNIDAD,,,46,"Golosinas de línea Arcor: MOGUL JELLY BEANS 46X80GR, presentación mayorista, x46 unidades por bulto.",Se vende por unidad. El bulto trae 46 unidades. No viene en display. MOGUL JELLY BEANS 46X80GR.
15174,BARRA CEREAL MIX FS 36X4X33G,display,DISPLAY,4,36,36,Barra Cereal Mix FS en formato de 36 unidades de 33 gramos cada una.,Se vende por display. Cada display trae 4 unidades. El bulto trae 36 displays. BARRA CEREAL MIX FS 36X4X33G.
15175,BARRA CM FS P.CHO 36X4X38G,display,DISPLAY,4,36,36,"Barra de chocolate marca CM, formato de 36 unidades de 38 gramos cada una.",Se vende por display. Cada display trae 4 unidades. El bulto trae 36 displays. BARRA CM FS P.CHO 36X4X38G.
15177,AGUILA 80%CACAO 10X10X70G,unidad,UNIDAD,10,10,100,"Chocolates de línea Arcor: AGUILA 80%CACAO 10X10X70G, presentación mayorista, x100 unidades por bulto.",Se vende por unidad. El display trae 10 unidades. El bulto trae 10 displays (100 unidades). AGUILA 80%CACAO 10X10X70G.
15178,HUESITO PINTALENGUA 12X450GR,display,DISPLAY,,12,12,Snack Huesito Pintalengua en formato de 12 unidades de 450 gramos cada una.,Se vende por display. El bulto trae 12 displays. HUESITO PINTALENGUA 12X450GR.
15179,PALOTE PINTALENGUA 12X8X48GR,display,DISPLAY,8,12,12,"Pintalengua Palote, formato de 48 gramos, disponible en presentación de 12 unidades.",Se vende por display. Cada display trae 8 unidades. El bulto trae 12 displays. PALOTE PINTALENGUA 12X8X48GR.
15181,CAR. MAST NVO SABOR 20X396G HW,display,DISPLAY,,20,20,"Mast Nvo Sabor, alimento enlatado, formato de 20 latas de 396 gramos cada una.",Se vende por display. El bulto trae 20 displays. CAR. MAST NVO SABOR 20X396G HW.
15185,CHUP MIX BLOO+MURCI,display,DISPLAY,10,24,24,Snack CHUP MIX BLOO+MURCI en formato de bolsa.,Se vende por display. Cada display trae 10 unidades. El bulto trae 24 displays. CHUP MIX BLOO+MURCI.
15187,MR POPS TERROR 24X10X12.5 G,display,DISPLAY,10,24,24,Snack MR POPS TERROR en formato de 24 unidades de 10 g cada una.,Se vende por display. Cada display trae 10 unidades. El bulto trae 24 displays. MR POPS TERROR 24X10X12.5 G.
15188,PASSATA DE TOMATE LC 12X340G,unidad,UNIDAD,,,12,"Alimentos y Almacén: PASSATA DE TOMATE LC 12X340G, x12 unidades por bulto.",Se vende por unidad. El bulto trae 12 unidades. No viene en display. PASSATA DE TOMATE LC 12X340G.
15189,PASSATA TOMATE SALSATI 12X340G,unidad,UNIDAD,,,12,"Alimentos y Almacén: PASSATA TOMATE SALSATI 12X340G, x12 unidades por bulto.",Se vende por unidad. El bulto trae 12 unidades. No viene en display. PASSATA TOMATE SALSATI 12X340G.
15190,MANA ACARAMELADA 36X145G,unidad,UNIDAD,,,36,"Galletas y Snacks: MANA ACARAMELADA 36X145G, x36 unidades por bulto.",Se vende por unidad. El bulto trae 36 unidades. No viene en display. MANA ACARAMELADA 36X145G.
15191,VASO AGUILA ANIVERSARIO NEGRO 12X5X14G,display,DISPLAY,5,12,12,"Vaso negro para submarino, marca Águila, incluye 5 barras de chocolate.",Se vende por display. Cada display trae 5 unidades. El bulto trae 12 displays. VASO AGUILA ANIVERSARIO NEGRO 12X5X14G.
15197,MENTHO PLUS LATA MIX VIOLET TWIST 8X6X50GR,unidad,UNIDAD,6,8,48,"Golosinas: MENTHO PLUS LATA MIX VIOLET TWIST 8X6X50GR, x48 unidades por bulto.",Se vende por unidad. El display trae 6 unidades. El bulto trae 8 displays (48 unidades). MENTHO PLUS LATA MIX VIOLET TWIST 8X6X50GR.
15199,MOGUL JELLY BEANS 12,display,DISPLAY,,12,12,Jelly Beans MOGUL en formato de 12 unidades.,Se vende por display. El bulto trae 12 displays. MOGUL JELLY BEANS 12.
15201,SALADIX JAMON 8X6X40G,unidad,UNIDAD,6,8,48,"Galletas y Snacks: SALADIX JAMON 8X6X40G, x48 unidades por bulto.",Se vende por unidad. El display trae 6 unidades. El bulto trae 8 displays (48 unidades). SALADIX JAMON 8X6X40G.
15202,SALADIX PIZZA 8X6X40G,unidad,UNIDAD,6,8,48,"Galletas y Snacks: SALADIX PIZZA 8X6X40G, x48 unidades por bulto.",Se vende por unidad. El display trae 6 unidades. El bulto trae 8 displays (48 unidades). SALADIX PIZZA 8X6X40G.
15203,SALADIX CALABRESA 8X6X40G,unidad,UNIDAD,6,8,48,"Galletas y Snacks: SALADIX CALABRESA 8X6X40G, x48 unidades por bulto.",Se vende por unidad. El display trae 6 unidades. El bulto trae 8 displays (48 unidades). SALADIX CALABRESA 8X6X40G.
15205,SALADIX DUO 8X6X33G,unidad,UNIDAD,6,8,48,"Galletas y Snacks: SALADIX DUO 8X6X33G, x48 unidades por bulto.",Se vende por unidad. El display trae 6 unidades. El bulto trae 8 displays (48 unidades). SALADIX DUO 8X6X33G.
15208,ROCKLETS PICANTE 12X24X20G,unidad,UNIDAD,24,12,288,"Chocolates de línea Arcor: ROCKLETS PICANTE 12X24X20G, presentación mayorista, x12 unidades por bulto.",Se vende por unidad. El display trae 24 unidades. El bulto trae 12 displays (288 unidades). ROCKLETS PICANTE 12X24X20G.
15209,BUTTER TOFFEES LECHE 48X80G,display,DISPLAY,,48,48,"Golosinas de línea Arcor: BUTTER TOFFEES LECHE 48X80G, presentación mayorista, x48 unidades por bulto.",Se vende por display. El bulto trae 48 displays. BUTTER TOFFEES LECHE 48X80G.
15210,BUTTER TOFFEES CHOCOLATE 48X80G,display,DISPLAY,,48,48,"Chocolates de línea Arcor: BUTTER TOFFEES CHOCOLATE 48X80G, presentación mayorista, x48 unidades por bulto.",Se vende por display. El bulto trae 48 displays. BUTTER TOFFEES CHOCOLATE 48X80G.
15211,BUTTER TOFFEES SURTIDO 48X80G,display,DISPLAY,,48,48,"Golosinas de línea Arcor: BUTTER TOFFEES SURTIDO 48X80G, presentación mayorista, x48 unidades por bulto.",Se vende por display. El bulto trae 48 displays. BUTTER TOFFEES SURTIDO 48X80G.
15212,CARAMELO MENTA CHOCOLATE 48X80GR,display,DISPLAY,,48,48,"Chocolates de línea Arcor: CARAMELO MENTA CHOCOLATE 48X80GR, presentación mayorista, x48 unidades por bulto.",Se vende por display. El bulto trae 48 displays. CARAMELO MENTA CHOCOLATE 48X80GR.
15213,CARAMELO RELLENOS FRUTALES 48X80G,display,DISPLAY,,48,48,"Golosinas de línea Arcor: CARAMELO RELLENOS FRUTALES 48X80G, presentación mayorista, x48 unidades por bulto.",Se vende por display. El bulto trae 48 displays. CARAMELO RELLENOS FRUTALES 48X80G.
15214,CARAMELO RELLENOS MIEL 48X80G,display,DISPLAY,,48,48,"Golosinas de línea Arcor: CARAMELO RELLENOS MIEL 48X80G, presentación mayorista, x48 unidades por bulto.",Se vende por display. El bulto trae 48 displays. CARAMELO RELLENOS MIEL 48X80G.
15217,CAR. MENTA CRISTAL 48X81G,display,DISPLAY,18,48,48,Caramelo Menta Cristal en formato de 48 unidades de 81 gramos cada una.,Se vende por display. Cada display trae 18 unidades. El bulto trae 48 displays. CAR. MENTA CRISTAL 48X81G.
15219,CAR. GAJITOS STDO. 48x84G,display,DISPLAY,12,48,48,"Gajitos estándar CAR, presentación de 48 unidades de 84 gramos cada una.",Se vende por display. Cada display trae 12 unidades. El bulto trae 48 displays. CAR. GAJITOS STDO. 48x84G.
15221,MOGUL ANILLOS 46X80G,display,DISPLAY,,46,46,"Gomitas en forma de anillos sabor surtido, marca Mogul, 80 gramos.",Se vende por display. El bulto trae 46 displays. MOGUL ANILLOS 46X80G.
15222,MOGUL EUCALIPTUS 46X80G,display,DISPLAY,,46,46,"Gomitas de eucaliptus, marca Mogul, formato 46 bolsas de 80g.",Se vende por display. El bulto trae 46 displays. MOGUL EUCALIPTUS 46X80G.
15223,MOGUL CONITOS 46X80G,display,DISPLAY,,46,46,"Gomitas frutales con forma de conitos, marca Mogul, presentación de 46x80g.",Se vende por display. El bulto trae 46 displays. MOGUL CONITOS 46X80G.
15224,MOGUL JELLY BUTTONS 46X80G,display,DISPLAY,,46,46,"Gomitas de gel sabor frutal, marca Mogul, presentación de 46 bolsas de 80g.",Se vende por display. El bulto trae 46 displays. MOGUL JELLY BUTTONS 46X80G.
15225,MENTHO PLUS LATA MIX BERRIES 8X6X50GR,unidad,UNIDAD,6,8,48,"Golosinas: MENTHO PLUS LATA MIX BERRIES 8X6X50GR, x48 unidades por bulto.",Se vende por unidad. El display trae 6 unidades. El bulto trae 8 displays (48 unidades). MENTHO PLUS LATA MIX BERRIES 8X6X50GR.
15236,SALSA ARRABIATA SALSATI 12X350G,unidad,UNIDAD,,,12,"Alimentos y Almacén: SALSA ARRABIATA SALSATI 12X350G, x12 unidades por bulto.",Se vende por unidad. El bulto trae 12 unidades. No viene en display. SALSA ARRABIATA SALSATI 12X350G.
15237,SALSA POMODORO SALSATI 12X350G,unidad,UNIDAD,,,12,"Alimentos y Almacén: SALSA POMODORO SALSATI 12X350G, x12 unidades por bulto.",Se vende por unidad. El bulto trae 12 unidades. No viene en display. SALSA POMODORO SALSATI 12X350G.
15242,GALLETA BON O BON BAÑADA 36X76GR,unidad,UNIDAD,,,36,"Golosinas: GALLETA BON O BON BAÑADA 36X76GR, x36 unidades por bulto.",Se vende por unidad. El bulto trae 36 unidades. No viene en display. GALLETA BON O BON BAÑADA 36X76GR.
15248,PAN DULCE BAGLEY ARANDANOS Y CHIPS 12X400G,unidad,UNIDAD,,,12,"Galletas y Snacks: PAN DULCE BAGLEY ARANDANOS Y CHIPS 12X400G, x12 unidades por bulto.",Se vende por unidad. El bulto trae 12 unidades. No viene en display. PAN DULCE BAGLEY ARANDANOS Y CHIPS 12X400G.
15249,PAN DULCE BAGLEY FRUTOS SECOS 12X400G,unidad,UNIDAD,,,12,"Galletas y Snacks: PAN DULCE BAGLEY FRUTOS SECOS 12X400G, x12 unidades por bulto.",Se vende por unidad. El bulto trae 12 unidades. No viene en display. PAN DULCE BAGLEY FRUTOS SECOS 12X400G.
15250,HELADO BARRITA AGUILA DULCE DE LECHE 8X6X34G,display,DISPLAY,6,8,8,"Helados: HELADO BARRITA AGUILA DULCE DE LECHE 8X6X34G, x8 unidades por bulto.",Se vende por display. Cada display trae 6 unidades. El bulto trae 8 displays. HELADO BARRITA AGUILA DULCE DE LECHE 8X6X34G.
15251,HELADO BARRITA AGUILA PISTACHO 8X6X34G,display,DISPLAY,6,8,8,"Helados: HELADO BARRITA AGUILA PISTACHO 8X6X34G, x8 unidades por bulto.",Se vende por display. Cada display trae 6 unidades. El bulto trae 8 displays. HELADO BARRITA AGUILA PISTACHO 8X6X34G.
15252,HELADO GELATO COFLER FRUTILLA 6X250G,unidad,UNIDAD,,,6,"Helados: HELADO GELATO COFLER FRUTILLA 6X250G, x6 unidades por bulto.",Se vende por unidad. El bulto trae 6 unidades. No viene en display. HELADO GELATO COFLER FRUTILLA 6X250G.
15253,HELADO PALITO BOMBON CHOCOLATE 24X50G,unidad,BULTO,,,24,"Helados de línea Arcor: HELADO PALITO BOMBON CHOCOLATE 24X50G, presentación mayorista.",Se vende por bulto de 24 unidades. HELADO PALITO BOMBON CHOCOLATE 24X50G.
15255,HELADO POSTRE AGUILA ALMENDRADO 6X675G,unidad,UNIDAD,,,6,"Chocolates: HELADO POSTRE AGUILA ALMENDRADO 6X675G, x6 unidades por bulto.",Se vende por unidad. El bulto trae 6 unidades. No viene en display. HELADO POSTRE AGUILA ALMENDRADO 6X675G.
15258,CUBANITOS LECHE 4X16X29G,display,DISPLAY,16,4,4,"Golosinas de línea Arcor: CUBANITOS LECHE 4X16X29G, presentación mayorista, x4 unidades por bulto.",Se vende por display. Cada display trae 16 unidades. El bulto trae 4 displays. CUBANITOS LECHE 4X16X29G.
15259,CUBANITOS DARK 4X16X29G,display,DISPLAY,16,4,4,"Chocolate oscuro relleno, marca Cofler, formato 4x16 unidades de 29g.",Se vende por display. Cada display trae 16 unidades. El bulto trae 4 displays. CUBANITOS DARK 4X16X29G.
15262,CUBANITOS AVELLANAS 4X16X29G,display,DISPLAY,16,4,4,"Golosinas de línea Arcor: CUBANITOS AVELLANAS 4X16X29G, presentación mayorista, x4 unidades por bulto.",Se vende por display. Cada display trae 16 unidades. El bulto trae 4 displays. CUBANITOS AVELLANAS 4X16X29G.
15263,CUBANITOS COCO 4X16X29G,display,DISPLAY,16,4,4,"Cubanitos de coco con recubrimiento de chocolate, marca Arcor, formato 29g.",Se vende por display. Cada display trae 16 unidades. El bulto trae 4 displays. CUBANITOS COCO 4X16X29G.
15271,MOGUL MINI GUSANT 12X10X50G HW,display,DISPLAY,10,12,12,"Snack MOGUL MINI GUSANT en formato de 50 gramos, presentado en caja de 12 unidades.",Se vende por display. Cada display trae 10 unidades. El bulto trae 12 displays. MOGUL MINI GUSANT 12X10X50G HW.
15273,MOGUL LADRILLOS EXTREME FRUTILLA 24X100G,display,DISPLAY,20,24,24,"Golosinas: MOGUL LADRILLOS EXTREME FRUTILLA 24X100G, x24 unidades por bulto.",Se vende por display. Cada display trae 20 unidades. El bulto trae 24 displays. MOGUL LADRILLOS EXTREME FRUTILLA 24X100G.
15274,ALFAJOR BON O BON TRIPLE BLANCO 21X60GR,unidad,unidad,,,21,"Golosinas: ALFAJOR BON O BON TRIPLE BLANCO 21X60GR, x21 unidades por bulto.",Se vende por unidad. El bulto trae 21 unidades. No viene en display. ALFAJOR BON O BON TRIPLE BLANCO 21X60GR.
15278,TABLETA  ARCOR CHOCOLATE LECHE Y MANI 6X14X96G,unidad,UNIDAD,14,6,84,"Chocolates: TABLETA ARCOR CHOCOLATE LECHE Y MANI 6X14X96G, x84 unidades por bulto.",Se vende por unidad. El display trae 14 unidades. El bulto trae 6 displays (84 unidades). TABLETA ARCOR CHOCOLATE LECHE Y MANI 6X14X96G.
15279,TRAVIATA CON PORTEÑITAS 36X96G,unidad,UNIDAD,,,36,"Galletas y Snacks: TRAVIATA CON PORTEÑITAS 36X96G, x36 unidades por bulto.",Se vende por unidad. El bulto trae 36 unidades. No viene en display. TRAVIATA CON PORTEÑITAS 36X96G.
15281,PAN DULCE COFLER RELLENO CHOCO 10X450G,unidad,UNIDAD,,,10,"Galletas y Snacks: PAN DULCE COFLER RELLENO CHOCO 10X450G, x10 unidades por bulto.",Se vende por unidad. El bulto trae 10 unidades. No viene en display. PAN DULCE COFLER RELLENO CHOCO 10X450G.
15282,PAN DULCE COFLER RELLENO DULCE DE LECHE 10X450G,unidad,UNIDAD,,,10,"Galletas y Snacks: PAN DULCE COFLER RELLENO DULCE DE LECHE 10X450G, x10 unidades por bulto.",Se vende por unidad. El bulto trae 10 unidades. No viene en display. PAN DULCE COFLER RELLENO DULCE DE LECHE 10X450G.
15284,BUDIN COFLER RELLENO DULCE DE LECHE 6X250G,display,DISPLAY,,6,6,"Galletas y Snacks: BUDIN COFLER RELLENO DULCE DE LECHE 6X250G, x6 unidades por bulto.",Se vende por display. El bulto trae 6 displays. BUDIN COFLER RELLENO DULCE DE LECHE 6X250G.
15285,HELADO ALFAJOR BONOBON 16X62G,unidad,BULTO,,,1,"Golosinas de línea Arcor: HELADO ALFAJOR BONOBON 16X62G, presentación mayorista.",Se vende por bulto. HELADO ALFAJOR BONOBON 16X62G.
15286,HELADO ALFAJOR CREAMY 16X62G,unidad,BULTO,,,1,"Golosinas de línea Arcor: HELADO ALFAJOR CREAMY 16X62G, presentación mayorista.",Se vende por bulto. HELADO ALFAJOR CREAMY 16X62G.
15287,HELADO ALFAJOR CHOCOTORTA 16X62G,unidad,BULTO,16,,16,"Golosinas de línea Arcor: HELADO ALFAJOR CHOCOTORTA 16X62G, presentación mayorista.",Se vende por bulto de 16 unidades. HELADO ALFAJOR CHOCOTORTA 16X62G.
15288,HELADO MOGUL EXTREME MINI 8X300G,unidad,UNIDAD,,,8,"Golosinas: HELADO MOGUL EXTREME MINI 8X300G, x8 unidades por bulto.",Se vende por unidad. El bulto trae 8 unidades. No viene en display. HELADO MOGUL EXTREME MINI 8X300G.
15292,"BON O BON  COOKIE & CREAM 16X18X16,5GR",display,DISPLAY,18,16,16,"Golosinas: BON O BON COOKIE & CREAM 16X18X16,5GR, x288 unidades por bulto.","Se vende por display. Cada display trae 18 unidades. El bulto trae 16 displays. BON O BON COOKIE & CREAM 16X18X16,5GR."
15294,TRAVIATA CON PORTEÑITAS 12X3X96G,display,DISPLAY,3,12,12,"Galletas y Snacks: TRAVIATA CON PORTEÑITAS 12X3X96G, x12 unidades por bulto.",Se vende por display. Cada display trae 3 unidades. El bulto trae 12 displays. TRAVIATA CON PORTEÑITAS 12X3X96G.
15295,BUDIN AGUILA RELLENO CHOCOLATE 6X250G,unidad,UNIDAD,,,6,"Galletas y Snacks: BUDIN AGUILA RELLENO CHOCOLATE 6X250G, x6 unidades por bulto.",Se vende por unidad. El bulto trae 6 unidades. No viene en display. BUDIN AGUILA RELLENO CHOCOLATE 6X250G.
15298,JUG.NAR.ARCOR 2 LTS 12X18X13GRS,display,DISPLAY,18,12,12,"Jugo Arcor en formato de 2 litros, presentado en cajas de 12 unidades.",Se vende por display. Cada display trae 18 unidades. El bulto trae 12 displays. JUG.NAR.ARCOR 2 LTS 12X18X13GRS.
15299,JUG.MULT.ARC 2 LTS 12X18X13GRS,display,DISPLAY,18,12,12,"Jugo multifrutas marca Arc en formato de 2 litros, presentación de 12 unidades por caja.",Se vende por display. Cada display trae 18 unidades. El bulto trae 12 displays. JUG.MULT.ARC 2 LTS 12X18X13GRS.
15300,JUG.MANZA.ARC 2 LTS 12X18X13GRS,display,DISPLAY,18,12,12,Jugo de manzana marca Arc en formato de 2 litros.,Se vende por display. Cada display trae 18 unidades. El bulto trae 12 displays. JUG.MANZA.ARC 2 LTS 12X18X13GRS.
15307,TURRON COCO ARCOR 4X28X80G,unidad,UNIDAD,28,4,112,"Golosinas de línea Arcor: TURRON COCO ARCOR 4X28X80G, presentación mayorista, x112 unidades por bulto.",Se vende por unidad. El display trae 28 unidades. El bulto trae 4 displays (112 unidades). TURRON COCO ARCOR 4X28X80G.
15314,SNACK PAPAS FRITAS CREMA Y CEBOLLA 30X72G,unidad,UNIDAD,,,30,"Galletas y Snacks: SNACK PAPAS FRITAS CREMA Y CEBOLLA 30X72G, x30 unidades por bulto.",Se vende por unidad. El bulto trae 30 unidades. No viene en display. SNACK PAPAS FRITAS CREMA Y CEBOLLA 30X72G.
15316,SNACK PAPAS FRITAS ORIGINAL 30X80G,unidad,UNIDAD,,,30,"Galletas y Snacks: SNACK PAPAS FRITAS ORIGINAL 30X80G, x30 unidades por bulto.",Se vende por unidad. El bulto trae 30 unidades. No viene en display. SNACK PAPAS FRITAS ORIGINAL 30X80G.
15317,SNACK PAPAS FRITAS ORIGINAL 18X130G,unidad,UNIDAD,,,18,"Snacks Salados: SNACK PAPAS FRITAS ORIGINAL 18X130G, x18 unidades por bulto.",Se vende por unidad. El bulto trae 18 unidades. No viene en display. SNACK PAPAS FRITAS ORIGINAL 18X130G.
15319,CEREAL MIX PISTACHO 6X20X38G,unidad,UNIDAD,20,6,120,"Golosinas de línea Arcor: CEREAL MIX PISTACHO 6X20X38G, presentación mayorista, x120 unidades por bulto.",Se vende por unidad. El display trae 20 unidades. El bulto trae 6 displays (120 unidades). CEREAL MIX PISTACHO 6X20X38G.
15322,CHUPETIN MR POP FRUTAL ESFERICO  625G,display,DISPLAY,50,12,12,"Golosinas: CHUPETIN MR POP FRUTAL ESFERICO 625G, x12 unidades por bulto.",Se vende por display. Cada display trae 50 unidades. El bulto trae 12 displays. CHUPETIN MR POP FRUTAL ESFERICO 625G.
15324,SALADIX QUESITOS 95G,unidad,UNIDAD,,,20,"Galletas y Snacks: SALADIX QUESITOS 95G, x20 unidades por bulto.",Se vende por unidad. El bulto trae 20 unidades. No viene en display. SALADIX QUESITOS 95G.
15325,SALADIX QUESITOS 50G,display,DISPLAY,,20,20,"Galletas y Snacks: SALADIX QUESITOS 50G, x20 unidades por bulto.",Se vende por display. El bulto trae 20 displays. SALADIX QUESITOS 50G.
15326,SNACK SALADIX QUESITOS 12X150G,unidad,UNIDAD,,,12,"Galletas y Snacks: SNACK SALADIX QUESITOS 12X150G, x12 unidades por bulto.",Se vende por unidad. El bulto trae 12 unidades. No viene en display. SNACK SALADIX QUESITOS 12X150G.
15328,HUEVO COFLER COOKIES 12x162GR,unidad,UNIDAD,,,12,"Chocolates de línea Arcor: HUEVO COFLER COOKIES 12x162GR, presentación mayorista, x12 unidades por bulto.",Se vende por unidad. El bulto trae 12 unidades. No viene en display. HUEVO COFLER COOKIES 12x162GR.
15329,SALADIX PAPAS ORIGINAL 20X50GR,unidad,UNIDAD,,,20,"Galletas y Snacks: SALADIX PAPAS ORIGINAL 20X50GR, x20 unidades por bulto.",Se vende por unidad. El bulto trae 20 unidades. No viene en display. SALADIX PAPAS ORIGINAL 20X50GR.
15331,HUEVO ARCOR MILK NENA 12X180GR,unidad,UNIDAD,,,12,"Golosinas: HUEVO ARCOR MILK NENA 12X180GR, x12 unidades por bulto.",Se vende por unidad. El bulto trae 12 unidades. No viene en display. HUEVO ARCOR MILK NENA 12X180GR.
15332,HUEVO ARCOR MILK NENE 12X180GR,unidad,UNIDAD,,,12,"Golosinas: HUEVO ARCOR MILK NENE 12X180GR, x12 unidades por bulto.",Se vende por unidad. El bulto trae 12 unidades. No viene en display. HUEVO ARCOR MILK NENE 12X180GR.
15333,FIGURA CHOCOLATE OSO BON O BON  6X12X65GR,unidad,UNIDAD,12,6,72,"Golosinas: FIGURA CHOCOLATE OSO BON O BON 6X12X65GR, x72 unidades por bulto.",Se vende por unidad. El display trae 12 unidades. El bulto trae 6 displays (72 unidades). FIGURA CHOCOLATE OSO BON O BON 6X12X65GR.
15334,HUEVITO BON O BON COCO 8X60X8GR,display,DISPLAY,60,8,8,"Golosinas: HUEVITO BON O BON COCO 8X60X8GR, x480 unidades por bulto.",Se vende por display. Cada display trae 60 unidades. El bulto trae 8 displays. HUEVITO BON O BON COCO 8X60X8GR.
15340,RAMEN CUP POLLO PICANTE 12X65GR,unidad,unidad,,,12,"Alimentos y Almacén: RAMEN CUP POLLO PICANTE 12X65GR, x12 unidades por bulto.",Se vende por unidad. El bulto trae 12 unidades. No viene en display. RAMEN CUP POLLO PICANTE 12X65GR.
15342,HUEVO ROCKLETS 12X110GR,unidad,UNIDAD,,,12,"Chocolates de línea Arcor: HUEVO ROCKLETS 12X110GR, presentación mayorista, x12 unidades por bulto.",Se vende por unidad. El bulto trae 12 unidades. No viene en display. HUEVO ROCKLETS 12X110GR.
15365,BON O BON LECHE DOYPACK 10X15GR,display,DISPLAY,10,10,10,"Golosinas: BON O BON LECHE DOYPACK 10X15GR, x100 unidades por bulto.",Se vende por display. Cada display trae 10 unidades. El bulto trae 10 displays. BON O BON LECHE DOYPACK 10X15GR.
15367,"MENTHO PLUS SANDIA 12X12X29,4GR",display,DISPLAY,12,12,12,"Golosinas de línea Arcor: MENTHO PLUS SANDIA 12X12X29,4GR, presentación mayorista, x144 unidades por bulto.","Se vende por display. Cada display trae 12 unidades. El bulto trae 12 displays. MENTHO PLUS SANDIA 12X12X29,4GR."
15368,"MENTHO PLUS MARACUYA 12X12X29,4GR",display,DISPLAY,12,12,12,"Golosinas de línea Arcor: MENTHO PLUS MARACUYA 12X12X29,4GR, presentación mayorista, x144 unidades por bulto.","Se vende por display. Cada display trae 12 unidades. El bulto trae 12 displays. MENTHO PLUS MARACUYA 12X12X29,4GR."
15372,SERRANAS SANDW. 16X3X108G,display,DISPLAY,3,16,16,"Snack Serranitas, formato de 16 unidades de 3 g cada una, total 108 g.",Se vende por display. Cada display trae 3 unidades. El bulto trae 16 displays. SERRANAS SANDW. 16X3X108G.
15382,AGUILA 70% CACO 24X24X14GR,display,DISPLAY,24,24,24,"Chocolates de línea Arcor: AGUILA 70% CACO 24X24X14GR, presentación mayorista, x576 unidades por bulto.",Se vende por display. Cada display trae 24 unidades. El bulto trae 24 displays. AGUILA 70% CACO 24X24X14GR.
15383,AGUILA 60% FRAMB 10X10X70G,unidad,UNIDAD,10,10,100,"Chocolates de línea Arcor: AGUILA 60% FRAMB 10X10X70G, presentación mayorista, x100 unidades por bulto.",Se vende por unidad. El display trae 10 unidades. El bulto trae 10 displays (100 unidades). AGUILA 60% FRAMB 10X10X70G.
15385,AGUILA DOY PACK 70% 16X12X14G,display,DISPLAY,12,16,16,"Chocolates: AGUILA DOY PACK 70% 16X12X14G, x192 unidades por bulto.",Se vende por display. Cada display trae 12 unidades. El bulto trae 16 displays. AGUILA DOY PACK 70% 16X12X14G.
15388,BONOBON DUBAI 16 X 18 X 16.5G,display,DISPLAY,18,16,16,Snack Bonobon Dubai en formato de 16 x 18 x 16.5 gramos.,Se vende por display. Cada display trae 18 unidades. El bulto trae 16 displays. BONOBON DUBAI 16 X 18 X 16.5G.
15391,MOGUL SANDIA EXTREME 46X80GR,unidad,UNIDAD,,,46,"Golosinas de línea Arcor: MOGUL SANDIA EXTREME 46X80GR, presentación mayorista, x46 unidades por bulto.",Se vende por unidad. El bulto trae 46 unidades. No viene en display. MOGUL SANDIA EXTREME 46X80GR.
15392,BON O BON SUPREME 12X8X18GR,display,DISPLAY,8,12,12,"Golosinas: BON O BON SUPREME 12X8X18GR, x96 unidades por bulto.",Se vende por display. Cada display trae 8 unidades. El bulto trae 12 displays. BON O BON SUPREME 12X8X18GR.
15393,BON O BON SUPREME 3X12X36GR,unidad,UNIDAD,12,3,36,"Golosinas: BON O BON SUPREME 3X12X36GR, x36 unidades por bulto.",Se vende por unidad. El display trae 12 unidades. El bulto trae 3 displays (36 unidades). BON O BON SUPREME 3X12X36GR.
15394,MOGUL 360 PELABLE MANGO 8X20X26GR,unidad,UNIDAD,20,8,160,"Golosinas: MOGUL 360 PELABLE MANGO 8X20X26GR, x160 unidades por bulto.",Se vende por unidad. El display trae 20 unidades. El bulto trae 8 displays (160 unidades). MOGUL 360 PELABLE MANGO 8X20X26GR.
15396,MOGUL 360 PELABLE UVA 8X20X26GR,unidad,UNIDAD,20,8,160,"Golosinas: MOGUL 360 PELABLE UVA 8X20X26GR, x160 unidades por bulto.",Se vende por unidad. El display trae 20 unidades. El bulto trae 8 displays (160 unidades). MOGUL 360 PELABLE UVA 8X20X26GR.
15398,MOGUL 360 CUBO MISTERIO FRUTILLA 8X20X26GR,unidad,UNIDAD,20,8,160,"Golosinas: MOGUL 360 CUBO MISTERIO FRUTILLA 8X20X26GR, x160 unidades por bulto.",Se vende por unidad. El display trae 20 unidades. El bulto trae 8 displays (160 unidades). MOGUL 360 CUBO MISTERIO FRUTILLA 8X20X26GR.
15400,MOGUL 360 OSITO SURTIDO 4D 8X20X26GR,unidad,UNIDAD,20,8,160,"Golosinas: MOGUL 360 OSITO SURTIDO 4D 8X20X26GR, x160 unidades por bulto.",Se vende por unidad. El display trae 20 unidades. El bulto trae 8 displays (160 unidades). MOGUL 360 OSITO SURTIDO 4D 8X20X26GR.
15404,TOPLINE SEVEN  TITTI FRUTTI 20X16X14G,display,DISPLAY,16,20,20,"Golosinas: TOPLINE SEVEN TITTI FRUTTI 20X16X14G, x20 unidades por bulto.",Se vende por display. Cada display trae 16 unidades. El bulto trae 20 displays. TOPLINE SEVEN TITTI FRUTTI 20X16X14G.
15405,TOPLINE SEVEN STRONG 20X16X14G,display,DISPLAY,16,20,20,"Golosinas de línea Arcor: TOPLINE SEVEN STRONG 20X16X14G, presentación mayorista, x20 unidades por bulto.",Se vende por display. Cada display trae 16 unidades. El bulto trae 20 displays. TOPLINE SEVEN STRONG 20X16X14G.
15406,TOPLINE SEVEN X-PLOSIVE MENTA 20X16X14GR,display,DISPLAY,16,20,20,"Golosinas: TOPLINE SEVEN X-PLOSIVE MENTA 20X16X14GR, x320 unidades por bulto.",Se vende por display. Cada display trae 16 unidades. El bulto trae 20 displays. TOPLINE SEVEN X-PLOSIVE MENTA 20X16X14GR.
15407,TABLETA COFLER EXTRA COOKIE&CREAM 4X16X46GR,unidad,UNIDAD,16,4,64,"Chocolates: TABLETA COFLER EXTRA COOKIE&CREAM 4X16X46GR, x64 unidades por bulto.",Se vende por unidad. El display trae 16 unidades. El bulto trae 4 displays (64 unidades). TABLETA COFLER EXTRA COOKIE&CREAM 4X16X46GR.
15408,TABLETA COFLER EXTRA COOKIE&CREAM 4X10X165GR,unidad,UNIDAD,10,4,40,"Chocolates: TABLETA COFLER EXTRA COOKIE&CREAM 4X10X165GR, x40 unidades por bulto.",Se vende por unidad. El display trae 10 unidades. El bulto trae 4 displays (40 unidades). TABLETA COFLER EXTRA COOKIE&CREAM 4X10X165GR.
15409,TABLETA  COFLER  EXTRA DOBLE MOUSSE 4X16X46GR,unidad,UNIDAD,16,4,64,"Chocolates: TABLETA COFLER EXTRA DOBLE MOUSSE 4X16X46GR, x64 unidades por bulto.",Se vende por unidad. El display trae 16 unidades. El bulto trae 4 displays (64 unidades). TABLETA COFLER EXTRA DOBLE MOUSSE 4X16X46GR.
15410,TABLETA COFLER EXTRA  DOBLE MOUSSE 4X10X165GR,unidad,UNIDAD,10,4,40,"Chocolates: TABLETA COFLER EXTRA DOBLE MOUSSE 4X10X165GR, x40 unidades por bulto.",Se vende por unidad. El display trae 10 unidades. El bulto trae 4 displays (40 unidades). TABLETA COFLER EXTRA DOBLE MOUSSE 4X10X165GR.
15411,TABLETA COFLER  EXTRA CHOCOTORTA 4X16X46GR,unidad,UNIDAD,16,4,64,"Chocolates: TABLETA COFLER EXTRA CHOCOTORTA 4X16X46GR, x64 unidades por bulto.",Se vende por unidad. El display trae 16 unidades. El bulto trae 4 displays (64 unidades). TABLETA COFLER EXTRA CHOCOTORTA 4X16X46GR.
15412,TABLETA COFLER EXTRA  CHOCOTORTA 4X10X165GR,unidad,UNIDAD,10,4,40,"Chocolates: TABLETA COFLER EXTRA CHOCOTORTA 4X10X165GR, x40 unidades por bulto.",Se vende por unidad. El display trae 10 unidades. El bulto trae 4 displays (40 unidades). TABLETA COFLER EXTRA CHOCOTORTA 4X10X165GR.
15413,COFLER  BLOCK GOLD 8X20X35GR,unidad,UNIDAD,20,8,160,"Chocolates de línea Arcor: COFLER BLOCK GOLD 8X20X35GR, presentación mayorista, x160 unidades por bulto.",Se vende por unidad. El display trae 20 unidades. El bulto trae 8 displays (160 unidades). COFLER BLOCK GOLD 8X20X35GR.
15417,ROCKLETS MUNDIAL 12X24X20G,unidad,UNIDAD,24,12,288,"Chocolates de línea Arcor: ROCKLETS MUNDIAL 12X24X20G, presentación mayorista, x288 unidades por bulto.",Se vende por unidad. El display trae 24 unidades. El bulto trae 12 displays (288 unidades). ROCKLETS MUNDIAL 12X24X20G.
15424,BEBIDA BC  NARANJA  24X200ML,display,DISPLAY,,24,24,"Bebidas de línea Arcor: BEBIDA BC NARANJA 24X200ML, presentación mayorista, x24 unidades por bulto.",Se vende por display. El bulto trae 24 displays. BEBIDA BC NARANJA 24X200ML.
15426,BEBIDA BC MULTIFRUTA 24x200ML,unidad,unidad,,,24,"Bebidas de línea Arcor: BEBIDA BC MULTIFRUTA 24x200ML, presentación mayorista, x24 unidades por bulto.",Se vende por unidad. El bulto trae 24 unidades. No viene en display. BEBIDA BC MULTIFRUTA 24x200ML.
15431,MTR POPS EVOL MUNDIAL 12X24X18G,display,DISPLAY,24,12,12,"Golosinas: MTR POPS EVOL MUNDIAL 12X24X18G, x288 unidades por bulto.",Se vende por display. Cada display trae 24 unidades. El bulto trae 12 displays. MTR POPS EVOL MUNDIAL 12X24X18G.
15432,MTR POPS FRUTAL MUNDIAL 12X50UN,display,DISPLAY,50,12,12,"Golosinas: MTR POPS FRUTAL MUNDIAL 12X50UN, x600 unidades por bulto.",Se vende por display. Cada display trae 50 unidades. El bulto trae 12 displays. MTR POPS FRUTAL MUNDIAL 12X50UN.
15437,"TOPLINE ANANA EXTREME 24X20X6,7GR",display,DISPLAY,20,24,24,"Golosinas de línea Arcor: TOPLINE ANANA EXTREME 24X20X6,7GR, presentación mayorista, x480 unidades por bulto.","Se vende por display. Cada display trae 20 unidades. El bulto trae 24 displays. TOPLINE ANANA EXTREME 24X20X6,7GR."
15438,"TOPLINE SANDÍA EXTREME 24X20X6,7GR",display,DISPLAY,20,24,24,"Golosinas de línea Arcor: TOPLINE SANDÍA EXTREME 24X20X6,7GR, presentación mayorista, x480 unidades por bulto.","Se vende por display. Cada display trae 20 unidades. El bulto trae 24 displays. TOPLINE SANDÍA EXTREME 24X20X6,7GR."
15439,"TOPLINE TUTTI FRUTTI EXTREME 24X20X6,7GR",display,DISPLAY,20,24,24,"Golosinas: TOPLINE TUTTI FRUTTI EXTREME 24X20X6,7GR, x480 unidades por bulto.","Se vende por display. Cada display trae 20 unidades. El bulto trae 24 displays. TOPLINE TUTTI FRUTTI EXTREME 24X20X6,7GR."
15444,GALLETAS CHOCOLINAS RELLENAS 27X77GR,display,DISPLAY,,27,27,"Galletas y Snacks: GALLETAS CHOCOLINAS RELLENAS 27X77GR, x27 unidades por bulto.",Se vende por display. El bulto trae 27 displays. GALLETAS CHOCOLINAS RELLENAS 27X77GR.
15453,MOGUL PALOTES MUNDIAL 12X8X48G,display,DISPLAY,8,12,12,"Golosinas de línea Arcor: MOGUL PALOTES MUNDIAL 12X8X48G, presentación mayorista, x96 unidades por bulto.",Se vende por display. Cada display trae 8 unidades. El bulto trae 12 displays. MOGUL PALOTES MUNDIAL 12X8X48G.
15455,Mogul Duo Mundial 12x12x30g,display,DISPLAY,8,12,12,"Golosinas de línea Arcor: Mogul Duo Mundial 12x12x30g, presentación mayorista, x144 unidades por bulto.",Se vende por display. Cada display trae 8 unidades. El bulto trae 12 displays. Mogul Duo Mundial 12x12x30g.
15456,MOGUL CEREBRITOS PINTALENGUAS 12X12X30GR,display,DISPLAY,12,12,12,"Golosinas de línea Arcor: MOGUL CEREBRITOS PINTALENGUAS 12X12X30GR, presentación mayorista, x144 unidades por bulto.",Se vende por display. Cada display trae 12 unidades. El bulto trae 12 displays. MOGUL CEREBRITOS PINTALENGUAS 12X12X30GR.
15461,MOGUL LENGUA  SANDIA EXTREME 30X60GR,unidad,UNIDAD,,,30,"Golosinas: MOGUL LENGUA SANDIA EXTREME 30X60GR, x240 unidades por bulto.",Se vende por unidad. El bulto trae 30 unidades. No viene en display. MOGUL LENGUA SANDIA EXTREME 30X60GR.
15467,COFLER LECHE 2X18X140G,unidad,UNIDAD,18,2,36,"Chocolates de línea Arcor: COFLER LECHE 2X18X140G, presentación mayorista, x36 unidades por bulto.",Se vende por unidad. El display trae 18 unidades. El bulto trae 2 displays (36 unidades). COFLER LECHE 2X18X140G.
15468,COFLER CHOCOLINAS 2X18X140GR,unidad,UNIDAD,18,2,36,"Galletas y Snacks: COFLER CHOCOLINAS 2X18X140GR, x36 unidades por bulto.",Se vende por unidad. El display trae 18 unidades. El bulto trae 2 displays (36 unidades). COFLER CHOCOLINAS 2X18X140GR.
15470,COFLER ROCKLETS 2X18x140GR,unidad,UNIDAD,18,2,36,"Chocolates de línea Arcor: COFLER ROCKLETS 2X18x140GR, presentación mayorista, x36 unidades por bulto.",Se vende por unidad. El display trae 18 unidades. El bulto trae 2 displays (36 unidades). COFLER ROCKLETS 2X18x140GR.
15478,COFLER ESTILO DUBAI 8X20X43GR,unidad,UNIDAD,20,8,160,"Chocolates de línea Arcor: COFLER ESTILO DUBAI 8X20X43GR, presentación mayorista, x160 unidades por bulto.",Se vende por unidad. El display trae 20 unidades. El bulto trae 8 displays (160 unidades). COFLER ESTILO DUBAI 8X20X43GR.
15481,LATA 75 AÑOS ARCOR - SURTIDO,display,DISPLAY,3,6,6,"Lata surtido Arcor de 75 años, contiene variedad de golosinas y chocolates.",Se vende por display. Cada display trae 3 unidades. El bulto trae 6 displays. LATA 75 AÑOS ARCOR - SURTIDO.
15483,CAR. B. TOFFEES PISTACHO 8 X 648G,display,DISPLAY,108,8,8,"Toffees de pistacho CAR, presentación de 648 gramos en envase de 8 unidades.",Se vende por display. Cada display trae 108 unidades. El bulto trae 8 displays. CAR. B. TOFFEES PISTACHO 8 X 648G.
15485,HOGAREÑAS SALVADO 12X3X185G,display,DISPLAY,3,12,12,"Snack HOGAREÑAS SALVADO en formato de 185g, presentado en caja de 12 unidades.",Se vende por display. Cada display trae 3 unidades. El bulto trae 12 displays. HOGAREÑAS SALVADO 12X3X185G.
15489,ALFAJOR GOAT NEGRO 21X75GR,unidad,unidad,,,21,"Golosinas de línea Arcor: ALFAJOR GOAT NEGRO 21X75GR, presentación mayorista, x21 unidades por bulto.",Se vende por unidad. El bulto trae 21 unidades. No viene en display. ALFAJOR GOAT NEGRO 21X75GR.
15500,PRESTOPRONTA VEGETALES 42X250GR,unidad,unidad,,,42,"Golosinas de línea Arcor: PRESTOPRONTA VEGETALES 42X250GR, presentación mayorista, x42 unidades por bulto.",Se vende por unidad. El bulto trae 42 unidades. No viene en display. PRESTOPRONTA VEGETALES 42X250GR.
15502,PRESTOPRONTA 4 QUESOS 42X250GR,unidad,unidad,,,42,"Golosinas de línea Arcor: PRESTOPRONTA 4 QUESOS 42X250GR, presentación mayorista, x42 unidades por bulto.",Se vende por unidad. El bulto trae 42 unidades. No viene en display. PRESTOPRONTA 4 QUESOS 42X250GR.
15503,MOGUL GUSANITOS EXTREME 6X500GR,unidad,UNIDAD,,,6,"Golosinas de línea Arcor: MOGUL GUSANITOS EXTREME 6X500GR, presentación mayorista, x6 unidades por bulto.",Se vende por unidad. El bulto trae 6 unidades. No viene en display. MOGUL GUSANITOS EXTREME 6X500GR.
15504,MOGUL GUSANITOS EXTREME 46X80GR,unidad,UNIDAD,,,46,"Golosinas de línea Arcor: MOGUL GUSANITOS EXTREME 46X80GR, presentación mayorista, x46 unidades por bulto.",Se vende por unidad. El bulto trae 46 unidades. No viene en display. MOGUL GUSANITOS EXTREME 46X80GR.
15508,MOGUL TUBITOS MIX FRUTAL 30X70GR,unidad,UNIDAD,,,30,"Golosinas: MOGUL TUBITOS MIX FRUTAL 30X70GR, x30 unidades por bulto.",Se vende por unidad. El bulto trae 30 unidades. No viene en display. MOGUL TUBITOS MIX FRUTAL 30X70GR.
15509,MOGUL MINI TWIST MOGUL UVA 6X500GR,unidad,UNIDAD,,,6,"Golosinas: MOGUL MINI TWIST MOGUL UVA 6X500GR, x6 unidades por bulto.",Se vende por unidad. El bulto trae 6 unidades. No viene en display. MOGUL MINI TWIST MOGUL UVA 6X500GR.
1551,CARAM FRUTA MISKY 6 X 810G,display,DISPLAY,135,6,6,Caramelos Fruta Misky en formato de 6 paquetes de 810 gramos cada uno.,Se vende por display. Cada display trae 135 unidades. El bulto trae 6 displays. CARAM FRUTA MISKY 6 X 810G.
15511,MOGUL TWIST ARCOIRIS 12X16X15GR,display,DISPLAY,16,12,12,"Golosinas de línea Arcor: MOGUL TWIST ARCOIRIS 12X16X15GR, presentación mayorista, x192 unidades por bulto.",Se vende por display. Cada display trae 16 unidades. El bulto trae 12 displays. MOGUL TWIST ARCOIRIS 12X16X15GR.
15512,MOGUL LADRILLO  ARCOIRIS 24X100GR,display,DISPLAY,,24,24,"Golosinas de línea Arcor: MOGUL LADRILLO ARCOIRIS 24X100GR, presentación mayorista, x24 unidades por bulto.",Se vende por display. El bulto trae 24 displays. MOGUL LADRILLO ARCOIRIS 24X100GR.
15516,MOGUL J BEANS MUNDIAL 12X10X50G,display,DISPLAY,10,12,12,"Golosinas: MOGUL J BEANS MUNDIAL 12X10X50G, x120 unidades por bulto.",Se vende por display. Cada display trae 10 unidades. El bulto trae 12 displays. MOGUL J BEANS MUNDIAL 12X10X50G.
15517,POTE MOGUL TUBITOS MIX FRUTAL 6X620GR,display,DISPLAY,,6,6,"Golosinas: POTE MOGUL TUBITOS MIX FRUTAL 6X620GR, x6 unidades por bulto.",Se vende por display. El bulto trae 6 displays. POTE MOGUL TUBITOS MIX FRUTAL 6X620GR.
15518,TOPLINE SEVEN MANDARINA 20X16X14GR,display,DISPLAY,16,20,20,"Golosinas de línea Arcor: TOPLINE SEVEN MANDARINA 20X16X14GR, presentación mayorista, x320 unidades por bulto.",Se vende por display. Cada display trae 16 unidades. El bulto trae 20 displays. TOPLINE SEVEN MANDARINA 20X16X14GR.
15519,TOPLINE SEVEN STRAWBERRY 20X16X14GR,display,DISPLAY,16,20,20,"Golosinas de línea Arcor: TOPLINE SEVEN STRAWBERRY 20X16X14GR, presentación mayorista, x320 unidades por bulto.",Se vende por display. Cada display trae 16 unidades. El bulto trae 20 displays. TOPLINE SEVEN STRAWBERRY 20X16X14GR.
15520,TOPLINE SEVEN VIOLET CHERRY 20X16X14GR,display,DISPLAY,16,20,20,"Golosinas: TOPLINE SEVEN VIOLET CHERRY 20X16X14GR, x320 unidades por bulto.",Se vende por display. Cada display trae 16 unidades. El bulto trae 20 displays. TOPLINE SEVEN VIOLET CHERRY 20X16X14GR.
15521,TOPLINE SEVEN SANDIAMANIA 20X16X14GR,display,DISPLAY,16,20,20,"Golosinas de línea Arcor: TOPLINE SEVEN SANDIAMANIA 20X16X14GR, presentación mayorista, x320 unidades por bulto.",Se vende por display. Cada display trae 16 unidades. El bulto trae 20 displays. TOPLINE SEVEN SANDIAMANIA 20X16X14GR.
15522,TOP LINE SEVEN MENTHOL 20X16X14GR,display,DISPLAY,16,20,20,"Golosinas: TOP LINE SEVEN MENTHOL 20X16X14GR, x320 unidades por bulto.",Se vende por display. Cada display trae 16 unidades. El bulto trae 20 displays. TOP LINE SEVEN MENTHOL 20X16X14GR.
15524,CELOFAN MUNDIAL12X30X25GR,display,DISPLAY,30,12,12,"Golosinas de línea Arcor: CELOFAN MUNDIAL12X30X25GR, presentación mayorista, x360 unidades por bulto.",Se vende por display. Cada display trae 30 unidades. El bulto trae 12 displays. CELOFAN MUNDIAL12X30X25GR.
15526,CHICLE POOSH FRUTILLA. 18X200G,display,DISPLAY,40,18,18,Chicle Poosh Frutilla en formato de 18 paquetes de 200 gramos cada uno.,Se vende por display. Cada display trae 40 unidades. El bulto trae 18 displays. CHICLE POOSH FRUTILLA. 18X200G.
15530,COFLER DULCE DE LECHE RELLENO 6X20X46GR,unidad,UNIDAD,20,6,120,"Chocolates: COFLER DULCE DE LECHE RELLENO 6X20X46GR, x120 unidades por bulto.",Se vende por unidad. El display trae 20 unidades. El bulto trae 6 displays (120 unidades). COFLER DULCE DE LECHE RELLENO 6X20X46GR.
15531,JUG.LIM.ARC 2 LTS 12X18X13GRS,display,DISPLAY,18,12,12,"Jugo de limón Arc en formato de 2 litros, presentado en caja de 12 unidades.",Se vende por display. Cada display trae 18 unidades. El bulto trae 12 displays. JUG.LIM.ARC 2 LTS 12X18X13GRS.
15539,MOGUL EXTREME FRUTILLAS 12X10X50GR,display,DISPLAY,10,12,12,"Golosinas de línea Arcor: MOGUL EXTREME FRUTILLAS 12X10X50GR, presentación mayorista, x120 unidades por bulto.",Se vende por display. Cada display trae 10 unidades. El bulto trae 12 displays. MOGUL EXTREME FRUTILLAS 12X10X50GR.
15544,ROLLO MOGUL BARRIES 12X12X35G,display,DISPLAY,12,12,12,"Rollo Mogul Barries 12x12x35g, snack en formato de rollo con sabor a frutas.",Se vende por display. Cada display trae 12 unidades. El bulto trae 12 displays. ROLLO MOGUL BARRIES 12X12X35G.
15549,BARRITA AGUILA PISTACHO 24X40G,unidad,BULTO,,,24,"Barrita de pistacho Águila, presentación de 24 unidades de 40 gramos cada una.",Se vende por bulto de 24 unidades. BARRITA AGUILA PISTACHO 24X40G.
15590,MINI TUB HECHIZADOS 24X100G HW,display,DISPLAY,,24,24,"Snack MINI TUB HECHIZADOS de 100g, presentado en envase de 24 unidades.",Se vende por display. El bulto trae 24 displays. MINI TUB HECHIZADOS 24X100G HW.
15591,TUB MOGUL HECHIZ 12X16X15G HW,display,DISPLAY,,12,12,Snack TUB MOGUL HECHIZ en formato de 12 unidades de 16 gramos cada una.,Se vende por display. El bulto trae 12 displays. TUB MOGUL HECHIZ 12X16X15G HW.
15592,LATA BOB DUBAI 12X10X16.5G,display,DISPLAY,10,12,12,"Lata Bob Dubai 12x10x16.5g, contiene 12 unidades de 10 gramos cada una.",Se vende por display. Cada display trae 10 unidades. El bulto trae 12 displays. LATA BOB DUBAI 12X10X16.5G.
15617,MOGUL ARAÑITA 12X12X30G HW,display,DISPLAY,,12,12,"Snack MOGUL ARAÑITA en formato de 30g, presentado en caja de 12 unidades.",Se vende por display. El bulto trae 12 displays. MOGUL ARAÑITA 12X12X30G HW.
15618,MOGUL CEREBRITOS 12X12XX30G,display,DISPLAY,12,12,12,"Snack MOGUL CEREBRITOS en formato de 30g, presentado en caja de 12 unidades.",Se vende por display. Cada display trae 12 unidades. El bulto trae 12 displays. MOGUL CEREBRITOS 12X12XX30G.
15639,CHOCOLINAS RELLE  X 231G PROMO TAZ,display,DISPLAY,,6,6,"Galletas CHOCOLINAS RELLE en formato de 231g, presentadas en promoción con taza.",Se vende por display. El bulto trae 6 displays. CHOCOLINAS RELLE X 231G PROMO TAZ.
15671,ROCKETS MINI MOMIA 12X44X10G,display,DISPLAY,44,12,12,Snack Rockets Mini Monia 12x44x10g en presentación de 12 paquetes de 44 gramos.,Se vende por display. Cada display trae 44 unidades. El bulto trae 12 displays. ROCKETS MINI MOMIA 12X44X10G.
15674,MOGUL EXT OSO ACRILICO 6X60 G,display,DISPLAY,,6,6,Oso acrílico MOGUL en formato de 6 unidades de 60 gramos cada una.,Se vende por display. El bulto trae 6 displays. MOGUL EXT OSO ACRILICO 6X60 G.
15700,M &CHEESE ORIG ARCOR 12 X 197G,display,DISPLAY,,12,12,"Snack M &CHEESE ORIG de Arcor en formato de 197g, presentado en caja de 12 unidades.",Se vende por display. El bulto trae 12 displays. M &CHEESE ORIG ARCOR 12 X 197G.
15701,M &CHEESE BACO ARCOR 12 X 197G,display,DISPLAY,,12,12,"Snack M &CHEESE BACO ARCOR en formato de 197g, presentado en caja de 12 unidades.",Se vende por display. El bulto trae 12 displays. M &CHEESE BACO ARCOR 12 X 197G.
1571,BOCA DANCING SURTIDO 8X50X8.5G,display,DISPLAY,50,8,8,Snack Boca Dancing surtido en formato de 8 paquetes de 50 gramos cada uno.,Se vende por display. Cada display trae 50 unidades. El bulto trae 8 displays. BOCA DANCING SURTIDO 8X50X8.5G.
1608,ACEITE MAIZ ARCOR 12x900ML,unidad,UNIDAD,,,12,"Alimentos y Almacén: ACEITE MAIZ ARCOR 12x900ML, x12 unidades por bulto.",Se vende por unidad. El bulto trae 12 unidades. No viene en display. ACEITE MAIZ ARCOR 12x900ML.
1693,MOGUL CEREBRITOS 12X12X30G,display,DISPLAY,12,12,12,"Golosinas de línea Arcor: MOGUL CEREBRITOS 12X12X30G, presentación mayorista, x12 unidades por bulto.",Se vende por display. Cada display trae 12 unidades. El bulto trae 12 displays. MOGUL CEREBRITOS 12X12X30G.
1706,COPOS DE MAIZ * 160 GRS,display,DISPLAY,,18,18,"Copos de maíz marca no especificada, presentados en un formato de 160 gramos.",Se vende por display. El bulto trae 18 displays. COPOS DE MAIZ * 160 GRS.
1732,KESITAS ESTUCHE 16x125G,unidad,UNIDAD,,,16,"Galletas y Snacks: KESITAS ESTUCHE 16x125G, x16 unidades por bulto.",Se vende por unidad. El bulto trae 16 unidades. No viene en display. KESITAS ESTUCHE 16x125G.
1781,CARAM.MAST.SURT.MISKY 10X800 G,display,DISPLAY,242,10,10,"Caramelos Masticables surtidos Misky en formato de 800 g, presentación de 10 unidades.",Se vende por display. Cada display trae 242 unidades. El bulto trae 10 displays. CARAM.MAST.SURT.MISKY 10X800 G.
1782,CARAMELO MASTICABLE FRUTA 10X800G,display,DISPLAY,242,10,10,"Golosinas de línea Arcor: CARAMELO MASTICABLE FRUTA 10X800G, presentación mayorista, x10 unidades por bulto.",Se vende por display. Cada display trae 242 unidades. El bulto trae 10 displays. CARAMELO MASTICABLE FRUTA 10X800G.
1831,PULPA SALSATI 12X520G,unidad,UNIDAD,,,12,"Alimentos y Almacén: PULPA SALSATI 12X520G, x12 unidades por bulto.",Se vende por unidad. El bulto trae 12 unidades. No viene en display. PULPA SALSATI 12X520G.
1832,PURE TOMATE SALSATI 12X520G,display,DISPLAY,,12,12,"Alimentos y Almacén: PURE TOMATE SALSATI 12X520G, x12 unidades por bulto.",Se vende por display. El bulto trae 12 displays. PURE TOMATE SALSATI 12X520G.
1887,HVTO.DOY PACK 21X192,display,DISPLAY,,21,21,Snack HVTO.DOY en pack de 21 unidades de 192 gramos cada una.,Se vende por display. El bulto trae 21 displays. HVTO.DOY PACK 21X192.
1999,MOGUL OSITOS 12X12X30G,display,DISPLAY,12,12,12,"Golosinas de línea Arcor: MOGUL OSITOS 12X12X30G, presentación mayorista, x12 unidades por bulto.",Se vende por display. Cada display trae 12 unidades. El bulto trae 12 displays. MOGUL OSITOS 12X12X30G.
2001,MOGUL TIBURON 12X12X30G,display,DISPLAY,12,12,12,"Golosinas de línea Arcor: MOGUL TIBURON 12X12X30G, presentación mayorista, x12 unidades por bulto.",Se vende por display. Cada display trae 12 unidades. El bulto trae 12 displays. MOGUL TIBURON 12X12X30G.
2141,CARAMELO RODAJAS ARCOR 6X1KG,display,DISPLAY,197,6,6,"Golosinas de línea Arcor: CARAMELO RODAJAS ARCOR 6X1KG, presentación mayorista, x6 unidades por bulto.",Se vende por display. Cada display trae 197 unidades. El bulto trae 6 displays. CARAMELO RODAJAS ARCOR 6X1KG.
2170,MENTHO PLUS ACIDOS BLACK CHERRY 12X12X27.2G,display,DISPLAY,12,12,12,"Golosinas: MENTHO PLUS ACIDOS BLACK CHERRY 12X12X27.2G, x12 unidades por bulto.",Se vende por display. Cada display trae 12 unidades. El bulto trae 12 displays. MENTHO PLUS ACIDOS BLACK CHERRY 12X12X27.2G.
2190,BOCADITOS CABSHA 48X18X10 GRS.,display,DISPLAY,18,48,48,Bocaditos Cabsha en formato de 48 unidades de 18x10 gramos cada uno.,Se vende por display. Cada display trae 18 unidades. El bulto trae 48 displays. BOCADITOS CABSHA 48X18X10 GRS.
2201,CABSHA BOCADITO LECHE 24X48X10G,display,DISPLAY,48,24,24,"Chocolates de línea Arcor: CABSHA BOCADITO LECHE 24X48X10G, presentación mayorista, x24 unidades por bulto.",Se vende por display. Cada display trae 48 unidades. El bulto trae 24 displays. CABSHA BOCADITO LECHE 24X48X10G.
2232,CARAMELO FIZZ EXTREME 12X48U,display,DISPLAY,48,12,12,"Golosinas de línea Arcor: CARAMELO FIZZ EXTREME 12X48U, presentación mayorista, x12 unidades por bulto.",Se vende por display. Cada display trae 48 unidades. El bulto trae 12 displays. CARAMELO FIZZ EXTREME 12X48U.
2301,MOGUL VIBORITAS 12X12X30G,display,DISPLAY,12,12,12,"Golosinas de línea Arcor: MOGUL VIBORITAS 12X12X30G, presentación mayorista, x12 unidades por bulto.",Se vende por display. Cada display trae 12 unidades. El bulto trae 12 displays. MOGUL VIBORITAS 12X12X30G.
2426,MENTHO PLUS ACIDOS NARANJA 12X12X27.2G,display,DISPLAY,12,12,12,"Golosinas: MENTHO PLUS ACIDOS NARANJA 12X12X27.2G, x12 unidades por bulto.",Se vende por display. Cada display trae 12 unidades. El bulto trae 12 displays. MENTHO PLUS ACIDOS NARANJA 12X12X27.2G.
2528,MR POPS CHUPETIN FRUTAL 12X50U,display,DISPLAY,50,12,12,"Golosinas: MR POPS CHUPETIN FRUTAL 12X50U, x12 unidades por bulto.",Se vende por display. Cada display trae 50 unidades. El bulto trae 12 displays. MR POPS CHUPETIN FRUTAL 12X50U.
2529,MISTER POPS FRUTAL  24X10 UN,display,DISPLAY,10,24,24,Snack MISTER POPS FRUTAL en formato 24x10 unidades.,Se vende por display. Cada display trae 10 unidades. El bulto trae 24 displays. MISTER POPS FRUTAL 24X10 UN.
2583,CEREAL MIX RELL.FRUT 24X6X32G,display,DISPLAY,6,24,24,"Cereal, marca Rell.Frut, formato 24x6x32g.",Se vende por display. Cada display trae 6 unidades. El bulto trae 24 displays. CEREAL MIX RELL.FRUT 24X6X32G.
2596,MOGUL DIENTES 24X150 GRS,display,DISPLAY,,24,24,"Snack MOGUL DIENTES en formato de 150 gramos, presentado en caja de 24 unidades.",Se vende por display. El bulto trae 24 displays. MOGUL DIENTES 24X150 GRS.
2624,MOGUL MORAS 6X500G,display,DISPLAY,91,6,6,"Golosinas de línea Arcor: MOGUL MORAS 6X500G, presentación mayorista, x6 unidades por bulto.",Se vende por display. Cada display trae 91 unidades. El bulto trae 6 displays. MOGUL MORAS 6X500G.
2631,MOGUL DIENTES 6X500G,display,DISPLAY,91,6,6,"Golosinas de línea Arcor: MOGUL DIENTES 6X500G, presentación mayorista, x6 unidades por bulto.",Se vende por display. Cada display trae 91 unidades. El bulto trae 6 displays. MOGUL DIENTES 6X500G.
2965,CARAMELO RODAJAS  CRAZY 12X465G,display,DISPLAY,98,12,12,"Golosinas de línea Arcor: CARAMELO RODAJAS CRAZY 12X465G, presentación mayorista, x12 unidades por bulto.",Se vende por display. Cada display trae 98 unidades. El bulto trae 12 displays. CARAMELO RODAJAS CRAZY 12X465G.
3081,MOGUL JELLY BUTTONS 6X1KG,display,DISPLAY,,6,6,"Golosinas de línea Arcor: MOGUL JELLY BUTTONS 6X1KG, presentación mayorista, x6 unidades por bulto.",Se vende por display. El bulto trae 6 displays. MOGUL JELLY BUTTONS 6X1KG.
3092,MOGUL EUCALIPTUS 6X1KG,display,DISPLAY,,6,6,"Golosinas de línea Arcor: MOGUL EUCALIPTUS 6X1KG, presentación mayorista, x6 unidades por bulto.",Se vende por display. El bulto trae 6 displays. MOGUL EUCALIPTUS 6X1KG.
3096,MOGUL ANILLOS BOLSA 6X1KG,display,DISPLAY,,6,6,"Golosinas de línea Arcor: MOGUL ANILLOS BOLSA 6X1KG, presentación mayorista, x6 unidades por bulto.",Se vende por display. El bulto trae 6 displays. MOGUL ANILLOS BOLSA 6X1KG.
3101,AGUILA TAZA FAMILIAR 6X15X100G,unidad,UNIDAD,15,6,90,"Chocolates de línea Arcor: AGUILA TAZA FAMILIAR 6X15X100G, presentación mayorista, x90 unidades por bulto.",Se vende por unidad. El display trae 15 unidades. El bulto trae 6 displays (90 unidades). AGUILA TAZA FAMILIAR 6X15X100G.
3107,AGUILA TABLETA BLANCO 6X15X100G,unidad,UNIDAD,15,6,90,"Chocolates de línea Arcor: AGUILA TABLETA BLANCO 6X15X100G, presentación mayorista, x90 unidades por bulto.",Se vende por unidad. El display trae 15 unidades. El bulto trae 6 displays (90 unidades). AGUILA TABLETA BLANCO 6X15X100G.
3113,MOGUL CONITOS BOLSA 6X1KG,display,DISPLAY,,6,6,"Golosinas de línea Arcor: MOGUL CONITOS BOLSA 6X1KG, presentación mayorista, x6 unidades por bulto.",Se vende por display. El bulto trae 6 displays. MOGUL CONITOS BOLSA 6X1KG.
3145,MOGUL MORITAS 16X300 GRS,display,DISPLAY,50,16,16,Snack MOGUL MORITAS en formato de 16 paquetes de 300 gramos cada uno.,Se vende por display. Cada display trae 50 unidades. El bulto trae 16 displays. MOGUL MORITAS 16X300 GRS.
3216,HELADO COFLER DULCE 22U.X63G,unidad,BULTO,22,22,484,"Helado Cofler Dulce, presentación de 22 unidades de 63 gramos cada una.",Se vende por bulto de 484 unidades. HELADO COFLER DULCE 22U.X63G.
3269,TOPLINE SEVEN MANDARINA 36X16X14G,display,DISPLAY,16,36,36,"Golosinas de línea Arcor: TOPLINE SEVEN MANDARINA 36X16X14G, presentación mayorista, x36 unidades por bulto.",Se vende por display. Cada display trae 16 unidades. El bulto trae 36 displays. TOPLINE SEVEN MANDARINA 36X16X14G.
3274,ROCKLETS LENT 12X18X40G,display,DISPLAY,18,12,12,"Chocolates de línea Arcor: ROCKLETS LENT 12X18X40G, presentación mayorista, x12 unidades por bulto.",Se vende por display. Cada display trae 18 unidades. El bulto trae 12 displays. ROCKLETS LENT 12X18X40G.
3312,ALFAJOR TATIN NEGRO 56X33G,unidad,UNIDAD,,,56,"Golosinas de línea Arcor: ALFAJOR TATIN NEGRO 56X33G, presentación mayorista, x56 unidades por bulto.",Se vende por unidad. El bulto trae 56 unidades. No viene en display. ALFAJOR TATIN NEGRO 56X33G.
3313,ALFAJOR TATIN BLANCO 56X33G,unidad,UNIDAD,,,56,"Golosinas de línea Arcor: ALFAJOR TATIN BLANCO 56X33G, presentación mayorista, x56 unidades por bulto.",Se vende por unidad. El bulto trae 56 unidades. No viene en display. ALFAJOR TATIN BLANCO 56X33G.
3442,CARAMELO BASTON VIENA 12X470G,display,DISPLAY,64,12,12,"Golosinas de línea Arcor: CARAMELO BASTON VIENA 12X470G, presentación mayorista, x12 unidades por bulto.",Se vende por display. Cada display trae 64 unidades. El bulto trae 12 displays. CARAMELO BASTON VIENA 12X470G.
3465,OBLEA BON O BON LECHE 8X20X30G,unidad,UNIDAD,20,8,160,"Golosinas: OBLEA BON O BON LECHE 8X20X30G, x160 unidades por bulto.",Se vende por unidad. El display trae 20 unidades. El bulto trae 8 displays (160 unidades). OBLEA BON O BON LECHE 8X20X30G.
3466,OBLEA BONOBON BLANCO 8X20X30G,unidad,UNIDAD,20,8,160,"Chocolates de línea Arcor: OBLEA BONOBON BLANCO 8X20X30G, presentación mayorista, x160 unidades por bulto.",Se vende por unidad. El display trae 20 unidades. El bulto trae 8 displays (160 unidades). OBLEA BONOBON BLANCO 8X20X30G.
3612,CH.TL7 ATM.STRONG 36X16X14G,display,DISPLAY,16,36,36,Snack CH.TL7 ATM.STRONG en formato de 36 unidades de 16 gramos cada una.,Se vende por display. Cada display trae 16 unidades. El bulto trae 36 displays. CH.TL7 ATM.STRONG 36X16X14G.
3633,HVITO BOB DISP.8X60UX7.8GR,display,DISPLAY,60,8,8,"Bobina de papel higiénico HVITO, formato de 8 rollos de 60 unidades de 7.8 gramos.",Se vende por display. Cada display trae 60 unidades. El bulto trae 8 displays. HVITO BOB DISP.8X60UX7.8GR.
3746,SALADIX DUO ESTUCHE 24X80G,unidad,UNIDAD,6,4,24,"Galletas y Snacks: SALADIX DUO ESTUCHE 24X80G, x24 unidades por bulto.",Se vende por unidad. El display trae 6 unidades. El bulto trae 4 displays (24 unidades). SALADIX DUO ESTUCHE 24X80G.
3750,ALFAJOR BYN TRIPLE NEGRO 21X73.5G,unidad,UNIDAD,,,21,"Golosinas: ALFAJOR BYN TRIPLE NEGRO 21X73.5G, x21 unidades por bulto.",Se vende por unidad. El bulto trae 21 unidades. No viene en display. ALFAJOR BYN TRIPLE NEGRO 21X73.5G.
3777,CRIOLLITAS ORIGINAL 56X100G,unidad,UNIDAD,,,56,"Galletas y Snacks: CRIOLLITAS ORIGINAL 56X100G, x56 unidades por bulto.",Se vende por unidad. El bulto trae 56 unidades. No viene en display. CRIOLLITAS ORIGINAL 56X100G.
3786,CEREAL MIX ORIGINAL 6X20X23G,unidad,UNIDAD,20,6,120,"Golosinas de línea Arcor: CEREAL MIX ORIGINAL 6X20X23G, presentación mayorista, x120 unidades por bulto.",Se vende por unidad. El display trae 20 unidades. El bulto trae 6 displays (120 unidades). CEREAL MIX ORIGINAL 6X20X23G.
3789,CEREAL MIX PLACERES CHOCOLATE 6X20X23G,unidad,UNIDAD,20,6,120,"Chocolates: CEREAL MIX PLACERES CHOCOLATE 6X20X23G, x120 unidades por bulto.",Se vende por unidad. El display trae 20 unidades. El bulto trae 6 displays (120 unidades). CEREAL MIX PLACERES CHOCOLATE 6X20X23G.
3792,CEREAL MIX LIGHT MANZANA 6X20X23G,unidad,UNIDAD,20,6,120,"Golosinas: CEREAL MIX LIGHT MANZANA 6X20X23G, x120 unidades por bulto.",Se vende por unidad. El display trae 20 unidades. El bulto trae 6 displays (120 unidades). CEREAL MIX LIGHT MANZANA 6X20X23G.
3797,MANI/CHOC CRO.ARC NAVI 30X100G,display,DISPLAY,,30,30,Snack Mani/Choc Cro. Arc Navi en formato de 30 paquetes de 100 gramos cada uno.,Se vende por display. El bulto trae 30 displays. MANI/CHOC CRO.ARC NAVI 30X100G.
3840,COPOS AZUCARADOS * 240 GRS,display,DISPLAY,,16,16,"Cereal COPOS AZUCARADOS de 240 gramos, elaborado con ingredientes azucarados para el desayuno.",Se vende por display. El bulto trae 16 displays. COPOS AZUCARADOS * 240 GRS.
3972,HELADO CONO BONOBON 14X135 CC,unidad,BULTO,,,14,"Helados de línea Arcor: HELADO CONO BONOBON 14X135 CC, presentación mayorista.",Se vende por bulto de 14 unidades. HELADO CONO BONOBON 14X135 CC.
4008,CHOC ROCKLETS ZANAHO,display,DISPLAY,120,18,18,Snack CHOC ROCKLETS ZANAHO en formato de bolitas de chocolate con sabor a zanahoria.,Se vende por display. Cada display trae 120 unidades. El bulto trae 18 displays. CHOC ROCKLETS ZANAHO.
4013,TURRON OBLEA ARCOR 4X50X27G,unidad,UNIDAD,50,4,200,"Golosinas de línea Arcor: TURRON OBLEA ARCOR 4X50X27G, presentación mayorista, x4 unidades por bulto.",Se vende por unidad. El display trae 50 unidades. El bulto trae 4 displays (200 unidades). TURRON OBLEA ARCOR 4X50X27G.
4014,TUR. OBLEA MANI MISKY 4X50X25G,display,DISPLAY,50,4,4,Oblea de maní Misky en formato de 4 paquetes de 50 gramos cada uno.,Se vende por display. Cada display trae 50 unidades. El bulto trae 4 displays. TUR. OBLEA MANI MISKY 4X50X25G.
4015,TURRON OBLEA AGRUP. 20X10X25 G.,display,DISPLAY,10,20,20,"Turrón Oblea Agrup, formato 20x10x25 g.",Se vende por display. Cada display trae 10 unidades. El bulto trae 20 displays. TURRON OBLEA AGRUP. 20X10X25 G.
4043,SAPITO CONFITES 12X24X15G,display,DISPLAY,24,12,12,Confites SAPITO en formato de 12 bolsas de 24 unidades de 15 gramos cada una.,Se vende por display. Cada display trae 24 unidades. El bulto trae 12 displays. SAPITO CONFITES 12X24X15G.
4053,ALFAJOR TATIN TRIPLE BLANCO 21X60G,unidad,UNIDAD,,,21,"Golosinas: ALFAJOR TATIN TRIPLE BLANCO 21X60G, x21 unidades por bulto.",Se vende por unidad. El bulto trae 21 unidades. No viene en display. ALFAJOR TATIN TRIPLE BLANCO 21X60G.
4056,ALFAJOR TATIN TRIPLE NEGRO 21X60G,unidad,UNIDAD,,,21,"Golosinas: ALFAJOR TATIN TRIPLE NEGRO 21X60G, x21 unidades por bulto.",Se vende por unidad. El bulto trae 21 unidades. No viene en display. ALFAJOR TATIN TRIPLE NEGRO 21X60G.
4068,CEREAL MOGUL ANILLOS * 200 GRS,display,DISPLAY,,20,20,Cereal Mogul Anillos en formato de 200 gramos.,Se vende por display. El bulto trae 20 displays. CEREAL MOGUL ANILLOS * 200 GRS.
4230,ROCKLETS MANI CON CHOCOLATE 24X120G,unidad,UNIDAD,,,24,"Chocolates: ROCKLETS MANI CON CHOCOLATE 24X120G, x24 unidades por bulto.",Se vende por unidad. El bulto trae 24 unidades. No viene en display. ROCKLETS MANI CON CHOCOLATE 24X120G.
4266,ROCKLETS MINI 12X44X10G,display,DISPLAY,44,12,12,"Chocolates de línea Arcor: ROCKLETS MINI 12X44X10G, presentación mayorista, x12 unidades por bulto.",Se vende por display. Cada display trae 44 unidades. El bulto trae 12 displays. ROCKLETS MINI 12X44X10G.
4303,ALFAJOR BONOBON LECHE 40X40G,unidad,UNIDAD,,,40,"Golosinas de línea Arcor: ALFAJOR BONOBON LECHE 40X40G, presentación mayorista, x40 unidades por bulto.",Se vende por unidad. El bulto trae 40 unidades. No viene en display. ALFAJOR BONOBON LECHE 40X40G.
4305,ALFAJOR BONOBON BLANCO 40X40G,unidad,UNIDAD,,,40,"Golosinas de línea Arcor: ALFAJOR BONOBON BLANCO 40X40G, presentación mayorista, x40 unidades por bulto.",Se vende por unidad. El bulto trae 40 unidades. No viene en display. ALFAJOR BONOBON BLANCO 40X40G.
4532,HUEVITOS BOB LECH/CER. 10 * 8,display,DISPLAY,10,28,28,"Huevitos, marca Bob, presentación de 10 unidades en formato de 8.",Se vende por display. Cada display trae 10 unidades. El bulto trae 28 displays. HUEVITOS BOB LECH/CER. 10 * 8.
4542,HELADO TRES CREMAS DULCE DE LECHE CHOCOLATE VAINILLA 8UX1KG,display,DISPLAY,,8,8,"Helados: HELADO TRES CREMAS DULCE DE LECHE CHOCOLATE VAINILLA 8UX1KG, x8 unidades por bulto.",Se vende por display. El bulto trae 8 displays. HELADO TRES CREMAS DULCE DE LECHE CHOCOLATE VAINILLA 8UX1KG.
4680,MENTHO PLUS SIN AZUCAR CHERRY 12X12X26.6G,display,DISPLAY,12,12,12,"Golosinas: MENTHO PLUS SIN AZUCAR CHERRY 12X12X26.6G, x12 unidades por bulto.",Se vende por display. Cada display trae 12 unidades. El bulto trae 12 displays. MENTHO PLUS SIN AZUCAR CHERRY 12X12X26.6G.
4681,MENTHO PLUS SIN AZUCAR DURAZNO 12X12X26.6G,display,DISPLAY,12,12,12,"Golosinas: MENTHO PLUS SIN AZUCAR DURAZNO 12X12X26.6G, x12 unidades por bulto.",Se vende por display. Cada display trae 12 unidades. El bulto trae 12 displays. MENTHO PLUS SIN AZUCAR DURAZNO 12X12X26.6G.
4682,MENTHO PLUS SIN AZUCAR MENTOL 12X12X27.3G,display,DISPLAY,12,12,12,"Golosinas: MENTHO PLUS SIN AZUCAR MENTOL 12X12X27.3G, x12 unidades por bulto.",Se vende por display. Cada display trae 12 unidades. El bulto trae 12 displays. MENTHO PLUS SIN AZUCAR MENTOL 12X12X27.3G.
4713,CARAMELO SAQUITOS FRUTALES  6X810G,display,DISPLAY,135,6,6,"Golosinas de línea Arcor: CARAMELO SAQUITOS FRUTALES 6X810G, presentación mayorista, x6 unidades por bulto.",Se vende por display. Cada display trae 135 unidades. El bulto trae 6 displays. CARAMELO SAQUITOS FRUTALES 6X810G.
4910,TAB.HAMLET BICOLOR 8X21UX42G,display,DISPLAY,21,8,8,Tablero Hamlet Bicolor 8x21ux42g.,Se vende por display. Cada display trae 21 unidades. El bulto trae 8 displays. TAB.HAMLET BICOLOR 8X21UX42G.
4942,HOGAREÑAS SEMILLAS 12X3X181G,display,DISPLAY,,12,12,Semillas HOGAREÑAS en formato 12x3 de 181 gramos.,Se vende por display. El bulto trae 12 displays. HOGAREÑAS SEMILLAS 12X3X181G.
5011,BATATA CON CHOCOLATE CAJON  X5KG,unidad,BULTO,,,1,"Alimentos y Almacén de línea Arcor: BATATA CON CHOCOLATE CAJON X5KG, presentación mayorista.",Se vende por bulto. BATATA CON CHOCOLATE CAJON X5KG.
5012,BATATA VAINILLA CAJON X5KG,unidad,BULTO,,,1,"Alimentos y Almacén de línea Arcor: BATATA VAINILLA CAJON X5KG, presentación mayorista.",Se vende por bulto. BATATA VAINILLA CAJON X5KG.
501501,SERRANITAS X3X105GR,display,DISPLAY,3,14,14,Snack Serranitas en formato de 105 gramos.,Se vende por display. Cada display trae 3 unidades. El bulto trae 14 displays. SERRANITAS X3X105GR.
502522,CAJA BUTTER TOFFEES,display,DISPLAY,19,42,42,Caja Butter Toffees de 200 gramos.,Se vende por display. Cada display trae 19 unidades. El bulto trae 42 displays. CAJA BUTTER TOFFEES.
5044,BATATA VAINILLA ESTUCHE 12X500G,unidad,UNIDAD,,,12,"Alimentos y Almacén: BATATA VAINILLA ESTUCHE 12X500G, x12 unidades por bulto.",Se vende por unidad. El bulto trae 12 unidades. No viene en display. BATATA VAINILLA ESTUCHE 12X500G.
5048,BATATA CON CHOCOLATE ESTUCHE 12X500G,unidad,UNIDAD,,,12,"Alimentos y Almacén: BATATA CON CHOCOLATE ESTUCHE 12X500G, x12 unidades por bulto.",Se vende por unidad. El bulto trae 12 unidades. No viene en display. BATATA CON CHOCOLATE ESTUCHE 12X500G.
5058,MEMBRILLO ARCOR CAJON X5KG,unidad,BULTO,,,1,"Dulce de membrillo en cajón de 5 kg, marca Arcor.",Se vende por bulto. MEMBRILLO ARCOR CAJON X5KG.
5111,TOPLINE SEVEN STRAWBERRY 36x16x14G,display,DISPLAY,16,36,36,"Golosinas de línea Arcor: TOPLINE SEVEN STRAWBERRY 36x16x14G, presentación mayorista, x36 unidades por bulto.",Se vende por display. Cada display trae 16 unidades. El bulto trae 36 displays. TOPLINE SEVEN STRAWBERRY 36x16x14G.
5312,COFLER BLOCK 8x20x38G,unidad,UNIDAD,20,8,160,"Chocolates de línea Arcor: COFLER BLOCK 8x20x38G, presentación mayorista, x160 unidades por bulto.",Se vende por unidad. El display trae 20 unidades. El bulto trae 8 displays (160 unidades). COFLER BLOCK 8x20x38G.
5314,GRANOLA CON PASAS *320 GRS,display,DISPLAY,,20,20,"Granola con pasas, marca no especificada, formato de 320 gramos.",Se vende por display. El bulto trae 20 displays. GRANOLA CON PASAS *320 GRS.
5671,TOMATE ARCOR CUBETEADO 2x12x400G,unidad,UNIDAD,,,24,"Alimentos y Almacén: TOMATE ARCOR CUBETEADO 2x12x400G, x24 unidades por bulto.",Se vende por unidad. El bulto trae 24 unidades. No viene en display. TOMATE ARCOR CUBETEADO 2x12x400G.
5679,TOMATE PERITA 24X400G,unidad,UNIDAD,,,24,"Alimentos y Almacén: TOMATE PERITA 24X400G, x24 unidades por bulto.",Se vende por unidad. El bulto trae 24 unidades. No viene en display. TOMATE PERITA 24X400G.
5871,CHICLES FLIC`S MENTA 30x14x12.6 g,display,DISPLAY,14,30,30,Chicles Flic's Menta en formato de 30 unidades de 14 g cada uno.,Se vende por display. Cada display trae 14 unidades. El bulto trae 30 displays. CHICLES FLIC`S MENTA 30x14x12.6 g.
5873,CHICLES FLIC`S FRUTA 30x14x12.6 g,display,DISPLAY,14,30,30,Chicles Flic's Fruta en formato de 30 paquetes de 14 g cada uno.,Se vende por display. Cada display trae 14 unidades. El bulto trae 30 displays. CHICLES FLIC`S FRUTA 30x14x12.6 g.
5975,POSTRE TOFI 12 X 825,display,DISPLAY,,12,12,Postre Tofi en formato de 12 unidades de 825 gramos cada una.,Se vende por display. El bulto trae 12 displays. POSTRE TOFI 12 X 825.
6020,MOGUL ROLLO 12X12X35G,display,DISPLAY,12,12,12,"Gomitas frutales en rollo de 35g, marca Mogul, presentación en caja de 12 unidades.",Se vende por display. Cada display trae 12 unidades. El bulto trae 12 displays. MOGUL ROLLO 12X12X35G.
6072,CELOFAN LECHE 12x30X25G,display,DISPLAY,30,12,12,"Chocolates de línea Arcor: CELOFAN LECHE 12x30X25G, presentación mayorista, x360 unidades por bulto.",Se vende por display. Cada display trae 30 unidades. El bulto trae 12 displays. CELOFAN LECHE 12x30X25G.
6074,CELOFAN BLANCO 12x30X25G,display,DISPLAY,30,12,12,"Chocolates de línea Arcor: CELOFAN BLANCO 12x30X25G, presentación mayorista, x360 unidades por bulto.",Se vende por display. Cada display trae 30 unidades. El bulto trae 12 displays. CELOFAN BLANCO 12x30X25G.
6127,CHOC MISKY LECHE 12X,display,DISPLAY,30,12,12,Chocolate Miski en formato de 12 unidades con leche.,Se vende por display. Cada display trae 30 unidades. El bulto trae 12 displays. CHOC MISKY LECHE 12X.
6139,ALFAJOR BON O BON NEGRO 16X6X40G,display,DISPLAY,6,16,16,"Alfajor Bon o Bon Negro, formato de 40 gramos, paquete de 16 unidades.",Se vende por display. Cada display trae 6 unidades. El bulto trae 16 displays. ALFAJOR BON O BON NEGRO 16X6X40G.
6140,ALFAJOR BONOBON TRIPLE NEGRO 21X60G,unidad,UNIDAD,,,21,"Golosinas: ALFAJOR BONOBON TRIPLE NEGRO 21X60G, x21 unidades por bulto.",Se vende por unidad. El bulto trae 21 unidades. No viene en display. ALFAJOR BONOBON TRIPLE NEGRO 21X60G.
6151,GOMA FANTASIA MISKY 6 X 1,display,DISPLAY,454,6,6,"Goma, Misky, formato 6 x 1.",Se vende por display. Cada display trae 454 unidades. El bulto trae 6 displays. GOMA FANTASIA MISKY 6 X 1.
6152,EUCALIPTUS GOMA MISKY 6 X 1,display,DISPLAY,185,6,6,"Eucaliptus, goma Misky, formato 6 x 1.",Se vende por display. Cada display trae 185 unidades. El bulto trae 6 displays. EUCALIPTUS GOMA MISKY 6 X 1.
6171,MOGUL GUSANITOS ACIDOS 6X500G,display,DISPLAY,91,6,6,"Golosinas de línea Arcor: MOGUL GUSANITOS ACIDOS 6X500G, presentación mayorista, x6 unidades por bulto.",Se vende por display. Cada display trae 91 unidades. El bulto trae 6 displays. MOGUL GUSANITOS ACIDOS 6X500G.
6178,MOGUL PIECITOS 12X12X30G,display,DISPLAY,12,12,12,"Gomitas piecitos sabor frutilla, marca Mogul, presentación de 12 unidades de 30g.",Se vende por display. Cada display trae 12 unidades. El bulto trae 12 displays. MOGUL PIECITOS 12X12X30G.
6401,EUCALIPTUS GOMA MISKY 6 X 1,display,DISPLAY,212,6,6,"Eucaliptus, goma Misky, presentación de 6 unidades por 1 paquete.",Se vende por display. Cada display trae 212 unidades. El bulto trae 6 displays. EUCALIPTUS GOMA MISKY 6 X 1.
6408,AGUILA TAZA BARRITA 24X24X14G,display,DISPLAY,24,24,24,"Chocolates de línea Arcor: AGUILA TAZA BARRITA 24X24X14G, presentación mayorista, x24 unidades por bulto.",Se vende por display. Cada display trae 24 unidades. El bulto trae 24 displays. AGUILA TAZA BARRITA 24X24X14G.
6596,ALFAJOR COFLER BLOCK 21X60G,unidad,UNIDAD,,,21,"Golosinas de línea Arcor: ALFAJOR COFLER BLOCK 21X60G, presentación mayorista, x21 unidades por bulto.",Se vende por unidad. El bulto trae 21 unidades. No viene en display. ALFAJOR COFLER BLOCK 21X60G.
6616,PULPA SUAVE TOMATE ARCOR 12X520G,unidad,UNIDAD,,,12,"Alimentos y Almacén: PULPA SUAVE TOMATE ARCOR 12X520G, x12 unidades por bulto.",Se vende por unidad. El bulto trae 12 unidades. No viene en display. PULPA SUAVE TOMATE ARCOR 12X520G.
6747,BATATA CON CHOCOLATE LATA X5KG,display,DISPLAY,2,2,2,"Alimentos y Almacén de línea Arcor: BATATA CON CHOCOLATE LATA X5KG, presentación mayorista.",Se vende por display. Cada display trae 2 unidades. El bulto trae 2 displays. BATATA CON CHOCOLATE LATA X5KG.
6768,TORTITAS BLACK 24X125G,unidad,UNIDAD,,,24,"Galletas y Snacks: TORTITAS BLACK 24X125G, x24 unidades por bulto.",Se vende por unidad. El bulto trae 24 unidades. No viene en display. TORTITAS BLACK 24X125G.
6770,TORTITAS CHOCOLATES 24X125G,unidad,UNIDAD,,,24,"Galletas y Snacks: TORTITAS CHOCOLATES 24X125G, x24 unidades por bulto.",Se vende por unidad. El bulto trae 24 unidades. No viene en display. TORTITAS CHOCOLATES 24X125G.
6815,BATATA VAINILLA LATA  X5KG,display,DISPLAY,2,2,2,"Alimentos y Almacén de línea Arcor: BATATA VAINILLA LATA X5KG, presentación mayorista.",Se vende por display. Cada display trae 2 unidades. El bulto trae 2 displays. BATATA VAINILLA LATA X5KG.
6817,MEMBRILLO ARCOR LATA  X5KG,display,DISPLAY,,2,2,"Dulce de membrillo en lata de 5 kg, marca Arcor.",Se vende por display. El bulto trae 2 displays. MEMBRILLO ARCOR LATA X5KG.
6901,TOPLINE FRUTA 30X20X6.7G,display,DISPLAY,20,30,30,"Golosinas de línea Arcor: TOPLINE FRUTA 30X20X6.7G, presentación mayorista, x30 unidades por bulto.",Se vende por display. Cada display trae 20 unidades. El bulto trae 30 displays. TOPLINE FRUTA 30X20X6.7G.
6906,TOPLINE STRONG 30X20X6.70G,display,DISPLAY,20,30,30,"Golosinas de línea Arcor: TOPLINE STRONG 30X20X6.70G, presentación mayorista, x30 unidades por bulto.",Se vende por display. Cada display trae 20 unidades. El bulto trae 30 displays. TOPLINE STRONG 30X20X6.70G.
6907,TOPLINE DEFENSE 30X20X6.70G,display,DISPLAY,20,30,30,"Golosinas de línea Arcor: TOPLINE DEFENSE 30X20X6.70G, presentación mayorista, x30 unidades por bulto.",Se vende por display. Cada display trae 20 unidades. El bulto trae 30 displays. TOPLINE DEFENSE 30X20X6.70G.
6934,TOPLINE SANDIA 30x20x6.70G,display,DISPLAY,20,30,30,"Golosinas de línea Arcor: TOPLINE SANDIA 30x20x6.70G, presentación mayorista, x30 unidades por bulto.",Se vende por display. Cada display trae 20 unidades. El bulto trae 30 displays. TOPLINE SANDIA 30x20x6.70G.
6973,SALADIX PIZZA ESTUCHE 4X6X100G,unidad,UNIDAD,6,4,24,"Galletas y Snacks: SALADIX PIZZA ESTUCHE 4X6X100G, x24 unidades por bulto.",Se vende por unidad. El display trae 6 unidades. El bulto trae 4 displays (24 unidades). SALADIX PIZZA ESTUCHE 4X6X100G.
7011024,LPC cafe en saquitos 18 un.,display,DISPLAY,18,,1,"Café LPC en saquitos, presentación de 18 unidades.",Se vende por display. Cada display trae 18 unidades. LPC cafe en saquitos 18 un.
7011872,Cabrales capsulas espresso 6G,display,DISPLAY,12,,1,Cápsulas de café Cabrales para espresso de 6 gramos.,Se vende por display. Cada display trae 12 unidades. Cabrales capsulas espresso 6G.
7011874,Cabrales capsulas lungo 7G,display,DISPLAY,12,,1,Cápsulas Cabrales Lungo de 7g para máquinas de café compatibles.,Se vende por display. Cada display trae 12 unidades. Cabrales capsulas lungo 7G.
7011876,Cabrales capsulas cortado 3G,display,DISPLAY,12,,1,"Café Cabrales cápsulas cortado 3G, formato de cápsulas para máquinas de café.",Se vende por display. Cada display trae 12 unidades. Cabrales capsulas cortado 3G.
7011878,Cabrales capsulas cappucino 24,display,DISPLAY,6,,1,"Cápsulas de café Cabrales para cappuccino, presentación de 24 unidades.",Se vende por display. Cada display trae 6 unidades. Cabrales capsulas cappucino 24.
7011880,Cabrales capsulas cafe c/ lech,display,DISPLAY,12,,1,"Cápsulas de café Cabrales con leche, formato para máquinas de café compatibles.",Se vende por display. Cada display trae 12 unidades. Cabrales capsulas cafe c/ lech.
7011906,CPS NES LPC SUAVE 12x8x5.5g,display,DISPLAY,12,,1,Snack CPS NES LPC SUAVE en formato de 12 unidades de 8x5.5 gramos.,Se vende por display. Cada display trae 12 unidades. CPS NES LPC SUAVE 12x8x5.5g.
7011908,CPS NES LPC CLÁSICO 12x8x5.5g,display,DISPLAY,12,,1,Snack CPS NES LPC Clásico en formato de 12 unidades de 8x5.5 gramos.,Se vende por display. Cada display trae 12 unidades. CPS NES LPC CLÁSICO 12x8x5.5g.
7012650,LPC cappuccino Clásico 115 gr,display,DISPLAY,12,,1,Café LPC cappuccino Clásico en formato de 115 gramos para preparar bebidas.,Se vende por display. Cada display trae 12 unidades. LPC cappuccino Clásico 115 gr.
701291,Mate cocido Yervita 25 un.,display,DISPLAY,25,,1,Mate cocido Yervita en formato de 25 unidades.,Se vende por display. Cada display trae 25 unidades. Mate cocido Yervita 25 un.
701562,Edulcorante Clasico LIV 12x100,display,DISPLAY,100,,1,Edulcorante Clasico LIV en formato de 12 sobres de 100 gramos cada uno.,Se vende por display. Cada display trae 100 unidades. Edulcorante Clasico LIV 12x100.
701572,Edulcorante Stevia LIV 12x100x,display,DISPLAY,100,,1,Edulcorante Stevia LIV en formato de 12 sobres de 100 gramos cada uno.,Se vende por display. Cada display trae 100 unidades. Edulcorante Stevia LIV 12x100x.
701576,Edulcorante Sucralosa LIV 12x1,display,DISPLAY,100,,1,Edulcorante Sucralosa LIV en formato de 12 sobres de 1 gramo cada uno.,Se vende por display. Cada display trae 100 unidades. Edulcorante Sucralosa LIV 12x1.
702100041,Mate Cocido Taragui s/ens. 25s,display,DISPLAY,25,,1,"Mate Cocido Taragui sin endulzante, presentación de 25 sachets.",Se vende por display. Cada display trae 25 unidades. Mate Cocido Taragui s/ens. 25s.
702100042,Mate Cocido Taragui s/ens. 50s,display,DISPLAY,50,,1,"Mate Cocido Taragui sin endulzar, presentación de 50 sachets.",Se vende por display. Cada display trae 50 unidades. Mate Cocido Taragui s/ens. 50s.
702101033,Té Taragui Diamantadox25,display,DISPLAY,25,,1,Té Taragui Diamantadox25 en formato de 25 bolsas de infusión.,Se vende por display. Cada display trae 25 unidades. Té Taragui Diamantadox25.
702101034,Té Taragui s/e x50saq.,display,DISPLAY,50,,1,"Té Taragui en saquitos, presentación de 50 unidades.",Se vende por display. Cada display trae 50 unidades. Té Taragui s/e x50saq.
702141,Té Taraguí Silvestre BOLDO 6x2,display,DISPLAY,20,,1,Té Taraguí Silvestre BOLDO en formato de 6 paquetes de 2 unidades cada uno.,Se vende por display. Cada display trae 20 unidades. Té Taraguí Silvestre BOLDO 6x2.
702142,Té Taraguí Silvestre MANZANILL,display,DISPLAY,20,,1,Té Taraguí Silvestre Manzanilla en presentación de 25 bolsas de 2 gramos cada una.,Se vende por display. Cada display trae 20 unidades. Té Taraguí Silvestre MANZANILL.
702143,Té Taraguí Silvestre TILO 6x20,display,DISPLAY,20,,1,Té Taraguí Silvestre TILO en presentación de 6 cajas de 20 sobres cada una.,Se vende por display. Cada display trae 20 unidades. Té Taraguí Silvestre TILO 6x20.
702144,Té Taraguí Silvestre MEZCLA de,display,DISPLAY,20,,1,Té Taraguí Silvestre en formato de mezcla.,Se vende por display. Cada display trae 20 unidades. Té Taraguí Silvestre MEZCLA de.
702146,Té Taraguí Silvestre ENSUEÑO 6,display,DISPLAY,20,,1,Té Taraguí Silvestre ENSUEÑO 6 en formato de bolsa.,Se vende por display. Cada display trae 20 unidades. Té Taraguí Silvestre ENSUEÑO 6.
7048,SERRANAS SANDWICH 48X112G,unidad,UNIDAD,,,48,"Galletas y Snacks: SERRANAS SANDWICH 48X112G, x48 unidades por bulto.",Se vende por unidad. El bulto trae 48 unidades. No viene en display. SERRANAS SANDWICH 48X112G.
7049,SERRANAS SANDWICH POR 3 16X3X112G,unidad,UNIDAD,3,16,48,"Galletas y Snacks: SERRANAS SANDWICH POR 3 16X3X112G, x16 unidades por bulto.",Se vende por unidad. El display trae 3 unidades. El bulto trae 16 displays (48 unidades). SERRANAS SANDWICH POR 3 16X3X112G.
7081050,VOLIGOMA 30 ML,display,DISPLAY,12,,1,Adhesivo VOLIGOMA en formato de 30 ml para diversas aplicaciones en manualidades y reparaciones.,Se vende por display. Cada display trae 12 unidades. VOLIGOMA 30 ML.
7081307,POXI-RAM SIN TOLUENO 23G,display,DISPLAY,6,,1,Adhesivo POXI-RAM SIN TOLUENO en formato de 23 gramos.,Se vende por display. Cada display trae 6 unidades. POXI-RAM SIN TOLUENO 23G.
7081453,POXIPOL 10MIN TRANSP 16G/14ML,display,DISPLAY,6,,1,Adhesivo POXIPOL 10MIN TRANSP en formato de 16g/14ml para diversas aplicaciones.,Se vende por display. Cada display trae 6 unidades. POXIPOL 10MIN TRANSP 16G/14ML.
7081673,LA GOTITA GEL 3G,display,DISPLAY,6,,1,Gel LA GOTITA de 3 gramos para uso en diversas aplicaciones.,Se vende por display. Cada display trae 6 unidades. LA GOTITA GEL 3G.
7081718,LA GOTITA 2ML,display,DISPLAY,6,,1,Bebida LA GOTITA en formato de 2ML.,Se vende por display. Cada display trae 6 unidades. LA GOTITA 2ML.
7081858,UNIPOX 25ML,display,DISPLAY,6,,1,Adhesivo UNIPOX en formato de 25 ml para diversas aplicaciones en la industria.,Se vende por display. Cada display trae 6 unidades. UNIPOX 25ML.
708187,POXILINA 10MIN 70gr.,display,DISPLAY,6,,1,Poxilina 10min 70gr es un adhesivo epóxico de secado rápido para diversas aplicaciones.,Se vende por display. Cada display trae 6 unidades. POXILINA 10MIN 70gr.
7083045,ECCOLE 9 G,display,DISPLAY,6,,1,Snack ECCOLE 9 G en formato individual.,Se vende por display. Cada display trae 6 unidades. ECCOLE 9 G.
7083144,FASTIX INT. TRANSP 25 G,display,DISPLAY,6,,1,"Transparente, cinta adhesiva FASTIX de 25 gramos para uso en diversas aplicaciones.",Se vende por display. Cada display trae 6 unidades. FASTIX INT. TRANSP 25 G.
7083226,PLASTICOLA TRADICIONAL 35G,display,DISPLAY,12,,1,Adhesivo PLASTICOLA TRADICIONAL en formato de 35 gramos para manualidades y reparaciones.,Se vende por display. Cada display trae 12 unidades. PLASTICOLA TRADICIONAL 35G.
7083308,ECCOLE 3G,display,DISPLAY,6,,1,"Bebida ECCOLE 3G en formato de 500 ml, sin gas y sabor a frutas.",Se vende por display. Cada display trae 6 unidades. ECCOLE 3G.
7092826,Mate cocido 25 unidades Natura,display,DISPLAY,25,,1,Mate cocido Natura en formato de 25 unidades.,Se vende por display. Cada display trae 25 unidades. Mate cocido 25 unidades Natura.
710MAXXPTXTNI,Maxx texturadoX3,display,DISPLAY,12,,1,Snack Maxx texturadoX3 en formato de 100 gramos.,Se vende por display. Cada display trae 12 unidades. Maxx texturadoX3.
710SHKPTCLA00,Encendedor Shark,display,DISPLAY,25,,1,"Encendedor Shark, dispositivo portátil para encender fuego en diversas situaciones.",Se vende por display. Cada display trae 25 unidades. Encendedor Shark.
710XMARTRAPI22,Afeitadora Rapi2,display,DISPLAY,24,,1,"Afeitadora Rapi2 de uso eléctrico, diseñada para un afeitado rápido y eficiente.",Se vende por display. Cada display trae 24 unidades. Afeitadora Rapi2.
710XMARTSPEED33,Afeitadora Speed 3 Filos x 6 unidades,display,DISPLAY,6,,1,Afeitadora Speed 3 Filos en formato de 6 unidades para uso personal.,Se vende por display. Cada display trae 6 unidades. Afeitadora Speed 3 Filos x 6 unidades.
710ZONPTMIXLABLX12,LABIAL  DISPLAY MIXTO x12,display,DISPLAY,12,,1,Labial Display Mixto x12 de la marca no especificada.,Se vende por display. Cada display trae 12 unidades. LABIAL DISPLAY MIXTO x12.
712E000020900,Energizer MAX AA X4,display,DISPLAY,4,,1,Batería Energizer MAX AA en formato de paquete de 4 unidades.,Se vende por display. Cada display trae 4 unidades. Energizer MAX AA X4.
712E000021600,Energizer MAX AAA X4,display,DISPLAY,4,,1,Batería Energizer MAX AAA en formato de paquete de 4 unidades.,Se vende por display. Cada display trae 4 unidades. Energizer MAX AAA X4.
712E0622400,Energizer MAX C X2 mediana,display,DISPLAY,2,,1,"Batería Energizer MAX C X2 mediana, diseñada para dispositivos de alto consumo energético.",Se vende por display. Cada display trae 2 unidades. Energizer MAX C X2 mediana.
712E0622500,Energizer MAX D X2 grande,display,DISPLAY,2,,1,"Batería Energizer MAX D X2 en formato grande, diseñada para dispositivos de alto consumo energético.",Se vende por display. Cada display trae 2 unidades. Energizer MAX D X2 grande.
712E300652000,Eveready C X2 mediana,display,DISPLAY,2,,1,"Batería Eveready C X2 mediana, adecuada para dispositivos que requieren energía confiable.",Se vende por display. Cada display trae 2 unidades. Eveready C X2 mediana.
712E301511200,Energizer MAX AA TIRA 1X20,display,DISPLAY,20,,1,Batería Energizer MAX AA en tira de 20 unidades.,Se vende por display. Cada display trae 20 unidades. Energizer MAX AA TIRA 1X20.
712E301511300,Energizer MAX AAA TIRA 1X20,display,DISPLAY,20,,1,Batería Energizer MAX AAA en tira de 20 unidades.,Se vende por display. Cada display trae 20 unidades. Energizer MAX AAA TIRA 1X20.
712E301513400,Eveready AAA X2,display,DISPLAY,2,,1,Batería Eveready AAA en formato de dos unidades para dispositivos electrónicos.,Se vende por display. Cada display trae 2 unidades. Eveready AAA X2.
712E303557400,Eveready AA X4,display,DISPLAY,4,,1,Batería AA Eveready en formato de cuatro unidades para dispositivos electrónicos.,Se vende por display. Cada display trae 4 unidades. Eveready AA X4.
712E303557600,Eveready D X2 grande,display,DISPLAY,2,,1,"Batería Eveready D X2 grande, diseñada para dispositivos que requieren energía duradera.",Se vende por display. Cada display trae 2 unidades. Eveready D X2 grande.
7140305,Mate Cocido Playadito s/ens. 2,display,DISPLAY,25,,1,"Mate Cocido Playadito sin endulzar, presentación en bolsa de 2 kg.",Se vende por display. Cada display trae 25 unidades. Mate Cocido Playadito s/ens. 2.
7167,SALADIX JAMON ESTUCHE 4X6X100G,unidad,UNIDAD,6,4,24,"Galletas y Snacks: SALADIX JAMON ESTUCHE 4X6X100G, x24 unidades por bulto.",Se vende por unidad. El display trae 6 unidades. El bulto trae 4 displays (24 unidades). SALADIX JAMON ESTUCHE 4X6X100G.
7168,SALADIX CALABRESA ESTUCHE 4X6X100G,unidad,UNIDAD,6,4,24,"Galletas y Snacks: SALADIX CALABRESA ESTUCHE 4X6X100G, x24 unidades por bulto.",Se vende por unidad. El display trae 6 unidades. El bulto trae 4 displays (24 unidades). SALADIX CALABRESA ESTUCHE 4X6X100G.
7198,REX ESTUCHE 16X125G,display,DISPLAY,,16,16,"Galletas y Snacks: REX ESTUCHE 16X125G, x16 unidades por bulto.",Se vende por display. El bulto trae 16 displays. REX ESTUCHE 16X125G.
7227,TOFI BONBON LECHE 12X32X15G,display,DISPLAY,32,12,12,"Chocolates de línea Arcor: TOFI BONBON LECHE 12X32X15G, presentación mayorista, x12 unidades por bulto.",Se vende por display. Cada display trae 32 unidades. El bulto trae 12 displays. TOFI BONBON LECHE 12X32X15G.
7270,HELADO CHOCOTORTA 20,unidad,BULTO,,,20,"Helado Chocotorta 20, postre congelado de chocolate y galleta, presentado en formato de 1 litro.",Se vende por bulto de 20 unidades. HELADO CHOCOTORTA 20.
7308,OBLEA LECHE BOB.8X20,display,DISPLAY,20,8,8,Oblea de leche Bob en formato de 8 unidades de 20 gramos cada una.,Se vende por display. Cada display trae 20 unidades. El bulto trae 8 displays. OBLEA LECHE BOB.8X20.
7390,CHUPETIN TROMPITO 12X50X11G,display,DISPLAY,50,12,12,"Golosinas de línea Arcor: CHUPUTIN TROMPITO 12X50X11G, presentación mayorista, x12 unidades por bulto.",Se vende por display. Cada display trae 50 unidades. El bulto trae 12 displays. CHUPETIN TROMPITO 12X50X11G.
7420,HEALDO MR. POPS FRU/ANA  45 *,unidad,BULTO,,,1,Snack HEALDO MR. POPS FRU/ANA en formato de 45 gramos.,Se vende por bulto. HEALDO MR. POPS FRU/ANA 45 *.
7463,TOFI LECHE RELLENO 12X25X28G,unidad,UNIDAD,25,12,300,"Chocolates de línea Arcor: TOFI LECHE RELLENO 12X25X28G, presentación mayorista, x300 unidades por bulto.",Se vende por unidad. El display trae 25 unidades. El bulto trae 12 displays (300 unidades). TOFI LECHE RELLENO 12X25X28G.
7464,TOFI BLANCO RELLENO 12X25X27G,unidad,UNIDAD,25,12,300,"Chocolates de línea Arcor: TOFI BLANCO RELLENO 12X25X27G, presentación mayorista, x300 unidades por bulto.",Se vende por unidad. El display trae 25 unidades. El bulto trae 12 displays (300 unidades). TOFI BLANCO RELLENO 12X25X27G.
7466,TOFI LECHE RELLENO 8X15X55G,unidad,UNIDAD,15,8,120,"Chocolates de línea Arcor: TOFI LECHE RELLENO 8X15X55G, presentación mayorista, x120 unidades por bulto.",Se vende por unidad. El display trae 15 unidades. El bulto trae 8 displays (120 unidades). TOFI LECHE RELLENO 8X15X55G.
7467,TOFI BLANCO RELLENO 8X15X55G,unidad,UNIDAD,15,8,120,"Chocolates de línea Arcor: TOFI BLANCO RELLENO 8X15X55G, presentación mayorista, x120 unidades por bulto.",Se vende por unidad. El display trae 15 unidades. El bulto trae 8 displays (120 unidades). TOFI BLANCO RELLENO 8X15X55G.
7903,"CHUP B-COLOR MISKY 12X50X12,5G",display,DISPLAY,40,14,14,"Chup B-Color Misky en formato de 12 unidades de 50x12,5 gramos.","Se vende por display. Cada display trae 40 unidades. El bulto trae 14 displays. CHUP B-COLOR MISKY 12X50X12,5G."
7938,CHIC.COW.JUMP.BEN10,display,DISPLAY,12,6,6,"Juguete CHIC.COW.JUMP.BEN10 para niños, diseñado para fomentar la actividad física y el juego.",Se vende por display. Cada display trae 12 unidades. El bulto trae 6 displays. CHIC.COW.JUMP.BEN10.
8709,BOC.PETIT FOURS AGUI,display,DISPLAY,30,30,30,Snack BOC.PETIT FOURS AGUI en presentación de 200 gramos.,Se vende por display. Cada display trae 30 unidades. El bulto trae 30 displays. BOC.PETIT FOURS AGUI.
8794,AGUILA CHOCOLITOS SEMI AMARGO 24X150G,display,DISPLAY,150,24,24,"Chocolates: AGUILA CHOCOLITOS SEMI AMARGO 24X150G, x24 unidades por bulto.",Se vende por display. Cada display trae 150 unidades. El bulto trae 24 displays. AGUILA CHOCOLITOS SEMI AMARGO 24X150G.
9263,SEPARADOR - FICHA GO,unidad,BULTO,,,1,"Separador Ficha GO, herramienta de organización para documentos en formato A4.",Se vende por bulto. SEPARADOR - FICHA GO.
9264,SEPARADOR-FICHA CHOCO * 5 UNID,unidad,BULTO,,,1,"Separador de ficha Choco, formato de 5 unidades.",Se vende por bulto. SEPARADOR-FICHA CHOCO * 5 UNID.
9265,SEPARADOR - FICHA GALLETAS,unidad,BULTO,,,1,"Separador Ficha Galletas, utilizado para organizar y clasificar productos en exhibidores.",Se vende por bulto. SEPARADOR - FICHA GALLETAS.
9266,SEPARADOR - FICHA BAGLEY,unidad,BULTO,,,1,Separador Ficha Bagley en formato de ficha para organización de documentos.,Se vende por bulto. SEPARADOR - FICHA BAGLEY.
9267,SEPARADOR - FICHA ALIMENTOS,unidad,BULTO,,,1,"Separador Ficha Alimentos, utilizado para organizar información sobre productos alimenticios.",Se vende por bulto. SEPARADOR - FICHA ALIMENTOS.
9268,SEPARADOR - FICHA LA CAMPAGNOL,unidad,BULTO,,,1,"Separador La Campagnol en formato ficha, diseñado para organizar documentos y materiales.",Se vende por bulto. SEPARADOR - FICHA LA CAMPAGNOL.
9269,CARPETA CATALOGO * 4 UNID.,unidad,BULTO,,,1,Carpeta catálogo de 4 unidades para organización de documentos y presentación de productos.,Se vende por bulto. CARPETA CATALOGO * 4 UNID.
9336,CHICLE POOSH KIWI 16,display,DISPLAY,50,16,16,Chicle Poosh Kiwi en formato de 16 unidades.,Se vende por display. Cada display trae 50 unidades. El bulto trae 16 displays. CHICLE POOSH KIWI 16.
9341,OPERA SIMPLE 28X92G,unidad,UNIDAD,,,28,"Galletas y Snacks: OPERA SIMPLE 28X92G, x28 unidades por bulto.",Se vende por unidad. El bulto trae 28 unidades. No viene en display. OPERA SIMPLE 28X92G.
9419,OPERA 56X55G,unidad,UNIDAD,,,56,"Galletas y Snacks de línea Arcor: OPERA 56X55G, presentación mayorista, x56 unidades por bulto.",Se vende por unidad. El bulto trae 56 unidades. No viene en display. OPERA 56X55G.
9461,CRIOLLITAS MAS GRANDES 36X169G,unidad,UNIDAD,,,36,"Galletas y Snacks: CRIOLLITAS MAS GRANDES 36X169G, x36 unidades por bulto.",Se vende por unidad. El bulto trae 36 unidades. No viene en display. CRIOLLITAS MAS GRANDES 36X169G.
9462,CRIOLLITAS POR 3 MAS GRANDES 12X3X169G,display,DISPLAY,,12,12,"Galletas y Snacks: CRIOLLITAS POR 3 MAS GRANDES 12X3X169G, x12 unidades por bulto.",Se vende por display. El bulto trae 12 displays. CRIOLLITAS POR 3 MAS GRANDES 12X3X169G.
9463,CRIOLLITAS SIN SAL 36X169G,unidad,UNIDAD,,,36,"Galletas y Snacks: CRIOLLITAS SIN SAL 36X169G, x36 unidades por bulto.",Se vende por unidad. El bulto trae 36 unidades. No viene en display. CRIOLLITAS SIN SAL 36X169G.
9464,CRIOLLITAS POR 3 SIN SAL 12X3X169G,display,DISPLAY,3,12,12,"Galletas y Snacks: CRIOLLITAS POR 3 SIN SAL 12X3X169G, x12 unidades por bulto.",Se vende por display. Cada display trae 3 unidades. El bulto trae 12 displays. CRIOLLITAS POR 3 SIN SAL 12X3X169G.
9469,GUSANITOS 4X1KG EN P,display,DISPLAY,147,4,4,"Snack Gusanitos 4x1kg en P, marca no especificada, presentado en paquete de 4 kilogramos.",Se vende por display. Cada display trae 147 unidades. El bulto trae 4 displays. GUSANITOS 4X1KG EN P.
9478,MOGUL DUO DOYPACK * 250 GRS,display,DISPLAY,71,16,16,"Snack MOGUL DUO DOYPACK de 250 gramos, mezcla de gomitas y malvaviscos.",Se vende por display. Cada display trae 71 unidades. El bulto trae 16 displays. MOGUL DUO DOYPACK * 250 GRS.
9509,OPERA SIMPLE POR 4  14X220G,unidad,UNIDAD,,,14,"Galletas y Snacks: OPERA SIMPLE POR 4 14X220G, x14 unidades por bulto.",Se vende por unidad. El bulto trae 14 unidades. No viene en display. OPERA SIMPLE POR 4 14X220G.
9537,ALFAJOR TOFI TRIPLE BLANCO 21X73 G,unidad,UNIDAD,,,21,"Golosinas: ALFAJOR TOFI TRIPLE BLANCO 21X73 G, x21 unidades por bulto.",Se vende por unidad. El bulto trae 21 unidades. No viene en display. ALFAJOR TOFI TRIPLE BLANCO 21X73 G.
9808,CHOCLO ARCOR CREMOSO 24x300G,unidad,UNIDAD,,,24,"Alimentos y Almacén: CHOCLO ARCOR CREMOSO 24x300G, x24 unidades por bulto.",Se vende por unidad. El bulto trae 24 unidades. No viene en display. CHOCLO ARCOR CREMOSO 24x300G.
9825,HELADO CONO COFLER DUO 14X135CC,unidad,BULTO,,,14,"Helados de línea Arcor: HELADO CONO COFLER DUO 14X135CC, presentación mayorista.",Se vende por bulto de 14 unidades. HELADO CONO COFLER DUO 14X135CC.
9849,CHOCLO LC CREMOSO 24X300G,unidad,UNIDAD,,,24,"Alimentos y Almacén: CHOCLO LC CREMOSO 24X300G, x24 unidades por bulto.",Se vende por unidad. El bulto trae 24 unidades. No viene en display. CHOCLO LC CREMOSO 24X300G.
9919,ALFAJOR BYN TRIPLE BLANCO 21x73.5G,unidad,UNIDAD,,,21,"Golosinas: ALFAJOR BYN TRIPLE BLANCO 21x73.5G, x21 unidades por bulto.",Se vende por unidad. El bulto trae 21 unidades. No viene en display. ALFAJOR BYN TRIPLE BLANCO 21x73.5G.
