schema,product_code,nombre,status,source,query,tokin_ref,tokin_name,tokin_brand,image_url,image_url_prev
almaro,0000,Saldos Iniciales,matched,tokin_catalog,100,ARC-1000100,Dulce de Batata y Chocolate Lata Noel 5kg.,Noel,https://tokin.vtexassets.com/arquivos/ids/285622/ARC-1000100-UN-1.jpg?v=638961486633900000,
almaro,0402,Miel de Abejas - Flores de Lie,miss,tokin_catalog,ARC-100402,,,,,
almaro,0942,ATUN ACEITE OLIVA LC 24X170 G,miss,tokin_catalog,ARC-100942,,,,,
almaro,0945,ATUN SALSA TOMATE LC 24X170 G,miss,tokin_catalog,ARC-100945,,,,,
almaro,0958,(606)CABALLA TOMATE 24X300 GRS,miss,tokin_catalog,ARC-100958,,,,,
almaro,10000,CMD 001 (CAJAS NAVIDEÑAS MED),miss,tokin_catalog,ARC-1010000,,,,,
almaro,10001,CAJA NAVIDEÑA MEDIANA,miss,tokin_catalog,ARC-1010001,,,,,
almaro,10006,CITOS BON O BON 12X14X40 G,miss,tokin_catalog,ARC-1010006,,,,,
almaro,10007,CITOS COFLER LECHE 1,miss,tokin_catalog,ARC-1010007,,,,,
almaro,10008,CITOS AGUILA MENTA 1,miss,tokin_catalog,ARC-1010008,,,,,
almaro,10009,CITOS AGUILA PASAS 1,miss,tokin_catalog,ARC-1010009,,,,,
almaro,10017,OBLEA RELL TORTUGUIT,miss,tokin_catalog,ARC-1010017,,,,,
almaro,10018,OBLEA OPERA BAÑADA 8,miss,tokin_catalog,ARC-1010018,,,,,
almaro,10021,CHOCO LECHE RELL BOB,miss,tokin_catalog,ARC-1010021,,,,,
almaro,10022,CHOC LECH COFLER SUP,miss,tokin_catalog,ARC-1010022,,,,,
almaro,10023,CHOC LECH COFLER SUP,miss,tokin_catalog,ARC-1010023,,,,,
almaro,10024,CHOC BCO COFLER SUPR,miss,tokin_catalog,ARC-1010024,,,,,
almaro,10025,CHOC BCO COFLER SUPR,miss,tokin_catalog,ARC-1010025,,,,,
almaro,1003,BARRA CEREAL MIX PAS. CHOC 32X6X26G,miss,tokin_catalog,ARC-101003,,,,,
almaro,10030,RUMBA BANANA SPLIT 3,miss,tokin_catalog,ARC-1010030,,,,,
almaro,10032,SALADIX MAX JAM-80G,miss,tokin_catalog,ARC-1010032,,,,,
almaro,10048798,EXH. CABSHA CAJA DE MADERA,miss,tokin_catalog,ARC-1010048798,,,,,
almaro,10053,CH.TOPLINE UVA 30X20,miss,tokin_catalog,ARC-1010053,,,,,
almaro,10054,CH.TL7 X-POMELO 36X1,miss,tokin_catalog,ARC-1010054,,,,,
almaro,10055,CH. TL7 AQUA 36X16X,miss,tokin_catalog,ARC-1010055,,,,,
almaro,10056,"CH.TL7 AQUA LIMONAD,,",miss,tokin_catalog,ARC-1010056,,,,,
almaro,10061,CH.NG.MAX.T.F.-FLLA1,miss,tokin_catalog,ARC-1010061,,,,,
almaro,10063315,EXH. ROCKLETS 3 ESTAN.MICROC,miss,tokin_catalog,ARC-1010063315,,,,,
almaro,10067,CHI.GLOBO BEN 10 T.F,miss,tokin_catalog,ARC-1010067,,,,,
almaro,10068,CBOY.M.VIL.FAV.MTA.1,miss,tokin_catalog,ARC-1010068,,,,,
almaro,10069,CBOY.M.VIL.FAV.FTA.1,miss,tokin_catalog,ARC-1010069,,,,,
almaro,10070,"CHIC.GLOBO BEN 10 3,",miss,tokin_catalog,ARC-1010070,,,,,
almaro,10071,CBOY.H.KITTY 13 T.FR,miss,tokin_catalog,ARC-1010071,,,,,
almaro,10081,MR. POP S EVOL. FRUT,miss,tokin_catalog,ARC-1010081,,,,,
almaro,10085,CH. TL7 X.MINT 88X4X14G,miss,tokin_catalog,ARC-1010085,,,,,
almaro,10088,CH TL FUSION FRUTAL 30x20x6.7 G,miss,tokin_catalog,ARC-1010088,,,,,
almaro,10093,MR.POPS GLITTS 12 X,miss,tokin_catalog,ARC-1010093,,,,,
almaro,10094,CHU.M.POP.SUP.FTAL.S,miss,tokin_catalog,ARC-1010094,,,,,
almaro,10096,TABL.MANI DISNEY 4X4,miss,tokin_catalog,ARC-1010096,,,,,
almaro,10097,TURR.MANI ARCOR 4X28,miss,tokin_catalog,ARC-1010097,,,,,
almaro,1009801,EXH JUGOS BC/ARCOR,miss,tokin_catalog,ARC-101009801,,,,,
almaro,10099,CROC.ALM.SEM.Y PASAS,miss,tokin_catalog,ARC-1010099,,,,,
almaro,10105,B.TOFF BON O BON 6X959G,miss,tokin_catalog,ARC-1010105,,,,,
almaro,10106,MP EX-STRONG 12X12X3,miss,tokin_catalog,ARC-1010106,,,,,
almaro,10107,CAR.MP CRX BERRIES 12X12X8UN,miss,tokin_catalog,ARC-1010107,,,,,
almaro,10108,CAR.MP CRX FRUTIL.12X12X8UN,miss,tokin_catalog,ARC-1010108,,,,,
almaro,10110,MOGUL GRANEL 36 X 150 GR,miss,tokin_catalog,ARC-1010110,,,,,
almaro,101111,RASPADITA MENTHO PLUS,miss,tokin_catalog,ARC-10101111,,,,,
almaro,10116,COPA COFLER SUPREME,miss,tokin_catalog,ARC-1010116,,,,,
almaro,10117,COPA AGUILA CHOCOLAT,miss,tokin_catalog,ARC-1010117,,,,,
almaro,10118,COPA L.CAMP FRUTILLA,miss,tokin_catalog,ARC-1010118,,,,,
almaro,10119,CONO COFLER 3 14U X,miss,tokin_catalog,ARC-1010119,,,,,
almaro,10120,COFLER EXTRA MARROC,miss,tokin_catalog,ARC-1010120,,,,,
almaro,10121,HELADO ALFAJOR NEGRO,miss,tokin_catalog,ARC-1010121,,,,,
almaro,10125,ENSALADA ATUN CALIFO,miss,tokin_catalog,ARC-1010125,,,,,
almaro,10126,ENSALADA ATUN MEXICA,miss,tokin_catalog,ARC-1010126,,,,,
almaro,10127,ENS ATUN MEDITERRANE,miss,tokin_catalog,ARC-1010127,,,,,
almaro,10127802,EXH. CANDY BARS,miss,tokin_catalog,ARC-1010127802,,,,,
almaro,10136,CAR.MP C+ LIMÓN 12X1,miss,tokin_catalog,ARC-1010136,,,,,
almaro,10136822,EXHIB. COFLER MICRO.NUEVO,miss,tokin_catalog,ARC-1010136822,,,,,
almaro,10136837,EXH. TOFI MICRO. NUEVO,miss,tokin_catalog,ARC-1010136837,,,,,
almaro,10141,JG.PV.BC.MANZ.VERDE.,miss,tokin_catalog,ARC-1010141,,,,,
almaro,10145,CAR.BC FRUTILLA 24X6,miss,tokin_catalog,ARC-1010145,,,,,
almaro,10150073,EXH. BOB MOSTRADOR,miss,tokin_catalog,ARC-1010150073,,,,,
almaro,10152,COMB.JARRA.JUG.BC.30,miss,tokin_catalog,ARC-1010152,,,,,
almaro,10153,COMB.JARRA.JUG.ARC.3,miss,tokin_catalog,ARC-1010153,,,,,
almaro,10157,JUG.PV.BC.MANDARINA.16X18X9GR,miss,tokin_catalog,ARC-1010157,,,,,
almaro,10160,MR.POP.EVOLUTION FRT,miss,tokin_catalog,ARC-1010160,,,,,
almaro,10161,CHUP.MR.POP.EVOL.SRT,miss,tokin_catalog,ARC-1010161,,,,,
almaro,10163,GOMAS MOGUL ORE.NAR,miss,tokin_catalog,ARC-1010163,,,,,
almaro,10164,GOMAS BANANITAS MOGU,miss,tokin_catalog,ARC-1010164,,,,,
almaro,10165,GOMAS BANANITAS MOGU,miss,tokin_catalog,ARC-1010165,,,,,
almaro,10166,MOGUL HELLO KITTY 12,miss,tokin_catalog,ARC-1010166,,,,,
almaro,10170851,CUBOS MULTIPRODUCTO,miss,tokin_catalog,ARC-1010170851,,,,,
almaro,10176,MR.POP.SUPER FRTAL.S,miss,tokin_catalog,ARC-1010176,,,,,
almaro,10177,MR. POPS GLITTS 6 X,miss,tokin_catalog,ARC-1010177,,,,,
almaro,10178,MOGUL ANILLOS 4 X 1K,miss,tokin_catalog,ARC-1010178,,,,,
almaro,10179,GOMAS MOGUL CONITOS,miss,tokin_catalog,ARC-1010179,,,,,
almaro,10183,MOGUL PARTY ANIMALS,miss,tokin_catalog,ARC-1010183,,,,,
almaro,10191,MERME.PORCION.DURAZNO 120X20 G,miss,tokin_catalog,ARC-1010191,,,,,
almaro,10194,MERME.PORCION.FRUTILLA 120X20 G,miss,tokin_catalog,ARC-1010194,,,,,
almaro,10197,B.TOFFEES BON O BON 36X150G,miss,tokin_catalog,ARC-1010197,,,,,
almaro,10198,HVO LIC.TOY STORY FP,miss,tokin_catalog,ARC-1010198,,,,,
almaro,10199,RUMBA BANANA SPLIT 1,miss,tokin_catalog,ARC-1010199,,,,,
almaro,10205,SALADIX KESITOS 47X3,miss,tokin_catalog,ARC-1010205,,,,,
almaro,10206,SALADIX KESITOS 20X8,miss,tokin_catalog,ARC-1010206,,,,,
almaro,10209,SALADIX STICKS 47X38,miss,tokin_catalog,ARC-1010209,,,,,
almaro,10210,SALADIX SNACK ORIG.,miss,tokin_catalog,ARC-1010210,,,,,
almaro,10211,SALADIX SNACK ORIG.44X36G,miss,tokin_catalog,ARC-1010211,,,,,
almaro,10212,SALADIX HULA HULA 28,miss,tokin_catalog,ARC-1010212,,,,,
almaro,10213,SALADIX HULA HULA 44,miss,tokin_catalog,ARC-1010213,,,,,
almaro,10214,SALADIX SNACK CHEDAR,miss,tokin_catalog,ARC-1010214,,,,,
almaro,10215,SALADIX SNACK CHEDAR 44X36G,miss,tokin_catalog,ARC-1010215,,,,,
almaro,10217,SALADIX SNACK BARBAC 44X36G,miss,tokin_catalog,ARC-1010217,,,,,
almaro,10221,ALF.ARROZ SER LIMON,miss,tokin_catalog,ARC-1010221,,,,,
almaro,10223,CARP. CATALOGO ARCOR 2013 (5UN),miss,tokin_catalog,ARC-1010223,,,,,
almaro,10224,HEL CORAZÓN BARBIE -,miss,tokin_catalog,ARC-1010224,,,,,
almaro,10230,CH.TL MICRO7 MENTA 2,miss,tokin_catalog,ARC-1010230,,,,,
almaro,10231,CH TL MICRO7 FLLA. 2,miss,tokin_catalog,ARC-1010231,,,,,
almaro,10233,CH.POOSH.HALLOW.UVA,miss,tokin_catalog,ARC-1010233,,,,,
almaro,10234,CHUP.C/JUG.H.KITTY.8,miss,tokin_catalog,ARC-1010234,,,,,
almaro,10235,CHUP.C/JUG.BEN10.8X1,miss,tokin_catalog,ARC-1010235,,,,,
almaro,10236,LAPIDA CHUPETIN OJO,miss,tokin_catalog,ARC-1010236,,,,,
almaro,10237,CALABAZA MASTIC. MOG,miss,tokin_catalog,ARC-1010237,,,,,
almaro,10238,CROC.MANI SEMILLAS 2,miss,tokin_catalog,ARC-1010238,,,,,
almaro,10239,PAN DULCE ARCOR C/FTA 12X600 G,miss,tokin_catalog,ARC-1010239,,,,,
almaro,10241,CH. TL CONF.MENTA 24,miss,tokin_catalog,ARC-1010241,,,,,
almaro,10242,CH. TL CONF.FRUTA 24,miss,tokin_catalog,ARC-1010242,,,,,
almaro,10243,CH. GREENMINT 12X12X24G,miss,tokin_catalog,ARC-1010243,,,,,
almaro,10244,CH. TL CONF.STRONG 2,miss,tokin_catalog,ARC-1010244,,,,,
almaro,10245,CH. TL CONF.DEFENSE,miss,tokin_catalog,ARC-1010245,,,,,
almaro,10246,CH. TL CONF.SANDÃ?A 2,miss,tokin_catalog,ARC-1010246,,,,,
almaro,10248,LOTSA FIZZ SUPER.12X,miss,tokin_catalog,ARC-1010248,,,,,
almaro,10252,BARRA YO/FR 6X20X28G,miss,tokin_catalog,ARC-1010252,,,,,
almaro,10253,BARRA CINDOR 6X20X25,miss,tokin_catalog,ARC-1010253,,,,,
almaro,10254,HUEVO LECHE BON O BO,miss,tokin_catalog,ARC-1010254,,,,,
almaro,10255,HUEVO CHOCOL BON O B,miss,tokin_catalog,ARC-1010255,,,,,
almaro,10256,HUEVO CHOC LECHE COF,miss,tokin_catalog,ARC-1010256,,,,,
almaro,10258,HVO LEC HELLO KITTY,miss,tokin_catalog,ARC-1010258,,,,,
almaro,10259,HVO CHOC LEC ANG BIR,miss,tokin_catalog,ARC-1010259,,,,,
almaro,10260,HUEVO BAÑ REP.BARBIE,miss,tokin_catalog,ARC-1010260,,,,,
almaro,10262,HUEV BÑO.REP TOY STO,miss,tokin_catalog,ARC-1010262,,,,,
almaro,10265,CONEJO BOB LECHE 28X,miss,tokin_catalog,ARC-1010265,,,,,
almaro,10266,CONEJO BOB BLANCO 28,miss,tokin_catalog,ARC-1010266,,,,,
almaro,10271,SALADIX MAX JAM-30G,miss,tokin_catalog,ARC-1010271,,,,,
almaro,10272,SALADIX MAX QUES-80G,miss,tokin_catalog,ARC-1010272,,,,,
almaro,10273,SALADIX MAX QUES-30G,miss,tokin_catalog,ARC-1010273,,,,,
almaro,10274,LIEBRE AGUILA D OR 4,miss,tokin_catalog,ARC-1010274,,,,,
almaro,10275,CRIOLLITAS TOST.DULC 18X200G,miss,tokin_catalog,ARC-1010275,,,,,
almaro,10276,VASO H.KITTY MINIROC,miss,tokin_catalog,ARC-1010276,,,,,
almaro,10280,MR.P.SUP.FTAL.SPACEB,miss,tokin_catalog,ARC-1010280,,,,,
almaro,10282,MOGUL MICKEY 12 X 12,miss,tokin_catalog,ARC-1010282,,,,,
almaro,10286,BARRA MOGUL 6X20X25G,miss,tokin_catalog,ARC-1010286,,,,,
almaro,10288,BARRA SER FRUT/CHO 6X20X28 G,miss,tokin_catalog,ARC-1010288,,,,,
almaro,10289,BARRA SER DURAZNO 6X,miss,tokin_catalog,ARC-1010289,,,,,
almaro,10291,GALLET C/CHOC LEC AR,miss,tokin_catalog,ARC-1010291,,,,,
almaro,10292,HVO.HELLO KITTY 48X2,miss,tokin_catalog,ARC-1010292,,,,,
almaro,10294,HVO.CARTERITA BARBIE,miss,tokin_catalog,ARC-1010294,,,,,
almaro,10296,KIT CACERIA HVO.BOB,miss,tokin_catalog,ARC-1010296,,,,,
almaro,10297,FORMIS VAI/FRUT 12X3X108G,miss,tokin_catalog,ARC-1010297,,,,,
almaro,10298,FORMIS VAI/CHOC 12X3X108G,miss,tokin_catalog,ARC-1010298,,,,,
almaro,10299,FORMIS CHOC/DDL 12X3,miss,tokin_catalog,ARC-1010299,,,,,
almaro,10304,CHIC.H.KITTY T.FRUTT,miss,tokin_catalog,ARC-1010304,,,,,
almaro,10306,ALMEND C/CHO BCO ARCOR 30X100 G,miss,tokin_catalog,ARC-1010306,,,,,
almaro,10310,KIT REGALE.HVO.COFLE,miss,tokin_catalog,ARC-1010310,,,,,
almaro,10313,TAB BLCO C/CONF COFL 10X55G,miss,tokin_catalog,ARC-1010313,,,,,
almaro,10314,TENTACION MOUSSE CHO 24X113G,miss,tokin_catalog,ARC-1010314,,,,,
almaro,10315,TENTACION MOUSSE FRU 24X113G,miss,tokin_catalog,ARC-1010315,,,,,
almaro,10323,MIX CRISTALES 6X935G,miss,tokin_catalog,ARC-1010323,,,,,
almaro,10324,CREMINO SURTIDO 36X150G (RELAN),miss,tokin_catalog,ARC-1010324,,,,,
almaro,10329,CHOC ROCKLE 12X24X20,miss,tokin_catalog,ARC-1010329,,,,,
almaro,10331,BOM BOB ANIVER. POTE,miss,tokin_catalog,ARC-1010331,,,,,
almaro,10332,CHOC. MINI COFLER 12,miss,tokin_catalog,ARC-1010332,,,,,
almaro,10334,TABL CH BCO/MANI ARC 6X14X100G,miss,tokin_catalog,ARC-1010334,,,,,
almaro,10335,TABL CH LE/BCO ARCOR 6X14X100G,miss,tokin_catalog,ARC-1010335,,,,,
almaro,10339,CHOC.C/ALM.COFL AIR 8X20X27 G,miss,tokin_catalog,ARC-1010339,,,,,
almaro,10349,CHOC. LEC/BCO COFLER 12X10X55G,miss,tokin_catalog,ARC-1010349,,,,,
almaro,10351,CHOC.BCO C/CONF COFL,miss,tokin_catalog,ARC-1010351,,,,,
almaro,10359,TAB.CHO.LEC/ALM COFL 4X16X170G,miss,tokin_catalog,ARC-1010359,,,,,
almaro,10360,TAB.CH.LEC.CONF COFL 4X16X170G,miss,tokin_catalog,ARC-1010360,,,,,
almaro,10361,TABL.CHOC.LECHE COFL,miss,tokin_catalog,ARC-1010361,,,,,
almaro,10362,TABL.CH.LEC/ALM.COFL,miss,tokin_catalog,ARC-1010362,,,,,
almaro,10364750,LATERALES COFLER,miss,tokin_catalog,ARC-1010364750,,,,,
almaro,10367,TAB.LE/ALMEND AGU.DO 8X10X75G,miss,tokin_catalog,ARC-1010367,,,,,
almaro,10369,TAB LEC PASAS AGU.DO 8X10X72G,miss,tokin_catalog,ARC-1010369,,,,,
almaro,10370,TAB.LE/MOUSSE  8X10X70G,miss,tokin_catalog,ARC-1010370,,,,,
almaro,10371,TAB CH SEMIAM AGU.DO,miss,tokin_catalog,ARC-1010371,,,,,
almaro,10375,CHOC BLANC DLL COFLE 8X20X42G,miss,tokin_catalog,ARC-1010375,,,,,
almaro,10377,TABL CHOC. LEC M.HIG,miss,tokin_catalog,ARC-1010377,,,,,
almaro,10380,OBLEA RELL.COFL BLOC 8X20X35G,miss,tokin_catalog,ARC-1010380,,,,,
almaro,10381,OBL BCA RELL COFLER3,miss,tokin_catalog,ARC-1010381,,,,,
almaro,10383,BARRA EXT.COCO COFLER 6X20X32 GR,miss,tokin_catalog,ARC-1010383,,,,,
almaro,10387,TAB BÑO.REP TOYS MUN,miss,tokin_catalog,ARC-1010387,,,,,
almaro,10388,CHO. C/LEC TOYS MUND,miss,tokin_catalog,ARC-1010388,,,,,
almaro,10393,BOB SNACK 12X10X60G,miss,tokin_catalog,ARC-1010393,,,,,
almaro,10397,PELOTITA MUNDIAL8X45,miss,tokin_catalog,ARC-1010397,,,,,
almaro,10398,PELOTA TOYS MUNDIAL,miss,tokin_catalog,ARC-1010398,,,,,
almaro,10417,GOMITA MOGUL MUNDIAL,miss,tokin_catalog,ARC-1010417,,,,,
almaro,10418,POTE GOM MOGUL MUNDI,miss,tokin_catalog,ARC-1010418,,,,,
almaro,10424,CH. TOPLINE MISTERY,miss,tokin_catalog,ARC-1010424,,,,,
almaro,10426,CH. ACONCAGUA 12X12X,miss,tokin_catalog,ARC-1010426,,,,,
almaro,10427,CH. TL OM CLEAN 12X1,miss,tokin_catalog,ARC-1010427,,,,,
almaro,10428,CH. TL OM HAPPY 12X1,miss,tokin_catalog,ARC-1010428,,,,,
almaro,10431,CH. WINTERMINT 12X12,miss,tokin_catalog,ARC-1010431,,,,,
almaro,10432,MOGUL MANDARINAS 6 X,miss,tokin_catalog,ARC-1010432,,,,,
almaro,10443,CHI.T.FRUT.LIC1.18X1,miss,tokin_catalog,ARC-1010443,,,,,
almaro,10447,CHI NGUMX MONSTER H,miss,tokin_catalog,ARC-1010447,,,,,
almaro,10449,ESTIROMETRO MUNDIAL,miss,tokin_catalog,ARC-1010449,,,,,
almaro,10451,CHI.GLOB.CUADRA MUND,miss,tokin_catalog,ARC-1010451,,,,,
almaro,10461,POOSH.MIX.FRUTAL.16X,miss,tokin_catalog,ARC-1010461,,,,,
almaro,10463,CHI.NGUM.MX.MUNDIAL1,miss,tokin_catalog,ARC-1010463,,,,,
almaro,10466,CHUP.EVOLUTION.MUNDI,miss,tokin_catalog,ARC-1010466,,,,,
almaro,10480,MR. POPS EVOLUTION P,miss,tokin_catalog,ARC-1010480,,,,,
almaro,10482,MR.POPS SILBAPITO MU,miss,tokin_catalog,ARC-1010482,,,,,
almaro,10483,MR. POPS 47 STREET 1,miss,tokin_catalog,ARC-1010483,,,,,
almaro,10485,MR. POPS MUNDIAL 8X1,miss,tokin_catalog,ARC-1010485,,,,,
almaro,10487,BOB BLANCO DISP.12X3,miss,tokin_catalog,ARC-1010487,,,,,
almaro,10488264,EXHIB. COFLER MICRO.NVO CHICA,miss,tokin_catalog,ARC-1010488264,,,,,
almaro,10490,SLICE FRUT C/TROZ FR,miss,tokin_catalog,ARC-1010490,,,,,
almaro,10491,MOGUL DUO CON JUGO 3,miss,tokin_catalog,ARC-1010491,,,,,
almaro,10492,PALITO BUTTER TOFEES,miss,tokin_catalog,ARC-1010492,,,,,
almaro,10494,BARRA HELADA ARCOR 1,miss,tokin_catalog,ARC-1010494,,,,,
almaro,10496,POSTRE TOFI 12 X 637G,miss,tokin_catalog,ARC-1010496,,,,,
almaro,10497,POSTRES AGUILA 12X637G,miss,tokin_catalog,ARC-1010497,,,,,
almaro,10498,BALDE CHOCOTORTA 8X8,miss,tokin_catalog,ARC-1010498,,,,,
almaro,10511,MERMELADA DURAZNO LC 12X390,miss,tokin_catalog,ARC-1010511,,,,,
almaro,10513,MERM CIRUELA LC X 12X454 G,miss,tokin_catalog,ARC-1010513,,,,,
almaro,10514,MERM NARANJA LC 12X 454 G,miss,tokin_catalog,ARC-1010514,,,,,
almaro,10515,MERMELADA DAMASCO LC 12X454GR,miss,tokin_catalog,ARC-1010515,,,,,
almaro,10516,MERM FRAMBUESA LC 12 X 454 G,miss,tokin_catalog,ARC-1010516,,,,,
almaro,10517,MERM ARANDANO LC 12 X 454 G,miss,tokin_catalog,ARC-1010517,,,,,
almaro,10519,JALEA MEMBRILLO LC 12X454GR,miss,tokin_catalog,ARC-1010519,,,,,
almaro,10523,MERMELADA NARANJA BC 12X390GR,miss,tokin_catalog,ARC-1010523,,,,,
almaro,10526821,EXHIBIDOR TO0RTUGUITA,miss,tokin_catalog,ARC-1010526821,,,,,
almaro,10528,MERMEL FRAMBUESA BC 12X390GR,miss,tokin_catalog,ARC-1010528,,,,,
almaro,10529,JALEA MEMBRILLO BC 12X390GR,miss,tokin_catalog,ARC-1010529,,,,,
almaro,10532,MASTICABLE MOGUL POTE 6X700G,miss,tokin_catalog,ARC-1010532,,,,,
almaro,10543,BOM BOB LEC. ANIV.LA,miss,tokin_catalog,ARC-1010543,,,,,
almaro,10544,B TOFF CHO BCO 6X959G,miss,tokin_catalog,ARC-1010544,,,,,
almaro,10545,HVO.TOY KIDS NENA 8X,miss,tokin_catalog,ARC-1010545,,,,,
almaro,10546,HVO.TOY KIDS NENE 8X,miss,tokin_catalog,ARC-1010546,,,,,
almaro,10548150,EXH. ROCKLETS 3 ESTAN.PREMIUM,miss,tokin_catalog,ARC-1010548150,,,,,
almaro,10549,CHOC C/LEC TOYS NENE,miss,tokin_catalog,ARC-1010549,,,,,
almaro,10550,CHOC C/LEC TOYS NENA,miss,tokin_catalog,ARC-1010550,,,,,
almaro,10559,PALITO BOB MIX 24X51,miss,tokin_catalog,ARC-1010559,,,,,
almaro,10559192,LATERAL DE LINEA AGUILA,miss,tokin_catalog,ARC-1010559192,,,,,
almaro,10568,M.PLUS CHERRY12X12UN,miss,tokin_catalog,ARC-1010568,,,,,
almaro,10569,M.PLUS MENTOL12X12UN,miss,tokin_catalog,ARC-1010569,,,,,
almaro,10570,M.PLUS STRONG12X12UN,miss,tokin_catalog,ARC-1010570,,,,,
almaro,10571,M.PLUS MIEL12X12UN R,miss,tokin_catalog,ARC-1010571,,,,,
almaro,10572,M.PLUS MENTA12X12UN,miss,tokin_catalog,ARC-1010572,,,,,
almaro,10574,CAR.MP RELL.MIEL 12X,miss,tokin_catalog,ARC-1010574,,,,,
almaro,10575,GOMITAS MOGUL MUNDIA,miss,tokin_catalog,ARC-1010575,,,,,
almaro,10577,CAR.MP COFLER 12X12X,miss,tokin_catalog,ARC-1010577,,,,,
almaro,10579,PALITO CINDOR 30X60,miss,tokin_catalog,ARC-1010579,,,,,
almaro,10580,COFLER FRUTILLA 22X6,miss,tokin_catalog,ARC-1010580,,,,,
almaro,10581,ROSQUITAS SALADAS 12,miss,tokin_catalog,ARC-1010581,,,,,
almaro,10585,ATUN EN ACEITE L.C 4X12X120 G,miss,tokin_catalog,ARC-1010585,,,,,
almaro,10586,ATUN AL NATURAL L.C 4X12X120 G,miss,tokin_catalog,ARC-1010586,,,,,
almaro,10588,MOGUL 50 % FRUTAS 12X12X25 GRS,miss,tokin_catalog,ARC-1010588,,,,,
almaro,10589,CATALOGO ARCOR 14 (CARPETA),miss,tokin_catalog,ARC-1010589,,,,,
almaro,10592,MANI C/CHO.COFLER BL,miss,tokin_catalog,ARC-1010592,,,,,
almaro,10599,BC DURAZNO (AL50) 12,miss,tokin_catalog,ARC-1010599,,,,,
almaro,10601,BC CIRUELA (AL50) 12,miss,tokin_catalog,ARC-1010601,,,,,
almaro,10611,CHICLE.POOSH.SLIME.1,miss,tokin_catalog,ARC-1010611,,,,,
almaro,10614,MR.P.SUP.FTAL.MINI R,miss,tokin_catalog,ARC-1010614,,,,,
almaro,10618,NARANJ.C/CHO.EST AGU,miss,tokin_catalog,ARC-1010618,,,,,
almaro,10623,POSTRE BOB BAÑADO 42,miss,tokin_catalog,ARC-1010623,,,,,
almaro,10624,POSTRE BOB REGULAR.4,miss,tokin_catalog,ARC-1010624,,,,,
almaro,10629,CHUP.POPS.ADRIANA.10,miss,tokin_catalog,ARC-1010629,,,,,
almaro,10632,GAR.MANI MAXI ARCOR 30X100G,miss,tokin_catalog,ARC-1010632,,,,,
almaro,10633,GAR.MANI CH.SEMI 30X,miss,tokin_catalog,ARC-1010633,,,,,
almaro,10634,GAR.MANI CH.BCO 30X1,miss,tokin_catalog,ARC-1010634,,,,,
almaro,10637,JG.PV.ARCOR.MANZANA. 12X18X20 G,miss,tokin_catalog,ARC-1010637,,,,,
almaro,10638,JG.PV.ARCOR.MULTIFR. 12X18X20 G,miss,tokin_catalog,ARC-1010638,,,,,
almaro,10639,JG.PV.ARCOR.NAR.DUR. 12X18X20 GR,miss,tokin_catalog,ARC-1010639,,,,,
almaro,10640,JG.PV.ARCOR.LIMONADA 12X18X20 GR,miss,tokin_catalog,ARC-1010640,,,,,
almaro,10641,JG.PV.ARCOR.ANANA.12X18X20 GR,miss,tokin_catalog,ARC-1010641,,,,,
almaro,10642,JG.PV.ARCOR.NAR.BAN. 12X18X20 GR,miss,tokin_catalog,ARC-1010642,,,,,
almaro,10643,JG.PV.ARCOR.NAR.DUL. 12X18X20 GR,miss,tokin_catalog,ARC-1010643,,,,,
almaro,10649,POSTRE BOB CHOCOL. 2,miss,tokin_catalog,ARC-1010649,,,,,
almaro,10650,POSTRE BOB REGULAR 2,miss,tokin_catalog,ARC-1010650,,,,,
almaro,10651,POSTRE BOB CHOCOL. 4,miss,tokin_catalog,ARC-1010651,,,,,
almaro,10654,POSTRE BOB REGULAR 2,miss,tokin_catalog,ARC-1010654,,,,,
almaro,10657,CHUP.MR P.CALAV.12X5,miss,tokin_catalog,ARC-1010657,,,,,
almaro,10658,P.DULCE VENEC.C/CH.1,miss,tokin_catalog,ARC-1010658,,,,,
almaro,10659,P.DULCE VENECIANO 12,miss,tokin_catalog,ARC-1010659,,,,,
almaro,10660,P.DULCE MAD.C/CH.12X,miss,tokin_catalog,ARC-1010660,,,,,
almaro,10661,P.DULCE VENEC. 12X50,miss,tokin_catalog,ARC-1010661,,,,,
almaro,10662,P.DULCE MADRIL. 12X5,miss,tokin_catalog,ARC-1010662,,,,,
almaro,10665,AVELLANAS C/CHOC.LEC,miss,tokin_catalog,ARC-1010665,,,,,
almaro,10666,PAN DULCE AGUILA 12X500G,miss,tokin_catalog,ARC-1010666,,,,,
almaro,10667,PAN DULCE 150 AÑOS B,miss,tokin_catalog,ARC-1010667,,,,,
almaro,10669,JG.PV.ARCOR.PERA.12X18X20 GR,miss,tokin_catalog,ARC-1010669,,,,,
almaro,10670,HVO.CHO.LECH.STAR WA,miss,tokin_catalog,ARC-1010670,,,,,
almaro,10671,HUEVO LEC JAKE&PIRAT,miss,tokin_catalog,ARC-1010671,,,,,
almaro,10674,MOGUL CONFI BERRIES,miss,tokin_catalog,ARC-1010674,,,,,
almaro,10675,HUEVO CHOCOL. BOB MI,miss,tokin_catalog,ARC-1010675,,,,,
almaro,10679,CEREAL+YOG.ADORNO NA,miss,tokin_catalog,ARC-1010679,,,,,
almaro,10682,BUDIN AGUILA BLACK 1,miss,tokin_catalog,ARC-1010682,,,,,
almaro,10683,BUDIN AGUILA MIX 18X,miss,tokin_catalog,ARC-1010683,,,,,
almaro,10687,MAST. MOGUL OFERTA 1,miss,tokin_catalog,ARC-1010687,,,,,
almaro,1069,MAST.CONF. 12X12X35G LIC.MADAGASCAR,miss,tokin_catalog,ARC-101069,,,,,
almaro,10691,MENTA CRISTAL6X900G-,miss,tokin_catalog,ARC-1010691,,,,,
almaro,10695,BOM.BON-O-BON LECHE 30 unidades,miss,tokin_catalog,ARC-1010695,,,,,
almaro,10696,BOM.BON-O-BON LECHE,miss,tokin_catalog,ARC-1010696,,,,,
almaro,10697,BOM. BON-O-BON LECx7,miss,tokin_catalog,ARC-1010697,,,,,
almaro,10698,BOM. BON O BON MIX 1,miss,tokin_catalog,ARC-1010698,,,,,
almaro,10699,BOM. BON O BON MIX 1,miss,tokin_catalog,ARC-1010699,,,,,
almaro,10701,BONOBON BLANCOX30,miss,tokin_catalog,ARC-1010701,,,,,
almaro,10702,BONOBON BLANCOX18,miss,tokin_catalog,ARC-1010702,,,,,
almaro,10704,CHICLE TOPLINE ROLLI,miss,tokin_catalog,ARC-1010704,,,,,
almaro,10711,HVO.COFRE JAKE Y LP,miss,tokin_catalog,ARC-1010711,,,,,
almaro,10712,BOMBOM CHOCOLATE BOB,miss,tokin_catalog,ARC-1010712,,,,,
almaro,10716,BOMBON SURTIDO BOB 2,miss,tokin_catalog,ARC-1010716,,,,,
almaro,10718,BOB LECH.LT DI12X30,miss,tokin_catalog,ARC-1010718,,,,,
almaro,10726,SALADIX KETCH 38GRS,miss,tokin_catalog,ARC-1010726,,,,,
almaro,10727,SALADIX KETCH 80GRS,miss,tokin_catalog,ARC-1010727,,,,,
almaro,10728,SALADIX CEBOLL 30GRS,miss,tokin_catalog,ARC-1010728,,,,,
almaro,10729,SALADIX CEBOLL 70GRS,miss,tokin_catalog,ARC-1010729,,,,,
almaro,10731,SER TOSTADAS 18X200G,miss,tokin_catalog,ARC-1010731,,,,,
almaro,10734,GOMITAS MOGUL MICKEY,miss,tokin_catalog,ARC-1010734,,,,,
almaro,10736,BUT.TOF.AGUILA 6X959,miss,tokin_catalog,ARC-1010736,,,,,
almaro,10738,BOC.BUT.TOFFEES. 16X24X16.5G,miss,tokin_catalog,ARC-1010738,,,,,
almaro,10754,CRIOLLITAS FINITAS 1,miss,tokin_catalog,ARC-1010754,,,,,
almaro,10769,CHO LEC/C.AVELLAN CO 8X20X37G,miss,tokin_catalog,ARC-1010769,,,,,
almaro,10772,TABL BUT.TOFFES COFL,miss,tokin_catalog,ARC-1010772,,,,,
almaro,10773,TABL BUT.TOFFES COFL,miss,tokin_catalog,ARC-1010773,,,,,
almaro,10775,TORT BCA YOG/FRUTI 1,miss,tokin_catalog,ARC-1010775,,,,,
almaro,10778,OBLEA RELLENA T.KIDS,miss,tokin_catalog,ARC-1010778,,,,,
almaro,10782,BARRA BANAN.SPL COFE,miss,tokin_catalog,ARC-1010782,,,,,
almaro,10783,GALL.CER.MIX FRU/CHI 25X230G,miss,tokin_catalog,ARC-1010783,,,,,
almaro,10785,MR.P.NVO.MIX FTAL 12,miss,tokin_catalog,ARC-1010785,,,,,
almaro,10787,CAJA NAVIDAD MEDIANA,miss,tokin_catalog,ARC-1010787,,,,,
almaro,10804,CH. OUTLET CITRUS 30,miss,tokin_catalog,ARC-1010804,,,,,
almaro,10808,CH. TL NF MELON 12X1,miss,tokin_catalog,ARC-1010808,,,,,
almaro,10810,CH TL NF FRAMBUESA 1,miss,tokin_catalog,ARC-1010810,,,,,
almaro,10811,CH. CRAZY TUTTI 30X2,miss,tokin_catalog,ARC-1010811,,,,,
almaro,10818,BOM. CHO SURT.COFL 1,miss,tokin_catalog,ARC-1010818,,,,,
almaro,10819,BOMBON BOB LEC.LT DIS.16X288G,miss,tokin_catalog,ARC-1010819,,,,,
almaro,10820,BOMBON COFLER BLOCK 15X20X18 G,miss,tokin_catalog,ARC-1010820,,,,,
almaro,10821,SALADIX SNACK CHILI/,miss,tokin_catalog,ARC-1010821,,,,,
almaro,10822,SALADIX SNACK CHILI/,miss,tokin_catalog,ARC-1010822,,,,,
almaro,10823,SALADIX SNACK PIRI P,miss,tokin_catalog,ARC-1010823,,,,,
almaro,10824,SALADIX SNACK PIRI P,miss,tokin_catalog,ARC-1010824,,,,,
almaro,10826,HVO.STAR WARS DOYPAC,miss,tokin_catalog,ARC-1010826,,,,,
almaro,10827,VASO.CONT.HVO.DISNEY,miss,tokin_catalog,ARC-1010827,,,,,
almaro,10828,TLINE MTA 30X20X6.7G,miss,tokin_catalog,ARC-1010828,,,,,
almaro,10830,"CAR.BC SURTIDO 6X418,6 G",miss,tokin_catalog,ARC-1010830,,,,,
almaro,10834,PALITO HEL MOGUL C/J,miss,tokin_catalog,ARC-1010834,,,,,
almaro,10835,PALITO COFLER FRUTIL,miss,tokin_catalog,ARC-1010835,,,,,
almaro,10836,BOMBONCITO COFLER AM 12U.X200G,miss,tokin_catalog,ARC-1010836,,,,,
almaro,10837,PALITO HELADO MINION,miss,tokin_catalog,ARC-1010837,,,,,
almaro,10839,HEL COFLER BLOCK 22X,miss,tokin_catalog,ARC-1010839,,,,,
almaro,10841,CHO AGUI BCO 6X15X100 GR F. ESPEC,miss,tokin_catalog,ARC-1010841,,,,,
almaro,10843,MPLUS.CHRRY12X14X30.,miss,tokin_catalog,ARC-1010843,,,,,
almaro,10844,MPLUS.STRNG12X14X30.,miss,tokin_catalog,ARC-1010844,,,,,
almaro,10845,MPLUS.CHRRY12X12X30.,miss,tokin_catalog,ARC-1010845,,,,,
almaro,10846,MPLUS.STRNG12X12X30.,miss,tokin_catalog,ARC-1010846,,,,,
almaro,10847,MPLUS.EXH.KIOSCO C 6,miss,tokin_catalog,ARC-1010847,,,,,
almaro,10848,RELLENO UNTABLE BOB 24X290 GR,miss,tokin_catalog,ARC-1010848,,,,,
almaro,10849,POSTRE BOB REG.BAÑAD,miss,tokin_catalog,ARC-1010849,,,,,
almaro,10850,OBL.RELL.BAÑADA OPER,miss,tokin_catalog,ARC-1010850,,,,,
almaro,10851,TAB CH/MANI COF BLOC 4X16X170G,miss,tokin_catalog,ARC-1010851,,,,,
almaro,10854,MOGUL CONITOS 4X1KG,miss,tokin_catalog,ARC-1010854,,,,,
almaro,10857,MORAS MOGUL 12X500G EN POTES,miss,tokin_catalog,ARC-1010857,,,,,
almaro,10858774,CHUPETINERO CON LUZ,miss,tokin_catalog,ARC-1010858774,,,,,
almaro,10858776,CHUPETINERO,miss,tokin_catalog,ARC-1010858776,,,,,
almaro,10858778,EXHIBIDOR GANCHERA M,miss,tokin_catalog,ARC-1010858778,,,,,
almaro,10859,CHUP.EVOL.FEST.12X48,miss,tokin_catalog,ARC-1010859,,,,,
almaro,10860,MOGUL FRUTYCR POTE,miss,tokin_catalog,ARC-1010860,,,,,
almaro,10861,BC PERA (AL50) 12 X1L,miss,tokin_catalog,ARC-1010861,,,,,
almaro,10862,BC PERA (AL50) 24 X,miss,tokin_catalog,ARC-1010862,,,,,
almaro,10862952,TOPLINE PARA LINEA DE CAJA CON,miss,tokin_catalog,ARC-1010862952,,,,,
almaro,10863,BC NARANJA/DURAZNO (AL50) 12X1L,miss,tokin_catalog,ARC-1010863,,,,,
almaro,10864,BC NARANJ/DURAZ (AL5,miss,tokin_catalog,ARC-1010864,,,,,
almaro,10870,SALADIX SNACK ORIG.20X90G,miss,tokin_catalog,ARC-1010870,,,,,
almaro,10871,SALADIX SNACK CHEDAR 20X90G,miss,tokin_catalog,ARC-1010871,,,,,
almaro,10872,SALADIX SNACK BARBAC 20X90G,miss,tokin_catalog,ARC-1010872,,,,,
almaro,10876,SALADIX STICKS 20X10,miss,tokin_catalog,ARC-1010876,,,,,
almaro,10878,SALADIX CROSS 20X150G,miss,tokin_catalog,ARC-1010878,,,,,
almaro,10887,CHUPETIN MINIONS 10X,miss,tokin_catalog,ARC-1010887,,,,,
almaro,10890,COPOS DE MAIZ 44X150,miss,tokin_catalog,ARC-1010890,,,,,
almaro,10891,COPOS DE MAIZ 22X360,miss,tokin_catalog,ARC-1010891,,,,,
almaro,10892,COPOS MAIZ AZUCARADO 230 GR BOLSA,miss,tokin_catalog,ARC-1010892,,,,,
almaro,10893,COPOS MAIZ AZUCARADO 420 GR CAJA,miss,tokin_catalog,ARC-1010893,,,,,
almaro,10899,ALF.ARROZ SER LIMON,miss,tokin_catalog,ARC-1010899,,,,,
almaro,10899552,CARAMELERA AEREA,miss,tokin_catalog,ARC-1010899552,,,,,
almaro,10900,ALF.ARROZ SER DDL 36,miss,tokin_catalog,ARC-1010900,,,,,
almaro,10901,ALF.ARROZ CER.MIX DD,miss,tokin_catalog,ARC-1010901,,,,,
almaro,10903,GALL.VAI. ARCORSAURI,miss,tokin_catalog,ARC-1010903,,,,,
almaro,10904,SALADIX SNACK ORIG.2,miss,tokin_catalog,ARC-1010904,,,,,
almaro,10905,SALADIX SNACK CHEDAR,miss,tokin_catalog,ARC-1010905,,,,,
almaro,10906,SALADIX SNACK BARBAC,miss,tokin_catalog,ARC-1010906,,,,,
almaro,10911,CHICLE COWBOY BEN10,miss,tokin_catalog,ARC-1010911,,,,,
almaro,10913,CHIC.TORRE.BEN10.MNT,miss,tokin_catalog,ARC-1010913,,,,,
almaro,10914,RUMBA MINIONS 36X112,miss,tokin_catalog,ARC-1010914,,,,,
almaro,10919,CH.TL.ROLLING MADRAS,miss,tokin_catalog,ARC-1010919,,,,,
almaro,10920,CH.TL.RLLING ARVENSI,miss,tokin_catalog,ARC-1010920,,,,,
almaro,10922,CH.TL.MTA30X20X6.7-P,miss,tokin_catalog,ARC-1010922,,,,,
almaro,10923,CHOC. ROCKLETS 12X18,miss,tokin_catalog,ARC-1010923,,,,,
almaro,10925,GOMITAS MOGUL MULTIF,miss,tokin_catalog,ARC-1010925,,,,,
almaro,10930,MOGUL 50 % FRUTA 24 X 70 GRS,miss,tokin_catalog,ARC-1010930,,,,,
almaro,10932,B.TOF.AGUILA 6X959G+,miss,tokin_catalog,ARC-1010932,,,,,
almaro,10933,MIX CARAMELO+CHUPETI,miss,tokin_catalog,ARC-1010933,,,,,
almaro,10934,MAST.MOGUL HW 16X700,miss,tokin_catalog,ARC-1010934,,,,,
almaro,10935,MOG.COLMILLOS HW 12X,miss,tokin_catalog,ARC-1010935,,,,,
almaro,10936,MOG.MURCIELAGOS HW 1,miss,tokin_catalog,ARC-1010936,,,,,
almaro,10937,MAST.MOGUL CARAMELER,miss,tokin_catalog,ARC-1010937,,,,,
almaro,10942,MOG.PIRATAS HW 12X12,miss,tokin_catalog,ARC-1010942,,,,,
almaro,10942987,LATERALES MULTIPRODUCTOS,miss,tokin_catalog,ARC-1010942987,,,,,
almaro,10947,BOMBONCITO COFLER DD 12X200G,miss,tokin_catalog,ARC-1010947,,,,,
almaro,10948,PAN DULCE LATA 4X600,miss,tokin_catalog,ARC-1010948,,,,,
almaro,10951,CEREAL YOGURTEADO 30,miss,tokin_catalog,ARC-1010951,,,,,
almaro,10954,CAR.LOTSA FIZZ. HW12,miss,tokin_catalog,ARC-1010954,,,,,
almaro,10955,BUDIN SIN FRUTA ARCOR,miss,tokin_catalog,ARC-1010955,,,,,
almaro,10956,BUDIN CN FRUTA ARCOR,miss,tokin_catalog,ARC-1010956,,,,,
almaro,10957,BUDIN C/TROC.CHO.18X,miss,tokin_catalog,ARC-1010957,,,,,
almaro,10958,BUDIN SABOR CHOC.18X,miss,tokin_catalog,ARC-1010958,,,,,
almaro,10960,BUDIN BAGLEY SIN FTA 18X23,miss,tokin_catalog,ARC-1010960,,,,,
almaro,10961,BUDIN BAGLEY C/FRUT 18X230,miss,tokin_catalog,ARC-1010961,,,,,
almaro,10962,BUDIN C/CHOCOL.18X23,miss,tokin_catalog,ARC-1010962,,,,,
almaro,10963,BUDIN MARMOLA. 18X23,miss,tokin_catalog,ARC-1010963,,,,,
almaro,10964,BUDIN C/T.LIMON 18X2,miss,tokin_catalog,ARC-1010964,,,,,
almaro,10968,SALADIX SNACK HAMB.C,miss,tokin_catalog,ARC-1010968,,,,,
almaro,10969,SALADIX SNACK HAMB.C,miss,tokin_catalog,ARC-1010969,,,,,
almaro,10970,SALADIX SNACK LOMI.C,miss,tokin_catalog,ARC-1010970,,,,,
almaro,10971,SALADIX SNACK LOMI.C,miss,tokin_catalog,ARC-1010971,,,,,
almaro,10973,P.DULCE LATA C/ALM.4,miss,tokin_catalog,ARC-1010973,,,,,
almaro,10974,HVO.SPIDERMAN 48X20G,miss,tokin_catalog,ARC-1010974,,,,,
almaro,10975,HVO.PRINCESAS 48X20G,miss,tokin_catalog,ARC-1010975,,,,,
almaro,10976,CONEJO BOB LECHE 6X6UNX110GR,miss,tokin_catalog,ARC-1010976,,,,,
almaro,10977,CONEJO BOB BLANCO 6X6X110GR,miss,tokin_catalog,ARC-1010977,,,,,
almaro,10978,MOGUL MINI MORITAS 6,miss,tokin_catalog,ARC-1010978,,,,,
almaro,10980,HVTOS. INFANT,miss,tokin_catalog,ARC-1010980,,,,,
almaro,10985,CARAMELERA ARCOR X6U,miss,tokin_catalog,ARC-1010985,,,,,
almaro,10992,HUEVO LECHE PRINCESA,miss,tokin_catalog,ARC-1010992,,,,,
almaro,10993,HVO LEC AVELLANAS CO,miss,tokin_catalog,ARC-1010993,,,,,
almaro,10994,HVO BÑO REPOS SPIDER,miss,tokin_catalog,ARC-1010994,,,,,
almaro,10995,HUEVO BÑO REPOS FROZ,miss,tokin_catalog,ARC-1010995,,,,,
almaro,10996,HUEVO LECHE SPIDERMA,miss,tokin_catalog,ARC-1010996,,,,,
almaro,10997,HUEVO CHO LECHE FROZ,miss,tokin_catalog,ARC-1010997,,,,,
almaro,10999,MEDIA LUNITAS ARCOR,miss,tokin_catalog,ARC-1010999,,,,,
almaro,1100,CAR. CREMINO COCO 6 * 940 GRS,miss,tokin_catalog,ARC-101100,,,,,
almaro,11001,BIZCOCHOS DE GRASA A 30X200G,miss,tokin_catalog,ARC-1011001,,,,,
almaro,11002,CHO EXTRAF.60% CACAO 6X15X150 G,miss,tokin_catalog,ARC-1011002,,,,,
almaro,11004,SALADIX SNACK ORIG.20X65G,miss,tokin_catalog,ARC-1011004,,,,,
almaro,11005,SALADIX SNACK CHEDAR 20X65G,miss,tokin_catalog,ARC-1011005,,,,,
almaro,11006,SALADIX SNACK BARBAC 20X65G,miss,tokin_catalog,ARC-1011006,,,,,
almaro,11007,TABLETA COFLER REX 1,miss,tokin_catalog,ARC-1011007,,,,,
almaro,11009,TAB.LEC/CEREAL ARCOR,miss,tokin_catalog,ARC-1011009,,,,,
almaro,11010,CITOS BUTTER TOFFEES,miss,tokin_catalog,ARC-1011010,,,,,
almaro,11011,ROCKLETS-MOGUL CONF.,miss,tokin_catalog,ARC-1011011,,,,,
almaro,11014,BARRA COFL CHOCOLINA,miss,tokin_catalog,ARC-1011014,,,,,
almaro,11015,MINI COFLER EXTRA 15,miss,tokin_catalog,ARC-1011015,,,,,
almaro,11020,OBLEA BOB MINI 12X10X60G,miss,tokin_catalog,ARC-1011020,,,,,
almaro,11023,TABL. TORTUG LEC/BCO,miss,tokin_catalog,ARC-1011023,,,,,
almaro,11025,CRIOLLITAS TOST.S/SA 18X200G,miss,tokin_catalog,ARC-1011025,,,,,
almaro,11027,HVO SEMIA.50% AGUIL 12X115GR,miss,tokin_catalog,ARC-1011027,,,,,
almaro,11029,AGUILA MINICHEF LECHE 32X170 G,miss,tokin_catalog,ARC-1011029,,,,,
almaro,11030,HVO.ALHAJERO.BARBIE.,miss,tokin_catalog,ARC-1011030,,,,,
almaro,11031,TAB. CHO.BLANCO COFL,miss,tokin_catalog,ARC-1011031,,,,,
almaro,11032,VASO HVO.STAR WARS 1,miss,tokin_catalog,ARC-1011032,,,,,
almaro,11033,CHIC MIGLOBS MANDAR,miss,tokin_catalog,ARC-1011033,,,,,
almaro,11034,CHIC MIGLOBS MANZAN,miss,tokin_catalog,ARC-1011034,,,,,
almaro,11040,SALADIX WASABI SOJA,miss,tokin_catalog,ARC-1011040,,,,,
almaro,11041,SALADIX WASABI SOJA,miss,tokin_catalog,ARC-1011041,,,,,
almaro,11048,SALADIX CROSS POLLO,miss,tokin_catalog,ARC-1011048,,,,,
almaro,11049,SALADIX CROSS POLLO,miss,tokin_catalog,ARC-1011049,,,,,
almaro,11051,SALADIX CRAX BARBACO,miss,tokin_catalog,ARC-1011051,,,,,
almaro,11053,SALADIX PIZZA NAPO 4X6X90G,miss,tokin_catalog,ARC-1011053,,,,,
almaro,11055,SALADIX PIZZA GOURME 4X6X90G,miss,tokin_catalog,ARC-1011055,,,,,
almaro,11059,BARRA SER YOG/FRUT 6X20X28G,miss,tokin_catalog,ARC-1011059,,,,,
almaro,11061,CRIOLLITAS TOST.LIGH 18X200G,miss,tokin_catalog,ARC-1011061,,,,,
almaro,11064,PD.RELL.DULCE DE LEC,miss,tokin_catalog,ARC-1011064,,,,,
almaro,11065,PD.RELL.CHOCOLATE 12,miss,tokin_catalog,ARC-1011065,,,,,
almaro,11068,FORMIS MOGUL FRU/BAN,miss,tokin_catalog,ARC-1011068,,,,,
almaro,11069,FORMIS MOGUL NAR/MAN,miss,tokin_catalog,ARC-1011069,,,,,
almaro,11070,RUMBA HALLOWEN 36X11,miss,tokin_catalog,ARC-1011070,,,,,
almaro,111111,SIDRA REAL 720 CC,miss,tokin_catalog,ARC-10111111,,,,,
almaro,1115,B.TOFF CHOCOLATE 6X959G,miss,tokin_catalog,ARC-101115,,,,,
almaro,1118,CEREAL CHOCOL TORTUG,miss,tokin_catalog,ARC-101118,,,,,
almaro,11184,POOSH.MIX.FTAL.16X27,miss,tokin_catalog,ARC-1011184,,,,,
almaro,11185,CHI.POOSH.SANDIA.16X,miss,tokin_catalog,ARC-1011185,,,,,
almaro,11187,POOSH.TROPICAL.16X27,miss,tokin_catalog,ARC-1011187,,,,,
almaro,11188,CHI.POOSH TUTTI. 16X,miss,tokin_catalog,ARC-1011188,,,,,
almaro,11189,MOG.MURCIE.HW2016 -1,miss,tokin_catalog,ARC-1011189,,,,,
almaro,11192,MOG.SAPITOS.HW2016 -,miss,tokin_catalog,ARC-1011192,,,,,
almaro,11193,MAST.MOGUL HW2016 -,miss,tokin_catalog,ARC-1011193,,,,,
almaro,11194,MAST.HUESOS HW 2016,miss,tokin_catalog,ARC-1011194,,,,,
almaro,11195,RODAJAS NARANJA Y MA,miss,tokin_catalog,ARC-1011195,,,,,
almaro,11200,MASCARA MINIROCKLET,miss,tokin_catalog,ARC-1011200,,,,,
almaro,11201,ALMEND. CH.CONF ROCK,miss,tokin_catalog,ARC-1011201,,,,,
almaro,11202,MPLUS.CMIX BERRIES12,miss,tokin_catalog,ARC-1011202,,,,,
almaro,11203,MPLUS.CMIX.FRUTILLA1,miss,tokin_catalog,ARC-1011203,,,,,
almaro,11204,AVELLANA C/CH AGUI E,miss,tokin_catalog,ARC-1011204,,,,,
almaro,11206,MOGUL OJITOS 4X1KG (,miss,tokin_catalog,ARC-1011206,,,,,
almaro,11207,MOGUL ARAÑITAS 4X1KG,miss,tokin_catalog,ARC-1011207,,,,,
almaro,11208,MANO PEDIGÃoEÑA HA201,miss,tokin_catalog,ARC-1011208,,,,,
almaro,11209,CALABAZA MOGUL 12X40,miss,tokin_catalog,ARC-1011209,,,,,
almaro,11214,MOGUL MINI GUSANITOS,miss,tokin_catalog,ARC-1011214,,,,,
almaro,11215,MP.EXH.PLASTIC KIOSC,miss,tokin_catalog,ARC-1011215,,,,,
almaro,11216,CH.TLINE.N.FRUITS EX,miss,tokin_catalog,ARC-1011216,,,,,
almaro,11222,CHUP.SURT.EVOL.BLODY,miss,tokin_catalog,ARC-1011222,,,,,
almaro,11227,"BARRA CHO.RELL LIMÃ""N",miss,tokin_catalog,ARC-1011227,,,,,
almaro,11229,GELATINA UVA MOGUL 2,miss,tokin_catalog,ARC-1011229,,,,,
almaro,11230,GELATINA FLLA MOGUL,miss,tokin_catalog,ARC-1011230,,,,,
almaro,11231,GELATINA CEREZA MOGU,miss,tokin_catalog,ARC-1011231,,,,,
almaro,11232,GELATINA MZNA MOGUL 24X30 GR,miss,tokin_catalog,ARC-1011232,,,,,
almaro,11233,GELATINA BANANA MOGU,miss,tokin_catalog,ARC-1011233,,,,,
almaro,11234,GELATINA BC DURAZNO,miss,tokin_catalog,ARC-1011234,,,,,
almaro,11235,GELATINA MGO/MARACUY,miss,tokin_catalog,ARC-1011235,,,,,
almaro,11236,GELATINA FRUTILLA BC,miss,tokin_catalog,ARC-1011236,,,,,
almaro,11237,GELATINA CEREZA BC 2,miss,tokin_catalog,ARC-1011237,,,,,
almaro,11238,GELATINA ANANÃ? BC 24,miss,tokin_catalog,ARC-1011238,,,,,
almaro,11239,ARCOR CREMA AMERICAN 20X70G,miss,tokin_catalog,ARC-1011239,,,,,
almaro,11241,CHUP.EVOL.FEST.12X24,miss,tokin_catalog,ARC-1011241,,,,,
almaro,11242,BEB.LIMONADA.TRAD.BC 12X1L,miss,tokin_catalog,ARC-1011242,,,,,
almaro,11246,BEB.LIMONADA.TRAD.12X500 ML,miss,tokin_catalog,ARC-1011246,,,,,
almaro,11248,BEB.LIMONA.MEN.JEN.BC 12X500 ML,miss,tokin_catalog,ARC-1011248,,,,,
almaro,11249,BEB.LIMONADA.FRU.ROJO BC 12X1L,miss,tokin_catalog,ARC-1011249,,,,,
almaro,11250,BEB.LIMONAD.MEN.JENG 12X1L,miss,tokin_catalog,ARC-1011250,,,,,
almaro,11258,GELATO LA CAMPAGNOLA 6U.X250G,miss,tokin_catalog,ARC-1011258,,,,,
almaro,11266,POST CHOC C/PASAS AR,miss,tokin_catalog,ARC-1011266,,,,,
almaro,11269,BON O BON LECH.POTE,miss,tokin_catalog,ARC-1011269,,,,,
almaro,11275,DISP.MAST.MOG. SURTI,miss,tokin_catalog,ARC-1011275,,,,,
almaro,11276,TUR.ALM.C/CHO.AGU.35,miss,tokin_catalog,ARC-1011276,,,,,
almaro,11277,TUR.MAN.C/CHO.AGU.35,miss,tokin_catalog,ARC-1011277,,,,,
almaro,11278,MORITAS FIESTAS MOGU,miss,tokin_catalog,ARC-1011278,,,,,
almaro,11281,AZUCARADAS VAINILLA,miss,tokin_catalog,ARC-1011281,,,,,
almaro,11282,AZUCARADAS COCO 28X1,miss,tokin_catalog,ARC-1011282,,,,,
almaro,11284,CHICL.HALLOWE.T-FRU.,miss,tokin_catalog,ARC-1011284,,,,,
almaro,11290,HVO BOB LECH.2EXH X24U X20G,miss,tokin_catalog,ARC-1011290,,,,,
almaro,11291,HVO.BOB BLCO.2EXH.X24U.X20G.FP,miss,tokin_catalog,ARC-1011291,,,,,
almaro,11292,HVO.COFL.BLOC.2X24X26 GR,miss,tokin_catalog,ARC-1011292,,,,,
almaro,11294,MOGUL GUSANIT.4X1KG-,miss,tokin_catalog,ARC-1011294,,,,,
almaro,113305,LATA PRESTOPRONTA,miss,tokin_catalog,ARC-10113305,,,,,
almaro,11339,FANTA HELADO 16X75G,miss,tokin_catalog,ARC-1011339,,,,,
almaro,11341,PALITO CINDOR 24X60G,miss,tokin_catalog,ARC-1011341,,,,,
almaro,11347,PALITO CINDOR 12DX6UX60G,miss,tokin_catalog,ARC-1011347,,,,,
almaro,11555,CAR BUTTER TOF. DDL 12X12X8UN,miss,tokin_catalog,ARC-1011555,,,,,
almaro,11556,SALADIX CRAX MIX 8X6,miss,tokin_catalog,ARC-1011556,,,,,
almaro,11557,SALADIX CRAX MIX 4X6,miss,tokin_catalog,ARC-1011557,,,,,
almaro,11558,HVO TORTUGUIT LUNCHE,miss,tokin_catalog,ARC-1011558,,,,,
almaro,11559,FIG.CONEJO ROCKLETS 6X6X110GR,miss,tokin_catalog,ARC-1011559,,,,,
almaro,11561,BT.YOGHURT FTOS ROJO 6X822 GRS,miss,tokin_catalog,ARC-1011561,,,,,
almaro,11562,CAR.CREAMIX DCE.LECHE 12X465 G,miss,tokin_catalog,ARC-1011562,,,,,
almaro,11563,CAR.CREAMIX CAFE 12X465 G,miss,tokin_catalog,ARC-1011563,,,,,
almaro,11564,CAR.CREAMIX BERR&FLLAS 12X465 G,miss,tokin_catalog,ARC-1011564,,,,,
almaro,11565,CAR MP MIEL LIM TE 1,miss,tokin_catalog,ARC-1011565,,,,,
almaro,11566,MP VITAMIN LIMON 12X12X30.6 G,miss,tokin_catalog,ARC-1011566,,,,,
almaro,11567,MP VITAMIN FRUTILLA 12X12X30.6 G,miss,tokin_catalog,ARC-1011567,,,,,
almaro,11568,CAR MP LIMONADA 12X12X28G,miss,tokin_catalog,ARC-1011568,,,,,
almaro,11569,BAR COFL EXTR BONOBON 6X20X35 GR,miss,tokin_catalog,ARC-1011569,,,,,
almaro,11574,ROCKLETS BOLLS BOLSA 32X130 G,miss,tokin_catalog,ARC-1011574,,,,,
almaro,11577,TORTUGUIT ROCKLETS 12X24X19.5G,miss,tokin_catalog,ARC-1011577,,,,,
almaro,11580,AGUI TENT.CORAZ  6X12X120G,miss,tokin_catalog,ARC-1011580,,,,,
almaro,11581,AGUIL TENTAC CORAZ B 20X270G,miss,tokin_catalog,ARC-1011581,,,,,
almaro,11582,AGUILA TENTAC MARROC 6X12X120G,miss,tokin_catalog,ARC-1011582,,,,,
almaro,11583,AGUILA TENTAC MARROC 20X270G,miss,tokin_catalog,ARC-1011583,,,,,
almaro,11585,TABL COFLER GRAFFITI 8X24X45G,miss,tokin_catalog,ARC-1011585,,,,,
almaro,11590,TAB COFL CHOCOLINAS 4X16X170G,miss,tokin_catalog,ARC-1011590,,,,,
almaro,11596,BOC.CABSHA IRI.CREAM 48X24X10 GR,miss,tokin_catalog,ARC-1011596,,,,,
almaro,11600,LATA CUBAN.LIMON AGU,miss,tokin_catalog,ARC-1011600,,,,,
almaro,11606,CHUP.MIGLOBS 12X384G,miss,tokin_catalog,ARC-1011606,,,,,
almaro,11607,TURRON YOGURT FRUT 4X50X25 G,miss,tokin_catalog,ARC-1011607,,,,,
almaro,11608,MAST.T.FRUTTI CRAZY2,miss,tokin_catalog,ARC-1011608,,,,,
almaro,11610,CAR.CON VITAM.ARCOR 20X390 G,miss,tokin_catalog,ARC-1011610,,,,,
almaro,11613,CHIC MIGLOBS MENTA 36X50X5G,miss,tokin_catalog,ARC-1011613,,,,,
almaro,11614,CHIC MIGLOBS TUTTI 3,miss,tokin_catalog,ARC-1011614,,,,,
almaro,11615,CHICLE.MIGLOBS.LIMON,miss,tokin_catalog,ARC-1011615,,,,,
almaro,11616,CHUP.EXTREME 12X384G,miss,tokin_catalog,ARC-1011616,,,,,
almaro,11621,MEDIALUNA GRASA 100U,miss,tokin_catalog,ARC-1011621,,,,,
almaro,11635,MOGUL MORAS CRAZY 6X500 GRS,miss,tokin_catalog,ARC-1011635,,,,,
almaro,11639,GOM MOGUL TUTTI FRUTTI 6X500 GRS,miss,tokin_catalog,ARC-1011639,,,,,
almaro,11641,Mogul Rodas acidas 12 x 10 x 60G,miss,tokin_catalog,ARC-1011641,,,,,
almaro,11644,GOMITAS MONSTRUITOS 12X12X30 GRS,miss,tokin_catalog,ARC-1011644,,,,,
almaro,11647,MI VILLANO FAVORITO3,miss,tokin_catalog,ARC-1011647,,,,,
almaro,11648,MOGUL CONF ACIDOS EX,miss,tokin_catalog,ARC-1011648,,,,,
almaro,11653,MOG.TWIST.MAX VAINIL 12X12X18G,miss,tokin_catalog,ARC-1011653,,,,,
almaro,11654,MOG. TWIST.VAINILLA. 6X12X25 G,miss,tokin_catalog,ARC-1011654,,,,,
almaro,11656,MOG. TWIST.VAINILLA. 24X250.G,miss,tokin_catalog,ARC-1011656,,,,,
almaro,11657,MOG.PUFFS FRUTILLA 24X250 G,miss,tokin_catalog,ARC-1011657,,,,,
almaro,11720,DURAZNOS.TROZOS.ARCO 12X820GR,miss,tokin_catalog,ARC-1011720,,,,,
almaro,11768,CHUP.EXTREME 12X384G,miss,tokin_catalog,ARC-1011768,,,,,
almaro,11785,SIMPLE PROT&EN ORIG 6X20X45G,miss,tokin_catalog,ARC-1011785,,,,,
almaro,11791,JG.PV BC POME.RDO 16X18X9.5G,miss,tokin_catalog,ARC-1011791,,,,,
almaro,11792,JG.PV BC MGO- MARAC16X18X9GR,miss,tokin_catalog,ARC-1011792,,,,,
almaro,11793,JG.PV. ARCOR MANDARINA 12X18X20 GR,miss,tokin_catalog,ARC-1011793,,,,,
almaro,11800,VASO MOG.MI VIL.FAV.,miss,tokin_catalog,ARC-1011800,,,,,
almaro,11801,PAS.FRUTI ESPANTO 24,miss,tokin_catalog,ARC-1011801,,,,,
almaro,11805,MOGUL MORAS CRAZY 24X150 GRS,miss,tokin_catalog,ARC-1011805,,,,,
almaro,11806,SIMPLE DIETA CONTROL,miss,tokin_catalog,ARC-1011806,,,,,
almaro,11822,BOMB.SURTIDOS BOB 16,miss,tokin_catalog,ARC-1011822,,,,,
almaro,11823,ROCKLETS BOLLS 30x120G,miss,tokin_catalog,ARC-1011823,,,,,
almaro,11824,GARRAP. CH EST.AGUIL,miss,tokin_catalog,ARC-1011824,,,,,
almaro,11825,AZUROSO 24X180G,miss,tokin_catalog,ARC-1011825,,,,,
almaro,11826,AZUROSO 12X330G,miss,tokin_catalog,ARC-1011826,,,,,
almaro,11832,MAST.HALLOWEEN 12X39,miss,tokin_catalog,ARC-1011832,,,,,
almaro,11844,CALAB.LED MAST.HAL12,miss,tokin_catalog,ARC-1011844,,,,,
almaro,11845,BALDE MAST HUESO HAL,miss,tokin_catalog,ARC-1011845,,,,,
almaro,11846,ROCKLET TUTTI FRUTTI,miss,tokin_catalog,ARC-1011846,,,,,
almaro,11849,PAN DULCE C/ALM.12X5,miss,tokin_catalog,ARC-1011849,,,,,
almaro,11861,SNACK SER CHO/MANT 48X22G,miss,tokin_catalog,ARC-1011861,,,,,
almaro,11862,SNACK SER JAMON IBERICO 48X22GRS.,miss,tokin_catalog,ARC-1011862,,,,,
almaro,11863,SNACK SER CREMA/CEB 48X22G,miss,tokin_catalog,ARC-1011863,,,,,
almaro,11864,SNACK SER CHOCLO/MANTE. 24X40G,miss,tokin_catalog,ARC-1011864,,,,,
almaro,11865,SNACK SER JAMON IBERICO 24X40GRS.,miss,tokin_catalog,ARC-1011865,,,,,
almaro,11866,SNACK SER CREMA /CEBO 24X40G,miss,tokin_catalog,ARC-1011866,,,,,
almaro,11867,STARLIGHT CRAZY21X18,miss,tokin_catalog,ARC-1011867,,,,,
almaro,11869,BOCADITOS DE FRUTA M,miss,tokin_catalog,ARC-1011869,,,,,
almaro,11870,PAN DULCE C/ALM 12X5,miss,tokin_catalog,ARC-1011870,,,,,
almaro,11871,PAN DULCE LATA 4X500,miss,tokin_catalog,ARC-1011871,,,,,
almaro,11881,CAR MP VIT FLLA 12X12X29.4 G,miss,tokin_catalog,ARC-1011881,,,,,
almaro,11893,RELLENO AGUILA 3 EN 1 24X290 GR,miss,tokin_catalog,ARC-1011893,,,,,
almaro,11894,SALADIX PIZZA NAPO 8X6X27G,miss,tokin_catalog,ARC-1011894,,,,,
almaro,11895,SALADIX PIZZA GOURME 8X6X27G,miss,tokin_catalog,ARC-1011895,,,,,
almaro,1201,POSTRE VAINILLA GODET * 140 GR,miss,tokin_catalog,ARC-101201,,,,,
almaro,12018,SER SNACKS QUESO 24X40G,miss,tokin_catalog,ARC-1012018,,,,,
almaro,12019,SER SNACKS QUESO 48X22G,miss,tokin_catalog,ARC-1012019,,,,,
almaro,12021,SALADIX CROSS CHOCLO 32X67G,miss,tokin_catalog,ARC-1012021,,,,,
almaro,12022,SALADIX NUGGETITOS 2,miss,tokin_catalog,ARC-1012022,,,,,
almaro,12023,SALADIX NUGGETITOS 4,miss,tokin_catalog,ARC-1012023,,,,,
almaro,12031,VASO HVO.ROCKLET MAN,miss,tokin_catalog,ARC-1012031,,,,,
almaro,12034,BOM BON O BON LIMON 16X18X16 GR,miss,tokin_catalog,ARC-1012034,,,,,
almaro,12036,ROCKLETS VS CRUNCH 9x12x40 gr,miss,tokin_catalog,ARC-1012036,,,,,
almaro,12040,COF MACIZ CHOCOTITAS,miss,tokin_catalog,ARC-1012040,,,,,
almaro,12044,OBLEA COFLER BLOCK 8X16X54G,miss,tokin_catalog,ARC-1012044,,,,,
almaro,12077,CONF DUR ARC DISN NENA 12X320 GRS,miss,tokin_catalog,ARC-1012077,,,,,
almaro,12078,CONF FRU ARC DISN NENA 12X320 GRS,miss,tokin_catalog,ARC-1012078,,,,,
almaro,12090,CHIC.MIGLOBS MUND.TUTTI 36X50U,miss,tokin_catalog,ARC-1012090,,,,,
almaro,12091,CHIC.MIGLOBS MUND.MZ,miss,tokin_catalog,ARC-1012091,,,,,
almaro,12096,HUEVO TOYS MUNDIAL 8X12X22G,miss,tokin_catalog,ARC-1012096,,,,,
almaro,12103,VASO AFA 24X135G,miss,tokin_catalog,ARC-1012103,,,,,
almaro,12104,MASTICABLE YOGUS 36X150G,miss,tokin_catalog,ARC-1012104,,,,,
almaro,12109,NATURAL BREAK FIBRA 8X8X30 G,miss,tokin_catalog,ARC-1012109,,,,,
almaro,12111,MOGUL TAMBORCITOS 12,miss,tokin_catalog,ARC-1012111,,,,,
almaro,12114,MOG.MARSHMALLOWS SANDIA 24X250 G,miss,tokin_catalog,ARC-1012114,,,,,
almaro,12116,MOGUL TUTTI FRUTTI 12x10x60 grs,miss,tokin_catalog,ARC-1012116,,,,,
almaro,12117,HVTO.BOB POTE 24X30X,miss,tokin_catalog,ARC-1012117,,,,,
almaro,12118,OPERA REMIX FRUTILLA 48X67G,miss,tokin_catalog,ARC-1012118,,,,,
almaro,12120,CHOC.CONF.ROCKL BLAN,miss,tokin_catalog,ARC-1012120,,,,,
almaro,12121,CHOC.CONF.ROCK CELES,miss,tokin_catalog,ARC-1012121,,,,,
almaro,12122,CHOC.CONF.ROCKL ROSA,miss,tokin_catalog,ARC-1012122,,,,,
almaro,12132,MOGUL GUSANITOS 6X50,miss,tokin_catalog,ARC-1012132,,,,,
almaro,12139,CROSS PARRI POLLO 60,miss,tokin_catalog,ARC-1012139,,,,,
almaro,12140,CROSS PARRI POLLO 32,miss,tokin_catalog,ARC-1012140,,,,,
almaro,12141,MAST.MOGUL MUNDIAL 1,miss,tokin_catalog,ARC-1012141,,,,,
almaro,12143,JG.PV.ARCOR FRUTILLA 12X18X20 GR,miss,tokin_catalog,ARC-1012143,,,,,
almaro,12151,BT.YOGHURT FTOS ROJO 36X150 G,miss,tokin_catalog,ARC-1012151,,,,,
almaro,12152,MOG.RATA N ROCK 24X5,miss,tokin_catalog,ARC-1012152,,,,,
almaro,12153,ROCKLETS VS MAX 9X12X40 GR,miss,tokin_catalog,ARC-1012153,,,,,
almaro,12154,MERMELADA PERA BC 12X390GR,miss,tokin_catalog,ARC-1012154,,,,,
almaro,12155,MERM DURAZ/MARACUYA 12X390GR,miss,tokin_catalog,ARC-1012155,,,,,
almaro,12158,CROSS CHORIPAN 32X74,miss,tokin_catalog,ARC-1012158,,,,,
almaro,12159,CROSS CHORIPAN 60X30,miss,tokin_catalog,ARC-1012159,,,,,
almaro,12160,H. ARCOR MUNDIAL 24,miss,tokin_catalog,ARC-1012160,,,,,
almaro,12161,MOG.BODY PART IES 24,miss,tokin_catalog,ARC-1012161,,,,,
almaro,12169,MINIBOTADERO MOGUL X,miss,tokin_catalog,ARC-1012169,,,,,
almaro,12174,CHUP.MR.P.MONST.BI-P,miss,tokin_catalog,ARC-1012174,,,,,
almaro,12175,CHICLE POOSH TUTTI 16X 50U X 4.5G,miss,tokin_catalog,ARC-1012175,,,,,
almaro,12176,CHICLE POOSH MENTA 16X50X4.5G,miss,tokin_catalog,ARC-1012176,,,,,
almaro,12177,CHICLE POOSH FTLLA 16X 50U X 4.5G,miss,tokin_catalog,ARC-1012177,,,,,
almaro,12179,MERMELADA PERA LC 12X454GR,miss,tokin_catalog,ARC-1012179,,,,,
almaro,12180,MERM DURAZ/ MARACUY LC 12X454G,miss,tokin_catalog,ARC-1012180,,,,,
almaro,12181,CONF DUR ARC DISN NENE 12X320 GRS,miss,tokin_catalog,ARC-1012181,,,,,
almaro,12182,CONF FRU ARC DISN NENE 12X320 G,miss,tokin_catalog,ARC-1012182,,,,,
almaro,12183,POSTRE ITALIANO 6U X,miss,tokin_catalog,ARC-1012183,,,,,
almaro,12185,MOGUL FRU-LIM-NAR 24U X 60G,miss,tokin_catalog,ARC-1012185,,,,,
almaro,12191,PALITO CINDOR 12D X 6U X 50G,miss,tokin_catalog,ARC-1012191,,,,,
almaro,12193,COFLER DDL 16U X 63G,miss,tokin_catalog,ARC-1012193,,,,,
almaro,12196,PALITO UNICORNIO 24U,miss,tokin_catalog,ARC-1012196,,,,,
almaro,12201,TORRE EN COLORES 6X4,miss,tokin_catalog,ARC-1012201,,,,,
almaro,12202,CALABAZA C/LUZ LED12,miss,tokin_catalog,ARC-1012202,,,,,
almaro,12203,MOGUL FRU-LIM-NAR 12DX6UX60G,miss,tokin_catalog,ARC-1012203,,,,,
almaro,12204,CALAB.MAST.HALLOW.12,miss,tokin_catalog,ARC-1012204,,,,,
almaro,12206,ESFERAS MORAS 12X250,miss,tokin_catalog,ARC-1012206,,,,,
almaro,12210,PASAS C/CHO.AGUILA 30X120 G,miss,tokin_catalog,ARC-1012210,,,,,
almaro,12211,ALMEN C/CHO.AGUILA 30X120 G,miss,tokin_catalog,ARC-1012211,,,,,
almaro,12212,RASPBERRY C/CH.AGUIL,miss,tokin_catalog,ARC-1012212,,,,,
almaro,12213,NARANJ C/CHO.AGUIL 3,miss,tokin_catalog,ARC-1012213,,,,,
almaro,12214,CEREAL CRUNCH C/CHOC 30X60G,miss,tokin_catalog,ARC-1012214,,,,,
almaro,12217,CONITOS UNICORNIOS 12X12X25 GRS,miss,tokin_catalog,ARC-1012217,,,,,
almaro,12218,HUEVO C/SORP UNICORN 6X8X20G,miss,tokin_catalog,ARC-1012218,,,,,
almaro,12221,PAST.PASTI-BOOM 24X1,miss,tokin_catalog,ARC-1012221,,,,,
almaro,12223,ROCKL BLACK&WHITE 12,miss,tokin_catalog,ARC-1012223,,,,,
almaro,12224,TUPPER BATAL.BEST.RO,miss,tokin_catalog,ARC-1012224,,,,,
almaro,12227,CATALOGO MARCAS COMPARTIDAS,miss,tokin_catalog,ARC-1012227,,,,,
almaro,12229,VOLCAN AGUILA 12X375 G,miss,tokin_catalog,ARC-1012229,,,,,
almaro,12231,VASO JURASSIC WORLD 24X135 GRS,miss,tokin_catalog,ARC-1012231,,,,,
almaro,12237,JG.PV.HALLOWEE.CEREZ 12X18X20 GR,miss,tokin_catalog,ARC-1012237,,,,,
almaro,12238,JG.PV.HALLOWEEN.UVA. 12X18X20 G,miss,tokin_catalog,ARC-1012238,,,,,
almaro,12239,JG.PV.HALLO.COL/TUTT 12X18X20 GR,miss,tokin_catalog,ARC-1012239,,,,,
almaro,12240,JG.PV.COLLE.MZNA/MIE 16X18X9GR,miss,tokin_catalog,ARC-1012240,,,,,
almaro,12241,JG.PV.COLLE.FRUT.BOS 16X18X9G,miss,tokin_catalog,ARC-1012241,,,,,
almaro,12242,JG.PV.COLLE.MELO/PEP 16X18X9GR,miss,tokin_catalog,ARC-1012242,,,,,
almaro,12243,CH TL CR MENTA 24X6X15.3GR,miss,tokin_catalog,ARC-1012243,,,,,
almaro,12244,CH TL CR FRUTILLA 24X6X15.3GR,miss,tokin_catalog,ARC-1012244,,,,,
almaro,12248,CHI.MIGLOB.HW.TATTOO,miss,tokin_catalog,ARC-1012248,,,,,
almaro,12249,CHUP.EXH.TROMP.UNICO,miss,tokin_catalog,ARC-1012249,,,,,
almaro,12250,CHUP.TROMP.HALLOW.12,miss,tokin_catalog,ARC-1012250,,,,,
almaro,12251,PAN FLAUTA 63U X 80G,miss,tokin_catalog,ARC-1012251,,,,,
almaro,12252,MORITA NAVIDAD 24X12,miss,tokin_catalog,ARC-1012252,,,,,
almaro,12253,GOMITA PINITO NAVIDA,miss,tokin_catalog,ARC-1012253,,,,,
almaro,12254,STARLIGHT CRAZY 36X1,miss,tokin_catalog,ARC-1012254,,,,,
almaro,12256,ALMIBAR PANIFICADOS,miss,tokin_catalog,ARC-1012256,,,,,
almaro,12257,ESFERA NAV.ALM CHO A,miss,tokin_catalog,ARC-1012257,,,,,
almaro,12258,ESFERA NAV. ROCKLETS,miss,tokin_catalog,ARC-1012258,,,,,
almaro,12259,ESFERA NAV.MANI CR.A,miss,tokin_catalog,ARC-1012259,,,,,
almaro,12262,ESFERA MORA NAVIDAD,miss,tokin_catalog,ARC-1012262,,,,,
almaro,12263,HVITO AGUILA BAND.27,miss,tokin_catalog,ARC-1012263,,,,,
almaro,12264,CALABAZA HAL.HUESOS 12X4,miss,tokin_catalog,ARC-1012264,,,,,
almaro,12265,ROCKLETS 3 DESEOS 24X120G,miss,tokin_catalog,ARC-1012265,,,,,
almaro,12271,HVO CHOC.LECH ROCKLE,miss,tokin_catalog,ARC-1012271,,,,,
almaro,12277,MINI HOG. 7 SEMILLAS 32X75G,miss,tokin_catalog,ARC-1012277,,,,,
almaro,12278,MINI HOG.MIX DE CERE 32X75G,miss,tokin_catalog,ARC-1012278,,,,,
almaro,12282,AL.LIQ NAR/DUR/TE.NEGRO BC 12X1L,miss,tokin_catalog,ARC-1012282,,,,,
almaro,12283,AL.LIQ PER/UVA/TE.VERDE BC 12X1L,miss,tokin_catalog,ARC-1012283,,,,,
almaro,12284,AL.LIQ MANZ/GRA/TE.BLANCO BC 12X1L,miss,tokin_catalog,ARC-1012284,,,,,
almaro,12289,LONCHERA HVO.AVENGER,miss,tokin_catalog,ARC-1012289,,,,,
almaro,12290,LONCHERA HVO.FROZEN,miss,tokin_catalog,ARC-1012290,,,,,
almaro,12291,CUBANIT.CHO.AGUILA 3,miss,tokin_catalog,ARC-1012291,,,,,
almaro,12296,MERM. FRUTOS ROJOS L,miss,tokin_catalog,ARC-1012296,,,,,
almaro,12297,HUEVO BOB CHOCOLINAS,miss,tokin_catalog,ARC-1012297,,,,,
almaro,12300,HUEVO BOB 12X330G,miss,tokin_catalog,ARC-1012300,,,,,
almaro,12301,HUEVO AGUILA DÂ´OR 12,miss,tokin_catalog,ARC-1012301,,,,,
almaro,12302,HUEVO ROCK MULTIDIV,miss,tokin_catalog,ARC-1012302,,,,,
almaro,12303,HUEVO AVENGERS 12X17,miss,tokin_catalog,ARC-1012303,,,,,
almaro,12304,HVO LECHE BELLA 12X1,miss,tokin_catalog,ARC-1012304,,,,,
almaro,12305,HUEVO AUTOS LOCOS BO,miss,tokin_catalog,ARC-1012305,,,,,
almaro,12306,HTVO.AGUILA VASO V.2,miss,tokin_catalog,ARC-1012306,,,,,
almaro,12307,HVO.PAW PATROL 2X24U,miss,tokin_catalog,ARC-1012307,,,,,
almaro,12308,HVO.SIMONES 2X24U.X20G FP,miss,tokin_catalog,ARC-1012308,,,,,
almaro,12309,HVO.ROCKLET VASO TER,miss,tokin_catalog,ARC-1012309,,,,,
almaro,12310,HVO PIXAR TUPPER 12X,miss,tokin_catalog,ARC-1012310,,,,,
almaro,12311,HVO BOB TUPPER 12X20,miss,tokin_catalog,ARC-1012311,,,,,
almaro,12312,HVO.PAW PATROL VASO,miss,tokin_catalog,ARC-1012312,,,,,
almaro,12313,HVO.AVENGER VASO 24X,miss,tokin_catalog,ARC-1012313,,,,,
almaro,12314,HVO.FROZEN VASO 24X7,miss,tokin_catalog,ARC-1012314,,,,,
almaro,12315,HVO PRINCES.VASO 24X,miss,tokin_catalog,ARC-1012315,,,,,
almaro,12317,HVO.FROZEN 8X12U.X22,miss,tokin_catalog,ARC-1012317,,,,,
almaro,12318,HVO.AVENGER 8X12U.X2,miss,tokin_catalog,ARC-1012318,,,,,
almaro,12319,HVO.PIXAR VASO 24X7U,miss,tokin_catalog,ARC-1012319,,,,,
almaro,12323,HVO LATA Ã?GU.G.REGIN,miss,tokin_catalog,ARC-1012323,,,,,
almaro,12324,HUEVO CHOCOL. SIMONE,miss,tokin_catalog,ARC-1012324,,,,,
almaro,12326,SALADIX CROSS HAMBUR 32X67G,miss,tokin_catalog,ARC-1012326,,,,,
almaro,12327,HUEVO CHOC PAW PATRO,miss,tokin_catalog,ARC-1012327,,,,,
almaro,12328,HUEVO SURTIDO BON O,miss,tokin_catalog,ARC-1012328,,,,,
almaro,12333,TAB CHO SEMIAM ARCOR 6X14X100G,miss,tokin_catalog,ARC-1012333,,,,,
almaro,12335,HUEVO AUTOS LOCOS ROCK 12X170G,miss,tokin_catalog,ARC-1012335,,,,,
almaro,12336,HVO LEC LIC.AVENGERS,miss,tokin_catalog,ARC-1012336,,,,,
almaro,12337,HUEVO LECHE PIXAR 4X,miss,tokin_catalog,ARC-1012337,,,,,
almaro,12338,MUGCAKE.LIMON .AMAP.24X70 GR,miss,tokin_catalog,ARC-1012338,,,,,
almaro,12339,MUGCAKE.VAINILLA.GRAN 24X70 GR,miss,tokin_catalog,ARC-1012339,,,,,
almaro,12340,MUGCAKE.CHOCOLATE.INTE 24X70 GR,miss,tokin_catalog,ARC-1012340,,,,,
almaro,12341,BARRA CM PROT F.SECO,miss,tokin_catalog,ARC-1012341,,,,,
almaro,12344,MOG. TWIST.VAINILLA 24X200G,miss,tokin_catalog,ARC-1012344,,,,,
almaro,12345,MOG.PUFFS FRUTILLA 2,miss,tokin_catalog,ARC-1012345,,,,,
almaro,12346,MOG.MARSHMALLOWS SAN,miss,tokin_catalog,ARC-1012346,,,,,
almaro,12350,CH EXTREME BBERRY 30X20X6.7G,miss,tokin_catalog,ARC-1012350,,,,,
almaro,12354,MORAS MOGUL 24X70G (,miss,tokin_catalog,ARC-1012354,,,,,
almaro,12371,CEREALES BAGLEY AVENA 30X155G,miss,tokin_catalog,ARC-1012371,,,,,
almaro,12383,CHUP. MIGLOBS 12X24X,miss,tokin_catalog,ARC-1012383,,,,,
almaro,12384,CHUP.MIGLOBS 12X24X1,miss,tokin_catalog,ARC-1012384,,,,,
almaro,12387,MOGUL EMOJI 12X12X25,miss,tokin_catalog,ARC-1012387,,,,,
almaro,12388,MOGUL EUCALIPTUS 12X10X50G,miss,tokin_catalog,ARC-1012388,,,,,
almaro,12389,MOGUL SANDIA EXTREME 12X10X55G,miss,tokin_catalog,ARC-1012389,,,,,
almaro,12395,TAB S.A LIMON COFLER,miss,tokin_catalog,ARC-1012395,,,,,
almaro,12406,GRAFFI SEMIAMA.LIMON 16X12X45G,miss,tokin_catalog,ARC-1012406,,,,,
almaro,12409,OBLEA CHOCOLINAS XL 8X16X54G,miss,tokin_catalog,ARC-1012409,,,,,
almaro,12413,CRUNCHER POCHOC ROCK,miss,tokin_catalog,ARC-1012413,,,,,
almaro,12414,CRUNCHER BCO ROCK 8X,miss,tokin_catalog,ARC-1012414,,,,,
almaro,12416,BARRA DE ARROZ ARCOR 6X20X16G,miss,tokin_catalog,ARC-1012416,,,,,
almaro,12435,BARRA SONRISAS 6X18X,miss,tokin_catalog,ARC-1012435,,,,,
almaro,12444,MANA POCKET 90X26G,miss,tokin_catalog,ARC-1012444,,,,,
almaro,12448,HOG.SALVADO POCKET 9,miss,tokin_catalog,ARC-1012448,,,,,
almaro,12503,SALADIX PAPAS BARBAC,miss,tokin_catalog,ARC-1012503,,,,,
almaro,12507,SALADIX PAPAS CHEDDA,miss,tokin_catalog,ARC-1012507,,,,,
almaro,12511,CHOCLO.GRANO.ARC S/S 24X300,miss,tokin_catalog,ARC-1012511,,,,,
almaro,12512,ARVEJ.SECA.ARC.S/S 24X300,miss,tokin_catalog,ARC-1012512,,,,,
almaro,12554,BAÑO REP.FRUT.AGUILA 8 X 6 X 150,miss,tokin_catalog,ARC-1012554,,,,,
almaro,12555,NAT.BREAK.NUTRIT.LG.8X8X24,miss,tokin_catalog,ARC-1012555,,,,,
almaro,12556,NAT.BRE.ENERG.LG.8X8X28.5G TPJ,miss,tokin_catalog,ARC-1012556,,,,,
almaro,12570,BARRA NAT.BREAK F.ROJO 6X20X40G,miss,tokin_catalog,ARC-1012570,,,,,
almaro,12575,ROCKLETS NICKELODEON,miss,tokin_catalog,ARC-1012575,,,,,
almaro,12577,HELADERAS BEBIDAS MI,miss,tokin_catalog,ARC-1012577,,,,,
almaro,12581,BARRA CAPPUCCINO SIMPLE 6X16X45,miss,tokin_catalog,ARC-1012581,,,,,
almaro,12582,CHUP. EXTREME DUO 12,miss,tokin_catalog,ARC-1012582,,,,,
almaro,12585,POOSH TUTTI FRUT 16X50X4.5,miss,tokin_catalog,ARC-1012585,,,,,
almaro,12586,POOSH MENTA 16X50X4.5,miss,tokin_catalog,ARC-1012586,,,,,
almaro,12587,POOSH FRUTILLA 16X50X4.5,miss,tokin_catalog,ARC-1012587,,,,,
almaro,12588,POOSH BLUEBERRY 16X50X4.5,miss,tokin_catalog,ARC-1012588,,,,,
almaro,12591,MOG.SOPA TENEBROSA 2,miss,tokin_catalog,ARC-1012591,,,,,
almaro,12599,NATURAL BREAK LIVI.L 8X8X24,miss,tokin_catalog,ARC-1012599,,,,,
almaro,12615,CH.MIGLOBS T.FRUT 36,miss,tokin_catalog,ARC-1012615,,,,,
almaro,12616,CH.MIGLOBS FRUTLLA 3,miss,tokin_catalog,ARC-1012616,,,,,
almaro,12629,TABL AGUILA 70%CACAO 6X15X150,miss,tokin_catalog,ARC-1012629,,,,,
almaro,12630,POTES DOSIF ROCKLETS 24X60,miss,tokin_catalog,ARC-1012630,,,,,
almaro,12648,MINI PALLET SURT.BOM X 48 DISPLAY,miss,tokin_catalog,ARC-1012648,,,,,
almaro,12672,GALL.CER.MIX.AVE/PAS 25X207,miss,tokin_catalog,ARC-1012672,,,,,
almaro,12673,GALL.CER.MIX.SEM/CHI,miss,tokin_catalog,ARC-1012673,,,,,
almaro,12674,GALL.CER.MIX FRU/CHI 25X207,miss,tokin_catalog,ARC-1012674,,,,,
almaro,12680,HOGAREÑAS MIX CEREAL 12X3X185G,miss,tokin_catalog,ARC-1012680,,,,,
almaro,12681,HOGAREÑAS 7 SEMILLAS,miss,tokin_catalog,ARC-1012681,,,,,
almaro,12682,HOGAREÑAS 7 SEMILLAS 12X3X189G,miss,tokin_catalog,ARC-1012682,,,,,
almaro,12683,CAR.MP ZERO SANDIA 12X12X8,miss,tokin_catalog,ARC-1012683,,,,,
almaro,12684,SALSA FILETTO 24X200,miss,tokin_catalog,ARC-1012684,,,,,
almaro,12690,TABLETA MANI Y ARANDANOS 35X90G,miss,tokin_catalog,ARC-1012690,,,,,
almaro,12691,MIX TURRONES Y TABLETAS 8X15UN,miss,tokin_catalog,ARC-1012691,,,,,
almaro,12692,MERM CIRU S/AZ  X 454,miss,tokin_catalog,ARC-1012692,,,,,
almaro,12706,"AG.MENTHOPLUS.MTOL.60X3X29,4G",miss,tokin_catalog,ARC-1012706,,,,,
almaro,12709,CHUP.MR.P.MONST.BI-P,miss,tokin_catalog,ARC-1012709,,,,,
almaro,12712,CONO AR CHOCAME 12X8,miss,tokin_catalog,ARC-1012712,,,,,
almaro,12713,BUDIN AGUILA BLACK 18X215 G,miss,tokin_catalog,ARC-1012713,,,,,
almaro,12715,BUDIN ARCOR SABOR CHOC 18X215G,miss,tokin_catalog,ARC-1012715,,,,,
almaro,12716,BUDIN ARCOR C/CHOC 18X215 G,miss,tokin_catalog,ARC-1012716,,,,,
almaro,12718,BUDIN ARCOR CON FRUTA 18X215G,miss,tokin_catalog,ARC-1012718,,,,,
almaro,12722,BUDIN BAGLEY CON FRUTA 18X215G,miss,tokin_catalog,ARC-1012722,,,,,
almaro,12728,PD ARCOR C/ALMENDRAS 12X400 G,miss,tokin_catalog,ARC-1012728,,,,,
almaro,12730,PD BAGLEY MADRILEÑO 12X400G,miss,tokin_catalog,ARC-1012730,,,,,
almaro,12732,PD BAGLEY C/ALMENDRA 12X400G,miss,tokin_catalog,ARC-1012732,,,,,
almaro,12733,PD ARCOR C/ALMENDR L,miss,tokin_catalog,ARC-1012733,,,,,
almaro,12739,SALADIX PAPA CHEDDAR,miss,tokin_catalog,ARC-1012739,,,,,
almaro,12740,SALADIX PAPA BARBACO,miss,tokin_catalog,ARC-1012740,,,,,
almaro,12741,SALADIX QUESITOS 60X,miss,tokin_catalog,ARC-1012741,,,,,
almaro,12758,MINI COFLER ALMENDRAS 12X4X50G,miss,tokin_catalog,ARC-1012758,,,,,
almaro,12772,POUCH AGUI.CELE VNLL 8 X 6 X 150,miss,tokin_catalog,ARC-1012772,,,,,
almaro,12776,POSTRE.BC.VAINILLA.6X8X50GR,miss,tokin_catalog,ARC-1012776,,,,,
almaro,12777,POSTRE.BC.LIMON.CREMA.6X8X50GR,miss,tokin_catalog,ARC-1012777,,,,,
almaro,12778,POSTRE.BC.CHOCOLATE.6X8X60GR,miss,tokin_catalog,ARC-1012778,,,,,
almaro,12779,GELATINA.MOGUL.SANDIA.6X8X30GR,miss,tokin_catalog,ARC-1012779,,,,,
almaro,12782,CALABAZA-CRUNCH 18X5,miss,tokin_catalog,ARC-1012782,,,,,
almaro,12783,CALABAZA-CRUNCH 28X8,miss,tokin_catalog,ARC-1012783,,,,,
almaro,12784,LATA BUTTER TOF.12X3,miss,tokin_catalog,ARC-1012784,,,,,
almaro,12790,ARCOR COOKIES 20X81G,miss,tokin_catalog,ARC-1012790,,,,,
almaro,12791,MANI SALADO JAP.PIZZ,miss,tokin_catalog,ARC-1012791,,,,,
almaro,12792,MANI SALADO JAP.QUES,miss,tokin_catalog,ARC-1012792,,,,,
almaro,12793,MANI SALADO JAP.JAMO,miss,tokin_catalog,ARC-1012793,,,,,
almaro,12795,"BUT.TOF.LECHE6X907,5",miss,tokin_catalog,ARC-1012795,,,,,
almaro,12799,BUTTER TOFFEES LECHE,miss,tokin_catalog,ARC-1012799,,,,,
almaro,12800,BUTTER TOFFEES CHOCOLATE48X90G,miss,tokin_catalog,ARC-1012800,,,,,
almaro,12801,BUTTER TOFFEES BON O BON48X90G,miss,tokin_catalog,ARC-1012801,,,,,
almaro,12805,JG.PV.BC.POM.AMARILL.16X18X9 G,miss,tokin_catalog,ARC-1012805,,,,,
almaro,12808,ARANDANOS C/CH L.AGUIL 30X120G,miss,tokin_catalog,ARC-1012808,,,,,
almaro,12809,ROCK WHITE HALLOWEEN,miss,tokin_catalog,ARC-1012809,,,,,
almaro,12812,HVO.VASO TRANSFOR.24X7U.X10G,miss,tokin_catalog,ARC-1012812,,,,,
almaro,12813,FRAMBUESAS C/CH LEC AG 30X120G,miss,tokin_catalog,ARC-1012813,,,,,
almaro,12814,HVO.BOB ESPONJA 12X170G,miss,tokin_catalog,ARC-1012814,,,,,
almaro,1282,POSTRE DULCE DE LECHE * 140 GR,miss,tokin_catalog,ARC-101282,,,,,
almaro,12840,HVO.TRANSFORM.2X24X20GR,miss,tokin_catalog,ARC-1012840,,,,,
almaro,12841,AGRUP.PICADITA DULCE 18X320G,miss,tokin_catalog,ARC-1012841,,,,,
almaro,12843,HVO.VASO P.PATROL P.G 24X70G,miss,tokin_catalog,ARC-1012843,,,,,
almaro,12844,HVO.VASO TERM.SIRENA 24X7X10G,miss,tokin_catalog,ARC-1012844,,,,,
almaro,12851,FIG.LEC.BOB ESPONJA 6X20UX20GR,miss,tokin_catalog,ARC-1012851,,,,,
almaro,12855,CHOCOCHIPS 24X118G,miss,tokin_catalog,ARC-1012855,,,,,
almaro,12860,HVO.SIRENAS F.BOX 15X50G,miss,tokin_catalog,ARC-1012860,,,,,
almaro,12861,HVO.MI PEQ.PONY 12X100G,miss,tokin_catalog,ARC-1012861,,,,,
almaro,12862,JG.PV.NARANJA/VERBEN,miss,tokin_catalog,ARC-1012862,,,,,
almaro,12863,JG.PV.LIMONADA/PEPIN,miss,tokin_catalog,ARC-1012863,,,,,
almaro,12864,JG.PV.BC.POMEL/CEDRO,miss,tokin_catalog,ARC-1012864,,,,,
almaro,12866,HVO.SIRENA PENCI 8X12X22GR,miss,tokin_catalog,ARC-1012866,,,,,
almaro,12867,BARRA NATURAL BREAK,miss,tokin_catalog,ARC-1012867,,,,,
almaro,12868,BARR NAT.BREAK F.ROJO 6X20X33G,miss,tokin_catalog,ARC-1012868,,,,,
almaro,12870,HVO AGUILA 3 CHOCOLATE 20x133g,miss,tokin_catalog,ARC-1012870,,,,,
almaro,12874,HVO.BOB ESPONJA 12X100GR,miss,tokin_catalog,ARC-1012874,,,,,
almaro,12875,HUEVO BOB CHIPS 4X6X120G,miss,tokin_catalog,ARC-1012875,,,,,
almaro,12876,HVO.SIMONES C/SOR.4X6X100G,miss,tokin_catalog,ARC-1012876,,,,,
almaro,12877,HVO.TRANSFORMER C/SOR.4X6X100G,miss,tokin_catalog,ARC-1012877,,,,,
almaro,12919,HVO.SIRENA EXH.12X170G,miss,tokin_catalog,ARC-1012919,,,,,
almaro,12929,COMBO LUNCH+JUGO ARC,miss,tokin_catalog,ARC-1012929,,,,,
almaro,12955,CEREALES BAGLEY SALVAD.36X169G,miss,tokin_catalog,ARC-1012955,,,,,
almaro,12956,SALADIX PANCETA 4X6X100,miss,tokin_catalog,ARC-1012956,,,,,
almaro,12957,SALADIX PANCETA 8X6X,miss,tokin_catalog,ARC-1012957,,,,,
almaro,13015,"MOGUL CONITOS X1,1 K",miss,tokin_catalog,ARC-1013015,,,,,
almaro,1302,MR.P.HELL.KITTY X50,miss,tokin_catalog,ARC-101302,,,,,
almaro,13112,POST.AG CARAM/COCO 2,miss,tokin_catalog,ARC-1013112,,,,,
almaro,13113,POSTRE AGUILA MOUSSE 21x160G,miss,tokin_catalog,ARC-1013113,,,,,
almaro,13124,CATALOGO MARCAS COMPARTIDAS,miss,tokin_catalog,ARC-1013124,,,,,
almaro,13128,DULCE DE MEMBRILLO LC 1X5KG,miss,tokin_catalog,ARC-1013128,,,,,
almaro,13129,DULCE DE BATATA LC 1X5 KG,miss,tokin_catalog,ARC-1013129,,,,,
almaro,13214,HVO PAW PATROL 2X12X55GR,miss,tokin_catalog,ARC-1013214,,,,,
almaro,13233,HUEVO SIRENAS ST FP 4X6X100G,miss,tokin_catalog,ARC-1013233,,,,,
almaro,13234,HVO BOB ESPONJA 4X6X100G-ST,miss,tokin_catalog,ARC-1013234,,,,,
almaro,13289,"HVO TOFI DISPLAY 8X60X8,4GR",miss,tokin_catalog,ARC-1013289,,,,,
almaro,13291,HVO PAW PATROL DOYPACK 9X170GR,miss,tokin_catalog,ARC-1013291,,,,,
almaro,13293,SALADIX FUGAZZETTA 30g,miss,tokin_catalog,ARC-1013293,,,,,
almaro,13298,HVO COFLER BLOCK PF 4X6X120GR,miss,tokin_catalog,ARC-1013298,,,,,
almaro,13299,HVO COFLER ROCKLETS 4X6X125GR,miss,tokin_catalog,ARC-1013299,,,,,
almaro,13309,HVO ARCOR ANIVERSARI,miss,tokin_catalog,ARC-1013309,,,,,
almaro,13320,HVO BOB ESPONJA 9X170G DOYP,miss,tokin_catalog,ARC-1013320,,,,,
almaro,13327,TAB.ARCOR 70°ANIVER. 8X10X105G,miss,tokin_catalog,ARC-1013327,,,,,
almaro,13351,HUEVITO BOB DISPLAY 12X30X10G,miss,tokin_catalog,ARC-1013351,,,,,
almaro,13370,LATA 70 AÑOS ARCOR 4,miss,tokin_catalog,ARC-1013370,,,,,
almaro,13398,MOGUL DIENTES (10%GR,miss,tokin_catalog,ARC-1013398,,,,,
almaro,1340,FLAN CHOCOLATE * 100 GRS GODET,miss,tokin_catalog,ARC-101340,,,,,
almaro,1350,FLAN VAINILLA GODET * 65 GRS,miss,tokin_catalog,ARC-101350,,,,,
almaro,13508,CAR MP CHERRY 12X14X,miss,tokin_catalog,ARC-1013508,,,,,
almaro,13509,CAR MP STRONG 12X14X,miss,tokin_catalog,ARC-1013509,,,,,
almaro,13519,BOLSAS KRAFT ARCOR EN CASA,miss,tokin_catalog,ARC-1013519,,,,,
almaro,13521,MENTA CRISTAL 6X891G,miss,tokin_catalog,ARC-1013521,,,,,
almaro,13582,POSTRE BOB REGULAR 42X95G,miss,tokin_catalog,ARC-1013582,,,,,
almaro,13628,POST.CH.ALMEND AG.DOR 21X160G,miss,tokin_catalog,ARC-1013628,,,,,
almaro,13629,POST.SA BERRIES AG.DOR 21X160G,miss,tokin_catalog,ARC-1013629,,,,,
almaro,13634,POSTRE BOB TENTAC. NAV 42X120G,miss,tokin_catalog,ARC-1013634,,,,,
almaro,13637,POSTRE BOB BOMBABON 42X110G,miss,tokin_catalog,ARC-1013637,,,,,
almaro,13638,POSTR BOB BOMBABON 24X250G,miss,tokin_catalog,ARC-1013638,,,,,
almaro,13641,BOTA BOB NAVIDAD 16X150G,miss,tokin_catalog,ARC-1013641,,,,,
almaro,13642,CRUNCHY MIX AGUILA 30X120G,miss,tokin_catalog,ARC-1013642,,,,,
almaro,13643,CROCANTINOS MANI ARC,miss,tokin_catalog,ARC-1013643,,,,,
almaro,13676,HUEVO ARCOR MILK DINO 12X140G,miss,tokin_catalog,ARC-1013676,,,,,
almaro,13677,HVO ARC MILK UNICORNIO 12X140G,miss,tokin_catalog,ARC-1013677,,,,,
almaro,13684,"HVITO COF.BLOCK DISP 8X60X7,8G",miss,tokin_catalog,ARC-1013684,,,,,
almaro,13685,HVO 47 STREET LEC/CO,miss,tokin_catalog,ARC-1013685,,,,,
almaro,13693,HUEVITO BON O BON 27X20X7.8G,miss,tokin_catalog,ARC-1013693,,,,,
almaro,13695,HHVO COFLER CHOCOL.BLOCK 6X1KG,miss,tokin_catalog,ARC-1013695,,,,,
almaro,13696,FIG.JOYSTICK LE C/CONF 24X125G,miss,tokin_catalog,ARC-1013696,,,,,
almaro,13697,FIG. CELULAR LE C/CONF 24X125G,miss,tokin_catalog,ARC-1013697,,,,,
almaro,13698,"FIGURA CORAZÃ""N LECHE",miss,tokin_catalog,ARC-1013698,,,,,
almaro,13865,RAPTOR BARRA PROTEIN MANI 6X16X45G,miss,tokin_catalog,ARC-1013865,,,,,
almaro,1394,HVO CHOC LECH RELL BOB 12X210GR,miss,tokin_catalog,ARC-101394,,,,,
almaro,13951,PD ARCOR FRUTOS SECOS 6X700G,miss,tokin_catalog,ARC-1013951,,,,,
almaro,13978,COFLER BLOCK MAX BLANCO 30X100G,miss,tokin_catalog,ARC-1013978,,,,,
almaro,13980,ALMENDRA BLACK VELVET AGUILA 30X120G,miss,tokin_catalog,ARC-1013980,,,,,
almaro,13984,PD ARCOR C/ALMENDR LATA 4X500G,miss,tokin_catalog,ARC-1013984,,,,,
almaro,13987,MEDALLON  AGUILA DOS SABORES 20X12X14G,miss,tokin_catalog,ARC-1013987,,,,,
almaro,14013,HVO COF.BLOC MITI-MITI 12X170G,miss,tokin_catalog,ARC-1014013,,,,,
almaro,14015,HUEVO BOB REGALERIA,miss,tokin_catalog,ARC-1014015,,,,,
almaro,14017,FIGURA BOB CORAZÓN 12X120G S/T,miss,tokin_catalog,ARC-1014017,,,,,
almaro,14020,HVO AGUI 60%CACAO 12X115G S/T,miss,tokin_catalog,ARC-1014020,,,,,
almaro,14022,HVITO AGU 60%CACAO 60X8GR,miss,tokin_catalog,ARC-1014022,,,,,
almaro,14023,HVITO ARCOR MILK 8X60X8G S/T,miss,tokin_catalog,ARC-1014023,,,,,
almaro,14027,HUEVO POPup 12X110 G,miss,tokin_catalog,ARC-1014027,,,,,
almaro,14030,HVITOS ARC MILK B 28X10X7.8GR,miss,tokin_catalog,ARC-1014030,,,,,
almaro,14031,BUDIN BAG TEN RELL.D,miss,tokin_catalog,ARC-1014031,,,,,
almaro,14032,CONEJO BOB LECHE 6X12X50G-FP,miss,tokin_catalog,ARC-1014032,,,,,
almaro,14033,CONEJO BOB BCO 6X12X50G-FP,miss,tokin_catalog,ARC-1014033,,,,,
almaro,14083,NAT.BREAK.NUTRITIVO BOLSA 30 GR,miss,tokin_catalog,ARC-1014083,,,,,
almaro,14084,HVO AR.MILK CASTI.DINO 12X140G,miss,tokin_catalog,ARC-1014084,,,,,
almaro,14174,BOTONES 50% COFLER 30X100G NAV,miss,tokin_catalog,ARC-1014174,,,,,
almaro,14222,CHUP. BLOODY POPS HW,miss,tokin_catalog,ARC-1014222,,,,,
almaro,14225,CAR.HECHIZO SURT 10X,miss,tokin_catalog,ARC-1014225,,,,,
almaro,14238,ALMENDRA DOBLE TENTACION AGUILA 30x120G,miss,tokin_catalog,ARC-1014238,,,,,
almaro,14240,POSTRE COFLER BLANCO CHOCOLINAS 6X6X110G,miss,tokin_catalog,ARC-1014240,,,,,
almaro,14242,PASAS DE UVA CON CHOCOLATE AGUILA MAX 30X120G,miss,tokin_catalog,ARC-1014242,,,,,
almaro,14245,POSTRE COFLER BLOCK CHOCOMANI 6X6X110G,miss,tokin_catalog,ARC-1014245,,,,,
almaro,14269,TURRON ALM/ALIC-AR 3,miss,tokin_catalog,ARC-1014269,,,,,
almaro,14271,TURRON ALM/CACAO A 3,miss,tokin_catalog,ARC-1014271,,,,,
almaro,14283,HUEVO COFLER SIN FIN 12X428GR,miss,tokin_catalog,ARC-1014283,,,,,
almaro,14291,BOLSITA TOFI 28X10X8.4GR,miss,tokin_catalog,ARC-1014291,,,,,
almaro,14306,PD ARCOR C/ALMENDR L,miss,tokin_catalog,ARC-1014306,,,,,
almaro,14321,HUEVO ARCOR MILK DINO RACE 12x140,miss,tokin_catalog,ARC-1014321,,,,,
almaro,14344,HVO ARC MILK UNICORN 12 X 140 GR,miss,tokin_catalog,ARC-1014344,,,,,
almaro,14368,BOB CALEND ADVIE 12X,miss,tokin_catalog,ARC-1014368,,,,,
almaro,1444,HVO CHO BCO RELL BOB,miss,tokin_catalog,ARC-101444,,,,,
almaro,14455,CONEJO ROCKLETS 6X6X110GR,miss,tokin_catalog,ARC-1014455,,,,,
almaro,14490,PD RELL. COFLER X530,miss,tokin_catalog,ARC-1014490,,,,,
almaro,14556,GELA.FRUTILLA.NOEL.6X8X25.GR,miss,tokin_catalog,ARC-1014556,,,,,
almaro,14624,HVITO ARC MILK DISPENSR 60X8GR,miss,tokin_catalog,ARC-1014624,,,,,
almaro,14738,POSTRE CHOCOTORTA 6X12X110G,miss,tokin_catalog,ARC-1014738,,,,,
almaro,14753,PD BAGLEY C/ FRUTAS,miss,tokin_catalog,ARC-1014753,,,,,
almaro,14754,PAN DULCE BAGLEY FRUTOS SECOS 6X700G,miss,tokin_catalog,ARC-1014754,,,,,
almaro,14755,BUDIN COFLER 18X215G,miss,tokin_catalog,ARC-1014755,,,,,
almaro,14770,TURRON ALMENDRA ALICANTE ARCOR 35X100G,miss,tokin_catalog,ARC-1014770,,,,,
almaro,14808,HVITO COFLER CHOCOTO 8X60X8GR,miss,tokin_catalog,ARC-1014808,,,,,
almaro,14809,HVITO COFL CHOCOTORT BOLSA 28X10X8GR,miss,tokin_catalog,ARC-1014809,,,,,
almaro,14810,HVITO COFLER BLOCK 28X10X8GR,miss,tokin_catalog,ARC-1014810,,,,,
almaro,14811,HUEVITOS AGUILA REGA 20X8GR,miss,tokin_catalog,ARC-1014811,,,,,
almaro,14812,HUEVO COFLER BLOCK 12X115GR,miss,tokin_catalog,ARC-1014812,,,,,
almaro,14813,HUEVO AGUILA AVELLAN 12x115gr,miss,tokin_catalog,ARC-1014813,,,,,
almaro,14814,HUEVO COFLER ALMENDR 12X158GR,miss,tokin_catalog,ARC-1014814,,,,,
almaro,14815,HUEVO COFLER CHOCOTO 12X162GR,miss,tokin_catalog,ARC-1014815,,,,,
almaro,14816,HUEVO COFLER LECHE 12X54GR,miss,tokin_catalog,ARC-1014816,,,,,
almaro,14817,HUEV COF ROK 12X54G,miss,tokin_catalog,ARC-1014817,,,,,
almaro,14818,FIG. CHOCOLAT OSO BO 6X12X70G,miss,tokin_catalog,ARC-1014818,,,,,
almaro,14819,CONEJO ROCKLETS 6X12X55GR,miss,tokin_catalog,ARC-1014819,,,,,
almaro,14820,HUEVO ROCKLETS COHETE 6X530GR,miss,tokin_catalog,ARC-1014820,,,,,
almaro,14821,HUEVO CORAZON BOB LE 12X70GR,miss,tokin_catalog,ARC-1014821,,,,,
almaro,14822,HUEVO CORAZON BOB BCO 12X70GR,miss,tokin_catalog,ARC-1014822,,,,,
almaro,14824,CACERIA HVITOS ROCKL 12X20X13GR,miss,tokin_catalog,ARC-1014824,,,,,
almaro,14825,HVO POP UP COHETE RO 12X110GR,miss,tokin_catalog,ARC-1014825,,,,,
almaro,14831,HVO ARC MILK TROMPO 12 x140g,miss,tokin_catalog,ARC-1014831,,,,,
almaro,1495,FLAN DULCE DE LECHE * 65 GRS G,miss,tokin_catalog,ARC-101495,,,,,
almaro,15073,ROCKLETS P. BUTTER 12 X 18 X 40G,miss,tokin_catalog,ARC-1015073,,,,,
almaro,15140,HUEVITO ARCOR GRAVITY 8X60X8G,miss,tokin_catalog,ARC-1015140,,,,,
almaro,15160,MOGUL FANTASMAS 12X12X30G,miss,tokin_catalog,ARC-1015160,,,,,
almaro,15248,PAN DULCE BAGLEY ARANDANOS Y CHIPS 12X400G,miss,tokin_catalog,ARC-1015248,,,,,
almaro,15249,PAN DULCE BAGLEY FRUTOS SECOS 12X400G,miss,tokin_catalog,ARC-1015249,,,,,
almaro,15281,PAN DULCE COFLER RELLENO CHOCO 10X450G,miss,tokin_catalog,ARC-1015281,,,,,
almaro,15282,PAN DULCE COFLER RELLENO DULCE DE LECHE 10X450G,miss,tokin_catalog,ARC-1015282,,,,,
almaro,15284,BUDIN COFLER RELLENO DULCE DE LECHE 6X250G,miss,tokin_catalog,ARC-1015284,,,,,
almaro,15295,BUDIN AGUILA RELLENO CHOCOLATE 6X250G,miss,tokin_catalog,ARC-1015295,,,,,
almaro,15299,JUG.MULT.ARC 2 LTS 12X18X13GRS,miss,tokin_catalog,ARC-1015299,,,,,
almaro,15307,TURRON COCO ARCOR 4X28X80G,miss,tokin_catalog,ARC-1015307,,,,,
almaro,15328,HUEVO COFLER COOKIES 12x162GR,miss,tokin_catalog,ARC-1015328,,,,,
almaro,15331,HUEVO ARCOR MILK NENA 12X180GR,miss,tokin_catalog,ARC-1015331,,,,,
almaro,15332,HUEVO ARCOR MILK NENE 12X180GR,miss,tokin_catalog,ARC-1015332,,,,,
almaro,15333,FIGURA CHOCOLATE OSO BON O BON  6X12X65GR,miss,tokin_catalog,ARC-1015333,,,,,
almaro,15334,HUEVITO BON O BON COCO 8X60X8GR,miss,tokin_catalog,ARC-1015334,,,,,
almaro,15342,HUEVO ROCKLETS 12X110GR,miss,tokin_catalog,ARC-1015342,,,,,
almaro,15458,TOM CUB LC A/F 2 X 12 X 400G,miss,tokin_catalog,ARC-1015458,,,,,
almaro,15481,LATA 75 AÑOS ARCOR - SURTIDO,miss,tokin_catalog,ARC-1015481,,,,,
almaro,15579,OBLEA BOB LECHE MEGA 12X12X48G,miss,tokin_catalog,ARC-1015579,,,,,
almaro,15624,PAN DULCE BAG. ARAND Y CHIPS 12X400 G,miss,tokin_catalog,ARC-1015624,,,,,
almaro,15639,CHOCOLINAS RELLE  X 231G PROMO TAZ,miss,tokin_catalog,ARC-1015639,,,,,
almaro,1675,HUEVO TOYS MUNDIAL 12 * 22 GRS,miss,tokin_catalog,ARC-101675,,,,,
almaro,1682,JALEA POLVO FRUTILLA  GODET 24X100 GRS,miss,tokin_catalog,ARC-101682,,,,,
almaro,1683,GELATINA CEREZA * 100 GRS,miss,tokin_catalog,ARC-101683,,,,,
almaro,1697,GELATINA NARANJA * 100 GRS,miss,tokin_catalog,ARC-101697,,,,,
almaro,1698,GELATINA FRAMBUESA * 100 GRS,miss,tokin_catalog,ARC-101698,,,,,
almaro,1699,GELATINA DURAZNO * 100 GRS,miss,tokin_catalog,ARC-101699,,,,,
almaro,1706,COPOS DE MAIZ * 160 GRS,miss,tokin_catalog,ARC-101706,,,,,
almaro,1709,SARDINA ACEITE OLIVA 24X120 G,miss,tokin_catalog,ARC-101709,,,,,
almaro,1741,LAPIDA CHUPETIN OJO,miss,tokin_catalog,ARC-101741,,,,,
almaro,1745,GELATINA MANZANA * 100 GRS,miss,tokin_catalog,ARC-101745,,,,,
almaro,1747,POSTRE CHOCOLATE * 140 GRS GOD,miss,tokin_catalog,ARC-101747,,,,,
almaro,1748,GALL. MACUCAS 36X123GRS,miss,tokin_catalog,ARC-101748,,,,,
almaro,1749,MACUCAS 12X3X123G,miss,tokin_catalog,ARC-101749,,,,,
almaro,1750,MENTHO PLUS CHERRY 12X12X30.6G,miss,tokin_catalog,ARC-101750,,,,,
almaro,1751,MENTHO PLUS MENTOL 12X12X30.6G,miss,tokin_catalog,ARC-101751,,,,,
almaro,1752,MENTHO PLUS STRONG 12X12X30.6 G,miss,tokin_catalog,ARC-101752,,,,,
almaro,1753,MENTHO PLUS MIEL  12X12X30.6 G,miss,tokin_catalog,ARC-101753,,,,,
almaro,1754,MENTHO PLUS MENTA 12X12X30.6 G,miss,tokin_catalog,ARC-101754,,,,,
almaro,1759,MENTHO PLUS AGR. CHERRY 60X3X30.6 G,miss,tokin_catalog,ARC-101759,,,,,
almaro,1760,MENTHO PLUS AGR. MENTOL  30X3X30.6 G,miss,tokin_catalog,ARC-101760,,,,,
almaro,1869,JUGO POOSH YAHOO NAR * 200 ML,miss,tokin_catalog,ARC-101869,,,,,
almaro,1887,HVTO.DOY PACK 21X192,miss,tokin_catalog,ARC-101887,,,,,
almaro,1950,HUEVO COFLER BLOCK * 25 GRS,miss,tokin_catalog,ARC-101950,,,,,
almaro,1957,GARRAPIÑADA ALMEN. ARCOR * 80,miss,tokin_catalog,ARC-101957,,,,,
almaro,2013,CHUPETIN MR. POPS SILBAPITO *,miss,tokin_catalog,ARC-102013,,,,,
almaro,2032,JUGO POOSH YAHOO MZA * 200 ML,miss,tokin_catalog,ARC-102032,,,,,
almaro,2089,JUGO POOSH YAHOO UVA * 200 ML,miss,tokin_catalog,ARC-102089,,,,,
almaro,2135,JUGO POOSH YAHOO DUO * 200 ML,miss,tokin_catalog,ARC-102135,,,,,
almaro,2137,BEBIDA POOSH YAHOO DURAZNO * 2,miss,tokin_catalog,ARC-102137,,,,,
almaro,2143,CARAMELO SURTIDOS OFERTA 6X1G.,miss,tokin_catalog,ARC-102143,,,,,
almaro,2151,FRUIT CRISTAL * 935 GRS.,miss,tokin_catalog,ARC-102151,,,,,
almaro,2158,ATUN EN ACEITE LC * 120 GRS,miss,tokin_catalog,ARC-102158,,,,,
almaro,2159,ATUN AL NATURAL * 120 GRS,miss,tokin_catalog,ARC-102159,,,,,
almaro,2165,HVO.HELLO KITTY 8X12,miss,tokin_catalog,ARC-102165,,,,,
almaro,22222,CMD 001 (CAJAS NAVIDEÑAS MEDIANAS),miss,tokin_catalog,ARC-1022222,,,,,
almaro,22223,CMD 002 (CAJAS NAVIDEÑAS MEDIANAS),miss,tokin_catalog,ARC-1022223,,,,,
almaro,22224,CMD 003 (CAJAS NAVIDEÑAS MEDIANAS),miss,tokin_catalog,ARC-1022224,,,,,
almaro,22225,CMD 004 (CAJAS NAVIDEÑAS MEDIANAS),miss,tokin_catalog,ARC-1022225,,,,,
almaro,22228,CMD 007 (CAJAS NAVIDEÑAS MEDIANAS),miss,tokin_catalog,ARC-1022228,,,,,
almaro,2403,TURRON MANI C/FRUTA * 280 GRS,miss,tokin_catalog,ARC-102403,,,,,
almaro,255049,EXH RAMEN,miss,tokin_catalog,ARC-10255049,,,,,
almaro,2583,CEREAL MIX RELL.FRUT 24X6X32G,miss,tokin_catalog,ARC-102583,,,,,
almaro,2586,CEREAL MIX RELL.DURA 6X18X32G,miss,tokin_catalog,ARC-102586,,,,,
almaro,2845,VAINILLA VALENTE 148 GR,miss,tokin_catalog,ARC-102845,,,,,
almaro,2980,BEBIDA BC NAR/MANG/MARU * 1 L,miss,tokin_catalog,ARC-102980,,,,,
almaro,2994,MENTHOPLUS C+ BLUEBERRY 12 UNI,miss,tokin_catalog,ARC-102994,,,,,
almaro,2999,HUEVO TOFI CH.LECHE 12X115G-ST,miss,tokin_catalog,ARC-102999,,,,,
almaro,300,EXHI KIOSCO SALADIX,miss,tokin_catalog,ARC-10300,,,,,
almaro,3001,BON-O-BON BLANCO * 30 UNID.,miss,tokin_catalog,ARC-103001,,,,,
almaro,3003,BON-O-BON LECHE * 18 UNID.,miss,tokin_catalog,ARC-103003,,,,,
almaro,3011,HELADO CHOCOLATE GODET * 75 GR,miss,tokin_catalog,ARC-103011,,,,,
almaro,3012,HELADO VAINILLA GODET * 65 GRS,miss,tokin_catalog,ARC-103012,,,,,
almaro,3013,HELADO DULCE DE LECHE GODET*65,miss,tokin_catalog,ARC-103013,,,,,
almaro,3014,HELADO FRUTILLA * 65 GRS,miss,tokin_catalog,ARC-103014,,,,,
almaro,3017,MINITORTA AGUILA 3 * 72 GRS,miss,tokin_catalog,ARC-103017,,,,,
almaro,3043,RELLENO UNTABLE B-O-B * 320 GR,miss,tokin_catalog,ARC-103043,,,,,
almaro,3047,RELLENO UNTABLE B-O-B CHOCO *,miss,tokin_catalog,ARC-103047,,,,,
almaro,3077,MOGUL JALEA FRUTILLA * 60 GRS,miss,tokin_catalog,ARC-103077,,,,,
almaro,3078,MOGUL JALEA CEREZA * 60 GRS,miss,tokin_catalog,ARC-103078,,,,,
almaro,3079,GELATINA MANZANA MOGUL * 60 GR,miss,tokin_catalog,ARC-103079,,,,,
almaro,3100,CHOC.AGUILA 6X15X100 GR F. ESP.,miss,tokin_catalog,ARC-103100,,,,,
almaro,3106,CHOC AGUILA COSTA DE MARFIL *,miss,tokin_catalog,ARC-103106,,,,,
almaro,3120,TABLETA AGUILA CHOCO/LECHE * 7,miss,tokin_catalog,ARC-103120,,,,,
almaro,3121,DOY PACK MINI *  170G,miss,tokin_catalog,ARC-103121,,,,,
almaro,3122,ROCKLETS BOLSA * 200 GRS,miss,tokin_catalog,ARC-103122,,,,,
almaro,3123,ROCKLET CONF. MINI * 200 GRS,miss,tokin_catalog,ARC-103123,,,,,
almaro,3132,HUEVO GODY LECHE * 20 GRS,miss,tokin_catalog,ARC-103132,,,,,
almaro,3133,CHUP. MR.POP.EVOL.MADAGAS.3  2,miss,tokin_catalog,ARC-103133,,,,,
almaro,3145,MOGUL MORITAS 16X300 GRS,miss,tokin_catalog,ARC-103145,,,,,
almaro,3146,HUEVO BAÑO C/LECHE BARBIE * 50,miss,tokin_catalog,ARC-103146,,,,,
almaro,3163,CHICLE TOPLINE CHANGE NAR/MTA,miss,tokin_catalog,ARC-103163,,,,,
almaro,3168,CHICLE NGTRENZ FRU.MANZ * 20 U,miss,tokin_catalog,ARC-103168,,,,,
almaro,3196,CHICLE TOPLINE 7 D.LEMON * 16,miss,tokin_catalog,ARC-103196,,,,,
almaro,3213,BARRA BON-O-BON CHOCOLATE 20 *,miss,tokin_catalog,ARC-103213,,,,,
almaro,3214,HELADO COFLER C/ALMEN 22 * 80,miss,tokin_catalog,ARC-103214,,,,,
almaro,3216,HELADO COFLER DULCE 22U.X63G,miss,tokin_catalog,ARC-103216,,,,,
almaro,3218,HELADO SLICE FRUTILLA 30 * 70,miss,tokin_catalog,ARC-103218,,,,,
almaro,3230,BARRA BON-O-BON 20 * 35 GRS,miss,tokin_catalog,ARC-103230,,,,,
almaro,3231,BARRA COFLER EXTRA MANI  * 46,miss,tokin_catalog,ARC-103231,,,,,
almaro,3232,BARRA COFLER EXTRA COCO  * 40,miss,tokin_catalog,ARC-103232,,,,,
almaro,3233,GELATINA OSITOS MAGUL * 90 GRS,miss,tokin_catalog,ARC-103233,,,,,
almaro,3234,JALEA BANANA MOGUL * 65 GRS,miss,tokin_catalog,ARC-103234,,,,,
almaro,3235,MOGUL JALEA UVA * 60 GRS,miss,tokin_catalog,ARC-103235,,,,,
almaro,3237,COFLER EXTRA MANI AGR. 3 * 46G,miss,tokin_catalog,ARC-103237,,,,,
almaro,3247,HUEVO B-O-B BLANCO * 20 GRS,miss,tokin_catalog,ARC-103247,,,,,
almaro,3249,HUEVO BON O BON LECHE * 20 GRS,miss,tokin_catalog,ARC-103249,,,,,
almaro,3501,PASAS DE UVA C/CHOC 30X100GR,miss,tokin_catalog,ARC-103501,,,,,
almaro,3633,HVITO BOB DISP.8X60UX7.8GR,miss,tokin_catalog,ARC-103633,,,,,
almaro,3785,CEREAL MIX CEREAL 32X6X23G,miss,tokin_catalog,ARC-103785,,,,,
almaro,3788,CEREAL MIX PALCER CHOC. 6 * 23,miss,tokin_catalog,ARC-103788,,,,,
almaro,3791,CEREALMIX MANZ.LIGHT 32X6X23G,miss,tokin_catalog,ARC-103791,,,,,
almaro,3794,CEREAL MIX LIGHT DURAZNO 20 *,miss,tokin_catalog,ARC-103794,,,,,
almaro,3795,CEREAL MIX LIGHT DURAZNO 3 * 2,miss,tokin_catalog,ARC-103795,,,,,
almaro,3797,MANI/CHOC CRO.ARC NAVI 30X100G,miss,tokin_catalog,ARC-103797,,,,,
almaro,3817,BIZCOCHOS DE GRASA * 200 GRS,miss,tokin_catalog,ARC-103817,,,,,
almaro,3818,GALL. MINI SCONES * 200 GRS,miss,tokin_catalog,ARC-103818,,,,,
almaro,3837,GALL. SER SALVADO 3 * 145 GRS,miss,tokin_catalog,ARC-103837,,,,,
almaro,3840,COPOS AZUCARADOS * 240 GRS,miss,tokin_catalog,ARC-103840,,,,,
almaro,3843,BARRA CEREAL MIX CAP,miss,tokin_catalog,ARC-103843,,,,,
almaro,3847,ESPANTOZOMBIES HALLO,miss,tokin_catalog,ARC-103847,,,,,
almaro,3855,CHICLE CONF. SANDIA TOPLINE 12 * 12 UNID.,miss,tokin_catalog,ARC-103855,,,,,
almaro,3857,BIZCOCHOS AZUCARADOS * 200 GRS,miss,tokin_catalog,ARC-103857,,,,,
almaro,3858,SALADIX CROSS 32X74G,miss,tokin_catalog,ARC-103858,,,,,
almaro,3859,SALADIX STICKS 20X80,miss,tokin_catalog,ARC-103859,,,,,
almaro,3860,SALADIX CROSS 60X30G,miss,tokin_catalog,ARC-103860,,,,,
almaro,3876,CALAB HALLOW. C/CAR ESPA * 400,miss,tokin_catalog,ARC-103876,,,,,
almaro,3877,POTE ESPANTOCAB HALLOW * 120 G,miss,tokin_catalog,ARC-103877,,,,,
almaro,3879,CAR. DUR. L.FIZZ HALLOW. * 48,miss,tokin_catalog,ARC-103879,,,,,
almaro,3880,CUBITOS DE FRUTA MOGUL * 300 G,miss,tokin_catalog,ARC-103880,,,,,
almaro,3887,TURRON ALMEN. T ALICANTE * 100,miss,tokin_catalog,ARC-103887,,,,,
almaro,3891,HELADO CONO TOFI 14U.X105G,miss,tokin_catalog,ARC-103891,,,,,
almaro,3903,TUR. MANI YEMA/DUL.LECH 35X110G,miss,tokin_catalog,ARC-103903,,,,,
almaro,3904,TURRON FRUTAS C/ YEMA * 110 GR,miss,tokin_catalog,ARC-103904,,,,,
almaro,3905,CROCANTE CASTAÑAS CAJU * 89 GR,miss,tokin_catalog,ARC-103905,,,,,
almaro,3918,TURRON CROCANTE C/ ALMEDRA * 8,miss,tokin_catalog,ARC-103918,,,,,
almaro,3923,TURRON ALM./ALICANTE CLASE A *,miss,tokin_catalog,ARC-103923,,,,,
almaro,3925,TURRON ALM/ALICICANTE * 90 GRS,miss,tokin_catalog,ARC-103925,,,,,
almaro,3927,TURRON ALMENDRA C/ YEMA * 110,miss,tokin_catalog,ARC-103927,,,,,
almaro,3928,TURRON MANI C/ MIEL * 90 GRS.,miss,tokin_catalog,ARC-103928,,,,,
almaro,3952,BOMBON HELADO ARCOR 40 * 60 CC,miss,tokin_catalog,ARC-103952,,,,,
almaro,3954,HELADO BARRITA AGUILA 24 * 49,miss,tokin_catalog,ARC-103954,,,,,
almaro,3956,HELADO CORAZON BON-O-BON 24 *,miss,tokin_catalog,ARC-103956,,,,,
almaro,3957,HELADO MINITORTA AGUI AMER.D/L,miss,tokin_catalog,ARC-103957,,,,,
almaro,3968,HELADO KOPA D. DE LECHE-AMER 1,miss,tokin_catalog,ARC-103968,,,,,
almaro,3969,HELADO KOPA FRUTILLA-AMERIC 18,miss,tokin_catalog,ARC-103969,,,,,
almaro,3970,HELADO KOPA CHOCO - AMERIC 18,miss,tokin_catalog,ARC-103970,,,,,
almaro,400,EXHI MEDIANO SALADIX,miss,tokin_catalog,ARC-10400,,,,,
almaro,4008,CHOC ROCKLETS ZANAHO,miss,tokin_catalog,ARC-104008,,,,,
almaro,4068,CEREAL MOGUL ANILLOS * 200 GRS,miss,tokin_catalog,ARC-104068,,,,,
almaro,4081,CONEJO.BOB.LECHE.6X12X50G,miss,tokin_catalog,ARC-104081,,,,,
almaro,4157,ALMENDRAS  C/ CHOC.LECH 30X100G,miss,tokin_catalog,ARC-104157,,,,,
almaro,4230,ROCKLETS MANI CON CHOCOLATE 24X120G,miss,tokin_catalog,ARC-104230,,,,,
almaro,4293,CONEJO BON O BON BCO 6X12X50G,miss,tokin_catalog,ARC-104293,,,,,
almaro,4504,HUEVO ROCKLETS LECHE *  60 GRS,miss,tokin_catalog,ARC-104504,,,,,
almaro,4525,HUEVO CHOC LECH MINIROCK * 180,miss,tokin_catalog,ARC-104525,,,,,
almaro,4532,HUEVITOS BOB LECH/CER. 10 * 8,miss,tokin_catalog,ARC-104532,,,,,
almaro,4610070,TUPPER BC,miss,tokin_catalog,ARC-104610070,,,,,
almaro,4683,MENTHO PLUS S/AZUCAR POMELO 12X12X26.6 G,miss,tokin_catalog,ARC-104683,,,,,
almaro,4709,CAR. GAJITOS * 485 GRS.,miss,tokin_catalog,ARC-104709,,,,,
almaro,4710,CAR. FRESH CRISTAL * 465 GRS,miss,tokin_catalog,ARC-104710,,,,,
almaro,4711,CAR. RODAJAS ARCOR * 150 GR.,miss,tokin_catalog,ARC-104711,,,,,
almaro,4712,CAR. STRONG CRISTAL * 500 GRS.,miss,tokin_catalog,ARC-104712,,,,,
almaro,4716,CAR. ICE CRISTAL * 418 GRS.,miss,tokin_catalog,ARC-104716,,,,,
almaro,4739,BEBIDAS BC DURAZNO * 1 L,miss,tokin_catalog,ARC-104739,,,,,
almaro,4750,BEBIDA BC NARANJA * 1 LT,miss,tokin_catalog,ARC-104750,,,,,
almaro,4751,BEBIDA BC MANZANA * 1 LT,miss,tokin_catalog,ARC-104751,,,,,
almaro,4752,BEBIDA BC MULTIFRUTAL * 1 LT,miss,tokin_catalog,ARC-104752,,,,,
almaro,4896,BOMBON DE FRUTA * 500 GRS,miss,tokin_catalog,ARC-104896,,,,,
almaro,4942,HOGAREÑAS SEMILLAS 12X3X181G,miss,tokin_catalog,ARC-104942,,,,,
almaro,4951,MEDALLON MENTA 30 * 15 GRS.,miss,tokin_catalog,ARC-104951,,,,,
almaro,4972,GARRAPIÑADAS CASTAÑA CAJU * 80,miss,tokin_catalog,ARC-104972,,,,,
almaro,500,EXHI GRANDE SALADIX,miss,tokin_catalog,ARC-10500,,,,,
almaro,5000,BON-O-BON LECHE * 30 UNID.,miss,tokin_catalog,ARC-105000,,,,,
almaro,501501,SERRANITAS X3X105GR,miss,tokin_catalog,ARC-10501501,,,,,
almaro,501503,CAJITA BUTTERTOFFES ENAMORADOS,miss,tokin_catalog,ARC-10501503,,,,,
almaro,501504,2 CORAZONES BONOBON,miss,tokin_catalog,ARC-10501504,,,,,
almaro,501505,JUGOS LIQ POR 200 ML,miss,tokin_catalog,ARC-10501505,,,,,
almaro,501507,BARRAS DE CEREAL,miss,tokin_catalog,ARC-10501507,,,,,
almaro,501508,ALFAJORES SIMPLES 32 GR,miss,tokin_catalog,ARC-10501508,,,,,
almaro,501530,LATA BAGLEY 150 AÑOS,miss,tokin_catalog,ARC-10501530,,,,,
almaro,5021,HELADO KOPA LEMON PIE 18 * 190,miss,tokin_catalog,ARC-105021,,,,,
almaro,502501,PURE DE TOMATE 520GR,miss,tokin_catalog,ARC-10502501,,,,,
almaro,502503,CAJA NAVIDEÑA CHICA,miss,tokin_catalog,ARC-10502503,,,,,
almaro,502504,CAJAS MERCADERIAS CHICAS,miss,tokin_catalog,ARC-10502504,,,,,
almaro,502505,CAJAS NAVIDEÑAS,miss,tokin_catalog,ARC-10502505,,,,,
almaro,502506,CAJA NAVIDEÑA,miss,tokin_catalog,ARC-10502506,,,,,
almaro,502507,CAJAS NAVIDEÑAS GRANDE,miss,tokin_catalog,ARC-10502507,,,,,
almaro,502508,CAJAS NAVIDEÑAS,miss,tokin_catalog,ARC-10502508,,,,,
almaro,502509,CAJAS NAVIDEÑAS Nº3 BL,miss,tokin_catalog,ARC-10502509,,,,,
almaro,502510,CAJAS NAVIDEÑAS Nº3 AZ,miss,tokin_catalog,ARC-10502510,,,,,
almaro,502511,CAJAS NAVIDEÑAS PREMIUM 2014,miss,tokin_catalog,ARC-10502511,,,,,
almaro,502520,PURE DE TOMATE 520GR,miss,tokin_catalog,ARC-10502520,,,,,
almaro,502521,BOLSA SURTIDA,miss,tokin_catalog,ARC-10502521,,,,,
almaro,502522,CAJA BUTTER TOFFEES,miss,tokin_catalog,ARC-10502522,,,,,
almaro,502524,MINI CORAZON,miss,tokin_catalog,ARC-10502524,,,,,
almaro,502525,VASO ARCOR,miss,tokin_catalog,ARC-10502525,,,,,
almaro,502526,VASO BC,miss,tokin_catalog,ARC-10502526,,,,,
almaro,502527,SIDRA REAL CORCHO 750 CC,miss,tokin_catalog,ARC-10502527,,,,,
almaro,502529,AC/VTA CAJA NAVIDAD,miss,tokin_catalog,ARC-10502529,,,,,
almaro,502530,CAJA NAVIDEÑA CMP 2014,miss,tokin_catalog,ARC-10502530,,,,,
almaro,502531,SIDRA  2015,miss,tokin_catalog,ARC-10502531,,,,,
almaro,502532,CAJA NAVIDEÑAS 2014 SHONKO,miss,tokin_catalog,ARC-10502532,,,,,
almaro,502533,CAJAS NAVIDEÑAS 2014 BANCO DE CORRIENTES,miss,tokin_catalog,ARC-10502533,,,,,
almaro,502534,VINOS FINOS,miss,tokin_catalog,ARC-10502534,,,,,
almaro,502536,DELANTAL LC,miss,tokin_catalog,ARC-10502536,,,,,
almaro,502537,CARTAS BC,miss,tokin_catalog,ARC-10502537,,,,,
almaro,502538,CARTAS SALADIX,miss,tokin_catalog,ARC-10502538,,,,,
almaro,502539,BON O BON x 4 MIX,miss,tokin_catalog,ARC-10502539,,,,,
almaro,502548,EXH COFLER CH,miss,tokin_catalog,ARC-10502548,,,,,
almaro,502549,EXH ALFAJORES,miss,tokin_catalog,ARC-10502549,,,,,
almaro,502550,AZUCAR ARCOR 1 KG,miss,tokin_catalog,ARC-10502550,,,,,
almaro,502551,MATE BC,miss,tokin_catalog,ARC-10502551,,,,,
almaro,502552,KIT TERMOLAR BC/ARCOR,miss,tokin_catalog,ARC-10502552,,,,,
almaro,502555,LAPIZ FORMIS+BORRADOR,miss,tokin_catalog,ARC-10502555,,,,,
almaro,502590,BOLSITAS PARA CARAMELOS,miss,tokin_catalog,ARC-10502590,,,,,
almaro,503001,2X1 BC MANZANA 1LTS,miss,tokin_catalog,ARC-10503001,,,,,
almaro,5031,BATATA VAIN. 12X 700 G ARCOR,miss,tokin_catalog,ARC-105031,,,,,
almaro,503501,2x1 ALF ARROZ D.deL. 10218,miss,tokin_catalog,ARC-10503501,,,,,
almaro,503502,CAJA DE NAVIDAD 2015,miss,tokin_catalog,ARC-10503502,,,,,
almaro,503503,CAJA NAVIDAD 2 2015,miss,tokin_catalog,ARC-10503503,,,,,
almaro,503504,BOLSA 3 SOBRES ARCOR,miss,tokin_catalog,ARC-10503504,,,,,
almaro,503505,BOLSA 1TURRON+2TATIN,miss,tokin_catalog,ARC-10503505,,,,,
almaro,503506,TUPPER CHOCOLINAS,miss,tokin_catalog,ARC-10503506,,,,,
almaro,503507,BOLSA CHICA B.LECHE,miss,tokin_catalog,ARC-10503507,,,,,
almaro,503509,CORAZON BON O BON,miss,tokin_catalog,ARC-10503509,,,,,
almaro,503510,VASO ARCOR,miss,tokin_catalog,ARC-10503510,,,,,
almaro,503511,CAJA NAVIDEÑA MADERA,miss,tokin_catalog,ARC-10503511,,,,,
almaro,503512,TAZA POLENTA,miss,tokin_catalog,ARC-10503512,,,,,
almaro,503513,LATA COFLER,miss,tokin_catalog,ARC-10503513,,,,,
almaro,503514,EHX MOGUL CARAMELOS,miss,tokin_catalog,ARC-10503514,,,,,
almaro,503515,POTE MOGUL ENCAST,miss,tokin_catalog,ARC-10503515,,,,,
almaro,5038,HELADO MR. POP LANZA DISCO,miss,tokin_catalog,ARC-105038,,,,,
almaro,504156,BUDIN RELL DDL 220GR FLOW VLT,miss,tokin_catalog,ARC-10504156,,,,,
almaro,504157,BUDIN VAIN 170GR FLOW VLT,miss,tokin_catalog,ARC-10504157,,,,,
almaro,504158,BUDIN CHIP CHOC 170G FLOW VLT,miss,tokin_catalog,ARC-10504158,,,,,
almaro,504161,BUDIN MARM 170GR FLO VLT,miss,tokin_catalog,ARC-10504161,,,,,
almaro,504448,BUDIN CARROT CAKE 350GR ARTESANO,miss,tokin_catalog,ARC-10504448,,,,,
almaro,504450,BUDIN BANANA 350GR ARTESANO,miss,tokin_catalog,ARC-10504450,,,,,
almaro,505050,CARRO DE COMPRAS,miss,tokin_catalog,ARC-10505050,,,,,
almaro,5081,MER.DULC.DURAZNO POTE 12X 500 GR,miss,tokin_catalog,ARC-105081,,,,,
almaro,5082,MER.DULC.DAMASCO POTE 12X 500 GR,miss,tokin_catalog,ARC-105082,,,,,
almaro,5083,MER.DULC.NARANJA POTE 12X 500 GR,miss,tokin_catalog,ARC-105083,,,,,
almaro,5084,MER.DULC.CIRUELA POTE 12X500 GR,miss,tokin_catalog,ARC-105084,,,,,
almaro,5085,MER.DULC.ZAPALLO POTE * 500 GR,miss,tokin_catalog,ARC-105085,,,,,
almaro,5086,MER.DULC.HIGO POTE * 500 GRS.,miss,tokin_catalog,ARC-105086,,,,,
almaro,5088,MER.DULC FRUTILLA POTE 12X 500 G,miss,tokin_catalog,ARC-105088,,,,,
almaro,5092,JALEA DE MEMBRILLO 12 X 454 GRS.,miss,tokin_catalog,ARC-105092,,,,,
almaro,509463,GALL. CRIOLLITAS SIN SAL * 169,miss,tokin_catalog,ARC-10509463,,,,,
almaro,509464,TERMOLAR,miss,tokin_catalog,ARC-10509464,,,,,
almaro,5095,MERM.DURAZNO FCO.12 X 454 GRS.,miss,tokin_catalog,ARC-105095,,,,,
almaro,5098,MERM.NARANJA FCO.12 X 454 GRS.,miss,tokin_catalog,ARC-105098,,,,,
almaro,510336,CORAZON BOB 40 AÑOS,miss,tokin_catalog,ARC-10510336,,,,,
almaro,5114,MERM.DIET.ARCOR DAM.12X390 GRS.,miss,tokin_catalog,ARC-105114,,,,,
almaro,5115,MERM.DIET.ARCOR CIRUELA.12 X 390 GRS.,miss,tokin_catalog,ARC-105115,,,,,
almaro,5116,MERM.DIET.ARCOR NARANJA. 12X390 GRS.,miss,tokin_catalog,ARC-105116,,,,,
almaro,5117,MERM.DIET.ARCOR FRUTILLA. 12X390 GRS.,miss,tokin_catalog,ARC-105117,,,,,
almaro,5133,B.TOFF CAFE 6X959G,miss,tokin_catalog,ARC-105133,,,,,
almaro,515274,TAKIS FUEGO 85GR FLOW BAR EXP,miss,tokin_catalog,ARC-10515274,,,,,
almaro,515275,TAKIS XPLOSION 85GR FLOW BAR EXP,miss,tokin_catalog,ARC-10515275,,,,,
almaro,515276,TAKIS ORIGINAL 85GR FLOW BAR EXP,miss,tokin_catalog,ARC-10515276,,,,,
almaro,515277,TAKIS XPLOSION 49GR FLOW BAR EXP,miss,tokin_catalog,ARC-10515277,,,,,
almaro,515278,TAKIS ORIGINAL 49GR FLOW BAR EXP,miss,tokin_catalog,ARC-10515278,,,,,
almaro,52137290,CAJA BOB ROJA,miss,tokin_catalog,ARC-1052137290,,,,,
almaro,5241,HELADO ROCKLETS PALITOS 24 * 6,miss,tokin_catalog,ARC-105241,,,,,
almaro,5242,HELADO FANTA 22 * 80 C.C.,miss,tokin_catalog,ARC-105242,,,,,
almaro,52428954,CARTUCHERA FORMIS,miss,tokin_catalog,ARC-1052428954,,,,,
almaro,52528509,CARTUCHERA ARCOR,miss,tokin_catalog,ARC-1052528509,,,,,
almaro,52539743,MANTA YOGA BC,miss,tokin_catalog,ARC-1052539743,,,,,
almaro,52539796,VASO TERMICO BC (ROJO),miss,tokin_catalog,ARC-1052539796,,,,,
almaro,52541767,PARAGUAS BC,miss,tokin_catalog,ARC-1052541767,,,,,
almaro,5314,GRANOLA CON PASAS *320 GRS,miss,tokin_catalog,ARC-105314,,,,,
almaro,5333,HELADO CONO COFLER 12 * 120 CC,miss,tokin_catalog,ARC-105333,,,,,
almaro,5341,GALL FORMIS CHOCO/VAIN * 72 GR,miss,tokin_catalog,ARC-105341,,,,,
almaro,5345,GALL FORMIS CHOCO/VAIN * 24X108 G,miss,tokin_catalog,ARC-105345,,,,,
almaro,5346,GALL FORMIS VAIN/FRUT 24X108 GR,miss,tokin_catalog,ARC-105346,,,,,
almaro,5347,GALL FORMIS CHOCO/DLL 24X108 G,miss,tokin_catalog,ARC-105347,,,,,
almaro,5348,GALL FORMIS VAIN/CHOCO 24X 108 G,miss,tokin_catalog,ARC-105348,,,,,
almaro,5356,GALL. AZUCARADAS VAINILLA 54X80 G,miss,tokin_catalog,ARC-105356,,,,,
almaro,5359,GALL. AZUCARADAS MARMOLADAS *,miss,tokin_catalog,ARC-105359,,,,,
almaro,5360,GALL. AZUCARADAS COCO 54X80G,miss,tokin_catalog,ARC-105360,,,,,
almaro,5508,BUDIN NOELIA CON FRUTA * 200 G,miss,tokin_catalog,ARC-105508,,,,,
almaro,5520,BUDIN NOELIA SIN FRUTA * 200 G,miss,tokin_catalog,ARC-105520,,,,,
almaro,55721,SILLON INFLABLE,miss,tokin_catalog,ARC-1055721,,,,,
almaro,5669,GALL. HOGAREÑAS MIX CEREAL 36X176G,miss,tokin_catalog,ARC-105669,,,,,
almaro,5670,GALL. HOGAREÑA MIX CEREAL 12X3X176G,miss,tokin_catalog,ARC-105670,,,,,
almaro,5697,GALL. HOGAREÑAS 7 SEMILLAS 36X181G,miss,tokin_catalog,ARC-105697,,,,,
almaro,5699,HUEVO BAÑO ARCOR CH SNACK * 55,miss,tokin_catalog,ARC-105699,,,,,
almaro,5745,HUEVO COFLER BLOCK * 24 X 56 GRS,miss,tokin_catalog,ARC-105745,,,,,
almaro,5747,HUEVO COFLER BLOCK * 120 GRS,miss,tokin_catalog,ARC-105747,,,,,
almaro,5775,HVO.CHOC.BCO.BON O BON 12X110g,miss,tokin_catalog,ARC-105775,,,,,
almaro,5776,HUEVO CHOC.LEC.B-O-B. 12X110 G,miss,tokin_catalog,ARC-105776,,,,,
almaro,5779,HUEVO COFLER ALMENDRA * 120 GR,miss,tokin_catalog,ARC-105779,,,,,
almaro,5788,HUEVO AGUILA LECHE * 110 GRS,miss,tokin_catalog,ARC-105788,,,,,
almaro,5806,CHUPETIN MISTER POP CHICLE * 5,miss,tokin_catalog,ARC-105806,,,,,
almaro,5816,HUEVO COFLER BLOCK 24X56GR,miss,tokin_catalog,ARC-105816,,,,,
almaro,5819,HUEVO ARCOR * 850 GRS.,miss,tokin_catalog,ARC-105819,,,,,
almaro,5856,CHOCO. BLANCO ARCOR  20X40X8 GR,miss,tokin_catalog,ARC-105856,,,,,
almaro,5857,CHOCO. LECHE ARCOR 20X40X8G,miss,tokin_catalog,ARC-105857,,,,,
almaro,5880,HUEVO BON O BON BLANCO * 55 GR,miss,tokin_catalog,ARC-105880,,,,,
almaro,5883,CONEJO BON O BON  LECHE  * 20,miss,tokin_catalog,ARC-105883,,,,,
almaro,5899,CEREAL MIX AVENA/GRANOLA * 180,miss,tokin_catalog,ARC-105899,,,,,
almaro,5907,FORMIS SUPER BLACK 24X82 GR,miss,tokin_catalog,ARC-105907,,,,,
almaro,5975,POSTRE TOFI 12 X 825,miss,tokin_catalog,ARC-105975,,,,,
almaro,6013,CAR. MENTA CRISTAL * 935 GRS.,miss,tokin_catalog,ARC-106013,,,,,
almaro,6023,GOMA EUCALIPTUS 16X250 GRS.,miss,tokin_catalog,ARC-106023,,,,,
almaro,6138,ALFAJOR BON-O-BON BLANCO 16X6X40G,miss,tokin_catalog,ARC-106138,,,,,
almaro,6141,TORTUGUITA GODY LECHE 12X24X17.5G,miss,tokin_catalog,ARC-106141,,,,,
almaro,6147688,BICI ROD. 26 UNISEX,miss,tokin_catalog,ARC-106147688,,,,,
almaro,6149,SALSA GOLF BC DP * 125 C.C,miss,tokin_catalog,ARC-106149,,,,,
almaro,6167,FRUTALES MOGUL 12*50 G.,miss,tokin_catalog,ARC-106167,,,,,
almaro,6179,PEPAS ARCOR 21X400G,miss,tokin_catalog,ARC-106179,,,,,
almaro,6183,COCODRILOS MOGUL 12 * 30 GRS,miss,tokin_catalog,ARC-106183,,,,,
almaro,6196,BARRA COFLER EXTRA MARROC 6X20X30 GR,miss,tokin_catalog,ARC-106196,,,,,
almaro,6264,BIZC VAINILLA GODET 12X480 G,miss,tokin_catalog,ARC-106264,,,,,
almaro,6265,BIZCO MARMOLADO GODET 12 X480 G,miss,tokin_catalog,ARC-106265,,,,,
almaro,6267,BIZCO NARANJA GODET 12 X 480 G,miss,tokin_catalog,ARC-106267,,,,,
almaro,6268,BIZCO LIMON GODET X 480 G,miss,tokin_catalog,ARC-106268,,,,,
almaro,6269,BIZCO COCO GODET X 480 G,miss,tokin_catalog,ARC-106269,,,,,
almaro,6275,BAR COFLE EXT BROWNI,miss,tokin_catalog,ARC-106275,,,,,
almaro,6339,CHOC AGUILA FECH.ESP 6X15X150 GR,miss,tokin_catalog,ARC-106339,,,,,
almaro,6362,CHIC.POOSH STONES 16,miss,tokin_catalog,ARC-106362,,,,,
almaro,6363,CHIC.POOSH BANANA 16,miss,tokin_catalog,ARC-106363,,,,,
almaro,6364,CHI.POOSH FRUTILLA 16X 50U X 5.4G,miss,tokin_catalog,ARC-106364,,,,,
almaro,6365,CHICLE POOSH MENTA 16X 50U X 5.4G,miss,tokin_catalog,ARC-106365,,,,,
almaro,6367,CHOCOLATE P/TAZA AGUILA * 250G,miss,tokin_catalog,ARC-106367,,,,,
almaro,6387,GELATINA LIGHT FRUTILLA * 30 G,miss,tokin_catalog,ARC-106387,,,,,
almaro,6390,GELATINA LIGTH ANANA * 30 GRS.,miss,tokin_catalog,ARC-106390,,,,,
almaro,6391,GELATINA LIGHT SIN SABOR * 30,miss,tokin_catalog,ARC-106391,,,,,
almaro,6561,GALL. SONRISAS PICARAS 35X84G,miss,tokin_catalog,ARC-106561,,,,,
almaro,6604,PRESTOPRONTA FORTIFICADA 30X400 GRS,miss,tokin_catalog,ARC-106604,,,,,
almaro,6611,CHOCO FLIAR AGUILA 6X15X150 GRS,miss,tokin_catalog,ARC-106611,,,,,
almaro,6626,CEREAL MIX YOGURT/FRUT.6X20X28G,miss,tokin_catalog,ARC-106626,,,,,
almaro,6627,CEREAL MIX YOGURT/VAIN. 6X20X28G,miss,tokin_catalog,ARC-106627,,,,,
almaro,6632,PRESTOPRONTA C/ VEGETALES * 40,miss,tokin_catalog,ARC-106632,,,,,
almaro,6633,PRESTOPRONTA C/CEBOLLA S/QUESO,miss,tokin_catalog,ARC-106633,,,,,
almaro,6672,GALL CER. MIX AVE/PAS. 25X230 G,miss,tokin_catalog,ARC-106672,,,,,
almaro,6673,GALL. CER.MIX SEM/CHIP 25X230 G,miss,tokin_catalog,ARC-106673,,,,,
almaro,6676,CAR. MASTICABLE HALLOWEEN + DI,miss,tokin_catalog,ARC-106676,,,,,
almaro,6691,GALL. HOGAREÑAS SALVADO 30X200G,miss,tokin_catalog,ARC-106691,,,,,
almaro,6692,GALL. HOGAREÑAS SALVADO 10X3X176G,miss,tokin_catalog,ARC-106692,,,,,
almaro,6718,B.TOFF COLLECT 16X190G,miss,tokin_catalog,ARC-106718,,,,,
almaro,6722,GALL. PEPAS ARCOR * 200 GRS,miss,tokin_catalog,ARC-106722,,,,,
almaro,6725,BUDIN LIMON C/ TROC. DE LIMOS,miss,tokin_catalog,ARC-106725,,,,,
almaro,6726,BUDIN SABOR CHOCOLATE * 250 GR,miss,tokin_catalog,ARC-106726,,,,,
almaro,6727,BUDIN C/ TROC. DE CHOCOLATE *,miss,tokin_catalog,ARC-106727,,,,,
almaro,6728,BUDIN SIN FRUTA * 250 GRS ARCO,miss,tokin_catalog,ARC-106728,,,,,
almaro,6729,BUDIN CON FRUTA * 250 GRS ARCO,miss,tokin_catalog,ARC-106729,,,,,
almaro,6730,BUDIN MARMOLADO * 250 GRS ARCO,miss,tokin_catalog,ARC-106730,,,,,
almaro,6731,BUDIN BAGLEY SIN FRUTA * 250 G,miss,tokin_catalog,ARC-106731,,,,,
almaro,6733,BUDIN BAGLEY C/CHOCOLATE * 250,miss,tokin_catalog,ARC-106733,,,,,
almaro,6735,BUDIN BAGLEY CON FRUTA * 250 G,miss,tokin_catalog,ARC-106735,,,,,
almaro,6736,BUDIN BAGLEY MARMOLADO * 250 G,miss,tokin_catalog,ARC-106736,,,,,
almaro,6737,BUDIN BAGLEY C/ TROC. LIMON *,miss,tokin_catalog,ARC-106737,,,,,
almaro,6772,GALL. TORTITAS SUPER CHOCOLATE,miss,tokin_catalog,ARC-106772,,,,,
almaro,6778,CALABAZA HALLOWEEN CICLOPE * 1,miss,tokin_catalog,ARC-106778,,,,,
almaro,67879,EX JUGOS ALMARO,miss,tokin_catalog,ARC-1067879,,,,,
almaro,6805,GALL. SURTIDO DIVERSION 21X400G,miss,tokin_catalog,ARC-106805,,,,,
almaro,6808,MOGUL GUSANITOS ACIDOS * 150 G,miss,tokin_catalog,ARC-106808,,,,,
almaro,6824,GELATINA CEREZA LIGHT * 30 GRS,miss,tokin_catalog,ARC-106824,,,,,
almaro,6825,GELATINA FRUTAS ROJAS LIGHT *,miss,tokin_catalog,ARC-106825,,,,,
almaro,6875,GELATINA LIGHT MANZANA * 30 GR,miss,tokin_catalog,ARC-106875,,,,,
almaro,6935,HUEVO AGUILA LECHE * 55 GRS,miss,tokin_catalog,ARC-106935,,,,,
almaro,6953,CHOC COFLER BCO. COOKIES  * 55,miss,tokin_catalog,ARC-106953,,,,,
almaro,7000,BOMBON B-O-B CORAZONES * 30 UN,miss,tokin_catalog,ARC-107000,,,,,
almaro,7011024,LPC cafe en saquitos 18 un.,miss,tokin_catalog,ARC-107011024,,,,,
almaro,701118,Café Torrado Mol. Cabrales 250,miss,tokin_catalog,ARC-10701118,,,,,
almaro,701119,Café Torrado Mol. Cabrales 500,miss,tokin_catalog,ARC-10701119,,,,,
almaro,701150,Café Torrado Mol. Cabrales 125,miss,tokin_catalog,ARC-10701150,,,,,
almaro,7011872,Cabrales capsulas espresso 6G,miss,tokin_catalog,ARC-107011872,,,,,
almaro,7011874,Cabrales capsulas lungo 7G,miss,tokin_catalog,ARC-107011874,,,,,
almaro,7011876,Cabrales capsulas cortado 3G,miss,tokin_catalog,ARC-107011876,,,,,
almaro,7011878,Cabrales capsulas cappucino 24,miss,tokin_catalog,ARC-107011878,,,,,
almaro,7011880,Cabrales capsulas cafe c/ lech,miss,tokin_catalog,ARC-107011880,,,,,
almaro,7011906,CPS NES LPC SUAVE 12x8x5.5g,miss,tokin_catalog,ARC-107011906,,,,,
almaro,7011908,CPS NES LPC CLÁSICO 12x8x5.5g,miss,tokin_catalog,ARC-107011908,,,,,
almaro,7012220,Café Super Cabrales 125gr.,miss,tokin_catalog,ARC-107012220,,,,,
almaro,7012222,Café Super Cabrales 250gr.,miss,tokin_catalog,ARC-107012222,,,,,
almaro,7012644,CABRALES LPC. Latte 115gr.,miss,tokin_catalog,ARC-107012644,,,,,
almaro,7012646,CABRALES LPC. Moka 115gr.,miss,tokin_catalog,ARC-107012646,,,,,
almaro,7012648,Capuccino LPC. Light 110gr.,miss,tokin_catalog,ARC-107012648,,,,,
almaro,7012650,LPC cappuccino Clásico 115 gr,miss,tokin_catalog,ARC-107012650,,,,,
almaro,701291,Mate cocido Yervita 25 un.,miss,tokin_catalog,ARC-10701291,,,,,
almaro,7012942,LPC café instantáneo frasco cl,miss,tokin_catalog,ARC-107012942,,,,,
almaro,7012944,LPC café instantáneo frasco 170 gr,miss,tokin_catalog,ARC-107012944,,,,,
almaro,701562,Edulcorante Clasico LIV 12x100,miss,tokin_catalog,ARC-10701562,,,,,
almaro,702100041,Mate Cocido Taragui s/ens. 25s,miss,tokin_catalog,ARC-10702100041,,,,,
almaro,702100042,Mate Cocido Taragui s/ens. 50s,miss,tokin_catalog,ARC-10702100042,,,,,
almaro,702101033,Té Taragui Diamantadox25,miss,tokin_catalog,ARC-10702101033,,,,,
almaro,702101034,Té Taragui s/e x50saq.,miss,tokin_catalog,ARC-10702101034,,,,,
almaro,7021202,YM Buenas y Santas Hierbas 1/2,miss,tokin_catalog,ARC-107021202,,,,,
almaro,7021350,Yerba Mate Taragui Sin Palo 1/,miss,tokin_catalog,ARC-107021350,,,,,
almaro,7021361,Yerba Mate Taragui  1kg,miss,tokin_catalog,ARC-107021361,,,,,
almaro,7021362,Yerba Mate Taragui 500g,miss,tokin_catalog,ARC-107021362,,,,,
almaro,7021363,Yerba Mate Taragui 250g,miss,tokin_catalog,ARC-107021363,,,,,
almaro,70214,Botella Termica Taragui,miss,tokin_catalog,ARC-1070214,,,,,
almaro,702141,Té Taraguí Silvestre BOLDO 6x2,miss,tokin_catalog,ARC-10702141,,,,,
almaro,702142,Té Taraguí Silvestre MANZANILL,miss,tokin_catalog,ARC-10702142,,,,,
almaro,702143,Té Taraguí Silvestre TILO 6x20,miss,tokin_catalog,ARC-10702143,,,,,
almaro,702144,Té Taraguí Silvestre MEZCLA de,miss,tokin_catalog,ARC-10702144,,,,,
almaro,702146,Té Taraguí Silvestre ENSUEÑO 6,miss,tokin_catalog,ARC-10702146,,,,,
almaro,7021461,Yerba Mate Unión 1kg,miss,tokin_catalog,ARC-107021461,,,,,
almaro,7021462,Yerba Mate Unión 500g,miss,tokin_catalog,ARC-107021462,,,,,
almaro,7021463,Yerba Mate Unión 250g,miss,tokin_catalog,ARC-107021463,,,,,
almaro,7021531,Yerba Mate Mañanita 1kg,miss,tokin_catalog,ARC-107021531,,,,,
almaro,7021532,Yerba Mate Mañanita 500g,miss,tokin_catalog,ARC-107021532,,,,,
almaro,7021533,Yerba Mate Mañanita 250g,miss,tokin_catalog,ARC-107021533,,,,,
almaro,7021544,YM La Merced Campo Sur 1kg,miss,tokin_catalog,ARC-107021544,,,,,
almaro,7021560,Yerba Mate La Merced Campo 500,miss,tokin_catalog,ARC-107021560,,,,,
almaro,7021561,YM La Merced Monte 6x1/2 Kg,miss,tokin_catalog,ARC-107021561,,,,,
almaro,7021562,YM La Merced Barcbacua 6x1/2 K,miss,tokin_catalog,ARC-107021562,,,,,
almaro,7021563,YM La Merced Campo&Monte 6x1/2,miss,tokin_catalog,ARC-107021563,,,,,
almaro,7021564,YM La Merced Campo Sur 6x1/2 K,miss,tokin_catalog,ARC-107021564,,,,,
almaro,70220,Mate Listo Taragui 12 Un,miss,tokin_catalog,ARC-1070220,,,,,
almaro,7026325,Pringles Queso Grande,miss,tokin_catalog,ARC-107026325,,,,,
almaro,7026329,Pringles Cheddar&Bacon Grande,miss,tokin_catalog,ARC-107026329,,,,,
almaro,706515274,TAKIS FUEGO 85GR FLOW BAR EXP,miss,tokin_catalog,ARC-10706515274,,,,,
almaro,706515277,TAKIS XPLOSION 49GR FLOW BAR EXP,miss,tokin_catalog,ARC-10706515277,,,,,
almaro,706515278,TAKIS ORIGINAL 49GR FLOW BAR EXP,miss,tokin_catalog,ARC-10706515278,,,,,
almaro,706964681,RAPIDITAS INTEGR 220GR,miss,tokin_catalog,ARC-10706964681,,,,,
almaro,706964787,BROWNIE MINI SABEBIEN! 35GR,miss,tokin_catalog,ARC-10706964787,,,,,
almaro,7083308,ECCOLE 3G,miss,tokin_catalog,ARC-107083308,,,,,
almaro,7084,SLICE LIMON 30UX70CC,miss,tokin_catalog,ARC-107084,,,,,
almaro,7092404,Yerba Mate Natura Tradicional,miss,tokin_catalog,ARC-107092404,,,,,
almaro,7092683,Yerba Mate Natura Seleccion es,miss,tokin_catalog,ARC-107092683,,,,,
almaro,7092824,NATURA YERBA SERRANAS,miss,tokin_catalog,ARC-107092824,,,,,
almaro,7092825,Yerba Natura Suave 500gr,miss,tokin_catalog,ARC-107092825,,,,,
almaro,7092826,Mate cocido 25 unidades Natura,miss,tokin_catalog,ARC-107092826,,,,,
almaro,7092828,Yerba Natura Suave 1kg,miss,tokin_catalog,ARC-107092828,,,,,
almaro,7092987,Yerba Mate Natura 250gr,miss,tokin_catalog,ARC-107092987,,,,,
almaro,710FERPTCMANO,Ferrini crema para manos x 30g,miss,tokin_catalog,ARC-10710FERPTCMANO,,,,,
almaro,710FERPTCORL,Ferrini crema ordeñe legitima,miss,tokin_catalog,ARC-10710FERPTCORL,,,,,
almaro,710FERPTCSAP,Ferrini crema sapolan tradicio,miss,tokin_catalog,ARC-10710FERPTCSAP,,,,,
almaro,710GPTPRLUB000,Prime extra lubricado X 3,miss,tokin_catalog,ARC-10710GPTPRLUB000,,,,,
almaro,710GPTPRSPF000,Prime superfino X 3,miss,tokin_catalog,ARC-10710GPTPRSPF000,,,,,
almaro,710GPTPRTCH000,Prime tachas X 3,miss,tokin_catalog,ARC-10710GPTPRTCH000,,,,,
almaro,710GPTPRTXT000,Prime texturado X 3,miss,tokin_catalog,ARC-10710GPTPRTXT000,,,,,
almaro,710GPTPRULF000,Prime ultra fino X 3,miss,tokin_catalog,ARC-10710GPTPRULF000,,,,,
almaro,710MAXXPLUBNI,Maxx super lubricado X3,miss,tokin_catalog,ARC-10710MAXXPLUBNI,,,,,
almaro,710MAXXPSPFNI,Maxx super fino X3,miss,tokin_catalog,ARC-10710MAXXPSPFNI,,,,,
almaro,710MAXXPSPLNI,Maxx espermicida X3,miss,tokin_catalog,ARC-10710MAXXPSPLNI,,,,,
almaro,710MAXXPTCHNI,Maxx tachas X3,miss,tokin_catalog,ARC-10710MAXXPTCHNI,,,,,
almaro,710MAXXPTXTNI,Maxx texturadoX3,miss,tokin_catalog,ARC-10710MAXXPTXTNI,,,,,
almaro,710MAXXPULFNI,Maxx ultra fino X3,miss,tokin_catalog,ARC-10710MAXXPULFNI,,,,,
almaro,710SHKPTCLA00,Encendedor Shark,miss,tokin_catalog,ARC-10710SHKPTCLA00,,,,,
almaro,710XMARTRAPI22,Afeitadora Rapi2,miss,tokin_catalog,ARC-10710XMARTRAPI22,,,,,
almaro,710XMARTSPEED33,Afeitadora Speed 3 Filos x 6 unidades,miss,tokin_catalog,ARC-10710XMARTSPEED33,,,,,
almaro,710ZONPTMIXLABLX12,LABIAL  DISPLAY MIXTO x12,miss,tokin_catalog,ARC-10710ZONPTMIXLABLX12,,,,,
almaro,712E000020900,Energizer MAX AA X4,miss,tokin_catalog,ARC-10712E000020900,,,,,
almaro,712E000021600,Energizer MAX AAA X4,miss,tokin_catalog,ARC-10712E000021600,,,,,
almaro,712E0622400,Energizer MAX C X2 mediana,miss,tokin_catalog,ARC-10712E0622400,,,,,
almaro,712E0622500,Energizer MAX D X2 grande,miss,tokin_catalog,ARC-10712E0622500,,,,,
almaro,712E300102700,Energizer MAX 9V X1 batería,miss,tokin_catalog,ARC-10712E300102700,,,,,
almaro,712E300652000,Eveready C X2 mediana,miss,tokin_catalog,ARC-10712E300652000,,,,,
almaro,712E301511200,Energizer MAX AA TIRA 1X20,miss,tokin_catalog,ARC-10712E301511200,,,,,
almaro,712E301511300,Energizer MAX AAA TIRA 1X20,miss,tokin_catalog,ARC-10712E301511300,,,,,
almaro,712E301513400,Eveready AAA X2,miss,tokin_catalog,ARC-10712E301513400,,,,,
almaro,712E303557400,Eveready AA X4,miss,tokin_catalog,ARC-10712E303557400,,,,,
almaro,712E303557600,Eveready D X2 grande,miss,tokin_catalog,ARC-10712E303557600,,,,,
almaro,7137,CEREAL MIX AVENA Y PASAS 25X180G,miss,tokin_catalog,ARC-107137,,,,,
almaro,7138,MADALENA VAIN VALENTE 200GR,miss,tokin_catalog,ARC-107138,,,,,
almaro,713H1618302,Garnier Coloracion Permanente,miss,tokin_catalog,ARC-10713H1618302,,,,,
almaro,713H1618502,Garnier Coloracion Permanente,miss,tokin_catalog,ARC-10713H1618502,,,,,
almaro,713H1618702,Garnier Coloracion Permanente,miss,tokin_catalog,ARC-10713H1618702,,,,,
almaro,713H1619002,Garnier Coloracion Permanente,miss,tokin_catalog,ARC-10713H1619002,,,,,
almaro,713H1619202,Garnier Coloracion Permanente,miss,tokin_catalog,ARC-10713H1619202,,,,,
almaro,713H1619702,Garnier Coloracion Permanente,miss,tokin_catalog,ARC-10713H1619702,,,,,
almaro,713H5683100,Fructis Shampoo Goodbye Daños,miss,tokin_catalog,ARC-10713H5683100,,,,,
almaro,713H5683600,Fructis Acondicionador Goodbye,miss,tokin_catalog,ARC-10713H5683600,,,,,
almaro,713H5702200,Elvive Shampoo Hialuronico Pur 200ml,miss,tokin_catalog,ARC-10713H5702200,,,,,
almaro,713H5702300,Elvive Acondicionador Hialuron 200ml,miss,tokin_catalog,ARC-10713H5702300,,,,,
almaro,713H5702500,Elvive Shampoo Hialuronico Pur 400ml,miss,tokin_catalog,ARC-10713H5702500,,,,,
almaro,713H5702900,Elvive Acondicionador Hialuron 400ml,miss,tokin_catalog,ARC-10713H5702900,,,,,
almaro,713H5716901,Elvive Oleo Extraordinario 100,miss,tokin_catalog,ARC-10713H5716901,,,,,
almaro,713H5724300,Elvive Shampoo Hidra Hialuroni 200ml,miss,tokin_catalog,ARC-10713H5724300,,,,,
almaro,713H5724400,Elvive Shampoo Hidra Hialuroni 400ml,miss,tokin_catalog,ARC-10713H5724400,,,,,
almaro,713H5724600,Elvive Acondicionador Hidra 200ml,miss,tokin_catalog,ARC-10713H5724600,,,,,
almaro,713H5724700,Elvive Acondicionador Hidra 400ml,miss,tokin_catalog,ARC-10713H5724700,,,,,
almaro,713H5726100,Elvive Shampoo Reparacion Total 400ml,miss,tokin_catalog,ARC-10713H5726100,,,,,
almaro,713H5726300,Elvive Shampoo Reparacion Total 200ml,miss,tokin_catalog,ARC-10713H5726300,,,,,
almaro,713H5726400,Elvive Acondicionador Reparaci 400ml,miss,tokin_catalog,ARC-10713H5726400,,,,,
almaro,713H5727600,Elvive Acondicionador Reparaci 200ml,miss,tokin_catalog,ARC-10713H5727600,,,,,
almaro,713H5736500,Fructis Acondicionador Recarga,miss,tokin_catalog,ARC-10713H5736500,,,,,
almaro,713H5736800,Fructis Shampoo Recarga Nutrit,miss,tokin_catalog,ARC-10713H5736800,,,,,
almaro,713H5746200,Elvive Shampoo Glycolic Gloss 400ml,miss,tokin_catalog,ARC-10713H5746200,,,,,
almaro,713H5748000,Elvive Acondicionador Glycolic 200ml,miss,tokin_catalog,ARC-10713H5748000,,,,,
almaro,713H5748100,Elvive Acondicionador Glycolic 400ml,miss,tokin_catalog,ARC-10713H5748100,,,,,
almaro,713H5768600,Elvive Shampoo Glycolic Gloss 200ml,miss,tokin_catalog,ARC-10713H5768600,,,,,
almaro,713H5797600,Fructis Shampoo Probioticos Fu,miss,tokin_catalog,ARC-10713H5797600,,,,,
almaro,713H5797700,Fructis Acondicionador Probiot,miss,tokin_catalog,ARC-10713H5797700,,,,,
almaro,713H5799700,Elvive Shampoo Dream Liso 400m,miss,tokin_catalog,ARC-10713H5799700,,,,,
almaro,713H5799800,Elvive Acondicionador Dream Li 400ml,miss,tokin_catalog,ARC-10713H5799800,,,,,
almaro,713H5800000,Elvive Acondicionador Dream Li 200ml,miss,tokin_catalog,ARC-10713H5800000,,,,,
almaro,713H5800200,Elvive Shampoo Dream Liso 200m,miss,tokin_catalog,ARC-10713H5800200,,,,,
almaro,7140005,Yerba Mate Playadito c/palo 25,miss,tokin_catalog,ARC-107140005,,,,,
almaro,7140007,Yerba Mate Playadito Despalada,miss,tokin_catalog,ARC-107140007,,,,,
almaro,7140009,Yerba Mate Playadito hierbas 5,miss,tokin_catalog,ARC-107140009,,,,,
almaro,7140021,Yerba Mate Playadito c/palo 1k,miss,tokin_catalog,ARC-107140021,,,,,
almaro,7140022,Yerba Mate Playa c/palo 500 g,miss,tokin_catalog,ARC-107140022,,,,,
almaro,7140305,Mate Cocido Playadito s/ens. 2,miss,tokin_catalog,ARC-107140305,,,,,
almaro,7142,CEREAL MIX AVENA Y MANZANA  25X180GR,miss,tokin_catalog,ARC-107142,,,,,
almaro,715PT0100103,Yerba Mate ROJO Selección E 500gr,miss,tokin_catalog,ARC-10715PT0100103,,,,,
almaro,715PT0100105,Yerba Mate ROJO Selección E 1kg,miss,tokin_catalog,ARC-10715PT0100105,,,,,
almaro,715PT0120101,Yerba Mate ROJO Suave 500g,miss,tokin_catalog,ARC-10715PT0120101,,,,,
almaro,715PT0120102,Yerba Mate ROJO Suave 1kg,miss,tokin_catalog,ARC-10715PT0120102,,,,,
almaro,715PT0200103,Yerba Mate ROJO Tradicional 50,miss,tokin_catalog,ARC-10715PT0200103,,,,,
almaro,715PT0200105,Yerba Mate ROJO Tradicional 1k,miss,tokin_catalog,ARC-10715PT0200105,,,,,
almaro,715PT0500101,Yerba Mate ROJO Compuesta Hier,miss,tokin_catalog,ARC-10715PT0500101,,,,,
almaro,715PT1000103,Yerba Mate ROJO Terere 500g,miss,tokin_catalog,ARC-10715PT1000103,,,,,
almaro,715PT1000105,Yerba Mate 10 Rosa x500g.,miss,tokin_catalog,ARC-10715PT1000105,,,,,
almaro,715PT9990001,Yerba Mate KURUPI Menta y Bold,miss,tokin_catalog,ARC-10715PT9990001,,,,,
almaro,7171,MADALENAS MARMOLADAS VALENTE 200GR,miss,tokin_catalog,ARC-107171,,,,,
almaro,7245,MADALENAS CHOCO DDL VALENTE 200GR,miss,tokin_catalog,ARC-107245,,,,,
almaro,7249,MADALENAS RELL DDL VALENTE 200GR,miss,tokin_catalog,ARC-107249,,,,,
almaro,7258,CHOC. MARQUISE AGUILA * 100 GR,miss,tokin_catalog,ARC-107258,,,,,
almaro,7264,HVITO BOB BAND.27X20UX7.8GR,miss,tokin_catalog,ARC-107264,,,,,
almaro,7270,HELADO CHOCOTORTA 20,miss,tokin_catalog,ARC-107270,,,,,
almaro,7271,GALL. SER DULCE LIMON * 130 GR,miss,tokin_catalog,ARC-107271,,,,,
almaro,7273,M.PLUS POWER.CITRUS  12X12X8 UN,miss,tokin_catalog,ARC-107273,,,,,
almaro,7274,M.PLUS POWER.M.BLAST 12X12X8 UN,miss,tokin_catalog,ARC-107274,,,,,
almaro,7299,HUEVITO TOFI RELL 20 * 8 GRS,miss,tokin_catalog,ARC-107299,,,,,
almaro,7308,OBLEA LECHE BOB.8X20,miss,tokin_catalog,ARC-107308,,,,,
almaro,7324,MENTHO PLUS S/AZUCAR LIMA-LIMO,miss,tokin_catalog,ARC-107324,,,,,
almaro,7361,TAB. CHONIK DNIKOLO T RAD.12X21X30G,miss,tokin_catalog,ARC-107361,,,,,
almaro,7374927,BOTELLA POW ARCOR,miss,tokin_catalog,ARC-107374927,,,,,
almaro,7374928,BOTELLA POW BC,miss,tokin_catalog,ARC-107374928,,,,,
almaro,7381435,EXHC POLICARBONATO,miss,tokin_catalog,ARC-107381435,,,,,
almaro,7389595,EXHI. ALAMBRE HARINA,miss,tokin_catalog,ARC-107389595,,,,,
almaro,7390898,EXH. PLASTICO GOMAS,miss,tokin_catalog,ARC-107390898,,,,,
almaro,7397023,BOLSA DE AIRE INFLABLE,miss,tokin_catalog,ARC-107397023,,,,,
almaro,7400150,VASO ESMERILADO ARCOR,miss,tokin_catalog,ARC-107400150,,,,,
almaro,7400679,EXHIBIDOR PIE BC,miss,tokin_catalog,ARC-107400679,,,,,
almaro,7401983,EXHI CONDIMENTOS,miss,tokin_catalog,ARC-107401983,,,,,
almaro,7402097,CONSERVADORA,miss,tokin_catalog,ARC-107402097,,,,,
almaro,7405942,AUTOMATE,miss,tokin_catalog,ARC-107405942,,,,,
almaro,7405943,CONEJO CHICO,miss,tokin_catalog,ARC-107405943,,,,,
almaro,7408,BARRA C/CHOC.MUCHO MANI Y CAR.,miss,tokin_catalog,ARC-107408,,,,,
almaro,7412710,BOWLS CEREALES P/DES,miss,tokin_catalog,ARC-107412710,,,,,
almaro,7417834,GANCHERA DOY PACK,miss,tokin_catalog,ARC-107417834,,,,,
almaro,7417835,MINIPALLET DOY PACK,miss,tokin_catalog,ARC-107417835,,,,,
almaro,7420,HEALDO MR. POPS FRU/ANA  45 *,miss,tokin_catalog,ARC-107420,,,,,
almaro,7426866,TUPPER LC ALIMENTO,miss,tokin_catalog,ARC-107426866,,,,,
almaro,7426869,VASOS TERMICOS LC,miss,tokin_catalog,ARC-107426869,,,,,
almaro,7430,GARRAPIÑADA CHOCOLATEADA * 80,miss,tokin_catalog,ARC-107430,,,,,
almaro,7436256,EXH MOSTRADOR 70 AÑOS,miss,tokin_catalog,ARC-107436256,,,,,
almaro,7436258,EXH PIE CHICO A 70 A,miss,tokin_catalog,ARC-107436258,,,,,
almaro,7439675,BOTELLA RUMBA,miss,tokin_catalog,ARC-107439675,,,,,
almaro,7444832,ABASTO BTS 2022,miss,tokin_catalog,ARC-107444832,,,,,
almaro,7452425,PELOTA VOLEY BC,miss,tokin_catalog,ARC-107452425,,,,,
almaro,7455,CAR. BUTT TOFFEES BLACK NARANJ,miss,tokin_catalog,ARC-107455,,,,,
almaro,7456539,LATA COFLER BLOCK,miss,tokin_catalog,ARC-107456539,,,,,
almaro,7467761,LONCHERA,miss,tokin_catalog,ARC-107467761,,,,,
almaro,7468,TOFI RELL. LECHE 6X10X100G,miss,tokin_catalog,ARC-107468,,,,,
almaro,7470,BOMBON SURTIDO BOB * 289 GRS,miss,tokin_catalog,ARC-107470,,,,,
almaro,7473099,BOLSO PLAYERO BAGLEY,miss,tokin_catalog,ARC-107473099,,,,,
almaro,74799415,EXHIBIDOR NAVIDAD,miss,tokin_catalog,ARC-1074799415,,,,,
almaro,7480946,BOTADERO AASS TOFI 2,miss,tokin_catalog,ARC-107480946,,,,,
almaro,7492589,BALDE HALLOWEEN,miss,tokin_catalog,ARC-107492589,,,,,
almaro,7494848,BOTELLA POW ARCOR,miss,tokin_catalog,ARC-107494848,,,,,
almaro,7494849,BOTELLA POW BC,miss,tokin_catalog,ARC-107494849,,,,,
almaro,7494853,VASO GRANDE POW BC,miss,tokin_catalog,ARC-107494853,,,,,
almaro,7498775,GORRA,miss,tokin_catalog,ARC-107498775,,,,,
almaro,7499495,KIT JARRA + VASO POW NEA 2019,miss,tokin_catalog,ARC-107499495,,,,,
almaro,749952250,LATA BOB DULZURA 10U.,miss,tokin_catalog,ARC-10749952250,,,,,
almaro,7533,CHOC COFLER CROC/ALM * 100 GRS,miss,tokin_catalog,ARC-107533,,,,,
almaro,7568,CHOCOCHIPS 24X135 GRS,miss,tokin_catalog,ARC-107568,,,,,
almaro,75820,PALETAS Y PELOTA,miss,tokin_catalog,ARC-1075820,,,,,
almaro,7674,BARRA SER FRUTILLA 36X5X23 G,miss,tokin_catalog,ARC-107674,,,,,
almaro,7880,MAYONESA BC C/ACEITE OLIVA 12X500 CC(483G),miss,tokin_catalog,ARC-107880,,,,,
almaro,7891,MAYON.C/ACEI.OLIVA BC 12X250CC(242G),miss,tokin_catalog,ARC-107891,,,,,
almaro,78920,PELOTA VARIOS COLORES,miss,tokin_catalog,ARC-1078920,,,,,
almaro,7893,CUBANITO COFLER LIMO,miss,tokin_catalog,ARC-107893,,,,,
almaro,7897,BOMBON COFLER BLOCK,miss,tokin_catalog,ARC-107897,,,,,
almaro,7917,SALSA GOLF BC D.PACK 12X 250 CC,miss,tokin_catalog,ARC-107917,,,,,
almaro,7938,CHIC.COW.JUMP.BEN10,miss,tokin_catalog,ARC-107938,,,,,
almaro,8000,MERM DURAZNO LC * 454 GRS,miss,tokin_catalog,ARC-108000,,,,,
almaro,8009,MERM. FRUTILLA LC X  454 G,miss,tokin_catalog,ARC-108009,,,,,
almaro,8017,MERM. CIRUELA LC * 454 GRS,miss,tokin_catalog,ARC-108017,,,,,
almaro,8031,MERM. DAMASCO LC * 454 GRS,miss,tokin_catalog,ARC-108031,,,,,
almaro,83040,BOTELLITAS ARCOR,miss,tokin_catalog,ARC-1083040,,,,,
almaro,8478,CHOC. MANI/CHOCO COFLER BCO *,miss,tokin_catalog,ARC-108478,,,,,
almaro,8550,OBLEA RELL LIMON ARCOR-GO 30 *,miss,tokin_catalog,ARC-108550,,,,,
almaro,8630,BOMBOM CHOCO. BOB 30 * 17 GRS,miss,tokin_catalog,ARC-108630,,,,,
almaro,8648,DUO MOGUL TORTUGUITA 12 * 25 G,miss,tokin_catalog,ARC-108648,,,,,
almaro,8649,DUO MOGUL 12 * 25 GRS,miss,tokin_catalog,ARC-108649,,,,,
almaro,8709,BOC.PETIT FOURS AGUI,miss,tokin_catalog,ARC-108709,,,,,
almaro,8821,GALL. HOGAR. SESAMO MAS SEMI.36X167G,miss,tokin_catalog,ARC-108821,,,,,
almaro,8884,CHICLE GLO. NG ESPANT. 12 * 55,miss,tokin_catalog,ARC-108884,,,,,
almaro,8887,CUBANITO COFLER LECH 16 x 16 g,miss,tokin_catalog,ARC-108887,,,,,
almaro,8941,GOMITAS MURCIELAGOS 12 * 30 GR,miss,tokin_catalog,ARC-108941,,,,,
almaro,90999,BOLSA SURTIDA,miss,tokin_catalog,ARC-1090999,,,,,
almaro,91010293,ABASTO BAGLEY,miss,tokin_catalog,ARC-1091010293,,,,,
almaro,91010294,BOTADERO BAGLEY,miss,tokin_catalog,ARC-1091010294,,,,,
almaro,91010295,MINORISTA BAGLEY,miss,tokin_catalog,ARC-1091010295,,,,,
almaro,91010296,ABASTO ARCOR,miss,tokin_catalog,ARC-1091010296,,,,,
almaro,91010297,BOTADERO EMBOLSATE,miss,tokin_catalog,ARC-1091010297,,,,,
almaro,91010298,MINORISTA ARCOR,miss,tokin_catalog,ARC-1091010298,,,,,
almaro,9256,CARPETA CATALOGO ARCOR 2012,miss,tokin_catalog,ARC-109256,,,,,
almaro,9263,SEPARADOR - FICHA GO,miss,tokin_catalog,ARC-109263,,,,,
almaro,9264,SEPARADOR-FICHA CHOCO * 5 UNID,miss,tokin_catalog,ARC-109264,,,,,
almaro,9265,SEPARADOR - FICHA GALLETAS,miss,tokin_catalog,ARC-109265,,,,,
almaro,9266,SEPARADOR - FICHA BAGLEY,miss,tokin_catalog,ARC-109266,,,,,
almaro,9267,SEPARADOR - FICHA ALIMENTOS,miss,tokin_catalog,ARC-109267,,,,,
almaro,9268,SEPARADOR - FICHA LA CAMPAGNOL,miss,tokin_catalog,ARC-109268,,,,,
almaro,9269,CARPETA CATALOGO * 4 UNID.,miss,tokin_catalog,ARC-109269,,,,,
almaro,9289,CARPETA CATALOGOS,miss,tokin_catalog,ARC-109289,,,,,
almaro,9313,GALL. SONRISA FRAMB. 12X3X118G,miss,tokin_catalog,ARC-109313,,,,,
almaro,9336,CHICLE POOSH KIWI 16,miss,tokin_catalog,ARC-109336,,,,,
almaro,9360,OPERA TRIPLE ORIGINAL * 75 GRS,miss,tokin_catalog,ARC-109360,,,,,
almaro,9361,OPERA TRIPLE NAR/FRUT. * 75 GR,miss,tokin_catalog,ARC-109361,,,,,
almaro,9394,SER CRACKERS 30X120G,miss,tokin_catalog,ARC-109394,,,,,
almaro,9399,SER CRACKERS 10X3X120G,miss,tokin_catalog,ARC-109399,,,,,
almaro,9416,GALL. SER DULCE VAINILLA 30X130G,miss,tokin_catalog,ARC-109416,,,,,
almaro,9448,REX 3 QUESO * 60 GRS,miss,tokin_catalog,ARC-109448,,,,,
almaro,9469,GUSANITOS 4X1KG EN P,miss,tokin_catalog,ARC-109469,,,,,
almaro,9470,RATONES 4X1KG EN POT,miss,tokin_catalog,ARC-109470,,,,,
almaro,9471,DIENTES 1 KG REDIS,miss,tokin_catalog,ARC-109471,,,,,
almaro,9472,MORAS DE 4X1KG REDIS,miss,tokin_catalog,ARC-109472,,,,,
almaro,9476,GALL. RUMBA CHOCOLATOSA * 112,miss,tokin_catalog,ARC-109476,,,,,
almaro,9477,GALL. RUMBA CHOCOLAT 3 * 112 G,miss,tokin_catalog,ARC-109477,,,,,
almaro,9478,MOGUL DUO DOYPACK * 250 GRS,miss,tokin_catalog,ARC-109478,,,,,
almaro,9487,GALL. TENTACIONES MOUSE CHOCO,miss,tokin_catalog,ARC-109487,,,,,
almaro,95000,ENAMORADOS X 2,miss,tokin_catalog,ARC-1095000,,,,,
almaro,95001,OBLEA BON O BON X1,miss,tokin_catalog,ARC-1095001,,,,,
almaro,95002,OBLEA BON OBON X1,miss,tokin_catalog,ARC-1095002,,,,,
almaro,95003,corazon bob x7,miss,tokin_catalog,ARC-1095003,,,,,
almaro,95004,CAJA BUT TOF X18,miss,tokin_catalog,ARC-1095004,,,,,
almaro,9543,CHOC. GODY MUTANTE 40 * 8 GRS,miss,tokin_catalog,ARC-109543,,,,,
almaro,9551,BARRA COFLER S. MENTA  6X20X30 GR,miss,tokin_catalog,ARC-109551,,,,,
almaro,9556,CHOC. AGUILA LECHE C/ALMENDRAS,miss,tokin_catalog,ARC-109556,,,,,
almaro,9600,GALL. SER TOSTADA 16X110G,miss,tokin_catalog,ARC-109600,,,,,
almaro,964681,RAPIDITAS INTEGR 220GR,miss,tokin_catalog,ARC-10964681,,,,,
almaro,964786,BRAUNICHOC SABEBIEN! 35GR,miss,tokin_catalog,ARC-10964786,,,,,
almaro,964787,BROWNIE MINI SABEBIEN! 35GR,miss,tokin_catalog,ARC-10964787,,,,,
almaro,964798,BROWNIE CHIPS SABEBIEN! 62GR,miss,tokin_catalog,ARC-10964798,,,,,
almaro,9698,HUEVO TORTUGUITA  LECH POTE 30,miss,tokin_catalog,ARC-109698,,,,,
almaro,9726,HUEVO TORTUGUITA BCO POTE 30 *,miss,tokin_catalog,ARC-109726,,,,,
almaro,97407586,EXH SALADIX GRANDE,miss,tokin_catalog,ARC-1097407586,,,,,
almaro,97407587,EXH SALADIX MEDIANO,miss,tokin_catalog,ARC-1097407587,,,,,
almaro,97407588,EXH SALADIX CHICO,miss,tokin_catalog,ARC-1097407588,,,,,
almaro,9827,HELADO COPA BC AM-FRUTILLA 16,miss,tokin_catalog,ARC-109827,,,,,
almaro,9841,JUGOS BC NARANJA 16X18X9.7 GRS,miss,tokin_catalog,ARC-109841,,,,,
almaro,9842,JUGOS BC LIMONADA 16X18X9.3 GRS,miss,tokin_catalog,ARC-109842,,,,,
almaro,9843,JUGOS BC MANGO-NAR 16X18X7.9 GR,miss,tokin_catalog,ARC-109843,,,,,
almaro,9844,JUGOS BC NAR. DULCE 16X18X9.5,miss,tokin_catalog,ARC-109844,,,,,
almaro,9845,JUGOS BC PERA 16X18X7.8GR,miss,tokin_catalog,ARC-109845,,,,,
almaro,9846,JUGOS BC POM ROSADO 18 * 10.3,miss,tokin_catalog,ARC-109846,,,,,
almaro,9847,JUGOS BC MANZ ROJA 16X18X8.5,miss,tokin_catalog,ARC-109847,,,,,
almaro,9875,HUEVO LEC DISNEY BAND 20 * 5 G,miss,tokin_catalog,ARC-109875,,,,,
almaro,9877,HUEVO BAÑ C/LECH DISNEY * 50 G,miss,tokin_catalog,ARC-109877,,,,,
almaro,9879,HUEVO CHOC. BCO Y COOKIES * 12,miss,tokin_catalog,ARC-109879,,,,,
almaro,9880,B.TOFF CHOKKO MINT 6X959G,miss,tokin_catalog,ARC-109880,,,,,
almaro,9881,HUEVO CHOC LEC AGUILA  MOUSSE 12* 200 GR,miss,tokin_catalog,ARC-109881,,,,,
almaro,9882,HUEVO BAÑ C/LECH ARCOR * 50 GR,miss,tokin_catalog,ARC-109882,,,,,
almaro,9885,HUEVO CHO/LECH BARBIE * 170 GR,miss,tokin_catalog,ARC-109885,,,,,
almaro,9917,GALL. CRIOLLITAS TOST. SALVADO 18X200G,miss,tokin_catalog,ARC-109917,,,,,
almaro,991782,BOLSITA MASTICABLES,miss,tokin_catalog,ARC-10991782,,,,,
almaro,9920,OPERA BLACK 56X60G,miss,tokin_catalog,ARC-109920,,,,,
almaro,9948,LIEBRE ARCOR 6 * 50 GRS,miss,tokin_catalog,ARC-109948,,,,,
almaro,9949,GALL. PORTEÑITAS 30X130G,miss,tokin_catalog,ARC-109949,,,,,
almaro,9964,ALFAJOR B&N BLANCO 36X50G,miss,tokin_catalog,ARC-109964,,,,,
almaro,9978,GALL. CRIOLLITAS 3 CEREALES *,miss,tokin_catalog,ARC-109978,,,,,
almaro,9991,GALL SER TOSTADAS SALVADO * 11,miss,tokin_catalog,ARC-109991,,,,,
almaro,9992,GALL. SER SALVADO 30X145G,miss,tokin_catalog,ARC-109992,,,,,
almaro,9994,GALL. SALVADO BAGLEY FIB 36X214G,miss,tokin_catalog,ARC-109994,,,,,
almaro,9995,GALL. SALVADO BAGLEY FIB 12X3X214G,miss,tokin_catalog,ARC-109995,,,,,
almaro,9996,GALL. SALVADO BAGLEY SIN SAL 36X214G,miss,tokin_catalog,ARC-109996,,,,,
almaro,AG211828,BOLSITA CAR. MIEL,miss,tokin_catalog,ARC-10AG211828,,,,,
almaro,AG211834,BOLSITA MENTA CRISTAL,miss,tokin_catalog,ARC-10AG211834,,,,,
almaro,AG211878,BOLSITA BUTT.TOF.CHO,miss,tokin_catalog,ARC-10AG211878,,,,,
almaro,AG21782,BOLSITA MASTICABLES,miss,tokin_catalog,ARC-10AG21782,,,,,
almaro,AG299991,BOLSITA BUTT CHOC Y CAR MILK,miss,tokin_catalog,ARC-10AG299991,,,,,
