odoo_id,nombre,vendedor_excel,rut,calle,ciudad,rut_norm
__export__.res_partner_53093_76ead83b,A TU GUSTO SPA,20 - HORECA,76953231-5,CALLE LIMACHE 1723,VIÑA DEL MAR,76953231-5
__import__.919369921C,ABARCA BASCONE LUIS ROBERTO,35 - Recreo/Forestal,9193699-2,CALLE FRESIA 6 CERRO PLACERES,VALPARAÍSO,9193699-2
__import__.7763373661C,ABARROTES BRIGIDA VERONICA MONSALVES ROJAS EIRL,13 - Congelados Interior,77633736-6,SANTA TERESA 319 LOS TORREONES PEÑABLANCA,VILLA ALEMANA,77633736-6
__import__.7805871561C,ABARROTES CONGELADOS Y PROVISIONES URTUBIA RAMIREZ LIMITADA,35 - Recreo/Forestal,78058715-6,DIEGO PORTALES 600,VIÑA DEL MAR,78058715-6
__import__.7798951730C,ABARROTES QUINTEROS SPA ,19 - Tabolango - Papudo,77989517-3,AV NORMANDIE 2349,QUINTERO,77989517-3
__import__.78148282K0C,ABARROTES Y PASTELERÍA FRANCISCO GUERRERO CABRERA E.I.R.L. ,8 - Santa Ines/Villa Hermosa,78148282-K,CALLE LIMONARES 9 VILLA LOS AROMAS,VIÑA DEL MAR,78148282-K
__import__.7805997150C,ABASTO YILBERT ADELUIS CASTILLO OSORIO E.I.R.L. ,34 - Quillota / La Calera,78059971-5,ARAUCO PONIENTE 994 MZ B PABLO DE ROKHA,QUILLOTA,78059971-5
__import__.1623253450C,ACEVEDO BERNAL VALERIA FRANCISCA,20 - HORECA,16232534-5,AV BORGOÑO 21295,CONCÓN,16232534-5
__import__.1433670880C,ACEVEDO RODRIGUEZ MACARENA DEL ROSARIO ,19 - Tabolango - Papudo,14336708-8,PASAJE VIÑA 15 HORCON,PUCHUNCAVÍ,14336708-8
__import__.1230191560C,ACEVEDO SOLAR SARA DEL CARMEN ,18 - Los Andes/San Felipe,12301915-6,O'HIGGINS 233,LOS ANDES,12301915-6
__import__.565068880C,ACEVEDO SUAREZ BLANCA FLOR ,8 - Santa Ines/Villa Hermosa,5650688-8,EDUARDO YAÑEZ N° 249 PARADERO 1 ACHUPALLAS,VIÑA DEL MAR,5650688-8
__import__.7770688140C,ACTIVIDADES DE RESTAURANTES Y DE SERVICIOS MOVIL DE COMIDAS XIJUN,20 - HORECA,77706881-4,AV VALPARAISO 553 LOCAL 28-29,VIÑA DEL MAR,77706881-4
__import__.1797711600C,AEDO VILLACURA CINTYA ALEJANDRA ,19 - Tabolango - Papudo,17977116-0,RUTA 64 CAMINO INTERNACIONAL KM 30 TABOLANGO,LIMACHE,17977116-0
__import__.7674682371C,AGRICOLA JOAQUIN CORTES RUIZ E.I.R.L. ,2 - Valparaiso C,76746823-7,RUTA 68 N°1173,PLACILLA,76746823-7
__import__.7674682370C,AGRICOLA JOAQUIN CORTES RUIZ E.I.R.L. ,2 - Valparaiso C,76746823-7,"AV FUNDADORES 439, LT 25",VALPARAÍSO,76746823-7
__export__.res_partner_65364_45c698f1,AGRO COMERCIAL S&G SPA,13 - Congelados Interior,77587092-3,MARGA MARGA 4540,QUILPUE,77587092-3
__export__.res_partner_65312_52af5bf8,AGRO LATORRE LIMITADA,13 - Congelados Interior,76706927-8,MARGA MARGA 4540,QUILPUE,76706927-8
__import__.2523060050C,AGUDELO VALENCIA MARINO ANDRES ,34 - Quillota / La Calera,25230600-5,AV ALBERDI 360,QUILLOTA,25230600-5
__import__.7814648131C,AGUDELO Y LOPEZ ASOCIADOS SPA ,17 - Limache/Olmue,78146481-3,AV CONCEPCIÓN PASAJE 3  563,LIMACHE,78146481-3
__import__.1301995690C,AGUILAR ARANDA SUSANA ISABEL,8 - Santa Ines/Villa Hermosa,13019956-9,PASAJE LEBU 45 OLIVAR,VIÑA DEL MAR,13019956-9
__export__.res_partner_65996_4fd505c1,AGUILAR POZAS JEANNETTE EDILIA,19 - Tabolango - Papudo,15281154-3,AV PRINCIPAL ES PRINCIPADO DE MONACO,PUCHUNCAVI,15281154-3
__import__.1509032110C,AGUILERA AGUILERA KARINA DEL CARMEN ,18 - Los Andes/San Felipe,15090321-1,SCOUT MARCO ECHEVERRIA 690,SAN FELIPE,15090321-1
__import__.447641991C,AGUILERA AVILA GASTON ,35 - Recreo/Forestal,4476419-9,ROGELIO ASTUDILLO B-12 POB. PALMERAS,VIÑA DEL MAR,4476419-9
__export__.res_partner_66112_d8f8588b,AGUIRRE GONZALEZ GLORIA ANDINA,34 - Quillota / La Calera,9485587-K,ARAUCO PONIENTE 944,QUILLOTA,9485587-K
__import__.1506187540C,AHUMADA SARAVIA VICTOR ALEJANDRO ,18 - Los Andes/San Felipe,15061875-4,CALLE 21 874,SAN ESTEBAN,15061875-4
__import__.7683327460C,AL ANFAL Y COMPAÑIA LIMITADA,20 - HORECA,76833274-6,QUINTA 167 LOCAL VIÑA DEL MAR,VIÑA DEL MAR,76833274-6
__import__.1551737930C,ALARCON HIDALGO WENDY PATRICIA ,2 - Valparaiso C,15517379-3,AV EL BOSQUE 1078,VALPARAÍSO,15517379-3
__import__.2137996731C,ALDAY ROJAS KRISTEL AYLINE ,35 - Recreo/Forestal,21379967-3,ANCUD 123 FORESTAL,VIÑA DEL MAR,21379967-3
__export__.res_partner_65131_e7251fc9,ALDUNATE VASQUEZ MIREYAPAMELA ,20 - HORECA,12498514-5,CALLE 12 NORTE 1249 A,VIÑA DEL MAR,12498514-5
__import__.7698096780C,ALI KEBAB LIMITADA,20 - HORECA,76980967-8,CALLE VALPARAISO 286,VIÑA DEL MAR,76980967-8
__export__.res_partner_65155_8a548b16,ALIMENTOS EL BÚFALO SPA,20 - HORECA,76443634-2,VILLANELO 243,VIÑA DEL MAR,76443634-2
__import__.7776690441C,ALIMENTOS JOCELYN CASTRO SOTO E.I.R.L.,13 - Congelados Interior,77766904-4,PASAJE HAYDN 1689,VILLA ALEMANA,77766904-4
__export__.res_partner_65129_8c37ead9,ALIMENTOS KOALA SPA,20 - HORECA,76749626-5,SAN ANTONIO 1045,Viña Del Mar,76749626-5
__export__.res_partner_65444_1683cba8,ALIMENTOS LOPEZ SPA,17 - Limache/Olmue,78306986-5,AV URMENETA 171 LIMACHE,LIMACHE,78306986-5
__export__.res_partner_65282_43cdf563,ALIMENTOS OLIVARES F Y A LIMITADA,2 - Valparaiso C,77731501-3,AVENIDA ARGENTINA 811,Valparaiso,77731501-3
__import__.7804536990C,ALIMENTOS PAOLA GARCIA SPA,35 - Recreo/Forestal,78045369-9,QUILLOTA 131,VIÑA DEL MAR,78045369-9
__export__.res_partner_53279_2e619d9d,ALIMENTOS PARA MASCOTAS Y PROVISIONES CHARLIE SPA,17 - Limache/Olmue,77563538-K,URMENETA 403,LIMACHE,77563538-K
__export__.res_partner_66096_a1f8bd46,ALIMENTOS Y SERVICIOS SPA ,16 - Especializado Litoral,76883853-4,JOSE NARCISO AGUIRRE 84,EL QUISCO,76883853-4
__import__.7748897791C,ALIOSKA AMPUERO OSORIO SPA ,17 - Limache/Olmue,77488977-9,EASTMAN 1623,LIMACHE,77488977-9
__export__.res_partner_52457_d2677b73,ALISANDRA SPA,8 - Santa Ines/Villa Hermosa,77551522-8,DEL PALTO 3001 LOCAL 1 MALLEN,VIÑA DEL MAR,77551522-8
__import__.7774976770C,ALMACEN BOTILLERIA ALFONSO RODRIGUEZ E.I.R.L. ,19 - Tabolango - Papudo,77749767-7,CALLE PRINCIPAL 18,PUCHUNCAVÍ,77749767-7
__export__.res_partner_66033_1a83c3de,ALMACEN CORDONERIA,34 - Quillota / La Calera,17634233-1,AV MACKENA 387,QUILLOTA,17634233-1
__export__.res_partner_66171_00cc9ffb,ALMACEN DE COMESTIBLES SOCIEDAD ROCAVI L,2 - Valparaiso C,76501567-7,PLAZUELA ECUADOR 638,VALPARAÍSO,76501567-7
__import__.7783161290C,ALMACEN DONDE EL WHISKY LIMITADA ,19 - Tabolango - Papudo,77831612-9,MANUEL RORIGUEZ 2,PUCHUNCAVÍ,77831612-9
__import__.7715933642C,ALMACEN MADRID SPA ,35 - Recreo/Forestal,77159336-4,WALKER 602,VIÑA DEL MAR,77159336-4
__export__.res_partner_66035_45914c4e,ALMACEN MATIAS FELIPE LEIVA FREDES EIRL,34 - Quillota / La Calera,78248049-9,AV VICUÑA MACKENA 204,QUILLOTA,78248049-9
__export__.res_partner_66156_2e8e1fbe,ALMACEN RECREO SPA,35 - Recreo/Forestal,77403253-3,AMUNATEGUI 1946,VIÑA DEL MAR,77403253-3
__import__.7783988183C,ALMACEN Y BAZAR CRISTOPHER STEPHEN ORDENES VILLALOBOS E.I.R.L.,2 - Valparaiso C,77839881-8,NELSON 376,VALPARAÍSO,77839881-8
__export__.res_partner_65141_3d8483a1,ALMACENES EVELYN ELIANA URZUA VILLARROEL,20 - HORECA,76589049-7,CALLE SAN AGUSTIN 790 LOCAL 16,Concon,76589049-7
__import__.7796966690C,ALMACENES ROLANDO MORALES E.I.R.L. ,34 - Quillota / La Calera,77969666-9,AMTHOR 1829 MZH LT 13 C.SAN JUAN,LA CALERA,77969666-9
__import__.7699332470C,ALMACÉN CLAUDIO HERNÁN VILCHES ESCOBEDO E.I.R.L. ,18 - Los Andes/San Felipe,76993324-7,CALLE NUEVA 2 0128 CARLOS PEZOA VELIZ,SAN FELIPE,76993324-7
__import__.7798830941C,ALMACÉN INES CORONADO E.I.R.L. ,8 - Santa Ines/Villa Hermosa,77988309-4,PASAJE 3 CON LONQUIMAY 19 REÑACA ALTO,VIÑA DEL MAR,77988309-4
__import__.7703396420C,ALMACÉN MARIA MAGDALENA DELGADO ROJAS E.I.R.L. ,18 - Los Andes/San Felipe,77033964-2,SARGENTO ALDEA 393,SAN FELIPE,77033964-2
__import__.7816566150C,ALMACÉN MOREEN VALENTINA ROMAN IBARRA E.I.R.L. ,34 - Quillota / La Calera,78165661-5,ARGINES DE ESCOBAR 1540,QUILLOTA,78165661-5
__export__.res_partner_65769_af02febf,ALTO MARKET SPA,34 - Quillota / La Calera,77271665-6,BLANCO ENCALADA 646,QUILLOTA,77271665-6
__import__.1209542375C,ALVARADO DIAZ JUAN PABLO,17 - Limache/Olmue,12095423-7,REPUBLICA 127 LOCAL 4,LIMACHE,12095423-7
__export__.res_partner_65553_dc049ac0,ALVARADO FERNANDEZ HECTOR ALEJANDRO  ,17 - Limache/Olmue,15085459-8,AV GRANIZO 6603 OLMUE,OLMUÉ,15085459-8
__import__.5086200041C,ALVARADO GUTIERREZ EDGARDO RAUL,17 - Limache/Olmue,50862000-4,PEDRO DE ALVARADO 13,OLMUÉ,50862000-4
__import__.1399128880C,ALVARADO MOYA MARCELA KARINA ,19 - Tabolango - Papudo,13991288-8,CALLE MANUEL RODRIGUEZ 251,PUCHUNCAVÍ,13991288-8
__import__.684399301C,ALVARADO PLAZA PATRICIO EDUARDO ,35 - Recreo/Forestal,6843993-0,MONTEMAR 20,VIÑA DEL MAR,6843993-0
__import__.833430951C,ALVAREZ ALVAREZ MARIA ESPERANZA ,8 - Santa Ines/Villa Hermosa,8334309-5,CALLE 8 #163 PRDO. 8 REÑACA ALTO,VIÑA DEL MAR,8334309-5
__import__.1260372011C,ALVAREZ CARMONA MARIA RAQUEL ,17 - Limache/Olmue,12603720-1,AV GRANIZO 6200 PRD 31 OLMUE,OLMUÉ,12603720-1
__import__.1262608061C,ALVAREZ DONOSO JAIME RICARDO ,2 - Valparaiso C,12626080-6,PASAJE LOS JUNCOS 1088 PLACILLA,VALPARAÍSO,12626080-6
__import__.11719793K1C,ALVAREZ GARAT ROBERTO ,13 - Congelados Interior,11719793-K,PEDRO MONTT 1200,QUILPUÉ,11719793-K
__import__.556667170C,ALVAREZ JIMENEZ JOSE ,2 - Valparaiso C,5566671-7,LEVARTE 796 PYA ANCHA,VALPARAÍSO,5566671-7
__import__.862658420C,ALVAREZ LABRA MIGUEL HERNAN ,8 - Santa Ines/Villa Hermosa,8626584-2,CALLE CENTELLA CASA K-1 GRANADILLA 6 MIRAFLORES ALTO,VIÑA DEL MAR,8626584-2
__export__.res_partner_66331_61a3d5b9,ALVAREZ LOYOLA LUIS ,16 - Especializado Litoral,12958981-7,OHIGGINS N 254,CURACAVI,12958981-7
__import__.1576205761C,ALVAREZ ORTEGA CRISTIAN ANDRES ,13 - Congelados Interior,15762057-6,PEDRO VICTOR CONTRERAS 2196,VILLA ALEMANA,15762057-6
__import__.874794551C,ALVAREZ REYES JOSE LUIS ,17 - Limache/Olmue,8747945-5,PARQUE TENIENTE MERINO S/N QUIOSCO AL LADO DE LOS BAÑOS PLAZA DE LOS CABALLOS,OLMUÉ,8747945-5
__import__.1223022881C,ALVAREZ ROJAS MARCELA KARINA ,13 - Congelados Interior,12230228-8,ALEJANDRO PERALTA 540 VILLA EL ROCIO,VILLA ALEMANA,12230228-8
__import__.7612810380C,ALVARO HERNAN GUILLERMO NUNEZ BARRIA EIR ,13 - Congelados Interior,76128103-8,AV LA PALMA 681,VILLA ALEMANA,76128103-8
__import__.773967132C,AMASANDERÍA EDINSON ALEJANDRO SOTELO GARAY E.I.R.L.,13 - Congelados Interior,77396713-K,IGNACIO CARRERA PINTO 0492,VILLA ALEMANA,77396713-K
__export__.res_partner_64945_d0e4ebc4,AMASANDERÍA EL PINGÜINO SPA,17 - Limache/Olmue,78175793-4,"CONCEPCIÓN 99, LOCAL 4 Y 5, LIMACHE",LIMACHE,78175793-4
__export__.res_partner_53044_fdd2362a,AMASANDERÍA Y MINIMARKET JONATHAN MOISES CORDOVA CISTERNAS E.I.R.L. ,2 - Valparaiso C,78277871-4,JOSE SEREY 263 LC 4 QUEBRADA VERDE,Valparaiso ,78277871-4
__import__.850714750C,AMAYA AGUILERA ROSA INES ,34 - Quillota / La Calera,8507147-5,CALLE ACONCAGUA N°1319,LA CALERA,8507147-5
__import__.76750702K0C,AMESTICA LEIVA LIMITADA ,18 - Los Andes/San Felipe,76750702-K,FREIRE 505,LOS ANDES,76750702-K
__import__.7817941630C,AMORE MIO SPA ,2 - Valparaiso C,78179416-3,AV NORUEGA 1054 DP 12 SAN ROQUE NULL 12,VALPARAÍSO,78179416-3
__import__.7806723661C,ANA ALEYDA LINDARTE DELGADO COMERCIALIZADORA Y MINIMARKET E.I.R.L. ,8 - Santa Ines/Villa Hermosa,78067236-6,EDUARDO TITUS 110,VIÑA DEL MAR,78067236-6
__export__.res_partner_63803_b71d348b,ANABALON MONTENEGRO JACQUELINE DEL CARMEN,13 - Congelados Interior,12603669-8,JOHN KENNEDY 1453 PILOTO PARDO,QUILPUE,12603669-8
__import__.779878941C,ANDAUR OLIVARES MIGUEL ANGEL ,2 - Valparaiso C,7798789-4,AV URUGUAY 336,VALPARAÍSO,7798789-4
__import__.7828403120C,ANDES SPA,20 - HORECA,78284031-2,MARINA 140,VIÑA DEL MAR,78284031-2
__import__.7796910711C,ANDREA LAGO VICHUQUÉN SPA ,8 - Santa Ines/Villa Hermosa,77969107-1,LAGO REOSSELOT 645 LOCAL 2 MIRADOR DE REÑACA,VIÑA DEL MAR,77969107-1
__import__.24827607K2C,ANEZ ROZAS GABRIEL,20 - HORECA,24827607-K,SAN ANTONIO 1209,VIÑA DEL MAR,24827607-K
__import__.7768592730C,ANGELICA ITURRIETA MINIMARKET AYF EIRL ,2 - Valparaiso C,77685927-3,RODELILLO 5121,VALPARAÍSO,77685927-3
__export__.res_partner_53130_93a97cc3,ANTIVILO PANZA ROBERTO ENRIQUE ,35 - Recreo/Forestal,12311507-4,GERMAN RIESCO 2173,VALPARAÍSO,12311507-4
__import__.77807527K1C,ANTOJOS DEL MAR SPA,35 - Recreo/Forestal,77807527-K,ESCUADRA LIBERTADORA 1955 1 CALETA PORTALES,VALPARAÍSO,77807527-K
__export__.res_partner_66128_81afed16,ANTORENAFER SPA,34 - Quillota / La Calera,78092548-5,SALVADOR SAID 1253,VALPARAISO,78092548-5
__import__.1282085850C,ARANCIBIA ARAYA  ANDREA PATRICIA ,34 - Quillota / La Calera,12820858-5,PASAJE DIEGO DE ALMAGRO 24 VILLA CENTENARIO,LA CRUZ,12820858-5
__export__.res_partner_63714_cbebaaae,ARANCIBIA PRADENA MARIA VICTORIA,35 - Recreo/Forestal,8080450-4,CALLE CARMEN 493 CERRO PLACERES,VALPARAÍSO,8080450-4
__import__.1151825600C,ARANCIBIA VERGARA FERNANDO ALEXIS ,19 - Tabolango - Papudo,11518256-0,CARRETERA F 30 E,PUCHUNCAVÍ,11518256-0
__import__.1165208260C,ARANCIBIA VERGARA JOSE DOMINGO ,2 - Valparaiso C,11652082-6,PSJE VALLE VISTA HERMOSA PARCELA N°1054 LAGUNA VERDE,VALPARAÍSO,11652082-6
__import__.641340781C,ARANCIBIA VILLA  MARGARITA ,13 - Congelados Interior,6413407-8,PORTALE  888  LOCAL 12,QUILPUÉ,6413407-8
__import__.1508550121C,ARANDA VALENZUELA KARINA ANDREA ,17 - Limache/Olmue,15085501-2,OHIGGINS 18 SAN FRANCISCO,LIMACHE,15085501-2
__import__.6364675K0C,ARANGUIZ CHAVEZ EDUARDO ERNESTO ,2 - Valparaiso C,6364675-K,LOS ÁLAMOS PARCELA 1336 ESQUINA LOS MÚSICOS,VALPARAÍSO,6364675-K
__import__.7796000250C,ARAOS Y PEÑAFIEL SPA ,34 - Quillota / La Calera,77960002-5,CONCEPCION 126,QUILLOTA,77960002-5
__import__.940696611C,ARAVENA HENRIQUEZ GULLERMO ARNALDO,2 - Valparaiso C,9406966-1,PRINCIPAL S/N LAGUNA VERDE,VALPARAÍSO,9406966-1
__import__.1385594591C,ARAYA BUSTOS CESAR ALEXI ,13 - Congelados Interior,13855945-9,IRMA JPHNSON MOLINA 110 DPTO 190,QUILPUÉ,13855945-9
__import__.1319044011C,ARAYA BUSTOS GUILLERMO ENRIQUE ,13 - Congelados Interior,13190440-1,PJE LOS DAMASCOS 3138 VILLA DON FERNANDO,VILLA ALEMANA,13190440-1
__import__.16678381K1C,ARAYA CRISOSTOMO CLAUDIO YAMPIER ,13 - Congelados Interior,16678381-K,LA UNION 1381 ENRIQUE ZORO 1 BELLOTO NORTE,QUILPUÉ,16678381-K
__export__.res_partner_65868_04f42d36,ARAYA NEIRA DANIELA IVETTE,34 - Quillota / La Calera,15742839-K,LORCA 795,QUILLOTA,15742839-K
__export__.res_partner_66064_5c843f3d,AREGON Y COMPANIA LIMITADA,16 - Especializado Litoral,76118462-8,AV ISIDORO DUBOURNAIS 790,EL QUISCO,76118462-8
__export__.res_partner_65840_450bbd91,ARELLAN BARRETO GENESIS JOISA,19 - Tabolango - Papudo,27325301-7,21 DE MAYO 1579,QUINTERO,27325301-7
__import__.79913070K0C,ARENILLAS HERMANAS LIMITADA,35 - Recreo/Forestal,79913070-K,CALLE CANCHA #142,VIÑA DEL MAR,79913070-K
__import__.1452428431C,AREVALO PINO MARILYN CONSTANZA ,35 - Recreo/Forestal,14524284-3,RIO SAN PEDRO FORESTAL 300 POB  LAS PALMAS 3,VIÑA DEL MAR,14524284-3
__import__.1245260511C,ARGANDOÑA RECABARREN ERNESTO MANUEL ,2 - Valparaiso C,12452605-1,"AV LOMAS DE LA LUZ 880, LOCAL 2",VALPARAÍSO,12452605-1
__import__.713832530C,ARGEL VERA RONALD FRANCISCO ,2 - Valparaiso C,7138325-3,CLAUDIO GAY 502,VALPARAÍSO,7138325-3
__import__.1206677931C,ARIAS AGUILERA JACQUELINE PAOLA,13 - Congelados Interior,12066779-3,ALCALDE RODOLFO GALLEGUILLOS Nº 1237 TRONCOS VIEJ,QUILPUÉ,12066779-3
__import__.1507464181C,ARIAS ARIAS RODRIGO OCTAVIO ,35 - Recreo/Forestal,15074641-8,LAS TORRES 565 CHORRILLOS,VIÑA DEL MAR,15074641-8
__import__.2598151690C,ARIAS CUAURO FRANKLIN MARCELINO ,18 - Los Andes/San Felipe,25981516-9,HERNAN PEREZ QUIJANES 1720,SAN FELIPE,25981516-9
__import__.1365096670C,ARIAS GALVEZ PATRICIA ALADINA ,2 - Valparaiso C,13650966-7,PARCELA 22 KILOMETRO 1.5 FUNDO CURAMILLA,VALPARAÍSO,13650966-7
__export__.res_partner_65898_4e3885ab,ARMIJO FERNANDEZ CARLA SILVANA,34 - Quillota / La Calera,16540375-4,VALPARAISO 1391,QUILLOTA,16540375-4
__import__.1173179000C,AROS PINOLLA ANA PAOLA ,34 - Quillota / La Calera,11731790-0,GABRIELA MISTRAL 1337 EL TRIGAL CALERA,LA CALERA,11731790-0
__import__.826509541C,ARRIAGADA NEIRA ALEJANDRO ,35 - Recreo/Forestal,8265095-4,AV. LA PAZ Nº554 FORESTAL ALTO,VIÑA DEL MAR,8265095-4
__import__.889910281C,ARRIAGADA NEIRA RAIMUNDO DAVID ,35 - Recreo/Forestal,8899102-8,"ELIAS LAFERTE Nº 7 POB. GABRIELA MISTRAL, FORESTA",VIÑA DEL MAR,8899102-8
__export__.res_partner_65447_9b3e0c40,ARROZ CON LECHE EVENTOS Y GASTRONOMIA SPA,19 - Tabolango - Papudo,77545646-9,LOTE 26 PTE PC 26 SANTA ADELA NULL,QUINTERO,77545646-9
__export__.res_partner_46933_1cfef25d,ARTURO ALISTE HENRIQUEZ,20 - HORECA,9535416-5,PARQUE POTRERILLO INTERIOR 5º VERGARA,VIÑA DEL MAR,9535416-5
__export__.res_partner_53297_f2560160,ASBO SPA,34 - Quillota / La Calera,78279697-6,PINTOR NEMESIO ANTUN 1634,Quillota ,78279697-6
__import__.7600493950C,ASESORIA E INVERSIONES SOL Y MAR SPA,20 - HORECA,76004939-5,VALPARAISO 651 3 Y 4,VIÑA DEL MAR,76004939-5
__import__.476490131C,ASLIN ESPINOZA EDUARDO ENRIQUE ,20 - HORECA,4764901-3,CLARENCIA 870 CONCON,CONCÓN,4764901-3
__import__.618734140C,ASPEE ASPEE GLORIA ANGELICA ,8 - Santa Ines/Villa Hermosa,6187341-4,AVDA LAS REJAS N° 881 MIRAFLORES ALTO,VIÑA DEL MAR,6187341-4
__export__.res_partner_64842_0975d2e5,ASTUDILLO BAEZ RODRIGO ANTONIO,19 - Tabolango - Papudo,10254483-8,SAN LUIS 49  CATAPILCO,CATAPILCO,10254483-8
__import__.977794062C,ASTUDILLO GOMEZ JORGE EDUARDO,13 - Congelados Interior,9777940-6,REGIDOR CASIMIRO PEROCARPI 2224,VILLA ALEMANA,9777940-6
__import__.978981701C,ASTUDILLO MONTOYA MARGARITA ,35 - Recreo/Forestal,9789817-0,AV. VIÑA DEL MAR Nº 2250 LOCAL Nº 3 RECR,VIÑA DEL MAR,9789817-0
__import__.1711902071C,ASTUDILLO MOYANO MELANY ALEJANDRA ,13 - Congelados Interior,17119020-7,LOS NARANJOS 675 POB PYA ANCHA BTO NORTE,QUILPUÉ,17119020-7
__import__.7724890560C,AUSTRAL VINA SPA,35 - Recreo/Forestal,77248905-6,ARLEGUI 951,VIÑA DEL MAR,77248905-6
__import__.880459551C,AVARIA PUEBLA JUANA DE LAS MERCEDES ,13 - Congelados Interior,8804595-5,PEDRO MONTT 2046,QUILPUÉ,8804595-5
__import__.1162358032C,AVENDANO AREVALO FRANCISCO JAVIER ,2 - Valparaiso C,11623580-3,PLAYA ANCHA 198,VALPARAÍSO,11623580-3
__import__.10131698K0C,AVENDANO MUNOZ LORENA SAGRARIO ,18 - Los Andes/San Felipe,10131698-K,"GOBIERNO VASCO 2560, SAN ESTEBAN",SAN ESTEBAN,10131698-K
__import__.780497610,AVICHUELO SPA,18 - Los Andes/San Felipe,78049761-0,ARTURO PRAT 493 LT 2,LOS ANDES,78049761-0
__import__.555442550C,AVILA ALVAREZ JUAN ANTONIO ,17 - Limache/Olmue,5554425-5,SERRANO 62 S/N,LIMACHE,5554425-5
__import__.1048731890C,AVILA MAUREIRA ANA VIOLETA ,2 - Valparaiso C,10487318-9,DOS NORTE SITIO 10 LAGUNA VERDA,VALPARAÍSO,10487318-9
__import__.1271898890C,AYALA GALARCE MARCELO ENRIQUE ,13 - Congelados Interior,12718988-9,INGENIERO HYATT 2548 LOCAL 1 POB TENIENTE SERRANO,QUILPUÉ,12718988-9
__export__.res_partner_52901_744f1f6d,AYALA PASTENE NICOLE ANDREA,2 - Valparaiso C,17614385-1,CALLE LAS VIOLETAS N° 896 POBL CARDENAL SAMORE,PLACILLA,17614385-1
__import__.1746901970C,AYALA TROQUIAN TABITA ANDREA ,18 - Los Andes/San Felipe,17469019-7,CALLE PABLO SIMONETI 152 CALLE LARGA,LOS ANDES,17469019-7
__export__.res_partner_65749_848e2de7,B&R SPA,34 - Quillota / La Calera,78309465-7,21 DE MAYO 1140,QUILLOTA,78309465-7
__export__.res_partner_53275_c5b9a3f4,BACIAN VEAS JESSICA ESTER,34 - Quillota / La Calera,11932122-0,AV 21 DE MAYO 5551 LOCAL 3-4,LA CRUZ,11932122-0
__import__.1193212200C,BACIAN VEAS JESSICA ESTER ,34 - Quillota / La Calera,11932122-0,CARLOS CONDELL 490 LOCAL 3,QUILLOTA,11932122-0
__import__.826205320C,BAEZ VILCHES ELIZABETH DEL CARMEN ,18 - Los Andes/San Felipe,8262053-2,PASO LOS ANDES 1551 SN,LOS ANDES,8262053-2
__import__.942639130C,BAHAMONDES PEREZ ROSA MARGARITA ,13 - Congelados Interior,9426391-3,EL OCASO N° 211 BELLOTO 2000,QUILPUÉ,9426391-3
__import__.755029151C,BAHAMONDEZ CUBILLOS MONICA ELVIRA ,17 - Limache/Olmue,7550291-5,BLANCO ENCALADA 4651,OLMUÉ,7550291-5
__import__.16120451K0C,BALBOA CONTRERAS LORENZO GONZALO ,34 - Quillota / La Calera,16120451-K,INSTITUTO 604,QUILLOTA,16120451-K
__import__.9703000070C,BANCO ESTADO,13 - Congelados Interior,97030000-7,CALLE CHACABUCO 260 EL RETIRO,QUILPUÉ,97030000-7
__export__.res_partner_63745_14364831,BANQUETERIA MARIA SOFIA DOREN ROIG EMPRESA INDIVIDUAL DE RESPONSABILIDAD LIMITADA,20 - HORECA,77516909-5,"IRIDEA 360, REÑACA, VIÑA DEL MAR",CON CON,77516909-5
__import__.7767470410C,BAR RESTAURANT CANTON SPA ,19 - Tabolango - Papudo,77674704-1,AV 21 MAYO S/N,QUINTERO,77674704-1
__import__.7652864840C,BAR RESTAURANT PAJARITO ARREDONDO GONZALEZ LIMITADA,2 - Valparaiso C,76528648-4,SALVADOR DONOSO 1433 S/N,VALPARAÍSO,76528648-4
__import__.77443023701C,BARATOMAX SPA,13 - Congelados Interior,77443023-7,AV VALPARAISO 986,VILLA ALEMANA,77443023-7
__import__.1425262120C,BARRAZA OJEDA PAOLA ALEJANDRA ,19 - Tabolango - Papudo,14252621-2,AV PEDRO ALDUNATE 1469,PUCHUNCAVÍ,14252621-2
__import__.1555606060C,BARRERA BRAVO PATRICIO ALEJANDRO,2 - Valparaiso C,15556060-6,AV FRANCIA 550,VALPARAÍSO,15556060-6
__import__.1284876890C,BARRUTTI MORALES JORGE DEMETRIO ,2 - Valparaiso C,12848768-9,IBSEN 550 C° DELICIAS,VALPARAÍSO,12848768-9
__import__.1652290450C,BASAEZ ARAYA CAROLINA ANDREA,17 - Limache/Olmue,16522904-5,PASAJE TEGUALDA 1296,LIMACHE,16522904-5
__export__.res_partner_65331_440b1e8c,BASTIAS RUBINA LUIS ENRIQUE,13 - Congelados Interior,16437088-7,SANTA MARGARITA 1219,VILLA ALEMANA,16437088-7
__import__.78273248K1C,BASTYTOTO SPA ,2 - Valparaiso C,78273248-K,SANTA ESTELA 71-B CERRO ROCUANT,VALPARAÍSO,78273248-K
__import__.1459865322C,BASUALTO ROJAS CAROLINA DEL CARMEN ,8 - Santa Ines/Villa Hermosa,14598653-2,LAGO PUYEHUE 27 VILLA ORIENTO,VIÑA DEL MAR,14598653-2
__import__.1965632371C,BAUZA URRUTIA GERARDO ANTONIO,20 - HORECA,19656323-7,ARLEGUI 881,VIÑA DEL MAR,19656323-7
__import__.1965632370C,BAUZA URRUTIA GERARDO ANTONIO,20 - HORECA,19656323-7,QUILLOTA 845,VIÑA DEL MAR,19656323-7
__import__.975815920C,BAYGORRIA DE LA JARA INES DEL CARMEN ,13 - Congelados Interior,9758159-2,PRIMERA 469LT 12 B,VILLA ALEMANA,9758159-2
__import__.1597455542C,BEIZA CERDA GISELL DENISSE ,2 - Valparaiso C,15974555-4,AV MEXICO 214 LOCAL 16  PLAYA ANCHA VALPARAISO,VALPARAÍSO,15974555-4
__import__.968820922C,BELMAR RODRIGUEZ MARIA ANGELICA ,13 - Congelados Interior,9688209-2,LOS DAMASCOS 3142 ESQ CARLOS GRUHNE,VILLA ALEMANA,9688209-2
__import__.1271966051C,BELTRAN CASTRO JACQUELINE JAHIRET,13 - Congelados Interior,12719660-5,LOS CARRERA 721 LOCAL 15,QUILPUÉ,12719660-5
__import__.1576170520C,BENAVIDES PALACIO GABRIELA PATRICIA ,18 - Los Andes/San Felipe,15761705-2,BUCALEMU 266,SAN FELIPE,15761705-2
__import__.1399105755C,BENITEZ ROBLES OSCAR,35 - Recreo/Forestal,13991057-5,CALLE SIMON BOLIVAR 487,VIÑA DEL MAR,13991057-5
__export__.res_partner_66154_207e16d5,BENITO MARTIN GUTIERREZ,34 - Quillota / La Calera,4997302-0,LAS HERAS 516,VALPARAISO,4997302-0
__import__.7635300430C,BERMAR RESTAURANT EIRL,20 - HORECA,76353004-3,AV. BORGOÑO 25560,CONCÓN,76353004-3
__import__.413694260C,BERNAL BERNAL ELENA VICTORIA ,19 - Tabolango - Papudo,4136942-6,LOS AROMOS 324,PUCHUNCAVÍ,4136942-6
__export__.res_partner_65896_38cc109a,BERNAL OTAROLA MAURICIO ANTONIO,34 - Quillota / La Calera,13764163-1,AV VALPARAISO 1381,QUILLOTA,13764163-1
__import__.1423685871C,BERNALES PINO CARLOS REINALDO ,17 - Limache/Olmue,14236858-7,TENIENTE MERINO 68 LA PALOMA,LIMACHE,14236858-7
__export__.res_partner_65986_a8f2a3ea,BERNARDA DEL CARMEN AYALA LECAROS,19 - Tabolango - Papudo,11972975-0,PEDRO ALDUNATE 1455,VALPARAISO,11972975-0
__export__.res_partner_66067_19f7549f,BERROETA ALVAREZ DAMIAN ESTEBAN,16 - Especializado Litoral,15089544-8,PLUS ULTRA 265,EL QUISCO,15089544-8
__export__.res_partner_66036_080c0492,BETZABET ALIXANDRA MUÑOZ ARELLA,34 - Quillota / La Calera,26114927-3,PASAJE AVENIDA VICUÑA MACKENA 20,QUILLOTA,26114927-3
__import__.1342972981C,BLANCO BAEZ PAOLA ,35 - Recreo/Forestal,13429729-8,JOSE MARIA ESTRIBA 381 BLOCK Y DEPTO 102 LAS PALMA,VALPARAÍSO,13429729-8
__export__.res_partner_53170_6f04ef8e,BODEGA LA FAMILIA SPA,35 - Recreo/Forestal,78398303-6,"VIÑA DEL MAR 2250, LOCAL 1 RECREO ALTO",VIÑA DEL MAR,78398303-6
__import__.7735233200C,BODEGUITA PAOLA URBINA TAPIA E.I.R.L. ,2 - Valparaiso C,77352332-0,CAMINO AL FARO 4 1/2 LAGUNA VERDE,VALPARAÍSO,77352332-0
__import__.1272003431C,BONVALLET VALENZUELA RUBEN OSVALDO ,17 - Limache/Olmue,12720034-3,SANTIAGO BUERAS 252,LIMACHE,12720034-3
__import__.1621687031C,BORQUEZ PINTO KAREN ANDREA ,17 - Limache/Olmue,16216870-3,SERGIO BRAVO MAZAR 168 VILLA EL ROSARIO,OLMUÉ,16216870-3
__import__.678251791C,BORQUEZ SANCHEZ FRANCISCA BEATRIZ ,35 - Recreo/Forestal,6782517-9,CONJUNTO HABITACIONAL 7 HERMANAS S/N FORESTAL,VIÑA DEL MAR,6782517-9
__export__.res_partner_65714_0d105a8a,BOTILLERIA DIEGO GALLEGUILLOS E.I.R.L.,2 - Valparaiso C,78316774-3,"2 NORTE , LAGUNA VERDE",VALPARAISO,78316774-3
__export__.res_partner_53250_36d0dbfe,BOTILLERIA PAOLA INES JARA CUADRA SPA,2 - Valparaiso C,77622164-3,AV. PYA ANCHA 250 VALPARAISO,VALPARAÍSO,77622164-3
__export__.res_partner_65900_0cbfd3af,BOUILLET GOLDSCHMIDT MARIA JEANNETTE,19 - Tabolango - Papudo,9617791-7,AV FRANCIA 1248,QUINTERO,9617791-7
__export__.res_partner_65264_697f4976,BRAVO ALCAYAGA ERIC LEONARDO,20 - HORECA,8040678-9,SAN ANTONIO Nº 1223,VIÑA DEL MAR,8040678-9
__import__.1575314841C,BRAVO FUENZALIDA ANDRES FABIAN ,2 - Valparaiso C,15753148-4,CALLE JIMENEZ 2 CERRO CORDILLERA,VALPARAÍSO,15753148-4
__export__.res_partner_65242_e739e0c7,BRAVO LAMAS ANA MARIA DEL ROSARIO,2 - Valparaiso C,7550487-K,SAN PEDRO 102,VALPARAISO,7550487-K
__export__.res_partner_65721_66ac854f,BRAVO PEROJEMAUSKE MARCO IGNACIO PATRICIO,2 - Valparaiso C,19845137-1,BADEN POWELL 3460,VALPARAÍSO,19845137-1
__export__.res_partner_63673_dcfc9cbd,BRAVO REYES MANUEL,13 - Congelados Interior,5595115-2,MADRID 508,VILLA ALEMANA,5595115-2
__import__.559511520C,BRAVO REYES MANUEL ,13 - Congelados Interior,5595115-2,PREBISTERIO EDUARDO  LECOURT 12-13,VILLA ALEMANA,5595115-2
__import__.1572979290C,BRAVO VALDES ANDREA ELIZABETH ,35 - Recreo/Forestal,15729792-9,SAN JOSE MARIA ESCRIBA DE BALAGER 305 BLOCK R DEPTO 104,VALPARAÍSO,15729792-9
__import__.7806511721C,BRAVO Y SAN MARTIN SPA ,2 - Valparaiso C,78065117-2,CALLE MÉXICO 202 PLAYA ANCHA,VALPARAÍSO,78065117-2
__export__.res_partner_65934_b2cdd933,BRENDA XIOMARA PARRA,34 - Quillota / La Calera,25559193-2,PRAT 14,QUILLOTA,25559193-2
__export__.res_partner_63512_c40c3272,BRICEÑO AVILA EVELYN ALICIA,13 - Congelados Interior,10841824-9,AVDA. CENTENARIO 1154 BELLOTO 2000,Quilpue,10841824-9
__import__.10462488K0C,BRIONES PINO JACQUELINE,20 - HORECA,10462488-K,CALLE SAN PEDRO MANZANA E #10 CALETA HIGUERILLAS,CONCÓN,10462488-K
__import__.514889701C,BRITO QUEZADA ELIZABETH ,35 - Recreo/Forestal,5148897-0,DIEGO PORTALES 1099 LOCAL 3 RECREO,VIÑA DEL MAR,5148897-0
__export__.res_partner_65415_009216fa,BUENA VISTA SPA,20 - HORECA,77674417-4,AV.BORGOÑO #16805. REÑACA,REÑACA,77674417-4
__import__.7767441740C,BUENA VISTA SPA,20 - HORECA,77674417-4,AV BORGOÑO 14890 REÑACA,CONCÓN,77674417-4
__import__.7689766861C,BUENAVENTURA LOS MOLINOS SPA,13 - Congelados Interior,76897668-6,FREIRE 498 ESQUINA LAUTARO PEÑA BLANCA,VILLA ALEMANA,76897668-6
__import__.1504574670C,BUGUENO ROBLES ROBERTO CARLOS ,34 - Quillota / La Calera,15045746-7,SALVADOR SAID 1224 QUILLOTA,QUILLOTA,15045746-7
__export__.res_partner_65544_ad057079,BURGERHOOD SPA,35 - Recreo/Forestal,78216934-3,"CALLE ROMA 131, LOCAL 6, RECREO",VIÑA DEL MAR,78216934-3
__import__.1284684551C,BUSTAMANTE PINTO ANA MARIA ,2 - Valparaiso C,12846845-5,UNDECIMA 1576 PLACILLA,VALPARAÍSO,12846845-5
__import__.1138768590C,BUSTAMANTE VERA FERNANDO EDUARDO ,34 - Quillota / La Calera,11387685-9,LOS BOLDOS 3 LA PALMA,QUILLOTA,11387685-9
__import__.1082147081C,BUSTOS CERDA ANA MARIA ,19 - Tabolango - Papudo,10821470-8,CONDOR 33 TABOLANGO,TABOLANGO,10821470-8
__import__.1154792371C,BUSTOS VALDES CELIA MARGARITA ,35 - Recreo/Forestal,11547923-7,AV VIÑA DEL MAR 2248 LOCAL 2 RECREO,VIÑA DEL MAR,11547923-7
__import__.7777436781C,BUSTOS Y CASTILLO SPA ,8 - Santa Ines/Villa Hermosa,77774367-8,CAMINO TRONCAL 5955 L 2 EDIFICIO COLiIVING,VIÑA DEL MAR,77774367-8
__import__.7817362870C,C Y Q SPA ,19 - Tabolango - Papudo,78173628-7,VICTOR FAZZIO 1706,PAPUDO,78173628-7
__import__.77143763K1C,C&G SPA ,8 - Santa Ines/Villa Hermosa,77143763-K,SAU SAU 456 SANTA JULIA,VIÑA DEL MAR,77143763-K
__import__.1222172722C,CABELLO MONTOYA KAREN ,8 - Santa Ines/Villa Hermosa,12221727-2,"LOS GERANIOS 30, SANTA JULIA",VIÑA DEL MAR,12221727-2
__import__.880621751C,CABELLO OLGUIN OSCAR ALBERTO ,2 - Valparaiso C,8806217-5,MARIA ISABEL 84 LA PLANCHADA RODELILLO,VALPARAÍSO,8806217-5
__import__.1747248651C,CABELLO SILVA GABRIELA AMERICA LIBERTAD ,13 - Congelados Interior,17472486-5,LA NIEBLA 1898,VILLA ALEMANA,17472486-5
__import__.7717810390C,CABK SPA,20 - HORECA,77178103-9,P DE VALDIVIA 514,CONCÓN,77178103-9
__import__.1711911650C,CABRERA VILLARROEL DIEGO BASTIAN ,8 - Santa Ines/Villa Hermosa,17119116-5,EL ROSEDAL 20 SANTA JULIA,VIÑA DEL MAR,17119116-5
__import__.1581902060C,CADIZ PEREZ JENIFFER CAROLINA ,18 - Los Andes/San Felipe,15819020-6,OCTAVIO ARELLANO PATAGUAL 3 315 SN,LOS ANDES,15819020-6
__import__.7773611391C,CAFE MARKET SIRGNI SPA ,2 - Valparaiso C,77736113-9,CALLE EUSEBILLO 234,VALPARAÍSO,77736113-9
__export__.res_partner_53227_e521b9e5,CAFETERIA ANAYAK LTDA,20 - HORECA,79692920-0,QUINTA 134,VIÑA DEL MAR,79692920-0
__import__.7969292001C,CAFETERIA ANAYAK LTDA,20 - HORECA,79692920-0,QUINTA 134,VIÑA DEL MAR,79692920-0
__import__.7744280110C,CAFETERIA OSASUNA LIMITADA,20 - HORECA,77442801-1,5 NORTE 536,VIÑA DEL MAR,77442801-1
__import__.7801215480C,CAFETERIA Y BANQUETERIA CLAUDIA MARCELA URZÚA PEREZ E.I.R.L. ,35 - Recreo/Forestal,78012154-8,AGUA SANTA 2455,VIÑA DEL MAR,78012154-8
__import__.7739288510C,CALABAZA COCINA SPA,20 - HORECA,77392885-1,AVDA CON CON REÑACA 102 LOCAL 1,CONCÓN,77392885-1
__import__.782742981C,CALDERON ARMIJO EDUARDO HERNAN ,8 - Santa Ines/Villa Hermosa,7827429-8,AV CIRCUNVALACION 337-C LOCAL B MIRAFLORES ALTO,VIÑA DEL MAR,7827429-8
__import__.870674401C,CALDERON TUBI EDITH GRACIELA ,13 - Congelados Interior,8706744-0,ALEJANDRO PERALTA 447 VILLA EL ROCIO,VILLA ALEMANA,8706744-0
__export__.res_partner_65648_7130ba00,CALIZARIO GONZALEZ PAMELA ALEJANDRA  ,18 - Los Andes/San Felipe,12827581-9,SUR 220 SAN RAFAEL,SAN RAFAEL,12827581-9
__import__.1282758190C,CALIZARIO GONZALEZ PAMELA ALEJANDRA ,18 - Los Andes/San Felipe,12827581-9,CARLOS RUIZ ZALDIVAR 684,SAN FELIPE,12827581-9
__export__.res_partner_63509_e79cc6dd,CAMILA Y ESTEBAN LIMITADA,2 - Valparaiso C,76512107-8,HAITÍ 1134 PLAYA ANCHA VALPARAÍSO,VALPARAISO,76512107-8
__export__.res_partner_65556_05123fd9,CAMPOS AVALOS NICOLLE ANDREA,17 - Limache/Olmue,17688831-8,BAQUEDANO 5811 ESQ AV QUINTEROS LO NARVÁEZ OLMUE,LIMACHE,17688831-8
__export__.res_partner_52814_60326d1b,CAMPOS CANTILLANO  CLAUDIO ALFREDO,17 - Limache/Olmue,16523588-6,CALLE SERGIO BRAVO MAZARD 1031,OLMUE,16523588-6
__import__.1851904712C,CAMPOS CANTILLANO JESSICA ZULEMA ,17 - Limache/Olmue,18519047-1,AV HUGO QUINTEROS 5542,OLMUÉ,18519047-1
__import__.799327361C,CANALES JARA SERGIO ,35 - Recreo/Forestal,7993273-6,AV VALDIVIA 205 CHORRILLOS,VIÑA DEL MAR,7993273-6
__export__.res_partner_66080_b1c11f05,CANTILLANA GRACIELA,16 - Especializado Litoral,6089541-4,GUILLERMO MUCKE 1024,ALGARROBO,6089541-4
__import__.770632852C,CANTILLANES VALENZUELA ERIKA ESMERITA,8 - Santa Ines/Villa Hermosa,7706328-5,AV LAS MARAVILLAS 111 MIRADOR DE REÑACA REÑACA ALTO,VIÑA DEL MAR,7706328-5
__import__.553352570C,CANTILLANO GARCES AMERICA MARIA ,8 - Santa Ines/Villa Hermosa,5533525-7,CALLE 9 2560 SANTA INES,VIÑA DEL MAR,5533525-7
__import__.26770340K0C,CANTOR RAMOS EDGAR ALEXANDER ,34 - Quillota / La Calera,26770340-K,GUILLERMO ARMIJO 8,LA CALERA,26770340-K
__import__.8460187K0C,CAPDEVILA ACUÑA REBECA MARCELINA,8 - Santa Ines/Villa Hermosa,8460187-K,AV. FEDERICO SANTA MARIA Nª6090 CANAL CH,QUILPUÉ,8460187-K
__import__.7775970780C,CAPITALES URBAN FOOD SPA ,35 - Recreo/Forestal,77759707-8,M RODRIGUEZ 1495,VIÑA DEL MAR,77759707-8
__import__.7689188130C,CAPO DI TUTTI LIMITADA,20 - HORECA,76891881-3,COSTANERA 360,CONCÓN,76891881-3
__import__.5330546760C,CARDENAS OLIVARES JESSICA PAMELA Y OTRA,2 - Valparaiso C,53305467-6,AV. ARGENTINA 792,VALPARAÍSO,53305467-6
__export__.res_partner_66123_942109b7,CARLOS MARTINEZ CERDA,34 - Quillota / La Calera,8080179-3,RENE SHNIDERD 142,VALPARAISO,8080179-3
__export__.res_partner_65193_c94a91f0,CARLOS UBILLA Y COMPANIA LIMITADA,2 - Valparaiso C,86474700-0,PEDRO MONTT 2378,Valparaiso ,86474700-0
__import__.7806732301C,CARNES DON MARIO SPA ,8 - Santa Ines/Villa Hermosa,78067323-0,CALLE AZUCENAS #493 SANTA JULIA,VIÑA DEL MAR,78067323-0
__import__.7754522930C,CARNES MAX SPA ,18 - Los Andes/San Felipe,77545229-3,AV SANTA TERESA 42 SAN ESTEBAN,LOS ANDES,77545229-3
__import__.7990460083C,CARNES SANTA ANA S.A.,2 - Valparaiso C,79904600-8,CHACABUCO 2699,VALPARAÍSO,79904600-8
__import__.7990460081C,CARNES SANTA ANA S.A.,13 - Congelados Interior,79904600-8,AV VALPARAISO 685,VILLA ALEMANA,79904600-8
__import__.7734189266C,CARNICERIA DONDE NACHITO SPA ,13 - Congelados Interior,77341892-6,PRESB. EDO LOCOURT 12 LOCAL 6 FORESTA DEL CARMEN,VILLA ALEMANA,77341892-6
__import__.7734189264C,CARNICERIA DONDE NACHITO SPA ,13 - Congelados Interior,77341892-6,AV BERNARDO LEIGHTON 651-655,VILLA ALEMANA,77341892-6
__import__.7805491490C,CARNICERIA LA CUBANA SPA ,13 - Congelados Interior,78054914-9,HUANHUALI 1336 LTB,VILLA ALEMANA,78054914-9
__import__.7668505961C,CARNICERIA Y ABAR. JORGE EDUARDO CALDERON,35 - Recreo/Forestal,76685059-6,CALLE 21 DE MAYO 47 VIÑA DEL MAR,VALPARAÍSO,76685059-6
__export__.res_partner_66126_a3d3ffcd,CARO Y ACEVEDO SPA,34 - Quillota / La Calera,77303286-6,BULNES 499,VALPARAISO,77303286-6
__import__.1915214980C,CAROL SILVA CASTILLO,35 - Recreo/Forestal,19152149-8,FRANFUT 606,VALPARAÍSO,19152149-8
__import__.7792297690C,CAROLINE DE LAS MERCEDES PIZARRO GARRIDO TABAQUERIA E.I.R.L. ,2 - Valparaiso C,77922976-9,CAMINO ALFARO 1485,VALPARAÍSO,77922976-9
__import__.813397910C,CARPENTIER SANTIS RAUL VICTOR,2 - Valparaiso C,8133979-1,PEDRO MONTT 1937 LOCAL 1,VALPARAÍSO,8133979-1
__import__.1092966351C,CARRASCO DIAZ ELSA ,13 - Congelados Interior,10929663-5,COPIHUE 98 SANTA SARAH,VILLA ALEMANA,10929663-5
__import__.1654997270C,CARRASCO MERINO FELIPE ARTURO ,18 - Los Andes/San Felipe,16549972-7,AV SAN MARCELINO CHAPAGNAT 308 VILLA HACIENDA CORDILLERA,LOS ANDES,16549972-7
__import__.10859964221C,CARRASCO TORREALBA PATRICIA DEL CARMEN,8 - Santa Ines/Villa Hermosa,10859964-2,DIONISIO HERNANDEZ 2 SANTA JULIA,VIÑA DEL MAR,10859964-2
__import__.1779297861C,CARRERA NAVARRO FRANCISCA ANDREA ,8 - Santa Ines/Villa Hermosa,17792978-6,AVDA. MAR DE CHILE  310 GLORIAS NAVALES,VIÑA DEL MAR,17792978-6
__import__.1446137671C,CARREÑO LARA ISABELINA DEL CARMEN ,35 - Recreo/Forestal,14461376-7,PALMAR DE COCALAN 111 D 11 BL 1 LAS PALMAS 1,VALPARAÍSO,14461376-7
__export__.res_partner_66179_51bc2fa4,CARRILLO RAMOS NORMA VIVIANA,34 - Quillota / La Calera,15192112-4,PINTOR GENARO PRIETO 2249,QUILLOTA,15192112-4
__import__.1503256090C,CARRIZO RAMIREZ ERNESTO ALEJANDRO,8 - Santa Ines/Villa Hermosa,15032560-9,AV. ANTARTICO 5861 SECTOR QUINTO GOMEZ CARREÑO,VIÑA DEL MAR,15032560-9
__import__.922296020C,CARROZA SALAS RICARDO ANTONIO ,35 - Recreo/Forestal,9222960-2,PROLONAGACION RIO BLANCO 4300 POB. ALBORADA FORESTAL ALTO,VIÑA DEL MAR,9222960-2
__import__.946756931C,CARVAJAL MONTERO SILVIA VIRGINIA ,13 - Congelados Interior,9467569-3,LAGO LANALHUE 2486 VILLA PORVENIR,QUILPUÉ,9467569-3
__import__.942775661C,CARVAJAL PADILLA GLADYS ADRIANA ,8 - Santa Ines/Villa Hermosa,9427756-6,CALLE MANUEL PLAZA 151 ACHUPALLAS,VALPARAÍSO,9427756-6
__import__.776507761C,CARVAJAL PEREIRA ANALIO DEL CARMEN ,8 - Santa Ines/Villa Hermosa,7765077-6,SAU SAU 448 VILLA STA ISABEL STA JULIA,VIÑA DEL MAR,7765077-6
__import__.890613340C,CARVAJAL ROMERO JAIME SEGUNDO ,8 - Santa Ines/Villa Hermosa,8906133-4,LAS AZUCENAS 795 LOCAL 2 SANTA JULIA,VIÑA DEL MAR,8906133-4
__export__.res_partner_52954_7787f65a,CARVAJAL SAN MARTIN ROSE MERY FRANCHESCA,2 - Valparaiso C,19012264-6,CHACABUCO C/ FRANCIA,VALPARAISO,19012264-6
__import__.1102431621C,CARVAJAL VALENZUELA SANDRA ,2 - Valparaiso C,11024316-2,JORGE THIBAUD 29 2º SECTOR PYA ANCHA,VALPARAÍSO,11024316-2
__import__.77068370K4C,CASTEX Y LARRAIN LTDA.,20 - HORECA,77068370-K,LOCAL 2 CRUZ DEL SUR S/N POB NAVAL,VIÑA DEL MAR,77068370-K
__import__.77068370K0C,CASTEX Y LARRAIN LTDA.,20 - HORECA,77068370-K,ACRUX S/N POBLACION NAVAL,VIÑA DEL MAR,77068370-K
__import__.1262462420C,CASTILLO NAVARRO NILSA JACQUELINE ,2 - Valparaiso C,12624624-2,CALLE LLICO N° 133 POB ELEUTERIO RAMIREZ  PLAYA ANCHA,VALPARAÍSO,12624624-2
__import__.1112167462C,CASTILLO PEREZ MARIELA DEL PILAR ,13 - Congelados Interior,11121674-6,VOLCAN LINZER 2042 LOS PINOS QUILPUE,VILLA ALEMANA,11121674-6
__import__.1504496931C,CASTRO CASTILLO DANILO ESTEBAN ,35 - Recreo/Forestal,15044969-3,"VISTA MAR 5, AGUA SANTA",VIÑA DEL MAR,15044969-3
__import__.1381797290C,CASTRO MANRIQUEZ MACARENA ANDREA,2 - Valparaiso C,13817972-9,ALMIRANTE MONTT 67,VALPARAÍSO,13817972-9
__export__.res_partner_65786_db700092,CASTRO NAVEA MARIO ALEJANDRO Y OTRO,34 - Quillota / La Calera,53310323-5,CHACABUCO 369,QUILLOTA,53310323-5
__import__.688039850C,CASTRO SEPULVEDA SILVIA ELENA ,2 - Valparaiso C,6880398-5,LOS SUSPIROS 978 CARDENAL SAMORE PLACILLA,VALPARAÍSO,6880398-5
__export__.res_partner_63629_08f62d9c,CATALAN PONCE MARIA ANGELICA,17 - Limache/Olmue,12100400-3,EL MAQUI S/N QUEBRADA DE ALVARADO,OLMUÉ,12100400-3
__import__.7606561270C,CATALAN Y CARVAJAL LTDA. ,35 - Recreo/Forestal,76065612-7,DIEGO PORTALES 850,VIÑA DEL MAR,76065612-7
__import__.7606561274C,CATALAN Y CARVAJAL LTDA.,20 - HORECA,76065612-7,LAS PERDICES 450,VIÑA DEL MAR,76065612-7
__import__.7606561273C,CATALAN Y CARVAJAL LTDA.,20 - HORECA,76065612-7,AV PADRE HURTADO 1520 MIRAFLORES,VIÑA DEL MAR,76065612-7
__import__.1194068701C,CATALDO CALDERON ETHEL DEL ROSARIO ,35 - Recreo/Forestal,11940687-0,PORTUGAL N° 7 FORESTAL,VIÑA DEL MAR,11940687-0
__import__.1425505120C,CATALDO MANCILLA CARLOS ANTONIO ,2 - Valparaiso C,14255051-2,PLAYA LAGUNA VERDE S/N,VALPARAÍSO,14255051-2
__import__.7797757120C,CATERING Y RESTAURACION S.A.,20 - HORECA,77977571-2,BOSQUES MONTEMAR SAN ESTANISLAO 50,CONCÓN,77977571-2
__import__.1322973711C,CAVERLOTTI YUSTE MARIO FRANCISCO,2 - Valparaiso C,13229737-1,AVENIDA ALTAMIRANO 1567,VALPARAÍSO,13229737-1
__import__.7798595680C,CCSP SPA ,8 - Santa Ines/Villa Hermosa,77985956-8,EXTREMADURA #5511 GÓMEZ CARREÑO,VIÑA DEL MAR,77985956-8
__export__.res_partner_65973_227a83ce,CEBALLOS GUZMAN MARIA CECILIA,34 - Quillota / La Calera,7794234-3,21 DE MAYO 1008,QUILLOTA,7794234-3
__import__.953279150C,CELEDON ESTAY JOSE ABRAHAM ,18 - Los Andes/San Felipe,9532791-5,VILLA PADRE HURTADO SEVILLA 1164,LOS ANDES,9532791-5
__import__.7742351593C,CELESTE P&V SOCIEDAD POR ACCIONES ,2 - Valparaiso C,77423515-9,PRIMERA SUR 70,VALPARAÍSO,77423515-9
__import__.7742351592C,CELESTE P&V SOCIEDAD POR ACCIONES ,2 - Valparaiso C,77423515-9,AV. OBISPO VALDES Nº 519 LOCAL 8 CURAUMA,VALPARAÍSO,77423515-9
__import__.870242530C,CEPEDA GONZALEZ JOSE ANTONIO ,2 - Valparaiso C,8702425-3,PARCELA 258 LAS DOCAS LAGUNA VERDE,VALPARAÍSO,8702425-3
__import__.1088848001C,CERDA BARRA DANILO JOSE,35 - Recreo/Forestal,10888480-0,AV BLANCA VERGARA 1888 LOCAL 3 FORESTAL ALTO,VIÑA DEL MAR,10888480-0
__import__.880470870C,CERDA FERNANDEZ PATRICIA JOSEFINA ,34 - Quillota / La Calera,8804708-7,BLANCO 41 LOCAL 10,QUILLOTA,8804708-7
__import__.820652370C,CERNA BAEZ LEONARDO ABERCIO ,34 - Quillota / La Calera,8206523-7,VILLA EL ALBA CALLE GOYA N° 570,QUILLOTA,8206523-7
__import__.948452703C,CESPEDES GONZALEZ CARMEN GLORIA ,17 - Limache/Olmue,9484527-0,AV REPUBLICA 35,LIMACHE,9484527-0
__import__.948452701C,CESPEDES GONZALEZ CARMEN GLORIA ,17 - Limache/Olmue,9484527-0,RIQUELME 150,LIMACHE,9484527-0
__export__.res_partner_52755_7d23ba0e,CESPEDES PIZARRO ELIZABETH JIMENA,2 - Valparaiso C,9637290-6,CALLE LA PLANCHADA 4250,VALPARAÍSO,9637290-6
__import__.1827706550C,CESPEDES VASQUEZ FRANCISCO JAVIER ,2 - Valparaiso C,18277065-5,CAMINO LAS DOCAS 1571 LAGUNA VERDE,VALPARAÍSO,18277065-5
__import__.717007200C,CHACON MELLADO JUAN E ,34 - Quillota / La Calera,7170072-0,SARGENTO ALDEA 15 (INTERIOR FERIA QUILLOTA),QUILLOTA,7170072-0
__import__.1569215800C,CHAMORRO SIGDMAN CARLOS ALBERTO ,13 - Congelados Interior,15692158-0,AV VALPARAISO 426 B,VILLA ALEMANA,15692158-0
__import__.1375310110C,CHAPA CORTES JEANETTE CARMEN ,34 - Quillota / La Calera,13753101-1,CALLE O´HIGGINS N°1436 - A,QUILLOTA,13753101-1
__import__.1235110851C,CHAPPA BERRIOS CAROLINA SUSAN ,17 - Limache/Olmue,12351108-5,CALLE VALLENAR 858 SAN ALFONSO,LIMACHE,12351108-5
__import__.685673430C,CHAVARRIA HERRERA NANCY CECILIA,8 - Santa Ines/Villa Hermosa,6856734-3,CALLE ANGOL  CASA 5  PARADERO 6 1/2 REÑACA ALTO,VIÑA DEL MAR,6856734-3
__export__.res_partner_65930_fba22c6a,CHAVEZ Y CHAVEZ LTDA,34 - Quillota / La Calera,77701205-3,PRAT 40,QUILLOTA,77701205-3
__import__.7775923510C,CHICKEN HOUSE SPA ,18 - Los Andes/San Felipe,77759235-1,CALLE MANUEL RODRIGUEZ 585,LOS ANDES,77759235-1
__import__.1262707472C,CIFUENTES GOMEZ VICTOR OCTAVIO ,13 - Congelados Interior,12627074-7,LAS BARRANCAS 2967 LOS PINOS QUILPUE,QUILPUÉ,12627074-7
__export__.res_partner_66180_42416e0f,CISTERNAS CONTRERAS PATRICIA DEL PILAR,34 - Quillota / La Calera,11991384-5,GABRIELA MISTRAL 1209,QUILLOTA,11991384-5
__import__.1445693770C,CISTERNAS ROJAS GERALDINE KASANDRA ,19 - Tabolango - Papudo,14456937-7,CALLE LAS MARGARITAS 964,PUCHUNCAVÍ,14456937-7
__import__.7701233720C,CLARA GASTRONOMIA E INVERSIONES LIMITADA,20 - HORECA,77012337-2,AV SAN MARTIN 410,VIÑA DEL MAR,77012337-2
__export__.res_partner_65485_17edd999,CLAUDIA ANDREA RETAMAL ROBLES ,16 - Especializado Litoral,14473048-8,ALCALDE RAÚL ROMERO ERAZO 0671,EL QUISCO,14473048-8
__export__.res_partner_66044_5c580b47,CLAUDIA MARLENE PINA,19 - Tabolango - Papudo,13182832-2,ALONSO DE ERCILLA 2025,VALPARAISO,13182832-2
__import__.8857430050C,CLAUDIO WESTERMEIER Y COMPANIA LIMITADA ,13 - Congelados Interior,88574300-5,DIEGO PORTALES 888 LOCAL 35,QUILPUÉ,88574300-5
__export__.res_partner_53139_d38f42e0,CLEN SAN MARTIN,8 - Santa Ines/Villa Hermosa,17476046-2,"NAUTICA 625, REÑACA ALTO",Viña Del Mar,17476046-2
__export__.res_partner_53027_1a61c043,CLUB NAVAL CAMPO LAS SALINAS,20 - HORECA,81815800-9,AV. JORGE MONTT #12100,Viña Del Mar,81815800-9
__export__.res_partner_52796_4e93a83b,CLUB NAVAL VALPARAISO,2 - Valparaiso C,81590300-5,CONDELL #1586,VALPARAÍSO,81590300-5
__import__.7694036120C,COCINA RICARDO PATRICO CAMPOS BUGUEÑO E.I.R.L. ,17 - Limache/Olmue,76940361-2,LA LAJA S/N LAS PALMAS QUEBRADA DE ALVARADO,OLMUÉ,76940361-2
__export__.res_partner_65824_b7972484,COFRE DELGADO TAMARA BELEN ,17 - Limache/Olmue,16288030-6,SANTIAGO BUERAS 252 LOTE A,LIMACHE,16288030-6
__import__.1555461310C,COLARTE MORAGA YESENIA FRANCISCA ,18 - Los Andes/San Felipe,15554613-1,GALVEZ 142 RINCONADA,LOS ANDES,15554613-1
__import__.870819150C,COLICOY GUAJARDO SONIA DEL CARMEN ,18 - Los Andes/San Felipe,8708191-5,AV ARGENTINA 521,LOS ANDES,8708191-5
__import__.764429831C,COLLAO NAVARRO JORGE E ALFREDO,35 - Recreo/Forestal,7644298-3,CALLE 21 DE MAYO N°1260 LOCAL 1 V. AMERICA,VALPARAÍSO,7644298-3
__export__.res_partner_66108_1a1a02c0,COLLAO VILLANUEVA ROSA DEL CARMEN,34 - Quillota / La Calera,8288749-0,LEONARDO DAVINCCI MASACCIO  1112,QUILLOTA,8288749-0
__import__.808205851C,COLLINS GAMBOA SONIA LIDIA ,8 - Santa Ines/Villa Hermosa,8082058-5,AV GOMEZ CARREÑO 3343 5TO SECTOR GOMEZ CARREÑO,VIÑA DEL MAR,8082058-5
__import__.7654268552C,COM ARAVENA Y DIAZ LIMITADA ,8 - Santa Ines/Villa Hermosa,76542685-5,AUSTRAL 4953 GOMEZ CARREÑO,VIÑA DEL MAR,76542685-5
__import__.7618137060C,COM DE CARNES GUTIERREZ Y GUTIERREZ LTDA,2 - Valparaiso C,76181370-6,JUANA ROSS 155,VALPARAÍSO,76181370-6
__import__.7654552511C,COM E INVERSIONES COLMO LIMITADA ,19 - Tabolango - Papudo,76545525-1,SANTA ROSA DE COLO PARCELA 15,LIMACHE,76545525-1
__import__.7700108021C,COM. AMALIA E HIJOS LTDA. ,2 - Valparaiso C,77001080-2,ROBERTO HERNANDEZ # 261 PYA ANCHA,VALPARAÍSO,77001080-2
__import__.7667008880C,COM. CECILIA ANDREA OSORIO OLIVARES EIR,20 - HORECA,76670088-8,ARLEGUI N°473 D VIÑA DEL MAR,VIÑA DEL MAR,76670088-8
__import__.7602097161C,COM. E INVERSIONES CAMPOS E HIJOS LTDA. ,13 - Congelados Interior,76020971-6,ACONCAGUA #02126 POMPEYA SUR,QUILPUÉ,76020971-6
__import__.7623590731C,COM. ELBA DEL ROSARIO FAUNDEZ L EIRL ,8 - Santa Ines/Villa Hermosa,76235907-3,PACIFICO 5139 1º SECTOR G CARREÑO,VIÑA DEL MAR,76235907-3
__export__.res_partner_65715_e9e432dc,COMERCIALIZADORA METALDEPOT LIMITADA,13 - Congelados Interior,78030493-6,ANIBAL PINTO 851,QUILPUE,78030493-6
__export__.res_partner_64848_d2e103d5,COMERCIAL  OSVALDO ACHAVAR GUITERREZ EIR  ,13 - Congelados Interior,76468886-4,AV VALPARAISO 1198,VILLA ALEMANA,76468886-4
__import__.7785586370C,COMERCIAL 2JSM SPA ,19 - Tabolango - Papudo,77855863-7,"PASAJE LA FLORIDA S/N,VENTANAS",PUCHUNCAVÍ,77855863-7
__export__.res_partner_52924_cc645960,COMERCIAL ARAVENA SPA,2 - Valparaiso C,77675524-9,CENTRAL 264,PLACILLA,77675524-9
__export__.res_partner_52884_11a3599e,COMERCIAL ARAVENA SPA,2 - Valparaiso C,77675524-9,CENTRAL 264,PLACILLA,77675524-9
__import__.7803669070C,COMERCIAL ASTE SPA,20 - HORECA,78036690-7,AVDA. VALPARAISO #639,VIÑA DEL MAR,78036690-7
__export__.res_partner_65895_2837dd1f,COMERCIAL BARROS LUCO SPA,19 - Tabolango - Papudo,76207598-9,BARROS LUCO 1072,QUINTERO,76207598-9
__export__.res_partner_66147_240c7815,COMERCIAL BIG LIMITADA,2 - Valparaiso C,76609086-9,INDEPENDENCIA 1920,VALPARAISO,76609086-9
__import__.7812438410C,COMERCIAL CARLOS HERNÁNDEZ E.I.R.L. ,18 - Los Andes/San Felipe,78124384-1,CAMINO INTERNACIONAL SAN ESTEBAN,LOS ANDES,78124384-1
__import__.7687875301C,COMERCIAL CARMEN CECILIA PEÑA E.I.R.L,35 - Recreo/Forestal,76878753-0,ARLEGUI 861,VIÑA DEL MAR,76878753-0
__import__.7687875300C,COMERCIAL CARMEN CECILIA PEÑA E.I.R.L ,2 - Valparaiso C,76878753-0,PATRICIO LYNCH 72 PLAYA ANCHA,VALPARAÍSO,76878753-0
__import__.7630891850C,COMERCIAL CATERBEEF CIA LTDA,20 - HORECA,76308918-5,RIÑIHUE 2540 BODEGA LOS PINOS N° E5,VIÑA DEL MAR,76308918-5
__import__.7686259133C,COMERCIAL CESAR IBACETA ROJAS EIRL ,13 - Congelados Interior,76862591-3,BAQUEDANOS 601 PEÑA BLANCA,VILLA ALEMANA,76862591-3
__import__.7686259131C,COMERCIAL CESAR IBACETA ROJAS EIRL ,17 - Limache/Olmue,76862591-3,Los Aromos 920,Limache,76862591-3
__import__.7745739250C,COMERCIAL CHELITA LTDA ,20 - HORECA,77457392-5,SAN AGUSTIN 779 LOCAL 1,CONCÓN,77457392-5
__import__.77147859K0C,COMERCIAL CHILE ASIA,20 - HORECA,77147859-K,12 NORTE 735 EDIFICIO PAMPLONA 735,VIÑA DEL MAR,77147859-K
__export__.res_partner_53032_9eccc914,COMERCIAL CHILE SPA ,35 - Recreo/Forestal,77239735-6,VIANA 1635 LC 1,VIÑA DEL MAR,77239735-6
__export__.res_partner_63763_8257f37c,COMERCIAL CISTERNA Y BERNAL LIMITADA,2 - Valparaiso C,77715853-8,BELLAVISTA 439 LC 103,Valparaiso,77715853-8
__import__.7771585380C,COMERCIAL CISTERNA Y BERNAL LIMITADA,2 - Valparaiso C,77715853-8,BELLAVISTA 552,VALPARAÍSO,77715853-8
__import__.7617576950C,COMERCIAL CROYDON LTDA,35 - Recreo/Forestal,76175769-5,ARLEGUI 993,VIÑA DEL MAR,76175769-5
__export__.res_partner_52545_8a7b7595,COMERCIAL DANIELA FELIU GONZALEZ E.I.R.L,2 - Valparaiso C,76395879-5,MUELLE BARON S/N,VALPARAISO,76395879-5
__import__.7639587951C,COMERCIAL DANIELA FELIU GONZALEZ E.I.R.L,2 - Valparaiso C,76395879-5,EUSEBIO LILLO 492,VALPARAÍSO,76395879-5
__import__.7801243501C,COMERCIAL DON MANUEL SPA ,17 - Limache/Olmue,78012435-0,EL BOLDO  893,LIMACHE,78012435-0
__export__.res_partner_65400_2d85af96,COMERCIAL DULCES ISSA LIMITADA,16 - Especializado Litoral,76043600-3,AVENIDA AMBROSIO O'HIGGINS 1786,CURACAVI,76043600-3
__import__.7697273451C,COMERCIAL E INVERSIONES PPC LIMITADA ,8 - Santa Ines/Villa Hermosa,76972734-5,AVDA ATLANTICO 4170 LOCAL 3 GOMEZ CARREÑO,VIÑA DEL MAR,76972734-5
__import__.7665623881C,COMERCIAL E NVERSIONES KAREN AGUAD OLIVA ,8 - Santa Ines/Villa Hermosa,76656238-8,CURALI CONJUNTO HABITACIONAL 260 DPTO03 STA INES,VIÑA DEL MAR,76656238-8
__import__.7771884960C,COMERCIAL EL ALBA SPA ,34 - Quillota / La Calera,77718849-6,BOTERO 615 EL ALBA,QUILLOTA,77718849-6
__export__.res_partner_66007_1e575121,COMERCIAL EL ANCLA LIMITADA,19 - Tabolango - Papudo,77926630-3,COSTANERA 159 HORCON,PUCHUNCAVI,77926630-3
__export__.res_partner_65992_44da3275,COMERCIAL EL PASO,34 - Quillota / La Calera,4279460-0,AV VICUÑA MACKENA 243,QUILLOTA,4279460-0
__import__.7725572050C,COMERCIAL EL RENACIMIENTO LTDA. ,8 - Santa Ines/Villa Hermosa,77255720-5,LOS LUNES 28,QUILPUÉ,77255720-5
__import__.76233819K3C,COMERCIAL ERIKA VALDERRAMA SAGREDO EIRL ,8 - Santa Ines/Villa Hermosa,76233819-K,ISLA PICTON 1053 CANAL KIRKE (ESTAPA B DE CANAL BEAGLE),VIÑA DEL MAR,76233819-K
__import__.76233819K1C,COMERCIAL ERIKA VALDERRAMA SAGREDO EIRL ,8 - Santa Ines/Villa Hermosa,76233819-K,SOBERANIA 1010 VIÑA DEL MAR,VIÑA DEL MAR,76233819-K
__export__.res_partner_53063_31b0387c,COMERCIAL ESTEFANIA CORTES ARAVENA E.I.R.L.,8 - Santa Ines/Villa Hermosa,78287783-6,LAGO COPAISA 560 MIRADOR DE REÑACA,VIÑA DEL MAR,78287783-6
__import__.7658665102C,COMERCIAL FORTUNATO Y CIA LIMITADA ,2 - Valparaiso C,76586651-0,PEDRO MONTT 1907,VALPARAÍSO,76586651-0
__import__.7799601530C,COMERCIAL GREEN WAY SPA ,13 - Congelados Interior,77996015-3,CALLE LAS CAMELIAS N° 2607 POBL SAN ANTONIO,QUILPUÉ,77996015-3
__import__.7764782880C,COMERCIAL J&J SPA,2 - Valparaiso C,77647828-8,CONDELL 1474,VALPARAÍSO,77647828-8
__import__.7716132330C,COMERCIAL JEAN URBINA E.I.R.L. ,18 - Los Andes/San Felipe,77161323-3,PASAJE LOS GIRASOLES 112 CALLE LARGA,LOS ANDES,77161323-3
__import__.7644656281C,COMERCIAL JEANETTE ALEJANDRA KINDERMANN ROMAN EIRL ,2 - Valparaiso C,76446562-8,PJE INTERIOR LOTE UNO 39,VALPARAÍSO,76446562-8
__import__.7715603851C,COMERCIAL JUAN BAUTISTA VASQUEZ OSSES EIRL,20 - HORECA,77156038-5,EL LASCAR 96 MZ G LT 3 VILLA CONCON,CONCÓN,77156038-5
__import__.77415907K0C,COMERCIAL LA KASONA SPA ,34 - Quillota / La Calera,77415907-K,JJ NUNEZ 830 ARTIFICIO,LA CALERA,77415907-K
__export__.res_partner_66081_c5511ef5,COMERCIAL LEYAN Y COMPANIA LTDA,16 - Especializado Litoral,79734030-8,UGALDE 520,MELIPILLA,79734030-8
__import__.7764782291C,COMERCIAL LIBERTAD SPA,2 - Valparaiso C,77647822-9,AV URUGUAY 450,VALPARAÍSO,77647822-9
__import__.7764782290C,COMERCIAL LIBERTAD SPA,2 - Valparaiso C,77647822-9,CHACABUCO 2862,VALPARAÍSO,77647822-9
__import__.7735292210C,COMERCIAL LILEN SPA ,13 - Congelados Interior,77352922-1,VICTORIA 701,VILLA ALEMANA,77352922-1
__import__.7705464940C,COMERCIAL LOGISTIC SERVICE SPA ,2 - Valparaiso C,77054649-4,EL SAUCE 1079 PLACILLA,VALPARAÍSO,77054649-4
__export__.res_partner_53168_bb05e630,COMERCIAL LOGISTIC SWEET SPA,2 - Valparaiso C,77588765-6,EL SAUCE NULL 1107,VALPARAISO,77588765-6
__import__.7766534700C,COMERCIAL LOS RIVERA LIMITADA ,13 - Congelados Interior,77665347-0,PEDRO MONTT 1854,QUILPUÉ,77665347-0
__import__.7702665640C,COMERCIAL LUIS VÁSQUEZ BAHAMONDES E.I.R.L. ,19 - Tabolango - Papudo,77026656-4,AVENIDA DEL MAR MAITENCILLO 3650 SN,PUCHUNCAVÍ,77026656-4
__import__.7807467420C,COMERCIAL LULY MARKET SPA,20 - HORECA,78074674-2,ARLEGUI 245,VIÑA DEL MAR,78074674-2
__export__.res_partner_65149_2b44f494,COMERCIAL MAITENA LIMITADA,20 - HORECA,78509220-1,AVDA. VALPARAISO #304,VIÑA DEL MAR,78509220-1
__import__.7776671140C,COMERCIAL MANDY RESTOBAR SPA ,18 - Los Andes/San Felipe,77766711-4,SAN MARTIN 2278,RINCONADA,77766711-4
__export__.res_partner_65770_b24b85ce,COMERCIAL MANUEL ALBERTO MANRIQUEZ,34 - Quillota / La Calera,77921328-5,A REBOLAR 810,QUILLOTA,77921328-5
__import__.7700991370C,COMERCIAL MARCO ALFREDO CARVACHO FUENTES E. I.R.L ,2 - Valparaiso C,77009913-7,AV. PACIFICO 129 PLAYA ANCHA,VALPARAÍSO,77009913-7
__export__.res_partner_52681_dc60c9b1,COMERCIAL MARGARITA CORTÉS ARAVENA E.I.R.L.,8 - Santa Ines/Villa Hermosa,78307224-6,CALLE 1 555,Viña del mar ,78307224-6
__export__.res_partner_65126_4a398bcc,COMERCIAL MARÍA ARAVENA IRRIBARRA E.I.R.L.,8 - Santa Ines/Villa Hermosa,78460887-5,"BARCAZA MOREL 437, GLORIAS NAVALES NULL",VIÑA DEL MAR,78460887-5
__import__.7740986820C,COMERCIAL MARISOL DEL CARMEN VALENZUELA ,17 - Limache/Olmue,77409868-2,COLON 320,LIMACHE,77409868-2
__export__.res_partner_66043_15354df3,COMERCIAL MILLY MILLY LTDA,19 - Tabolango - Papudo,76915908-8,CAUPOLICAN 1720,VALPARAISO,76915908-8
__import__.77695196K0C,COMERCIAL MIRÓ SPA,20 - HORECA,77695196-K,5 ORIENTE N°629,VIÑA DEL MAR,77695196-K
__export__.res_partner_65713_7cb347fb,COMERCIAL MM SPA,2 - Valparaiso C,78475299-2,"PACIFICO 231 ,PLAYA ANCHA",VALPARAISO,78475299-2
__import__.7764992180C,COMERCIAL MOLINA Y ROJAS SPA ,20 - HORECA,77649921-8,SAN AGUSTIN 584 LC 3 3,CONCÓN,77649921-8
__export__.res_partner_65137_504466c9,COMERCIAL MORTALENA Y COMPAÑIA,20 - HORECA,76125280-1,AVDA. VALPARAISO #498,Viña Del Mar,76125280-1
__import__.7671253480C,COMERCIAL MOSS SPA ,13 - Congelados Interior,76712534-8,CAMINO COLLIGUAY 301,QUILPUÉ,76712534-8
__import__.7693392560C,COMERCIAL MR Y COMPAÑIA LIMITADA,2 - Valparaiso C,76933925-6,CHACABUCO 2759,VALPARAÍSO,76933925-6
__import__.7681538922C,COMERCIAL MUÑOZ SPA ,18 - Los Andes/San Felipe,76815389-2,COMBATE LAS COIMAS 281,SAN FELIPE,76815389-2
__import__.7681538920C,COMERCIAL MUÑOZ SPA ,18 - Los Andes/San Felipe,76815389-2,TRASLAVINA 232,SAN FELIPE,76815389-2
__import__.7681538921C,COMERCIAL MUÑOZ SPA ,18 - Los Andes/San Felipe,76815389-2,ESMERALDA 505,LOS ANDES,76815389-2
__import__.7780337390C,COMERCIAL OSORIO Y PÉREZ LIMITADA,20 - HORECA,77803373-9,VILLANELO 143,VIÑA DEL MAR,77803373-9
__import__.7791967710C,COMERCIAL PAMELA CRISTINA ESPINOZA LÓPEZ E.I.R.L. ,13 - Congelados Interior,77919677-1,LO NARVAEZ 99,VILLA ALEMANA,77919677-1
__import__.7797880400C,COMERCIAL PEREIRA ORO SPA,35 - Recreo/Forestal,77978804-0,LLAY LLAY 1629,VIÑA DEL MAR,77978804-0
__import__.7622272820C,COMERCIAL PISTACHO SPA ,17 - Limache/Olmue,76222728-2,AV URMENETA 140 LOTE 2,LIMACHE,76222728-2
__import__.7817697460C,COMERCIAL QUINTA SPA ,17 - Limache/Olmue,78176974-6,REPUBLICA 296,LIMACHE,78176974-6
__import__.7788681720C,COMERCIAL QUINTERO RAMIREZ SPA ,34 - Quillota / La Calera,77886817-2,AGUSTIN AVEZON 1355 QULLOTA,QUILLOTA,77886817-2
__import__.7682154131C,COMERCIAL R & J LIMITADA ,2 - Valparaiso C,76821541-3,AV OBISPO  VALDES  SUBERCASEOUX  1421,VALPARAÍSO,76821541-3
__export__.res_partner_66174_0a64c3db,COMERCIAL REMIGAL SPA,16 - Especializado Litoral,77680163-1,SAN AGUSTIN #172,MELIPILLA,77680163-1
__import__.7657475110C,COMERCIAL RIEGA Y COMPANIA LIMITADA,2 - Valparaiso C,76574751-1,VICTORIA 2220,VALPARAÍSO,76574751-1
__import__.7679151521C,COMERCIAL RINALDO GUILLERMO LEAL ACOSTA E.I.R.L. ,8 - Santa Ines/Villa Hermosa,76791515-2,PACIFICO 4526 2° SECTOR GOMEZ CARREÑO,VIÑA DEL MAR,76791515-2
__import__.7959371021C,COMERCIAL SUPERCOSTANERA LIMITADA ,2 - Valparaiso C,79593710-2,URUGUAY 371,VALPARAÍSO,79593710-2
__import__.7646583530C,COMERCIAL SUPERLAGUNA SPA,2 - Valparaiso C,76465835-3,RAMON GARCIA 545 LOCAL 2 LAGUNA VERDE,VALPARAÍSO,76465835-3
__import__.7687967421C,COMERCIAL TACHOIRES TORRES LIMITADA ,35 - Recreo/Forestal,76879674-2,BLANCA VERGARA 1086 FORESTAL,VIÑA DEL MAR,76879674-2
__import__.7800055800C,COMERCIAL TRASLAVIÑA SPA ,18 - Los Andes/San Felipe,78000558-0,TRASLAVIÑA 206,SAN FELIPE,78000558-0
__export__.res_partner_53245_71f3b088,COMERCIAL VALLE QUEPILCHO LTDA,2 - Valparaiso C,77209336-5,CARAMPANGUE 30,VALPARAÍSO,77209336-5
__export__.res_partner_66341_7819550d,COMERCIAL VASQUEZ LIMITADA ,16 - Especializado Litoral,76524057-3,AMBROSIO O'HIGGINS 976,CURACAVI,76524057-3
__export__.res_partner_65401_49caf6b2,COMERCIAL VASQUEZ LIMITADA ,16 - Especializado Litoral,76524057-3,AMBROSIO O'HIGGINS 595,CURACAVI,76524057-3
__export__.res_partner_65395_9f98a3ca,COMERCIAL VICTORIA PIÑEIRA MORALES E.I.R.L. ,16 - Especializado Litoral,77115886-2,AV AMBROSIO OHIGGINS 1629,CURACAVI,77115886-2
__export__.res_partner_65943_612c3d42,COMERCIAL VIPA SPA,19 - Tabolango - Papudo,78427832-8,ALMIRANTE LATORRE 463,PUCHUNCAVI,78427832-8
__import__.7722578132C,COMERCIAL VIÑA ANTONIO EDUARDO,8 - Santa Ines/Villa Hermosa,77225781-3,DIONISIO HERNANDEZ 241,VIÑA DEL MAR,77225781-3
__import__.7750286290C,COMERCIAL Y GASTRONOMIA SAN ANTONIO SPA,20 - HORECA,77502862-9,SAN ANTONIO 1319,VIÑA DEL MAR,77502862-9
__export__.res_partner_52762_fd2fec9a,COMERCIAL Y LIQUIDADORA JOPS SPA,20 - HORECA,78353572-6,C IBÁÑEZ DE CAMPO 2990,VIÑA DEL MAR,78353572-6
__import__.7785778603C,COMERCIAL Y SERVICIOS EL ROBLE SPA,20 - HORECA,77857786-0,REÑACA NORTE 25 L3,VIÑA DEL MAR,77857786-0
__import__.9683759030C,COMERCIAL Y TURISMO S.A,20 - HORECA,96837590-3,LAS PIMPINELAS 763 REÑACA,VIÑA DEL MAR,96837590-3
__import__.7612959260C,COMERCIAL Z Y M LIMITADA ,20 - HORECA,76129592-6,AV.CONCON REÑACA 344,CONCÓN,76129592-6
__import__.7634090070C,"COMERCIAL, LUIS LOPEZ ESPINOZA E.I.R.L. ",2 - Valparaiso C,76340900-7,"CHACABUCO 2741, ENTRE URUGUAY Y RAWSON",VALPARAÍSO,76340900-7
__import__.7724510403C,COMERCIALIZADORA ALONSO ENRIQUE ALVAREZ CLEN EIRL ,8 - Santa Ines/Villa Hermosa,77245104-0,LOS TULIPANES 645 MIRADOR DE REÑACA,VIÑA DEL MAR,77245104-0
__import__.7628386723C,COMERCIALIZADORA BETTER FOOD CHILE SPA,20 - HORECA,76283867-2,EDMUNDO ELUCHANS 1850,CONCÓN,76283867-2
__import__.7628386722C,COMERCIALIZADORA BETTER FOOD CHILE SPA,20 - HORECA,76283867-2,6 PONIENTE 150 LOCAL  LOCAL 2,VIÑA DEL MAR,76283867-2
__export__.res_partner_64997_deda8488,COMERCIALIZADORA BRAVOS SPA,8 - Santa Ines/Villa Hermosa,78292036-7,CALLE 3 2537 STA INES,VIÑA DEL MAR ,78292036-7
__import__.78154986K0C,COMERCIALIZADORA BRUNA GALLARDO LIMITADA ,13 - Congelados Interior,78154986-K,BAQUEDANO 842 A,QUILPUÉ,78154986-K
__import__.77706892K2C,COMERCIALIZADORA CABO LIMITADA ,17 - Limache/Olmue,77706892-K,AV EASTMAN 4801,LIMACHE,77706892-K
__import__.77706892K0C,COMERCIALIZADORA CABO LIMITADA,17 - Limache/Olmue,77706892-K,URMENETA 57,LIMACHE,77706892-K
__import__.7726061840C,COMERCIALIZADORA CAMILA PEREZ LIMITADA ,17 - Limache/Olmue,77260618-4,AV CONCEPCION 52 -A EL ILIVARES,LIMACHE,77260618-4
__import__.7824478820C,COMERCIALIZADORA CARLA ALEJANDRA ZAMORA MARTINEZ E.I.R.L. ,35 - Recreo/Forestal,78244788-2,PALMAS DE COCALAM 111 D 12 BL 1 LAS PALMAS,VALPARAÍSO,78244788-2
__export__.res_partner_63781_89723772,COMERCIALIZADORA CENTENARIO MARJORIE RUIZ ESPINOZA E.I.R.L.,13 - Congelados Interior,77962261-4,AVDA CENTENARIO 1301,Quilpue,77962261-4
__export__.res_partner_66199_e7a57858,COMERCIALIZADORA COMTELDATA SPA,34 - Quillota / La Calera,77141216-5,CALLE PARGUA 1281,VALPARAISO,77141216-5
__import__.7799570710C,COMERCIALIZADORA CUMBRE SPA ,18 - Los Andes/San Felipe,77995707-1,EL MOLINO 260 VILLA LA ESTANCIA,SAN ESTEBAN,77995707-1
__export__.res_partner_65339_4068345b,COMERCIALIZADORA DE ALIMENTOS AQUI FOOD SPA,20 - HORECA,77030674-4,CALLE VILLANELO 245 02,VIÑA DEL MAR,77030674-4
__export__.res_partner_65788_ee126375,COMERCIALIZADORA DE ALIMENTOS LOS CISNES SPA,34 - Quillota / La Calera,79690060-1,CHACABUCO 165,QUILLOTA,79690060-1
__import__.777928770C,COMERCIALIZADORA DE ALIMENTOS Y SOLUCIONES GASTRONOMICAS GUERRA SPA,20 - HORECA,77792877-5,TRASLAVIÑA 221 - 229,VIÑA DEL MAR,77792877-5
__import__.7807297590C,COMERCIALIZADORA DE FRUTAS Y VERDURAS JUAN HERRERA YEVENES E.I.R.L. ,20 - HORECA,78072975-9,SAN AGUSTIN 783,CONCÓN,78072975-9
__import__.7662497521C,COMERCIALIZADORA DE HELADOS Y PRODUCTOS CONGELADOS GONZALO UBEDA EIRL,20 - HORECA,76624975-2,AVDA.MANANTIALES 955 LOCAL 106,CONCÓN,76624975-2
__import__.7779266081C,COMERCIALIZADORA DE PRODUCTOS AGRICOLAS CARRERA Y GONZALEZ LIMITADA ,35 - Recreo/Forestal,77792660-8,TAMAYA 20,VIÑA DEL MAR,77792660-8
__import__.7799367401C,COMERCIALIZADORA DE PRODUCTOS Y SERVICIOS VARIOS SPA ,17 - Limache/Olmue,77993674-0,EASTMAN 1623,LIMACHE,77993674-0
__export__.res_partner_53089_9868d9b9,COMERCIALIZADORA DON AGUSTIN SPA,34 - Quillota / La Calera,78384498-2,21 DE MAYO 7,QUILLOTA,78384498-2
__import__.7739313720C,COMERCIALIZADORA EL DESCANSO SPA ,19 - Tabolango - Papudo,77393137-2,CHIMBOTE 1711 LONCURA,QUINTERO,77393137-2
__import__.7695118300C,COMERCIALIZADORA ENTREDOS SPA ,13 - Congelados Interior,76951183-0,MANUEL MONTT 0583,VILLA ALEMANA,76951183-0
__import__.7791175450C,COMERCIALIZADORA F Y C SPA ,2 - Valparaiso C,77911754-5,CALLE NOVENA 515,VALPARAÍSO,77911754-5
__import__.7643674211C,COMERCIALIZADORA FRANCISCO CASTEX LARRAIN E.I.R.L,20 - HORECA,76436742-1,"CALLE SARGENTO ALDEA S/N POBLACION ALLARD ,LAS SALINAS",VIÑA DEL MAR,76436742-1
__import__.7712119171C,COMERCIALIZADORA FRANCISCO ERNESTO VENEGAS CUEVAS EIRL ,8 - Santa Ines/Villa Hermosa,77121191-7,SALAR DE ATACAMA 1-A REÑACA ALTO,VIÑA DEL MAR,77121191-7
__export__.res_partner_65997_e48d78bf,COMERCIALIZADORA GALAZ VALENCIA LIMITADA,19 - Tabolango - Papudo,77882402-7,MEDANO NORTE 42,PUCHUNCAVI,77882402-7
__import__.7804513510C,COMERCIALIZADORA HENRY EDWARD ESPINOZA FIGUEROA E.I.R.L. ,17 - Limache/Olmue,78045135-1,ANDRÉS TOLEDO # 29,OLMUE,78045135-1
__import__.77144637K1C,COMERCIALIZADORA JAVIERA SPA,8 - Santa Ines/Villa Hermosa,77144637-K,AV GOMEZ CARREÑO 4284 LOCAL 11,VIÑA DEL MAR,77144637-K
__import__.76297441K0C,COMERCIALIZADORA JORGE MANQUENIR ALANANCO EIRL ,19 - Tabolango - Papudo,76297441-K,AVENIDA NORMANDIE 1823,QUINTERO,76297441-K
__import__.7686177401C,COMERCIALIZADORA LA VERDE LIMITADA,35 - Recreo/Forestal,76861774-0,VILLA MONTE 74 NUEVA AURORA,VIÑA DEL MAR,76861774-0
__import__.7775640720C,COMERCIALIZADORA LISA SPA ,13 - Congelados Interior,77756407-2,CALLE VALPARAISO 1072,VILLA ALEMANA,77756407-2
__export__.res_partner_66164_4935cc2b,COMERCIALIZADORA LOS 2 PRECIO SPA,16 - Especializado Litoral,78112948-8,"RIQUELME 561, MELIPILLA",MELIPILLA,78112948-8
__import__.7732209569C,COMERCIALIZADORA LUIS FERNANDEZ DE LA HOZ CANTILLO EIRL ,8 - Santa Ines/Villa Hermosa,77322095-6,VISVIRI 212,VIÑA DEL MAR,77322095-6
__import__.7732209561C,COMERCIALIZADORA LUIS FERNANDEZ DE LA HOZ CANTILLO EIRL ,8 - Santa Ines/Villa Hermosa,77322095-6,GUAICHANE 4 EL OLIVAR 2 SECTOR,VIÑA DEL MAR,77322095-6
__import__.7732209565C,COMERCIALIZADORA LUIS FERNANDEZ DE LA HOZ CANTILLO EIRL ,13 - Congelados Interior,77322095-6,JULIO VELASCO 09196,VIÑA DEL MAR,77322095-6
__import__.77322095612C,COMERCIALIZADORA LUIS FERNANDEZ DE LA HOZ CANTILLO EIRL ,13 - Congelados Interior,77322095-6,PJE DARWIN 01228 VILLA OLÍMPICA,QUILPUÉ,77322095-6
__import__.7706317690C,COMERCIALIZADORA LUPPI Y ARAYA SPA ,17 - Limache/Olmue,77063176-9,18 DE SEPTIEMBRE N°713,LIMACHE,77063176-9
__import__.7776134210C,COMERCIALIZADORA MANUEL GONZALEZ E.I.R.L. ,20 - HORECA,77761342-1,AV COSTA DE MONTEMAR 262 LOCAL 105,CONCÓN,77761342-1
__import__.76965669-3,COMERCIALIZADORA MARICEL LORETO CABELLO GUZMAN E.I.R.L ,35 - Recreo/Forestal,76965669-3,JACKSON SIN NUMERO 3 Y 4,VIÑA DEL MAR,76965669-3
__import__.7750615290C,COMERCIALIZADORA MIN SHENG SPA,20 - HORECA,77506152-9,5 NORTE 301.,VIÑA DEL MAR,77506152-9
__import__.7808659620C,COMERCIALIZADORA MONTSIAS LIMITADA ,13 - Congelados Interior,78086596-2,FRUTILLAR ESQ.OSMAN PÉREZ 566 3 BELLOTO NORTE,QUILPUÉ,78086596-2
__import__.7819766790C,COMERCIALIZADORA MS SPA ,19 - Tabolango - Papudo,78197667-9,LOS AROMOS LOTE 3 PC 8 ST 21LA JOSEFINA..HORCON,PUCHUNCAVÍ,78197667-9
__import__.7789653990C,COMERCIALIZADORA NUÑEZ Y KERESTEGIAN SPA ,34 - Quillota / La Calera,77896539-9,CALLE PRAT 89 - 91 QUILLOTA,QUILLOTA,77896539-9
__import__.7712294331C,COMERCIALIZADORA OLGA VICTORIA PEREYRA EIRL ,8 - Santa Ines/Villa Hermosa,77122943-3,AV GOMEZ CARREÑO 3601 LT 110 GOMEZ CARREÑO,VIÑA DEL MAR,77122943-3
__import__.7802344311C,COMERCIALIZADORA PIA JOSEFA RUIZ CORDERO E.I.R.L.,20 - HORECA,78023443-1,LAS PIMPINELAS 280,CONCÓN,78023443-1
__import__.7755167200C,COMERCIALIZADORA PIMACRI SPA,20 - HORECA,77551672-0,AV CONCON REÑACA 115 LOCAL 1,CONCÓN,77551672-0
__export__.res_partner_65313_96cf38eb,COMERCIALIZADORA RAPA NUI LTDA,2 - Valparaiso C,79975420-7,RAWSON 334,VALPARAISO,79975420-7
__import__.7668231730C,COMERCIALIZADORA RICARDO ROJAS TORRES E.I.R.L ,2 - Valparaiso C,76682317-3,CALLE ISRAEL ROA 1600 VILLA ROBERTO MATTA,VALPARAÍSO,76682317-3
__import__.7780517450C,COMERCIALIZADORA RIQUELME SPA ,8 - Santa Ines/Villa Hermosa,77805174-5,LAGO VILLARRICA 995 MIRADOR DE REÑACA,VIÑA DEL MAR,77805174-5
__export__.res_partner_65950_0920c201,COMERCIALIZADORA ROSA PATRICIA BARRIENTOS,19 - Tabolango - Papudo,77057869-8,RIO GREY 9,VALPARAISO,77057869-8
__import__.7764992500C,COMERCIALIZADORA RUIZ VIVANCO SPA ,13 - Congelados Interior,77649925-0,MADRID 300,VILLA ALEMANA,77649925-0
__import__.7649313860C,COMERCIALIZADORA T Y J LIMITADA,20 - HORECA,76493138-6,14 NORTE 571,VIÑA DEL MAR,76493138-6
__export__.res_partner_52866_1e8c947a,COMERCIALIZADORA TANIA CARREÑO MACIAS E.I.R.L.,20 - HORECA,76849287-5,AV CON CON REÑACA 483,CON CON,76849287-5
__export__.res_partner_65772_524e9598,COMERCIALIZADORA TOMY SPA,34 - Quillota / La Calera,78136681-1,ANIBAL PINTO 28,QUILLOTA,78136681-1
__import__.7823672420C,COMERCIALIZADORA VLADYMIR SALVADOR PIZARRO NAVIA E.I.R.L. ,8 - Santa Ines/Villa Hermosa,78236724-2,P.ANDES MZ C3 30 PASOS LOS ANDES NULL,VIÑA DEL MAR,78236724-2
__import__.760311820C,COMERCIALIZADORA Y ASESORIAS ROBERTO HIDALGO SAAVEDRA E.I.R.L. ,20 - HORECA,76031182-0,AV BLANCA ESTELA 1258 LOCAL 2,CONCÓN,76031182-0
__import__.76857474K2C,COMERCIALIZADORA Y DISTRIBUIDORA ALFARO LIMITADA,2 - Valparaiso C,76857474-K,CHACABUCO 2868,VALPARAÍSO,76857474-K
__import__.76857474K1C,COMERCIALIZADORA Y DISTRIBUIDORA ALFARO LIMITADA,2 - Valparaiso C,76857474-K,CHACABUCO 2880,VALPARAÍSO,76857474-K
__import__.7764592831C,COMERCIALIZADORA Y DISTRIBUIDORA D & J SPA,35 - Recreo/Forestal,77645928-3,ARLEGUI 1012,VIÑA DEL MAR,77645928-3
__import__.7764592830C,COMERCIALIZADORA Y DISTRIBUIDORA D & J SPA,35 - Recreo/Forestal,77645928-3,ARLEGUI 901,VIÑA DEL MAR,77645928-3
__export__.res_partner_53060_07dc59e7,COMERCIALIZADORA Y DISTRIBUIDORA DE ALIMENTOS CLAUDIO CICKOVIC VELIZ E.I.R.L.,35 - Recreo/Forestal,77906288-0,CARACAS 417 RECREO,Viña Del Mar,77906288-0
__export__.res_partner_65974_d56fbfab,COMERCIALIZADORA Y DISTRIBUIDORA DIEX SPA,34 - Quillota / La Calera,77904165-4,21 DE MAYO 1140,QUILLOTA,77904165-4
__export__.res_partner_63594_ba783bb7,COMERCIALIZADORA Y DISTRIBUIDORA DOÑA ROSALIA SPA,35 - Recreo/Forestal,78307035-9,DIEGO PORTALES 600 RECREO,VIÑA DEL MAR,78307035-9
__import__.77298247K1C,COMERCIALIZADORA Y DISTRIBUIDORA EL REY DE LAS MASAS SPA ,13 - Congelados Interior,77298247-K,JOSE URIBE 1060 COND HEROES DEL MAR,QUILPUÉ,77298247-K
__export__.res_partner_65548_83090d38,COMERCIALIZADORA Y DISTRIBUIDORA L Y L SPA,13 - Congelados Interior,78216335-3,SAN JORGE # 26 PEÑABLANCA,VILLA ALEMANA,78216335-3
__export__.res_partner_65310_5739aab5,COMERCIALIZADORA Y DISTRIBUIDORA RODOLFO HERRERA E.I.R.L.,13 - Congelados Interior,78137353-2,CAMINO MARGA MARGA 4540 PC1 FDO FUNDO EL NULL QUILPUE,QUILPUE,78137353-2
__import__.7815041810C,COMERCIALIZADORA Y DISTRIBUIDORA TAPIA OYARZO SPA ,35 - Recreo/Forestal,78150418-1,DESLINDE 2369 CHORRILLOS,VIÑA DEL MAR,78150418-1
__export__.res_partner_53286_43838979,"COMERCIALIZADORA, DISTRIBUIDORA Y TRANSPORTES SAN MARTIN SPA",34 - Quillota / La Calera,78374123-7,21 DE MAYO 5455 - 5483 - LA CRUZ,LA CRUZ,78374123-7
__import__.7790089671C,COMERCILIZADORA DE PRODUCTOS Y SERVICIOS EL SANTO SPA ,2 - Valparaiso C,77900896-7,FRANCISCO RUIZ TAGLE 560,VALPARAÍSO,77900896-7
__import__.7721955831C,COMERCIO POR MENOR SIOMARA LARA EIRL ,13 - Congelados Interior,77219558-3,SANTA FE 1487,VILLA ALEMANA,77219558-3
__import__.7692095570C,COMERCIOS COSTA MAR S.P.A.,20 - HORECA,76920955-7,PASEO COUSIÑO N° 11,VIÑA DEL MAR,76920955-7
__import__.7676728294C,COMIDA AHMAD HAMLAMI EMP. IND. DE RESP. LTDA.,13 - Congelados Interior,76767282-9,DIEGO PORTALES 842,QUILPUÉ,76767282-9
__import__.7676728290C,COMIDA AHMAD HAMLAMI EMP. IND. DE RESP. LTDA.,20 - HORECA,76767282-9,7 NORTE 332 LOCAL 3,VIÑA DEL MAR,76767282-9
__import__.7704766741C,COMIDA AL PASO CAFETERIA REPOSTERIA JOSE DOMINGO CHACIN RIVERA EIRL ,19 - Tabolango - Papudo,77047667-4,CABO ORTIZ 146 LOCAL 1,QUINTERO,77047667-4
__export__.res_partner_52940_ed16ac9f,COMIDA AL PASO LOURDES ELENA DORANTES DE ARGUINZONES E.I.R.L.,20 - HORECA,77066329-6,VIANA 967 LOCAL 3,VIÑA DEL MAR,77066329-6
__import__.7708426890C,COMIDA BARBARA REGINA CANTILLANA ESCOBAR EIRL ,34 - Quillota / La Calera,77084268-9,AV DUELAS 130 SAN PEDRO,QUILLOTA,77084268-9
__import__.7773174231C,COMIDA RAPIDA AL PASO ROXANA SILVA E.I.R.L. ,17 - Limache/Olmue,77731742-3,PEDRO ALVARADO S/N QUEBRADA ALVARADO,OLMUÉ,77731742-3
__import__.7759047711C,COMIDA RAPIDA GABRIEL ALEX GONZALEZ JIMENEZ,20 - HORECA,77590477-1,CALLE EL BOSQUE PONIENTE Nº 14 LAS GAVIOTAS,CONCÓN,77590477-1
__import__.7785277660C,COMIDA RAPIDA LEIDY JOHANNA TEJADA VARGAS E.I.R.L. ,19 - Tabolango - Papudo,77852776-6,VICTOR FAZIO 1706,PAPUDO,77852776-6
__import__.7718524320C,COMIDA RAPIDA MARCELA YALILE OLGUIN MENARES EIRL,13 - Congelados Interior,77185243-2,CAMINO MARGA MARGA 3380 LOCAL A,QUILPUÉ,77185243-2
__import__.7684663431C,COMIDA RAPIDA TATIANA VALESKA KACZECZKA KACZECZKA E.I.R.L.,8 - Santa Ines/Villa Hermosa,76846634-3,ANITA LIZANA 39 PARADERO 8 ACHUPALLA,VIÑA DEL MAR,76846634-3
__export__.res_partner_65903_65fdc966,COMPLETO Y CARTOON SPA,19 - Tabolango - Papudo,77553271-8,EL BOSQUE 2210 LONCURA,VALPARAISO,77553271-8
__import__.658391991C,CONSTANSO REAL SOFIA GRISELA ,19 - Tabolango - Papudo,6583919-9,PARQUE LA VICTORIA SITIO  16,LIMACHE,6583919-9
__import__.486037341C,CONTRERAS CANEO LUIS ,13 - Congelados Interior,4860373-4,PABLO RAMIREZ 037,QUILPUÉ,4860373-4
__import__.1867395230C,CONTRERAS CARTES YARITZA VANESA ,2 - Valparaiso C,18673952-3,FUNDO CURAUMILLA 343,VALPARAÍSO,18673952-3
__import__.13150778K1C,CONTRERAS HENRIQUEZ CRISTIAN ,2 - Valparaiso C,13150778-K,AVENIDA COLINA VERDE N° 250 CURAUMA,VALPARAÍSO,13150778-K
__import__.1455611832C,CONTRERAS MARIN GIOVANNI FRANCISCO ,8 - Santa Ines/Villa Hermosa,14556118-3,LAGO VILLARRICA 949 MIRADOR DE REÑACA,VIÑA DEL MAR,14556118-3
__import__.1243799111C,CONTRERAS ROJAS KARINA WENDOLINE DEL CARMEN ,2 - Valparaiso C,12437991-1,AV LOMAS DE LA LUZ 983,VALPARAÍSO,12437991-1
__import__.7058190091C,COOP. SERVS. PERSONAL (R)MONTEPIADO,2 - Valparaiso C,70581900-9,LAS HERAS 628,VALPARAÍSO,70581900-9
__import__.947143890C,CORDOVA ROBLES FERNANDO MARCELO ,19 - Tabolango - Papudo,9471438-9,CALLE DIEGO PORTALES 2113,QUINTERO,9471438-9
__import__.8448251K1C,CORNEJO CARDENAS SONIA MARISEL ,13 - Congelados Interior,8448251-K,EL ALAMO 599 LC 1,VILLA ALEMANA,8448251-K
__import__.1319170821C,CORNEJO MONTECINOS ADRIANA DE LAS MERCEDES ,19 - Tabolango - Papudo,13191708-2,LAS HIJUELAS 24 CAMINO FUERTE AGUAYO,CONCÓN,13191708-2
__import__.1387878261C,CORREA PEREZ PAULA ANDREA ,13 - Congelados Interior,13878782-6,San Enrique #1398,VILLA ALEMANA,13878782-6
__import__.2070574361C,CORTES ACEVEDO JOHANNA STEPHANIE,20 - HORECA,20705743-6,AV. ESPAÑA S/N BALNEARIO CALETA ABARCA LOCAL 6,VIÑA DEL MAR,20705743-6
__import__.1803637423C,CORTES ARAVENA ESTEFANIA PAULA ,8 - Santa Ines/Villa Hermosa,18036374-2,EDUARDO TITUS 789 ST 4,VIÑA DEL MAR,18036374-2
__import__.1803637420C,CORTES ARAVENA ESTEFANIA PAULA ,8 - Santa Ines/Villa Hermosa,18036374-2,LAGO COPAISA 560 MIRADOR DE REÑACA,VIÑA DEL MAR,18036374-2
__import__.662186001C,CORTES ARAYA MARIA NELLY DEL T. ,8 - Santa Ines/Villa Hermosa,6621860-0,AV. INGLATERRA 605 VILLA HERMOSA,VIÑA DEL MAR,6621860-0
__import__.1508190831C,CORTES MALDONADO MANUEL FRANCISCO ,8 - Santa Ines/Villa Hermosa,15081908-3,CALLE EL MAQUI N°3587-B GRANADILLA II MIRAFLORES,VIÑA DEL MAR,15081908-3
__import__.606756941C,CORTES PEÑA LUIS ARTURO ,17 - Limache/Olmue,6067569-4,AV. VICTORIA 1746 POBLACIÓN 18,LIMACHE,6067569-4
__export__.res_partner_65616_fa8f8847,CORTES TAMARIN CESAR ENRIQUE  ,2 - Valparaiso C,12976664-6,RIQUELME N° 122 Y 124,VALPARAÍSO,12976664-6
__export__.res_partner_65674_76d5320f,CORTEZ CORTEZ CARMEN SANTOS ,17 - Limache/Olmue,8239060-K,AV GRANIZO 7230 PARADERO 39 SECTOR GRANIZO,OLMUÉ,8239060-K
__import__.1295257620C,CORTEZ ROJAS DENISE FABIOLA,13 - Congelados Interior,12952576-2,LOS CARRERAS 627,QUILPUÉ,12952576-2
__import__.7805651281C,COSTA EMA SPA ,20 - HORECA,78056512-8,AV COSTA MONTEMAR 264 LOCAL 203,CONCÓN,78056512-8
__export__.res_partner_65386_dbcde0c3,COSTA MARKET SPA ,16 - Especializado Litoral,77324337-9,CORINA ARAVENA 200 CS B,ALGARROBO,77324337-9
__import__.76958725K0C,COSTA REÑACA SPA,20 - HORECA,76958725-K,BERNARDO O¨HIGGINS S/N REÑACA,VIÑA DEL MAR,76958725-K
__import__.25659904K1C,COVARRUBIA GUERRA NIXON RFAEL ,2 - Valparaiso C,25659904-K,LA EXPLANADA 1276 BLOCK 15 DEPTO 1,VALPARAÍSO,25659904-K
__export__.res_partner_66232_72dfc16e,CRISTENSEN VELASQUEZ YOCELIN GENOVEVA,8 - Santa Ines/Villa Hermosa,17159630-0,AVENIDA MAR DE CHILE CASA 7,VIÑA DEL MAR,17159630-0
__export__.res_partner_65224_0195acca,CRISTOBAL FRANCISCO MATURANA HUERTA,8 - Santa Ines/Villa Hermosa,16401648-K,PASAJE VEINTISIETE 6559,VIÑA DEL MAR,16401648-K
__export__.res_partner_52992_9e015ce1,CRUZ DIAZ DANIEL ALBERTO,8 - Santa Ines/Villa Hermosa,9061458-4,DIONISIO HERNANDEZ 84,VIÑA DEL MAR,9061458-4
__import__.1688688630C,CRUZ HERNANDEZ CRISTIAN ENRIQUE ,13 - Congelados Interior,16886886-3,PJE SAN EDUARDO 1160 SANTA PATRICIA 11,QUILPUÉ,16886886-3
__import__.1222194292C,CRUZ MATELUNA MARIA ANGELICA,20 - HORECA,12221942-9,AV.BORGOÑO  2158 FRENTE RPC,CONCÓN,12221942-9
__import__.712038240C,CUADRO CARREÑO ELIAS TORIBIO ,34 - Quillota / La Calera,7120382-4,O'HIGGINS 301 QUILLOTA,QUILLOTA,7120382-4
__import__.1318359650C,CUETO CASTRO BEATRIZ KATHERINE ,18 - Los Andes/San Felipe,13183596-5,"AV HNOS CARRERA OTE 2224, VILLA LA ESTANCIA",SAN FELIPE,13183596-5
__import__.2373885771C,CUEVA PORRAS GRACIELA MILAGROS ,17 - Limache/Olmue,23738857-7,LOS CAPACHITOS 111 POB JUAN FCO. GONZALEZ,LIMACHE,23738857-7
__import__.496758790C,CUEVAS LEIVA JUAN MANUEL ,34 - Quillota / La Calera,4967587-9,ACONCAGUA 998,LA CALERA,4967587-9
__import__.7683208100C,CULINARIA QUEDAU SPA,20 - HORECA,76832081-0,AVDA BORGOÑO N° 24975,CONCÓN,76832081-0
__import__.7708062751C,DANIEL ALEJANDRO MUÑOZ GARCIA FABRICACION DE MASAS EIRL ,13 - Congelados Interior,77080627-5,BRASIL 1162 EL RETIRO,QUILPUÉ,77080627-5
__export__.res_partner_66228_4abeef54,DANIEL ARELLANO,34 - Quillota / La Calera,26765279-1,MARATON 916,VALPARAISO,26765279-1
__export__.res_partner_65507_21d0f5dd,DANIELA DIAZ CRUZ,13 - Congelados Interior,16480517-4,PASAJE VIENTO MARINO 24,VILLA ALEMANA,16480517-4
__export__.res_partner_65541_125dc374,DASSONVALLE MASSA ROMINA ANDREA ,13 - Congelados Interior,17809239-1,AVENIDA EL RETIRO 370,QUILPUÉ,17809239-1
__import__.873031441C,DE ARRIZABALAGA LEIVA VIVIANA ,13 - Congelados Interior,8730314-4,CONDELL 26,VILLA ALEMANA,8730314-4
__import__.847292720C,DE FERARI SANDOVAL JAIME RODOLFO ,18 - Los Andes/San Felipe,8472927-2,CURILEBU 825,LOS ANDES,8472927-2
__import__.7786302061C,DEL ROCIO Y CIA. LTDA. ,2 - Valparaiso C,77863020-6,MINISTRO CARLOS CORTES # 74 PYA ANCHA,VALPARAÍSO,77863020-6
__import__.1336444740C,DELGADO MERCADO DANILO MIGUEL ,18 - Los Andes/San Felipe,13364447-4,USPALLATA1597 CRISTO REDENTOR,LOS ANDES,13364447-4
__import__.7785805190C,DELICIAS DE LAGUNA SPA ,2 - Valparaiso C,77858051-9,AV PRINCIPAL LT 836 LAGUNA VERDE,VALPARAÍSO,77858051-9
__export__.res_partner_52993_a66a60ce,DEVOTO GERBANDI CARLOS,20 - HORECA,5212908-7,BALMACEDA 479 C CASTILLO,VIÑA DEL MAR,5212908-7
__import__.26797344K0C,DI MAGGIO MARIN DEIVID ENRIQUE ,34 - Quillota / La Calera,26797344-K,IQUIQUE 1610 ACONCAGUA,LA CALERA,26797344-K
__import__.1183276911C,DIAZ AREVALO RICHARD ANTONY ,8 - Santa Ines/Villa Hermosa,11832769-1,PJE 01110HUEPIN,QUILPUÉ,11832769-1
__import__.860559100C,DIAZ AVILES SERGIO JOSE,13 - Congelados Interior,8605591-0,BLANCO 1001,QUILPUÉ,8605591-0
__import__.1033859462C,DIAZ CATALAN MARINARELLA CECILIA,8 - Santa Ines/Villa Hermosa,10338594-6,LIMACHE 4215 (CARRO AZUL),VIÑA DEL MAR,10338594-6
__import__.765092711C,DIAZ CIFUENTES SERGIO OSVALDO,13 - Congelados Interior,7650927-1,AV VALPARAISO  1633 LOCAL 4,VILLA ALEMANA,7650927-1
__import__.1223600590C,DIAZ DIAZ CARLOS ALBERTO ,19 - Tabolango - Papudo,12236005-9,SALAS 437,QUINTERO,12236005-9
__export__.res_partner_66046_e23cc7c9,DIAZ GONZALEZ LUIS ALEJANDRO,19 - Tabolango - Papudo,7989519-9,LOS ALMENDROS 057,PAPUDO,7989519-9
__import__.583760431C,DIAZ HERRERA JUANA ROSA ,35 - Recreo/Forestal,5837604-3,LOS CARDENALES Nª6 MANZANA 8-A POBL CARDENAL CARO CHORRILLOS,VIÑA DEL MAR,5837604-3
__import__.1858513701C,DIAZ NAVARRO MELISSA RUTITH ,13 - Congelados Interior,18585137-0,RAFAEL SABRE 3121 V ALEMANA,VILLA ALEMANA,18585137-0
__import__.1300292990C,DIAZ OLIVARES GUILLERMO GONZALO ,13 - Congelados Interior,13002929-9,FRUTILLAR 566,QUILPUÉ,13002929-9
__import__.1303692001C,DIAZ SOTO CLAUDIO PATRICIO ,2 - Valparaiso C,13036920-0,LOS ROMERILLOS N° 850 INVICA,VALPARAÍSO,13036920-0
__export__.res_partner_65935_10ea34a5,DIAZ TORRES ELADIO RODOLFO,19 - Tabolango - Papudo,9792059-1,GENERAL VELASQUEZ 201 PUCHUNCAVI,PUCHUNCAVI,9792059-1
__import__.2203873561C,DIAZ ZEPEDA DEBORA MARICEL,13 - Congelados Interior,22038735-6,LAGO RAHUE 51 PUERTO MARINO,VILLA ALEMANA,22038735-6
__export__.res_partner_64919_9e14bc4c,DINA INVERSIONES SPA,2 - Valparaiso C,77152392-7,CONDELL 1332,Valparaiso,77152392-7
__import__.7715239275C,DINA INVERSIONES SPA ,2 - Valparaiso C,77152392-7,ALMIRANTE MONTT 393,VALPARAÍSO,77152392-7
__import__.7715239272C,DINA INVERSIONES SPA ,2 - Valparaiso C,77152392-7,ESMERALDA 1160 LOCAL 1,VALPARAÍSO,77152392-7
__import__.7690352140C,DISTRIBUIDORA AUSTRAL SPA ,13 - Congelados Interior,76903521-4,BLANCO 1016,QUILPUÉ,76903521-4
__import__.7730089570C,DISTRIBUIDORA BYR SPA ,35 - Recreo/Forestal,77300895-7,LEUNIDAS VALENZUELA 1095,VALPARAÍSO,77300895-7
__export__.res_partner_66037_9f7a4dc2,DISTRIBUIDORA CHE AMADO SPA,19 - Tabolango - Papudo,77753495-5,FERNANDEZ CONCHA 538,VALPARAISO,77753495-5
__import__.7761448430C,DISTRIBUIDORA DANIELA VARAS SPA ,2 - Valparaiso C,77614484-3,AV UNDECIMA 1605 LOCAL 6,VALPARAÍSO,77614484-3
__import__.7784500461C,DISTRIBUIDORA DE ALIMENTOS FILIPPI-BERNAL SPA ,2 - Valparaiso C,77845004-6,PEDRO MONTT 2501,VALPARAÍSO,77845004-6
__import__.7786142271C,DISTRIBUIDORA EL PALMAR SPA ,17 - Limache/Olmue,77861422-7,REPUBLICA 2184,LIMACHE,77861422-7
__import__.7675644730C,DISTRIBUIDORA EL SUREÑO LIMITADA ,18 - Los Andes/San Felipe,76756447-3,CHACABUCO 1132,SAN FELIPE,76756447-3
__import__.7737671570C,DISTRIBUIDORA IVONNE SPA ,34 - Quillota / La Calera,77376715-7,BLANCO 45,QUILLOTA,77376715-7
__export__.res_partner_63731_568cd9ee,DISTRIBUIDORA LA VECI SPA,18 - Los Andes/San Felipe,78193434-8,CALLE CHACRA 3 VILLA EL CARMEN,SAN FELIPE,78193434-8
__import__.7623796512C,DISTRIBUIDORA LACTEOS PARKER EIRL,8 - Santa Ines/Villa Hermosa,76237965-1,CALLE CUATRO 2480 LOCAL 2,VIÑA DEL MAR,76237965-1
__import__.7697782410C,DISTRIBUIDORA LOS MUÑOZ SPA ,18 - Los Andes/San Felipe,76977824-1,COMBATE DE LAS COIMAS 1186,SAN FELIPE,76977824-1
__import__.7751421970C,DISTRIBUIDORA LOS VENEGAS LIMITADA ,18 - Los Andes/San Felipe,77514219-7,CARRETERA GENERAL SAN MARTIN LOCAL 4 RINCONADA,LOS ANDES,77514219-7
__import__.7688127641C,DISTRIBUIDORA LUIS MANUEL MACAYA SANCHEZ EIRL,13 - Congelados Interior,76881276-4,PASAJE HUINA 744 COND RUBEN DARIO,QUILPUÉ,76881276-4
__import__.7817599610C,DISTRIBUIDORA MACAL SPA ,18 - Los Andes/San Felipe,78175996-1,CALLE BERNARDO O'HIGGINS 197 POBLACIÓN PEDRO AGUIRRE CERDA LA PAMPILLA,LOS ANDES,78175996-1
__export__.res_partner_53058_32969a10,DISTRIBUIDORA MAR AZUL LIMITADA,20 - HORECA,76157309-8,AV CONCON REÑACA 480,CONCÓN,76157309-8
__import__.7682805330C,DISTRIBUIDORA MARTIN EDUARDO MUÑOZ ARELLANO EIRL ,2 - Valparaiso C,76828053-3,FEDERICO ERRAZURIZ 556 PLAYA ANCHA,VALPARAÍSO,76828053-3
__import__.7672359250C,DISTRIBUIDORA NICOLAS FRANCISCO SEVERINO VARGAS ,13 - Congelados Interior,76723592-5,BELLOTO NORTE CALLE TRES 535 GALPON  6,QUILPUÉ,76723592-5
__export__.res_partner_52120_f0ea0e33,DISTRIBUIDORA PEDRO ARAVENA SPA,34 - Quillota / La Calera,76705650-8,LIZASOAIN 56,LA CALERA,76705650-8
__export__.res_partner_46982_695d6990,DISTRIBUIDORA PEDRO ARAVENA SPA,34 - Quillota / La Calera,76705650-8,DIEGO LILLO 530,LA CALERA,76705650-8
__export__.res_partner_65428_66bbc09e,DISTRIBUIDORA RENÉ ALEJANDRO MARCHANT FARÍAS E.I.R.L.,13 - Congelados Interior,77322345-9,MARGA MARGA 4550 CALLE 1,QUILPUE,77322345-9
__import__.7783158231C,DISTRIBUIDORA VILLA ALEMANA SPA ,13 - Congelados Interior,77831582-3,AVENIDA VALPARAISO 1194 SN,VILLA ALEMANA,77831582-3
__import__.7696622190C,DISTRIBUIDORA Y COMERCIALIZADORA LUIGI ALAMIRO ARAYA PEREZ EIRL ,35 - Recreo/Forestal,76966221-9,SAN GUILLERMO 791 LOS PLACERES,VALPARAÍSO,76966221-9
__import__.7745966821C,DISTRIBUIDORA Y COMERCIALIZADORA OÑATE SPA,20 - HORECA,77459668-2,AV BORGOÑO 25240,CONCÓN,77459668-2
__import__.7619725370C,DISTRIBUIDORA Y SUPERMERCADO BETTY LIMITADA ,18 - Los Andes/San Felipe,76197253-7,AVENIDA CHACABUCO 395,LOS ANDES,76197253-7
__import__.7688356320C,DISTRUBUIDORA AUSTRAL S.P.A ,17 - Limache/Olmue,76883563-2,REPUBLICA 882,LIMACHE,76883563-2
__import__.7788459970C,DODAMIN SPA ,18 - Los Andes/San Felipe,77884599-7,AV MIRAFLORES 000 FRENTE HOSPITAL,SAN FELIPE,77884599-7
__import__.7648097341C,DOMINGUEZ CARLOS JOSE EIRL ,13 - Congelados Interior,76480973-4,LOS CARRERA 878 L LOCAL 1,QUILPUÉ,76480973-4
__import__.7798779301C,DON PILO SPA ,13 - Congelados Interior,77987793-0,HUANHUALI 469,VILLA ALEMANA,77987793-0
__import__.7725185521C,DONA ALICIA LIMITADA,13 - Congelados Interior,77251855-2,HUMBOLDT 1176,QUILPUÉ,77251855-2
__import__.7759389860C,DONDE LA MARY SPA ,34 - Quillota / La Calera,77593898-6,HIJUELAS FUNDO LO LOPEZ PARCELA 1 SN,QUILLOTA,77593898-6
__import__.78113385K0C,DONDE LA NORA SPA ,2 - Valparaiso C,78113385-K,"CALLE URUGUAY 125 ,( DENTRO DEL MERCADO 1 PISO )",VALPARAÍSO,78113385-K
__export__.res_partner_65990_e544fbbd,DONDE LORE Y MANU,19 - Tabolango - Papudo,78504283-2,PEDRO ALDUNATE SOLAR 1495,VALPARAISO,78504283-2
__export__.res_partner_65501_460aec6f,DONDE TOMAS SPA,20 - HORECA,77983229-5,ECUADOR 2,VALPARAISO,77983229-5
__import__.7814268220C,DONDE ZUNNY SPA ,17 - Limache/Olmue,78142682-2,REPUBLICA 947 LOCAL D,LIMACHE,78142682-2
__import__.782615950C,DONOSO AGUIRRE LUISA DE LOS ANGELES,20 - HORECA,7826159-5,CALLE DOS 150-B REÑACA ALTO,VIÑA DEL MAR,7826159-5
__import__.8707739K1C,DONOSO ESCUDERO MONICA DEL CARMEN ,2 - Valparaiso C,8707739-K,LA PALMERA 72 COSTADO BLOCK 14 LOMAS DE RODELILLO,VALPARAÍSO,8707739-K
__import__.9955844K2C,DONOSO FIGUEROA SANDRA XIMENA ,8 - Santa Ines/Villa Hermosa,9955844-K,CALLE LOS ALBATROS SECTOR D CASA 3 SANTA INES,VIÑA DEL MAR,9955844-K
__import__.9694392K1C,DONOSO VELASCO HECTOR ARMANDO ,8 - Santa Ines/Villa Hermosa,9694392-K,UNO SUR 5851 LOCAL 3 QUINTO SECTOR G. CA,VIÑA DEL MAR,9694392-K
__export__.res_partner_66183_ef064927,DULCES EME EME LIMITADA ,16 - Especializado Litoral,76290888-3,FRANCISCO SAAVEDRA 1920,CURACAVI,76290888-3
__import__.1576371261C,DUQUE ALVARADO PATRICIA ESMERALDA ,13 - Congelados Interior,15763712-6,LAS PERDICES N°2283 VILLA EL ROCIO,VILLA ALEMANA,15763712-6
__export__.res_partner_65285_7aa07b00,E.S. CAFÉ SPA,20 - HORECA,77942409-K,ARLEGUI 436 LOCAL 103,VIÑA DEL MAR,77942409-K
__import__.7757602730C,ECOTURISMO BOSQUES DE LOS PERALES ,13 - Congelados Interior,77576027-3,CALLE FUNDO LOS PERALES PARCELA #14 COLLIGUAY,QUILPUÉ,77576027-3
__export__.res_partner_65080_244c069b,EITHAN J & Y INVERSIONES SPA,2 - Valparaiso C,78429164-2,VICTORIA 2312,Valparaíso ,78429164-2
__export__.res_partner_65938_e3379d78,EL ABUELO ANGEL SPA,19 - Tabolango - Papudo,77770189-4,BERNARDO O'HIGGINS 211,PUCHUNCAVI,77770189-4
__import__.7701432254C,EL ARAGUANEY LIMITADA,20 - HORECA,77014322-5,CALLE VALPARAISO 712,VIÑA DEL MAR,77014322-5
__import__.7701432250C,EL ARAGUANEY LIMITADA,35 - Recreo/Forestal,77014322-5,QUILLOTA 0183,VIÑA DEL MAR,77014322-5
__export__.res_partner_52844_0ae636a4,EL BUEN GUSTO S.A. ,2 - Valparaiso C,76146156-7,CALLE MOLINA 380,VALPARAÍSO,76146156-7
__import__.7768990110C,EL CORRALERO SPA ,18 - Los Andes/San Felipe,77689901-1,CARRETERA SAN MARTIN 2508,RINCONADA,77689901-1
__import__.7729827120C,EL EDEN DE ISRAEL SPA ,13 - Congelados Interior,77298271-2,QUIDORA 392 POMPEYA,QUILPUÉ,77298271-2
__export__.res_partner_65784_f8bc1fcf,EL FOGON & MARKET SPA,34 - Quillota / La Calera,78475048-5,LAS YACAS 50 - LA CRUZ,LA CRUZ,78475048-5
__import__.7788278401C,EL FOGON DE LAS PIRCAS SPA ,17 - Limache/Olmue,77882784-0,RUTA F-10 G 8/ LAS VERTIENTES,OLMUÉ,77882784-0
__import__.7788278400C,EL FOGON DE LAS PIRCAS SPA ,17 - Limache/Olmue,77882784-0,LO CASTRO LOTE 6,OLMUÉ,77882784-0
__import__.7721505980C,EL KANELO SPA ,13 - Congelados Interior,77215059-8,BILBAO 1399,QUILPUÉ,77215059-8
__import__.7815172750C,EL MERCADITO SPA ,2 - Valparaiso C,78151727-5,EL SAUCE 311 NULL 8,VALPARAÍSO,78151727-5
__import__.7744772760C,EL QUILLOTANO SPA ,34 - Quillota / La Calera,77447727-6,MAIPU 237,QUILLOTA,77447727-6
__import__.7766792912C,EL TOMATICÓN SPA ,17 - Limache/Olmue,77667929-1,RIQUELME SN PARQUE BRASIL,LIMACHE,77667929-1
__export__.res_partner_65949_caa10eaa,ELABORACION DE ALIMENTOS GABRIEL VILCHES,19 - Tabolango - Papudo,78230626-K,LATORRE 24,VALPARAISO,78230626-K
__import__.77875925K1C,ELABORADORA DE HIELO GUILLERMO ARENAS ARRAU EIRL,18 - Los Andes/San Felipe,77875925-K,PEDRO AGUIRRE CERDA 211,LOS ANDES,77875925-K
__import__.1649953485C,ELGUETA CAMPOS LUIS ANDRÉS,35 - Recreo/Forestal,16499534-8,DEL AGUA 461 B,VIÑA DEL MAR,16499534-8
__import__.1649953484C,ELGUETA CAMPOS LUIS ANDRÉS,35 - Recreo/Forestal,16499534-8,DEL AGUA 461,VIÑA DEL MAR,16499534-8
__export__.res_partner_66124_45439b0c,ELIANA VICENCIO SEGOVIA,34 - Quillota / La Calera,8287659-6,RENE SHNIDER 84,VALPARAISO,8287659-6
__import__.7685661001C,EM. COM. ERIK MONTALVA DOMEDEL E.I.R.L ,13 - Congelados Interior,76856610-0,ELENA 2111 POB. SOL DEL PACIFICO,QUILPUÉ,76856610-0
__export__.res_partner_65088_0b13aa9e,EMBUTIDOS CON SABOR Y SAZÓN SPA,34 - Quillota / La Calera,77437306-3,AV 21 DE MAYO 35 LOCAL 7,QUILLOTA,77437306-3
__import__.672334920C,EMILIO ANTONIO ZARATE PLAZA ,18 - Los Andes/San Felipe,6723349-2,CHACAY 355B,LOS ANDES,6723349-2
__export__.res_partner_66073_a362d6f7,EMMA PINTO E HIJOS LTDA,16 - Especializado Litoral,77041130-0,ARTURO PHILLIPS 325,SANTO DOMINGO,77041130-0
__import__.7815840370C,EMPANADAS LUCIA SPA,35 - Recreo/Forestal,78158403-7,AV. VALPARAISO 1101,VIÑA DEL MAR,78158403-7
__import__.7698813601C,EMPORIO IBARRA Y VILLOUTA LTDA,35 - Recreo/Forestal,76988136-0,DIEGO PORTALES 1120 RECREO,VIÑA DEL MAR,76988136-0
__import__.7806814110C,EMPORIO JOSE DUVAL BARRAZA TAPIA E.I.R.L. ,18 - Los Andes/San Felipe,78068141-1,AV HERMANOS CARRERA ORIENTE 2061,SAN FELIPE,78068141-1
__export__.res_partner_65738_66b1661b,EMPORIOS SPA,19 - Tabolango - Papudo,78454845-7,LUIS CAUSIÑO 2892,QUINTERO,78454845-7
__import__.7756801560C,EMPRESA GASTRONOMICA ROBERT TAUSS E.I.R.L. ,17 - Limache/Olmue,77568015-6,GABRIELA MISTRAL 700 LT 2 B LA PALOMA,LIMACHE,77568015-6
__import__.390778331C,ENCARNACION VERDUGO CORA ,2 - Valparaiso C,3907783-3,HECTOR CALVO N° 193 CERRO BELLAVISTA,VALPARAÍSO,3907783-3
__import__.7801671650C,ENTRE B&C SPA ,13 - Congelados Interior,78016716-5,IGNACIO CARRERA PINTO 0202,VILLA ALEMANA,78016716-5
__export__.res_partner_65823_386c44bd,ENTRETENCIONES Y GESTIONES EN SALA DE POOL,17 - Limache/Olmue,16331212-3,JOSUE WADIGTON 1271,LIMACHE,16331212-3
__import__.1006491440C,ERAZO NAVARRO HECTOR ANTONIO ,17 - Limache/Olmue,10064914-4,PRAT 4952 SN,OLMUÉ,10064914-4
__export__.res_partner_65871_755b5524,ERIKA ALEJANDRA GUERRA CALDERON,34 - Quillota / La Calera,13764064-3,OHIGGINS 151,QUILLOTA,13764064-3
__import__.1933747780C,ESCALONA ESCALONA MONICA PAMELA ,13 - Congelados Interior,19337477-8,MARGA MARGA 1863,QUILPUÉ,19337477-8
__import__.1027454260C,ESCOBAR CIFUENTES MARCO ANTONIO ,34 - Quillota / La Calera,10274542-6,5 DE ABRIL 1920,LA CALERA,10274542-6
__import__.929522901C,ESCOBAR LEIVA GILBERTO ANTONIO ,8 - Santa Ines/Villa Hermosa,9295229-0,PASAJE LL-1 CASA 14 POB ROGIERS ACHUPALLAS PARADERO 10,VIÑA DEL MAR,9295229-0
__import__.943063100C,ESCOBAR TOLEDO ENRIQUE ALEJANDRO ,20 - HORECA,9430631-0,CALLE 7 NUM 721 CON CON,CONCÓN,9430631-0
__import__.1082027690C,ESCOBAR VERGARA LEILA GIOVANNA ,18 - Los Andes/San Felipe,10820276-9,CARLOS CONDELL 126,LOS ANDES,10820276-9
__import__.1458274261C,ESCOBAR VICENCIO IVAN FABRICIO,8 - Santa Ines/Villa Hermosa,14582742-6,BARCAZA MOREL 547 GLORIAS NAVALES,VIÑA DEL MAR,14582742-6
__import__.7687880300C,ESPACIO AGORA SPA,20 - HORECA,76878803-0,7 NORTE 553,VIÑA DEL MAR,76878803-0
__import__.1267051660C,ESPINA OLGUIN ELENA DEL PILAR ,19 - Tabolango - Papudo,12670516-6,IRARRAZABAL 55 LC 1 ET 1,PAPUDO,12670516-6
__import__.1245300080C,ESPINOZA MONRROY ROSA MARIA ,35 - Recreo/Forestal,12453000-8,ISLA CARMEN N°105 POB PUERTO AYSEN FORESLTAL,VIÑA DEL MAR,12453000-8
__import__.728270821C,ESPINOZA MUÑOZ CIRILO ARTURO ,8 - Santa Ines/Villa Hermosa,7282708-2,DEL ROBLE 3313,VIÑA DEL MAR,7282708-2
__import__.7799363920C,ESPINOZA MUÑOZ HNOS SPA ,35 - Recreo/Forestal,77993639-2,AV 21 DE MAYO 1210,VALPARAÍSO,77993639-2
__export__.res_partner_65166_38384552,ESPINOZA NARVAEZ CARLOS YERKO,35 - Recreo/Forestal,13877593-3,PLACILLA 950 B CERRO SAN JUAN DE DIOS,Valparaiso,13877593-3
__import__.597101681C,ESPINOZA ORTEGA NELSON EDUARDO ,2 - Valparaiso C,5971016-8,AVDA. RODELILLO 3860,VALPARAÍSO,5971016-8
__import__.1140078890C,ESPINOZA URBINA MARIA ALEJANDRA ,2 - Valparaiso C,11400788-9,POBLACION JOSE ARRIETA PASAJE GENERAL DEL CANTO 512,VALPARAÍSO,11400788-9
__import__.7982260020C,EST SABRONOMICO LTDA,2 - Valparaiso C,79822600-2,CONDELL 1403,VALPARAÍSO,79822600-2
__import__.7814485240C,ESTABLECIMIENTO DE COMIDA FRANCISCO JAVIER LAGOS MERINO E.I.R.L. ,8 - Santa Ines/Villa Hermosa,78144852-4,COLO COLO LT 525 F,VIÑA DEL MAR,78144852-4
__import__.7805947481C,ESTABLECIMIENTOS IGNACIO MONSALVES E.I.R.L. ,13 - Congelados Interior,78059474-8,MARIA MERCEDES 1280,VILLA ALEMANA,78059474-8
__import__.7708131231C,ESTABLECIMIENTOS LA NONNA SPA,17 - Limache/Olmue,77081312-3,CALLA 18 DE SEPTIEMBRE ESQUINA CONCORDANCIA 600,LIMACHE,77081312-3
__export__.res_partner_52974_97c236de,ESTABLECIMIENTOS PAVADAN SOC. COM.,17 - Limache/Olmue,76376510-5,PRAT 5132,OLMUÉ,76376510-5
__import__.1336315180C,ESTAY JORQUERA PAOLA DEL CARMEN ,18 - Los Andes/San Felipe,13363151-8,VENEZUELA 1096,SAN FELIPE,13363151-8
__export__.res_partner_66226_3b3879c3,EUGENIA ARACENA TAPIA,34 - Quillota / La Calera,10958844-K,ESMERALDA 547,VALPARAISO,10958844-K
__export__.res_partner_65870_6268bdb8,EUGENIO ANGEL BO CAMBRIA,34 - Quillota / La Calera,3909139-9,OHIGGINS 203,QUILLOTA,3909139-9
__import__.7752367280C,EUROMARKET SPA ,19 - Tabolango - Papudo,77523672-8,FERNANDEZ CONCHA DEPTO 271,PAPUDO,77523672-8
__import__.7670016140C,EVENTOS GASTRONOMICOS JOHANN RUPCICH E.I.R.L,35 - Recreo/Forestal,76700161-4,AV. ALVAREZ 2366,VIÑA DEL MAR,76700161-4
__export__.res_partner_64867_54366868,EVENTOS Y GASTRONOMIA AMBROSIO LTDA,20 - HORECA,76584866-0,5 NORTE 316 LOCAL 3 Y 4,VIÑA DEL MAR,76584866-0
__import__.7645970950C,"EVENTOS, COMERCIAL Y SERVICIOS VALERIA LAVEGNE E.I.R.L.",2 - Valparaiso C,76459709-5,BERNARDO O'HIGGINS 1282,VALPARAÍSO,76459709-5
__import__.7781610280C,EXPER SPA,20 - HORECA,77816102-8,5 NORTE 55,VIÑA DEL MAR,77816102-8
__export__.res_partner_65411_7b8e53b4,FABRICACIÓN DE PASTELES SECOS,34 - Quillota / La Calera,10384738-9,VILLA JAMAICA ALAMOS 68 LA CRUZ PARADERO 24,LA CRUZ,10384738-9
__import__.7780732771C,FAMILIA BOSQUEMAR SPA ,20 - HORECA,77807327-7,LAS ENCINAS 1390 LOCAL 6,CONCÓN,77807327-7
__import__.599824270C,FARIAS ABARCA JIMENA ,2 - Valparaiso C,5998242-7,PRINCIPAL S/N LAGUNA VERDE,VALPARAÍSO,5998242-7
__import__.1556140211C,FARIAS LEIVA CAROLINA ANDREA ,35 - Recreo/Forestal,15561402-1,WALKER 593,VIÑA DEL MAR,15561402-1
__import__.1045012141C,FARIAS OLIVARES SEGUNDO DAMIAN ,8 - Santa Ines/Villa Hermosa,10450121-4,LOS GERANIOS ESQ. PASAJE 3 MANZ E-65 PDO,VIÑA DEL MAR,10450121-4
__import__.1094316560C,FARIAS RIOS MARISOL JACQUELINE ,34 - Quillota / La Calera,10943165-6,VILLA HRNO BONIFACIO MARTINEZ PSJE MARCELINO CHAMPAGNAT 1702,QUILLOTA,10943165-6
__import__.7719670510C,FARO - EMPORIO SPA ,20 - HORECA,77196705-1,AV COSTA DE MONTEMAR 264,VIÑA DEL MAR,77196705-1
__import__.7686384381C,FAST FOOD & DELIVERY SPA ,17 - Limache/Olmue,76863843-8,ANDRES BELLO N°398 LOCAL B,LIMACHE,76863843-8
__export__.res_partner_66336_f696b858,FAUNDEZ JIMENEZ LUIS ADALBERTO,2 - Valparaiso C,13528614-1,CALLE FLORIDA N° 309 C° FLORIDA,VALPARAÍSO,13528614-1
__import__.970123181C,FEBRE BERRIOS MONICA ISABEL ,8 - Santa Ines/Villa Hermosa,9701231-8,SOBERANIA 1001 LOCAL G CANAL BEAGLE,VIÑA DEL MAR,9701231-8
__import__.775244720C,FELIPE JIMENEZ HERRERA SPA ,18 - Los Andes/San Felipe,77524472-0,"26 DE DICIEMBRE 690, SAN ESTEBAN",LOS ANDES,77524472-0
__import__.1072057050C,FERNANDEZ ARACENA FABIOLA GUACOLDA ,34 - Quillota / La Calera,10720570-5,FRANCISCO BILBAO 187,LA CRUZ,10720570-5
__import__.10039376K1C,FERNANDEZ CACERES ROXANA GERALDINE ,35 - Recreo/Forestal,10039376-K,AV VILLA MONTE 54 NUEVA AURORA,VIÑA DEL MAR,10039376-K
__import__.1194311230C,FERNANDEZ GONZALEZ ELIZABETH ALEJANDRA ,18 - Los Andes/San Felipe,11943112-3,CALLE NR 139,SAN FELIPE,11943112-3
__import__.1461083770C,FERNANDEZ HENRIQUEZ MARIO ANTONIO ,34 - Quillota / La Calera,14610837-7,CALLE FIESTAS PATRIAS 2044 VILLA LAS ARAUCARIAS,QUILLOTA,14610837-7
__import__.108872000C,FERNANDEZ PINEDA CARLOS HUMBERTO ,18 - Los Andes/San Felipe,10887200-4,CAM. INTERNACIONAL 706,LOS ANDES,10887200-4
__import__.789059641C,FERNANDEZ SALGADO OMAR DEL CARMEN ,13 - Congelados Interior,7890596-4,PJE VICENTE PEREZ 303 POBL.CAMILO MORI,VILLA ALEMANA,7890596-4
__import__.1079315971C,FERRADA FIERRO INGRID ,19 - Tabolango - Papudo,10793159-7,NUEVA MILENIO 38 COLMO,CONCÓN,10793159-7
__export__.res_partner_66091_ed65f70d,FERRADA GONZALEZ FERNANDO HECTOR ,16 - Especializado Litoral,10244016-1,ISIDORO DUBORNAIS 01279,EL QUISCO,10244016-1
__import__.1033934851C,FERRAND MARCONE SIDDHARTAN ALBERTO ,2 - Valparaiso C,10339348-5,DIEGO PORTALES 679 CERRO BARON,VALPARAÍSO,10339348-5
__import__.559570881C,FERREIRA TRONCHE EDGARDO GABRIEL ,20 - HORECA,5595708-8,LAS PIMPINELA 18 HIGUERILLAS,CONCÓN,5595708-8
__export__.res_partner_65929_ae8f7a3b,FIAMBRERIA Y QUESERIA KAROLA KAROLAY ANJHELINE JIMENEZ MONTENEGRO EIRL,34 - Quillota / La Calera,77255716-7,RAFAEL ARIZTIA 25 LOCAL 21 ESQ SARGENTO ALDEA,QUILLOTA,77255716-7
__import__.6622354K1C,FIGUEROA ARAYA ALFREDO ANTONIO ,2 - Valparaiso C,6622354-K,AV. ALEMANIA 7657 Cº MARIPOSA,VALPARAÍSO,6622354-K
__import__.15489652K0C,FIGUEROA LILLO JACQUELINE ALEJANDRA ,19 - Tabolango - Papudo,15489652-K,LUIS COUSIÑO 2944,QUINTERO,15489652-K
__import__.1255484311C,FIGUEROA NEIRA CLAUDIO ANTONIO ,8 - Santa Ines/Villa Hermosa,12554843-1,LOS LUNES 091 CANAL CHACAO,QUILPUÉ,12554843-1
__import__.870863481C,FIGUEROA PUCCIO CECILIA MAGALY ,8 - Santa Ines/Villa Hermosa,8708634-8,15 PONIENTE 5778 4TO SECTOR G. CARREÑO,VIÑA DEL MAR,8708634-8
__import__.884478160C,FIGUEROA TAPIA EUGENIO ANDRES ,19 - Tabolango - Papudo,8844781-6,CALLE CONSULADO HORCON 588,PUCHUNCAVÍ,8844781-6
__export__.res_partner_66225_52ae1b41,FLORENTINO CONCHA ASTUDILLO,34 - Quillota / La Calera,10353424-0,VICTORIA 55,VALPARAISO,10353424-0
__import__.8841425K1C,FLORES BASAEZ FERNANDO ARNOLDO ,13 - Congelados Interior,8841425-K,MANUEL ORTIZ DE ZARATE 2570 POB CAMILO MORI,VILLA ALEMANA,8841425-K
__import__.535214360C,FLORES FLORES MARCO ANTONIO ,2 - Valparaiso C,5352143-6,GUILLERMO BOMBERO LAWRENCE 712-716,VALPARAÍSO,5352143-6
__import__.810917570C,FLORES GAETE MARIA CRISTINA,20 - HORECA,8109175-7,AV BORGOÑO 25400,CONCÓN,8109175-7
__import__.916030981C,FLORES GONZALEZ LINA DEL TRANSITO ,17 - Limache/Olmue,9160309-8,AV. CONCEPCION 969 LOCAL B LIMACHE,LIMACHE,9160309-8
__import__.816291290C,FLORES GONZALEZ NELLY ESTER,20 - HORECA,8162912-9,7 ORIENTE # 1147,VIÑA DEL MAR,8162912-9
__import__.15728004K2C,FLORES GUTIERREZ PAULINA,13 - Congelados Interior,15728004-K,VETERANOS DEL 79  1259,VILLA ALEMANA,15728004-K
__import__.2203455210C,FLORES PAREDES DAVID ALEJANDRO ,2 - Valparaiso C,22034552-1,FDO CURAUMILLA PC. 50 LAGUNA VERDE,VALPARAÍSO,22034552-1
__import__.1780428150C,FLORES PARRA DIEGO ANDRE ,2 - Valparaiso C,17804281-5,CALLE LINARES 529 CERRO MERCED,VALPARAÍSO,17804281-5
__import__.847798062C,FLORES SALINAS MARIANELA DE LAS MERCEDER,20 - HORECA,8477980-6,SAN ANTONIO 1318,VIÑA DEL MAR,8477980-6
__import__.1354049340C,FLORES TORRES FERNANDO ENRIQUE ,34 - Quillota / La Calera,13540493-4,CALAFQUEN N° 2007 VILLA CASA PARQUE,LA CALERA,13540493-4
__import__.14459567K0C,FONSECA MUNOZ VICTOR HUGO ,2 - Valparaiso C,14459567-K,CAMINO AL FARO KM 1 LAGUNA VERDE,VALPARAÍSO,14459567-K
__import__.7768924910C,FOOD MUSIC SPA,20 - HORECA,77689249-1,BLANCA ESTELA 2095,CONCÓN,77689249-1
__export__.res_partner_52656_7831ce6f,FOOD TRUCK ARAYA Y QUIROZ LIMITADA,19 - Tabolango - Papudo,77800383-K,26 NOVIEMBRE DE 812 IRRAZABAL,PAPUDO,77800383-K
__import__.979978881C,FORNO DURAN FELIX MANUEL ,17 - Limache/Olmue,9799788-8,AV. GRANIZO 7277 PARD 36 OLMUE,OLMUÉ,9799788-8
__import__.7553843K0C,FORTUNATO JERIA GENOVEVA DEL CARMEN ,2 - Valparaiso C,7553843-K,PLAZUELA ECUADOR 612 VALPARAISO,VALPARAÍSO,7553843-K
__export__.res_partner_65850_9db1c3e9,FRESIA DE LAS MERCEDES DE LA HORRA,19 - Tabolango - Papudo,10251564-1,ARGENTINA 1079,VALPARAISO,10251564-1
__export__.res_partner_65866_1b162582,FREZ GALAZ MARCO ANTONIO,34 - Quillota / La Calera,11970881-8,LORCA 705,QUILLOTA,11970881-8
__import__.742210171C,FREZ VIDELA MARTA LIDIA ,8 - Santa Ines/Villa Hermosa,7422101-7,"POBLACION FREI 3 SECTOR N° 6, VILLA MIRAFLORES",VIÑA DEL MAR,7422101-7
__import__.15069857K1C,FRIAS DIAZ DEL ALDA JOCELYN ANDREA,20 - HORECA,15069857-K,"VON SCHROEDERS 273, LOCAL 10",VIÑA DEL MAR,15069857-K
__import__.15069857K3C,FRIAS DIAZ DEL ALDA JOCELYN ANDREA ,2 - Valparaiso C,15069857-K,CARLOS CORTEZ 64 PLAYA ANCHA,VALPARAÍSO,15069857-K
__import__.7717068350C,FRUTA Y VERDURA JORGE ANDRES PEREZ SUAREZ E.I.R.L. ,8 - Santa Ines/Villa Hermosa,77170683-5,CALLE 21 NORTE 1350,VIÑA DEL MAR,77170683-5
__import__.7734340180C,FRUTAS Y VERDURAS ALEVICE S.A. ,19 - Tabolango - Papudo,77343401-8,CAUSIÑO 2892,QUINTERO,77343401-8
__import__.7783168541C,FRUTERIA Y VERDULERIA MARIA VIRGINIA MARQUINA ALBORNOZ E.I.R.L. ,35 - Recreo/Forestal,77831685-4,BLANCA 749 755,VALPARAÍSO,77831685-4
__import__.77005012K0C,FUENTE DE SODA BERTA MARGARITA ORTEGA PINELA EIRL,20 - HORECA,77005012-K,AV BORGOÑO 25570 CON CON,CONCÓN,77005012-K
__export__.res_partner_52153_00f3fedd,FUENTE REÑACA GASTRONOMIA JUAN FELIPE CARTES BOMBALAS E.I.R.L.,20 - HORECA,78069628-1,AV.BORGOÑO 14873,VIÑA DEL MAR,78069628-1
__import__.13367666K1C,FUENZALIDA CERDA XIMENA KARINA ,13 - Congelados Interior,13367666-K,RIO TOLTEN  1601 POB. INGENIERO  HYATT,VILLA ALEMANA,13367666-K
__import__.7802091270C,FUERZADEVENTA SPA,13 - Congelados Interior,78020912-7,INFANTE 400 QUILPUE,QUILPUÉ,78020912-7
__import__.6524662570C,FUNDACIÓN DE SERVICIOS ,8 - Santa Ines/Villa Hermosa,65246625-7,TRONCAL ANTIGUO 1940 PASO HONDO,QUILPUÉ,65246625-7
__import__.7771335941C,G & C SPA ,8 - Santa Ines/Villa Hermosa,77713359-4,AUGUSTO DHALMAR #166 VILLA INDEPENDENCIA,VIÑA DEL MAR,77713359-4
__import__.7771335940C,G & C SPA ,8 - Santa Ines/Villa Hermosa,77713359-4,EDUARDO FREI MONTALVA 3862 SN,VIÑA DEL MAR,77713359-4
__import__.7645820221C,GABRIEL AYCINENA VILCHES BAR RESTAURANT EIRL,13 - Congelados Interior,76458202-0,CONDELL 89 C,VILLA ALEMANA,76458202-0
__import__.946713531C,GAETE BERNAL CARLOS URBANO ,19 - Tabolango - Papudo,9467135-3,CAMINO INTERNACIONAL INDEPENDENCIA SITIO 12 PARC 6,CONCÓN,9467135-3
__import__.1795457210C,GAETE OÑATE MANUEL ALEJANDRO ,17 - Limache/Olmue,17954572-1,VICTOR DOMINGO SILVA 2995,OLMUÉ,17954572-1
__import__.1424142441C,GAETE SAAVEDRA FANNY ELVIRA ,17 - Limache/Olmue,14241424-4,ANDRES BELLO 398 ESQ. EL BOLDO,LIMACHE,14241424-4
__import__.848387991C,GAETE SANDOVAL LUISA LUPERFINA ,17 - Limache/Olmue,8483879-9,AVENIDA EASTMAN 2504,OLMUÉ,8483879-9
__import__.367953441C,GAETE ZUÑIGA RITA E. ,8 - Santa Ines/Villa Hermosa,3679534-4,21 NORTE #1280 SANTA INES,VIÑA DEL MAR,3679534-4
__export__.res_partner_65026_bc3f1f71,GAJARDO DIAZ MARTINA BELEN,8 - Santa Ines/Villa Hermosa,21492028-K,LAGO ROSSELLOT 645 MIRADOR DE REÑACA,Viña Del Mar,21492028-K
__import__.15566455K0C,GALARCE SANCHEZ MANUEL ANTONIO ,19 - Tabolango - Papudo,15566455-K,ALONSO DE ERCILLA 20029 VILLA LOS H.,PAPUDO,15566455-K
__import__.14188106K0C,GALARCE SANCHEZ MISAEL JHOSUA ,19 - Tabolango - Papudo,14188106-K,LOS CHANGOS 1496,PAPUDO,14188106-K
__import__.810614321C,GALLARDO CORTES MARIA GENOVEVA ,2 - Valparaiso C,8106143-2,ARTILLERIA 214,VALPARAÍSO,8106143-2
__import__.1571820481C,GALLARDO ENCINA LORENA ESTER ,2 - Valparaiso C,15718204-8,AV STA MARIA 3196 LOCAL 3 POB AUGUSTO GUEVARA PYA ANCHA,VALPARAÍSO,15718204-8
__import__.1282499070C,GALLARDO MALDONADO ROZANA MACARENA ,17 - Limache/Olmue,12824990-7,LOS QUILLAYES 125 SECOR LOS HIDALGOS,VILLA ALEMANA,12824990-7
__import__.1425367491C,GALLARDO SALVADOR NALLADES PILAR ,13 - Congelados Interior,14253674-9,AV SEXTA 0499 FUENTES,VILLA ALEMANA,14253674-9
__import__.1336189880C,GALLARDO SANDOVAL EDUARDO CRISTOFER ,19 - Tabolango - Papudo,13361898-8,"WILLIAMS REBOLLEDO 591, ESQUINA SARGENTO ALDEA",PAPUDO,13361898-8
__export__.res_partner_65396_6da0fc43,GALVEZ PACHECO RUBEN ALAN,16 - Especializado Litoral,5573158-6,AV AMBROSIO O¨HIGGINS 1555,CURACAVI,5573158-6
__import__.1109316381C,GAMBOA ACUÑA MARIA CECILIA ,13 - Congelados Interior,11093163-8,DENEB 2600 TRONCOS VIEJOS,VILLA ALEMANA,11093163-8
__export__.res_partner_65159_a4d58136,GAMBOA GONZALEZ ISABEL DEL PILAR,2 - Valparaiso C,10668498-7,CALLE TENIENTE MERINO 1122 POBLACION ALMIRANTE LAT,Valparaiso,10668498-7
__export__.res_partner_65989_9a6c8ac4,GANADERA LOS ANGELES LTDA,19 - Tabolango - Papudo,77931610-6,PEDRO ALDUNATE 1458,VALPARAISO,77931610-6
__export__.res_partner_65497_d448694b,GANADERA MATIAS SPA,17 - Limache/Olmue,77102731-8,URMENETA 42 LIMACHE,LIMACHE,77102731-8
__export__.res_partner_53299_d98e1412,GANDARA CHILE S.A.,2 - Valparaiso C,94324000-0,"CERRO EL PLOMO 3729, PARQUE INDUSTRIAL CURAUMA, PL",Valparaiso,94324000-0
__import__.897172721C,GAONA RUBIO FRANCISCO JAVIER ,17 - Limache/Olmue,8971727-2,CALLE 18 DE SEPTIEMBRE 579 A1,LIMACHE,8971727-2
__import__.1173269770C,GARCIA HERRERA ANGELO ,2 - Valparaiso C,11732697-7,PRINCIPAL S / N LAGUNA VERDE,VALPARAÍSO,11732697-7
__import__.339918350C,GARFE JARUFE EDUARDO ATALA ,19 - Tabolango - Papudo,3399183-5,NORMANDIE 1893,QUINTERO,3399183-5
__import__.12624262K0C,GARRIDO LORCA TERESA ANGELINA ,35 - Recreo/Forestal,12624262-K,PUERTO DE PALOS 238 POBLACION CHILE,VALPARAÍSO,12624262-K
__import__.7706237310C,GAST SEBASTIAN SIMPSON MATELUNA EIRL,35 - Recreo/Forestal,77062373-1,PASAJE SAN LUIS 1084,VIÑA DEL MAR,77062373-1
__import__.7641080351C,GASTRONOMIA ANDRES ANTONIO CUNEO ROMO EI,35 - Recreo/Forestal,76410803-5,DIEGO PORTALES 1025 RECREO,VIÑA DEL MAR,76410803-5
__import__.7789344420C,GASTRONOMIA COSTA LIMEÑA SPA,20 - HORECA,77893444-2,CALLE VALPARAISO 553,VIÑA DEL MAR,77893444-2
__import__.7645618990C,GASTRONOMIA EL AJI SECO DEL MAR LIMITADA,20 - HORECA,76456189-9,CALLE 2 NORTE 130,VIÑA DEL MAR,76456189-9
__import__.7759353910C,GASTRONOMIA MAURICIO CASTILLO ROBLES E.I.R.L. ,8 - Santa Ines/Villa Hermosa,77593539-1,SALAZAR DE ATACAMA MZFST 5,VIÑA DEL MAR,77593539-1
__import__.7797388330C,GASTRONOMIA Y COMERCIALIZADORA LOS DELFINES LIMITADA,20 - HORECA,77973883-3,SAN PEDRO 325,CONCÓN,77973883-3
__import__.7816255580C,GASTRONOMIA Y COMERCIO PICA DEL LORO SPA,20 - HORECA,78162555-8,BORGOÑO 24230 LOCAL 1,CONCÓN,78162555-8
__import__.7687728350C,GASTRONOMIA YAFA KHALIL HAMLAWI E.I.R.L.,20 - HORECA,76877283-5,4 PONIENTE N° 412,VIÑA DEL MAR,76877283-5
__import__.7613685160C,GASTRONOMICA BUGA LTDA,20 - HORECA,76136851-6,AV. CENTRAL Nº 85 REÑACA,VIÑA DEL MAR,76136851-6
__import__.7660276790C,GASTRONOMICA DELAMARI,20 - HORECA,76602767-9,AV BORGOÑO 17150 OCHOA,CONCÓN,76602767-9
__import__.7647444540C,GASTRONOMICA HORCON LIMITADA ,19 - Tabolango - Papudo,76474445-4,CALLE PRINCIPAL 22,PUCHUNCAVÍ,76474445-4
__import__.7727667931C,GASTRONÓMICA ANGLO ITÁLICA SPA,20 - HORECA,77276679-3,7 NORTE 469 POBLACIÒN VERGARA (KOMBI STORE),VIÑA DEL MAR,77276679-3
__import__.8800471K0C,GATICA ESCOBAR ROBERTO EDUARDO,35 - Recreo/Forestal,8800471-K,PHILLIPI 617 LOCAL 15,VALPARAÍSO,8800471-K
__import__.1578335100C,GAVILA SALGADO RODRIGO ANDRES GUILLERMO ,18 - Los Andes/San Felipe,15783351-0,YUNGAY 911 LOCAL 2,SAN FELIPE,15783351-0
__import__.7795290020C,GENARO HERRERA HERNANDEZ Y CIA LIMITADA ,34 - Quillota / La Calera,77952900-2,AV ALCALDE ALONSO ZUMAETA 1675,LA CALERA,77952900-2
__import__.1675516960C,GLUSCEVIC OPAZO NICOLAS MILENKO,20 - HORECA,16755169-6,SAN ANTONIO 1224,VIÑA DEL MAR,16755169-6
__import__.1657422491C,GODOY ARAYA DENNY ALEXIS,8 - Santa Ines/Villa Hermosa,16574224-9,AV CARDENAL SAMORE 1920 LT 42 VILLA DULCE NORTE,VIÑA DEL MAR,16574224-9
__export__.res_partner_65841_d9e2931e,GODOY MARIANA PAOLA,34 - Quillota / La Calera,26582515-K,GERMAN RIESCO 312,QUILLOTA,26582515-K
__import__.16216743K1C,GOMEZ CAMPOS MELINA SOLEDAD ,17 - Limache/Olmue,16216743-K,AV LO NARVAEZ N° 6131,OLMUÉ,16216743-K
__import__.1319573860C,GOMEZ HERNANDEZ SOFIA DEL CARMEN ,16 - Especializado Litoral,13195738-6,AV TTE LUIS CRUZ MARTINEZ 130 SEC 2,SAN ANTONIO,13195738-6
__import__.1120851060C,GOMEZ NUNEZ MARIANELA ,2 - Valparaiso C,11208510-6,CAMINO ANTIGUO LAS DOCAS P 1144,VALPARAÍSO,11208510-6
__import__.1555954261C,GONZALEZ AEDO CATHERINE RUBY ,35 - Recreo/Forestal,15559542-6,POBL CARDENAL CARO CALLE LAS ROSAS N°2 CHORRILLOS,VIÑA DEL MAR,15559542-6
__import__.1302423751C,GONZALEZ AHUMADA LAUTARO ALEJANDRO ,2 - Valparaiso C,13024237-5,AV RODELILLO 3900,VALPARAÍSO,13024237-5
__import__.1173468031C,GONZALEZ ARAVENA BLANCA PAMELA ,17 - Limache/Olmue,11734680-3,BAQUEDANO 5711 LO NARVAEZ,OLMUÉ,11734680-3
__import__.1652319531C,GONZALEZ ARAVENA LEONARDO,17 - Limache/Olmue,16523195-3,BAQUEDANO 5711 LOCAL 5,OLMUÉ,16523195-3
__import__.1319410561C,GONZALEZ ASTORGA MARCOS IVAN ,8 - Santa Ines/Villa Hermosa,13194105-6,AVDA CONCON 1730 STA INES,VIÑA DEL MAR,13194105-6
__import__.1623190430C,GONZALEZ BUSTAMANTE ESTRELLA NOHEMI ,2 - Valparaiso C,16231904-3,ESPAÑA N°243 PLACILLA ORIENTE,VALPARAÍSO,16231904-3
__import__.1509972831C,GONZALEZ FIGUEROA ELIZABETH PAULINA ,13 - Congelados Interior,15099728-3,INHEN 612 POB SUBERCASEUX,QUILPUÉ,15099728-3
__import__.1343181471C,GONZALEZ GLAVICH EDUARDO LORENZO ,2 - Valparaiso C,13431814-7,MARTINEZ CRUZ 147 PLACILLA ORIENTE,VALPARAÍSO,13431814-7
__import__.2581427641C,GONZALEZ GUERRA WILLIAN CESAR ,35 - Recreo/Forestal,25814276-4,AV VILLA MONTE N° 31,VIÑA DEL MAR,25814276-4
__import__.1194333390C,GONZALEZ HERRERA JORGE ANTONIO ,18 - Los Andes/San Felipe,11943333-9,ABRAHAM AHUMADA 19,SAN FELIPE,11943333-9
__import__.1251953501C,GONZALEZ JARAMILLO SARA ANDREA ,35 - Recreo/Forestal,12519535-0,CALLE OJOS DEL SALADO 212 FORESTAL ALTO,VIÑA DEL MAR,12519535-0
__import__.846737491C,GONZALEZ LEIVA ROSA ELENA ,13 - Congelados Interior,8467374-9,LOS ALGARROBOS 556,VILLA ALEMANA,8467374-9
__import__.646166251C,GONZALEZ MENA LUISA DEL CARMEN ,13 - Congelados Interior,6461662-5,VICUÑA MACKENNA 896,QUILPUÉ,6461662-5
__import__.1295609081C,GONZALEZ OSORIO ANDRES ALEXIS ,8 - Santa Ines/Villa Hermosa,12956090-8,LOS GERANIOS 219,VIÑA DEL MAR,12956090-8
__import__.871695880C,GONZALEZ OYARZUN LUIS EDUARDO,8 - Santa Ines/Villa Hermosa,8716958-8,PASAJE ANTONIO ROSAS 187 CON CARDENAL SAMORE VILLA DULCE,VIÑA DEL MAR,8716958-8
__import__.1140182441C,GONZALEZ SALINAS JESSICA LORENA ,13 - Congelados Interior,11401824-4,SALVADOR REYES 1172 POB JORGE TELIIER,VILLA ALEMANA,11401824-4
__import__.825042061C,GONZALEZ SANTA MARIA MARCIA IRENE ,8 - Santa Ines/Villa Hermosa,8250420-6,AVENIDA GOMEZ CARREÑO 3063 5 SECTOR GOMEZ CARREÑO,VIÑA DEL MAR,8250420-6
__import__.1924223101C,GONZALEZ VASQUEZ NICOLAS ISAAC ,17 - Limache/Olmue,19242231-0,CALLE VILLA ALEMANA 15,LIMACHE,19242231-0
__import__.103612030C,GONZALEZ VERDUGO ANGEL MUDESTO ,35 - Recreo/Forestal,10361203-9,PJE LLANQUIHUE 8 V BERLIN,VALPARAÍSO,10361203-9
__import__.5200411170C,GORDON FISH SPA ,2 - Valparaiso C,52004111-7,ARTURO PRAT 160 PLACILLA ORIENTE,VALPARAÍSO,52004111-7
__import__.1343186271C,GRES MARAMBIO JARA PAULA ARIELA ,2 - Valparaiso C,13431862-7,LOMAS DE LA LUZ 1045,VALPARAÍSO,13431862-7
__import__.7613339331C,GROUPMARKET LIMITADA ,2 - Valparaiso C,76133393-3,PJE LAS LAURENTINAS 999 PLACILLA,VALPARAÍSO,76133393-3
__export__.res_partner_65366_9a757155,GRUPO CAIG SPA,8 - Santa Ines/Villa Hermosa,78220529-3,"CALLE SAU SAU 471, SANTA JULIA",VIÑA DEL MAR,78220529-3
__import__.7734620970C,GRUPO ISLA SPA,20 - HORECA,77346209-7,BORGOÑO 17090 COCHOA,VIÑA DEL MAR,77346209-7
__export__.res_partner_52911_455f60fd,GRUPO LOOPS SPA,20 - HORECA,78268995-9,AVENIDA CONCON REÑACA 263 LOCAL 15,CON CON,78268995-9
__import__.7802271760C,GUARAPO SPA,20 - HORECA,78022717-6,2 ORIENTE 1366 A65,VIÑA DEL MAR,78022717-6
__export__.res_partner_66181_224b52d4,GUARIN MONTANEZ GERSON,34 - Quillota / La Calera,27079780-6,ROMELIO URETA 1161,QUILLOTA,27079780-6
__import__.850896411C,GUERRA JELVEZ NURY  ELENA ,13 - Congelados Interior,8508964-1,VOLCAN MICHIMAHUIND 2638 LOS PINOS,QUILPUÉ,8508964-1
__import__.5465541K0C,GUERRA LEIVA ERIKA RAMONA ,19 - Tabolango - Papudo,5465541-K,ESMERALDA 204,PAPUDO,5465541-K
__import__.753765961C,GUERRA VALENZUELA JUAN CARLOS ,17 - Limache/Olmue,7537659-6,AVDA. URMENETA 4-B,LIMACHE,7537659-6
__import__.1205254334C,GUERRERO CABRERA LORENZO ALBERTO ,8 - Santa Ines/Villa Hermosa,12052543-3,"AV PRESIDENTE EDUARDO FREI MONTALVA 3571 LOCAL 6, MIRAFLORES ALTO",VIÑA DEL MAR,12052543-3
__import__.1205254331C,GUERRERO CABRERA LORENZO ALBERTO ,8 - Santa Ines/Villa Hermosa,12052543-3,QUILPUE Nº 1418 MIRAFLORES ALTO,VIÑA DEL MAR,12052543-3
__import__.1570336380C,GUERRERO NUNEZ SOLEDAD DEL CARMEN ,19 - Tabolango - Papudo,15703363-8,SANTA ROSA 44 COLMO,COLMO,15703363-8
__import__.660931310C,GUERRERO REYES CARMEN GLORIA ,18 - Los Andes/San Felipe,6609313-1,PASAJE ERMITA 290 ESQ USPALLATA  V CRISTO REDENTOR,LOS ANDES,6609313-1
__export__.res_partner_65382_de03d65e,GUERREROS SPA ,8 - Santa Ines/Villa Hermosa,78267219-3,"CALLE LIMACHE 4855, EL SALTO",VIÑA DEL MAR ,78267219-3
__import__.10466699K0C,GUTIERREZ ALARCON CHRISTIAN ANDRES ,2 - Valparaiso C,10466699-K,NALCAS ESQUINA UNIVERSIDAD PUCV,VALPARAÍSO,10466699-K
__import__.1215049361C,GUTIERREZ CORRAL PAOLA VALESKA ,13 - Congelados Interior,12150493-6,SEGUNDA LINEA 2501 TRONCOS VIEJOS,VILLA ALEMANA,12150493-6
__import__.1272906522C,GUTIERREZ GUTIERREZ MIRTA ELIANA ,20 - HORECA,12729065-2,"LAS ROSAS PONIENTE 718, LAS GAVIOTAS",CONCÓN,12729065-2
__import__.934923581C,GUTIERREZ MONTECINO MARISOL ADRIANA ,13 - Congelados Interior,9349235-8,MADRID 1242,VILLA ALEMANA,9349235-8
__import__.1398201500C,GUTIERREZ NIETO ITALO HENRY ,18 - Los Andes/San Felipe,13982015-0,RIGIDORA DISSOLINA ROJAS V E 320 IV ETAPA,LOS ANDES,13982015-0
__import__.758283300C,GUTIERREZ VERGARA EDUARDO SANTIAGO ,34 - Quillota / La Calera,7582833-0,DIEGO LILLO 329,LA CALERA,7582833-0
__import__.11176400K0C,GUTIERREZ VILLALOBOS TATIANA DEL CARMEN ,13 - Congelados Interior,11176400-K,DE LA LOMA 2638 OJOS DE AGUA,VILLA ALEMANA,11176400-K
__import__.1053558151C,GUZMAN GONZALEZ JUANA,17 - Limache/Olmue,10535581-5,AV. LINCOIN 5741 ESQUINA CANCHA POBLACIO,OLMUÉ,10535581-5
__import__.1443665301C,GUZMAN GUZMAN CARLOS EDUARDO ,13 - Congelados Interior,14436653-0,VOLCAN LASCAS 0740 A CASAS DE RUMIE,VILLA ALEMANA,14436653-0
__import__.693216821C,GUZMAN HOCANZON ROSA ,8 - Santa Ines/Villa Hermosa,6932168-2,INDIA 1088 VILLA HERMOSA,VIÑA DEL MAR,6932168-2
__import__.1385608561C,GUZMAN MEDINA MICHAEL JAVIER ,13 - Congelados Interior,13856085-6,GOMEZ CAREÑO Nº 136 BELLOTO,QUILPUÉ,13856085-6
__import__.1115831880C,GUZMAN NEIRA JULIA ,8 - Santa Ines/Villa Hermosa,11158318-8,AV PRINCIPAL 74 LOMAS LAS TORRES ACHUPALLAS,VIÑA DEL MAR,11158318-8
__import__.1318797330C,GUZMAN TAPIA MARCO AURELIO ,34 - Quillota / La Calera,13187973-3,AV SANTA CRUZ 498,LA CRUZ,13187973-3
__import__.8024682K1C,HAEFELE MOURAS ALEJANDRO ,35 - Recreo/Forestal,8024682-K,"CALLE AMUNATEGUI 1898, ESQUINA AMUNATEGUI CON J.J. LATORRE RECREO",VIÑA DEL MAR,8024682-K
__import__.1260893680C,HALTY GUTIERREZ CECILIA SONIA,13 - Congelados Interior,12608936-8,LOS CARRERAS 690,QUILPUÉ,12608936-8
__import__.7686668571C,HECTOR GUILLERMO OLIVARES ARAVENA EIRL ,13 - Congelados Interior,76866685-7,HAYTT 2558 TENIENTE SERRANO,QUILPUÉ,76866685-7
__import__.7676883690C,HELADOS YORK LIMITADA ,2 - Valparaiso C,76768836-9,LEBARRE 779 PLAYA ANCHA,VALPARAÍSO,76768836-9
__import__.1365153221C,HENRIQUEZ MONTECINO PATRICIA SOLEDAD ,13 - Congelados Interior,13651532-2,TRONCOS VIEJOS 844,QUILPUÉ,13651532-2
__export__.res_partner_66103_bfc45abd,HERMANOS ARAYA ROJAS Y COMPANIA LIMITADA,16 - Especializado Litoral,77163060-K,AV SAN MARCOS 771,EL TABO,77163060-K
__export__.res_partner_66079_304cf0e4,HERMANOS CATALAN LIMITADA,16 - Especializado Litoral,77210945-8,CAMINO ALGARROBO MIRASOL 1925 LT 4B,SAN ANTONIO,77210945-8
__import__.313903620C,HERMOSILLA VILLAR IRMA,35 - Recreo/Forestal,3139036-2,AV. MILAN 660 POBL LAS BRISAS CERRO LAS COLINAS,VIÑA DEL MAR,3139036-2
__import__.7657720951C,HERNAN LYNCH CARDENAS PANADERIA Y PASTELERIA E.I.R.L.,20 - HORECA,76577209-5,GASTON HAMEI NIETO 522,CONCÓN,76577209-5
__import__.7657720950C,HERNAN LYNCH CARDENAS PANADERIA Y PASTELERIA E.I.R.L.,20 - HORECA,76577209-5,7 NORTE 519,VIÑA DEL MAR,76577209-5
__import__.9979271K1C,HERNANDEZ ARAYA RUTH ,2 - Valparaiso C,9979271-K,TENIENTE PINTO 196 CERRO MARIPOSA,VALPARAÍSO,9979271-K
__import__.1050484750C,HERNANDEZ ESCOBAR MARTA IRENE DEL TRANSITO,8 - Santa Ines/Villa Hermosa,10504847-5,GRANEROS 191 OLIVAR,VIÑA DEL MAR,10504847-5
__import__.1555983520C,HERNANDEZ LOPEZ REBECA EDITH ,20 - HORECA,15559835-2,"EL BOSQUE PONIENTE 21 POB.LAS GAVIOTAS, CON-CON",CONCÓN,15559835-2
__import__.794914030C,HERNANDEZ NAVARRETE ROSA IRELDA,20 - HORECA,7949140-3,AV MAGALLANS S/N COSTADO ( KIOSCO A CONTINUACIÓN DEL SANTA ISABEL),CONCÓN,7949140-3
__export__.res_partner_65378_6579008c,HERNANDEZ SANHUEZA GUILLERMINA DEL CARME ,8 - Santa Ines/Villa Hermosa,9417335-3,AV. EL TAMARUGAL 1585 OLIVAR,VIÑA DEL MAR,9417335-3
__import__.944069272C,HERNANDEZ SOTO ROSA,8 - Santa Ines/Villa Hermosa,9440692-7,AV STA JULIA 2 DEL LOTE 8 MANZANA F SANTA JULIA,VIÑA DEL MAR,9440692-7
__import__.6624878K1C,HERNANDEZ VARGAS CARLOS ENRIQUE ,35 - Recreo/Forestal,6624878-K,ROGELIO ASTUDILLO N°54 B LAS PALMAS FORESTAL,VIÑA DEL MAR,6624878-K
__export__.res_partner_66078_b56cf0fc,HERNANDEZ VERA CELIA MARGARITA,16 - Especializado Litoral,8983859-2,AV. TENIENTE LUIS CRUZ MARTINEZ S/N SITIO 13,SANTO DOMINGO,8983859-2
__export__.res_partner_52933_35d3bf54,HERRERA CANTELLANO ENRIQUE JAVIER ,18 - Los Andes/San Felipe,10044717-7,"AV. ALESSANDRI 383, SAN ESTEBAN",Los andes,10044717-7
__import__.1575379541C,HERRERA GIACAMAN SABRINA  FERNANDA,2 - Valparaiso C,15753795-4,AV PLAYA ANCHA 66,VALPARAÍSO,15753795-4
__import__.1823576342C,HERRERA MUNOZ KARLA ALEJANDRA,8 - Santa Ines/Villa Hermosa,18235763-4,LAGO PUYEHUE 1 MANZANA 3 PARADERO 11 REÑACA ALTO,VIÑA DEL MAR,18235763-4
__import__.1428019811C,HERRERA NUÑEZ JOSE ,8 - Santa Ines/Villa Hermosa,14280198-1,LAGO VILLARRICA #895 LOCAL 12 MIRADOR RE,VIÑA DEL MAR,14280198-1
__import__.952980790C,HERRERA SALAZAR NELLY ISABEL ,19 - Tabolango - Papudo,9529807-9,EUSEBILLO LILLO 39 POB EL MIRADOR,QUINTERO,9529807-9
__import__.1053564390C,HIDALGO PEÑA ELIZABETH GEORGINA,35 - Recreo/Forestal,10535643-9,GUILLERMO ERRAZURRIZ N° 195 C° ESPERANZA,VALPARAÍSO,10535643-9
__import__.1067510050C,HIDALGO SAAVEDRA PAOLA XIMENA,20 - HORECA,10675100-5,5 NORTE 399,VIÑA DEL MAR,10675100-5
__import__.7753665241C,HOCHFAERBER SPA ,2 - Valparaiso C,77536652-4,ACEVEDO 102,VALPARAÍSO,77536652-4
__import__.7822945630C,HORIZONTE SPA,20 - HORECA,78229456-3,1 PONIENTE. # 1008,VIÑA DEL MAR,78229456-3
__import__.7859530021C,HOSTERIA EL COPIHUE LTDA. ,17 - Limache/Olmue,78595300-2,DIEGO PORTALES 2203,OLMUÉ,78595300-2
__import__.7766315070C,HOTELERA DIEGO DE ALMAGRO LTDA.,2 - Valparaiso C,77663150-7,CALLE MOLINA 76,VALPARAÍSO,77663150-7
__import__.7756200050C,HOTELERA HOLANDA LTDA,20 - HORECA,77562000-5,01 NORTE 221,VIÑA DEL MAR,77562000-5
__import__.2502924650C,HOYOS FRANCO CARLOS ALBERTO ,34 - Quillota / La Calera,25029246-5,AV HERMANO FERNANDO DE LA FUENTE N°1853 POB BONIFACIO QUILLOTA,QUILLOTA,25029246-5
__import__.1290408741C,HUANCHULI HUANCHULI OSCAR OMAR ,13 - Congelados Interior,12904087-4,NUEVO HORIZONTE 19900,QUILPUÉ,12904087-4
__import__.1504912740C,HUERTA FIERRO SANDRA INES ,19 - Tabolango - Papudo,15049127-4,CAMINO CHILECAUQUEN 2 SITIO 2,QUINTERO,15049127-4
__import__.941206320C,IBACACHE PONCE HILDA MERCEDES ,19 - Tabolango - Papudo,9412063-2,LOS LIRIOS VALLE ALEGRE SITIO 2 S/N,QUINTERO,9412063-2
__import__.1319330881C,IBACETA ROJAS ANGELINA ANDREA ,8 - Santa Ines/Villa Hermosa,13193308-8,LA PARVA 677 PARADERO 3 1/3 ACHUPALLAS,VIÑA DEL MAR,13193308-8
__import__.1295652761C,IBACETA TORRES ALEJANDRO ,8 - Santa Ines/Villa Hermosa,12956527-6,AVDA GOMEZ CARREÑO 3352 LOCAL 5 QUINTO SECTOR,VIÑA DEL MAR,12956527-6
__import__.1131353010C,IBACETA VILLARROEL MARIA ALEJANDRA ,18 - Los Andes/San Felipe,11313530-1,AVENIDA ARGENTINA 201,LOS ANDES,11313530-1
__export__.res_partner_65043_939a00d5,IBANEZ CALDERON CYNTHIA PAOLA,13 - Congelados Interior,11848358-8,FLORENCIA # 1810 EL RETIRO QUILPUÉ,QUILPUE,11848358-8
__import__.1284838451C,IBAÑEZ TORO REINIER ,2 - Valparaiso C,12848384-5,AV BERNANDO O HIGGINS 1611 SAN ROQUE,VALPARAÍSO,12848384-5
__import__.7708039691C,IGOR MARTINEZ LIMITADA ,13 - Congelados Interior,77080396-9,AV EL BELLOTO N° 782-B BTO NORTE,QUILPUÉ,77080396-9
__import__.2245036950C,ILIANA HUJAMI,20 - HORECA,22450369-5,AV VALPARAISO 140,VALPARAÍSO,22450369-5
__import__.1343000861C,ILLANES GARCIA GERALDINE PATRICIA ,2 - Valparaiso C,13430008-6,RAMEDITAS 1311 CERRO RAMADITAS,VALPARAÍSO,13430008-6
__import__.7748477662C,IMPORTADORA AERORGV SPA,13 - Congelados Interior,77484776-6,MATURANA 28,VILLA ALEMANA,77484776-6
__import__.7665007060C,IMPORTADORA PURO CAFE,20 - HORECA,76650070-6,"CAMINO INTERNACIONAL 2440, LOCAL E 19",VIÑA DEL MAR,76650070-6
__import__.7658748741C,IMPORTADORA Y EXPORTADORA CAI & YINGXIA ,8 - Santa Ines/Villa Hermosa,76587487-4,LOS CARRERA 2715 CANAL CHACAO,QUILPUÉ,76587487-4
__import__.7762708490C,IMPORTADORA Y EXPORTADORA VOLKMAN SPA,20 - HORECA,77627084-9,AV VALPARAISO 553 LOCAL 34,VIÑA DEL MAR,77627084-9
__import__.7764514521C,IMPORTADOS SPA ,2 - Valparaiso C,77645145-2,FRANCIA 574,VALPARAÍSO,77645145-2
__export__.res_partner_52871_550f8e30,"INMOBILIARIA, INVERSIONES Y ASESORÍAS MFJ SPA",35 - Recreo/Forestal,78024058-K,AV ESPAÑA 2171,VALPARAÍSO,78024058-K
__import__.1257566701C,INOSTROZA NAVIA CANDIDA VALENTINA,20 - HORECA,12575667-0,ARLEGUI 637 LOCAL 6,VIÑA DEL MAR,12575667-0
__import__.15762945K1C,INOSTROZA PEREZ GISSELLA DEL PILAR,13 - Congelados Interior,15762945-K,PARGUA 705 EL OASIS BELLOTO NORTE,QUILPUÉ,15762945-K
__import__.985954491C,INOSTROZA SEGUEL JUAN CARLOS ,13 - Congelados Interior,9859544-9,AV FREIRE 918-A BELLOTO CENTRO,QUILPUÉ,9859544-9
__import__.7783076770C,INSPIRA KIDS SPA,20 - HORECA,77830767-7,VILLARRICA 1010 LOS PINOS,VIÑA DEL MAR,77830767-7
__export__.res_partner_52677_1b2d1284,INVERSIONES ALARCON CASTILLO SPA,8 - Santa Ines/Villa Hermosa,78005989-3,GÓMEZ CARREÑO 3352 LC8,VIÑA DEL MAR,78005989-3
__import__.7793126580C,INVERSIONES ALISTE LIMITADA,20 - HORECA,77931265-8,PLAYA EL SOL MUELLE VERGARA,VIÑA DEL MAR,77931265-8
__export__.res_partner_52695_3c1f4f11,INVERSIONES ALTO LOS ALERCES SPA,19 - Tabolango - Papudo,77378206-7,AV EL BOSQUE 2483 LONCURA FRENTE LOS MAITENES,QUINTERO,77378206-7
__import__.7742378520C,INVERSIONES AUSTRAL SPA ,20 - HORECA,77423785-2,San Agustín 779 L1,CONCÓN,77423785-2
__import__.7764452900C,INVERSIONES CARIBEAN SPA ,35 - Recreo/Forestal,77644529-0,BARBARA 2289 PLACERES,VALPARAÍSO,77644529-0
__import__.76976299K0C,INVERSIONES CHANGPING SPA,20 - HORECA,76976299-K,9 NORTE 922,VIÑA DEL MAR,76976299-K
__import__.7633622720C,INVERSIONES CHAU HERMANOS LIMITADA,20 - HORECA,76336227-2,LOS MANANTIALES 955 LOCAL 107 B,CONCÓN,76336227-2
__export__.res_partner_64858_a50d68c1,INVERSIONES CMC SPA,35 - Recreo/Forestal,77541777-3,SIMON BOLIVAR 316,VIÑA DEL MAR,77541777-3
__export__.res_partner_65827_fd07424e,INVERSIONES CRUZ DE MOTUPE LIMITADA,35 - Recreo/Forestal,76634666-9,CALLE ARLEGUI 863,VIÑA DEL MAR,76634666-9
__export__.res_partner_65666_047db913,INVERSIONES DEL ALTO SPA,20 - HORECA,78412323-5,AV CONCON REÑACA 4751 L1,CONCON,78412323-5
__export__.res_partner_65529_23b28d36,INVERSIONES E INMOBILIARIA SANTA MONICA SPA ,20 - HORECA,99530080-K,AV.BORGOÑO 15588 LOC 2 REÑACA,VIÑA DEL MAR,99530080-K
__export__.res_partner_53043_85fb63c7,INVERSIONES GASTRONOMICAS Y EVENTOS GARDILCIC HERMANOS LIMITADA,20 - HORECA,76528945-9,6 PONIENTE 150 LOCAL 6-7,VIÑA DEL MAR,76528945-9
__export__.res_partner_53042_b176e5d8,INVERSIONES GASTRONOMICAS Y EVENTOS GARDILCIC HERMANOS LIMITADA,20 - HORECA,76528945-9,BORGOÑO 13957 LOCAL 3,REÑACA,76528945-9
__import__.7783494690C,INVERSIONES GASTRONOMÍCAS HM SPA ,2 - Valparaiso C,77834946-9,AV BRASIL 2951 P A CERDA,VALPARAÍSO,77834946-9
__import__.7726102971C,INVERSIONES GONZALEZ CASTILLO SPA ,35 - Recreo/Forestal,77261029-7,AV MATTA 2189 LOCAL 2 CERRO PLACERES,VALPARAÍSO,77261029-7
__import__.7646010250C,INVERSIONES GONZALO GUERRERO SPA,20 - HORECA,76460102-5,12 NORTE 750 VERGARA,VIÑA DEL MAR,76460102-5
__export__.res_partner_53066_e00ec4e5,INVERSIONES HCPJ SPA,17 - Limache/Olmue,78358439-5,AV.CONCEPCION 969,Limache,78358439-5
__import__.7713478432C,INVERSIONES HENRIQUEZ P SPA ,2 - Valparaiso C,77134784-3,AV ERRAZURIZ 798,VALPARAÍSO,77134784-3
__export__.res_partner_52291_c2aa4f9a,INVERSIONES IBACETA CANCINO SPA,17 - Limache/Olmue,78296033-4,CONCEPCIÓN 960,Limache,78296033-4
__import__.7719799980C,INVERSIONES LOLEY SPA ,35 - Recreo/Forestal,77197999-8,TOLSON 295 LOCAL 4,VALPARAÍSO,77197999-8
__import__.7786042131C,INVERSIONES LOS ALANIS SPA ,2 - Valparaiso C,77860421-3,INDEPENDENCIA 1919 1929,VALPARAÍSO,77860421-3
__export__.res_partner_63526_44dbb91f,INVERSIONES LOS LOPEZ SPA,8 - Santa Ines/Villa Hermosa,78352851-7,AVENIDA GOMEZ CARREÑO 4245,VIÑA DEL MAR,78352851-7
__export__.res_partner_65066_fc0bac7f,INVERSIONES OCHO DE ABRIL SPA,20 - HORECA,78455718-9,5 NORTE 453,VIÑA DEL MAR,78455718-9
__import__.7628083310C,INVERSIONES OLMUE SPA,20 - HORECA,76280833-1,OCHO NORTE 65,VIÑA DEL MAR,76280833-1
__import__.7788625491C,INVERSIONES OTTONE CORTES SPA,20 - HORECA,77886254-9,AV CONCON REÑACA 47 LOCAL 1,CONCÓN,77886254-9
__import__.7787660940C,INVERSIONES SAN MARCO SPA ,8 - Santa Ines/Villa Hermosa,77876609-4,AV GOMEZ CARREÑO 3683 GOMEZ CARREÑO,VIÑA DEL MAR,77876609-4
__export__.res_partner_66076_6c2790d8,INVERSIONES SENORA ISABEL LIMITADA,16 - Especializado Litoral,76340813-2,AV MIRASOL 571,ALGARROBO,76340813-2
__export__.res_partner_66075_c47ab2b2,INVERSIONES SENORA ISABEL LIMITADA,16 - Especializado Litoral,76340813-2,AVDA LAS BRISAS S/N LOCAL 11,SANTO DOMINGO,76340813-2
__import__.7753314610C,INVERSIONES SUAREZ MUÑOZ LIMITADA ,2 - Valparaiso C,77533146-1,COLON 1885,VALPARAÍSO,77533146-1
__export__.res_partner_52697_c1bf0a12,INVERSIONES T.A. SPA,20 - HORECA,78178206-8,AV CONCON REÑACA 205,Concon,78178206-8
__import__.7793392700C,INVERSIONES Y ASESORÍAS GASTRONÓMICAS HERMANAS SPA ,13 - Congelados Interior,77933927-0,VALPARAISO 824 LOC 3,VILLA ALEMANA,77933927-0
__import__.7729505350C,INVERSIONES Y GASTRONOMIA NOEL SPA,20 - HORECA,77295053-5,2 PONIENTE 420,VIÑA DEL MAR,77295053-5
__import__.7781858730C,INVERSIONES Y SERVICIOS ALIMENTICIOS DE LA COSTA LIMITADA,20 - HORECA,77818587-3,14 NORTE 541,VIÑA DEL MAR,77818587-3
__export__.res_partner_53154_4c08acba,INVERSIONES Y SERVICIOS ALIMENTICIOS EURO LIMITADA,20 - HORECA,77868930-8,AV VALPARAISO 340,VIÑA DEL MAR,77868930-8
__export__.res_partner_65161_938190df,INVERSIONES ÁNGEL SPA,2 - Valparaiso C,78211642-8,AV FRANCIA PLAN 302 LOCAL 101,VALPARAÍSO,78211642-8
__import__.865278041C,IRRIBARRA MONTECINOS LIDIA VERONICA ,13 - Congelados Interior,8652780-4,ENTRE LAGOS 2502,VILLA ALEMANA,8652780-4
__import__.875097531C,ISLA NAVARRETE JESSICA DEL CARMEN ,8 - Santa Ines/Villa Hermosa,8750975-3,LAS MAGNOLIAS 2396 SANTA JULIA,VIÑA DEL MAR,8750975-3
__import__.7811514240C,IVAN ARANCIBIA MENDEZ EMPRESA INDIVIDUAL DE RESPONSABILIDAD LIMITADA ,13 - Congelados Interior,78115142-4,AVENIDA EL TRABAJADOR 161 SN,QUILPUÉ,78115142-4
__import__.813769640C,IVELISSE VITALIA BROWN ALVEAL ,8 - Santa Ines/Villa Hermosa,8137696-4,INDICO 5025,VIÑA DEL MAR,8137696-4
__import__.7784307701C,J Y M COMERCIALIZADORA SPA ,35 - Recreo/Forestal,77843077-0,MALFATTI 616 PLACERES,VALPARAÍSO,77843077-0
__export__.res_partner_64874_c36ad63e,J&D SPA,34 - Quillota / La Calera,77321243-0,CALLE CARRERA 771,LA CALERA,77321243-0
__import__.8630120071C,JAAR Y CIA LTDA ,8 - Santa Ines/Villa Hermosa,86301200-7,29 PONIENTE ESQ 4SUR S/N GOMEZ CARREÑO,VIÑA DEL MAR,86301200-7
__import__.7713284900C,JACQUELINE ADA CALFUÑANCO CALFU RESTAURANTE E.I.R.L.,20 - HORECA,77132849-0,AV CONCON REÑACA 396,CONCÓN,77132849-0
__import__.7809351K0C,JARA BOLS GONZALO AUGUSTO,20 - HORECA,7809351-K,CALLE 3 PONIENTE  155,VIÑA DEL MAR,7809351-K
__import__.7772076280C,JARA DIAZ HERMANOS LIMITADA,20 - HORECA,77720762-8,LA HIGUERILLA 10,CONCÓN,77720762-8
__import__.815825990C,JARA PINO CORA DEL PILAR,20 - HORECA,8158259-9,PJE. MORALES 270 HIGUERILLAS,CONCÓN,8158259-9
__import__.678252251C,JARA PINO HILDA LUISA,20 - HORECA,6782522-5,SAN PEDRO 138,VIÑA DEL MAR,6782522-5
__import__.1017045640C,JASEN PICHARA JOHANNA DEL PILAR ,19 - Tabolango - Papudo,10170456-4,CALLE CHORRILLOS 149,PAPUDO,10170456-4
__export__.res_partner_66042_4c5181c4,JEREMIAS GUERRA,19 - Tabolango - Papudo,20177440-3,CAUPOLICAN 1712,VALPARAÍSO,20177440-3
__import__.1212588620C,JIMENEZ ALLENDE JHON ,13 - Congelados Interior,12125886-2,SAN ENRIQUE 1941,VILLA ALEMANA,12125886-2
__import__.7660564310C,JIMENEZ CATALDO CARLOS JAVIER ,17 - Limache/Olmue,76605643-1,RIQUELME 246 LOCAL A,LIMACHE,76605643-1
__import__.1454885081C,JIMENEZ DONOSO JARELA ANDREA ,13 - Congelados Interior,14548850-8,EL OCASO 1105,QUILPUÉ,14548850-8
__import__.1322772061C,JIMENEZ ORTIZ CAROLINA ANDREA ,35 - Recreo/Forestal,13227720-6,LASCAR 170 FORESTAL ALTO,VIÑA DEL MAR,13227720-6
__import__.7816626151C,JMV COMERCIALIZADORA SPA ,8 - Santa Ines/Villa Hermosa,78166261-5,JOAQUIN HUERTA 355,VIÑA DEL MAR,78166261-5
__import__.1365264991C,JOFRE FERNANDEZ PRISCILA VALESKA ,2 - Valparaiso C,13652649-9,CALLE CANTERA 415 PLACILLA,VALPARAÍSO,13652649-9
__import__.1624314470C,JOFRE ORELLANA CRISTIAN ALEJANDRO ,35 - Recreo/Forestal,16243144-7,MERCEDES 484,VALPARAÍSO,16243144-7
__export__.res_partner_65906_e4cb8a87,JOHANNA MARIELA ESTAY MIRANDA,19 - Tabolango - Papudo,13662166-1,CAJA-CAY 1663 LONCURA,VALPARAISO,13662166-1
__import__.7710727631C,JOHNNY SARMIENTO E.I.R.L. ,17 - Limache/Olmue,77107276-3,CONCEPCION 1413 -B POBL MANUEL RODRIGUEZ,LIMACHE,77107276-3
__import__.1047818610C,JORGE ALEXIS MEDINA RAMOS ,2 - Valparaiso C,10478186-1,AVDA EL SAUCE 329 PLACILLA,VALPARAÍSO,10478186-1
__import__.799282910C,JORQUERA INOSTROZA OLIVIA SONIA ,8 - Santa Ines/Villa Hermosa,7992829-1,PASAJE 40 N°2815 MIRAFLORES ALTO,VIÑA DEL MAR,7992829-1
__import__.1830257080C,JORQUERA PADILLA GABRIEL ,13 - Congelados Interior,18302570-8,SANTA FE 1514 TRONCOS VIEJOS,VILLA ALEMANA,18302570-8
__import__.7950355080C,JOSE LINARES Y COMPAÑIA LIMITADA,20 - HORECA,79503550-8,AVDA. VALPARAISO #349,VIÑA DEL MAR,79503550-8
__import__.7735242701C,JOSE MANUEL ANTONIO SANDOVAL CARRASCO EIRL ,13 - Congelados Interior,77352427-0,O´HIGGINS 588 EL PEUMO,VILLA ALEMANA,77352427-0
__export__.res_partner_66071_c0897c7b,JOSE MANZO Y CIA LTDA.,16 - Especializado Litoral,80584300-4,CENTENARIO 218,SAN ANTONIO,80584300-4
__import__.7732016840C,JOSE MARIA SPA ,13 - Congelados Interior,77320168-4,AVDA. LATORRE 91 LOCAL 0,VILLA ALEMANA,77320168-4
__import__.7771705895C,JOSE VALENZUELA E HIJOS LIMITADA ,13 - Congelados Interior,77717058-9,DIEGO PORTALES 822 LOCAL 32,QUILPUÉ,77717058-9
__import__.7771705893C,JOSE VALENZUELA E HIJOS LIMITADA ,13 - Congelados Interior,77717058-9,LA TORRE 84 3,VILLA ALEMANA,77717058-9
__import__.7771705892C,JOSE VALENZUELA E HIJOS LIMITADA ,13 - Congelados Interior,77717058-9,AV VALPARAISO 629 4,VILLA ALEMANA,77717058-9
__import__.781840510C,JUAN DE LA CRUZ CAMPOS JARA ,2 - Valparaiso C,7818405-1,FUNDO CURAUMILLA PARCELA 12,VALPARAÍSO,7818405-1
__export__.res_partner_65409_64c96021,JUAN FERNANDO OLGUIN MOYANO DULCES CHILENOS EIRL,16 - Especializado Litoral,76893300-6,GERMAN RIESCO 492,CURACAVI,76893300-6
__export__.res_partner_52903_f8ef4e87,JULIETA YOLANDA SEPULVEDA ALBORNOZ CAFETERIA EIRL  ,2 - Valparaiso C,77728926-8,HONTANEDA 2653,VALPARAÍSO,77728926-8
__export__.res_partner_66330_1e828d99,JULIO CESAR ALVAREZ CHACON,16 - Especializado Litoral,12828191-6,AV AMBROSIO OHIGGINS 2044,CURACAVI,12828191-6
__import__.2446170341C,KAMAL MOUSA ABEDALQADER DAUD,20 - HORECA,24461703-4,ALVARES 102,VIÑA DEL MAR,24461703-4
__export__.res_partner_65539_73799de8,KATHERINE SOLANGE RAMIREZ SANCHEZ,8 - Santa Ines/Villa Hermosa,16785586-5,"CALLE LOS TULIPANES 821, MIRADOR DE REÑACA",VIÑA DEL MAR,16785586-5
__import__.1555670150C,KEMP KEMP DEISY EMILIA ,13 - Congelados Interior,15556701-5,RIO MAULLIN N° 170-B POBL ING HYATT,QUILPUÉ,15556701-5
__import__.2586537770C,KERLANDE LOUIS ,19 - Tabolango - Papudo,25865377-7,CALLE UNION 257,PUCHUNCAVÍ,25865377-7
__export__.res_partner_65075_d641a767,KITTY PAT VERGARA SEPULVEDA,2 - Valparaiso C,9612179-2,CAM. AL FARO VALPARAISO SITIO 3 LAGUNA VERDE,Valparaíso ,9612179-2
__import__.7713135150C,KOPAO RESTOBAR,20 - HORECA,77131351-5,1 PONIENTE 1004,VIÑA DEL MAR,77131351-5
__import__.7726825300C,LA CAFETTA SPA ,17 - Limache/Olmue,77268253-0,PRAT 4900 LOCAL D,OLMUÉ,77268253-0
__export__.res_partner_52533_3e87469c,LA ESTRELLA SPA,2 - Valparaiso C,78234057-3,ESMERALDA 1182 1188,VALPARAÍSO,78234057-3
__export__.res_partner_53234_e169c5e8,LA GESDA SPA,19 - Tabolango - Papudo,78165175-3,EL PEUMO 969,PAPUDO,78165175-3
__export__.res_partner_66032_63f4bd82,LA GOLOSA 2.0 SPA,34 - Quillota / La Calera,78335386-5,ASPILLAGA  327,QUILLOTA,78335386-5
__import__.7779817651C,LA GUAIRA SPA ,13 - Congelados Interior,77798176-5,HUANHUALI 997 LOCAL 2,VILLA ALEMANA,77798176-5
__export__.res_partner_65875_26e9cb92,LA NORITA SPA,19 - Tabolango - Papudo,77877763-0,YUNGAY 1610 LONCURA,VALPARAISO,77877763-0
__export__.res_partner_65712_acd52f5c,LA PARADA SPA,2 - Valparaiso C,78476044-8,AV.ARGENTINA 812 914,VALPARAISO,78476044-8
__import__.7813193251C,LA PIKA MERKETEXPRES SPA ,35 - Recreo/Forestal,78131932-5,SAN GUILLERMO 791,VALPARAÍSO,78131932-5
__export__.res_partner_53121_43d69c6b,LA PULPERIA DE MAKA LIMITADA,20 - HORECA,77971057-2,LAS PINPINELAS 1191,CONCÓN,77971057-2
__export__.res_partner_65381_25037639,LA RESERVA SPA,34 - Quillota / La Calera,77487387-2,AV VICUÑA MACKENNA 243,QUILLOTA,77487387-2
__import__.9620000020C,LA ROTONDA S.A.,2 - Valparaiso C,96200000-2,PRAT #701,VALPARAÍSO,96200000-2
__import__.7744354330C,LA TÍA TERE SPA ,8 - Santa Ines/Villa Hermosa,77443543-3,18 NORTE 1677 SANTA INES,VIÑA DEL MAR,77443543-3
__export__.res_partner_64873_2398508f,LA VEGA MARKET LIMACHE SPA,34 - Quillota / La Calera,78042639-K,AV. 21 DE MAYO 35,QUILLOTA,78042639-K
__import__.7714569280C,LA VERA PASTA SPA,20 - HORECA,77145692-8,AVDA CONCON REÑACA 263 LOCAL 17,CONCÓN,77145692-8
__import__.7761260710C,LA ZARAGOZA SPA,35 - Recreo/Forestal,77612607-1,BATUCO 170,VIÑA DEL MAR,77612607-1
__import__.7718572990C,LACTEOS MYM SPA ,8 - Santa Ines/Villa Hermosa,77185729-9,CALLE 3 2537 SANTA INES,VIÑA DEL MAR,77185729-9
__export__.res_partner_52182_e377a559,LACTO SUR QUILPUÉ SPA,13 - Congelados Interior,78197257-6,DIEGO PORTALES 813,QUILPUÉ,78197257-6
__import__.710803580C,LARA ARIAS JOSE ELIAS ,18 - Los Andes/San Felipe,7108035-8,ISAURA BELTAN 2061 EL SENORIAL,SAN FELIPE,7108035-8
__import__.1267129951C,LARA MOYA ANDREA ,8 - Santa Ines/Villa Hermosa,12671299-5,PJE LAGO QUINTILCO 1275 ALTOS DEL BOSQUE,VIÑA DEL MAR,12671299-5
__import__.1457142651C,LARA RIOS PATRICIO LARA ,13 - Congelados Interior,14571426-5,PASAJE LA RETUCA 1607 VILLA MARGA MARGA,VILLA ALEMANA,14571426-5
__import__.7813293390C,LAS DELICIAS DE NIKITO SPA ,2 - Valparaiso C,78132933-9,GALVARINO LT. LAGUNA VERDE NULL 507,VALPARAÍSO,78132933-9
__export__.res_partner_66093_cede9e2b,LAS DELICIAS SPA ,16 - Especializado Litoral,78409093-0,AV. ISIDORA DUBOURNAIS,El Quisco ,78409093-0
__export__.res_partner_65391_8b61feab,LAS MILANGAS SPA,20 - HORECA,78389448-3,"2 NORTE 162, LOCAL 1",VIÑA DEL MAR,78389448-3
__import__.1281903170C,LASTRA SALINAS ANDREA ELIZABETH ,34 - Quillota / La Calera,12819031-7,SAN DIEGO 650,LA CALERA,12819031-7
__import__.7678840521C,LATIGAZO SPA ,17 - Limache/Olmue,76788405-2,COLEGIO N° 2098 OLMUE,OLMUÉ,76788405-2
__import__.1399196371C,LAURI PEÑA PABLO FELIPE ,8 - Santa Ines/Villa Hermosa,13991963-7,EL RAULI 2150 MIRAFLORES ALTO,VIÑA DEL MAR,13991963-7
__import__.16888320K0C,LAVAGNINO SALAM ROBERTO MATIAS,20 - HORECA,16888320-K,SANTA MARIA 130 POB CONCON,CONCÓN,16888320-K
__export__.res_partner_65873_3645aafb,LAZCANO GALLARDO BLANCA,34 - Quillota / La Calera,5837014-2,YUNGAY 1127,QUILLOTA,5837014-2
__import__.1282334310C,LAZCANO HERNANDEZ SANDRA XIMENA ,8 - Santa Ines/Villa Hermosa,12823343-1,AV DIONISIO HERNÁNDEZ 329,VIÑA DEL MAR,12823343-1
__import__.629011870C,LAZCANO PEREZ EDUARDO ANTONIO ,17 - Limache/Olmue,6290118-7,PASAJE SAN FELIX N° 214,LIMACHE,6290118-7
__import__.1365131251C,LAZCANO VALENCIA ALEJANDRA ANDREA ,35 - Recreo/Forestal,13651312-5,CALLE CENTRAL 431 NVA. AURORA,VIÑA DEL MAR,13651312-5
__export__.res_partner_52419_6aee684c,LAZO ASTUDILLO VIOLETA DEL CARMEN,35 - Recreo/Forestal,08374635-1,"CALLE GABRIELA MISTRAL, FORESTAL ALTO 10",VIÑA DEL MAR,08374635-1
__export__.res_partner_65483_07193b9e,LAZO BARRIENTOS Y COMPAÑIA LIMITADA ,20 - HORECA,76003960-8,ARLEGUI 877,VIÑA DEL MAR,76003960-8
__import__.1002045330C,LEAL MORAN BERTA ADELICIA ,19 - Tabolango - Papudo,10020453-3,AVENIDA LA PAZ 780,PUCHUNCAVÍ,10020453-3
__import__.1398817530C,LEDDIHN MELO VICTORIA INES,20 - HORECA,13988175-3,AVDA LIBERTAD 902,VIÑA DEL MAR,13988175-3
__export__.res_partner_66008_aeb3cbd6,LEDERMAN LEOPOLDO ROMO PEQUENO Y COMPANIA LIMITADA,19 - Tabolango - Papudo,76215865-5,VIÑA DEL MAR 64 CALETA HORCON,PUCHUNCAVI,76215865-5
__import__.1037806320C,LEIVA LEIVA CARMEN MONICA ,18 - Los Andes/San Felipe,10378063-2,JOSE VILLARROEL 1387,LOS ANDES,10378063-2
__import__.1633345341C,LEIVA MUÑOZ DAISY CAROLINA ,8 - Santa Ines/Villa Hermosa,16333453-4,CALLE CLAUDIO ARRAU LEON N° 718  VILLA RUKAN 3,VIÑA DEL MAR,16333453-4
__import__.1682056863C,LEON ELGUETA CONSTANZA EMELIN ,17 - Limache/Olmue,16820568-6,CALLE SAN FRANCISCO GONZALEZ 414,LIMACHE,16820568-6
__import__.1204757701C,LEON FERNANDEZ VERONICA ALEJANDRA ,35 - Recreo/Forestal,12047577-0,21 DE MAYO 1196 C° ESPERANZA,VALPARAÍSO,12047577-0
__import__.14315687700C,LEON GUZMAN KAREN LETICIA ,13 - Congelados Interior,14315687-7,FRUTILLAR 609 LT 266,QUILPUÉ,14315687-7
__import__.5966591K0C,LEON URRA JAIME ,34 - Quillota / La Calera,5966591-K,SANTA ROSA 606 SAN PEDRO,QUILLOTA,5966591-K
__import__.1152109040C,LEPE FLORES JOSE OSVALDO ,13 - Congelados Interior,11521090-4,SANTIAGO 310-330 BELLOTO NORTE,QUILPUÉ,11521090-4
__import__.77286194K0C,LERIS SPA ,18 - Los Andes/San Felipe,77286194-K,AV HNOS CARRERA 2061,SAN FELIPE,77286194-K
__import__.1199050521C,LEYTON VERDEJO CARLOS NELSON ,19 - Tabolango - Papudo,11990505-2,DIEGO PORTALES SIN NUMERO TABOLANGO,LIMACHE,11990505-2
__import__.7751679040C,LILIAN SANCHEZ Y CIA LTDA.,20 - HORECA,77516790-4,AVDA.BORGOÑO 21455 CALETA HIGUIRILLAS,CONCÓN,77516790-4
__import__.1470931281C,LILIAN SOCLA,35 - Recreo/Forestal,14709312-8,SAN PEDRO 530 FORESTAL ALTO,VIÑA DEL MAR,14709312-8
__export__.res_partner_65418_f9bdcb0b,LIQUIDADORA LAS CRUCES SPA ,16 - Especializado Litoral,78100879-6,LITRE 2352,ALGARROBO,78100879-6
__import__.7810087960C,LIQUIDADORA LAS CRUCES SPA ,16 - Especializado Litoral,78100879-6,LINCOLN N 286,EL TABO,78100879-6
__import__.7818610811C,LIQUIDADORA LYAH LIMITADA,35 - Recreo/Forestal,78186108-1,AV MATTA 1766 CERRO PLACERES,PLACERES,78186108-1
__import__.853116110C,LIVESEY VELASQUEZ VERONICA DEL PILAR ,18 - Los Andes/San Felipe,8531161-1,COMERCIANTE BERNARDO CORRALES 1760 SN,SAN FELIPE,8531161-1
__import__.783969890C,LIZAMA MOL GERARDO ANTONIO,13 - Congelados Interior,7839698-9,ALM. WILSON 19 BELLOTO CENTRO,QUILPUÉ,7839698-9
__import__.7811786830C,LLA ALIMENTOS SPA ,17 - Limache/Olmue,78117868-3,REPÚBLICA # 681,LIMACHE,78117868-3
__import__.989331151C,LOBOS ROJOS MARGARITA ,2 - Valparaiso C,9893311-5,CALLE FUENTECILLA 786 CERRO POLANCO,VALPARAÍSO,9893311-5
__export__.res_partner_52101_d154b04a,LOMAS DE LAGUNA SPA,35 - Recreo/Forestal,78302325-3,Las hortensia sn,VALPARAÍSO,78302325-3
__import__.1336358310C,LOPEZ GALDAMES MARCIA ANDREA ,18 - Los Andes/San Felipe,13363583-1,SECTOR SAN RAFAEL C REAL 805 VILLA (100M ANTES AERODROM),SAN FELIPE,13363583-1
__import__.944061530C,LOPEZ OYARCE SANDRA XIMENA ,8 - Santa Ines/Villa Hermosa,9440615-3,AV TAMARUGAL 1563,VIÑA DEL MAR,9440615-3
__import__.2745522981C,LOPEZ PARGAS EZEQUIEL ANTONIO ,2 - Valparaiso C,27455229-8,RANCAGUA 230,VALPARAÍSO,27455229-8
__import__.511489321C,LOPEZ SEPULVEDA LAURA ,13 - Congelados Interior,5114893-2,BUENOS AIRES 610,QUILPUÉ,5114893-2
__import__.1056262580C,LOPEZ VALERIA MARIBEL DEL CARMEN ,8 - Santa Ines/Villa Hermosa,10562625-8,DOS SUR 3452 SECTOR GOMEZ CARREÑO,VIÑA DEL MAR,10562625-8
__export__.res_partner_66197_a406f5bf,LORENA ANGELICA MORALES MORAGA,34 - Quillota / La Calera,11401047-2,LA PARGUA 1270,VALPARAISO,11401047-2
__export__.res_partner_52538_d3e75db4,LOS PALACIOS SPA,17 - Limache/Olmue,78305769-7,AVENIDA CONCEPCION 943,LIMACHE,78305769-7
__export__.res_partner_65944_3655c3e3,LOS SAUCES SPA,19 - Tabolango - Papudo,77847042-K,SANTIAGO TORRES 29,PUCHUNCAVI,77847042-K
__export__.res_partner_65171_9919b9a7,LOYOLA LIMITADA,2 - Valparaiso C,77973553-2,OHIGGINS 1492 SANROQUE,Valparaiso ,77973553-2
__import__.1570075640C,LUCERO OSORIO FRANCISCA ALICIA ,19 - Tabolango - Papudo,15700756-4,LA PLAYA 8 LAS VENANAS,PUCHUNCAVÍ,15700756-4
__import__.984165440C,LUCERO SALINAS HERNAN LEONEL ,2 - Valparaiso C,9841654-4,MUNIZAGA 39 PLAYA ANCHA,VALPARAÍSO,9841654-4
__import__.826559132C,LUCI ARRIAGADA MARCO ANTONIO,20 - HORECA,8265591-3,PASAJE SIEMPRE VIVA S/N,CONCÓN,8265591-3
__import__.7604393980C,LUCIANA HORMAECHEA Y COMPAÑIA LIMITADA,20 - HORECA,76043939-8,VICUÑA MACKENA 1150 REÑACA,CONCÓN,76043939-8
__import__.7823449001C,LUIS FERNANDEZ Y COMPANIA LIMITADA ,35 - Recreo/Forestal,78234490-0,VARIANTE AGUA SANTA #537,VIÑA DEL MAR,78234490-0
__export__.res_partner_65826_ef43bfa1,LUIS GABRIEL SALINAS SILVA,19 - Tabolango - Papudo,10112895-4,LAZOS CON YUNGAY N 50,QUINTERO,10112895-4
__export__.res_partner_66045_c86722f9,M&M GEOLOGÍA SPA,19 - Tabolango - Papudo,77129482-0,FERNANDEZ CONCHA 580,PAPUDO,77129482-0
__import__.986116651C,MACHUCA REDIN FELIX ROBERTO ,2 - Valparaiso C,9861166-5,EL ESFUERZO 974 C° SAN JUAN DE DIOS,VALPARAÍSO,9861166-5
__import__.771511121C,MACKARENA ADRIANA CORNEJO MORA VENTA DE ABARROTES CONGELADOS Y OTROS E ,13 - Congelados Interior,77151112-0,BERNA 683 EL RETIRO,QUILPUÉ,77151112-0
__import__.868355172C,MAIBEN VILLARROEL OSVALDO ALEJANDRO ,13 - Congelados Interior,8683551-7,FRUTILLAR 696 PUERTO DEL NORTE,QUILPUÉ,8683551-7
__import__.863719601C,MALDONADO CARCAMO CLAUDIO ERNESTO ,2 - Valparaiso C,8637196-0,LLICO 14 PORVENIR BAJO PLAYA ANCHA,VALPARAÍSO,8637196-0
__import__.1763479530C,MALDONADO VERGARA JENNIFFER MARICELA ,34 - Quillota / La Calera,17634795-3,PJE ALERCE ANDINO N°114 VILLA 19 DE FEBREO LA PALMA,QUILLOTA,17634795-3
__import__.978347410C,MALLEA VILLARROEL VICENTE DEL TRANSITO ,18 - Los Andes/San Felipe,9783474-1,PEDRO AGUIRRE 11,LOS ANDES,9783474-1
__export__.res_partner_65686_c2a6eb41,MANANI GONZALEZ MARCOS ANDRES,13 - Congelados Interior,12451808-3,LAS BARRANCAS 2868 LOS PINOS,QUILPUE,12451808-3
__import__.2035891820C,MANCILLA FAUNDEZ MIRTHA CAROLINA ,2 - Valparaiso C,20358918-2,JACKSON 785 -81 LAGUNA VERDA,VALPARAÍSO,20358918-2
__import__.1602663330C,MANDIOLA MAUREIRA LIDIA VERONICA ,18 - Los Andes/San Felipe,16026633-3,VILLA AIRES DE RINCONADA 2140000,RINCONADA,16026633-3
__import__.1026655380C,MANRIQUE BARRAZA MANUEL ALBERTO ,34 - Quillota / La Calera,10266553-8,AGUSTIN AVEZON 1579 QUILLOTA,QUILLOTA,10266553-8
__import__.1771453270C,MANSILLA REDLICH GONZALO ALEJANDRO ,17 - Limache/Olmue,17714532-7,AV. URMENETA N° 8-D  4-B,LIMACHE,17714532-7
__import__.7775508880C,MANTAGUA SPA,8 - Santa Ines/Villa Hermosa,77755088-8,CALLE LIMACHE 3405 EL SALTO,VIÑA DEL MAR,77755088-8
__import__.7775508883C,MANTAGUA SPA,8 - Santa Ines/Villa Hermosa,77755088-8,CAMINO INTERNACIONAL 1420,VIÑA DEL MAR,77755088-8
__export__.res_partner_65800_c663de64,MANUEL ANTONIO GOMEZ ARANDA,34 - Quillota / La Calera,9545049-0,ESMERALDA  614 A,QUILLOTA,9545049-0
__export__.res_partner_52100_e261d4ad,MANUEL ISAAC RIQUELME ACEVEDO MINIMARKET E.I.R.L.,2 - Valparaiso C,77299256-4,LOS DOMOS 15,VALPARAÍSO,77299256-4
__import__.7699563604C,MANUEL JAAR E.I.R.L.,20 - HORECA,76995636-0,VERGARA 271,CONCÓN,76995636-0
__import__.7699563601C,MANUEL JAAR E.I.R.L.,20 - HORECA,76995636-0,AV BLANCA ESTELA 1258 LOCAL 3,CONCÓN,76995636-0
__export__.res_partner_66153_cc42682d,MANUEL JESUS SAN MARTIN URRA,34 - Quillota / La Calera,9181035-2,PASAJE 18 1693,VALPARAISO,9181035-2
__import__.8180750061C,MANUEL JUANICOTENA Y COMPAÑIA,2 - Valparaiso C,81807500-6,AVDA. PEDRO MONTT #2345,VALPARAÍSO,81807500-6
__export__.res_partner_46916_9a819c2c,MANUTARA SPA,19 - Tabolango - Papudo,78033972-1,AVENIDA DEL MAR 2489,PUCHUNCAVÍ,78033972-1
__import__.917083020C,MARABOLI PARRA ROSA ESTER ,19 - Tabolango - Papudo,9170830-2,PARQUE INDRUSTRIAL GULMUE FRENTE SITIO 3-A,CONCÓN,9170830-2
__import__.1398398541C,MARAMBIO SILVA XIMENA JAQUELINE ,13 - Congelados Interior,13983985-4,CHACRILLAS 1336,VILLA ALEMANA,13983985-4
__import__.1508303621C,MARCHANT QUISPE JONATHAN CRISTOPHER ,8 - Santa Ines/Villa Hermosa,15083036-2,CLAUDIO ARRAU 515 VILLA RUKAN,VIÑA DEL MAR,15083036-2
__import__.1509913070C,MARCHANT RIVEROS NICOLAS ANTONIO JESUS ,35 - Recreo/Forestal,15099130-7,BILBAO 1170,VIÑA DEL MAR,15099130-7
__import__.1199484871C,MARDONES AZUA ROSA DEL CARMEN ,8 - Santa Ines/Villa Hermosa,11994848-7,CLAUDIO ARRAU LEON 439 VILLA RUKAN,VIÑA DEL MAR,11994848-7
__import__.1552140820C,MARGORELY KARIME NUÑEZ YAÑEZ ,34 - Quillota / La Calera,15521408-2,ESMERALDA 899,LA CALERA,15521408-2
__export__.res_partner_66015_fa47fa7d,MARIA INES MUNOZ OLIVARES,19 - Tabolango - Papudo,14230034-6,MANUEL RODRIGUEZ 276,VALPARAISO,14230034-6
__export__.res_partner_66066_ae600ecd,MARIA ISABEL VELASQUEZ URRA,16 - Especializado Litoral,8757023-1,LAS DELICIAS HJ 13,CARTAGENA,8757023-1
__import__.1838005580C,MARILLANCA ESPINOZA DIEGO NICOLAS,35 - Recreo/Forestal,18380055-8,ROGELIO ASTUDILLO 330 PARD. 5 VILLA LINDA NUEVA AURORA,VIÑA DEL MAR,18380055-8
__import__.1143596610C,MARIN MONTENEGRO LIDIA VICTORIA ,2 - Valparaiso C,11435966-1,AV JUAN PABLO 11 BLOCK R DEPTO 104 POB SAN COLUMBANO PLACERES,VALPARAÍSO,11435966-1
__import__.7886511040C,MARINA HOTELES SPA,20 - HORECA,78865110-4,AVDA. ECUADOR Nº 299,VIÑA DEL MAR,78865110-4
__export__.res_partner_65605_16cdb540,MARIO SILVA FIGUEROA,34 - Quillota / La Calera,10420475-9,MERCED 566,QUILLOTA,10420475-9
__export__.res_partner_66194_d2e93d02,MARLENE DE LAS MERCEDES SERRANO,34 - Quillota / La Calera,11645804-7,LOS PONCHOS 1759,VALPARAISO,11645804-7
__import__.1005815901C,MARQUEZ VALENCIA MARIA BARBARA ,20 - HORECA,10058159-0,24 DE JULIO MANZANA 9 LOTE 5 POBL. HIGUE,CONCÓN,10058159-0
__export__.res_partner_65405_6fda0140,MARTIN ARMANDO ESCOBAR ESCOBAR,16 - Especializado Litoral,13893472-1,AMBROSIO O'HIGGINS 2086,CURACAVI,13893472-1
__import__.918669350C,MARTINEZ ALVAREZ MARTINA CECILIA ,19 - Tabolango - Papudo,9186693-5,UNION 99,PUCHUNCAVÍ,9186693-5
__export__.res_partner_65845_bc36bf49,MARTINEZ BAEZA XIMENA DEL CARMEN,19 - Tabolango - Papudo,10550852-2,NORMANDIE 1723,QUINTERO,10550852-2
__import__.1039653732C,MARTINEZ CARVAJAL JOSE LUIS,8 - Santa Ines/Villa Hermosa,10396537-3,EL BOSQUE 1290 SANTA INES,VIÑA DEL MAR,10396537-3
__import__.1800495090C,MARTINEZ GAONA GABRIELA CAROLINA ,17 - Limache/Olmue,18004950-9,18 DE SEPTIEMBRE 579 LOTE A 1,LIMACHE,18004950-9
__import__.995273311C,MARTINEZ GUZMAN GUILLERMINA YOLANDA ,35 - Recreo/Forestal,9952733-1,CAMINO REAL 2265 LOCAL   6,VIÑA DEL MAR,9952733-1
__import__.11361501K0C,MARTINEZ PENAILILLO HILDA DEL CARMEN ,2 - Valparaiso C,11361501-K,PC 1202 FDO LA LAGUNA,VALPARAÍSO,11361501-K
__export__.res_partner_66014_fabeeda8,MARTIS APABLAZA LIMITADA,35 - Recreo/Forestal,76777978-K,BARROS ARANA 570,VIÑA DEL MAR,76777978-K
__export__.res_partner_66047_2de52bf1,MAS AGENCIA E INVERSIONES SPA,34 - Quillota / La Calera,76870592-5,AV ARIZTIA 597,QUILLOTA,76870592-5
__import__.7779871430C,MASAS SPA. ,13 - Congelados Interior,77798714-3,SAN ENRIQUE  1250 LOCAL 1,VILLA ALEMANA,77798714-3
__export__.res_partner_66186_d3ca5441,MASS DULCE SPA,16 - Especializado Litoral,76769072-K,LOS ALERCES 336,CURACAVI,76769072-K
__export__.res_partner_66083_74358fb3,MASSOUD PATRICIO,16 - Especializado Litoral,6654726-4,UGALDE 71,MELIPILLA,6654726-4
__import__.2245672780C,MATEU AYALA LUISA VERONICA ,17 - Limache/Olmue,22456727-8,RIQUELME 0 PQUE BRASI,LIMACHE,22456727-8
__export__.res_partner_66138_f35f2d3c,MATOS Y NARANJO LIMITADA,34 - Quillota / La Calera,78040256-3,JUAN BAUTISTA ALBERDI 876,QUILLOTA,78040256-3
__import__.5019524000C,MATTE ARAVENA Y COMPAÑIA LIMITADA ,34 - Quillota / La Calera,50195240-0,J. J. GODOY 39,LA CALERA,50195240-0
__import__.1556135480C,MATTER SANCHEZ ALAN NICOLAS ,18 - Los Andes/San Felipe,15561354-8,PASAJES DOS 174 SAN ESTEBAN,LOS ANDES,15561354-8
__import__.1240212270C,MATURANA GUERRERO JESSICA DEL CARMEN ,34 - Quillota / La Calera,12402122-7,VILLA MAIPO PJE 19 SEPTIEMBRE 1966 LA CALERA,LA CALERA,12402122-7
__import__.1125405632C,MATURANA RODRIGUEZ PILAR,13 - Congelados Interior,11254056-3,ESMERALDA 2518,VILLA ALEMANA,11254056-3
__import__.1506327490c,MATURANA SALAZAR CATHERINE LORENA ,34 - Quillota / La Calera,15063274-9,VILLA CAMPO ALEGRE LOS MANZANOS N° 44,LA CALERA,15063274-9
__import__.938968820C,MATUS SAN MARTIN CARLOS JULIO ,2 - Valparaiso C,9389688-2,CALLE RAMON GARCIA 16,VALPARAÍSO,9389688-2
__import__.1555893371C,MAULEN OLIVOS RODRIGO ESTEBAN ,13 - Congelados Interior,15558933-7,GABRIEL DAZZAROLA N° 627,VILLA ALEMANA,15558933-7
__import__.791500534C,MAUREIRA CARVAJAL BETTY ANTONIA ,2 - Valparaiso C,7915005-3,EMILIO RECABARREM 414-418 5TO SECTOR PLAYA ANCHA,VALPARAÍSO,7915005-3
__import__.791500532C,MAUREIRA CARVAJAL BETTY ANTONIA ,2 - Valparaiso C,7915005-3,EMILIO RECABARREN PJE 9 CASA 407 3° SECTOR PLAYA ANCHA,VALPARAÍSO,7915005-3
__import__.7798260581C,MAYORISTA R. GONZALEZ SPA ,13 - Congelados Interior,77982605-8,CUMMING 910,QUILPUÉ,77982605-8
__import__.870969980C,MAYTE OFELIA DE ARRIZABALAGA LEIVA ,13 - Congelados Interior,8709699-8,AV VALPARAISO 801,VILLA ALEMANA,8709699-8
__import__.1295082720C,MAZUELA AGUIRRE AMANDA DEL CARMEN ,18 - Los Andes/San Felipe,12950827-2,"SAN MARTIN , RINCONADA",LOS ANDES,12950827-2
__import__.1240153320C,MAZUELA CASTRO YISSELA BERNARDITA ,18 - Los Andes/San Felipe,12401533-2,CASUTO S/N RINCONADA,LOS ANDES,12401533-2
__import__.1927778362C,MEDINA PEREIRA LAURA SCARLETT ,35 - Recreo/Forestal,19277783-6,AV VIÑA DEL MAR - FERNANDO SOLIS B-3,VIÑA DEL MAR,19277783-6
__import__.1927778361C,MEDINA PEREIRA LAURA SCARLETT ,35 - Recreo/Forestal,19277783-6,PASAJE LA PAZ 2120 FORESTAL,VIÑA DEL MAR,19277783-6
__import__.1191418261C,MEDINA SOTO VIRGINIA DEL PILAR ,2 - Valparaiso C,11914182-6,AV JUAN FENANDEZ 865 C° LAS CAÑAS,VALPARAÍSO,11914182-6
__import__.7770414950C,MEGA CARNES SALAS SPA ,16 - Especializado Litoral,77704149-5,PASAJE DUBORNOIS 1552,EL QUISCO,77704149-5
__import__.7760619560C,MEJIA SPA,20 - HORECA,77606195-6,CALLE 5 NORTE 385,VIÑA DEL MAR,77606195-6
__import__.928011440C,MEJIAS HORSTMEIR EDNA DEL CARMEN ,2 - Valparaiso C,9280114-4,CAMINO ANTIGUO LAS DOCAS 1372,VALPARAÍSO,9280114-4
__import__.1342972630C,MENDEZ HORMAZABAL LILIANA AIDA ,19 - Tabolango - Papudo,13429726-3,DAGOBERTO GODOY PASAJE 6 3438,QUINTERO,13429726-3
__export__.res_partner_65839_5675554d,MENDOZA TAPIA CLAUDIA PAMELA,19 - Tabolango - Papudo,11731469-3,NUEVA 774 QUINTERO,QUINTERO,11731469-3
__import__.7771753860C,MERAKI SEAFOOD C&A SPA,20 - HORECA,77717538-6,AV. LIBERTAD # 63 OFICINA 401,VIÑA DEL MAR,77717538-6
__import__.1018461991C,MERY ROZAS MGUEL ANGEL ,13 - Congelados Interior,10184619-9,EL BOSQUE 0320 VILLA EL BOSQUE,VILLA ALEMANA,10184619-9
__export__.res_partner_53256_aa98ec8c,MGM VENTAS CONGELADOS SPA,8 - Santa Ines/Villa Hermosa,77858732-7,CALLE 2 210 REÑACA ALTO,VIÑA DEL MAR ,77858732-7
__import__.7721295562C,MIAMI FOOD MARKET SPA ,13 - Congelados Interior,77212955-6,REINALDO KNOP 1895,QUILPUÉ,77212955-6
__import__.1641870470C,MILLAR DROGUETT ROBERTO HERNAN ,19 - Tabolango - Papudo,16418704-7,NORMANDIE 1715,QUINTERO,16418704-7
__import__.7753393221C,MILLENIUM LIMITADA ,8 - Santa Ines/Villa Hermosa,77533932-2,EDUARDO YAÑEZ 143 PARAD 1 ACHUPALLAS,VIÑA DEL MAR,77533932-2
__import__.823509691C,MILOTT DIAZ LEANDRO MARCELO ,13 - Congelados Interior,8235096-9,HUANHUALI 495 LOCAL 1,VILLA ALEMANA,8235096-9
__import__.894237080C,MINAY OLIVARES ANTONIO OMAR ,19 - Tabolango - Papudo,8942370-8,LOS AROMOS 376  POBLACIÓN LOS PESCADORES,PUCHUNCAVÍ,8942370-8
__export__.res_partner_65270_e4dae859,MINI MARKET JOSE DANIEL RANGEL E.I.R.L.,2 - Valparaiso C,78437346-0,AVENIDA PACIFICO 215 PLAYA ANCHA,Valparaiso,78437346-0
__import__.7815897721C,MINIMARKET ALVALE LIMITADA ,35 - Recreo/Forestal,78158977-2,AV MATTA 3270 PLACERES,VALPARAÍSO,78158977-2
__import__.7726983990C,MINIMARKET BERALDO HIDALGO GUZMAN EMPRES ,13 - Congelados Interior,77269839-9,AV ALEJANDRO PERALTA PE 857 LOCAL TRONCOS VIEJOS,VILLA ALEMANA,77269839-9
__import__.7816611550C,MINIMARKET BERNARDO ANTONIO FELIPE PALACIOS VARGAS E.I.R.L. ,19 - Tabolango - Papudo,78166115-5,26 DE NOVIEMBRE 986,PAPUDO,78166115-5
__import__.7816776550C,MINIMARKET CARLOS ELÍAS CONTRERAS DELGADO E.I.R.L. ,13 - Congelados Interior,78167765-5,LAS BARRANCAS 2707 local 2,QUILPUÉ,78167765-5
__export__.res_partner_65380_20f00e11,MINIMARKET CARLOS SUAREZ TAPIA E.I.R.L.,35 - Recreo/Forestal,78155174-0,ISLA DE PASCUA MZG LT 99 LA PALMA CHILENA NULL,VIÑA DEL MAR,78155174-0
__import__.7784208720C,MINIMARKET CAROL LILY CORDOVA SOLAR E.I.R.L. ,13 - Congelados Interior,77842087-2,LA RETUCA SUR LT 32,QUILPUÉ,77842087-2
__import__.7682988661C,MINIMARKET CECICLIA DEL TRANSITO PEREIRA MUÑOZ EIRL ,35 - Recreo/Forestal,76829886-6,PJE DR. FROCK N° 27 BLOCK 11 DEPTO 24 C° LOS PLACERES,VALPARAÍSO,76829886-6
__import__.7807239390C,MINIMARKET CHANANITO SPA ,13 - Congelados Interior,78072393-9,LOS NARANJOS 511 LOCAL 3,QUILPUÉ,78072393-9
__import__.7777527822C,MINIMARKET CHRISTIAN ALBERTO PANTOJA CASTRO E.I.R.L.,13 - Congelados Interior,77775278-2,MARCELINO CHAMPAGNAT 1325 LOCAL 3 POB PRAT,VILLA ALEMANA,77775278-2
__import__.7817556560C,MINIMARKET CLAUDIA ANDREA PÉREZ CAÑOPANTERÁN E.I.R.L. ,19 - Tabolango - Papudo,78175565-6,CAMINO VECINAL LAS HERAS S/N LT 21,PUCHUNCAVÍ,78175565-6
__export__.res_partner_63529_1bff75fc,MINIMARKET CLAUDIA VALESKA MONCADA ALLENDE E.I.R.L.,13 - Congelados Interior,77181259-7,CALLE ARANDA 0468,VILLA ALEMANA,77181259-7
__import__.7814428520C,MINIMARKET COCOCHO SPA ,18 - Los Andes/San Felipe,78144285-2,HÉCTOR SEPÚLVEDA 674 VILLA PARRONES DEL INCA,SAN FELIPE,78144285-2
__import__.7751182881C,MINIMARKET COMIDA AL PASO ROTISERIA PEDRO LEOPOLDO MORENO ODGER EIRL ,2 - Valparaiso C,77511828-8,RICARDO FERRARI 561 CERRO FLORIDA,VALPARAÍSO,77511828-8
__export__.res_partner_52433_3e96401e,MINIMARKET DANIELA ANDREA MORALES GÓMEZ E.I.R.L.,13 - Congelados Interior,78323217-0,AV LAS PALMAS 210,VALPARAÍSO,78323217-0
__import__.7646736381C,MINIMARKET DANIELA FABIOLA BUSTAMANTE LLANOS E.I.R.L.,2 - Valparaiso C,76467363-8,RAMON GARCIA 545 LOCAL 3,VALPARAÍSO,76467363-8
__import__.7677710101C,MINIMARKET EL CARMEN SPA ,13 - Congelados Interior,76777101-0,CALLE EL RINCON N° 139,VILLA ALEMANA,76777101-0
__import__.7677710105C,MINIMARKET EL CARMEN SPA ,13 - Congelados Interior,76777101-0,LAS ACACIAS 751 7,VILLA ALEMANA,76777101-0
__import__.7677710103C,MINIMARKET EL CARMEN SPA ,13 - Congelados Interior,76777101-0,RODOLFO GALLEGUILLOS 370 TRONCOS VIEJOS,VILLA ALEMANA,76777101-0
__import__.78161372K0C,MINIMARKET EL CHICHY SPA ,2 - Valparaiso C,78161372-K,"PC 1175 FDO LA LAGUNA NULL, LAGUNA VERDE",VALPARAÍSO,78161372-K
__import__.7727620620C,MINIMARKET EL LIGUANO 2.0 SPA ,19 - Tabolango - Papudo,77276206-2,DOMINGO FERNANDEZ CONCHA 466,PAPUDO,77276206-2
__import__.7810850220C,MINIMARKET ELIFELET NATHALY MANCILLA PEÑA EIRL ,2 - Valparaiso C,78108502-2,FUNDO CURAUMA PC 1015,VALPARAÍSO,78108502-2
__export__.res_partner_52865_d21c0750,MINIMARKET ELIZABETH DEBORAH RODRIGUEZ CARVAJAL E.I.R.L.,13 - Congelados Interior,77691762-1,JOSE URIBE # 754,QUILPUE,77691762-1
__import__.7769176210C,MINIMARKET ELIZABETH DEBORAH RODRIGUEZ CARVAJAL E.I.R.L. ,13 - Congelados Interior,77691762-1,AVENIDA EL BELLOTO 1296-A,QUILPUÉ,77691762-1
__import__.7774190990C,MINIMARKET GERARDO CARRE VILLANUEVA E.I.R.L. ,2 - Valparaiso C,77741909-9,PASAJE COLLIGUAY 1055,PLACILLA,77741909-9
__export__.res_partner_66107_2b9896a7,MINIMARKET HAYDEE SPA,34 - Quillota / La Calera,78020009-K,LA CUECA 1273,QUILLOTA,78020009-K
__export__.res_partner_66214_732bbe4b,MINIMARKET HILDA DEL ROSARIO CASTILLO GALLEGUILLOS E.I.R.L.,8 - Santa Ines/Villa Hermosa,77974302-0,AVENIDA GOMEZ CARREÑO 3352,VIÑA DEL MAR,77974302-0
__export__.res_partner_65348_67bbc037,MINIMARKET IRAIZOS SPA,18 - Los Andes/San Felipe,77574815-K,TRASLAVIÑA 1252,SAN FELIPE,77574815-K
__export__.res_partner_65101_dac597ef,MINIMARKET IVETTE REY OLIVARES E.I.R.L.,34 - Quillota / La Calera,77914975-7,PORTAL LAS AVENIDA LAS ARAUCARIAS 1250,QUILLOTA,77914975-7
__import__.7812325560C,MINIMARKET JAHUEL SPA ,2 - Valparaiso C,78123255-6,FDO. LA LAGUNA PC1128 LAGUNA VERDE,VALPARAÍSO,78123255-6
__import__.7675407954C,MINIMARKET JEAN PAUL VARGA GUEVARA EIRL ,13 - Congelados Interior,76754079-5,VICTOR DOMINGO SILVA 21300 TRONCOS VIEJOS,VILLA ALEMANA,76754079-5
__export__.res_partner_63659_ccf89387,MINIMARKET JOSE SILVA GUITAL E.I.R.L.,35 - Recreo/Forestal,78136999-3,PASAJE 11 N° 143 RECREO,VIÑA DEL MAR,78136999-3
__import__.7788948231C,MINIMARKET JUAN PABLO GALLARDO BUSTOS E.I.R.L. ,35 - Recreo/Forestal,77889482-3,LAS HERAS 1504 B,VIÑA DEL MAR,77889482-3
__import__.7810268911C,MINIMARKET JULIO CESAR SANZ FREITES EMPRESA INDIVIDUAL DE RESPONSABI ,35 - Recreo/Forestal,78102689-1,PASAJE 2 POBLACIÓN SAN REYES CASA 11  SANTA,VIÑA DEL MAR,78102689-1
__import__.77553091K1C,MINIMARKET KAREN ANDREA MONZON ESPINOZA EIRL ,35 - Recreo/Forestal,77553091-K,CAMINO REAL 2287,VIÑA DEL MAR,77553091-K
__import__.7770072700C,MINIMARKET KATHERINE MOLINA EIRL ,2 - Valparaiso C,77700727-0,GALVARINO LTA LAGUNA VERDE,VALPARAÍSO,77700727-0
__export__.res_partner_65250_9a20d3c4,MINIMARKET KRISTEL ALDAY ROJAS E.I.R.L.,35 - Recreo/Forestal,78319553-4,PASAJE SAUCE 30,VIÑA DEL MAR,78319553-4
__export__.res_partner_53055_a1f231dd,MINIMARKET LA 22 LIMITADA,8 - Santa Ines/Villa Hermosa,77685866-8,VEINTIDOS NORTE 1673,Viña Del Mar,77685866-8
__import__.7749409441C,MINIMARKET LA CASONA SPA,20 - HORECA,77494094-4,ARLEGUI 242,VIÑA DEL MAR,77494094-4
__import__.7803514970C,MINIMARKET LA GOTA SPA ,2 - Valparaiso C,78035149-7,JOSE MARIA CARO 230 1 SECTOR,VALPARAÍSO,78035149-7
__import__.7760512170C,MINIMARKET LA VILLA SPA ,13 - Congelados Interior,77605121-7,CALLE GRANADILLA 2770,QUILPUÉ,77605121-7
__export__.res_partner_66117_07455825,MINIMARKET LAS BENDICIONES SPA,13 - Congelados Interior,78453862-1,MARGA MARGA 3380,QUILPUÉ,78453862-1
__export__.res_partner_64940_b725a34e,MINIMARKET LA VUELTA ALMACEN SPA,8 - Santa Ines/Villa Hermosa,78341365-5,"INDICO 5025 LTC2, GOMEZ CARREÑO ",VIÑA DEL MAR,78341365-5
__export__.res_partner_66038_a9f76213,MINIMARKET LOS PRATO SPA,19 - Tabolango - Papudo,78292884-8,BAQUEDANO 230 LOCAL F,VALPARAISO,78292884-8
__export__.res_partner_65842_699e3e67,MINIMARKET LOURDES SPA,34 - Quillota / La Calera,78037354-7,GERMAN RIESCO 395,QUILLOTA,78037354-7
__export__.res_partner_65347_7d32cfcd,MINIMARKET MARIA ANGELICA LARRONDO PEREZ E.I.R.L.,2 - Valparaiso C,78480366-K,OBISPO VALDES SUBERCASEAUX 1421 - CURAUMA,VALPARAISO - CURAUMA,78480366-K
__import__.7745876240C,MINIMARKET MODESTA ISABEL VARGAS GUZMAN EIRL ,34 - Quillota / La Calera,77458762-4,FRANCISCO BILBAO 160,LA CRUZ,77458762-4
__import__.7739435400C,MINIMARKET NATIVIDAD GALLARDO ORTEGA E.I.R.L. ,18 - Los Andes/San Felipe,77394354-0,PJE GABRIEL M 155 CUMBRE CALLE LARGA,LOS ANDES,77394354-0
__import__.7786656540C,MINIMARKET NICOLAS ROJAS E.I.R.L. ,35 - Recreo/Forestal,77866565-4,MANUEL RODRIGUEZ 1495,VIÑA DEL MAR,77866565-4
__export__.res_partner_53246_d0b32b51,MINIMARKET NORITA M&J SPA,17 - Limache/Olmue,78313128-5,AV GRANIZO PARADERO 34,OLMUE,78313128-5
__import__.7768367450C,MINIMARKET PATRICIO SANTIAGO OSORIO ESCOBAR E.I.R.L. ,13 - Congelados Interior,77683674-5,FDO LAS PIEDRAS LT 54 SC. V,QUILPUÉ,77683674-5
__import__.7788899350C,MINIMARKET RAMÍREZ SPA ,34 - Quillota / La Calera,77888993-5,MATADERO BLOCK X 500 DP 103 ALTOS SERRANO,QUILLOTA,77888993-5
__export__.res_partner_66130_a301b949,MINIMARKET RAYO LEON SPA,8 - Santa Ines/Villa Hermosa,77849687-9,PASAJE F 51,VIÑA DEL MAR,77849687-9
__export__.res_partner_65937_ac1d1634,MINIMARKET REBECA SPA,19 - Tabolango - Papudo,78230952-8,RUPERTO BERNAL ESQUINA GENERAL VELASQUEZ,PUCHUNCAVI,78230952-8
__export__.res_partner_53255_43d3a1e2,MINIMARKET RODRIGO SILVA SOLARI E.I.R.L.,13 - Congelados Interior,78146685-9,IGNACIO CARRERA PINTO 0372,VILLA ALEMANA,78146685-9
__import__.780044251C,MINIMARKET ROSA PAULINA CARVAJAL E.I.R.L.,20 - HORECA,78004425-K,LOS ALERCES #495 VISTA AL MAR,CONCÓN,78004425-K
__export__.res_partner_66034_76976dd4,MINIMARKET SAN ANTONIO URBANA DEL TRANSITO GOMEZ VILLALOVOS,34 - Quillota / La Calera,5383448-5,YUNGAY 477 QUILLOTA,QUILLOTA,5383448-5
__import__.7736684181C,MINIMARKET SAN JORGE JOS LORENZO PIZARRO CARTAJENA EIRL ,13 - Congelados Interior,77366841-8,LOS PALTOS 3142 C ALBATROS,VILLA ALEMANA,77366841-8
__import__.7819114610C,MINIMARKET SILVIA LUZMIRA FERNANDEZ ITURRIETA E.I.R.L. ,13 - Congelados Interior,78191146-1,AVIADOR FIGUEROA 1450 PALMILLA BAJA SUR,VILLA ALEMANA,78191146-1
__import__.77272859K1C,MINIMARKET SUPER CUQUI 2.0 LENIN MONTILVA EIRL,35 - Recreo/Forestal,77272859-K,AGUA SANTA 77,VIÑA DEL MAR,77272859-K
__import__.7754033140C,MINIMARKET Y BOTILLERIA DONDE EL TANO SPA ,18 - Los Andes/San Felipe,77540331-4,COSTANERA PONIENTE 471,VALPARAÍSO,77540331-4
__import__.7742707950C,MINIMARKET YERAY SPA ,18 - Los Andes/San Felipe,77427079-5,CALLE NUEVA 2 136  LT CARLOS PEZO A VELIZ 6,SAN FELIPE,77427079-5
__import__.7741995270C,MINIMARKET YIYO SPA ,35 - Recreo/Forestal,77419952-7,DEL PEUMO 475,VIÑA DEL MAR,77419952-7
__export__.res_partner_65748_b1e3b079,MINIMARKET YORK SPA,2 - Valparaiso C,78439105-1,SAN PABLO 491 PLAYA ANCHA,VALPARAISO,78439105-1
__import__.77864018K1C,"MINIMARKET, CRISTIAN ANDRÉS DÍAZ GUZMÁN E.I.R.L.",18 - Los Andes/San Felipe,77864018-K,PJ CONVENTO SN ANTO 544 LOTEO EL ALMENDRAL,SAN FELIPE,77864018-K
__export__.res_partner_63657_3cb1ec20,MINIMERCADO JOSE ANGEL ALVARADO CABRERA E.I.R.L.,13 - Congelados Interior,78400253-5,PATRICIO LYNCH 230,QUILPUE,78400253-5
__import__.854064421C,MIRANDA GUTIERREZ MARIA INES,17 - Limache/Olmue,8540644-2,"BERNARDO O'HIGGINS 2653, PARADERO 25",OLMUÉ,8540644-2
__import__.7658685720C,MISTER SHAWERMA LIMITADA,20 - HORECA,76586857-2,4 PONIENTE N° 142 VIÑA CENTRO,VIÑA DEL MAR,76586857-2
__import__.11831946K1C,MITCHELL ROJAS LORENA JESSICA ,35 - Recreo/Forestal,11831946-K,CALLE VARIANTE AGUA SANTA PARADERO 3 N°3265 NUEVA AURORA,VIÑA DEL MAR,11831946-K
__import__.1295591950C,MOLINA ANABALON IVAN EDUARDO ,18 - Los Andes/San Felipe,12955919-5,LOS JASMINES VILLA LAS FLORES 10 SN RINCONADA,LOS ANDES,12955919-5
__import__.998444771C,MOLINA ARAYA ANA DEL CARMEN,13 - Congelados Interior,9984447-7,CALLE OLMUE N°4,VILLA ALEMANA,9984447-7
__import__.7213950K1C,MOLINA MASSIAN ODETTE ,8 - Santa Ines/Villa Hermosa,7213950-K,EL AVELLANO 3091 MIRAFLORES ALTO,VIÑA DEL MAR,7213950-K
__import__.1506123220C,MOLINA MUÑOZ EDUARDO ANDRES ,18 - Los Andes/San Felipe,15061232-2,LOS JAZMINES 10,RINCONADA,15061232-2
__import__.7750964890C,MONCHI SPA ,34 - Quillota / La Calera,77509648-9,DIECIOCHO 2,QUILLOTA,77509648-9
__import__.1558793190C,MONDACA GONZALEZ CRISTIAN ALEXANDER ,19 - Tabolango - Papudo,15587931-9,AV EL BOSQUE 2799,QUINTERO,15587931-9
__import__.1282150180C,MONDACA SAAVEDRA NATALIA DEL CARMEN ,17 - Limache/Olmue,12821501-8,SAN FELIX 208 VILLA SAN ALFONSO,LIMACHE,12821501-8
__export__.res_partner_66137_dc943cd7,MONDACA TORDECILLA CLARA BEATRIZ,34 - Quillota / La Calera,7647142-8,PABLO DOMINGUEZ 2033,QUILLOTA,7647142-8
__import__.7615090631C,MONTANE HODAR Y CIA LIMITADA ,8 - Santa Ines/Villa Hermosa,76150906-3,LOS PLATANOS 2180,VIÑA DEL MAR,76150906-3
__import__.836583391C,MONTECINOS PAREDES MIGUEL ANGEL ,8 - Santa Ines/Villa Hermosa,8365833-9,6 SUR 4078 TERCER SECTOR GOMEZ CARREÑO,VIÑA DEL MAR,8365833-9
__import__.784658240C,MONTENEGRO PALMA JAVIER ERNESTO ,18 - Los Andes/San Felipe,7846582-4,PASAJE LLLARETA 64,LOS ANDES,7846582-4
__export__.res_partner_65894_8892e822,MONTES MILLAS NATALIA JACQUELINE,34 - Quillota / La Calera,16058204-9,MAIPU 156,QUILLOTA,16058204-9
__import__.526323660C,MONTES QUINONES MARIA ANGELICA ,8 - Santa Ines/Villa Hermosa,5263236-6,AV ANITA LIZANA PARADERO 8 161 SN,VIÑA DEL MAR,5263236-6
__export__.res_partner_52460_58a90319,MORA RIVEROS SEBASTIAN ALEXANDER,2 - Valparaiso C,17472969-7,"JOSÉ SEREY 252, PLAYA ANCHA",VALPARAÍSO,17472969-7
__import__.9238473K1C,MORA VARAS MARIA EUGENIA ,8 - Santa Ines/Villa Hermosa,9238473-K,EXTREMADURA Nº 55 LOCAL 10 2º SECTOR GOM,VIÑA DEL MAR,9238473-K
__export__.res_partner_52685_cdd04e1c,MORALES AVILA JENIFER ESTEFANIA ,19 - Tabolango - Papudo,17328773-9,AV EL BOSQUE 2927 SITIO 8 /SIN,Quintero ,17328773-9
__import__.1242058080C,MORALES FUENTES MARGARITA DEL CARMEN ,34 - Quillota / La Calera,12420580-8,POBLACION CHILE NUEVO LOS COPIHUES 1164,QUILLOTA,12420580-8
__import__.1265745171C,MORALES IZQUIERDO GLORIA JACQUELINE ,8 - Santa Ines/Villa Hermosa,12657451-7,LAGO VILLARRICA 985 MIRADOR DE REÑACA,VALPARAÍSO,12657451-7
__import__.1530870321C,MORALES LORCA JORGE FERNANDO ,13 - Congelados Interior,15308703-2,ANDES 715 POBL WILSON PEÑABLANCA,VILLA ALEMANA,15308703-2
__import__.1545176181C,MORALES MUNOZ JOHANNA FRANCESCA ,8 - Santa Ines/Villa Hermosa,15451761-8,GASTON OSSA 335,QUILPUÉ,15451761-8
__import__.1823784100C,MORALES TOLOZA ANGIE GERALDINE ,34 - Quillota / La Calera,18237841-0,CALLE MONET 631,QUILLOTA,18237841-0
__import__.881736270C,MORALES ZAVALA MIGUEL ENRIQUE ,13 - Congelados Interior,8817362-7,ARRIETA 23-A,VILLA ALEMANA,8817362-7
__import__.1214939930C,MORENO CAMUS ADOLFO LUIS ,35 - Recreo/Forestal,12149399-3,AVDA BLANCA VERGARA 1089 FORESTAL,VIÑA DEL MAR,12149399-3
__import__.1017458131C,MORENO YANEZ JONNY ROLANDO ,2 - Valparaiso C,10174581-3,RECABARREN 11,VALPARAÍSO,10174581-3
__import__.1295261730C,MOSCOSO VARGAS ELIZABTH DEL CARMEN ,18 - Los Andes/San Felipe,12952617-3,"CASUTO 354, VILLA SAN JOSE",LOS ANDES,12952617-3
__import__.10160991K0C,MOYA JELDRES ROXANA EUGENIA ,2 - Valparaiso C,10160991-K,VICTORIA 2350,VALPARAÍSO,10160991-K
__import__.1443612451C,MOYA PENA KEREN JEMIMAH,34 - Quillota / La Calera,14436124-5,CALLE UNO 287,QUILLOTA,14436124-5
__import__.7799541451C,MP INTERNATIONAL SPA,20 - HORECA,77995414-5,AV LIBERTAD 50,VIÑA DEL MAR,77995414-5
__export__.res_partner_52820_a970d79c,MUNOZ SEPULVEDA ELSA MARGARITA,19 - Tabolango - Papudo,12659645-6,CALLE EL CORAL 1749 VILLA MARINA PAPUDO,PAPUDO,12659645-6
__import__.817672380C,MUSSO GALAZ JAQUELINE DE LAS MERCEDES ,34 - Quillota / La Calera,8176723-8,21 DE MAYO 2482,LA CRUZ,8176723-8
__import__.7803883151C,MUÑOZ & MUÑOZ LIMITADA ,13 - Congelados Interior,78038831-5,EL ROCIO 1141,VILLA ALEMANA,78038831-5
__import__.5786222K0C,MUÑOZ BUSTOS JAIME HEBER ,18 - Los Andes/San Felipe,5786222-K,MEMBRILLAR 174,LOS ANDES,5786222-K
__import__.972417241C,MUÑOZ MILLAN ELIZABETH DEL CARMEN ,35 - Recreo/Forestal,9724172-4,AVDA. LAS AMERICAS 25 POB. PROGRESO PLAC,VALPARAÍSO,9724172-4
__import__.984808031C,MUÑOZ MUÑOZ DEONILA DEL CARMEN ,8 - Santa Ines/Villa Hermosa,9848080-3,CALLE PRINCIPAL 1 GLORIAS NAVALES,VIÑA DEL MAR,9848080-3
__import__.1122233550C,MUNOZ MUNOZ PAMELA DE LOURDES ,19 - Tabolango - Papudo,11222335-5,AV ARGENTINA 603 603,QUINTERO,11222335-5
__export__.res_partner_64839_a97085df,MUÑOZ OSORIO VIVANA DEL CARMEN,8 - Santa Ines/Villa Hermosa,11065238-0,POB G LORCA C 49 G LORCA,Viña Del Mar,11065238-0
__import__.1012983610C,MUÑOZ PARRA NELSON JAVIER ,8 - Santa Ines/Villa Hermosa,10129836-1,AV VIÑA DEL MAR 41 LOTE 15 EL PANTANAL  MIRAFLORES,VIÑA DEL MAR,10129836-1
__import__.679681070C,MUÑOZ TAPIA MARIA ELIANA ,34 - Quillota / La Calera,6796810-7,CALLE MARIA TERESA N°6 SAN PEDRO,QUILLOTA,6796810-7
__import__.7740921880C,MUÑOZ Y PONCE VENTA DE ALIMENTOS LIMITADA ,17 - Limache/Olmue,77409218-8,RUTA F - 10- G ESQ RINCON LO CASTRO QDA,VALPARAÍSO,77409218-8
__import__.1083280610C,MUNOZ ZAMBRANO MARCELA DEL CARMEN ,18 - Los Andes/San Felipe,10832806-1,LT 8 AL 12 LOS LIRTOS,LOS ANDES,10832806-1
__import__.7797538083C,NAFTIKOS GENERAL SHIP´S SUPPLIER SPA,8 - Santa Ines/Villa Hermosa,77975380-8,DIONISIO HERNANDEZ 338 A SANTA JULIA,VIÑA DEL MAR,77975380-8
__import__.7730865911C,NAMANTU SPA ,34 - Quillota / La Calera,77308659-1,J.J.PEREZ # 99,LA CALERA,77308659-1
__import__.7730865910C,NAMANTU SPA ,34 - Quillota / La Calera,77308659-1,FREIRE 293-295,QUILLOTA,77308659-1
__export__.res_partner_65377_f60fd240,NASSER Y COMPAÑIA LIMITADA  ,35 - Recreo/Forestal,79664470-2,ALVAREZ 1384,VIÑA DEL MAR,79664470-2
__import__.957156210C,NAVARRETE GONZALEZ MONICA ISABEL ,19 - Tabolango - Papudo,9571562-1,FUERTE AGUAYO S/N ASENTAMIENTO INDEPENDENCIA,CONCÓN,9571562-1
__import__.1946232831C,NAVARRETE MONTENEGRO RAFAEL FERNANDO,8 - Santa Ines/Villa Hermosa,19462328-3,"EL ROSEDAL 43,  SANTA JULIA",VIÑA DEL MAR,19462328-3
__import__.1119431090C,NAVARRETE MURA LUCY ANTONIA ,18 - Los Andes/San Felipe,11194310-9,LAS IUSIONES 36,LOS ANDES,11194310-9
__export__.res_partner_66295_248bce1c,HECTOR RICARDO EUGENIO NAVARRETE PEREZ,19 - Tabolango - Papudo,9506952-5,CALLE PORTALES 640,LA LIGUA,9506952-5
__import__.1014427481C,NAVARRO BRIONES MARIA ISABEL ,17 - Limache/Olmue,10144274-8,VIVA CHILE 50,LIMACHE,10144274-8
__import__.858172642C,NAVARRO CESPEDES VERONICA DE LAS MERCEDES ,8 - Santa Ines/Villa Hermosa,8581726-4,CALLE AV MAR DE CHILE 304 (CARNICERIA),VIÑA DEL MAR,8581726-4
__import__.858172641C,NAVARRO CESPEDES VERONICA DE LAS MERCEDES ,8 - Santa Ines/Villa Hermosa,8581726-4,CALLE AV MAR DE CHILE 304,VIÑA DEL MAR,8581726-4
__import__.898907991C,NAVARRO HERRERA CECILIA SOLEDAD ,13 - Congelados Interior,8989079-9,PJE. POLCURA 259,QUILPUÉ,8989079-9
__import__.728112831C,NAVARRO LIZAMA MIGUEL ANGEL ,13 - Congelados Interior,7281128-3,LOS CARRERA 699 POBLACION VALENCIA,QUILPUÉ,7281128-3
__import__.737394381C,NAVARRO ZAMORA ALVARO SEGUNDO ,13 - Congelados Interior,7373943-8,EL PIMIENTO 747 POB. MARGA MARGA,VILLA ALEMANA,7373943-8
__export__.res_partner_63663_017d6f43,NAVAS VASQUEZ JOSE TARCISIO,35 - Recreo/Forestal,26667613-1,CAMINO REAL 2275,VIÑA DEL MAR,26667613-1
__import__.1448358241C,NAVEA HERRERA ROBINSON RODRIGO ,8 - Santa Ines/Villa Hermosa,14483582-4,LONQUIMAY Nº 6 PDO 8 1/2 REÑACA ALTO VIÑA DEL MAR,VIÑA DEL MAR,14483582-4
__import__.7665099830C,NELSO NAVIA E HIJOS COMPAÑIA LIMITADA ,34 - Quillota / La Calera,76650998-3,TORCAZA N° 656  POBL CAUPOLICAN,LA CALERA,76650998-3
__import__.7745892870C,NICOLA'S SPA ,18 - Los Andes/San Felipe,77458928-7,CALLE AVENTINUS 138,LOS ANDES,77458928-7
__export__.res_partner_53097_6aef251f,NICOLAS GARDILCIC Y COMPANIA LIMITADA,20 - HORECA,77732040-8,AV. CENTRAL 191 REÑACA,VIÑA DEL MAR,77732040-8
__import__.2696858750C,NIETO CABARICO NANCY COROMOTO ,34 - Quillota / La Calera,26968587-5,AVDA 21 MAYO 35 3 LOCAL RECINTO ESTACIÓN QUILLOTA,QUILLOTA,26968587-5
__export__.res_partner_66072_43232093,NILO RAMIREZ MARGARITA MAGALY,16 - Especializado Litoral,9740351-1,LAS HORTENSIA 22,SANTO DOMINGO,9740351-1
__import__.72669441C,NINOLES BARRERA MARIA DEL PILAR ,20 - HORECA,7266944-4,AVENIDA CONCON REÑACA 480,CONCÓN,7266944-4
__import__.77756868K1C,NONITO LA DESPENSA LIMITADA ,20 - HORECA,77756868-K,BLANCA ESTELA 1927 10,CONCÓN,77756868-K
__import__.7613251911C,NUEVA ALIMENTACION LIMITADA,2 - Valparaiso C,76132519-1,LUIS CARVALLO 211 PLAYA ANCHA,VALPARAÍSO,76132519-1
__export__.res_partner_66005_60a8e51d,NUNEZ JEREZ LUIS HUMBERTO,19 - Tabolango - Papudo,9368999-2,PRINCIPAL 113,PUCHUNCAVI,9368999-2
__import__.933565271C,NUÑEZ BECERRA JORGE BERNABE ,13 - Congelados Interior,9335652-7,VALLE DEL PARAÍSO 2828 *,QUILPUÉ,9335652-7
__import__.7700628370C,OCEAN CAFE GIZELLA ADELA PORPPACZY TAPIA EIRL,20 - HORECA,77006283-7,13 NORTE 886,VIÑA DEL MAR,77006283-7
__export__.res_partner_65190_5d933d42,OLAECHEA HERMANOS Y COMPANIA LIMITADA,2 - Valparaiso C,77485150-K,SALVADOR DONOSO 1366,Valparaiso ,77485150-K
__import__.808575941C,OLEA ROJAS MONICA DEL CARMEN ,35 - Recreo/Forestal,8085759-4,IQUIQUE 71 NUEVA AURORA,VIÑA DEL MAR,8085759-4
__import__.716176961C,OLGA CECILIA AMANDA BASTIAS CASTILLO,20 - HORECA,7161769-6,AVDA MARINA 150 LOCAL 1,VIÑA DEL MAR,7161769-6
__import__.908123271C,OLIVARES CARTAGENA JAIME ANTONIO ,8 - Santa Ines/Villa Hermosa,9081232-7,SALAR DE ATACAMA Nº 8 REÑACA ALTO,VIÑA DEL MAR,9081232-7
__import__.1282137403C,OLIVARES CATALDO DANIEL ALEJANDRO,17 - Limache/Olmue,12821374-0,18 DE SEPTIEMBRE 568,LIMACHE,12821374-0
__import__.933824390C,OLIVARES COLLAO LUIS DANILO ,34 - Quillota / La Calera,9338243-9,PRINCIPAL 7 SAN PEDRO,QUILLOTA,9338243-9
__import__.13194036K0C,OLIVARES FLORES HAROLD CRISTIAN ,13 - Congelados Interior,13194036-K,BLANCO 1248 QUILPUE,QUILPUÉ,13194036-K
__import__.8564548K0C,OLIVARES GONZALES LUIS ,35 - Recreo/Forestal,8564548-K,AV. MATTA Nº2826 CO. PLACERES,VALPARAÍSO,8564548-K
__import__.764100621C,OLIVARES MIRANDA ELENA DEL CARMEN ,17 - Limache/Olmue,7641006-2,VICTORIA 175 MAITENES ALTO LIMACHE,LIMACHE,7641006-2
__import__.915835691C,OLIVARES OLEA JUAN LUIS ,35 - Recreo/Forestal,9158356-9,SALVADOR VERGARA 558 FORESTAL BAJO,VIÑA DEL MAR,9158356-9
__import__.1295190530C,OLIVARES SARAVIA KATHERINE TATANIA ,34 - Quillota / La Calera,12951905-3,PJE CHAPO 2017 VILLA CASAS PARQUE,LA CALERA,12951905-3
__import__.1056504340C,OLIVOS DE LA VEGA ITALA RUPERTA ,19 - Tabolango - Papudo,10565043-4,LUIS DE LA CRUZ 21,QUINTERO,10565043-4
__import__.77868439K0C,OLMEDO Y LARA LIMITADA,20 - HORECA,77868439-K,6 NORTE 119,VIÑA DEL MAR,77868439-K
__export__.res_partner_65750_c8b39da9,OLMOS FIGUEROA ISABEL CAROLINA,34 - Quillota / La Calera,17209471-6,5 DE ABRIL 1486,QUILLOTA,17209471-6
__import__.1271910421C,ORDENES GUERRA LORENA ,13 - Congelados Interior,12719104-2,EL ALBA N°924 BELLOTO SUR,QUILPUÉ,12719104-2
__import__.1505659280C,ORDENES SILVA MELISSA EVELLINS,2 - Valparaiso C,15056592-8,JUANA ROSS 541-A,VALPARAÍSO,15056592-8
__import__.10311263K1C,ORELLANA ERAZO DELFIN ANTONIO,35 - Recreo/Forestal,10311263-K,AV 21 DE MAYO 1190 CERRO ESPERANZA,VALPARAÍSO,10311263-K
__import__.2237699340C,ORELLANA LETELIER CARLOS ARIEL ,13 - Congelados Interior,22376993-4,VALPARAISO 443 LT 2,VILLA ALEMANA,22376993-4
__import__.1891346220C,ORELLANA MORALES VALERIA CECILIA ,13 - Congelados Interior,18913462-2,BELGRANO 695 QUIPUE,QUILPUÉ,18913462-2
__import__.1284477760C,ORELLANA MUNOZ CAROLINA ELENA ,8 - Santa Ines/Villa Hermosa,12844777-6,ESTERO PUANGUE 899,VIÑA DEL MAR,12844777-6
__import__.2656769870C,ORIHUELA DE LOPEZ SOL NAOMI ,34 - Quillota / La Calera,26567698-7,SAN FRANCISCO LA PALMA 135,QUILLOTA,26567698-7
__import__.7675556870C,ORLANDO ALFONSO TAPIA VILLEGAS EIRL ,13 - Congelados Interior,76755568-7,OJOS DE AGUA 212 VILLA EL SAUCE,QUILPUÉ,76755568-7
__import__.1755920161C,OROMI CABEZAS MONSERRAT ,13 - Congelados Interior,17559201-6,LAGO RANCO 2711 RIO LIMARI VILLA ALEMANA,VILLA ALEMANA,17559201-6
__import__.10616844K0C,ORTEGA LAVIN JESSICA KARINA ,13 - Congelados Interior,10616844-K,HUANHUALI 1350 BLOCK 39 DEPTO 103,VILLA ALEMANA,10616844-K
__import__.816375390C,ORTEGA SANDOVAL RAUL ENRIQUE ,35 - Recreo/Forestal,8163753-9,CAMINO REAL 2281,VIÑA DEL MAR,8163753-9
__import__.1037540111C,ORTIZ PALMA DIGNA GRACIELA ,35 - Recreo/Forestal,10375401-1,MARINERO JOSE CEA HEROES DEL MAR,VALPARAÍSO,10375401-1
__import__.1344398900C,ORTIZ TORREALBA VIVIANA PAULA ,19 - Tabolango - Papudo,13443989-0,VALLE ALEGRE SITIO 12,QUINTERO,13443989-0
__import__.7728858490C,ORTUBIA HUERTA Y COMPAÑIA LIMITADA ,2 - Valparaiso C,77288584-9,RAMON GARCIA 511 T 10LAGUNA VERDE,VIÑA DEL MAR,77288584-9
__import__.77096072K1C,OSCAR CONTRERAS E.I.R.L,8 - Santa Ines/Villa Hermosa,77096072-K,PASAJE LA CALETA 025 MIRADOR DE REÑACA,VIÑA DEL MAR,77096072-K
__import__.1323097791C,OSEGA VALENZUELA DANIEL ISAIAS ,20 - HORECA,13230977-9,JARDIN PONIENTE N°78 POBL. LAS GAVIOTAS CONCON,CONCÓN,13230977-9
__import__.751776150C,OSORIO VALENZUELA LUIS HERNAN ,2 - Valparaiso C,7517761-5,BELLAVISTA N°411,VALPARAÍSO,7517761-5
__export__.res_partner_65991_a824bcfb,OSVALDO ANTONIO YAÑEZ ROJAS,19 - Tabolango - Papudo,12239531-6,LOS PESCADORES 2741,VALPARAISO,12239531-6
__import__.12950207K1C,OTAROLA LOPEZ MARIBEL SOLEDAD ,8 - Santa Ines/Villa Hermosa,12950207-K,LAS LOICAS 2631 LIBERTAD,VIÑA DEL MAR,12950207-K
__export__.res_partner_52720_e23debc9,OTRAS ACTIVIDADES DE VENTA CAFETERIA AL POR MENOR CAROLINE DE LAS MERCEDES PIZARRO GARRIDO E.I.R.L.,2 - Valparaiso C,78253722-9,FUNDO CURAUMA PC 1485,PLACILLA,78253722-9
__import__.969098961C,OYANEDEL GONZALEZ CARMEN GLORIA ,35 - Recreo/Forestal,9690989-6,BLANCA VERGARA Nº 1947 FORESTAL ALTO,VIÑA DEL MAR,9690989-6
__export__.res_partner_63585_1ed85d5e,OYANEDER BECERRA MYRIAM DEL CARMEN,35 - Recreo/Forestal,8682713-1,ANTOFAGASTA 125,VIÑA DEL MAR,8682713-1
__import__.1302331551C,OYARCE MARIN JORGE DOMINGO ,2 - Valparaiso C,13023315-5,PJE LOS HUILMOS 1702 CARDENAL SAMORE 4,VALPARAÍSO,13023315-5
__import__.632946751C,PACHECO VASQUEZ SERGIO ,13 - Congelados Interior,6329467-5,VICTORIA 97,VILLA ALEMANA,6329467-5
__export__.res_partner_65897_c2e40bd4,PALACIOS ARRIAGADA ROBERTO SEGUNDO,19 - Tabolango - Papudo,8721536-9,LUIS CAUSIÑO 516,QUINTERO,8721536-9
__import__.950104740C,PALACIOS MEJIAS ALFONSO ENRIQUE ,18 - Los Andes/San Felipe,9501047-4,PEDRO AGUIRRE CERDA 15,LOS ANDES,9501047-4
__import__.936592010C,PALACIOS MORALES LUIS ALBERTO ,19 - Tabolango - Papudo,9365920-1,CACIQUE CARANDE 1516,PAPUDO,9365920-1
__import__.7632298660C,PALACIOS Y PALACIOS LIMITADA ,19 - Tabolango - Papudo,76322986-6,CALLE VICTOR FAZIO 1502,PAPUDO,76322986-6
__import__.852733450C,PALAPE PALACIOS GUSTAVO,20 - HORECA,8527334-5,VISTA AL MAR PASAJE C N°70 CON CON,CONCÓN,8527334-5
__export__.res_partner_64890_4be31f52,PAN Y TEXTURAS SPA,35 - Recreo/Forestal,78008891-5,LIMACHE 1704 LOCAL 02 ED. CONTEMPORANEO,VIÑA DEL MAR,78008891-5
__import__.7605448842C,PAN. OSCAR ARRIAGADA GARCES E.I.R.L,13 - Congelados Interior,76054488-4,BAQUEDANO 552 PEÑA BLANCA,VILLA ALEMANA,76054488-4
__export__.res_partner_65924_6e9f2653,PANADERIA DENIS OSVALDO CASTRO SIERRA EMPRESA INDIVIDUAL DE RESPONSABILIDAD LIMITADA,34 - Quillota / La Calera,76868929-6,RAFAEL ARIZTIA 175,QUILLOTA,76868929-6
__import__.7707460351C,PANADERIA EL CHACO SPA,8 - Santa Ines/Villa Hermosa,77074603-5,PJE BELGICA 1 MZ H PC 6 SANTA ANA,VIÑA DEL MAR,77074603-5
__export__.res_partner_65369_12265d60,PANADERIA LA EMMITA SPA,13 - Congelados Interior,77049531-8,SANTIAGO 802,VILLA ALEMANA,77049531-8
__export__.res_partner_66169_1012f46f,PANADERIA LA ORQUIDEA SPA,34 - Quillota / La Calera,77374292-8,LAS ARAUCARIAS 1206,QUILLOTA,77374292-8
__export__.res_partner_65789_210fe7fe,PANADERIA LA TINA SPA,34 - Quillota / La Calera,77076527-7,CHACABUCO 131,QUILLOTA,77076527-7
__import__.7722092664C,PANADERIA MARSELLA SPA ,13 - Congelados Interior,77220926-6,CALLE LLANQUIHUE 2897 POB RUMIE,VILLA ALEMANA,77220926-6
__import__.7638562160C,PANADERIA MONTGOMERY LIMITADA ,2 - Valparaiso C,76385621-6,AV OBISPO VALDES SUBERCASEAUX 408 PLACILLA,VALPARAÍSO,76385621-6
__export__.res_partner_65899_45018cc0,PANADERIA PASTELERIA Y CAFETERIA BETZABETH ALIXANDRA MUÑOZ ARELLANO E.I.R.L.,34 - Quillota / La Calera,77147495-0,FREIRE 112,QUILLOTA,77147495-0
__import__.7810684971C,PANADERIA Y ABARROTES XIMENA PATRICIA OLGUIN TRIVIÑO E.I.R.L. ,8 - Santa Ines/Villa Hermosa,78106849-7,CALLE ALMIRANTE GÓMEZ CARREÑO 3689,VIÑA DEL MAR,78106849-7
__export__.res_partner_66333_a5411573,PANADERIA Y CAFETERIA LOS PEQUES SPA ,13 - Congelados Interior,78365102-5,VALLE DEL PARAÍSO 2848,QUILPUE,78365102-5
__import__.7802957670C,PANADERIA Y MINIMARKET LA FAMILIA 2 SPA ,34 - Quillota / La Calera,78029576-7,CALLE SAN LORENZO 960 VILLA LA CALERA,LA CALERA,78029576-7
__export__.res_partner_65153_416aed1d,PANADERIA Y PASTELERIA ADOLFO ESTEBAN FREZ LIRA EMPRESA INDIVIDUAL DE RESPONSABILIDAD LIMITADA,20 - HORECA,76461019-9,CALLE SAN ANTONIO 1213,VIÑA DEL MAR,76461019-9
__import__.7768396980C,PANADERIA Y PASTELERIA VICTORIA SPA ,35 - Recreo/Forestal,77683969-8,SIMON BOLIVAR PLAZA FORE 514,VIÑA DEL MAR,77683969-8
__export__.res_partner_65112_310ac963,PANADERIA Y PASTELERIA ZINCKER HNOS. LTDA  ,35 - Recreo/Forestal,76916094-9,CALLE VALPARAISO 981,VIÑA DEL MAR,76916094-9
__import__.7694464350C,PANADERÍA Y AMASANDERIA J & P LIMITADA ,19 - Tabolango - Papudo,76944643-5,MANUEL RODRIGUEZ 251,PUCHUNCAVÍ,76944643-5
__import__.760442071C,PANIFICADORA ANDREA LIMITADA,8 - Santa Ines/Villa Hermosa,76044207-0,LOS TULIPANES 850 MIRADOR DE REÑACA,VIÑA DEL MAR,76044207-0
__export__.res_partner_65861_4e94a2db,PANIFICADORA FAMILIA CHAVEZ SALINAS SPA,19 - Tabolango - Papudo,78081863-8,EL BOSQUE 2593,QUINTERO,78081863-8
__import__.7639495911C,PANIFICADORA LUIS DARIO RODRIGUEZ FREZ E ,8 - Santa Ines/Villa Hermosa,76394959-1,PABLO NERUDA 126 VILLA INDEPENDENCIA,VIÑA DEL MAR,76394959-1
__import__.7608348581C,PANIFICADORA RECO LEVANTE LIMITADA ,2 - Valparaiso C,76083485-8,QUEBRADA VERDE Nº 398 PLAYA ANCHA,VALPARAÍSO,76083485-8
__import__.7689815071C,PANIFICADORA RICARDO BRITO ALDERETE EIRL ,35 - Recreo/Forestal,76898150-7,BARROS ARANA # 617,VALPARAÍSO,76898150-7
__export__.res_partner_65154_41d327db,PANIFICADORA Y CONGELADOS BEATRIZ GALVEZ VIDAL E.I.R.L.,35 - Recreo/Forestal,77094958-0,ARLEGUI 1012,VIÑA DEL MAR,77094958-0
__import__.7656848700C,PAOLA MILLARAY SANTANA GUTIERREZ PRODUCCION DE EVENTOS EIRL,20 - HORECA,76568487-0,AV BORGOÑO 25170 1 Y 2,CONCÓN,76568487-0
__import__.752743271C,PARADA ESPINOZA OLGA SARA ,17 - Limache/Olmue,7527432-7,CAMINO TRONCAL 6680 LC 4,LIMACHE,7527432-7
__import__.654423450C,PAREDES ESPINOZA MARIO ,8 - Santa Ines/Villa Hermosa,6544234-5,PACIFICO Nº 4509 GOMEZ CARREÑO,VIÑA DEL MAR,6544234-5
__import__.5072526K0C,PAREDES JEREZ GABRIEL HERNAN ,2 - Valparaiso C,5072526-K,PARCELA 50 CAMINO EL FARO LAGUNA VERDE,VALPARAÍSO,5072526-K
__import__.8942481K0C,PAREDES LEAL ALEXIS RENE,35 - Recreo/Forestal,8942481-K,ARLEGUI 1175,VIÑA DEL MAR,8942481-K
__import__.663508940C,EDUARDO PARKER DONOSO,20 - HORECA,6635089-4,AV VALPARAISO 296,VIÑA DEL MAR,6635089-4
__import__.7614940580C,PARQUE ACUATICO AVIVA LIMITADA,8 - Santa Ines/Villa Hermosa,76149405-8,CAMINO INTERNACIONAL 1155 GLORIAS NAVALE,VIÑA DEL MAR,76149405-8
__import__.808562290C,PARRA BARRA ROSA ELENA ,34 - Quillota / La Calera,8085622-9,PASAJE DOS 88,QUILLOTA,8085622-9
__import__.2649174331C,PARRA BOHORQUEZ KENRY JOSE,13 - Congelados Interior,26491743-3,MARGA MARGA 3380,QUILPUÉ,26491743-3
__import__.907791680C,PARRA GUTIERREZ JUAN ANTONIO ,18 - Los Andes/San Felipe,9077916-8,PASO LOS ANDES 1250,LOS ANDES,9077916-8
__export__.res_partner_66111_dca11486,PARRA INOSTROZA FABIOLA JEANNETTE,34 - Quillota / La Calera,15062972-1,AGUSTIN AVEZON ESQUINA PASAJE AMAPOLA,QUILLOTA,15062972-1
__import__.1381689132C,PARRA PARRA FERNANDO ,13 - Congelados Interior,13816891-3,TRONCOS VIEJOS N 30,VILLA ALEMANA,13816891-3
__import__.7756184771C,PASTELERIA MINIMARKET JACQUELINE DEL CARMEN RECABARREN OLMOS EIRL,2 - Valparaiso C,77561847-7,SOLDADO BARRERA 127 PLAYA ANCHA,VALPARAÍSO,77561847-7
__export__.res_partner_65271_99877677,PASTELERIA Y BANQUETERIA AMERICA SPA,20 - HORECA,76926586-4,5 NORTE 336,Viña del mar,76926586-4
__export__.res_partner_65977_3f4940e9,PASTELERIA Y BANQUETERIA LUZ CHARME LIMITADA,20 - HORECA,89824900-K,5 NORTE 361,VIÑA DEL MAR,89824900-K
__import__.7617821933C,PATRICIA QUEZADA Y CIA LTDA ,35 - Recreo/Forestal,76178219-3,TOLSON 80,VALPARAÍSO,76178219-3
__import__.7617821931C,PATRICIA QUEZADA Y CIA LTDA ,8 - Santa Ines/Villa Hermosa,76178219-3,LAS AZUCENAS 795,VIÑA DEL MAR,76178219-3
__import__.76178219311C,PATRICIA QUEZADA Y CIA LTDA ,8 - Santa Ines/Villa Hermosa,76178219-3,AV GOMEZ CARREÑO 4274 LOCAL 8,VIÑA DEL MAR,76178219-3
__import__.76178219310C,PATRICIA QUEZADA Y CIA LTDA ,8 - Santa Ines/Villa Hermosa,76178219-3,AV PACIFICO 4531 PRIMER SECTOR,VIÑA DEL MAR,76178219-3
__import__.7617821939C,PATRICIA QUEZADA Y CIA LTDA ,2 - Valparaiso C,76178219-3,LEVARTE 803 PLAYA ANCHA,VALPARAÍSO,76178219-3
__import__.7617821932C,PATRICIA QUEZADA Y CIA LTDA ,35 - Recreo/Forestal,76178219-3,VARIANTE AGUA SANTA 3696,VIÑA DEL MAR,76178219-3
__import__.7617821938C,PATRICIA QUEZADA Y CIA LTDA ,34 - Quillota / La Calera,76178219-3,CALLE FREIRE 84 LOCAL 4,QUILLOTA,76178219-3
__import__.7617821937C,PATRICIA QUEZADA Y CIA LTDA ,17 - Limache/Olmue,76178219-3,URMENETA 61,LIMACHE,76178219-3
__import__.76178219316C,PATRICIA QUEZADA Y CIA LTDA ,13 - Congelados Interior,76178219-3,HUMBOLDT 1176,QUILPUÉ,76178219-3
__import__.7617821930C,PATRICIA QUEZADA Y CIA LTDA ,13 - Congelados Interior,76178219-3,GOMEZ CARREÑO N°789,QUILPUÉ,76178219-3
__import__.7627703850C,PATRICIA WEBER MURASSO EVENTOS EIRL,20 - HORECA,76277038-5,LOS HIBISCUS 1180,CONCÓN,76277038-5
__import__.1173396020C,PAVEZ QUERO BERNARDINO RENE ,34 - Quillota / La Calera,11733960-2,BLANCO 320,QUILLOTA,11733960-2
__import__.1046940121C,PAZ AHUMADA BENJAMIN ULISES ,2 - Valparaiso C,10469401-2,ALMIRANTE MONTT 632 CERRO ALEGRE,VALPARAÍSO,10469401-2
__import__.1779110380C,PAZ FIGUEROA VALERIA MONSERRATT ,13 - Congelados Interior,17791103-8,CALLE UNO 2058,VILLA ALEMANA,17791103-8
__import__.1119585560C,PAZ LEMUS JUAN ALBERTO ,13 - Congelados Interior,11195855-6,TAMARINDO 1490POB TRONCOS VIEJOS,VILLA ALEMANA,11195855-6
__import__.7673323190C,PECADO DEL INKA SPA,20 - HORECA,76733231-9,ECUADOR 280,VIÑA DEL MAR,76733231-9
__import__.499315494C,PEDRO CALDERON SEVERINO ,13 - Congelados Interior,4993154-9,SAN MARTIN 296,QUILPUÉ,4993154-9
__import__.76809960K1C,PEDRO LEIVA LIZANA Y V SEPULVEDA ,20 - HORECA,76809960-K,AVDA VERGARA 420,CONCÓN,76809960-K
__import__.1154838970C,PERALTA SOLDAVINO LUIS RODOLFO ,13 - Congelados Interior,11548389-7,TRONCOS VIEJOS 2140 LT 194 TRONCOS VIEJOS,VILLA ALEMANA,11548389-7
__import__.672833091C,PEREIRA DAZZAROLLA DORIS ,8 - Santa Ines/Villa Hermosa,6728330-9,ANGAMOS B-16 PRDO. 12 REÑACA ALTO,VIÑA DEL MAR,6728330-9
__import__.1138919200C,PEREZ BARRA YENNY MIRZA ,13 - Congelados Interior,11389192-0,DIEGO PORTALES N° 888 LOCAL 8,QUILPUÉ,11389192-0
__import__.646461681C,PEREZ CANIBILO NANCY ,35 - Recreo/Forestal,6464616-8,CALLE HABANA 891 C/CALLE DEL AGUA RECRE,VIÑA DEL MAR,6464616-8
__import__.130194011C,PEREZ FIGUEROA ANITA MARIA,17 - Limache/Olmue,13019401-K,Prat # 100 carrito rojo plaza,OLMUÉ,13019401-K
__import__.1978678330C,PEREZ GONZALEZ ALISBER CASANDRA ,18 - Los Andes/San Felipe,19786783-3,PUREN 889 POBLACIÓN ALONSO DE ERCILLA,LOS ANDES,19786783-3
__export__.res_partner_63614_0afac877,PEREZ GUERRA JOSE,8 - Santa Ines/Villa Hermosa,12817189-4,CALLE QUINTRAL 4 POBL. NUEVA ESPERANZA L,VIÑA DEL MAR,12817189-4
__import__.1455580690C,PEREZ MANCILLA ERICA MARICELA ,20 - HORECA,14555806-9,AV.BORGOÑO 25264,CONCÓN,14555806-9
__import__.670672660C,PEREZ PEREZ ANA DEL CARMEN ,18 - Los Andes/San Felipe,6706726-6,MAIPU 434,LOS ANDES,6706726-6
__import__.1319442411C,PEREZ RODRIGUEZ RODRIGO GONZALO,13 - Congelados Interior,13194424-1,FRUTILLAR 566 LOCAL 3 ESQ OSMAN PEREZ FREIRE BELLOTO NORTE,QUILPUÉ,13194424-1
__export__.res_partner_53193_9d5ffc2a,PEREZ ROJAS CLAUDIA DE LOURDES,17 - Limache/Olmue,14241278-0,AV GRANIZO 5309 OLMUE,Olmue,14241278-0
__import__.932888581C,PESSINI LEDESMA DOLLY ,2 - Valparaiso C,9328885-8,PLAZUELA SAN LUIS Nº756 Cº ALEGRE,VALPARAÍSO,9328885-8
__import__.1423816721C,PEÑA DIAZ JUAN RAUL ,13 - Congelados Interior,14238167-2,SAN MARINO 1068,QUILPUÉ,14238167-2
__export__.res_partner_64847_006b7c15,PEÑAFIEL EKDAHL ANA MARIA,35 - Recreo/Forestal,8798737-K,AMUNATEGUI # 1902 RECREO,Viña Del Mar,8798737-K
__export__.res_partner_65844_1054ad2f,PEÑALOZA LIMITADA,34 - Quillota / La Calera,77702564-3,GERMAN RIESCO 1105,QUILLOTA,77702564-3
__import__.1260273621C,PEÑALOZA PONCE CLAUDIA SOLEDAD ,13 - Congelados Interior,12602736-2,MOZART 1667 AGUAS DE LA FORESTA,VILLA ALEMANA,12602736-2
__import__.683309550C,PICHARA PICHARA YUDITH ROSA ,19 - Tabolango - Papudo,6833095-5,PRINCIPAL 160,PUCHUNCAVÍ,6833095-5
__import__.2667196630C,PICO PABON YSAURA MARILEN ,34 - Quillota / La Calera,26671966-3,GABRIELA MISTRAL 1241 VILLA PREMIO NOBEL,QUILLOTA,26671966-3
__import__.1042739981C,PINO VARAS ELIZABETH ANGELICA ,8 - Santa Ines/Villa Hermosa,10427399-8,EL RAULI 3451 MIRAFLORES ALTO,VIÑA DEL MAR,10427399-8
__import__.1640183340C,PINTO FERNANDEZ MARIA ALEJANDRA ,19 - Tabolango - Papudo,16401833-4,CARRETERA E 30 F   KM 5.8 CAMPO MAR,PAPUDO,16401833-4
__export__.res_partner_65860_f629e8fc,PINTO LOPEZ ALBA IRENE,34 - Quillota / La Calera,26506612-7,INSTITUTO 531,QUILLOTA,26506612-7
__import__.8176199K0C,PINTO OSSES ANDRES EDUARDO,35 - Recreo/Forestal,8176199-K,ARLEGUI 1175 - LOCAL 54,VIÑA DEL MAR,8176199-K
__import__.1059445860C,PIZARRO GODOY  MARIA GLORIA ,34 - Quillota / La Calera,10594458-6,SALVADOR  SAIV 1400  QUILLOTA,QUILLOTA,10594458-6
__export__.res_partner_66167_d4e60934,PIZARRO ZAMORA MARIELA KARINA,34 - Quillota / La Calera,13188458-3,MAURICIO RUGENDAS S/N,QUILLOTA,13188458-3
__import__.7750435710C,PIZZA PASTA SPA,20 - HORECA,77504357-1,BORGOÑO 16660 COCHOA,VIÑA DEL MAR,77504357-1
__import__.7766766591C,PLAZA MARKET SPA ,8 - Santa Ines/Villa Hermosa,77667665-9,LAGO VILLARICA 825 REÑACA ALTO,VIÑA DEL MAR,77667665-9
__import__.1385248251C,POBLETE MONTERO PATRICIA ALEJANDRA ,17 - Limache/Olmue,13852482-5,CHENIN 401 ESQUINA CARMEN QUIROGA VILLA LOS BIÑEDO,LIMACHE,13852482-5
__export__.res_partner_66052_dee79e54,POBLETE SANHUEZA JUANA DEL CARMEN,19 - Tabolango - Papudo,6564120-8,OLEGARIO OVALLE 168,ZAPALLAR,6564120-8
__import__.15765618K1C,POBLETE SILVA JEAN PAUL IGNACIO ,8 - Santa Ines/Villa Hermosa,15765618-K,LONQUIMAY MANZANA Q N° 1 REÑACA ALTO,VIÑA DEL MAR,15765618-K
__import__.6655256K1C,PONCE CORTES JUAN CARLOS ,2 - Valparaiso C,6655256-K,CURAUMA SUR #1108 POBLACION INVICA PLACILLA,VALPARAÍSO,6655256-K
__import__.905091360C,PONCE FIGUEROA DAVID ,13 - Congelados Interior,9050913-6,"LA JARILLA GRANDE, DEPTO A",QUILPUÉ,9050913-6
__export__.res_partner_52734_6a076dd3,POSITIVE SPA,13 - Congelados Interior,78312214-6,IGNACIO CARRERA PINTO # 1484 - LOCAL  1,VILLA ALEMANA,78312214-6
__import__.1399400831C,PRIETO REBOLLEDO GONZALO ,8 - Santa Ines/Villa Hermosa,13994008-3,"POB. G. LORCA C 12, MIRAFLORES ALTO",VIÑA DEL MAR,13994008-3
__export__.res_partner_65995_f499a156,PRISMA SPA,18 - Los Andes/San Felipe,78495521-4,MERCED 154 LC 1 NULL SAN FELIPE,SAN FELIPE,78495521-4
__import__.7604975680C,PROCESADORA Y DISTRIBUIDORA DE CARNES Y ALIMENTOS ALTO GOURMET SPA ,13 - Congelados Interior,76049756-8,SANTIAGO 118 BELLOTO NORTE,QUILPUÉ,76049756-8
__import__.7632891680C,PROD ALIMENTICIOS CARLOS JOSE MEZA ARANCIBIA EIRL ,19 - Tabolango - Papudo,76328916-8,CONSULADO 17 HORCON,PUCHUNCAVÍ,76328916-8
__import__.7681973850C,PRODUCTORA DE EVENTOS PRODUCIR SPA,35 - Recreo/Forestal,76819738-5,ALONSO DE ERCILLA 795 LC 2 RECREO,VIÑA DEL MAR,76819738-5
__export__.res_partner_65225_3cd6c85a,PRODUCTOS ALIMENTICIOS OMA SPA,20 - HORECA,76994136-3,QUILLOTA 589,Viña del mar,76994136-3
__import__.7756186550C,PRODUCTOS CARNEOS OSCAR GUILLERMO TAPIA AGUILERA EIRL ,13 - Congelados Interior,77561865-5,FRUTILLAR N° 707 LOCAL 3 BELLOTO NORTE,QUILPUÉ,77561865-5
__import__.76830405K0C,PRODUCTOS NATURALES NATIVO SPA,13 - Congelados Interior,76830405-K,DAVID CORTEZ 898 LT 1 B,QUILPUÉ,76830405-K
__export__.res_partner_65771_a0e18ab5,PROVISIONES ANGEL JOSE COLINA CARREÑO E.I.R.L.,34 - Quillota / La Calera,78245309-2,AGUSTIN AVEZON 1071,QUILLOTA,78245309-2
__import__.770042860C,PROVISIONES MARGARITA INÉS SAAVEDRA ORTEGA EIRL,19 - Tabolango - Papudo,77004286-0,CAMINO SANTA INES  H I J  BCE 2 LOTE 2 . SECTOR FUERTE AGUAYO,CONCÓN,77004286-0
__import__.1322622330C,PRUNEDA DIAZ EVELYN ANDREA ,8 - Santa Ines/Villa Hermosa,13226223-3,TAMARUGAL 1279 EL OLIVAR,VIÑA DEL MAR,13226223-3
__import__.1212670631C,PUENTES MILLAY LUCIA EMPERATRIZ ,19 - Tabolango - Papudo,12126706-3,SANTA ROSA DE COLMO Nº29  COLMO,CONCÓN,12126706-3
__import__.7641890781C,PUENTES Y GONZALEZ LIMITADA ,20 - HORECA,76418907-8,LAS ENCINAS 23 POBL VISTA MAR CONCON,CONCÓN,76418907-8
__import__.1182768411C,PULLSER VALDES ALEXIS MARCELO ,8 - Santa Ines/Villa Hermosa,11827684-1,PACIFICO 4507 LOCAL B,VIÑA DEL MAR,11827684-1
__import__.1045539070C,PUMARINO TAPIA HERNAN ROBERTO ,19 - Tabolango - Papudo,10455390-7,PASAJE SORDINI S/N,QUINTERO,10455390-7
__import__.7726943260C,PUNTA DEL ESTE SPA,20 - HORECA,77269432-6,BORGOÑO 23120,CONCÓN,77269432-6
__import__.1184644510C,PUNTARELLI ZELADA ERIKA JOSEFINA ,19 - Tabolango - Papudo,11846445-1,CAMINO INTERNACIONAL SITIO 16 BARRIO INDUSTRIAL GULMUES,CONCÓN,11846445-1
__import__.7765804300C,QUEEN BURGER LIMITADA ,13 - Congelados Interior,77658043-0,BLANCO 1470,QUILPUÉ,77658043-0
__export__.res_partner_65221_fbba2194,QUELIMPANE SANTANA CAROLINA ALEJANDRA,17 - Limache/Olmue,19206738-3,URMENETA 540 LOCAL 3,LIMACHE,19206738-3
__export__.res_partner_52750_beae4ad9,QUIJADA GUAJARDO EUGENIA CATALINA ,2 - Valparaiso C,15073251-4,PJE GACETA COMERCIAL 144,VALPARAÍSO,15073251-4
__import__.965155022C,QUINTANA PACHECO ELISABEHT ,13 - Congelados Interior,9651550-2,LINCOYAN  1361 BELLOTO NORTE,QUILPUÉ,9651550-2
__export__.res_partner_66084_247457d9,QUINTANILLA Y OTRO LIMITADA,16 - Especializado Litoral,77593190-6,ARZA 1289,MELIPILLA,77593190-6
__export__.res_partner_66223_57f1d571,QUIROGA CRUZ MARITZA GRACIELA,2 - Valparaiso C,15556606-K,AV. PLAYA ANCHA 601,VALPARAISO,15556606-K
__export__.res_partner_52701_52fe6bda,R. STEWART Y CIA. LTDA,2 - Valparaiso C,77536860-8,RUTA F-718 LA POLVORA,Valparaiso,77536860-8
__export__.res_partner_65152_f9786f57,R.S. SPA,20 - HORECA,77466221-9,CALLE QUILLOTA 745 LOCAL 1,VIÑA DEL MAR,77466221-9
__import__.1602756420C,RAMIREZ GAMBOA FRANCESCA DEL CARMEN ,18 - Los Andes/San Felipe,16027564-2,LA FLORIDA 136 LA FLORIDA,LOS ANDES,16027564-2
__export__.res_partner_53107_c50e8dd8,RAMIREZ OLIVARES FRANCISCO ALFONSO,17 - Limache/Olmue,13764976-4,CONDELL 459,LIMACHE,13764976-4
__import__.1979079590C,RAMIREZ REYES DARLA NICOLE ,2 - Valparaiso C,19790795-9,AV.OBISPO VALDES SUBERCASEAUX 1421 DPTO. L3 CURAUMA,VALPARAÍSO,19790795-9
__import__.1221699440C,RAMIREZ VERAGUA LUIS ,8 - Santa Ines/Villa Hermosa,12216994-4,CALLE ESTERO YOLI 38 E 23 SECTOR BOSQUES S. JULIA,VIÑA DEL MAR,12216994-4
__import__.1507449971C,RAMOS ANDRADE JOSE MANUEL ,17 - Limache/Olmue,15074499-7,ANDRES BELLO Nª 661-A LIMACHE,LIMACHE,15074499-7
__import__.1582514851C,RAMOS GUERRERO MIGUEL ANGEL ,17 - Limache/Olmue,15825148-5,MARIANA DE OSORIO 5914,OLMUÉ,15825148-5
__import__.918037041C,RAMOS PONCE NALDO MAURICIO ,17 - Limache/Olmue,9180370-4,LAS CRUCES S/N,LIMACHE,9180370-4
__export__.res_partner_53288_502c112d,RAMOS PRUNEDA FERNANDO ANDRES,35 - Recreo/Forestal,13877901-7,ARLEGUI 1136,VIÑA DEL MAR,13877901-7
__import__.7695835640C,RANCHO CAROLINA SPA ,17 - Limache/Olmue,76958356-4,AVENIDA EASTMAN 840,LIMACHE,76958356-4
__import__.1162080830C,REBECO VALDES RICARDO ALEXIS ,13 - Congelados Interior,11620808-3,AV FREIRE 229 PARADERO 13 BELLOTO CENTRO,QUILPUÉ,11620808-3
__import__.17958154K0C,RECABARREN MILLA JULIO FRANCISCO ,2 - Valparaiso C,17958154-K,"VILLA RUIZ  6, LAGUNA VERDE",VALPARAÍSO,17958154-K
__import__.704768861C,REDONDO CANO FRANCISCO JAVIER ,17 - Limache/Olmue,7047688-6,AV. EASTMAN 840,LIMACHE,7047688-6
__import__.652865990C,REGUEIRO MENDEZ MANUEL GUILLERMO ,2 - Valparaiso C,6528659-9,ONCE DE SEPTIEMBRE 22,VALPARAÍSO,6528659-9
__import__.971970401C,REINOSO SALGADO MIGUEL ALEJANDRO ,13 - Congelados Interior,9719704-0,BUENOS AIRES 2034,VILLA ALEMANA,9719704-0
__import__.7700126350C,RENE ANTONIO CAMPOS GONZALEZ COMERCIAL E.I.R.L ,2 - Valparaiso C,77001263-5,AV. ARGENTINA 363,VALPARAÍSO,77001263-5
__export__.res_partner_66127_7cd7132a,RENE CUSTODIO TORRES CATALAN,34 - Quillota / La Calera,7555349-8,CALLE UNO 1358,VALPARAISO,7555349-8
__import__.7659475451C,REPRESENTACIONES COMERCIALES LIMITADA,20 - HORECA,76594754-5,ANGAMOS 140 LOCAL 8 REÑACA BAJO,VIÑA DEL MAR,76594754-5
__export__.res_partner_65287_9857b41d,REPRESENTACIONES G&R LIMITADA,2 - Valparaiso C,77377417-K,AV CURAUMA SUR 1050,Valparaiso,77377417-K
__import__.7645078271C,RESTAURANT CENTRO RECREATIVO E INVERSIONES DOÑA ELENA SPA ,17 - Limache/Olmue,76450782-7,CALLE COLEGIO 1896,OLMUÉ,76450782-7
__export__.res_partner_52937_62477a67,RESTAURANT EL HORNITO QUILPUINO LIMITADA,13 - Congelados Interior,76453521-9,BLANCO 988,QUILPUE,76453521-9
__import__.7780132740C,RESTAURANT EVA KARLA ARAVENA ARAVENA E.I.R.L. ,13 - Congelados Interior,77801327-4,VIENA N°84,VILLA ALEMANA,77801327-4
__export__.res_partner_66006_6cf99d80,RESTAURANT NUEVO BAHIA LIMITADA,19 - Tabolango - Papudo,76986420-2,PRINCIPAL 43,PUCHUNCAVI,76986420-2
__import__.7695215420C,RESTAURANT ROSA OLIVARES CIFUENTES EIRL,20 - HORECA,76952154-2,AV BORGOÑO 25290,CONCÓN,76952154-2
__import__.7708293561C,RESTAURANT SAMMY PEREZ TRIDE E.I.R.L. ,19 - Tabolango - Papudo,77082935-6,AV. FRANCISCO BILBAO 133,QUINTERO,77082935-6
__import__.7694278560C,RESTAURANT TACORA LIMITADA,13 - Congelados Interior,76942785-6,AV LOS CARRERA 745,QUILPUÉ,76942785-6
__import__.7694278563C,RESTAURANT TACORA LIMITADA ,17 - Limache/Olmue,76942785-6,AV EASTMAN 850 LT 2B RANCHO CAROLINA,LIMACHE,76942785-6
__import__.77985924K0C,RESTAURANT Y ARTESANIAS LUZ MIREYA DE FATIMA MARTINEZ ARCOS EMPRESA I,20 - HORECA,77985924-K,PORTAL DEL MAR LOCAL 55,VIÑA DEL MAR,77985924-K
__import__.7775062770C,RESTAURANT Y CAFETERIA TERRAZA 7 SPA,20 - HORECA,77750627-7,SAN AGUSTÍN 820,VIÑA DEL MAR,77750627-7
__import__.7638662111C,RESTAURANT Y F. SODA ALICIA PARRA BRAVO,2 - Valparaiso C,76386621-1,AV. PLAYA ANCHA 625,VALPARAÍSO,76386621-1
__import__.76190485K1C,RESTAURANTE CASA LILA LTDA,35 - Recreo/Forestal,76190485-K,MANUEL MONTT N° 409 C° PLACERES,VALPARAÍSO,76190485-K
__export__.res_partner_65151_90ddab2b,RESTAURANTE DE DULCES Y COMIDAS AL PASO JOSELYN CRISTAL FLORES REYES E.I.R.L.,2 - Valparaiso C,77997944-K,"ERCILLA 609, VALPARAISO",VALPARAISO,77997944-K
__import__.7754512110C,RESTAURANTE FELIPE TAREK KERESTEGIAN TENORIO EMPRESA INDIVIDUAL DE RESPONSABILIDAD LIMITADA ,13 - Congelados Interior,77545121-1,SANTA ANA 98,VILLA ALEMANA,77545121-1
__import__.7808190570C,RESTAURANTE HECTOR LEANDRO DEL VECCHIO E.I.R.L. ,20 - HORECA,78081905-7,LA BARCA 432,CONCÓN,78081905-7
__import__.7813574800C,RESTAURANTE JUAN ALBERTO MORALES PINTO E.I.R.L.,13 - Congelados Interior,78135748-0,VARIANTE CAMINO LA PLAYA PARCELA 13,QUILPUÉ,78135748-0
__import__.7702578320C,RESTAURANTE NICOLAS PALMA VASQUEZ EIRL ,34 - Quillota / La Calera,77025783-2,AV VALPARAISO 1815,QUILLOTA,77025783-2
__import__.7635835700C,RESTAURANTE VAI MOANA LTDA,20 - HORECA,76358357-0,BORGOÑO 17140 REÑACA,VIÑA DEL MAR,76358357-0
__import__.7672833180C,"RESTAURANTES , MOLIENDA´S GOURMET LIMITADA",20 - HORECA,76728331-8,VILLANELO 216 2 1,VIÑA DEL MAR,76728331-8
__import__.7697373750C,RESTAURANTES NIDIA ELISABETH VEAS MORALES EIRL,20 - HORECA,76973737-5,LAS PIMPINELAS  1145 POB SAN JORGE CON CON,CONCÓN,76973737-5
__import__.7786503980C,RESTORAN DON PALACE SPA ,19 - Tabolango - Papudo,77865039-8,IRARRAZABAL 491 CLUB DE TENIS,PAPUDO,77865039-8
__import__.1319435200C,RETAMALES GAJARDO GILDA MORELIA RUBY,20 - HORECA,13194352-0,AV BORGOÑO 24999,CONCÓN,13194352-0
__import__.1295374420C,REYES ARAYA CLAUDIO JOSUE ,34 - Quillota / La Calera,12953744-2,AV DUEÑAS N°124 VILLA SAN PEDRO  QUILLOTA,QUILLOTA,12953744-2
__import__.16217018K1C,REYES FIGUEROA DANIELA ARACELY ,17 - Limache/Olmue,16217018-K,CAI CAI S/N INTERSECCION LO RECO FRENTE,LIMACHE,16217018-K
__import__.1652326310C,REYES GAJARDO CAROL PAULINA ,17 - Limache/Olmue,16523263-1,AV GRANIZO 9178 PARADERO 43 1/2,OLMUÉ,16523263-1
__import__.891558511C,REYES VALDEBENITO MARITZA ISABEL,13 - Congelados Interior,8915585-1,AMUNATEGUI 245 PEÑABLANCA,VILLA ALEMANA,8915585-1
__import__.1878145880C,REYES VEGA CRISTIAN NICOLAS ,13 - Congelados Interior,18781458-8,ALEJANDRO PERALTA 1121 LOCAL 7 Y 8 TRONCOS VIEJOS,VILLA ALEMANA,18781458-8
__import__.1093802611C,RIBOTTA VEAS CARLA VANESSA ,17 - Limache/Olmue,10938026-1,PRAT S/N LT 3 S/N,OLMUÉ,10938026-1
__import__.7835343041C,RICARDO ANGUIANO Y COMPAÑIA,2 - Valparaiso C,78353430-4,PIRAMIDE 580 VALPARAISO,VALPARAÍSO,78353430-4
__import__.759806472C,RICARDO RIVERA VELASQUEZ ,2 - Valparaiso C,7598064-7,STA. JUSTINA #536 CERRO BARON,VALPARAÍSO,7598064-7
__import__.7726959930C,RIKISIMOO SPA,20 - HORECA,77269599-3,SAN ANTONIO 1315,VIÑA DEL MAR,77269599-3
__import__.12099249K1C,RIOS CABRERA JEANNETTE DE LOURDES ,8 - Santa Ines/Villa Hermosa,12099249-K,AV. SEPTIMA 361-C PARADERO 7,VIÑA DEL MAR,12099249-K
__import__.1681256310C,RIQUELME PACHECO NELSON ANDRES,20 - HORECA,16812563-1,RUTA F5 28 N 1150 HACIENDA REÑACA,VIÑA DEL MAR,16812563-1
__import__.920297000C,RIQUELME PUEBLA MARJORIE YESENIA ,34 - Quillota / La Calera,9202970-0,VILLA PADRE RENE PIANOVI PJE 1 CALLE 1955 BLOCK 11  DEPTO. 11,LA CALERA,9202970-0
__import__.1797692980C,RIQUELME RIQUELME MELISSA ANDREA ,34 - Quillota / La Calera,17976929-8,VOLCÁN PUYEHUE 42 VILLA LAS PALMAS,QUILLOTA,17976929-8
__import__.1638485461C,RIQUELME SALVO PABLO ANDRES ,35 - Recreo/Forestal,16384854-6,AV PRINCIPAL MANZANA A 30,VIÑA DEL MAR,16384854-6
__import__.1216754040C,RIQUELME VIDAL MARCELA ,19 - Tabolango - Papudo,12167540-4,LUIS ORIONE 717,QUINTERO,12167540-4
__import__.7822757470C,RIQUELME Y HURTADO SPA,20 - HORECA,78227574-7,GENERAL DEL CANTO 112  OF.301,CONCÓN,78227574-7
__import__.1143732811C,RIVAS CANDIA PAMELA ,13 - Congelados Interior,11437328-1,AV FREIRE 994 BELLOTO,QUILPUÉ,11437328-1
__import__.1695613111C,RIVAS SOTO KATHERINE CAROLINE ,35 - Recreo/Forestal,16956131-1,GERMAN RIESCO 2112  CERRO PLACERES,VALPARAÍSO,16956131-1
__import__.844446421C,RIVERA RIVERA MARTA ALICIA ,13 - Congelados Interior,8444464-2,SANTA ANA 2560 PRDO. 12,VILLA ALEMANA,8444464-2
__import__.796918520C,RIVERA TOLEDO MARIA GRACIELA,20 - HORECA,7969185-2,2 ORIENTE #575,VIÑA DEL MAR,7969185-2
__import__.1325697111C,RIVERA VARAS DAVID FABRICIANO,13 - Congelados Interior,13256971-1,STA MARGARITA 1234,VILLA ALEMANA,13256971-1
__export__.res_partner_65039_35570828,RIVEROS FERNANDEZ YESENIA MARISEL ,13 - Congelados Interior,13033122-K,PASAJE LOS PEUMOS 2041,VILLA ALEMANA,13033122-K
__import__.939342960C,RIVEROS OPAZO MARIO ALEX ,13 - Congelados Interior,9393429-6,CALLE CONDELL 39-A LOCAL 2,VILLA ALEMANA,9393429-6
__import__.1431577920C,ROA GOMEZ ALEJANDRO OSVALO ,13 - Congelados Interior,14315779-2,VALLE DE MARGA MARGA 1299-LOTE 16A,QUILPUÉ,14315779-2
__import__.1294621320C,ROBLES TORO PAULA DEL TRANSITO ,8 - Santa Ines/Villa Hermosa,12946213-2,SALAR DE ATACAMA F-5 REÑACA ALTO,VIÑA DEL MAR,12946213-2
__import__.7721489250C,RODRIGUEZ CHAVEZ SPA ,2 - Valparaiso C,77214892-5,SALVADOR DONOSO 1399,VALPARAÍSO,77214892-5
__import__.7971223001C,RODRIGUEZ FUENTES Y COMPAÑIA LIMITADA,35 - Recreo/Forestal,79712230-0,CALLE QUILPUE #184,VIÑA DEL MAR,79712230-0
__import__.1288870590C,ROJAS ACEVEDO NORA DE LOURDES ,2 - Valparaiso C,12888705-9,LOS ALAMOS 1409,VALPARAÍSO,12888705-9
__export__.res_partner_65791_3fe9a965,ROJAS ALFARO VICTOR SEBASTIAN,34 - Quillota / La Calera,9508557-1,CHACABUCO 241,QUILLOTA,9508557-1
__import__.1183101281C,ROJAS ARCOS DELIA ERIKA ,35 - Recreo/Forestal,11831012-8,AV. CABRITERIA NORTE Nº1583-A DEPTO 13,VALPARAÍSO,11831012-8
__import__.732218380C,ROJAS CISTERNAS ANA MARIA ,19 - Tabolango - Papudo,7322183-8,CALLE LAS ILUSIONES 61,PUCHUNCAVÍ,7322183-8
__export__.res_partner_63703_e04b2402,ROJAS DIAZ MOISES HERNAN,16 - Especializado Litoral,4445974-4,ISIDORO DUBOURNAIS 1187,EL QUISCO,4445974-4
__import__.2110819370C,ROJAS ESCOBAR JEREMIAS CRISTOBAL ,34 - Quillota / La Calera,21108193-7,"5 DE ABRIL 1905, 2290069",LA CALERA,21108193-7
__import__.1870401161C,ROJAS FERNANDEZ FERNANDA MARIELA,13 - Congelados Interior,18704011-6,PASAJE UNO 978 BELLOTO NORTE,QUILPUÉ,18704011-6
__import__.1018938632C,ROJAS IBANEZ CARLOS BENEDICTO,2 - Valparaiso C,10189386-3,AV PLAYA ANCHA 2,VALPARAÍSO,10189386-3
__import__.1264087650C,ROJAS JARA CLAUDIA ANDREA ,19 - Tabolango - Papudo,12640876-5,RESTO HIJ. PTE PC 3 VALLE ALEGRE,QUINTERO,12640876-5
__import__.1201900320C,ROJAS KLENER PAOLA SOLANGE ,2 - Valparaiso C,12019003-2,TOCORNAL 199 CERRO BARON,VALPARAÍSO,12019003-2
__import__.1576384161C,ROJAS LOBOS LUIS GUSTAVO ,8 - Santa Ines/Villa Hermosa,15763841-6,CALLE LOS JAZMINES 13 VILLA LOS JAZMINES,VIÑA DEL MAR,15763841-6
__import__.1223058211C,ROJAS PEREZ CAROLA DEL CARMEN,8 - Santa Ines/Villa Hermosa,12230582-1,PARINACOTA 7 REÑACA ALTO,VIÑA DEL MAR,12230582-1
__import__.592343741C,ROJAS RIQUELME OTILIA MERCEDES ,35 - Recreo/Forestal,5923437-4,SAN MIGUEL N°2,VIÑA DEL MAR,5923437-4
__import__.966360592C,ROJAS SAMUDIO SANDRA MARCELA,2 - Valparaiso C,9663605-9,JOSE MARIA CARO 394 PLAYA ANCHA,VALPARAÍSO,9663605-9
__import__.702596801C,ROJAS VIVANCO LUIS ALBERTO ,13 - Congelados Interior,7025968-0,EL OCASO BLOCK 11 DEPTO 11 7 SECTO BELLO,QUILPUÉ,7025968-0
__import__.817445210C,ROMAN ESCOBAR MANUELA RAQUEL ,8 - Santa Ines/Villa Hermosa,8174452-1,LAGO VILLARRICA LOT 6 PARADERO 9 REÑACA ALTO,VIÑA DEL MAR,8174452-1
__import__.962765912C,ROMAN LEIVA ELIZABETH DEL CARMEN,13 - Congelados Interior,9627659-1,GREGORIA PSJE. COLBUN N° 28 POBLACION EL SAUCE,VILLA ALEMANA,9627659-1
__export__.res_partner_53307_e79a6de4,ROMAN VILLARROEL MARIA JOSE,35 - Recreo/Forestal,16106224-3,"DESLINDE 2360, CHORRILLO",VIÑA DEL MAR,16106224-3
__export__.res_partner_66089_50c119c5,ROMANINI GAINZA LIMITADA,16 - Especializado Litoral,79861120-8,ORTUZAR 910,MELIPILLA,79861120-8
__export__.res_partner_66086_44b18d7c,ROMANINI GAINZA LIMITADA,16 - Especializado Litoral,79861120-8,ORTUZAR 1170,MELIPILLA,79861120-8
__export__.res_partner_66085_6f44f7a3,ROMANINI GAINZA LIMITADA,16 - Especializado Litoral,79861120-8,VICUNA MACKENNA 821,MELIPILLA,79861120-8
__export__.res_partner_66082_1a73b07a,ROMANINI Y PETERMANN LIMITADA,16 - Especializado Litoral,89184500-6,ORTUZAR 958,MELIPILLA,89184500-6
__import__.1379145571C,ROMERO PEREZ CARLOS ALBERTO,35 - Recreo/Forestal,13791455-7,CAMINO REAL 1895 RECREO,VIÑA DEL MAR,13791455-7
__export__.res_partner_65847_91cdf475,ROSA ADELINA SANCHEZ,19 - Tabolango - Papudo,21833136-K,5 DE ABRIL 2425,QUINTERO,21833136-K
__import__.7648729750C,ROSA ISABEL ALCAYAGA BASÁEZ CAFETERIA AROMAS DE CAFE E.I.R.L.,13 - Congelados Interior,76487297-5,ANDRES BELLO 614 LOCAL C,QUILPUÉ,76487297-5
__import__.7762298060C,ROSA LOPEZ Y CIA. LIMITADA,20 - HORECA,77622980-6,AVDA. VALPARAISO #469 LOCAL C-26,VIÑA DEL MAR,77622980-6
__export__.res_partner_52872_be5eb97b,ROSALES ESTEBAN ADRIAN  ,35 - Recreo/Forestal,24866892-K,AV PLACERES 309 CERRO PLACERES,VALPARAÍSO,24866892-K
__import__.7624385420C,ROSARIO TUCAPEL GUERRERO EIRL,20 - HORECA,76243854-2,AV. VALPO 330 VIÑA DEL MAR,VIÑA DEL MAR,76243854-2
__export__.res_partner_66109_fa98c7f6,ROSAS GATICA MACARENA ALEJANDRA,34 - Quillota / La Calera,16819379-3,ANDREA DEL BERROCHIO,QUILLOTA,16819379-3
__import__.975250211C,ROZAS TORRES MARIBEL DEL PILAR ,13 - Congelados Interior,9752502-1,FERNANDOIS Nº 581 POB.B SUBERCASEAUX,QUILPUÉ,9752502-1
__import__.8692711K1C,ROZAS VARAS JEANETTE BERNARDITA,2 - Valparaiso C,8692711-K,OBRIEM 307 CERRO BARON,VALPARAÍSO,8692711-K
__import__.2672254430C,RUBIELA AGUILAR ,19 - Tabolango - Papudo,26722544-3,AVENIDA NORMANDIE 5499,QUINTERO,26722544-3
__import__.2123502810C,RUBINO FREZ JUAN RAUL ,8 - Santa Ines/Villa Hermosa,21235028-1,CALLE DIECISIETE 502 REÑACA ALTO,VIÑA DEL MAR,21235028-1
__import__.836609102C,RUBINO NAVARRETE MIRNA ELENA ,17 - Limache/Olmue,8366091-0,INDEPENDENCIA 1320 CS E-4 CONDOMINIO PARQUE EL SOL,LIMACHE,8366091-0
__export__.res_partner_65601_610e46f0,RUFFO SANTIS MARIO ,8 - Santa Ines/Villa Hermosa,7147034-2,LAGO PEÑUELAS 8 REÑACA ALTO,VIÑA DEL MAR,7147034-2
__import__.1699014300C,RUIZ GODOY NICOLE ANDREA ,18 - Los Andes/San Felipe,16990143-0,PASAJE PLEGARIA 1321 VILLA BERNARDO CRUZ,SAN FELIPE,16990143-0
__import__.7721994302C,RUTA COSTA SPA,20 - HORECA,77219943-0,AV JORGE MONTT 2285 PLAYA LOS MARINEROS,VIÑA DEL MAR,77219943-0
__import__.978895970C,RUVILAR HERRERA PEDRO PABLO ,34 - Quillota / La Calera,9788959-7,RICARDO CANALES 1027 QUILLOTA,QUILLOTA,9788959-7
__export__.res_partner_65830_42733c55,RUVINA SILVA KARINA MARCELA,34 - Quillota / La Calera,10436614-7,LAS  ROSAS 455,QUILLOTA,10436614-7
__export__.res_partner_65482_83d0657d,RÚCULA SPA  ,2 - Valparaiso C,76740474-3,CONDELL 1353 SN,VALPARAÍSO,76740474-3
__import__.1375243090C,SAA MONTENEGRO JUAN ANDRES ,18 - Los Andes/San Felipe,13752430-9,PERU 1020 VILLA LAS PALMERAS,SAN FELIPE,13752430-9
__import__.12454159K3C,SAAVEDRA ESCOBAR DAVID,35 - Recreo/Forestal,12454159-K,AV VALPARAISO 1184,VALPARAÍSO,12454159-K
__import__.12454159K2C,SAAVEDRA ESCOBAR DAVID,35 - Recreo/Forestal,12454159-K,AV VALPARAISO 1179,VALPARAÍSO,12454159-K
__import__.1173522932C,SAAVEDRA GONZALEZ JEANET VERONICA ,8 - Santa Ines/Villa Hermosa,11735229-3,RAFAEL SOTOMAYOR 1487 POB. ARGENTINA,QUILPUÉ,11735229-3
__export__.res_partner_53298_9822113c,SAAVEDRA PEREZ SANDRA DEL TRANSITO,34 - Quillota / La Calera,14253277-8,PJE .CACHAPOAL BLOCK 1081 DPTO 11- POBLACIÓN RÍOS DE CHILE,QUILLOTA,14253277-8
__export__.res_partner_65848_3fe005db,SAAVEDRA ZAMORA MARIO ADOLFO,34 - Quillota / La Calera,12952836-2,LAS ROSAS 600,QUILLOTA,12952836-2
__import__.7789937670C,SABOR CASERO SPA ,8 - Santa Ines/Villa Hermosa,77899376-7,LAGO RINIHUE 1025,VIÑA DEL MAR,77899376-7
__export__.res_partner_64901_738cf405,SABOR DE MULTITUDES SPA,35 - Recreo/Forestal,78430452-3,VTE.AGUA SANTA 369 VIÑA NULL,VIÑA DEL MAR,78430452-3
__import__.1508430810C,SAGREDO QUEZADA MARCELO DANIEL,20 - HORECA,15084308-1,AVENIDA BORGOÑO 21340 CALETA HIGUERILLAS,VIÑA DEL MAR,15084308-1
__import__.528062241C,SAGREDO SANDOVAL MOISES DOMINGO ,17 - Limache/Olmue,5280622-4,EL TEBAL 1 HIJUELA 3 QUEBRADA ALVARADO,OLMUÉ,5280622-4
__import__.1448605511C,SALAS BERNAL CECILIA ,20 - HORECA,14486055-1,PSJE IGNACIO ANDIA 102 NUEVA RPC CONCON,CONCÓN,14486055-1
__import__.924504300C,SALAS CARMONA GUILLERMO ENRIQUE ,19 - Tabolango - Papudo,9245043-0,MANUEL RODRIGUEZ 227,PUCHUNCAVÍ,9245043-0
__import__.1271880171C,SALAZAR LOCK YESSENIA KIYOMI ,17 - Limache/Olmue,12718801-7,CONDELL 808,LIMACHE,12718801-7
__import__.999970521C,SALAZAR MATAMALA CARLOS OMAR ,13 - Congelados Interior,9999705-2,COVADONGA 307 PEÑABLANCA SECTOR NORTE,VILLA ALEMANA,9999705-2
__import__.1457989301C,SALAZAR TRONCOSO LAURA EDITH MARISOL ,2 - Valparaiso C,14579893-0,MENA 643 CERRO FLORIDA,VALPARAÍSO,14579893-0
__import__.1107208150C,SALGADO NORAMBUENA MARCELA DE LA CRUZ ,18 - Los Andes/San Felipe,11072081-5,DIEZ DE JULIO 1120 SAN ESTEBAN,LOS ANDES,11072081-5
__import__.7628828093C,SALGADO Y SERNUDA Y COMPAÑIA LIMITADA,35 - Recreo/Forestal,76288280-9,AV ESPAÑA S/N CALETA PORTALES,VALPARAÍSO,76288280-9
__import__.1398848331C,SALGADO ZAMORA ALEJANDRA ,19 - Tabolango - Papudo,13988483-3,TABOLANGO LT 43 ALEJANDRO,LIMACHE,13988483-3
__import__.685668511C,SALINAS CARVAJAL ROLANDO MARCUS ,35 - Recreo/Forestal,6856685-1,BOGOTA 285 ESQ LONDRES RECREO,VIÑA DEL MAR,6856685-1
__import__.1342862531C,SALINAS HERRERA RODRIGO ANTONIO ,17 - Limache/Olmue,13428625-3,J A TAGLE 125 A FDO PALMA C,LIMACHE,13428625-3
__import__.1868006800C,SALINAS URRUTIA SANDY MICHEL ,18 - Los Andes/San Felipe,18680068-0,ALBERTO BASTERRICA 62,LOS ANDES,18680068-0
__import__.1262203321C,SALVO BALLERO LEONEL HERNAN ,35 - Recreo/Forestal,12622033-2,LAS MERCEDES 579 CERRO LAS COLINAS,VIÑA DEL MAR,12622033-2
__export__.res_partner_65831_d97ecc69,SAMUEL REYES EBALLADAY,19 - Tabolango - Papudo,15489859-K,ESTRELLA DE CHILE 337,VALPARAISO,15489859-K
__export__.res_partner_52887_3d9fe697,SAN MARINO SPA,20 - HORECA,76574045-2,AV.BORGOÑO. NO. 1600,CON CON,76574045-2
__import__.135370631C,SANCHEZ ALVAREZ EDITH DEL CARMEN ,8 - Santa Ines/Villa Hermosa,13537063-0,LOS JAZMINES 159 VILLA INDEPENDECIA,VIÑA DEL MAR,13537063-0
__import__.1143840320C,SANCHEZ GALLEGUILLOS CLAUDIA ALEJANDRA ,19 - Tabolango - Papudo,14438403-2,PASAJE LAS MAGNOLIAS 23,QUINTERO,14438403-2
__import__.2412782041C,SANCHEZ LARGACHA FENIX MARIELA,2 - Valparaiso C,24127820-4,P MONTT 2830 MOD 3,VALPARAÍSO,24127820-4
__import__.7100046K0C,SANCHEZ MORALES PATRICIA REINOLFA ,19 - Tabolango - Papudo,7100046-K,EL PEUMO 1005 SN,PAPUDO,7100046-K
__import__.690748041C,SANCHEZ ROZAS JUAN ,8 - Santa Ines/Villa Hermosa,6907480-4,LAS AZUCENAS 36 ACHUPALLAS,VIÑA DEL MAR,6907480-4
__import__.729697741C,SANCHEZ SOTO MARIA ROSA ,13 - Congelados Interior,7296977-4,LAS MARGARITAS 1925,QUILPUÉ,7296977-4
__import__.827564771C,SANDOVAL MARIPIL HUGO ,13 - Congelados Interior,8275647-7,BELGRANO 1033 BELLOTO NORTE,QUILPUÉ,8275647-7
__import__.7761696090C,SANDOVAL Y CRENOVICH LIMITADA,2 - Valparaiso C,77616960-9,URUGUAY 202 ESQUINA YUNGAY,VALPARAÍSO,77616960-9
__import__.7696537590C,SANDWICHERIA PAMELA RIQUELME DIAZ EIRL ,8 - Santa Ines/Villa Hermosa,76965375-9,LAGO VILLARRICA N°985 MIRADOR DE REÑACA,VIÑA DEL MAR,76965375-9
__import__.7812878140C,SANTA JULIA SPA ,8 - Santa Ines/Villa Hermosa,78128781-4,DIONISIO HERNANDEZ 137 REÑACA ALTO,VIÑA DEL MAR,78128781-4
__import__.1049201523C,SANTANA ARAYA CARMEN GLORIA,35 - Recreo/Forestal,10492015-2,AV ESPAÑA 6090 UNIVERSIDAD FDERICO SANTA MARIA EDIFICIO C SEGUNDO PISO,VALPARAÍSO,10492015-2
__import__.913632830C,SANTANDER SANTANDER CECILIA ANDREA ,35 - Recreo/Forestal,9136328-3,AV PRINCIPAL N° 85 PARADERO 10 CHORRILLOS,VIÑA DEL MAR,9136328-3
__import__.1998152531C,SANTIBAÑEZ BASTIAS DIEGO ALEJANDRO ,17 - Limache/Olmue,19981525-3,PRAT N° 5132- B,OLMUÉ,19981525-3
__import__.1247404951C,SANTIBAÑEZ PINTO PAMELA DEL CARMEN ,8 - Santa Ines/Villa Hermosa,12474049-5,LOURDES N°16 POB EL DORADO STA JULIA,VIÑA DEL MAR,12474049-5
__import__.6773128K1C,SANZANA MUNOZ JUANA ,8 - Santa Ines/Villa Hermosa,6773128-K,CALLE 3 PASAJE 2 Nº 0340-D POB. ARAGENT,QUILPUÉ,6773128-K
__import__.1423767250C,SARAVIA LAINGE MARCELA PAOLA ,8 - Santa Ines/Villa Hermosa,14237672-5,CALLE 10 1744 POBLACION ARGENTINA,QUILPUÉ,14237672-5
__export__.res_partner_66170_346e2119,SARAVIA LOPEZ LUCILA DEL PILAR,34 - Quillota / La Calera,8883298-1,LAS LILAS 1145,QUILLOTA,8883298-1
__import__.993349591C,SARAVIA MUÑOZ JORGE ERNESTO ,13 - Congelados Interior,9933495-9,"QUINCHAMALI FRENTE AL 2966, COSTADO CONSULTORIO",QUILPUÉ,9933495-9
__import__.7621083721C,SEGU GASTRONOMIA LIMITADA,20 - HORECA,76210837-2,MAROTO  1011,CONCÓN,76210837-2
__import__.737351811C,SEGURA BARRERA MARIA ESTER ,2 - Valparaiso C,7373518-1,AV.ALEMANIA # 6730,VALPARAÍSO,7373518-1
__import__.12951146K0C,SEGURA OLIVARES MONICA JOHANA ,34 - Quillota / La Calera,12951146-K,21 DE MAYO 556,LA CALERA,12951146-K
__export__.res_partner_52802_6631fffd,SEPULVEDA CONSTANZO ROBERT PERCY,13 - Congelados Interior,16502948-8,UNION# 1296 QUILPUÉ,QUILPUE,16502948-8
__import__.1623096681C,SEPULVEDA CONTANZO JORGE ANTONIO ,8 - Santa Ines/Villa Hermosa,16230966-8,AV SANTA JULIA  90 B,VIÑA DEL MAR,16230966-8
__import__.1675539740C,SEPULVEDA FAJARDO LUISA MACARENA ,2 - Valparaiso C,16755397-4,PJE 3 CASA 37 1° SECTOR PLAYA ANCHA,VALPARAÍSO,16755397-4
__import__.1112600281C,SEPULVEDA MUÑOZ GLADYS ELVIRA ,8 - Santa Ines/Villa Hermosa,11126002-8,CALLE 2 #2150-B SANTA INES,VIÑA DEL MAR,11126002-8
__import__.1703129880C,SEPULVEDA VARGAS EDGARDO GILBERTO ,2 - Valparaiso C,17031298-8,FUNDO CURAUMA 1116 LAGUNA VERDE,VALPARAÍSO,17031298-8
__import__.907901371C,SEREY LEIVA EDGARDO ,2 - Valparaiso C,9079013-7,CALLE QUINCE Nº924 POB. SOFANOR PARRA,VALPARAÍSO,9079013-7
__import__.7639806777C,SERV DE ALIM JULIO FELIPE FAWAZ STUARDO,20 - HORECA,76398067-7,QUILLOTA 980,VIÑA DEL MAR,76398067-7
__import__.7639806776C,SERV DE ALIM JULIO FELIPE FAWAZ STUARDO,20 - HORECA,76398067-7,ALC. PRIETO 452,VIÑA DEL MAR,76398067-7
__import__.7639806771C,SERV DE ALIM JULIO FELIPE FAWAZ STUARDO,8 - Santa Ines/Villa Hermosa,76398067-7,MANUEL GUERRERO 246,VIÑA DEL MAR,76398067-7
__import__.76454286K1C,SERV. INT. Y COM DE PRODUCTOS MONICA AVALOS SPA,35 - Recreo/Forestal,76454286-K,VIANA 1635 LOCAL 3,VIÑA DEL MAR,76454286-K
__import__.7699232090C,SERVICIO DE COMIDA HERNAN LUCERO SALINAS EIRL ,2 - Valparaiso C,76992320-9,AV PLAYA ANCHA 159,VALPARAÍSO,76992320-9
__export__.res_partner_52718_2993b337,SERVICIO DE COMIDAS CRISTIAN ANDRÉS DÍAZ GUZMÁN E.I.R.L.,18 - Los Andes/San Felipe,76947884-1,AVENIDA MIRAFLORES 1290 SN,San Felipe ,76947884-1
__import__.7644719380C,SERVICIO GASTRONOMICO DEL MAR SPA,20 - HORECA,76447193-8,AV BORGOÑO 2155 CLUB DE YATES,CONCÓN,76447193-8
__import__.7612898370C,SERVICIOS ALIMENTICIOS LOMO HOUSE LIMITADA ,18 - Los Andes/San Felipe,76128983-7,SANTA TERESA 194,LOS ANDES,76128983-7
__import__.7804815360C,SERVICIOS DE RESTAURANTE GERARDO MAGINO ROBLES E.I.R.L.,20 - HORECA,78048153-6,AV.BORGOÑO 24780 LA BOCA,CONCÓN,78048153-6
__export__.res_partner_65994_2ec58179,SERVICIOS GASTRONOMICOS CAROLINA ANDREA CAMPOS VALENCIA E.I.R.L.,18 - Los Andes/San Felipe,78056889-5,LOS ROBLES 2387 V. AIRES DE RDA. RINCONADA,RINCONADA,78056889-5
__import__.7781547220C,SERVICIOS GASTRONOMICOS CIUDAD SPA,20 - HORECA,77815472-2,13 NORTE 850-830-810,VIÑA DEL MAR,77815472-2
__import__.7625157920C,SERVICIOS GASTRONOMICOS DEL MAR LIMITADA,20 - HORECA,76251579-2,AV MARINA N° 50,VIÑA DEL MAR,76251579-2
__import__.7767670851C,SERVICIOS GASTRONOMICOS ENRIQUE VALDES E.I.R.L. ,17 - Limache/Olmue,77676708-5,CAMINO SAN ALFONSO 930 LOTE 2,LIMACHE,77676708-5
__import__.78304496K0C,SERVICIOS GASTRONOMICOS JORGE VENEGAS ROJAS E.I.R.L. ,35 - Recreo/Forestal,78304496-K,AV VIÑA DE MAR 81 FORESTAL,VIÑA DEL MAR,78304496-K
__import__.7795220910C,SERVICIOS GASTRONÓMICOS GONZALO ROJAS MALEBRAN E.I.R.L. ,8 - Santa Ines/Villa Hermosa,77952209-1,EL LITORAL 785 MIRADOR DE REÑACA,VIÑA DEL MAR,77952209-1
__import__.7655572913C,SERVICIOS GASTRONÓMICOS LUIS RAMÍREZ ROJAS E.I.R.L.,20 - HORECA,76555729-1,4 NORTE 1208,VIÑA DEL MAR,76555729-1
__import__.7802436780C,SERVICIOS GASTRONÓMICOS MAFRA SPA ,18 - Los Andes/San Felipe,78024367-8,TRASLAVIÑA 190 SAN FELIPE,SAN FELIPE,78024367-8
__import__.7810689691C,INGENIERIA Y SERVICIOS SPA,20 - HORECA,76262419-2,JORGE MONTT  S/N CAMPUS CHARLES,VIÑA DEL MAR,76262419-2
__import__.7810689690C,INGENIERIA Y SERVICIOS SPA,20 - HORECA,76262419-2,JORGE MONTT  S/N CAMPUS HYATT,VIÑA DEL MAR,76262419-2
__import__.7626241922C,SERVICIOS GENERALES LIMITADA,20 - HORECA,76262419-2,JORGE MONTT  S/N CAMPUS CHARLES,VIÑA DEL MAR,76262419-2
__import__.7626241920C,SERVICIOS GENERALES LIMITADA,20 - HORECA,76262419-2,JORGE MONTT  S/N CAMPUS HYATT,VIÑA DEL MAR,76262419-2
__import__.76052316K0C,SESSLER Y RAMELLI LTDA ,17 - Limache/Olmue,76052316-K,PEDRO ALVARADO S/N,OLMUÉ,76052316-K
__import__.7692827181C,SHAWARMA SAID EL BUJEIRMI EIRL,20 - HORECA,76928271-8,BORGOÑO 14766 LOCAL 5 REÑACA (SHAWARMA HOUSE),VIÑA DEL MAR,76928271-8
__import__.7692827180C,SHAWARMA SAID EL BUJEIRMI EIRL,20 - HORECA,76928271-8,AV BORGOÑO LOCAL 14781 (GRAN BAJÓN),CONCÓN,76928271-8
__export__.res_partner_52694_30d55f19,SILVA ALLENDE CAROLINA ALEJANDRA,18 - Los Andes/San Felipe,15091781-6,PJE HUMBERTO FERNÁNDEZ 2075,SAN FELIPE,15091781-6
__import__.1371283650C,SILVA CORTEZ RICARDO ANDRES ,19 - Tabolango - Papudo,13712836-5,PEDRO ALDUNATE 1379,PUCHUNCAVÍ,13712836-5
__import__.918490380C,SILVA CRUZ MONICA DEL PILAR,2 - Valparaiso C,9184903-8,LAS HERAS 628 S/N,VALPARAÍSO,9184903-8
__import__.7723880471C,SILVA QUIÑONEZ SPA,20 - HORECA,77238804-7,ETCHEVERS 185 LC 93 -GALERIA PORTAL ALAMOS 2°PISO,VIÑA DEL MAR,77238804-7
__import__.1397971080C,SILVA VICENCIO MARIA JOSE ,19 - Tabolango - Papudo,13979710-8,AV EL PEUMO 1043,PAPUDO,13979710-8
__import__.7671316663C,SILVA ZAMORA SPA,19 - Tabolango - Papudo,76713166-6,CAMINO EL ALBA S/N HORCON,PUCHUNCAVÍ,76713166-6
__export__.res_partner_65958_65e14222,SILVANA TIENDA SPA,19 - Tabolango - Papudo,77646701-4,AV NORMANDIE 1959,QUINTERO,77646701-4
__export__.res_partner_65191_990f69e2,SILVIA ANGELICA ALDUNCE PEREZ,2 - Valparaiso C,10288902-9,INDEPENDENCIA 2091 1,Valparaiso ,10288902-9
__import__.7796576200C,SILVIA Y ELENA ALMACEN SPA ,2 - Valparaiso C,77965762-0,AV PACIFICO 920 PYA ANCHA,VALPARAÍSO,77965762-0
__import__.1412517910C,SOBARZO HERNANDEZ VERONICA ALICIA ,19 - Tabolango - Papudo,14125179-1,JUAN JOSE MENA 305 CS2,PUCHUNCAVÍ,14125179-1
__import__.77523850K0C,SOC COM Y PROD ALIME GOJE LTDA,20 - HORECA,77523850-K,AV VALPARAISO 339 PLAN,VIÑA DEL MAR,77523850-K
__export__.res_partner_63527_254abaef,SOC COMERCIAL DE ALIMENTACION GLORIA CARDENAS ANGULO Y CIA LTDA,35 - Recreo/Forestal,79589870-0,CALLE PHILIPPI 255 SECTOR PORTALES,Valparaiso,79589870-0
__import__.7722223000C,SOC COMERCIAL ESTADIO ESPAÑOL LTDA,35 - Recreo/Forestal,77222230-0,ALONSO DE ERCILLA 795 RECREO,VIÑA DEL MAR,77222230-0
__import__.8606300011C,SOC DISTRIBUIDORA Y COM ARRIZABALAGA LTDA ,35 - Recreo/Forestal,86063000-1,CALLE LIMACHE 2255,VIÑA DEL MAR,86063000-1
__import__.7673694410C,SOC GASTRONOMICA L Y M LTDA,20 - HORECA,76736944-1,SAN PEDRO 2585,CONCÓN,76736944-1
__import__.7728587600C,SOC GASTRONOMICA LEON RETAMALES SPA,20 - HORECA,77285876-0,AV BORGOÑO 24999,CONCÓN,77285876-0
__import__.7798020000C,SOC GASTRONOMICA MAIS & MAIS LIMITADA,20 - HORECA,77980200-0,14 NORTE 1248,VIÑA DEL MAR,77980200-0
__import__.76093707K1C,SOC. COMERCIAL TACAJEMA LTDA ,2 - Valparaiso C,76093707-K,HUASCO 297 CERRO LARRAIN,VALPARAÍSO,76093707-K
__import__.7633585775C,SOC. DE INV Y SER. CAMPOMAR LTDA,20 - HORECA,76335857-7,14 NORTE 1348 (CASINO PERSONAL RIPLEY),VIÑA DEL MAR,76335857-7
__import__.8795630033C,SOC. MERMEDO HNOS. LTDA. ,35 - Recreo/Forestal,87956300-3,SUCURSAL ARRIBA CAMINO REAL # 1985 RECREO SUCURSAL,VIÑA DEL MAR,87956300-3
__import__.8795630031C,SOC. MERMEDO HNOS. LTDA. ,35 - Recreo/Forestal,87956300-3,CAMINO REAL # 1985 RECREO,VIÑA DEL MAR,87956300-3
__export__.res_partner_65931_fc1242da,SOC.COMER.ZEDAN. HNO LTDA,34 - Quillota / La Calera,50106230-8,PRAT 245,QUILLOTA,50106230-8
__import__.8696970013C,SOCIEDAD ANGELO DOMENICONE Y COMPAÑIA ,17 - Limache/Olmue,86969700-1,AV. REPUBLICA 1225,LIMACHE,86969700-1
__export__.res_partner_52847_a1088c2c,SOCIEDAD AVÍCOLA Y COMERCIAL LOS QUILLAYES SPA ,13 - Congelados Interior,78176945-2,CAMINO COLLIGUAY 41A,QUILPUÉ,78176945-2
__export__.res_partner_65533_eedd1bbd,SOCIEDAD COMERCIAL ANKO LTDA,2 - Valparaiso C,76233529-8,SAN ENRRIQUE 314,VALPARAISO,76233529-8
__import__.7692659450C,SOCIEDAD COMERCIAL CLARA BUSTAMANTE SPA ,34 - Quillota / La Calera,76926594-5,FREIRE 25 SN,QUILLOTA,76926594-5
__export__.res_partner_66298_3793dfa9,SOCIEDAD COMERCIAL CONVER LIMITADA,2 - Valparaiso C,76802055-8,CHAPARRO 498 CERRO CORDILLERA,VALPARAÍSO,76802055-8
__export__.res_partner_65198_487acb55,SOCIEDAD COMERCIAL DISTRIBUIDORA LAS CAMELIAS LIMITADA,18 - Los Andes/San Felipe,76437730-3,MAIPÚ 199,LOS ANDES,76437730-3
__import__.7643773030C,SOCIEDAD COMERCIAL DISTRIBUIDORA LAS CAMELIAS LIMITADA ,18 - Los Andes/San Felipe,76437730-3,RODRIGUEZ 394,LOS ANDES,76437730-3
__import__.7734432541C,SOCIEDAD COMERCIAL EMPORIO CENTRAL EXPRESS SPA,20 - HORECA,77344325-4,CALLE VILLANELO 155,VIÑA DEL MAR,77344325-4
__import__.7817844350C,SOCIEDAD COMERCIAL EPICENTRO SPA ,19 - Tabolango - Papudo,78178443-5,AV. EL BOSQUE 2425,QUINTERO,78178443-5
__import__.7809766161C,SOCIEDAD COMERCIAL IDE Y CARRILLO LIMITADA ,2 - Valparaiso C,78097661-6,MARQUEZ L B K B MARQUEZ,VALPARAÍSO,78097661-6
__import__.7775705281C,SOCIEDAD COMERCIAL JELDES PANFICHE LIMITADA ,17 - Limache/Olmue,77757052-8,FATIMA 4,LIMACHE,77757052-8
__import__.7700078010C,SOCIEDAD COMERCIAL LA VERTIENTE LIMITADA,2 - Valparaiso C,77000780-1,ALMIRANTE BARROSO 526 (PORTON NEGRO),VALPARAÍSO,77000780-1
__import__.7819420730C,SOCIEDAD COMERCIAL LOS AMIGOS LIMITADA ,18 - Los Andes/San Felipe,78194207-3,CALLE GÁLVEZ 243 LOTE B RINCONADA DE LOS ANDES,LOS ANDES,78194207-3
__import__.7761282792C,SOCIEDAD COMERCIAL MENDEZ Y LEPE LIMITADA,2 - Valparaiso C,77612827-9,AV CURAUMA SUR 1050,VALPARAÍSO,77612827-9
__export__.res_partner_65810_6ce8302f,SOCIEDAD COMERCIAL MINIMARKET EL LOLO SPA,34 - Quillota / La Calera,77853578-5,CONDELL 1230,QUILLOTA,77853578-5
__export__.res_partner_64988_448e71a4,SOCIEDAD COMERCIAL RANI SPA  ,20 - HORECA,77582916-8,"CAMINO INTERNACIONAL 4750, BODEGA 1005",CONCÓN,77582916-8
__import__.7758291681C,SOCIEDAD COMERCIAL RANI SPA ,20 - HORECA,77582916-8,LOS DIAMANTES. NO 750,CONCÓN,77582916-8
__import__.7758291680C,SOCIEDAD COMERCIAL RANI SPA ,20 - HORECA,77582916-8,AV CLARENCIA 849 LOCAL 11 SEGUNDO PISO,CONCÓN,77582916-8
__import__.7648256831C,SOCIEDAD COMERCIAL REDS CLUB SPA ,2 - Valparaiso C,76482568-3,CARDENAL SIMONE LOTE 1296 CURAUMA,VALPARAÍSO,76482568-3
__export__.res_partner_46905_73212c19,SOCIEDAD COMERCIAL RIVERA Y SANCHEZ LIMITADA,13 - Congelados Interior,78231046-1,LOS COPIHUES 1104,QUILPUÉ,78231046-1
__export__.res_partner_65876_403dfeb5,SOCIEDAD COMERCIAL SVEA SPA,34 - Quillota / La Calera,77764122-0,FREIRE 205,QUILLOTA,77764122-0
__import__.7691565420C,SOCIEDAD COMERCIAL VERA HERMANOS LIMITADA ,34 - Quillota / La Calera,76915654-2,BULNES # 776,QUILLOTA,76915654-2
__import__.78100157-0,SOCIEDAD COMERCIAL VICTORIA LIMITADA ,13 - Congelados Interior,78100157-0,AV VICTORIA 0689,VILLA ALEMANA,78100157-0
__import__.7799140540C,SOCIEDAD COMERCIAL Y GASTRONÓMICA SCHWENKE SPA,20 - HORECA,77991405-4,LAS PIMPINELAS 1229,CONCÓN,77991405-4
__import__.7695126160C,SOCIEDAD COMERCIAL Y SERVICIOS LA PLAYA LIMITADA ,19 - Tabolango - Papudo,76951261-6,AV PEDRO ALDUNATE SOLAR 500 EL COLD,PUCHUNCAVÍ,76951261-6
__import__.7750376360C,SOCIEDAD CRAZY CHEF SPA ,19 - Tabolango - Papudo,77503763-6,EL PEUMO 851,PAPUDO,77503763-6
__export__.res_partner_65776_e2991f37,SOCIEDAD DE GASTRONOMIA E INVERSIONES BY ALTOMAR LA GATITA LIMITADA,20 - HORECA,78336176-0,PASAJE MORALES 270 HIGUERILLAS,CON CON,78336176-0
__import__.77447093K0C,SOCIEDAD DE INVERSIONES DEL FIERRO OLGUIN Y SAAVEDRA LIMITADA 0,2 - Valparaiso C,77447093-K,ALEMANIA 4839,VALPARAÍSO,77447093-K
__export__.res_partner_53105_252a6669,SOCIEDAD DE INVERSIONES LUBECK SPA,13 - Congelados Interior,76708456-0,ANDRES BELLO # 656 QUILPUÉ,QUILPUE,76708456-0
__export__.res_partner_65125_f07713c9,SOCIEDAD DE INVERSIONES TERRASINI SPA,19 - Tabolango - Papudo,78264229-4,DON ALFREDO LOTE 116-8 SANTA ALDEA,QUINTERO,78264229-4
__export__.res_partner_66068_e9c8953d,SOCIEDAD DE INVERSIONES VANEVALE SPA,16 - Especializado Litoral,78213399-3,1 DUBORNAIS 1870,EL QUISCO,78213399-3
__import__.7607885700C,SOCIEDAD DISTRIBUIDORA Y COMERCIALIZADORA DE CONFITES Y HELADOS KIKO L ,18 - Los Andes/San Felipe,76078857-0,PRAT 621,SAN FELIPE,76078857-0
__import__.7607885701C,SOCIEDAD DISTRIBUIDORA Y COMERCIALIZADORA DE CONFITES Y HELADOS KIKO L ,34 - Quillota / La Calera,76078857-0,DIEGO LILLO 444,LA CALERA,76078857-0
__export__.res_partner_53184_d87d3489,SOCIEDAD ESCOBAR VERGARA SPA,35 - Recreo/Forestal,77564392-7,CANTERA 384,VIÑA DEL MAR,77564392-7
__export__.res_partner_65865_9e957c6e,SOCIEDAD F&C SPA,34 - Quillota / La Calera,78328013-2,INSTITUTO  521,QUILLOTA,78328013-2
__import__.77654454K1C,SOCIEDAD GASTRONOMICA CALETA ABARCA SPA,20 - HORECA,77654454-K,AV ESPAÑA RESTAURANT CALETA ABARCA 1ER PISO,VIÑA DEL MAR,77654454-K
__import__.7826457650C,SOCIEDAD GASTRONOMICA CONCEPCION SPA ,17 - Limache/Olmue,78264576-5,CONCEPCION 923,LIMACHE,78264576-5
__import__.7636145140C,SOCIEDAD GASTRONOMICA DINA LIMITADA,20 - HORECA,76361451-4,TORREBLANCA N° 91 REÑACA,VIÑA DEL MAR,76361451-4
__import__.7645221410C,SOCIEDAD GASTRONOMICA GOMEZ LIMITADA ,17 - Limache/Olmue,76452214-1,CONDELL 73 A,LIMACHE,76452214-1
__import__.7813124520C,SOCIEDAD GASTRONOMICA KODOGIANNIS SPA,20 - HORECA,78131245-2,ARLEGUI 269,VIÑA DEL MAR,78131245-2
__import__.7804373910C,SOCIEDAD GASTRONOMICA LA ALEMANA SPA ,17 - Limache/Olmue,78043739-1,CALLE RIQUELME # 204,LIMACHE,78043739-1
__import__.7807474120C,SOCIEDAD GASTRONÓMICA LA RUCA DE CURIMÓN SPA ,18 - Los Andes/San Felipe,78074741-2,EL RINCÓN SIN NÚMERO BUCALEMU,SAN FELIPE,78074741-2
__export__.res_partner_53094_9023d5bd,SOCIEDAD HERMANOS JARA LOYOLA SPA,17 - Limache/Olmue,78358395-K,"CARELMAPU 136 POBLA.ISLA LENOX, LIMACHE",LIMACHE,78358395-K
__export__.res_partner_65984_8f906091,SOCIEDAD HOTELERA ESPACIO ARIZTIA LTDA,34 - Quillota / La Calera,76184289-7,ARIZTIA 527,QUILLOTA,76184289-7
__import__.77279794K0C,SOCIEDAD I.T.C SPA,20 - HORECA,77279794-K,1  PONIENTE 890,VIÑA DEL MAR,77279794-K
__export__.res_partner_65064_b0dd29d4,SOCIEDAD IMPRIPRONUTS SPA,17 - Limache/Olmue,78364729-K,INDEPENDENCIA 1192 LIMACHE VIEJO,LIMACHE,78364729-K
__export__.res_partner_53098_0e1ade81,SOCIEDAD INVERSIONES REÑACA SPA ,20 - HORECA,76539595-K,SECTOR 2 REÑACA,VIÑA DEL MAR,76539595-K
__import__.7703061320C,SOCIEDAD INVERSIONES Y SERVICIOS PATIO CENTRAL,20 - HORECA,77030613-2,CALLE VON SCHROEDERS 75 PISO 1 PLAN,VIÑA DEL MAR,77030613-2
__import__.7612269400C,SOCIEDAD ITSASO SERV. GASTRONOMICOS LTDA,20 - HORECA,76122694-0,AVDA. MARINA 51,VIÑA DEL MAR,76122694-0
__import__.7766768610C,SOCIEDAD J&M SPA ,34 - Quillota / La Calera,77667686-1,YUNGAY 1149,QUILLOTA,77667686-1
__export__.res_partner_52808_b21dbb5b,SOCIEDAD LACTO SUR SPA,13 - Congelados Interior,77882308-K,SANTIAGO 799,VILLA ALEMANA,77882308-K
__import__.7700306760C,SOCIEDAD MEJIAS & VERGARA SPA,8 - Santa Ines/Villa Hermosa,77003067-6,LIMACHE 3421 LOC 1,VIÑA DEL MAR,77003067-6
__export__.res_partner_65407_e777ff01,SOCIEDAD RIOS Y PIZARRO LIMITADA,16 - Especializado Litoral,76466059-5,WILLIAMS REBOLLEDO 1750,CURACAVI,76466059-5
__import__.7609667540C,SOCIEDAD SERVICIOS INDUSTRIALES LIMITADA ,19 - Tabolango - Papudo,76096675-4,CHIMBOTE 1711,QUINTERO,76096675-4
__import__.7745361161C,SOCIEDAD VERDEJO PONCE LIMITADA ,13 - Congelados Interior,77453611-6,ALCALDE GALLEGUILLO 601,VILLA ALEMANA,77453611-6
__import__.94623000645C,SODEXO CHILE SPA,20 - HORECA,94623000-6,4 PONIENTE 332,VIÑA DEL MAR,94623000-6
__import__.94623000644C,SODEXO CHILE SPA,20 - HORECA,94623000-6,1 Pte 1206,VIÑA DEL MAR,94623000-6
__import__.7759655412C,SOL SPORT PADELCENTER SPA,13 - Congelados Interior,77596554-1,RINCONADA 891,VILLA ALEMANA,77596554-1
__import__.1204891430C,SOLEDAD CAROLA OLIVARES URZUA ,8 - Santa Ines/Villa Hermosa,12048914-3,"LAGO PEÑUELAS 24, PARADERO 5 1/2  SANTA JULIA",VIÑA DEL MAR,12048914-3
__import__.1681942260C,SOLIS VILLALOBOS ADOLFO FERNANDO,13 - Congelados Interior,16819422-6,DAVID CORTES 836,QUILPUÉ,16819422-6
__import__.1174553271C,SOTO CACERES HECTOR ALEJANDRO ,8 - Santa Ines/Villa Hermosa,11745532-7,EL MAQUI 3663 GRANADILLA 7 MIRAFLORES,VIÑA DEL MAR,11745532-7
__import__.956640400C,SOTO CASTRO SUSANA HERMINIA ,8 - Santa Ines/Villa Hermosa,9566404-0,LAS BANDURRIA 537 ESQ 21 MAYO SANTA JULIA,VIÑA DEL MAR,9566404-0
__import__.1845809691C,SOTO FIGUEROA CAMILA VIVIANA DE LOURDES ,8 - Santa Ines/Villa Hermosa,18458096-9,15 PONIENTE 5782,VIÑA DEL MAR,18458096-9
__import__.952750441C,SOTO FUENTEALBA FRANCISCA DE LAS MERCEDES ,13 - Congelados Interior,9527504-4,MARIA MERCEDES 1450 HIJUELAS GRANDE,VILLA ALEMANA,9527504-4
__import__.878816010C,SOTO FUENTEALBA MARGARITA ELIANA ,13 - Congelados Interior,8788160-1,MARIA MERCEDES 1474 HIJUELAS GRANDE,VILLA ALEMANA,8788160-1
__import__.845995490C,SOTO HENRIQUEZ PATRICIA ALICIA ,18 - Los Andes/San Felipe,8459954-9,LUIS A. GALLARDO 226 VILLA TR,LOS ANDES,8459954-9
__import__.1282497411C,SOTO HERRERA ALEJANDRA MAGDALENA ,19 - Tabolango - Papudo,12824974-5,DIEGO PORTALES SN TABOLANGO,LIMACHE,12824974-5
__export__.res_partner_66231_1518e0bd,SOTO MOLINA ELEAZAR ISRRAEL,16 - Especializado Litoral,17737316-8,LAUTARO 1777 BARRANCAS,SAN ANTONIO,17737316-8
__import__.7773290221C,SOTO'S SPA ,2 - Valparaiso C,77732902-2,CALLE COLON 2744,VALPARAÍSO,77732902-2
__import__.888674400C,SUAREZ CORDOVA ELIZABETH PAULINA,2 - Valparaiso C,8886744-0,INBSEN S/N INTERIOR HOSPITAL EDUARDO PEREIRA,VALPARAÍSO,8886744-0
__import__.775435461C,SUAZO ARAYA CHELEAL ABDIEL ,13 - Congelados Interior,7754354-6,LOS CARRERA 388,QUILPUÉ,7754354-6
__import__.1947190940C,SUAZO NUÑEZ JOSE EDUARDO,20 - HORECA,19471909-4,AV BORGOÑO 2320,VALPARAÍSO,19471909-4
__import__.19807795K1C,SUAZO NUÑEZ VICENTE JOSE,20 - HORECA,19807795-K,AV BORGOÑO S/N LT 1 CON-C,CONCÓN,19807795-K
__export__.res_partner_63786_7835a1f7,SUC RIVERA GODOY LORENZO DICK,17 - Limache/Olmue,53335722-9,VILLA INDEPENDENCIA PSJE QUIDORA #1298,Limache,53335722-9
__import__.5332341191C,SUCESION CELINDA DEL ROSARIO LOYOLA HERR ,17 - Limache/Olmue,53323411-9,CARELMAPU 136 POBL. ISLA LENOX LIMACHE,LIMACHE,53323411-9
__import__.5332107831C,SUCESION JUAN ANTONIO CAMBIASO MUÑOZ,20 - HORECA,53321078-3,SECTOR 4 PLAYA REÑACA S/N,VIÑA DEL MAR,53321078-3
__import__.5332213550C,SUCESION MANUEL FERNANDO SEGURA,20 - HORECA,7534298-5,POB. SAN JORGE. S/N MANZANA H-15,CONCÓN,7534298-5
__export__.res_partner_53040_3e79ff92,SUPER LOLO SPA,35 - Recreo/Forestal,78022304-9,AVENIDA VILLA MONTES 355,VIÑA DEL MAR,78022304-9
__export__.res_partner_66195_d49cadb9,SUPERMARKET EL TORITO SPA  ,16 - Especializado Litoral,78068715-0,MAULE 645 BARRANCAS,SAN ANTONIO,78068715-0
__export__.res_partner_66326_9852f529,SUPERMERCADO 21 LTDA,19 - Tabolango - Papudo,76056928-3,AV HUMERES 402,LA LIGUA,76056928-3
__import__.7715583720C,SUPERMERCADO CAMPO MAR SPA ,19 - Tabolango - Papudo,77155837-2,AV PRESIDENTE RIOS 1096 LOCAL 4,PUCHUNCAVÍ,77155837-2
__import__.7708191051C,SUPERMERCADO DON HOMERO S.P.A.,20 - HORECA,77081910-5,ANGAMOS 152 REÑACA,VIÑA DEL MAR,77081910-5
__export__.res_partner_66113_580a9113,SUPERMERCADO ELIZABETH DEL CARMEN RAMIREZ CACERES E.I.R.L. ,16 - Especializado Litoral,78097132-0,ALCAZAR DE TORRES PARCELA 28,ALGARROBO,78097132-0
__export__.res_partner_63751_257fdd78,SUPERMERCADO EMA SPA,19 - Tabolango - Papudo,77797698-2,Puyally s/n ,Papudo,77797698-2
__import__.7795878270C,SUPERMERCADO FARÍAS LIMITADA ,18 - Los Andes/San Felipe,77958782-7,CALLE IQUIQUE 1605,LOS ANDES,77958782-7
__export__.res_partner_66074_2aee1d98,SUPERMERCADO FLORENCIA LIMITADA,16 - Especializado Litoral,76814814-7,PARCELA 10 SECTOR 1,SANTO DOMINGO,76814814-7
__import__.7652627982C,SUPERMERCADO J & R SPA ,17 - Limache/Olmue,76526279-8,INDEPENDENCIA  1410 LOCAL 1 Y 2,LIMACHE,76526279-8
__import__.7782601311C,SUPERMERCADO NOGALES SPA ,34 - Quillota / La Calera,77826013-1,IQUIQUE 1617,LA CALERA,77826013-1
__import__.7771750840C,SUPERMERCADO PACIFICO SPA ,19 - Tabolango - Papudo,77717508-4,CALLE RUTA F30E 12010,QUINTERO,77717508-4
__import__.77762881K0C,SUPERMERCADO URGENCIA SPA ,18 - Los Andes/San Felipe,77762881-K,AVDA CIRCUNVALACION NORTE 1980,SAN FELIPE,77762881-K
__export__.res_partner_65439_6c39d475,SANCHEZ SPA ,13 - Congelados Interior,78417056-K,INES DE SUAREZ 0275,VILLA ALEMANA,78417056-K
__import__.77301065K1C,TAER ARAR MOUSTAFA SPA,20 - HORECA,77301065-K,ECUADOR 283,VIÑA DEL MAR,77301065-K
__import__.77301065K0C,TAER ARAR MOUSTAFA SPA,20 - HORECA,77301065-K,AVENIDA CON CON REÑACA 41,CONCÓN,77301065-K
__import__.1173125771C,TAPIA ABARCA JESSICA FABIOLA ,19 - Tabolango - Papudo,11731257-7,"AVENIDA PRINCIPAL 6, PUCHUNCAVI 235",PUCHUNCAVÍ,11731257-7
__import__.1173125770C,TAPIA ABARCA JESSICA FABIOLA ,19 - Tabolango - Papudo,11731257-7,BAJO HONDO CAMINO VECINAL MZ 23 4 LA CHOCOTA,PUCHUNCAVÍ,11731257-7
__export__.res_partner_65966_a172bfa0,TAPIA ABARCA ROXANA DEL PILAR,19 - Tabolango - Papudo,10812670-1,PRINCIPAL SN CHOCOTA,PUCHUNCAVI,10812670-1
__export__.res_partner_65811_42cde86f,TAPIA ARANCIBIA LUCRECIA AIDA,34 - Quillota / La Calera,7078001-1,CONDELL 1236,QUILLOTA,7078001-1
__import__.7676881721C,TAPIA HERRERA LIMITDA,8 - Santa Ines/Villa Hermosa,76768817-2,PRESIDENTE EDUARDO FREI MONTALVA 3538 MIRAFLORES,VIÑA DEL MAR,76768817-2
__import__.864772460C,TAPIA MORALES FELIX EDUARDO ,13 - Congelados Interior,8647724-6,ROMA 480 LOCAL 1,VILLA ALEMANA,8647724-6
__import__.1509472351C,TAPIA NEIRA  GONZALO ,35 - Recreo/Forestal,15094723-5,AV. PRINCIPAL  113 CHORRILLOS,VIÑA DEL MAR,15094723-5
__import__.10951201K0C,TAPIA VARAS CLARISA ROSA DE LAS MERCEDES ,19 - Tabolango - Papudo,10951201-K,EL CORAL 1755 VILLA MARINA,PAPUDO,10951201-K
__import__.10161817K1C,TAPIA VILLALON NANCY FABIOLA YVETTE ,2 - Valparaiso C,10161817-K,SIMPSON 210 CERRO POLANCO,VALPARAÍSO,10161817-K
__export__.res_partner_65309_cb8a1627,TARGURI SPA,2 - Valparaiso C,77931208-9,AV ARGENTINA 842,VALPARAÍSO,77931208-9
__import__.994424331C,TARIFENO NAVIA OSVALDO ANTONIO ,18 - Los Andes/San Felipe,9944243-3,VICUÑA 2390,LOS ANDES,9944243-3
__import__.994424330C,TARIFENO NAVIA OSVALDO ANTONIO ,18 - Los Andes/San Felipe,9944243-3,VILLA HERMANOS MARISTAS PASAJE  ADVENTINUS,LOS ANDES,9944243-3
__import__.1811312920C,TEJEDA TOLEDO NICKOL GEORGINA ,18 - Los Andes/San Felipe,18113129-2,JOSÉ VILLARROEL 1268 VILLA LOS ACACIOS,LOS ANDES,18113129-2
__import__.7808444850C,TENDENCIAS RESTOBAR SPA,2 - Valparaiso C,78084448-5,CHACABUCO 2301,VALPARAÍSO,78084448-5
__import__.943346161C,TERESA DEL PILAR ANABALON AROS ,35 - Recreo/Forestal,9433461-6,BLANCA VERGARA 1852 FORESTAL,VIÑA DEL MAR,9433461-6
__import__.7737652780C,TERRAZA ALEMANA SPA ,18 - Los Andes/San Felipe,77376527-8,MERCED 154,SAN FELIPE,77376527-8
__import__.7795747760C,TINTICO SPA,20 - HORECA,77957477-6,5 NORTE 461,VIÑA DEL MAR,77957477-6
__export__.res_partner_65245_fe966107,TOLEDO CELIS NATALIA ANDREA,2 - Valparaiso C,12008299-K,AVENIDA PLAYA ANCHA 44A,VALPARAISO,12008299-K
__import__.1851077440C,TOLEDO SILVA SERGIO ,34 - Quillota / La Calera,18510774-4,CALLE ANTHOR 1937 BLOCK 18 DPTO 11 VILLA RENE PIANOVI,LA CALERA,18510774-4
__import__.1652333871C,TOLEDO VALENZUELA MARIA ESMERALDA ,17 - Limache/Olmue,16523338-7,PEDRO DE ALVARADO S/N,OLMUÉ,16523338-7
__export__.res_partner_65565_2c858a33,TORO ALVAREZ JUAN EDUARDO ,2 - Valparaiso C,10914508-4,LOS MAGNOLIOS 292 PUERTAS DEL SOL PLACILLA,VALPARAÍSO,10914508-4
__import__.768859660C,TORO CAMPOS JUAN ALFREDO ,18 - Los Andes/San Felipe,7688596-6,LAS MARGARITAS 255,LOS ANDES,7688596-6
__export__.res_partner_65355_8fb0730e,TORO INAREJO YOLANDA DOLORES,13 - Congelados Interior,6324037-0,MARGA MARGA 3080,QUILPUÉ,6324037-0
__export__.res_partner_63562_acc09eb9,TORRES DE DORADO MARY AYARZA,2 - Valparaiso C,26040067-3,"PROCURO 815 , VALPARAÍSO",VALPARAISO,26040067-3
__import__.712542671C,TORRES GAJARDO HECTOR HENRRIQUEZ ,8 - Santa Ines/Villa Hermosa,7125426-7,CALLE LONQUINAY A 3 REÑACA ALTO,VIÑA DEL MAR,7125426-7
__export__.res_partner_66234_93f95b58,TORRES PLAZA LEIDI YOHANA,34 - Quillota / La Calera,25284528-3,ALONSO ZUMAETA 1572,LA CALERA,25284528-3
__import__.883986530C,TORRES TERRAZA CARMEN MARIANA ,18 - Los Andes/San Felipe,8839865-3,CARRETERA SAN MARTIN 886 RINCONADA,LOS ANDES,8839865-3
__import__.1623342121C,TORRES TORRES PRISCILLA ELIZABETH ,2 - Valparaiso C,16233421-2,CALLE ARTURO PRAT N°488 PLACILLA ORIENTE,VALPARAÍSO,16233421-2
__export__.res_partner_64910_fe0e4dc6,TRINACRIA SPA,20 - HORECA,78442806-0,7 NORTE  553,VIÑA DEL MAR,78442806-0
__import__.890026050C,TRONCOSO MARTINEZ ULISES HERNAN ,18 - Los Andes/San Felipe,8900260-5,AVENIDA CHACAY 525,LOS ANDES,8900260-5
__import__.971097881C,TRUJILLO SALDIVIA ELSA CELIA ,2 - Valparaiso C,9710978-8,AVDA. RODELILLO #5577,VALPARAÍSO,9710978-8
__import__.7721428381C,TU REPUESTO AMERICANO SPA ,17 - Limache/Olmue,77214283-8,AV PALMINA ROMANO 377,LIMACHE,77214283-8
__import__.7638186750C,TUR. GASTR. Y EVENTOS STELLA MARI LTDA,20 - HORECA,76381867-5,AV. BORGOÑO 17205,VIÑA DEL MAR,76381867-5
__import__.7674628081C,TURISMO E INVERSIONES CURUNINA S.A ,13 - Congelados Interior,76746280-8,FUNDO LA RETUCA LOTE D-2,QUILPUÉ,76746280-8
__import__.7674628080C,TURISMO E INVERSIONES CURUNINA S.A ,13 - Congelados Interior,76746280-8,FUNDO LA RETUCA LOTE D-2,QUILPUÉ,76746280-8
__import__.8166870045C,UNIVERSIDAD TECNICA FEDERICO SANTA MARIA,8 - Santa Ines/Villa Hermosa,81668700-4,SANTA MARIA 6090 CASINO,VIÑA DEL MAR,81668700-4
__import__.8166870042C,UNIVERSIDAD TECNICA FEDERICO SANTA MARIA,35 - Recreo/Forestal,81668700-4,AV ESPAÑA 1680,VALPARAÍSO,81668700-4
__import__.9369158K0C,URBINA CARVACHO CATALINA EMPERATRIZ ,18 - Los Andes/San Felipe,9369158-K,CAMINO INTERNACIONAL KM 9 S/N,LOS ANDES,9369158-K
__import__.1581693390C,URBINA LOPEZ ALVARO RODRIGO ,34 - Quillota / La Calera,15816933-9,GERMAN RIESCO 1278,QUILLOTA,15816933-9
__import__.13991905K1C,URETA ESPINOLA CLAUDIA ,8 - Santa Ines/Villa Hermosa,13991905-K,PARADERO 4 AV QUINTA 214 REÑACA ALTO,VIÑA DEL MAR,13991905-K
__export__.res_partner_65695_91836156,URGENCIA DEL SABOR SPA,34 - Quillota / La Calera,78499631-K,O'HIGGINS S/N AL LADO DEL HOSPITAL PROVINCIAL,QUILLOTA,78499631-K
__import__.7667222451C,URILOP SPA ,13 - Congelados Interior,76672224-5,LA TORRE 68,VILLA ALEMANA,76672224-5
__import__.1222461670C,URRUTIA LAGOS GLORIA JACQUELINE ,35 - Recreo/Forestal,12224616-7,PUERTO AYSEN 23D,VIÑA DEL MAR,12224616-7
__import__.14377564K1C,URRUTIA PLACENCIO PATRICIO ALEJANDRO ,2 - Valparaiso C,14377564-K,AV CURAUMA NORTE 901 CONJUNTO HABITACIONAL CARDENAL SAMORE PLACILLA,VALPARAÍSO,14377564-K
__import__.1648473570C,URRUTIA VERGARA MARIA JOSE PAOLA ,2 - Valparaiso C,16484735-7,CALLE MAURICIO RUGENDAS N° 16 PLACILLA,VALPARAÍSO,16484735-7
__import__.1725233661C,URZUA CONTRERAS DAYANN ALEXANDRA ,8 - Santa Ines/Villa Hermosa,17252336-6,INDICO 5019 GOMEZ CARREÑO,VIÑA DEL MAR,17252336-6
__export__.res_partner_52657_f966ed45,V AL PUERTO SPA,2 - Valparaiso C,78193793-2,CLAVE 23,VALPARAISO,78193793-2
__export__.res_partner_53303_53edea47,VALDEBENITO ORELLANA CLAUDIA SOLEDAD,18 - Los Andes/San Felipe,17955323-6,TOCORNAL 350,SAN ESTEBAN,17955323-6
__import__.1506962751C,VALDEBENITO PIZARRO PAMELA ANDREA ,19 - Tabolango - Papudo,15069627-5,SUBIDA MILENIO N°6 INDEPENDENCIA SUR,CONCÓN,15069627-5
__export__.res_partner_65426_627370c2,VALDERRAMA CEPEDA OLIVIA ISABEL,2 - Valparaiso C,10535530-0,INGENIERO HYATT 196,VALPARAISO,10535530-0
__import__.1018396992C,VALDIVIA RAMIREZ OSVALDO ,8 - Santa Ines/Villa Hermosa,10183969-9,SANTANA 416 SANTA JULIA,VIÑA DEL MAR,10183969-9
__import__.662266031C,VALDIVIESO VILLARROEL WENCESLAO ,2 - Valparaiso C,6622660-3,JOSE SEREY Nº 249 MERCADO 2º SECTOR PYA ANCHA,VALPARAÍSO,6622660-3
__export__.res_partner_65231_5e68c11e,VALDIVIEZO LEON DEGLYS MARIA,34 - Quillota / La Calera,26334355-7,GABRIELA MISTRAL 1213 ( CON LORCA),QUILLOTA,26334355-7
__import__.7806096480C,VALEMAR SPA ,19 - Tabolango - Papudo,78060964-8,26 DE NOVIEMBRE 989,PAPUDO,78060964-8
__import__.7787113381C,VALENCIA E HIJA SPA ,8 - Santa Ines/Villa Hermosa,77871133-8,CALLE VILLARRICA 879 LOCAL 8 MIRADOR DE REÑACA,VIÑA DEL MAR,77871133-8
__import__.933654881C,VALENZUELA FARIAS LUIS ALBERTO ,13 - Congelados Interior,9336548-8,LAUTARO 158,VILLA ALEMANA,9336548-8
__import__.1908249850C,VALENZUELA FERNANDEZ MANUEL IGNACIO ,8 - Santa Ines/Villa Hermosa,19082498-5,PILCOMAYO 23 REÑACA ALTO,VIÑA DEL MAR,19082498-5
__import__.9132346K1C,VALENZUELA GOMEZ MARISOL DEL CARMEN ,35 - Recreo/Forestal,9132346-K,SALVADOR VERGARA 595 FORESTAL,VIÑA DEL MAR,9132346-K
__import__.1441041104C,VALENZUELA HENRRIQUEZ ROSA ANDREA,35 - Recreo/Forestal,14410411-0,CHILE NORTE 287 NUEVA AURORA,VIÑA DEL MAR,14410411-0
__import__.1441041103C,VALENZUELA HENRRIQUEZ ROSA ANDREA,35 - Recreo/Forestal,14410411-0,AV MONTES 3 PARADERO 6,VIÑA DEL MAR,14410411-0
__import__.1508556830C,VALENZUELA SOLIS JOSE ANTONIO ,13 - Congelados Interior,15085568-3,PORTALES 888 LOCAL 6,QUILPUÉ,15085568-3
__import__.1084567520C,VALENZUELA VALENZUELA SANDRA PAMELA ,19 - Tabolango - Papudo,10845675-2,MANUEL RODRIGUEZ 212,PUCHUNCAVÍ,10845675-2
__import__.1648790031C,VALENZUELA VERDUGO ANGGIE WANESSA ,13 - Congelados Interior,16487900-3,SAN ENRIQUE N°1130,VILLA ALEMANA,16487900-3
__import__.1083639670C,VALENZUELA VILLALOBOS CLARA LUZ ,19 - Tabolango - Papudo,10836396-7,RUTA 60 CH KM 29.33 TABOLANGO,LIMACHE,10836396-7
__import__.620404402C,VALLADARES TORRES GLORIA,13 - Congelados Interior,6204044-0,ESMERALDA 940,QUILPUÉ,6204044-0
__export__.res_partner_65745_d3a642f7,VARAS LOPEZ EMILIO IVAN,34 - Quillota / La Calera,7905509-3,5 DE ABRIL 1367,QUILLOTA,7905509-3
__import__.1151818901C,VARGAS CISTERNAS MARIA EUGENIA,8 - Santa Ines/Villa Hermosa,11518189-0,JOAQUIN HUERTA 355 MIRAFLORES ALTO,VIÑA DEL MAR,11518189-0
__export__.res_partner_66110_d610f183,VARGAS DELGADILLO ANA DE LAS NIEVES,34 - Quillota / La Calera,11329745-K,DONATELO 1129,QUILLOTA,11329745-K
__export__.res_partner_66168_83e41a28,VARGAS OJEDA PATRICIO HERNAN,34 - Quillota / La Calera,14541933-6,VILLA LAS ARAUCARIAS 1198,QUILLOTA,14541933-6
__import__.7753400880C,VARGAS OJEDA SPA ,34 - Quillota / La Calera,77534008-8,CALLE MATA  VERI 1231,QUILLOTA,77534008-8
__import__.588364351C,VARGAS RODRIGUEZ VIVIANA ,13 - Congelados Interior,5883643-5,BLANCO 1546 INTERIOR DEL TERMINAL DE BUS,QUILPUÉ,5883643-5
__import__.900008450C,VARGAS SALDAÑA  ROSITA MARIA,20 - HORECA,9000084-5,3 PONIENTE 157,VIÑA DEL MAR,9000084-5
__import__.1143520041C,VASQUEZ AGUILERA RUTH ,35 - Recreo/Forestal,11435200-4,CALLE RIO AYSEN MANZANA D Nº8 POB P. AYS,VIÑA DEL MAR,11435200-4
__import__.1560424121C,VASQUEZ GONZALEZ YENNY CRISTINA ,8 - Santa Ines/Villa Hermosa,15604241-2,CALLE 1 PJE. CHACABUCO 175 GLORIAS NAVALES,VIÑA DEL MAR,15604241-2
__import__.1490466821C,VASQUEZ RAFFERNAU CAROLYN ANDREA ,8 - Santa Ines/Villa Hermosa,14904668-2,AVDA TERCERA 62 REÑACA ALTO,VIÑA DEL MAR,14904668-2
__import__.2639511580C,VASQUEZ RIVEROS RONY ,34 - Quillota / La Calera,26395115-8,JOSE JOAQUÍN GODOY 504,LA CALERA,26395115-8
__import__.1881766901C,VEAS AHUMADA ROXANA MARISOL ,17 - Limache/Olmue,18817669-0,LLANQUIHUE 139 POBLACIÓN LOS PINOS,LIMACHE,18817669-0
__import__.1003815401C,VEAS ARAYA MANUEL,13 - Congelados Interior,10038154-0,MOZART 1571 DEPTO. 103 BLOCK 15 A. DE LA,VILLA ALEMANA,10038154-0
__import__.796349561C,VEAS BERRIOS ANA MARIA ,17 - Limache/Olmue,7963495-6,LAUTARO LOTE 8 MAITENES ALTO,LIMACHE,7963495-6
__export__.res_partner_52294_b72b1bc0,VEAS MUJICA MARGARITA DEL CARMEN,20 - HORECA,6017001-0,AV. BORGOÑO 25150,CON CON,6017001-0
__import__.1222237360C,VEGA BARRIGA BERNARDITA ANTONIETA,8 - Santa Ines/Villa Hermosa,12222373-6,PEDRO ATACAMA 175 REÑACA ALTO,VIÑA DEL MAR,12222373-6
__export__.res_partner_66166_ddc24659,VEGA ESPINOZA MAX ALEJANDRO,34 - Quillota / La Calera,12110596-9,PINTOR JUAN HARRIS 2208,QUILLOTA,12110596-9
__import__.617083591C,VEGA MORA OSCAR ARNOLDO,20 - HORECA,6170835-9,SAN AGUSTIN 702,CONCÓN,6170835-9
__import__.7653482850C,VEGA REYES RAUL ROBINSON,8 - Santa Ines/Villa Hermosa,76534828-5,ANITA LIZANA 39-B PAR. 8 ACHUPALLAS,VIÑA DEL MAR,76534828-5
__import__.1207063811C,VEGA ROJAS CESAR DAVID ,35 - Recreo/Forestal,12070638-1,ABRAHAM LINCON 65 LOMAS SUR FORESTAL,VIÑA DEL MAR,12070638-1
__import__.1212933071C,VEGA SALINAS MARCELA ELIZABETH,35 - Recreo/Forestal,12129330-7,PASAJE VENECIA 114 POBLACION VISTA MAR CERRO COLINA,VIÑA DEL MAR,12129330-7
__export__.res_partner_65164_620bad86,VEGA VERGARA SUSANA DEL CARMEN,2 - Valparaiso C,10211625-9,AV. ALEMANIA 6981 LOCAL 1 Cº BELLAVISTA,Valparaiso,10211625-9
__import__.77752545K0C,VEGA Y GONZALEZ SPA,20 - HORECA,77752545-K,SAN ANTONIO 1119,VIÑA DEL MAR,77752545-K
__import__.7791233080C,VEGAS LOPEZ Y CIA. LTDA.,20 - HORECA,77912330-8,AV. BORGOÑO 21303 CALETA HIGUERILLAS,CONCÓN,77912330-8
__import__.1235175550C,VELASQUEZ SALINAS ALEJANDRA ISABEL ,34 - Quillota / La Calera,12351755-5,SAN FRANCISCO S/N LA PALMA,QUILLOTA,12351755-5
__import__.863350501C,VENEGAS BENITEZ ALFONSO FIDEL ,8 - Santa Ines/Villa Hermosa,8633505-0,1 NORTE 2265 PLAZA MIRAFLORES,VIÑA DEL MAR,8633505-0
__import__.857187701C,VENEGAS GALLARDO PATRICIA ,8 - Santa Ines/Villa Hermosa,8571877-0,1 SUR CON AV G CARREÑO LOCAL 7 5º SECTOR,VIÑA DEL MAR,8571877-0
__import__.952996601C,VENEGAS NAVARRO JUAN HUMBERTO ,17 - Limache/Olmue,9529966-0,CALLE VICTORIA N° 486 - B MAITENES ALTO,LIMACHE,9529966-0
__import__.945050541C,VENEGAS OLIVARES LUCY ANGELICA ,8 - Santa Ines/Villa Hermosa,9450505-4,3 NORTE 5705 GOMEZ CARREÑO,VIÑA DEL MAR,9450505-4
__import__.1318606090C,VENENCIANO GONZALEZ JEANETTE DEL CARMEN ,34 - Quillota / La Calera,13186060-9,CALLE SAN JOSE 996,LA CALERA,13186060-9
__import__.7741207341C,VENTA DE PRODUCTOS ALIMENTICIOS REINALDO JESUS ROMAN OLMOS EIRL,2 - Valparaiso C,77412073-4,ERRAZURIZ 618 LOCAL 7,VALPARAÍSO,77412073-4
__import__.7781573220C,VENTAS DE ABARROTES EVELYN RAMIREZ ALVARADO EIRL ,2 - Valparaiso C,77815732-2,AV PACIFICO 243,VALPARAÍSO,77815732-2
__export__.res_partner_66009_27e3696a,VENTAS DE ALIMENTOS JOHANA ANTONELLA BARRIENTOS ORTIZ E.I.R.L.,19 - Tabolango - Papudo,77234814-2,MIRAMAR 84,PUCHUNCAVI,77234814-2
__import__.7831506620C,VENTAS Y SERVICIOS EL GRINGO SPA ,2 - Valparaiso C,78315066-2,GUMERCINDO DÍAZ 313,VALPARAÍSO,78315066-2
__import__.8164361K1C,VERA CABRERA VERONICA ,13 - Congelados Interior,8164361-K,LAGO LANALHUE 2403 VILLA PACIFICO,QUILPUÉ,8164361-K
__import__.801892220C,VERA CORTES JUAN GENARO ,2 - Valparaiso C,8018922-2,SAN PEDRO 45 PLAYA ANCHA,VALPARAÍSO,8018922-2
__export__.res_partner_52902_1c18df89,VERA CRUZ JOCELYN DEL CARMEN,19 - Tabolango - Papudo,13997881-1,PARCELA 11 -2-3 CAROLMO RUTA F360,COLMO,13997881-1
__import__.5332296110C,VERA FUENTES SANDRA DEL CARMEN Y OTROS,8 - Santa Ines/Villa Hermosa,53322961-1,PASAJE 15 2985 EL MAITEN MIRAFLORES ALTO,VIÑA DEL MAR,53322961-1
__export__.res_partner_65939_5f1e1ea1,VERA GAETE LERIDA ORIANA,19 - Tabolango - Papudo,15096539-K,JOSE RAMON PEREZ 140 L2,PUCHUNCAVI,15096539-K
__import__.11436536K2C,VERA LASNIDBAT INGRID ELENA ,8 - Santa Ines/Villa Hermosa,11436536-K,CARAMPANGUE 95 PAR. 11 ACHUPALLAS,VIÑA DEL MAR,11436536-K
__export__.res_partner_64875_a06e536a,VERA MORALES TOSCA LIA,19 - Tabolango - Papudo,9072662-5,PILOTO ALCAYAGA 2026,QUINTERO,9072662-5
__import__.1039382951C,VERA SILVA JULIO RAUL ,2 - Valparaiso C,10393829-5,CAMINO CINTURA 875 C° SANTO DOMINGO,VALPARAÍSO,10393829-5
__import__.7616206060C,VERDE AGUA Y CIA. LTDA. ,13 - Congelados Interior,76162060-6,PARCELA 19,QUILPUÉ,76162060-6
__import__.1318908850C,VERDEJO FIGUEROA  XIMENA ALEJANDRA ,17 - Limache/Olmue,13189088-5,VIÑA AURORA SIN NUMERO,OLMUÉ,13189088-5
__export__.res_partner_66125_89300fbc,VERDEJO LTDA,34 - Quillota / La Calera,77267165-2,RENE SHNEIDER 131,VALPARAISO,77267165-2
__import__.859873801C,VERDEJO NOVELLINO MARCELA,20 - HORECA,8598738-0,BORGOÑO 21450 CON CON,CONCÓN,8598738-0
__export__.res_partner_65785_02e4328d,VERDULERIA VÍCTOR AZUAJE E.I.R.L.,34 - Quillota / La Calera,77224074-0,CHACABUCO 960,QUILLOTA,77224074-0
__export__.res_partner_65368_4a74089a,VERGARA & MORALES CO. SPA,13 - Congelados Interior,78404159-K,ARRIETA 23,VILLA ALEMANA,78404159-K
__import__.1667766860C,VERGARA GALLARDO EDUARDO,35 - Recreo/Forestal,16677668-6,PASEO WHERLWRIGTH 2551,VALPARAÍSO,16677668-6
__import__.1182670871C,VERGARA TAPIA MONICA JEANETTE,17 - Limache/Olmue,11826708-7,INDEPENDENCIA 1410 DEPTO 4,LIMACHE,11826708-7
__import__.1098794281C,VERONICA MARLEN ELGUETA NAVARRO ,17 - Limache/Olmue,10987942-8,PASAJE EL LITIO 1065,LIMACHE,10987942-8
__export__.res_partner_66200_d739e1d3,VERONICA PABLA HENRIQUEZ JOFRE,34 - Quillota / La Calera,9267726-5,REBECO 112,VALPARAISO,9267726-5
__export__.res_partner_65185_eb75f0fb,VICENCIO RETAMAL ALEJANDRO ANDRES,8 - Santa Ines/Villa Hermosa,14589872-2,ACONCAGUA Nº 17 POB NUEVA MIRAFLORES,VIÑA DEL MAR,14589872-2
__import__.1226565940C,VICENTE MUJICA CARLA ANGELICA ,13 - Congelados Interior,12265659-4,LAS ROSAS 858-A BELLOTO CENTRO,QUILPUÉ,12265659-4
__export__.res_partner_66041_4e5f30ea,VICTORIA ZAMORA CASTILLO,19 - Tabolango - Papudo,14305389-K,LOS CHANGOS 1476,VALPARAISO,14305389-K
__import__.1722710490C,VIDAL CUEVAS FERNANDA DEL PILAR ,2 - Valparaiso C,17227104-9,CAMINO ANTIGUO LAS DOCAS 1176,VALPARAÍSO,17227104-9
__import__.1322615040C,VIDAL REJAS ORIANA ESTER ,2 - Valparaiso C,13226150-4,PJE. SAN MARCOS N°17 POBL. BERNARDO OHIGGINS PLAYA ANCHA,VALPARAÍSO,13226150-4
__import__.1235272751C,VIDAL VERA JOSE FRANCISCO ,17 - Limache/Olmue,12352727-5,AVDA.PALMIRA ROMANO SUR 1200,LIMACHE,12352727-5
__import__.1336436800C,VIDELA CASTILLO RODRIGO ISMAEL ,18 - Los Andes/San Felipe,13364368-0,FRANCISCO ROSENDE 929,LOS ANDES,13364368-0
__import__.791508510C,VIELMA MUNOZ PERLA DEL CARMEN ,13 - Congelados Interior,7915085-1,TRONCOS VIEJOS 450 LOCAL C BELLOTO SUR,QUILPUÉ,7915085-1
__export__.res_partner_66155_0a23a0c6,VIERA STORE SPA,34 - Quillota / La Calera,77273357-7,GERMAN RIESCO 351,VALPARAISO,77273357-7
__import__.1454520821C,VIGUERA QUEUPUL DAVID ALEXIS,13 - Congelados Interior,14545208-2,FREIRE 674 L2 BELLOTO NORTE,QUILPUÉ,14545208-2
__import__.1006230211C,VILLAGRA GUERRA MANUEL IGNACIO ,35 - Recreo/Forestal,10062302-1,ROGELIO ASTUDILLO N°26 FORESTAL ALTO,VIÑA DEL MAR,10062302-1
__export__.res_partner_63560_5ec8d139,VILLALOBOS FUENTES JOSE MIGUEL,18 - Los Andes/San Felipe,15091494-9,FREIRE 167,SAN FELIPE,15091494-9
__import__.1116228091C,VILLAR ROJAS CESAR DE JESUS ,8 - Santa Ines/Villa Hermosa,11162280-9,AV TAMARUGAL BLOCK 240 DPTO 12,VIÑA DEL MAR,11162280-9
__import__.1284945451C,MIRTA VILLARROEL ESCUDERO ,2 - Valparaiso C,12849454-5,LOS QUINCHAMALIES Nº 1689 V. INBICA CURA,VALPARAÍSO,12849454-5
__import__.825553310C,VILLARROEL PEREZ GLORIA ANGELICA ,8 - Santa Ines/Villa Hermosa,8255533-1,CARLOS IBAÑEZ DEL CAMPO 3580 LOTE 339 B PARADERO 1,VIÑA DEL MAR,8255533-1
__export__.res_partner_65932_7404d819,VISION ESTUDIO BARBERIA SPA,34 - Quillota / La Calera,78208683-9,PRAT 291,QUILLOTA,78208683-9
__import__.1376655301C,VIVANCO ARAYA PAOLA ALEJANDRA ,13 - Congelados Interior,13766553-0,EL ROCIO 1250,VILLA ALEMANA,13766553-0
__import__.865329131C,VIVANCO OLIVARES MARIO ALBERTO ,8 - Santa Ines/Villa Hermosa,8653291-3,CALLE 7 N°2437 SANTA INES,VIÑA DEL MAR,8653291-3
__import__.1398615150C,VIVANCO SILVA GISELA DEL CARMEN ,34 - Quillota / La Calera,13986151-5,OSCAR ALFARO N°7-B CERRO MACAYA,QUILLOTA,13986151-5
__import__.7819356460C,VIÑA PUB SPA,20 - HORECA,78193564-6,AV VALPARAISO 318,VIÑA DEL MAR,78193564-6
__import__.7695212161C,WAVE SURF CLUB SPA,20 - HORECA,76952121-6,AV BORGOÑO 24975 68,CONCÓN,76952121-6
__import__.765481960C,WERNE CESPEDES JUAN ,20 - HORECA,7654819-6,PRIMERA TRANSVERSAL 780,CONCÓN,7654819-6
__export__.res_partner_52816_ed26a2f1,WESTERMEIER CANEO CLAUDIO RUDIBERTO,13 - Congelados Interior,6788793-K,AV.VALPARAISO 824 LOCAL 18-19,VILLA ALEMANA,6788793-K
__import__.7746890360C,WS INVERSIONES SPA ,20 - HORECA,77468903-6,LOS MIRLOS 181 LOCAL 3,VIÑA DEL MAR,77468903-6
__import__.834519630C,YANEZ CIFUENTES JESSICA IVONNE ,19 - Tabolango - Papudo,8345196-3,CAMINO PÚBLICO LOTE  A 2-1,PAPUDO,8345196-3
__import__.1457537401C,YAÑEZ FIGUEROA JOSE LUIS ,35 - Recreo/Forestal,14575374-0,TACNA SITIO 68,VIÑA DEL MAR,14575374-0
__import__.7803859520C,YM SPA,20 - HORECA,78038595-2,PASAJE LOS TRONCOS 7 SN,CONCÓN,78038595-2
__import__.21941062K0C,YOLANDA DEL ROSARIO FERNANDEZ ARUATA,20 - HORECA,21941062-K,AV.CENTRAL RELACA # 34,VIÑA DEL MAR,21941062-K
__export__.res_partner_65843_fa88328d,YVENET DOURALUS,34 - Quillota / La Calera,26188039-3,GERMAN RIESCO 531,QUILLOTA,26188039-3
__import__.7649361750C,ZAMORA Y ZAMORA S.R.L. ,20 - HORECA,76493617-5,RIO RAPEL 497 VILLA ACONCAGUA,CONCÓN,76493617-5
__import__.1420873401C,ZAMORANO SAURE PAOLA ANDREA,2 - Valparaiso C,14208734-0,CALLE PRAT 853,VALPARAÍSO,14208734-0
__import__.1199021181C,ZAPATA MENESES JOSE LUIS ,8 - Santa Ines/Villa Hermosa,11990211-8,DEL ROBLE 3636 MIRAFLORES ALTO,VIÑA DEL MAR,11990211-8
__import__.1223016801C,ZARATE ANDRADE VICTORIA DEL CARMEN ,2 - Valparaiso C,12230168-0,PTO WILLIAMS 647,VALPARAÍSO,12230168-0
__import__.9655834080C,ZINGARO S.A. ,13 - Congelados Interior,96558340-8,"PASAJE LA TORRE 91, LOCAL 2-3",VILLA ALEMANA,96558340-8
__import__.1173493650C,ZUÑIGA DIAZ OSCAR EDUARDO ,17 - Limache/Olmue,11734936-5,CONDELL 9-B,LIMACHE,11734936-5
