product_code,nombre,unidad_medida,unidad_medida_desc,division,rubro,segmento,lineas_venta_2024_2026
9103847,TARJETA INVITACION NIÑOS,?,NULL,Participaciones publicitarias,Articulos promocionales,Productos promocionales,0
9109295,Cuchillito para pan CALSA,None,NULL,Participaciones publicitarias,Articulos promocionales,Productos promocionales,174
9109316,CHOMBA BLANCA CALSA A (L),None,NULL,Participaciones publicitarias,Articulos promocionales,Productos promocionales,2
9109317,CHOMBA BLANCA CALSA A (XL),None,NULL,Participaciones publicitarias,Articulos promocionales,Productos promocionales,0
9109517,Cortaplumas Victorinox Spartan,None,NULL,Participaciones publicitarias,Articulos promocionales,Productos promocionales,0
9109519,Linterna Maglite,None,NULL,Participaciones publicitarias,Articulos promocionales,Productos promocionales,0
9109520,Llavero AGL 503,None,NULL,Participaciones publicitarias,Articulos promocionales,Productos promocionales,0
9109522,CUADERNILLO NAVIDAD 2011,None,NULL,Participaciones publicitarias,Articulos promocionales,Productos promocionales,0
9109523,VIRGEN - BANNER COLGANTE (NOV 11),None,NULL,Participaciones publicitarias,Articulos promocionales,Productos promocionales,0
9109525,LP - DIPTICO FACTURAS Y MEDIAL (DIC2011),None,NULL,Participaciones publicitarias,Articulos promocionales,Productos promocionales,0
9109530,Almanaque CALSA 2012,None,NULL,Participaciones publicitarias,Articulos promocionales,Productos promocionales,0
9109533,LP - FLYER PAN DULCE (OCT 2011),None,NULL,Participaciones publicitarias,Articulos promocionales,Productos promocionales,0
9109535,FLYER PROMOCION LAS MEJORES DE LA CUADRA,None,NULL,Participaciones publicitarias,Articulos promocionales,Productos promocionales,0
9109538,Tríptico Maestro Calsa 2 para panaderías,None,NULL,Participaciones publicitarias,Articulos promocionales,Productos promocionales,0
9109540,Díptico Maestro Calsa 2 FDV,None,NULL,Participaciones publicitarias,Articulos promocionales,Productos promocionales,0
9109542,Catálogo de premios Maestro Calsa 2,None,NULL,Participaciones publicitarias,Articulos promocionales,Productos promocionales,0
9109543,Banner Maestro Calsa 2,None,NULL,Participaciones publicitarias,Articulos promocionales,Productos promocionales,0
9109607,AFICHE - DIA DE LOS ENAMORADOS - 2012,None,NULL,Participaciones publicitarias,Articulos promocionales,Productos promocionales,0
9109609,AFICHE - PASCUAS 2012,None,NULL,Participaciones publicitarias,Articulos promocionales,Productos promocionales,0
9109610,AFICHE - DIA DEL NIÑO 2012,None,NULL,Participaciones publicitarias,Articulos promocionales,Productos promocionales,0
9109611,AFICHE - DIA DEL AMIGO 2012,None,NULL,Participaciones publicitarias,Articulos promocionales,Productos promocionales,0
9109612,AFICHE - FELICES FIESTAS 2012,None,NULL,Participaciones publicitarias,Articulos promocionales,Productos promocionales,0
9109614,Flyer Pormo Margarinas Premium,None,NULL,Participaciones publicitarias,Articulos promocionales,Productos promocionales,0
9109615,Flyer Maestro Calsa 2 Margarinas,None,NULL,Participaciones publicitarias,Articulos promocionales,Productos promocionales,0
9109616,Flyer Maestro Calsa 2 110 Pts,None,NULL,Participaciones publicitarias,Articulos promocionales,Productos promocionales,0
9109621,FLYER CONSUMIDORES LINEA MTK,None,NULL,Participaciones publicitarias,Articulos promocionales,Productos promocionales,0
9109622,FLYER CONSUMIDORES LINEA PREMIUM,None,NULL,Participaciones publicitarias,Articulos promocionales,Productos promocionales,0
9109701,Flyer Maestro Calsa 2 Margarinas Distri,None,NULL,Participaciones publicitarias,Articulos promocionales,Productos promocionales,0
9109711,DIPTICO INFORMACION BROMATO (ENERO 2012),None,NULL,Participaciones publicitarias,Articulos promocionales,Productos promocionales,0
9109712,Cuadernillo Pascuas 2012,None,NULL,Participaciones publicitarias,Articulos promocionales,Productos promocionales,0
9109730,CAMISA M/L LOGO CALSA (XXL),None,NULL,Participaciones publicitarias,Articulos promocionales,Productos promocionales,0
9109740,Flyer Pormo Margarinas Premium - Abril,None,NULL,Participaciones publicitarias,Articulos promocionales,Productos promocionales,0
9109741,DVD PORTÁTIL (MDQ),None,NULL,Participaciones publicitarias,Articulos promocionales,Productos promocionales,0
9109755,PIROTINES,None,NULL,Participaciones publicitarias,Articulos promocionales,Productos promocionales,0
9109756,CAMPERA RUBIK ESTRATEGAS M,None,NULL,Participaciones publicitarias,Articulos promocionales,Productos promocionales,0
9109757,CAMPERA RUBIK ESTRATEGAS L,None,NULL,Participaciones publicitarias,Articulos promocionales,Productos promocionales,0
9109758,CAMPERA RUBIK ESTRATEGAS XL,None,NULL,Participaciones publicitarias,Articulos promocionales,Productos promocionales,0
9109772,Cuadernillo Invierno 2012,None,NULL,Participaciones publicitarias,Articulos promocionales,Productos promocionales,0
9109802,CAMPERA CONEXION (M),None,NULL,Participaciones publicitarias,Articulos promocionales,Productos promocionales,0
9109803,CAMPERA CONEXION (L),None,NULL,Participaciones publicitarias,Articulos promocionales,Productos promocionales,0
9109804,CAMPERA CONEXION (XL),None,NULL,Participaciones publicitarias,Articulos promocionales,Productos promocionales,0
9109820,DUQUESA - BANNER COLGANTE NVO PACK,None,NULL,Participaciones publicitarias,Articulos promocionales,Productos promocionales,0
9109822,DUQUESA - FLYER NVO PACK,None,NULL,Participaciones publicitarias,Articulos promocionales,Productos promocionales,0
9109823,DUQUESA - RECETARIO NVO PACK,None,NULL,Participaciones publicitarias,Articulos promocionales,Productos promocionales,0
9109831,ATMA - RECETARIO HP 4031 (FEB 2013),None,NULL,Participaciones publicitarias,Articulos promocionales,Productos promocionales,0
9109832,ATMA - RECETARIO HP 4041 (FEB 2013),None,NULL,Participaciones publicitarias,Articulos promocionales,Productos promocionales,0
9109840,Libro Calsa 90 años,None,NULL,Participaciones publicitarias,Articulos promocionales,Productos promocionales,0
9109850,"CALSA - IMAN CUBITOS (7,5 X 4,5 CM)",None,NULL,Participaciones publicitarias,Articulos promocionales,Productos promocionales,0
9109851,CALSA - PLATO PARA PIZZA,None,NULL,Participaciones publicitarias,Articulos promocionales,Productos promocionales,0
9109852,CALSA - TABLA MADERA P/PIZZA C/CORTANTE,None,NULL,Participaciones publicitarias,Articulos promocionales,Productos promocionales,0
9109853,CALSA - PANERA TERMICA,None,NULL,Participaciones publicitarias,Articulos promocionales,Productos promocionales,0
9109854,REPASADOR CALSA,None,NULL,Participaciones publicitarias,Articulos promocionales,Productos promocionales,0
9109855,PIZZARRA GLOBO DIALOGO IMANTADA CALSA,None,NULL,Participaciones publicitarias,Articulos promocionales,Productos promocionales,0
9109870,CUADERNILLO PRIMAVERA Y DIA MADRE 2012,None,NULL,Participaciones publicitarias,Articulos promocionales,Productos promocionales,0
9109871,FACTURAS Y MEDIALUNAS - RECETARIO,None,NULL,Participaciones publicitarias,Articulos promocionales,Productos promocionales,0
9109872,FACTURAS Y MEDIALUNAS - SOBRE,None,NULL,Participaciones publicitarias,Articulos promocionales,Productos promocionales,0
9109888,FACTURAS Y MEDIALUNAS - BANNER,None,NULL,Participaciones publicitarias,Articulos promocionales,Productos promocionales,0
9109889,FACTURAS Y MEDIALUNAS - MATE,None,NULL,Participaciones publicitarias,Articulos promocionales,Productos promocionales,0
9109960,Almanaque CALSA 2013,None,NULL,Participaciones publicitarias,Articulos promocionales,Productos promocionales,0
9109970,EPC - CUADERNILLO FIN DE AÑO 2012,None,NULL,Participaciones publicitarias,Articulos promocionales,Productos promocionales,0
9109995,Banner Calsa Linea 0 Trans_Panaderías,None,NULL,Participaciones publicitarias,Articulos promocionales,Productos promocionales,0
9110030,Cortaplumas 8 funciones,None,NULL,Participaciones publicitarias,Articulos promocionales,Productos promocionales,0
9110031,Mate con bombilla,None,NULL,Participaciones publicitarias,Articulos promocionales,Productos promocionales,0
9110032,Vaso de acero,None,NULL,Participaciones publicitarias,Articulos promocionales,Productos promocionales,0
9110056,cuaderno CX 2013 - ejecución,None,NULL,Participaciones publicitarias,Articulos promocionales,Productos promocionales,0
9110057,EPC - CUADERNILLO PASCUAS 2013,None,NULL,Participaciones publicitarias,Articulos promocionales,Productos promocionales,0
9110058,DELANTAL CAMELL PROMO MUNDIAL,None,NULL,Participaciones publicitarias,Articulos promocionales,Productos promocionales,0
9110060,ATMA - RECETARIO HP 4050 (FEB 2013),None,NULL,Participaciones publicitarias,Articulos promocionales,Productos promocionales,0
9110080,CHOMBA BLANCA promo mundial (L),None,NULL,Participaciones publicitarias,Articulos promocionales,Productos promocionales,0
9110081,CHOMBA BLANCA promo mundial (M),None,NULL,Participaciones publicitarias,Articulos promocionales,Productos promocionales,0
9110082,CHOMBA BLANCA promo mundial (XL),None,NULL,Participaciones publicitarias,Articulos promocionales,Productos promocionales,0
9110120,FLYER COMBO MTK Y VIRGEN 2013,None,NULL,Participaciones publicitarias,Articulos promocionales,Productos promocionales,0
9110130,CC TRIPTICO FV - PQ JUN13,None,NULL,Participaciones publicitarias,Articulos promocionales,Productos promocionales,0
9110131,CC DESPLEGABLE PANAS B/C - PQ JUN13,None,NULL,Participaciones publicitarias,Articulos promocionales,Productos promocionales,0
9110132,CC TRIPTICO PANAS A JUNTOS - PQ JUN13,None,NULL,Participaciones publicitarias,Articulos promocionales,Productos promocionales,0
9110133,CC FICHA RECETAS PANAS A JUNTOS - PQ JUN,None,NULL,Participaciones publicitarias,Articulos promocionales,Productos promocionales,0
9110134,CC FLYER CONSUMIDOR FINAL - PQ JUN13,None,NULL,Participaciones publicitarias,Articulos promocionales,Productos promocionales,0
9110135,CC PINCHE DE PRECIO - PQ JUN13,None,NULL,Participaciones publicitarias,Articulos promocionales,Productos promocionales,0
9110136,CC STICKER VIDRIERA/MOSTRADOR - PQ JUN13,None,NULL,Participaciones publicitarias,Articulos promocionales,Productos promocionales,0
9110137,CC BOLSITA DE PAPEL - PQ JUN13,None,NULL,Participaciones publicitarias,Articulos promocionales,Productos promocionales,0
9110138,CC EXHIBIDOR - PQ JUN13,None,NULL,Participaciones publicitarias,Articulos promocionales,Productos promocionales,0
9110139,CHOMBA BLANCA UNIFORME (M),None,NULL,Participaciones publicitarias,Articulos promocionales,Productos promocionales,0
9110140,CHOMBA BLANCA UNIFORME (L),None,NULL,Participaciones publicitarias,Articulos promocionales,Productos promocionales,0
9110141,CHOMBA BLANCA UNIFORME (XL),None,NULL,Participaciones publicitarias,Articulos promocionales,Productos promocionales,0
9110142,CHOMBA BLANCA UNIFORME (XXL),None,NULL,Participaciones publicitarias,Articulos promocionales,Productos promocionales,0
9110143,CAMISA M/L UNIFORME (M),None,NULL,Participaciones publicitarias,Articulos promocionales,Productos promocionales,0
9110144,CAMISA M/L UNIFORME (L),None,NULL,Participaciones publicitarias,Articulos promocionales,Productos promocionales,0
9110146,CAMISA M/L UNIFORME (XL),None,NULL,Participaciones publicitarias,Articulos promocionales,Productos promocionales,0
9110147,CAMISA M/L UNIFORME (XXL),None,NULL,Participaciones publicitarias,Articulos promocionales,Productos promocionales,0
9110148,Chaleco UNIFORME (M),None,NULL,Participaciones publicitarias,Articulos promocionales,Productos promocionales,0
9110149,Chaleco UNIFORME (L),None,NULL,Participaciones publicitarias,Articulos promocionales,Productos promocionales,0
9110150,Chaleco UNIFORME (XL),None,NULL,Participaciones publicitarias,Articulos promocionales,Productos promocionales,0
9110151,Chaleco UNIFORME (XXL),None,NULL,Participaciones publicitarias,Articulos promocionales,Productos promocionales,0
9110152,CAMPERA UNIFORMES (M),None,NULL,Participaciones publicitarias,Articulos promocionales,Productos promocionales,0
9110154,CAMPERA UNIFORMES (L),None,NULL,Participaciones publicitarias,Articulos promocionales,Productos promocionales,0
9110156,CAMPERA UNIFORMES (XL),None,NULL,Participaciones publicitarias,Articulos promocionales,Productos promocionales,0
9110158,CAMPERA UNIFORMES (XXL),None,NULL,Participaciones publicitarias,Articulos promocionales,Productos promocionales,0
9110159,CAMPERA UNIFORMES MUJER (S),None,NULL,Participaciones publicitarias,Articulos promocionales,Productos promocionales,0
9110160,CAMPERA UNIFORMES MUJER (M),None,NULL,Participaciones publicitarias,Articulos promocionales,Productos promocionales,0
9110161,CAMPERA UNIFORMES MUJER (L),None,NULL,Participaciones publicitarias,Articulos promocionales,Productos promocionales,0
9110207,CALSA - OBSEQUIO 90 AÑOS,None,NULL,Participaciones publicitarias,Articulos promocionales,Productos promocionales,0
9110220,CC FORMULARIO FV - PQ JUN 13,None,NULL,Participaciones publicitarias,Articulos promocionales,Productos promocionales,0
9110221,CALSA - SOBRE 90 AÑOS,None,NULL,Participaciones publicitarias,Articulos promocionales,Productos promocionales,0
9110223,DELANTAL R. JAIME 70 AÑOS,None,NULL,Participaciones publicitarias,Articulos promocionales,Productos promocionales,0
9110224,Flyer 70 Años Dist. R.Jaime,None,NULL,Participaciones publicitarias,Articulos promocionales,Productos promocionales,0
9110225,Sticker 70 años Dist. R. Jaime,None,NULL,Participaciones publicitarias,Articulos promocionales,Productos promocionales,0
9110230,CALSA - FOLLETO 90 AÑOS,None,NULL,Participaciones publicitarias,Articulos promocionales,Productos promocionales,0
9110240,CHOMBA BLANCA CALSA (XXXL),None,NULL,Participaciones publicitarias,Articulos promocionales,Productos promocionales,0
9110243,POLAR UNIFORME (M),None,NULL,Participaciones publicitarias,Articulos promocionales,Productos promocionales,0
9110245,POLAR UNIFORME (L),None,NULL,Participaciones publicitarias,Articulos promocionales,Productos promocionales,0
9110246,POLAR UNIFORME (XL),None,NULL,Participaciones publicitarias,Articulos promocionales,Productos promocionales,0
9110248,POLAR UNIFORME (XXL),None,NULL,Participaciones publicitarias,Articulos promocionales,Productos promocionales,0
9110249,Pantalon Uniforme (M),None,NULL,Participaciones publicitarias,Articulos promocionales,Productos promocionales,0
9110250,Pantalon Uniforme (L),None,NULL,Participaciones publicitarias,Articulos promocionales,Productos promocionales,0
9110251,Pantalon Uniforme (XL),None,NULL,Participaciones publicitarias,Articulos promocionales,Productos promocionales,0
9110252,Pantalon Uniforme (XXL),None,NULL,Participaciones publicitarias,Articulos promocionales,Productos promocionales,0
9110304,DISPENSER CALSA,None,NULL,Participaciones publicitarias,Articulos promocionales,Productos promocionales,0
9110310,DELANTAL ARGENTINA,None,NULL,Participaciones publicitarias,Articulos promocionales,Productos promocionales,1
9110311,DELANTAL ARGENTINA 2013,None,NULL,Participaciones publicitarias,Articulos promocionales,Productos promocionales,0
9110319,EPC - CUADERNILLO INVIERNO 2013,None,NULL,Participaciones publicitarias,Articulos promocionales,Productos promocionales,0
9110330,VALVULAS PARA DISPENSER CALSA,None,NULL,Participaciones publicitarias,Articulos promocionales,Productos promocionales,0
9110367,BASE PARA DISPENSER CALSA,None,NULL,Participaciones publicitarias,Articulos promocionales,Productos promocionales,0
9110717,CC BOLSITA DE PAPEL - ROLLS OCT 13,None,NULL,Participaciones publicitarias,Articulos promocionales,Productos promocionales,0
9110718,CC EXHIBIDOR - ROLLS OCT 13,None,NULL,Participaciones publicitarias,Articulos promocionales,Productos promocionales,0
9110719,CC DIPTICO FV - ROLLS OCT 13,None,NULL,Participaciones publicitarias,Articulos promocionales,Productos promocionales,0
9110722,CC RECETAS PAN JUNTOS - ROLLS OCT 13,None,NULL,Participaciones publicitarias,Articulos promocionales,Productos promocionales,0
9110723,CC DESPLEGABLE PANAS B/C - ROLLS OCT 13,None,NULL,Participaciones publicitarias,Articulos promocionales,Productos promocionales,0
9110725,CC TRIPTICO PANAS JUNTOS - ROLLS OCT 13,None,NULL,Participaciones publicitarias,Articulos promocionales,Productos promocionales,0
9110785,EPC - CUADERNILLO PRIMAVERA 2013,None,NULL,Participaciones publicitarias,Articulos promocionales,Productos promocionales,0
9110970,Almanaque CALSA 2014,None,NULL,Participaciones publicitarias,Articulos promocionales,Productos promocionales,0
9111096,ATMA - RECETARIO HP 4060 (NOV 2013),None,NULL,Participaciones publicitarias,Articulos promocionales,Productos promocionales,0
9111140,Valija Chica,None,NULL,Participaciones publicitarias,Articulos promocionales,Productos promocionales,0
9111141,Valija Chica,None,NULL,Participaciones publicitarias,Articulos promocionales,Productos promocionales,0
9111142,Mochila Premium,None,NULL,Participaciones publicitarias,Articulos promocionales,Productos promocionales,0
9111143,Recetarios p/ cuadra 90 años,None,NULL,Participaciones publicitarias,Articulos promocionales,Productos promocionales,0
9111231,DIPTICO PANADEROS MTK 0% TRANS - DIC 13,None,NULL,Participaciones publicitarias,Articulos promocionales,Productos promocionales,0
9111232,DIPTICO FV MTK 0% TRANS - DIC 2013,None,NULL,Participaciones publicitarias,Articulos promocionales,Productos promocionales,0
9111234,CENEFA 0% TRANS - DIC 2013,None,NULL,Participaciones publicitarias,Articulos promocionales,Productos promocionales,0
9111235,CENEFITA 0% TRANS - DIC 2013,None,NULL,Participaciones publicitarias,Articulos promocionales,Productos promocionales,0
9111237,SALIENTE 0% TRANS - DIC 2013,None,NULL,Participaciones publicitarias,Articulos promocionales,Productos promocionales,0
9111259,CARTEL ABIERTO/CERRADO 0% TRANS - DIC 13,None,NULL,Participaciones publicitarias,Articulos promocionales,Productos promocionales,0
9111270,TURNERO 0% TRANS - DIC 2013,None,NULL,Participaciones publicitarias,Articulos promocionales,Productos promocionales,0
9111271,BANNERS MTK 0% TRANS - DIC 2013,None,NULL,Participaciones publicitarias,Articulos promocionales,Productos promocionales,0
9111327,ATMA - RECETARIO HP 4060 (NOV 2013),None,NULL,Participaciones publicitarias,Articulos promocionales,Productos promocionales,0
9111342,VESTIDO ROJO - UNIFORME PROMOTORA MUJER,None,NULL,Participaciones publicitarias,Articulos promocionales,Productos promocionales,0
9111343,TORERITA BLANCA - UNIFORME PROMOTORA MUJ,None,NULL,Participaciones publicitarias,Articulos promocionales,Productos promocionales,0
9111360,CINTURÓN BLANCO - UNIFORME PROMOTORA,None,NULL,Participaciones publicitarias,Articulos promocionales,Productos promocionales,0
9111386,CINTAS PORTACREDENCIALES ROJAS,None,NULL,Participaciones publicitarias,Articulos promocionales,Productos promocionales,0
9111410,CC DESPLEGABLE PANAS B/C - ROLLS OCT 13,None,NULL,Participaciones publicitarias,Articulos promocionales,Productos promocionales,0
9111411,H. EXPLICATIVAS PANADEROS 0TRANS-DIC 13,None,NULL,Participaciones publicitarias,Articulos promocionales,Productos promocionales,0
9111412,BOLSAS AMERICANAS KRAFT 0TRANS - DIC13,None,NULL,Participaciones publicitarias,Articulos promocionales,Productos promocionales,0
9111413,SOBRES CHAMBRIL 0 TRANS - DIC 2013,None,NULL,Participaciones publicitarias,Articulos promocionales,Productos promocionales,0
9111450,BANNER CHICO MTK 0% TRANS - DIC 2013,None,NULL,Participaciones publicitarias,Articulos promocionales,Productos promocionales,0
9111514,LOGO PARA DISPENSER CALSA,None,NULL,Participaciones publicitarias,Articulos promocionales,Productos promocionales,0
9111638,CARPETAS C/RECETAS - EXPO PROFS. 2013,None,NULL,Participaciones publicitarias,Articulos promocionales,Productos promocionales,0
9112080,Radiograbadores Juntos,None,NULL,Participaciones publicitarias,Articulos promocionales,Productos promocionales,0
9112081,VIRGEN PRIMIA - VASO MEDIDOR,None,NULL,Participaciones publicitarias,Articulos promocionales,Productos promocionales,0
9112566,Cuadro Juntos con Marco,None,NULL,Participaciones publicitarias,Articulos promocionales,Productos promocionales,0
9112567,Cuadro Juntos con Lienzo,None,NULL,Participaciones publicitarias,Articulos promocionales,Productos promocionales,0
9112569,Pines de precios x30,None,NULL,Participaciones publicitarias,Articulos promocionales,Productos promocionales,0
9112572,PLOTEO DIA DE LOS ENAMORADOS,None,NULL,Participaciones publicitarias,Articulos promocionales,Productos promocionales,0
9112577,PLOTEO DIA DEL NIÑO,None,NULL,Participaciones publicitarias,Articulos promocionales,Productos promocionales,0
9112578,PLOTEO DIA DE LA MADRE,None,NULL,Participaciones publicitarias,Articulos promocionales,Productos promocionales,0
9112579,PLOTEO NAVIDAD,None,NULL,Participaciones publicitarias,Articulos promocionales,Productos promocionales,0
9112580,PLOTEO PASCUAS,None,NULL,Participaciones publicitarias,Articulos promocionales,Productos promocionales,0
9112581,PLOTEO DIA DEL AMIGO,None,NULL,Participaciones publicitarias,Articulos promocionales,Productos promocionales,0
9112582,CAJITA FELIZ X100,None,NULL,Participaciones publicitarias,Articulos promocionales,Productos promocionales,0
9112583,Pizarra con pie,None,NULL,Participaciones publicitarias,Articulos promocionales,Productos promocionales,0
9112584,Pizarra para colgar,None,NULL,Participaciones publicitarias,Articulos promocionales,Productos promocionales,0
9112630,BOLSITAS PARA BAGUETTE,None,NULL,Participaciones publicitarias,Articulos promocionales,Productos promocionales,0
9113093,CC EXHIBIDOR RUEDA - MUFFINS,None,NULL,Participaciones publicitarias,Articulos promocionales,Productos promocionales,0
9113094,CC EXHIBIDOR TRIBUNA - MUFFIN,None,NULL,Participaciones publicitarias,Articulos promocionales,Productos promocionales,0
9113096,CC CAJITA PIROTINES X 250u,None,NULL,Participaciones publicitarias,Articulos promocionales,Productos promocionales,0
9113165,VIRGEN LIQUIDA BROCHURE PANADEROS JUL14,None,NULL,Participaciones publicitarias,Articulos promocionales,Productos promocionales,0
9113191,VRGEN LIQUIDA - JARRA MEDIDORA,None,NULL,Participaciones publicitarias,Articulos promocionales,Productos promocionales,0
9113201,VIRGEN LIQUIDA DELANTAL,None,NULL,Participaciones publicitarias,Articulos promocionales,Productos promocionales,0
9113202,VIRGEN LIQUIDA BIRRETE,None,NULL,Participaciones publicitarias,Articulos promocionales,Productos promocionales,0
9113213,DELANTALES - PACKAGING PREMIUM AGO 14,None,NULL,Participaciones publicitarias,Articulos promocionales,Productos promocionales,0
9113215,VIRGEN LIQUIDA BROCHURE FZA. VTAS JUL14,None,NULL,Participaciones publicitarias,Articulos promocionales,Productos promocionales,0
9113216,VIRGEN LIQUIDA MANUAL/REVISTA JUL14,None,NULL,Participaciones publicitarias,Articulos promocionales,Productos promocionales,0
9113221,KIT MOCK-UPS (VIRGEN) - PT AGO14,None,NULL,Participaciones publicitarias,Articulos promocionales,Productos promocionales,0
9113234,VIRGEN LIQUIDA IMANES EQUIVALENCIAS,None,NULL,Participaciones publicitarias,Articulos promocionales,Productos promocionales,0
9113236,VIRGEN LIQUIDA ORINGS VALVULA,None,NULL,Participaciones publicitarias,Articulos promocionales,Productos promocionales,0
9113238,FLYER PREMIUM NUEVO PACKAGING SEPT14,None,NULL,Participaciones publicitarias,Articulos promocionales,Productos promocionales,0
9113247,VIRGEN LIQUIDA LLAVE COMBINADA 10MM,None,NULL,Participaciones publicitarias,Articulos promocionales,Productos promocionales,0
9113740,KIT MOCK-UPS (DUQUESA) - PT SEP14,None,NULL,Participaciones publicitarias,Articulos promocionales,Productos promocionales,0
9113832,TORERITAS INSTITUCIONALES - UNIFORME,None,NULL,Participaciones publicitarias,Articulos promocionales,Productos promocionales,0
9113913,CATÁLOGO PTOS. GRASOS 0 TRANS (NOV 14),None,NULL,Participaciones publicitarias,Articulos promocionales,Productos promocionales,0
9113917,CARPETAS CURSOS CORE EPC DUEÑOS,None,NULL,Participaciones publicitarias,Articulos promocionales,Productos promocionales,0
9113918,CURSOS CORE CARPETA PANADEROS,None,NULL,Participaciones publicitarias,Articulos promocionales,Productos promocionales,0
9114066,Almanaque CALSA 2015,None,NULL,Participaciones publicitarias,Articulos promocionales,Productos promocionales,0
9114067,Manual de Punto de Venta,None,NULL,Participaciones publicitarias,Articulos promocionales,Productos promocionales,0
9114090,VIRGEN LIQUIDA STICKER: CARA HACIA ABAJO,None,NULL,Participaciones publicitarias,Articulos promocionales,Productos promocionales,0
9114091,VIRGEN LIQUIDA STICKER:CARA HACIA ARRIBA,None,NULL,Participaciones publicitarias,Articulos promocionales,Productos promocionales,0
9114126,Campera rompeviento talle S,None,NULL,Participaciones publicitarias,Articulos promocionales,Productos promocionales,0
9114127,Campera rompeviento talle M,None,NULL,Participaciones publicitarias,Articulos promocionales,Productos promocionales,0
9114128,Campera rompeviento talle L,None,NULL,Participaciones publicitarias,Articulos promocionales,Productos promocionales,0
9114129,Campera rompeviento talle XL,None,NULL,Participaciones publicitarias,Articulos promocionales,Productos promocionales,0
9114131,UNIFORME EXPO 14 - MONO NEGRO + TORERITA,None,NULL,Participaciones publicitarias,Articulos promocionales,Productos promocionales,0
9114144,CUBREMASAS FORMULA 1,None,NULL,Participaciones publicitarias,Articulos promocionales,Productos promocionales,0
9114151,Campera rompeviento talle XXL,None,NULL,Participaciones publicitarias,Articulos promocionales,Productos promocionales,0
9114218,JARRA MEDIDORA - MTK 0% TRANS,None,NULL,Participaciones publicitarias,Articulos promocionales,Productos promocionales,0
9114219,BOWL - MTK 0% TRANS,None,NULL,Participaciones publicitarias,Articulos promocionales,Productos promocionales,0
9114220,KIT MATE - MTK 0% TRANS,None,NULL,Participaciones publicitarias,Articulos promocionales,Productos promocionales,0
9114229,LP - BANNER PANES RÚSTICOS (FEB 2015),None,NULL,Participaciones publicitarias,Articulos promocionales,Productos promocionales,0
9114234,DELANTALES - MTK 0% TRANS,None,NULL,Participaciones publicitarias,Articulos promocionales,Productos promocionales,0
9114240,LP - MOCK-UP PANES RÚSTICOS (FEB 2015),None,NULL,Participaciones publicitarias,Articulos promocionales,Productos promocionales,0
9114241,LP - DIPTICO PANES SALUDABLES (FEB 2015),None,NULL,Participaciones publicitarias,Articulos promocionales,Productos promocionales,0
9114242,PINCEL - MTK 0% TRANS (FEB 2015),None,NULL,Participaciones publicitarias,Articulos promocionales,Productos promocionales,0
9114291,LP-DIPTICO+RECET. PANES RUSTICOS (FEB15),None,NULL,Participaciones publicitarias,Articulos promocionales,Productos promocionales,0
9114298,SILLA DE DIRECTOR,None,NULL,Participaciones publicitarias,Articulos promocionales,Productos promocionales,0
9114310,BOLSO EMPACABLE - MONTAGNE,None,NULL,Participaciones publicitarias,Articulos promocionales,Productos promocionales,0
9114322,CHOMBA BLANCA UNIFORME (S),None,NULL,Participaciones publicitarias,Articulos promocionales,Productos promocionales,0
9114323,CHOMBA BLANCA UNIFORME (XXXL),None,NULL,Participaciones publicitarias,Articulos promocionales,Productos promocionales,0
9114324,CAMISA M/L UNIFORME (S),None,NULL,Participaciones publicitarias,Articulos promocionales,Productos promocionales,0
9114325,CAMISA M/L UNIFORME (XXXL),None,NULL,Participaciones publicitarias,Articulos promocionales,Productos promocionales,0
9114371,Botella BIO Sport - Olimpiadas,None,NULL,Participaciones publicitarias,Articulos promocionales,Productos promocionales,0
9114431,Set de Mate Premium*,None,NULL,Participaciones publicitarias,Articulos promocionales,Productos promocionales,0
9114662,Carpetas EPC 2015,None,NULL,Participaciones publicitarias,Articulos promocionales,Productos promocionales,0
9114884,LP - DÍPTICOS BROWNIES (JUL 2015),None,NULL,Participaciones publicitarias,Articulos promocionales,Productos promocionales,0
9114895,Termo CALSA,None,NULL,Participaciones publicitarias,Articulos promocionales,Productos promocionales,0
9114897,DIPTICO AMASANDO CON CALSA (JUL 2015),None,NULL,Participaciones publicitarias,Articulos promocionales,Productos promocionales,0
9114898,LP - BANNER BROWNIES (JUL 2015),None,NULL,Participaciones publicitarias,Articulos promocionales,Productos promocionales,0
9114900,LP - CARTULINA+LÁMINAS BROWNIES (JUL.15),None,NULL,Participaciones publicitarias,Articulos promocionales,Productos promocionales,0
9114923,FLYER POST EVENTO MAESTROS DEL PAN 2015,None,NULL,Participaciones publicitarias,Articulos promocionales,Productos promocionales,0
9114965,Almanaque CALSA 2016,None,NULL,Participaciones publicitarias,Articulos promocionales,Productos promocionales,0
9114966,MATE CON BOMBILLA SELECTA,None,NULL,Participaciones publicitarias,Articulos promocionales,Productos promocionales,0
9114967,FLYER CONSERVACIÓN MARG. 0%TRANS AGO15,None,NULL,Participaciones publicitarias,Articulos promocionales,Productos promocionales,0
9114968,BANNER CONSERVACIÓN MARG. 0%TRANS AGO15,None,NULL,Participaciones publicitarias,Articulos promocionales,Productos promocionales,0
9114975,CHOMBA SELECTA (XL),None,NULL,Participaciones publicitarias,Articulos promocionales,Productos promocionales,0
9114979,CHOMBA SELECTA (L),None,NULL,Participaciones publicitarias,Articulos promocionales,Productos promocionales,0
9114981,CHOMBA SELECTA (M),None,NULL,Participaciones publicitarias,Articulos promocionales,Productos promocionales,0
9115019,LP - CARTULINA+LÁMINAS BROWNIES (AGO.15),None,NULL,Participaciones publicitarias,Articulos promocionales,Productos promocionales,0
9115037,DIPTICO SELECTA MELANGE 18x26CM (SEPT15),None,NULL,Participaciones publicitarias,Articulos promocionales,Productos promocionales,0
9115059,DDN - VALIJA DE HERRAMIENTAS,None,NULL,Participaciones publicitarias,Articulos promocionales,Productos promocionales,0
9115060,DDN - VALIJA DE MAQUILLAJE ARTISTICO,None,NULL,Participaciones publicitarias,Articulos promocionales,Productos promocionales,0
9115061,DDN - SKATE,None,NULL,Participaciones publicitarias,Articulos promocionales,Productos promocionales,0
9115062,DDN -STRECH STRONG MONSTERS,None,NULL,Participaciones publicitarias,Articulos promocionales,Productos promocionales,0
9115063,DDN - HELIX HELICOPTERO,None,NULL,Participaciones publicitarias,Articulos promocionales,Productos promocionales,0
9115064,DDN - SIMON,None,NULL,Participaciones publicitarias,Articulos promocionales,Productos promocionales,0
9115066,DDN - AUTO A BATERIA MINI COOPER,None,NULL,Participaciones publicitarias,Articulos promocionales,Productos promocionales,0
9115097,CHAQUETA + PANTALÓN SELECTA (XL),None,NULL,Participaciones publicitarias,Articulos promocionales,Productos promocionales,0
9115100,CHAQUETA + PANTALÓN SELECTA (L),None,NULL,Participaciones publicitarias,Articulos promocionales,Productos promocionales,0
9115101,CHAQUETA + PANTALÓN SELECTA (M),None,NULL,Participaciones publicitarias,Articulos promocionales,Productos promocionales,0
9115118,ESPÁTULA DE GOMA SELECTA,None,NULL,Participaciones publicitarias,Articulos promocionales,Productos promocionales,0
9115137,LATAS NAVIDAD 2015,None,NULL,Participaciones publicitarias,Articulos promocionales,Productos promocionales,0
9115140,PLACA REFORZADA SELECTA,None,NULL,Participaciones publicitarias,Articulos promocionales,Productos promocionales,0
9115141,ESPÁTULA CON ESCALÓN SELECTA,None,NULL,Participaciones publicitarias,Articulos promocionales,Productos promocionales,0
9115142,DELANTAL VIRGEN,None,NULL,Participaciones publicitarias,Articulos promocionales,Productos promocionales,0
9115145,DELANTAL CALSA,None,NULL,Participaciones publicitarias,Articulos promocionales,Productos promocionales,0
9115175,DELANTAL - FORMULA 1 (DIC2015),None,NULL,Participaciones publicitarias,Articulos promocionales,Productos promocionales,0
9115186,FLYERS FANATICOS FRESCA,None,NULL,Participaciones publicitarias,Articulos promocionales,Productos promocionales,0
9115187,RECETARIO LEVADURA FANATICOS FRESCA,None,NULL,Participaciones publicitarias,Articulos promocionales,Productos promocionales,0
9115188,DIPTICOS FANATICOS FRESCA,None,NULL,Participaciones publicitarias,Articulos promocionales,Productos promocionales,0
9115193,TRIPTICOS FANATICOS FRESCA,None,NULL,Participaciones publicitarias,Articulos promocionales,Productos promocionales,0
9115194,DELANTALES FANATICOS FRESCA,None,NULL,Participaciones publicitarias,Articulos promocionales,Productos promocionales,0
9115197,TARJETAS SOCIOS FANATICOS FRESCA,None,NULL,Participaciones publicitarias,Articulos promocionales,Productos promocionales,0
9115199,BANNER FANATICOS DE LA FRESCA,None,NULL,Participaciones publicitarias,Articulos promocionales,Productos promocionales,0
9115210,LP-DIPTICO S/RECET.PANES RUSTICOS(ENE16),None,NULL,Participaciones publicitarias,Articulos promocionales,Productos promocionales,0
9115211,LP - RECETARIO PANES RUSTICOS (ENE16),None,NULL,Participaciones publicitarias,Articulos promocionales,Productos promocionales,0
9115220,RECETARIO EPC 2016-CORE,None,NULL,Participaciones publicitarias,Articulos promocionales,Productos promocionales,0
9115231,CAJA KIT REGALO SELECTA 17X23X8.5(ENE16),None,NULL,Participaciones publicitarias,Articulos promocionales,Productos promocionales,0
9115242,RECETARIO EPC COSTOS 2016,None,NULL,Participaciones publicitarias,Articulos promocionales,Productos promocionales,0
9115249,SUJETA VALVULA PARA DISPENSER CALSA,None,NULL,Participaciones publicitarias,Articulos promocionales,Productos promocionales,0
9115264,CARPETA RECETARIO SELECTA+FICHAS(MAR16),None,NULL,Participaciones publicitarias,Articulos promocionales,Productos promocionales,0
9115265,2do KIT FICHAS RECETARIO SELECTA (MAR16),None,NULL,Participaciones publicitarias,Articulos promocionales,Productos promocionales,0
9115266,3er KIT FICHAS RECETARIO SELECTA (MAR16),None,NULL,Participaciones publicitarias,Articulos promocionales,Productos promocionales,0
9115277,LP - TRÍPTICO PAN DULCE (MAR 2016),None,NULL,Participaciones publicitarias,Articulos promocionales,Productos promocionales,0
9115278,DIPTICO SELECTA MELANGE 15x21CM (SEPT15),None,NULL,Participaciones publicitarias,Articulos promocionales,Productos promocionales,0
9115287,FLYER PANADERO PROMO LANZAMIENTO SELECTA,None,NULL,Participaciones publicitarias,Articulos promocionales,Productos promocionales,0
9115290,DIPTICO FANATICOS DE LA FRESCA 2016,None,NULL,Participaciones publicitarias,Articulos promocionales,Productos promocionales,0
9115291,TRIPTICO FANATICOS DE LA FRESCA 2016,None,NULL,Participaciones publicitarias,Articulos promocionales,Productos promocionales,0
9115292,CATÁLOGO DE PRODUCTOS CALSA (2016),None,NULL,Participaciones publicitarias,Articulos promocionales,Productos promocionales,0
9115296,KIT REGALO SELECTA (ABRIL16),None,NULL,Participaciones publicitarias,Articulos promocionales,Productos promocionales,0
9115301,Kit Materiales Livianos Panes Especiales,None,NULL,Participaciones publicitarias,Articulos promocionales,Productos promocionales,0
9115306,Canasta Panes Especiales,None,NULL,Participaciones publicitarias,Articulos promocionales,Productos promocionales,0
9115310,Flyer Panaderías Panes Especiales,None,NULL,Participaciones publicitarias,Articulos promocionales,Productos promocionales,0
9115312,Diptico Panaderias Panes Especiales,None,NULL,Participaciones publicitarias,Articulos promocionales,Productos promocionales,0
9115315,A4 FDV Panes Especiales,None,NULL,Participaciones publicitarias,Articulos promocionales,Productos promocionales,0
9115319,Recetas Juntos Panes Especiales,None,NULL,Participaciones publicitarias,Articulos promocionales,Productos promocionales,0
9115324,BALANZA PARA DISPENSER CALSA,None,NULL,Participaciones publicitarias,Articulos promocionales,Productos promocionales,0
9115330,DELANTAL MTK - 2016,None,NULL,Participaciones publicitarias,Articulos promocionales,Productos promocionales,0
9115331,JARRO MTK - 2016,None,NULL,Participaciones publicitarias,Articulos promocionales,Productos promocionales,0
9115332,MATE MTK - 2016,None,NULL,Participaciones publicitarias,Articulos promocionales,Productos promocionales,0
9115333,RASPADITAS MTK BLOQUE - 2016,None,NULL,Participaciones publicitarias,Articulos promocionales,Productos promocionales,0
9115334,FLYER MTK - 2016,None,NULL,Participaciones publicitarias,Articulos promocionales,Productos promocionales,0
9115335,AFICHE MTK - 2016,None,NULL,Participaciones publicitarias,Articulos promocionales,Productos promocionales,0
9115336,CHALECO MTK - M,None,NULL,Participaciones publicitarias,Articulos promocionales,Productos promocionales,0
9115337,CHALECO MTK - L,None,NULL,Participaciones publicitarias,Articulos promocionales,Productos promocionales,0
9115338,CHALECO MTK - XL,None,NULL,Participaciones publicitarias,Articulos promocionales,Productos promocionales,0
9115339,CHALECO MTK - XXL,None,NULL,Participaciones publicitarias,Articulos promocionales,Productos promocionales,0
9115352,ESPATULA VIRGEN ROJA OVA.2016,None,NULL,Participaciones publicitarias,Articulos promocionales,Productos promocionales,0
9115353,KIT DIA DEL AMIGO 2016,None,NULL,Participaciones publicitarias,Articulos promocionales,Productos promocionales,0
9115356,DIPTICO DIA DEL AMIGO 2016,None,NULL,Participaciones publicitarias,Articulos promocionales,Productos promocionales,0
9115359,CAJITA DIA DEL AMIGO 2016,None,NULL,Participaciones publicitarias,Articulos promocionales,Productos promocionales,0
9115362,CAJA PAN DULCE DIC 2016,None,NULL,Participaciones publicitarias,Articulos promocionales,Productos promocionales,0
9115365,LATA PAN DULCE DIC 2016,None,NULL,Participaciones publicitarias,Articulos promocionales,Productos promocionales,0
9115368,MATES DIA DE LA MADRE 2016,None,NULL,Participaciones publicitarias,Articulos promocionales,Productos promocionales,0
9115371,MOVIE DIA DEL AMIGO 2016,None,NULL,Participaciones publicitarias,Articulos promocionales,Productos promocionales,0
9115377,CARPETA DIAGNOSTICO PANADERIA,None,NULL,Participaciones publicitarias,Articulos promocionales,Productos promocionales,0
9115378,CONJUNTO PROM EXPO 2016(TRAJ-REM-PANT),None,NULL,Participaciones publicitarias,Articulos promocionales,Productos promocionales,0
9115391,KIT BIENVENIDA VIRGEN LIQUIDA,None,NULL,Participaciones publicitarias,Articulos promocionales,Productos promocionales,0
9115443,BOLSAS PAN DULCE 2016 PACK X 100,None,NULL,Participaciones publicitarias,Articulos promocionales,Productos promocionales,0
9115447,RECETA PAN DE MOLDE CORREGIDA,None,NULL,Participaciones publicitarias,Articulos promocionales,Productos promocionales,0
9115463,FLYER SELECTA FDV (JUNIO16),None,NULL,Participaciones publicitarias,Articulos promocionales,Productos promocionales,0
9115472,MATE DIA DE LA MADRE 2016,None,NULL,Participaciones publicitarias,Articulos promocionales,Productos promocionales,0
9115481,Kit Bienvenida LAS VEGAS,None,NULL,Participaciones publicitarias,Articulos promocionales,Productos promocionales,0
9115483,EXHIBIDOR PAN DE QUESO 2015 (CON PATAS),None,NULL,Participaciones publicitarias,Articulos promocionales,Productos promocionales,0
9115487,EXHIBIDOR PAN DE QUESO 2015 (SIN PATAS),None,NULL,Participaciones publicitarias,Articulos promocionales,Productos promocionales,0
9115502,CC EXHIBIDOR MOSTRADOR - BROWNIE (JUL16),None,NULL,Participaciones publicitarias,Articulos promocionales,Productos promocionales,0
9115504,STICKER CAJA PAN DULCE (BOLSA) 2016,None,NULL,Participaciones publicitarias,Articulos promocionales,Productos promocionales,0
9115509,Almanaque CALSA 2017,None,NULL,Participaciones publicitarias,Articulos promocionales,Productos promocionales,0
9115521,REMERA MTK - M,None,NULL,Participaciones publicitarias,Articulos promocionales,Productos promocionales,0
9115522,REMERA MTK - L,None,NULL,Participaciones publicitarias,Articulos promocionales,Productos promocionales,0
9115523,REMERA MTK - XL,None,NULL,Participaciones publicitarias,Articulos promocionales,Productos promocionales,0
9115524,REMERA MTK - XXL,None,NULL,Participaciones publicitarias,Articulos promocionales,Productos promocionales,0
9115540,FLYER VASOS COLECCIONABLES (X 100 ),None,NULL,Participaciones publicitarias,Articulos promocionales,Productos promocionales,0
9115580,KIT DIA DE LA MADRE 2016,None,NULL,Participaciones publicitarias,Articulos promocionales,Productos promocionales,0
9115581,TRIPTICO DIA DE LA MADRE 2016,None,NULL,Participaciones publicitarias,Articulos promocionales,Productos promocionales,0
9115583,KIT CC BROWNIE 2016,None,NULL,Participaciones publicitarias,Articulos promocionales,Productos promocionales,0
9115584,A4 FDV CC BROWNIE 2016,None,NULL,Participaciones publicitarias,Articulos promocionales,Productos promocionales,0
9115586,TRIPTICO PANADERIAS CC BROWNIE 2016,None,NULL,Participaciones publicitarias,Articulos promocionales,Productos promocionales,0
9115588,RECETAS PAI CC BROWNIE 2016,None,NULL,Participaciones publicitarias,Articulos promocionales,Productos promocionales,0
9115590,RECETAS PAPEL CC BROWNIE 2016,None,NULL,Participaciones publicitarias,Articulos promocionales,Productos promocionales,0
9115593,FLYER CC BROWNIE 2016,None,NULL,Participaciones publicitarias,Articulos promocionales,Productos promocionales,0
9115629,LP - TRIPTICO BROWNIES (OCT 2016),None,NULL,Participaciones publicitarias,Articulos promocionales,Productos promocionales,0
9115634,Raspadita Pegate x 60 u,None,NULL,Participaciones publicitarias,Articulos promocionales,Productos promocionales,0
9115651,Flyer Pegate a la familia x 100 u,None,NULL,Participaciones publicitarias,Articulos promocionales,Productos promocionales,0
9115652,Pelotas Pegate 2,None,NULL,Participaciones publicitarias,Articulos promocionales,Productos promocionales,0
9115654,Botineros Pegate 2,None,NULL,Participaciones publicitarias,Articulos promocionales,Productos promocionales,0
9115655,Camisetas Pegate 2,None,NULL,Participaciones publicitarias,Articulos promocionales,Productos promocionales,0
9115660,TRIPTICO COMBO FELICES FIESTAS 2016,None,NULL,Participaciones publicitarias,Articulos promocionales,Productos promocionales,0
9115661,STICKER FELICES FIESTAS 2016,None,NULL,Participaciones publicitarias,Articulos promocionales,Productos promocionales,0
9115799,Planchita GAMA Digital,None,NULL,Participaciones publicitarias,Articulos promocionales,Productos promocionales,0
9115810,Secador GAMA Compact,None,NULL,Participaciones publicitarias,Articulos promocionales,Productos promocionales,0
9115820,Auricular SONY Vincha,None,NULL,Participaciones publicitarias,Articulos promocionales,Productos promocionales,0
9116034,REMERA FANATICOS TALLE L,None,NULL,Participaciones publicitarias,Articulos promocionales,Productos promocionales,0
9116035,REMERA FANATICOS TALLE XL,None,NULL,Participaciones publicitarias,Articulos promocionales,Productos promocionales,0
9116037,REMERA FANATICOS TALLE XXL,None,NULL,Participaciones publicitarias,Articulos promocionales,Productos promocionales,0
9116038,REMERA FANATICOS TALLE XXXL,None,NULL,Participaciones publicitarias,Articulos promocionales,Productos promocionales,0
9116060,KIT POP CC SNACKS SALUDABLES,None,NULL,Participaciones publicitarias,Articulos promocionales,Productos promocionales,0
9116061,EXHIBIDOR CC SNACKS SALUDABLES,None,NULL,Participaciones publicitarias,Articulos promocionales,Productos promocionales,0
9116062,RECETA PAI CC SNACKS SALUDABLES,None,NULL,Participaciones publicitarias,Articulos promocionales,Productos promocionales,0
9116063,TRIPTICO PANAS CC SNACKS SALUDABLES,None,NULL,Participaciones publicitarias,Articulos promocionales,Productos promocionales,0
9116064,FLYER PANAS CC SNACKS SALUDABLES,None,NULL,Participaciones publicitarias,Articulos promocionales,Productos promocionales,0
9116065,DIPTICO A4 FDV CC SNACKS SALUDABLES,None,NULL,Participaciones publicitarias,Articulos promocionales,Productos promocionales,0
9116070,Cuchillito VIRGEN,None,NULL,Participaciones publicitarias,Articulos promocionales,Productos promocionales,0
9116099,Palito de la Selfie,None,NULL,Participaciones publicitarias,Articulos promocionales,Productos promocionales,0
9116120,Parlante mini bluetooth,None,NULL,Participaciones publicitarias,Articulos promocionales,Productos promocionales,0
9116130,Mangas de reposteria (Rollo x 20),None,NULL,Participaciones publicitarias,Articulos promocionales,Productos promocionales,10
9116141,KIT FANATICOS DE LA FRESCA,None,NULL,Participaciones publicitarias,Articulos promocionales,Productos promocionales,0
9116199,Chaqueta MTK -XL,None,NULL,Participaciones publicitarias,Articulos promocionales,Productos promocionales,0
9116206,Amohada Viscoelastica,None,NULL,Participaciones publicitarias,Articulos promocionales,Productos promocionales,0
9116207,BATA UNISEX,None,NULL,Participaciones publicitarias,Articulos promocionales,Productos promocionales,0
9116208,SABANAS KING CANON,None,NULL,Participaciones publicitarias,Articulos promocionales,Productos promocionales,0
9116209,BOLSO CON RUEDITAS,None,NULL,Participaciones publicitarias,Articulos promocionales,Productos promocionales,0
9116220,Chaqueta MTK -XXL,None,NULL,Participaciones publicitarias,Articulos promocionales,Productos promocionales,0
9116236,CAMPERA UNIFORMES MUJER (XL),None,NULL,Participaciones publicitarias,Articulos promocionales,Productos promocionales,0
9116242,KIT MES DEL AMIGO 2017,None,NULL,Participaciones publicitarias,Articulos promocionales,Productos promocionales,0
9116243,CAJITAS MES DEL AMIGO 2017 - POR 320 UNI,None,NULL,Participaciones publicitarias,Articulos promocionales,Productos promocionales,0
9116244,DIPTICO MES DEL AMIGO 2017,None,NULL,Participaciones publicitarias,Articulos promocionales,Productos promocionales,0
9116250,"Flyer ""Volvio la Promo MTK""",None,NULL,Participaciones publicitarias,Articulos promocionales,Productos promocionales,0
9116252,CC BOLSA AMERICANA KRAFT N7- PDQ (JUL17),None,NULL,Participaciones publicitarias,Articulos promocionales,Productos promocionales,0
9116460,Reloj Adidas,None,NULL,Participaciones publicitarias,Articulos promocionales,Productos promocionales,0
9116461,Cargador portatil,None,NULL,Participaciones publicitarias,Articulos promocionales,Productos promocionales,0
9116463,SET MATERO PROMO SELECTA JUNTOS,None,NULL,Participaciones publicitarias,Articulos promocionales,Productos promocionales,0
9116465,SET ASADO PROMO SELECTA JUNTOS,None,NULL,Participaciones publicitarias,Articulos promocionales,Productos promocionales,1
9116471,CAJAS CURSOS ESCUELA,None,NULL,Participaciones publicitarias,Articulos promocionales,Productos promocionales,0
9116472,MUESTRAS DESARROLLO,CS,NULL,Grasos,Margarinas,Hojaldre,0
9116475,Muestras Cursos EDP,None,NULL,Participaciones publicitarias,Articulos promocionales,Productos promocionales,0
9116476,POP - Virgen 550,None,NULL,Participaciones publicitarias,Articulos promocionales,Productos promocionales,0
9116477,POP - Fanáticos de la Fresca (Olé),None,NULL,Participaciones publicitarias,Articulos promocionales,Productos promocionales,0
9116478,Cajas MCH - MKT,None,NULL,Participaciones publicitarias,Articulos promocionales,Productos promocionales,0
9116482,A4 Panaderias - CC Pan de Queso,None,NULL,Participaciones publicitarias,Articulos promocionales,Productos promocionales,0
9116483,MUESTRAS DISPLAYS LPF x4,None,NULL,Participaciones publicitarias,Articulos promocionales,Productos promocionales,0
9116522,VASO TERMICO SELECTA,None,NULL,Participaciones publicitarias,Articulos promocionales,Productos promocionales,0
9116777,REGISTRADORES DE TEMP PARA EXPO,None,NULL,Participaciones publicitarias,Articulos promocionales,Productos promocionales,0
9116779,Kit Ciclo Comercial Pan de queso,None,NULL,Participaciones publicitarias,Articulos promocionales,Productos promocionales,0
9116818,Stopper Cubito,None,NULL,Participaciones publicitarias,Articulos promocionales,Productos promocionales,0
9116819,Movie Cubito,None,NULL,Participaciones publicitarias,Articulos promocionales,Productos promocionales,0
9116821,Kit Dia de la Madre 2017,None,NULL,Participaciones publicitarias,Articulos promocionales,Productos promocionales,0
9116822,Triptico Panaderías - DDM 2017,None,NULL,Participaciones publicitarias,Articulos promocionales,Productos promocionales,0
9116842,LATAS PAN DULCE DIC 2017,None,NULL,Participaciones publicitarias,Articulos promocionales,Productos promocionales,0
9116843,CAJA PAN DULCE DIC 2017,None,NULL,Participaciones publicitarias,Articulos promocionales,Productos promocionales,0
9116844,BOLSA PAN DULCE DIC 2017,None,NULL,Participaciones publicitarias,Articulos promocionales,Productos promocionales,0
9116845,ETIQUETAS PAN DULCE 2017,None,NULL,Participaciones publicitarias,Articulos promocionales,Productos promocionales,0
9116884,CENEFAS CUBITO,None,NULL,Participaciones publicitarias,Articulos promocionales,Productos promocionales,0
9116885,"FLYERS ""EDUCAR"" LÍQ PANA",None,NULL,Participaciones publicitarias,Articulos promocionales,Productos promocionales,0
9116886,LP - TRIPTICO BIZCOCHUELO CHOCOL (JUL17),None,NULL,Participaciones publicitarias,Articulos promocionales,Productos promocionales,0
9116887,LP - DIPTICO AKTIVO (JUL17),None,NULL,Participaciones publicitarias,Articulos promocionales,Productos promocionales,0
9116888,"FLYERS ""EDUCAR"" LÍQ DISTRI",None,NULL,Participaciones publicitarias,Articulos promocionales,Productos promocionales,0
9116949,Camara fotos MTK,None,NULL,Participaciones publicitarias,Articulos promocionales,Productos promocionales,0
9117280,FLYERS AMASA FÁCIL,None,NULL,Participaciones publicitarias,Articulos promocionales,Productos promocionales,0
9117281,FLYER AMASA FÁCIL,None,NULL,Participaciones publicitarias,Articulos promocionales,Productos promocionales,0
9117282,Vasos coleccionables x 6u,None,NULL,Participaciones publicitarias,Articulos promocionales,Productos promocionales,0
9117290,Bolsa Ecologica Pan Dulce (x300u),None,NULL,Participaciones publicitarias,Articulos promocionales,Productos promocionales,0
9117320,CAJAS KITS ANIVERSARIO SELECTA,None,NULL,Participaciones publicitarias,Articulos promocionales,Productos promocionales,0
9117344,Paraguas - Calsa,None,NULL,Participaciones publicitarias,Articulos promocionales,Productos promocionales,0
9117345,Mochila Portanotebook - Calsa,None,NULL,Participaciones publicitarias,Articulos promocionales,Productos promocionales,0
9117381,Base porta cuchillo,None,NULL,Participaciones publicitarias,Articulos promocionales,Productos promocionales,0
9117536,Almanaque CALSA 2018 (Por 40un),None,NULL,Participaciones publicitarias,Articulos promocionales,Productos promocionales,0
9118035,LP - CAJA PARA TORTA 24X24X10 (AGO17),None,NULL,Participaciones publicitarias,Articulos promocionales,Productos promocionales,0
9118067,Kit Pan Dulce 2017 (1),None,NULL,Participaciones publicitarias,Articulos promocionales,Productos promocionales,0
9118068,Afiche Pan Dulce 2017 (2),None,NULL,Participaciones publicitarias,Articulos promocionales,Productos promocionales,0
9118069,Triptico Pan Dulce 2017 -,None,NULL,Participaciones publicitarias,Articulos promocionales,Productos promocionales,0
9118080,LP - RECETARIO BIZCOCHUELO CHOCO (AGO17),None,NULL,Participaciones publicitarias,Articulos promocionales,Productos promocionales,0
9118103,"Smart TV 32""",None,NULL,Participaciones publicitarias,Articulos promocionales,Productos promocionales,0
9118104,Camara Polaroid,None,NULL,Participaciones publicitarias,Articulos promocionales,Productos promocionales,0
9118105,Tablet Samsung Galaxy,None,NULL,Participaciones publicitarias,Articulos promocionales,Productos promocionales,0
9118106,Celular Motorola Moto g5,None,NULL,Participaciones publicitarias,Articulos promocionales,Productos promocionales,0
9118107,Cafetera express Oster,None,NULL,Participaciones publicitarias,Articulos promocionales,Productos promocionales,0
9118108,Minicomponente Panasonic,None,NULL,Participaciones publicitarias,Articulos promocionales,Productos promocionales,0
9118109,Disco Externo Toshiba,None,NULL,Participaciones publicitarias,Articulos promocionales,Productos promocionales,0
9118110,"Smart TV 50""",None,NULL,Participaciones publicitarias,Articulos promocionales,Productos promocionales,0
9118111,Pcbox 2 en 1,None,NULL,Participaciones publicitarias,Articulos promocionales,Productos promocionales,0
9118112,Tablet Samsung Tab,None,NULL,Participaciones publicitarias,Articulos promocionales,Productos promocionales,0
9118118,Camara Fuji instax,None,NULL,Participaciones publicitarias,Articulos promocionales,Productos promocionales,0
9118133,LP - BOLSAS P/PAN DE MOLDE AKTIVO(AGO17),None,NULL,Participaciones publicitarias,Articulos promocionales,Productos promocionales,0
9118154,LP - TRIPTICO AKTIVO NUEVA FLA (AGO17),None,NULL,Participaciones publicitarias,Articulos promocionales,Productos promocionales,0
9118156,Kits Acción CNC Levaduras,None,NULL,Participaciones publicitarias,Articulos promocionales,Productos promocionales,0
9118189,Flyer Porta cuchillo Bizcochuelo,None,NULL,Participaciones publicitarias,Articulos promocionales,Productos promocionales,0
9118205,FLYER FF 17-18 PANAS,None,NULL,Participaciones publicitarias,Articulos promocionales,Productos promocionales,0
9118207,AFICHE FF 17-18,None,NULL,Participaciones publicitarias,Articulos promocionales,Productos promocionales,0
9118209,REMITO FF 17-18 PANAS,None,NULL,Participaciones publicitarias,Articulos promocionales,Productos promocionales,0
9118210,DIPTICO FF 17-18 PANAS,None,NULL,Participaciones publicitarias,Articulos promocionales,Productos promocionales,0
9118212,Diptico cubito Paladini,None,NULL,Participaciones publicitarias,Articulos promocionales,Productos promocionales,0
9118213,Afiche cubito Paladini,None,NULL,Participaciones publicitarias,Articulos promocionales,Productos promocionales,0
9118214,Sticker cubito Paladini,None,NULL,Participaciones publicitarias,Articulos promocionales,Productos promocionales,0
9118219,Sticker Navidad 2017,None,NULL,Participaciones publicitarias,Articulos promocionales,Productos promocionales,0
9118688,Cuaderno Seminario VDS,None,NULL,Participaciones publicitarias,Articulos promocionales,Productos promocionales,0
9118702,Bolsa PDQ Verano x 320u,None,NULL,Participaciones publicitarias,Articulos promocionales,Productos promocionales,0
9118704,CAMISETA SELECCION ARG L,None,NULL,Participaciones publicitarias,Articulos promocionales,Productos promocionales,0
9118705,CAMISETA SELECCION ARG XL,None,NULL,Participaciones publicitarias,Articulos promocionales,Productos promocionales,0
9118706,Tarjeta fin de año Juntos 2017,None,NULL,Participaciones publicitarias,Articulos promocionales,Productos promocionales,0
9118712,MATES CON BOMBILLA - CX,None,NULL,Participaciones publicitarias,Articulos promocionales,Productos promocionales,0
9118713,BIROMES - CX -A,None,NULL,Participaciones publicitarias,Articulos promocionales,Productos promocionales,0
9118714,BIROMES - CX -B,None,NULL,Participaciones publicitarias,Articulos promocionales,Productos promocionales,0
9118730,Sticker Promo ON PACK - 2018,None,NULL,Participaciones publicitarias,Articulos promocionales,Productos promocionales,0
9118744,KIT A CC PANES SALUDABLES 2018,None,NULL,Participaciones publicitarias,Articulos promocionales,Productos promocionales,0
9118745,KIT B CC PANES SALUDABLES 2018,None,NULL,Participaciones publicitarias,Articulos promocionales,Productos promocionales,0
9118770,MANUAL VDS,None,NULL,Participaciones publicitarias,Articulos promocionales,Productos promocionales,0
9118777,LATA YERBERA,None,NULL,Participaciones publicitarias,Articulos promocionales,Productos promocionales,0
9118778,DIPTICOS VIRGEN/DUQUESA (ENE18),None,NULL,Participaciones publicitarias,Articulos promocionales,Productos promocionales,0
9118792,Mates accion PDQ,None,NULL,Participaciones publicitarias,Articulos promocionales,Productos promocionales,0
9118826,Etiquetas CJ Bizcochuelo Chocolate,None,NULL,Participaciones publicitarias,Articulos promocionales,Productos promocionales,0
9118834,Cuaderno Adheridas 2018,None,NULL,Participaciones publicitarias,Articulos promocionales,Productos promocionales,0
9118835,Bolsas Cookies Lanzamiento 2018,None,NULL,Participaciones publicitarias,Articulos promocionales,Productos promocionales,0
9118885,BLOCK ÁLBUM MUNDIAL 2018,None,NULL,Participaciones publicitarias,Articulos promocionales,Productos promocionales,0
9118886,FLYER MUNDIAL 2018,None,NULL,Participaciones publicitarias,Articulos promocionales,Productos promocionales,0
9118889,REMITO PROMO MUNDIAL 2018,None,NULL,Participaciones publicitarias,Articulos promocionales,Productos promocionales,0
9118892,LP - RECETARIO AKTIVO (MAR18),None,NULL,Participaciones publicitarias,Articulos promocionales,Productos promocionales,0
9118894,Kit A FE DULZURA 2018,None,NULL,Participaciones publicitarias,Articulos promocionales,Productos promocionales,0
9118895,Kit B FE DULZURA 2018,None,NULL,Participaciones publicitarias,Articulos promocionales,Productos promocionales,0
9118896,Kit C FE DULZURA 2018,None,NULL,Participaciones publicitarias,Articulos promocionales,Productos promocionales,0
9118899,KIT BIENVENIDA DEST BARCELONA 2018,None,NULL,Participaciones publicitarias,Articulos promocionales,Productos promocionales,0
9118906,PINS CALSA,None,NULL,Participaciones publicitarias,Articulos promocionales,Productos promocionales,0
9118907,banners Fanaticos DUMP ON PACK,None,NULL,Participaciones publicitarias,Articulos promocionales,Productos promocionales,0
9118916,CONSERVADORA TELGOPOR 180X120X170 -ABR18,None,NULL,Participaciones publicitarias,Articulos promocionales,Productos promocionales,0
9118917,REFRIGERANTE 500 GR. GEL SACHET - ABR18,None,NULL,Participaciones publicitarias,Articulos promocionales,Productos promocionales,0
9118933,Delantal Premium,None,NULL,Participaciones publicitarias,Articulos promocionales,Productos promocionales,0
9118934,Delantal MTK,None,NULL,Participaciones publicitarias,Articulos promocionales,Productos promocionales,0
9118941,Flyer Cubito para almaceneros - abr.18,None,NULL,Participaciones publicitarias,Articulos promocionales,Productos promocionales,0
9118960,Tarjeta por reclamo de levadura - abr.18,None,NULL,Participaciones publicitarias,Articulos promocionales,Productos promocionales,0
9118982,Flyer FDV CCC Elab c/Semillas 2018,None,NULL,Participaciones publicitarias,Articulos promocionales,Productos promocionales,0
9118983,Tríptico Panas A CCC Elab c/Sem 2018,None,NULL,Participaciones publicitarias,Articulos promocionales,Productos promocionales,0
9118984,Tríptico Panas B CCC Elab c/Sem 2018,None,NULL,Participaciones publicitarias,Articulos promocionales,Productos promocionales,0
9118985,Flyer Cons Final CCC Elab c/Sem 2018,None,NULL,Participaciones publicitarias,Articulos promocionales,Productos promocionales,0
9118987,Afiche PDQ Mundial 2018,None,NULL,Participaciones publicitarias,Articulos promocionales,Productos promocionales,0
9118989,BOLSA KRAFT PDQ MUMNDIAL 2018,None,NULL,Participaciones publicitarias,Articulos promocionales,Productos promocionales,0
9119131,BOLSA KRAFT PDQ MUNDIAL 2018 x320 u,None,NULL,Participaciones publicitarias,Articulos promocionales,Productos promocionales,0
9119141,Jarro Térmico ARGENTINA,None,NULL,Participaciones publicitarias,Articulos promocionales,Productos promocionales,0
9119143,Paraguas ARGENTINA,None,NULL,Participaciones publicitarias,Articulos promocionales,Productos promocionales,0
9119145,CJ MUFFIN - Dulzura 2018,None,NULL,Participaciones publicitarias,Articulos promocionales,Productos promocionales,0
9119146,CJ BROWNIE - Dulzura 2018,None,NULL,Participaciones publicitarias,Articulos promocionales,Productos promocionales,0
9119147,BLS MULTI PROP - Dulzura 2018,None,NULL,Participaciones publicitarias,Articulos promocionales,Productos promocionales,0
9119148,CUNITAS - Dulzura 2018,None,NULL,Participaciones publicitarias,Articulos promocionales,Productos promocionales,0
9119149,STICKER BOLSA - Dulzura 2018,None,NULL,Participaciones publicitarias,Articulos promocionales,Productos promocionales,0
9119150,MOVIE PORTA PRECIO - Dulzura2018,None,NULL,Participaciones publicitarias,Articulos promocionales,Productos promocionales,0
9119151,AFICHE - Dulzura 2018,None,NULL,Participaciones publicitarias,Articulos promocionales,Productos promocionales,0
9119152,STICKER VIDRIERA - Dulzura 2018,None,NULL,Participaciones publicitarias,Articulos promocionales,Productos promocionales,0
9119158,Flyer Proode Juntos,None,NULL,Participaciones publicitarias,Articulos promocionales,Productos promocionales,0
9119159,Tríptico A Mes de Dulzura 2018,None,NULL,Participaciones publicitarias,Articulos promocionales,Productos promocionales,0
9119160,Tríptico B Mes de Dulzura 2018,None,NULL,Participaciones publicitarias,Articulos promocionales,Productos promocionales,0
9119161,Tríptico C Mes de Dulzura 2018,None,NULL,Participaciones publicitarias,Articulos promocionales,Productos promocionales,0
9119182,MINITERMOMETRO DE INMERSION (WP),None,NULL,Participaciones publicitarias,Articulos promocionales,Productos promocionales,0
9119212,KIT MES DE MAMÁ 2018 A - VERDE,None,NULL,Participaciones publicitarias,Articulos promocionales,Productos promocionales,0
9119213,KIT MES DE MAMÁ 2018 B - AMARILLO,None,NULL,Participaciones publicitarias,Articulos promocionales,Productos promocionales,0
9119214,KIT MES DE MAMÁ 2018 C - AZUL,None,NULL,Participaciones publicitarias,Articulos promocionales,Productos promocionales,0
9119215,Bolsa Ecológica Mes de Mamá 2018,None,NULL,Participaciones publicitarias,Articulos promocionales,Productos promocionales,0
9119218,Almanaque CALSA 2019 (Por 40un),None,NULL,Participaciones publicitarias,Articulos promocionales,Productos promocionales,0
9119232,Exhibidor Cubito - Carton 2018,None,NULL,Participaciones publicitarias,Articulos promocionales,Productos promocionales,0
9119265,Tríptico Mes de la Madre 2018,None,NULL,Participaciones publicitarias,Articulos promocionales,Productos promocionales,0
9119266,Tríptico FDV Mes de la Madre 2018,None,NULL,Participaciones publicitarias,Articulos promocionales,Productos promocionales,0
9119310,Cuaderno Panaderías Adheridas,None,NULL,Participaciones publicitarias,Articulos promocionales,Productos promocionales,0
9119336,DIPTICOS LEV VIRGEN VIDEO (AGO18),None,NULL,Participaciones publicitarias,Articulos promocionales,Productos promocionales,0
9119341,AFICHE - CAMPAÑA CUBITO 2018,None,NULL,Participaciones publicitarias,Articulos promocionales,Productos promocionales,0
9119342,MOVIE - CAMPAÑA CUBITO 2018,None,NULL,Participaciones publicitarias,Articulos promocionales,Productos promocionales,0
9119343,CENEFA - CAMPAÑA CUBITO 2018,None,NULL,Participaciones publicitarias,Articulos promocionales,Productos promocionales,0
9119344,STICKER - CAMPAÑA CUBITO 2018,None,NULL,Participaciones publicitarias,Articulos promocionales,Productos promocionales,0
9119360,Sticker fiestas 2018,None,NULL,Participaciones publicitarias,Articulos promocionales,Productos promocionales,0
9119361,kit 1 fiestas 2018,None,NULL,Participaciones publicitarias,Articulos promocionales,Productos promocionales,0
9119362,kit 2 fiestas 2018,None,NULL,Participaciones publicitarias,Articulos promocionales,Productos promocionales,0
9119363,Triptico Fiestas 2018,None,NULL,Participaciones publicitarias,Articulos promocionales,Productos promocionales,0
9119364,Flyer Fiestas 2018,None,NULL,Participaciones publicitarias,Articulos promocionales,Productos promocionales,0
9119365,Bolsas eco marron 2018,None,NULL,Participaciones publicitarias,Articulos promocionales,Productos promocionales,8
9119366,Bolsa eco naranja 2018,None,NULL,Participaciones publicitarias,Articulos promocionales,Productos promocionales,23
9119367,Bolsa eco verde 2018,None,NULL,Participaciones publicitarias,Articulos promocionales,Productos promocionales,25
9119368,Cajas fiestas 2018,None,NULL,Participaciones publicitarias,Articulos promocionales,Productos promocionales,0
9119401,TRIPTICO PAN DULCE (SEP18),None,NULL,Participaciones publicitarias,Articulos promocionales,Productos promocionales,0
9119419,Afiche Promo cubito 2018,None,NULL,Participaciones publicitarias,Articulos promocionales,Productos promocionales,0
9119420,Movie Promo cubito 2018,None,NULL,Participaciones publicitarias,Articulos promocionales,Productos promocionales,0
9119421,Cenefa Promo cubito 2018,None,NULL,Participaciones publicitarias,Articulos promocionales,Productos promocionales,0
9119422,Sticker Promo cubito 2018,None,NULL,Participaciones publicitarias,Articulos promocionales,Productos promocionales,0
9119462,STICKERS ACCION VIRGEN - OCT.18,None,NULL,Participaciones publicitarias,Articulos promocionales,Productos promocionales,0
9119465,FLYER EXHIBIDOR CUBITO - OCT 18,None,NULL,Participaciones publicitarias,Articulos promocionales,Productos promocionales,0
9119490,5 MANGAS Y 10 PICOS PARA DECORACIÓN,None,NULL,Participaciones publicitarias,Articulos promocionales,Productos promocionales,0
9119491,BALANZA CUCHARA,None,NULL,Participaciones publicitarias,Articulos promocionales,Productos promocionales,0
9119492,BALANZA PARA LA CUADRA,None,NULL,Participaciones publicitarias,Articulos promocionales,Productos promocionales,0
9119493,BALANZA PARA NEGOCIO,None,NULL,Participaciones publicitarias,Articulos promocionales,Productos promocionales,0
9119494,BOWL DE ACERO INOXIDABLE,None,NULL,Participaciones publicitarias,Articulos promocionales,Productos promocionales,0
9119495,CORTANTE BICICLETA,None,NULL,Participaciones publicitarias,Articulos promocionales,Productos promocionales,0
9119496,CUCHILLO OFICIO,None,NULL,Participaciones publicitarias,Articulos promocionales,Productos promocionales,0
9119497,CUCHILLO SERRUCHO,None,NULL,Participaciones publicitarias,Articulos promocionales,Productos promocionales,0
9119498,ESPÁTULA REPOSTERA CHICA,None,NULL,Participaciones publicitarias,Articulos promocionales,Productos promocionales,0
9119499,ESPÁTULA REPOSTERA GRANDE,None,NULL,Participaciones publicitarias,Articulos promocionales,Productos promocionales,0
9119501,SOPLETE CON GARRAFA,None,NULL,Participaciones publicitarias,Articulos promocionales,Productos promocionales,0
9119502,TERMÓMETRO DIGITAL,None,NULL,Participaciones publicitarias,Articulos promocionales,Productos promocionales,0
9119503,TERMÓMETRO PARA HORNO,None,NULL,Participaciones publicitarias,Articulos promocionales,Productos promocionales,0
9119504,TUPPER PARA HARINA,None,NULL,Participaciones publicitarias,Articulos promocionales,Productos promocionales,0
9119524,PALO AMASAR MARMOL,None,NULL,Participaciones publicitarias,Articulos promocionales,Productos promocionales,0
9119538,BOLSA PAN DE QUESO 250g GENERICA,None,NULL,Participaciones publicitarias,Articulos promocionales,Productos promocionales,0
9119540,BOLSA PAN DE QUESO 250g GENERICA,None,NULL,Participaciones publicitarias,Articulos promocionales,Productos promocionales,0
9119543,BOLSA GENERICA 2019 - 44 x 25,None,NULL,Participaciones publicitarias,Articulos promocionales,Productos promocionales,0
9119544,AFICHE PASCUA 2019,None,NULL,Participaciones publicitarias,Articulos promocionales,Productos promocionales,0
9119546,AFICHE PASCUA 2019,None,NULL,Participaciones publicitarias,Articulos promocionales,Productos promocionales,0
9119547,AFICHE DOCENA 14 2019,None,NULL,Participaciones publicitarias,Articulos promocionales,Productos promocionales,0
9119548,AFICHE PAN DE QUESO PROMO 2019,None,NULL,Participaciones publicitarias,Articulos promocionales,Productos promocionales,0
9119597,STICKERS ACCION DUQUESA - NOV. 18,None,NULL,Participaciones publicitarias,Articulos promocionales,Productos promocionales,0
9119652,CAMARA DIGITAL,None,NULL,Participaciones publicitarias,Articulos promocionales,Productos promocionales,0
9119655,Cafetera Express,None,NULL,Participaciones publicitarias,Articulos promocionales,Productos promocionales,0
9119657,"TV LED 40"" - JUNTOS",None,NULL,Participaciones publicitarias,Articulos promocionales,Productos promocionales,0
9119658,SMARTPHONE 8 GB - JUNTOS,None,NULL,Participaciones publicitarias,Articulos promocionales,Productos promocionales,0
9119659,TELEFONO INALAMBRICO,None,NULL,Participaciones publicitarias,Articulos promocionales,Productos promocionales,0
9119660,SMARTPHONE 16GB,None,NULL,Participaciones publicitarias,Articulos promocionales,Productos promocionales,0
9119661,"SMART TV 32""",None,NULL,Participaciones publicitarias,Articulos promocionales,Productos promocionales,0
9119662,PEN DRIVE - JUNTOS,None,NULL,Participaciones publicitarias,Articulos promocionales,Productos promocionales,0
9119663,PAVA ELECTRICA - JUNTOS,None,NULL,Participaciones publicitarias,Articulos promocionales,Productos promocionales,0
9119665,NOTEBOOK - JUNTOS,None,NULL,Participaciones publicitarias,Articulos promocionales,Productos promocionales,0
9119667,MICROONDAS JUNTOS,None,NULL,Participaciones publicitarias,Articulos promocionales,Productos promocionales,0
9119668,LICUADORA DE MANO- JUNTOS,None,NULL,Participaciones publicitarias,Articulos promocionales,Productos promocionales,0
9119669,EQUIPO DE AUDIO - JUNTOS,None,NULL,Participaciones publicitarias,Articulos promocionales,Productos promocionales,0
9119670,"CUCHILLO 25CM 10""",None,NULL,Participaciones publicitarias,Articulos promocionales,Productos promocionales,0
9119707,PASCUAS - AFICHE 2019,None,NULL,Participaciones publicitarias,Articulos promocionales,Productos promocionales,0
9119709,PASCUAS -Movie Cake POP 2019,None,NULL,Participaciones publicitarias,Articulos promocionales,Productos promocionales,0
9119740,KIT 1 PASCUAS + BTS 2019,None,NULL,Participaciones publicitarias,Articulos promocionales,Productos promocionales,0
9119742,KIT 2 BTS 2019,None,NULL,Participaciones publicitarias,Articulos promocionales,Productos promocionales,0
9119743,DIPTICO PASCUA + BTS 2019,None,NULL,Participaciones publicitarias,Articulos promocionales,Productos promocionales,0
9119768,TRIPTICO PASCUA + BTS 2019,None,NULL,Participaciones publicitarias,Articulos promocionales,Productos promocionales,0
9119788,KIT 1 DULZURA -AMIGO 2019,None,NULL,Participaciones publicitarias,Articulos promocionales,Productos promocionales,0
9119789,KIT 1 DULZURA -AMIGO 2019,None,NULL,Participaciones publicitarias,Articulos promocionales,Productos promocionales,0
9119802,KIT 2 DULZURA -AMIGO 2019,None,NULL,Participaciones publicitarias,Articulos promocionales,Productos promocionales,0
9119815,AFICHE BTS 2019,None,NULL,Participaciones publicitarias,Articulos promocionales,Productos promocionales,0
9119824,CUBREMASAS PROMO FANATICOS 2019,None,NULL,Participaciones publicitarias,Articulos promocionales,Productos promocionales,0
9119834,AFICHE PASCUAS + BTS 2019,None,NULL,Participaciones publicitarias,Articulos promocionales,Productos promocionales,0
9119836,STICKER PASCUAS + BTS 2019,None,NULL,Participaciones publicitarias,Articulos promocionales,Productos promocionales,0
9119839,MOVIE PASCUAS + BTS 2019,None,NULL,Participaciones publicitarias,Articulos promocionales,Productos promocionales,0
9119842,AFICHE BTS 2019,None,NULL,Participaciones publicitarias,Articulos promocionales,Productos promocionales,0
9119856,AFICHE MONOPOLY 2019,None,NULL,Participaciones publicitarias,Articulos promocionales,Productos promocionales,0
9119863,EXHIBIDOR ALMACEN,None,NULL,Participaciones publicitarias,Articulos promocionales,Productos promocionales,0
9119883,PAI PROYECTO ALMACEN LISO,None,NULL,Participaciones publicitarias,Articulos promocionales,Productos promocionales,0
9119884,Preciero Cubito A,None,NULL,Participaciones publicitarias,Articulos promocionales,Productos promocionales,0
9119886,Preciero Cuibito B,None,NULL,Participaciones publicitarias,Articulos promocionales,Productos promocionales,0
9119889,Exhibidor artesanal,None,NULL,Participaciones publicitarias,Articulos promocionales,Productos promocionales,0
9119893,Flyer Premezclas,None,NULL,Participaciones publicitarias,Articulos promocionales,Productos promocionales,0
9119897,Pizarra snack saludable,None,NULL,Participaciones publicitarias,Articulos promocionales,Productos promocionales,0
9119920,Chaleco uniforme XXXL,None,NULL,Participaciones publicitarias,Articulos promocionales,Productos promocionales,0
9119923,Campera Hombre S,None,NULL,Participaciones publicitarias,Articulos promocionales,Productos promocionales,0
9119926,Campera Mujer XXL,None,NULL,Participaciones publicitarias,Articulos promocionales,Productos promocionales,0
9119928,Campera HOMBRE XXXL,None,NULL,Participaciones publicitarias,Articulos promocionales,Productos promocionales,0
9119935,Pizarra snack saludable,None,NULL,Participaciones publicitarias,Articulos promocionales,Productos promocionales,0
9119966,Triptico Dulzura + Amigo 2019,None,NULL,Participaciones publicitarias,Articulos promocionales,Productos promocionales,0
9119967,Afiche Copa America 2019,None,NULL,Participaciones publicitarias,Articulos promocionales,Productos promocionales,0
9119973,LP - TRIPTICO PM COOKIES (MAY19),None,NULL,Participaciones publicitarias,Articulos promocionales,Productos promocionales,0
9119974,LP - RECETARIO PM COOKIES (MAY19),None,NULL,Participaciones publicitarias,Articulos promocionales,Productos promocionales,0
9119976,CANASTA ALMACEN,None,NULL,Participaciones publicitarias,Articulos promocionales,Productos promocionales,0
9120045,PAI DULZURA + AMIGO 2019,None,NULL,Participaciones publicitarias,Articulos promocionales,Productos promocionales,0
9120099,Cenefa Fanaticos,None,NULL,Participaciones publicitarias,Articulos promocionales,Productos promocionales,0
9120100,Stoppers Fanáticos,None,NULL,Participaciones publicitarias,Articulos promocionales,Productos promocionales,0
9120103,Afiche Promo Pan de Queso 2019,None,NULL,Participaciones publicitarias,Articulos promocionales,Productos promocionales,0
9120109,Kit 1 Madre 2019,None,NULL,Participaciones publicitarias,Articulos promocionales,Productos promocionales,0
9120117,Bolsa Cortates Cookies 2019,None,NULL,Participaciones publicitarias,Articulos promocionales,Productos promocionales,0
9120118,Sticker Caja Promo Pan Dulce 2019,None,NULL,Participaciones publicitarias,Articulos promocionales,Productos promocionales,0
9120120,Kit 2 Madre 2019,None,NULL,Participaciones publicitarias,Articulos promocionales,Productos promocionales,0
9120121,Triptico Madre 2019,None,NULL,Participaciones publicitarias,Articulos promocionales,Productos promocionales,0
9120122,EXHIBIDOR LEMONGRASS (JUN. 19),None,NULL,Participaciones publicitarias,Articulos promocionales,Productos promocionales,0
9120123,BANDEJAS CHICAS LEMONGRASS (JUN. 19),None,NULL,Participaciones publicitarias,Articulos promocionales,Productos promocionales,0
9120124,BANDEJAS GRANDES LEMONGRASS (JUN. 19),None,NULL,Participaciones publicitarias,Articulos promocionales,Productos promocionales,0
9120136,Pai Madre 2019,None,NULL,Participaciones publicitarias,Articulos promocionales,Productos promocionales,0
9120160,I360 - TRÍPTICO LANZAMIENTO (AGO19),None,NULL,Participaciones publicitarias,Articulos promocionales,Productos promocionales,0
9120161,I360-TRÍPTICO BUDINES INTEGRALES (AGO19),None,NULL,Participaciones publicitarias,Articulos promocionales,Productos promocionales,0
9120162,I360 - CENEFAS LEMONGRASS (AGO19),None,NULL,Participaciones publicitarias,Articulos promocionales,Productos promocionales,0
9120163,I360 - PRECIADORES LEMONGRASS (AGO19),None,NULL,Participaciones publicitarias,Articulos promocionales,Productos promocionales,0
9120164,I360 - AFICHE SOBREMESON LEMON. (AGO19),None,NULL,Participaciones publicitarias,Articulos promocionales,Productos promocionales,0
9120165,I360 - AFICHE CONSUMIDOR LEMON. (AGO19),None,NULL,Participaciones publicitarias,Articulos promocionales,Productos promocionales,0
9120166,I360 - PIZARRA EXTERNA LEMON. (AGO19),None,NULL,Participaciones publicitarias,Articulos promocionales,Productos promocionales,0
9120206,PIROTIN BUDÍN LEMONGRASS 450 G (AGO19),None,NULL,Participaciones publicitarias,Articulos promocionales,Productos promocionales,0
9120207,BOLSA BUDÍN LEMONGRASS 450 G (AGO19),None,NULL,Participaciones publicitarias,Articulos promocionales,Productos promocionales,0
9120208,PIROTIN BUDIN LEMONGRASS 80 G (AGO19),None,NULL,Participaciones publicitarias,Articulos promocionales,Productos promocionales,0
9120209,BOLSA BUDIN LEMONGRASS (AGO19),None,NULL,Participaciones publicitarias,Articulos promocionales,Productos promocionales,0
9120219,Delantal Jean + Ecocuero 2019,None,NULL,Participaciones publicitarias,Articulos promocionales,Productos promocionales,10
9120220,PIROTIN PAN DULCE 250 G (AGO19),None,NULL,Participaciones publicitarias,Articulos promocionales,Productos promocionales,0
9120231,Kit 1 Navidad 2019,None,NULL,Participaciones publicitarias,Articulos promocionales,Productos promocionales,0
9120232,Kit 2 Navidad 2019,None,NULL,Participaciones publicitarias,Articulos promocionales,Productos promocionales,0
9120233,Triptico Navidad 2019 (x 30 unidades),None,NULL,Participaciones publicitarias,Articulos promocionales,Productos promocionales,0
9120235,Afiche Previa Navidad 2019 (x 30 uni),None,NULL,Participaciones publicitarias,Articulos promocionales,Productos promocionales,0
9120236,Bolsa Previa Navidad 2019 (x 30 uni),None,NULL,Participaciones publicitarias,Articulos promocionales,Productos promocionales,0
9120237,Bolsa Generica 20x30x12 (x 30 unid),None,NULL,Participaciones publicitarias,Articulos promocionales,Productos promocionales,0
9120250,Almanaques CALSA 2020 (x 40 unidades),None,NULL,Participaciones publicitarias,Articulos promocionales,Productos promocionales,0
9120264,Kit Amarillo Vuelta al Cole 2020,None,NULL,Participaciones publicitarias,Articulos promocionales,Productos promocionales,0
9120265,Kit Verde Vuelta al Cole 2020,None,NULL,Participaciones publicitarias,Articulos promocionales,Productos promocionales,0
9120266,Triptico Vuelta al Cole 2020 (100 unidad,None,NULL,Participaciones publicitarias,Articulos promocionales,Productos promocionales,0
9120283,Sticker Promo Nov 2019 Pan Dulce,None,NULL,Participaciones publicitarias,Articulos promocionales,Productos promocionales,0
9120284,Flyer Previa Pan Dulce 2019,None,NULL,Participaciones publicitarias,Articulos promocionales,Productos promocionales,0
9120287,Libro Recetario Calsa,None,NULL,Participaciones publicitarias,Articulos promocionales,Productos promocionales,0
9120310,Chaqueta Faldon S,None,NULL,Participaciones publicitarias,Articulos promocionales,Productos promocionales,0
9120311,Chaqueta Faldon M,None,NULL,Participaciones publicitarias,Articulos promocionales,Productos promocionales,0
9120312,Chaqueta Faldon L,None,NULL,Participaciones publicitarias,Articulos promocionales,Productos promocionales,0
9120314,Chaqueta Faldon XL,None,NULL,Participaciones publicitarias,Articulos promocionales,Productos promocionales,0
9120315,Chaqueta Faldon XXL,None,NULL,Participaciones publicitarias,Articulos promocionales,Productos promocionales,0
9120316,Chaqueta Faldon XXXL,None,NULL,Participaciones publicitarias,Articulos promocionales,Productos promocionales,0
9120317,LP - TRIPTICO PM PAN DULCE (SEP19),None,NULL,Participaciones publicitarias,Articulos promocionales,Productos promocionales,0
9120332,Kit Amarillo Dulzura - Amigo 2020,None,NULL,Participaciones publicitarias,Articulos promocionales,Productos promocionales,0
9120333,Kit Verde Dulzura - Amigo 2020,None,NULL,Participaciones publicitarias,Articulos promocionales,Productos promocionales,0
9120334,Triptico Dulzura - Amigo 2020 (Paq 100u),None,NULL,Participaciones publicitarias,Articulos promocionales,Productos promocionales,0
9120351,PDQR - TRÍPTICO PRODUCTO (OCT19),None,NULL,Participaciones publicitarias,Articulos promocionales,Productos promocionales,0
9120353,TRÍPTICO MARCA (OCT19),None,NULL,Participaciones publicitarias,Articulos promocionales,Productos promocionales,0
9120354,PDQR - CENEFAS VARIEDAD 1 (OCT19),None,NULL,Participaciones publicitarias,Articulos promocionales,Productos promocionales,0
9120355,PDQR - CENEFAS VARIEDAD 2 (OCT19),None,NULL,Participaciones publicitarias,Articulos promocionales,Productos promocionales,0
9120356,PDQR - CENEFAS VARIEDAD 3 (OCT19),None,NULL,Participaciones publicitarias,Articulos promocionales,Productos promocionales,0
9120357,PDQR - PRECIADORES CON PINCHES (OCT19),None,NULL,Participaciones publicitarias,Articulos promocionales,Productos promocionales,0
9120358,PDQR - AFICHE SOBREMESON (OCT19),None,NULL,Participaciones publicitarias,Articulos promocionales,Productos promocionales,0
9120359,PDQR - TABLE TENTS (OCT19),None,NULL,Participaciones publicitarias,Articulos promocionales,Productos promocionales,0
9120360,PDQR - EXHIBIDOR SNACKING (OCT19),None,NULL,Participaciones publicitarias,Articulos promocionales,Productos promocionales,0
9120361,PDQR - BOLSAS PT (OCT19),None,NULL,Participaciones publicitarias,Articulos promocionales,Productos promocionales,0
9120390,PDQR - CENEFAS VARIEDAD 4 (OCT19),None,NULL,Participaciones publicitarias,Articulos promocionales,Productos promocionales,0
9120415,Libro Recetario 2020,None,NULL,Participaciones publicitarias,Articulos promocionales,Productos promocionales,0
9120420,Kit Verde Madre 2020,None,NULL,Participaciones publicitarias,Articulos promocionales,Productos promocionales,0
9120421,Kit Amarillo Madre 2020,None,NULL,Participaciones publicitarias,Articulos promocionales,Productos promocionales,0
9120422,Triptico Madre 2020 (paq 100),None,NULL,Participaciones publicitarias,Articulos promocionales,Productos promocionales,0
9120438,Movie Cubito 2x1 2020 (paq 100 uni),None,NULL,Participaciones publicitarias,Articulos promocionales,Productos promocionales,0
9120439,Afiche Cubito 2x1 2020 (Paq 100 uni),None,NULL,Participaciones publicitarias,Articulos promocionales,Productos promocionales,0
9120468,Bandana Jean Mostrador,None,NULL,Participaciones publicitarias,Articulos promocionales,Productos promocionales,0
9120520,Sticker Cookies 2x1(paquete 100),None,NULL,Participaciones publicitarias,Articulos promocionales,Productos promocionales,0
9120548,Sobres Rojos Virgen Líquida 2020,None,NULL,Participaciones publicitarias,Articulos promocionales,Productos promocionales,0
9120561,Sticker vidrio lo bueno leva 2020,None,NULL,Participaciones publicitarias,Articulos promocionales,Productos promocionales,0
9120563,Folleto cubito vs levadura 2020,None,NULL,Participaciones publicitarias,Articulos promocionales,Productos promocionales,0
9120628,PAI PROYECTO ALMACEN DISEÑO,None,NULL,Participaciones publicitarias,Articulos promocionales,Productos promocionales,0
9120630,Afiche PDQ Regional (paq de 100 un.),None,NULL,Participaciones publicitarias,Articulos promocionales,Productos promocionales,0
9120640,Afcihe Aktivo 2020 (paquete 100 uni),None,NULL,Participaciones publicitarias,Articulos promocionales,Productos promocionales,0
9120699,Afiche Generico 2020 PDQ-Muffin(paq 100),None,NULL,Participaciones publicitarias,Articulos promocionales,Productos promocionales,0
9120720,Bolsas PDQ Genericas 2020(paq 20 uni),None,NULL,Participaciones publicitarias,Articulos promocionales,Productos promocionales,42
9120740,Afiche Stock 2020 (paq 100),None,NULL,Participaciones publicitarias,Articulos promocionales,Productos promocionales,0
9120741,Afiche Día de la Madre 2020 (paq 100 uni,None,NULL,Participaciones publicitarias,Articulos promocionales,Productos promocionales,0
9120743,Afiche Primavera 2020 (paq 100 uni),None,NULL,Participaciones publicitarias,Articulos promocionales,Productos promocionales,0
9120750,Bolsa Generica 30x10x16 (paq 20 uni),None,NULL,Participaciones publicitarias,Articulos promocionales,Productos promocionales,1
9120751,Afiche Amigo 2020 (paq 100uni),None,NULL,Participaciones publicitarias,Articulos promocionales,Productos promocionales,0
9120752,Afiche Dulzura 2020 (paq 100),None,NULL,Participaciones publicitarias,Articulos promocionales,Productos promocionales,0
9120753,Flyer proyecto LIDERES- May-18,None,NULL,Participaciones publicitarias,Articulos promocionales,Productos promocionales,0
9120769,Sticker Delivery 2020 (paq 20 uni),None,NULL,Participaciones publicitarias,Articulos promocionales,Productos promocionales,0
9120770,KIT 2 FANATICOS 2021,None,NULL,Participaciones publicitarias,Articulos promocionales,Productos promocionales,0
9120784,PRUEBA 2,None,NULL,Participaciones publicitarias,Articulos promocionales,Productos promocionales,0
9120841,FLYER LEVA FANATICOS 2020 (PAQ 100),None,NULL,Participaciones publicitarias,Articulos promocionales,Productos promocionales,0
9120844,CENEFA SECTOR SEMILLAS (PAQ 50 UNI.),None,NULL,Participaciones publicitarias,Articulos promocionales,Productos promocionales,0
9120845,ALMANAQUE CALSA 2021 (paq 40 uni),None,NULL,Participaciones publicitarias,Articulos promocionales,Productos promocionales,0
9120846,FLYER CAMP. STOCKEO (JULIO 2020) PAQ 100,None,NULL,Participaciones publicitarias,Articulos promocionales,Productos promocionales,0
9120900,SET DE ASADO COMENSAL,None,NULL,Participaciones publicitarias,Articulos promocionales,Productos promocionales,0
9120901,AFICHE PREVIA PAN DULCE 2020 (PAQ 100),None,NULL,Participaciones publicitarias,Articulos promocionales,Productos promocionales,0
9120902,TABLE TENT DELIVERY 2020 (PAQ 20),None,NULL,Participaciones publicitarias,Articulos promocionales,Productos promocionales,0
9120903,BOLSA GENERICA 20X30X12 (paq 40 uni),None,NULL,Participaciones publicitarias,Articulos promocionales,Productos promocionales,0
9120913,STICKER LEVA 2X1 2020 (PAQ 100),None,NULL,Participaciones publicitarias,Articulos promocionales,Productos promocionales,0
9120918,FAJA DE TORTA (PAQ 60 uni),None,NULL,Participaciones publicitarias,Articulos promocionales,Productos promocionales,0
9120919,CAJAS DE BROWNIES (PAQ 84 UNI),None,NULL,Participaciones publicitarias,Articulos promocionales,Productos promocionales,0
9120933,AFICHE DIA DE LA MADRE 2019,None,NULL,Participaciones publicitarias,Articulos promocionales,Productos promocionales,0
9120934,STICKER DIA DE LA MADRE 2019,None,NULL,Participaciones publicitarias,Articulos promocionales,Productos promocionales,0
9120935,COLGANTES DIA DE LA MADRE 2019,None,NULL,Participaciones publicitarias,Articulos promocionales,Productos promocionales,0
9121029,STICKER FIESTAS 2020 (PAQ 100),None,NULL,Participaciones publicitarias,Articulos promocionales,Productos promocionales,0
9121050,AFICHE FIESTAS 2020 (PAQ 100),None,NULL,Participaciones publicitarias,Articulos promocionales,Productos promocionales,0
9121051,CAJAS PAN DULCE 2020 (PAQ 10 UNI),None,NULL,Participaciones publicitarias,Articulos promocionales,Productos promocionales,0
9121052,BOLSA PAN DULCE PP 2020 (PAQ 100 UNI),None,NULL,Participaciones publicitarias,Articulos promocionales,Productos promocionales,0
9121061,STICKER FIESTAS 2020 (PAQ 100) OP 2,None,NULL,Participaciones publicitarias,Articulos promocionales,Productos promocionales,0
9121090,CENEFA 2020 MAESTROS (PAQ 100 UNI),None,NULL,Participaciones publicitarias,Articulos promocionales,Productos promocionales,0
9121091,MOVIE CUBITO ROJO DTT 2022 (PAQ 50 UND),None,NULL,Participaciones publicitarias,Articulos promocionales,Productos promocionales,1
9121092,STOPPER 2020 MAESTROS (PAQ 100 UNI),None,NULL,Participaciones publicitarias,Articulos promocionales,Productos promocionales,0
9121093,STICKER 2020 MAESTROS (PAQ 100 UNI),None,NULL,Participaciones publicitarias,Articulos promocionales,Productos promocionales,0
9121094,AFICHE 2020 MAESTROS (PAQ 100 UNI),None,NULL,Participaciones publicitarias,Articulos promocionales,Productos promocionales,0
9121095,AFICHE PANA 2020 MAESTROS (PAQ 100 UNI),None,NULL,Participaciones publicitarias,Articulos promocionales,Productos promocionales,0
9121096,STICKER PANA 2020 MAESTROS (PAQ 100 UNI),None,NULL,Participaciones publicitarias,Articulos promocionales,Productos promocionales,0
9121100,KIT 1 PICOTEO 2020,None,NULL,Participaciones publicitarias,Articulos promocionales,Productos promocionales,0
9121101,KIT 2 PICOTEO 2020,None,NULL,Participaciones publicitarias,Articulos promocionales,Productos promocionales,0
9121111,Flyer Fleiscream - Nov 2020,None,NULL,Participaciones publicitarias,Articulos promocionales,Productos promocionales,0
9121131,MANUAL EJECUCIÓN AUTOSERV-ALMACEN 2020,None,NULL,Participaciones publicitarias,Articulos promocionales,Productos promocionales,0
9121133,VOUCHER PROMO PDQ MDQ 2020,None,NULL,Participaciones publicitarias,Articulos promocionales,Productos promocionales,0
9121143,AFICHE PROMO PDQ MDQ 2021,None,NULL,Participaciones publicitarias,Articulos promocionales,Productos promocionales,0
9121144,PLOTEO PROMO PDQ MDQ 2021,None,NULL,Participaciones publicitarias,Articulos promocionales,Productos promocionales,0
9121147,Recetario Fleiscream Ene-21,None,NULL,Participaciones publicitarias,Articulos promocionales,Productos promocionales,0
9121210,PRECIADORES DIRECTAS 2021 (PAQ 100),None,NULL,Participaciones publicitarias,Articulos promocionales,Productos promocionales,0
9121223,EXHIBIDOR CUBITO 2021,None,NULL,Participaciones publicitarias,Articulos promocionales,Productos promocionales,0
9121227,EXHIBIDOR BANDEJA APILABLE 2 DIVISIONES,None,NULL,Participaciones publicitarias,Articulos promocionales,Productos promocionales,75
9121239,EXHIBIDOR BANDEJA APILABLE,None,NULL,Participaciones publicitarias,Articulos promocionales,Productos promocionales,0
9121240,CARTAS INCENTIVO FARGO 2021 (PAQ 50 UNI),None,NULL,Participaciones publicitarias,Articulos promocionales,Productos promocionales,0
9121241,TRIPTICO INCENTIVO FARGO 2021 (PAQ 50 U),None,NULL,Participaciones publicitarias,Articulos promocionales,Productos promocionales,0
9121242,AFICHE INCENTIVO FARGO 2021,None,NULL,Participaciones publicitarias,Articulos promocionales,Productos promocionales,0
9121243,KIT 1 COPA-DULZURA-AMIGO 2021,None,NULL,Participaciones publicitarias,Articulos promocionales,Productos promocionales,0
9121244,KIT 2 COPA-DULZURA-AMIGO 2021,None,NULL,Participaciones publicitarias,Articulos promocionales,Productos promocionales,0
9121245,KIT 3 COPA-DULZURA-AMIGO 2021,None,NULL,Participaciones publicitarias,Articulos promocionales,Productos promocionales,0
9121246,FLYER BUDINES | CONSUMIDOR (MAR 21),None,NULL,Participaciones publicitarias,Articulos promocionales,Productos promocionales,0
9121248,STICKER BUDÍN | VENDEDORA SALÓN (MAR 21),None,NULL,Participaciones publicitarias,Articulos promocionales,Productos promocionales,0
9121264,EXHIBIDOR (3 PISOS) BLANCO,None,NULL,Participaciones publicitarias,Articulos promocionales,Productos promocionales,0
9121265,BOLSA GENERICA PAN DULCE (PAQ 60 UNI),None,NULL,Participaciones publicitarias,Articulos promocionales,Productos promocionales,0
9121266,AFICHE PREVIA PAN DULCE 2021 (PAQ 100),None,NULL,Participaciones publicitarias,Articulos promocionales,Productos promocionales,0
9121267,AFICHE TEMPORADA CHOCO 2021 (PAQ 50 UN),None,NULL,Participaciones publicitarias,Articulos promocionales,Productos promocionales,0
9121268,AFICHE FACT Y MEDIALUNAS 2021 (PAQ 50 UN,None,NULL,Participaciones publicitarias,Articulos promocionales,Productos promocionales,0
9121274,LIBRO RECETARIO 2020 (VERSION CUADRA),None,NULL,Participaciones publicitarias,Articulos promocionales,Productos promocionales,0
9121280,KIT 1 PDQ REGIONAL 2021,None,NULL,Participaciones publicitarias,Articulos promocionales,Productos promocionales,0
9121281,KIT 2 PDQ REGIONAL 2021,None,NULL,Participaciones publicitarias,Articulos promocionales,Productos promocionales,0
9121292,AFICHE OLIMPIA 2022 (PAQ 100 UNI),None,NULL,Participaciones publicitarias,Articulos promocionales,Productos promocionales,1
9121293,MOVIE OLIMPIA 2022 (PAQ 100 UNI),None,NULL,Participaciones publicitarias,Articulos promocionales,Productos promocionales,0
9121294,CENEFA OLIMPIA 2022 (PAQ 100 UNI),None,NULL,Participaciones publicitarias,Articulos promocionales,Productos promocionales,0
9121300,KIT 1 MES DE LA MADRE 2021,None,NULL,Participaciones publicitarias,Articulos promocionales,Productos promocionales,0
9121301,KIT 2 MES DE LA MADRE 2021,None,NULL,Participaciones publicitarias,Articulos promocionales,Productos promocionales,0
9121310,KIT 1 FANATICOS 2021,None,NULL,Participaciones publicitarias,Articulos promocionales,Productos promocionales,0
9121314,AFICHE PDQ REGIONAL 2021 (PAQ 100 UNI),None,NULL,Participaciones publicitarias,Articulos promocionales,Productos promocionales,0
9121316,STICKER HELADERA OLIMPIA 2022 (100 UNI),None,NULL,Participaciones publicitarias,Articulos promocionales,Productos promocionales,0
9121320,KIT 1 FIESTAS 2021,None,NULL,Participaciones publicitarias,Articulos promocionales,Productos promocionales,0
9121321,KIT 2 FIESTAS 2021,None,NULL,Participaciones publicitarias,Articulos promocionales,Productos promocionales,0
9121322,KIT 3 FIESTAS 2021,None,NULL,Participaciones publicitarias,Articulos promocionales,Productos promocionales,0
9121325,TAPABOCA CALSA,None,NULL,Participaciones publicitarias,Articulos promocionales,Productos promocionales,0
9121326,MANUAL LEVADURAS 2021,None,NULL,Participaciones publicitarias,Articulos promocionales,Productos promocionales,0
9121328,BOLSAS CRAFT DEGUSTACIÓN 2021 (PAQ 100),None,NULL,Participaciones publicitarias,Articulos promocionales,Productos promocionales,0
9121329,BOLSAS PDQ GENERICAS (PAQ 50 UNI),None,NULL,Participaciones publicitarias,Articulos promocionales,Productos promocionales,0
9121340,AFICHE COPA-DULZURA-AMIGO 2021,None,NULL,Participaciones publicitarias,Articulos promocionales,Productos promocionales,0
9121341,STICKER CIERRE BOLSA DULZURA 2021,None,NULL,Participaciones publicitarias,Articulos promocionales,Productos promocionales,0
9121342,MOVIE DULZURA 2021,None,NULL,Participaciones publicitarias,Articulos promocionales,Productos promocionales,0
9121343,MOVIE AMIGO PDQ 2021,None,NULL,Participaciones publicitarias,Articulos promocionales,Productos promocionales,0
9121344,STICKER VIDRIERA DULZURA 2021,None,NULL,Participaciones publicitarias,Articulos promocionales,Productos promocionales,0
9121361,CENEFAS P/EXHIBIDORES PDQR V2 (50 UNI),None,NULL,Participaciones publicitarias,Articulos promocionales,Productos promocionales,0
9121362,KIT 1 PDQR V2 2021,None,NULL,Participaciones publicitarias,Articulos promocionales,Productos promocionales,0
9121363,KIT 2 PDQR V2 2021,None,NULL,Participaciones publicitarias,Articulos promocionales,Productos promocionales,0
9121370,LLAVERO DESTAPADOR CALSA 2021,None,NULL,Participaciones publicitarias,Articulos promocionales,Productos promocionales,1
9121371,BOTELLA DE AGUA CALSA 430 ML 2021,None,NULL,Participaciones publicitarias,Articulos promocionales,Productos promocionales,0
9121380,REMERA UNIFORME (L),None,NULL,Participaciones publicitarias,Articulos promocionales,Productos promocionales,0
9121381,REMERA UNIFORME (XL),None,NULL,Participaciones publicitarias,Articulos promocionales,Productos promocionales,0
9121382,REMERA UNIFORME (XXL),None,NULL,Participaciones publicitarias,Articulos promocionales,Productos promocionales,0
9121383,BOLSA ECOLOGICA 2021,None,NULL,Participaciones publicitarias,Articulos promocionales,Productos promocionales,0
9121390,ALMANAQUE CALSA 2022 (PAQ 40 UNI),None,NULL,Participaciones publicitarias,Articulos promocionales,Productos promocionales,0
9121391,POLAR UNIFORME (S),None,NULL,Participaciones publicitarias,Articulos promocionales,Productos promocionales,0
9121392,POLAR UNIFORME MUJER (S),None,NULL,Participaciones publicitarias,Articulos promocionales,Productos promocionales,0
9121393,POLAR UNIFORME MUJER (M),None,NULL,Participaciones publicitarias,Articulos promocionales,Productos promocionales,0
9121394,POLAR UNIFORME MUJER (L),None,NULL,Participaciones publicitarias,Articulos promocionales,Productos promocionales,0
9121395,CAMPERA UNIFORMES (S),None,NULL,Participaciones publicitarias,Articulos promocionales,Productos promocionales,0
9121396,CONJUNTO CHAQ.PANTALÓN PREMIUM (L),None,NULL,Participaciones publicitarias,Articulos promocionales,Productos promocionales,0
9121397,CONJUNTO CHAQ.PANTALÓN PREMIUM (XL),None,NULL,Participaciones publicitarias,Articulos promocionales,Productos promocionales,0
9121398,CONJUNTO CHAQ.PANTALÓN PREMIUM (XXL),None,NULL,Participaciones publicitarias,Articulos promocionales,Productos promocionales,0
9121399,CHAQUETA PREMIUM (L),None,NULL,Participaciones publicitarias,Articulos promocionales,Productos promocionales,0
9121400,CHAQUETA PREMIUM (XL),None,NULL,Participaciones publicitarias,Articulos promocionales,Productos promocionales,0
9121401,CHAQUETA PREMIUM (XXL),None,NULL,Participaciones publicitarias,Articulos promocionales,Productos promocionales,0
9121410,CONSERVADORA TELGOPOR 2021-22,None,NULL,Participaciones publicitarias,Articulos promocionales,Productos promocionales,0
9121411,GEL REFRIGERANTE 2021-22,None,NULL,Participaciones publicitarias,Articulos promocionales,Productos promocionales,0
9121422,PDQR - TRÍPTICO PRODUCTO (SEP21),None,NULL,Participaciones publicitarias,Articulos promocionales,Productos promocionales,0
9121437,TRIPTICO MARGARINA 21-22,None,NULL,Participaciones publicitarias,Articulos promocionales,Productos promocionales,0
9121438,Kit 1 Budines Integrales,None,NULL,Participaciones publicitarias,Articulos promocionales,Productos promocionales,0
9121439,Kit 2 Budines Integrales,None,NULL,Participaciones publicitarias,Articulos promocionales,Productos promocionales,0
9121440,Kit 3 Budines Integrales,None,NULL,Participaciones publicitarias,Articulos promocionales,Productos promocionales,0
9121441,TRIPTICO LEMON PROD Y EJEC (PAQ 100),None,NULL,Participaciones publicitarias,Articulos promocionales,Productos promocionales,0
9121442,FLYER LEMON (PAQ 100),None,NULL,Participaciones publicitarias,Articulos promocionales,Productos promocionales,0
9121450,KIT 1 BTS 2022,None,NULL,Participaciones publicitarias,Articulos promocionales,Productos promocionales,0
9121451,KIT 2 BTS 2022,None,NULL,Participaciones publicitarias,Articulos promocionales,Productos promocionales,0
9121470,Sticker PDQR Humita,None,NULL,Participaciones publicitarias,Articulos promocionales,Productos promocionales,0
9121500,AFICHE BROWNIE GENERICO 2021 (PAQ 50 UN),None,NULL,Participaciones publicitarias,Articulos promocionales,Productos promocionales,0
9121501,LP - TRÍPTICO PMX 1 KG (NOV21),None,NULL,Participaciones publicitarias,Articulos promocionales,Productos promocionales,0
9121502,LP - RECETARIO PMX 1 KG (NOV 21),None,NULL,Participaciones publicitarias,Articulos promocionales,Productos promocionales,0
9121510,AFICHE LEVA 250 (PAQ 50 UNI),None,NULL,Participaciones publicitarias,Articulos promocionales,Productos promocionales,0
9121511,MOVIE LEVA 250 (PAQ 50 UNI),None,NULL,Participaciones publicitarias,Articulos promocionales,Productos promocionales,0
9121512,CENEFA LEVA 250 (PAQ 50 UNI),None,NULL,Participaciones publicitarias,Articulos promocionales,Productos promocionales,0
9121514,BOLSA KIT 1 BTS 2022 (CAJA 180 UNI),None,NULL,Participaciones publicitarias,Articulos promocionales,Productos promocionales,0
9121515,BOLSA KIT 2 BTS 2022 (CAJA 120 UNI),None,NULL,Participaciones publicitarias,Articulos promocionales,Productos promocionales,0
9121521,STICKER VIDRIERA MAESTROS 2022 (PAQ 50),None,NULL,Participaciones publicitarias,Articulos promocionales,Productos promocionales,0
9121522,STICKER CAJA MAESTROS 2022 (PAQ 50),None,NULL,Participaciones publicitarias,Articulos promocionales,Productos promocionales,1
9121523,CARTEL HORARIO MAESTROS 2022 (PAQ 50),None,NULL,Participaciones publicitarias,Articulos promocionales,Productos promocionales,0
9121524,CUBREMASAS 2022,None,NULL,Participaciones publicitarias,Articulos promocionales,Productos promocionales,2
9121531,I360-TRÍPTICO BUDINES INTEGRALES (ENE22),None,NULL,Participaciones publicitarias,Articulos promocionales,Productos promocionales,0
9121540,MOVIE LEMON,None,NULL,Participaciones publicitarias,Articulos promocionales,Productos promocionales,0
9121541,LP - RECETARIO PDQR (ENE 22),None,NULL,Participaciones publicitarias,Articulos promocionales,Productos promocionales,0
9121542,BOLSA PAN MULTIGRANO (ENE22),None,NULL,Participaciones publicitarias,Articulos promocionales,Productos promocionales,0
9121543,FLYER BUDINES | CONSUMIDOR (ENE 22),None,NULL,Participaciones publicitarias,Articulos promocionales,Productos promocionales,0
9121548,FLYER PAN MULTIGRANO | CONSUM. (FEB22),None,NULL,Participaciones publicitarias,Articulos promocionales,Productos promocionales,0
9121580,MOVIE OLIMPIA 2022 C/PRECIO (PAQ 100 UN),None,NULL,Participaciones publicitarias,Articulos promocionales,Productos promocionales,0
9121581,Kit Muestra,None,NULL,Participaciones publicitarias,Articulos promocionales,Productos promocionales,0
9121582,KIT 1 DULZURA-AMIGO 2022 (6 UNI),None,NULL,Participaciones publicitarias,Articulos promocionales,Productos promocionales,0
9121583,KIT 2 DULZURA-AMIGO 2022 (6 UNI),None,NULL,Participaciones publicitarias,Articulos promocionales,Productos promocionales,1
9121584,KIT 3 DULZURA-AMIGO 2022 (12 UNI),None,NULL,Participaciones publicitarias,Articulos promocionales,Productos promocionales,0
9121590,CENEFA OLIMPIA 2022 E. LIMITADA (PAQ 100,None,NULL,Participaciones publicitarias,Articulos promocionales,Productos promocionales,0
9121591,BUZO POLAR 2022 HOMBRE TALLE S,None,NULL,Participaciones publicitarias,Articulos promocionales,Productos promocionales,0
9121592,BUZO POLAR 2022 HOMBRE TALLE M,None,NULL,Participaciones publicitarias,Articulos promocionales,Productos promocionales,0
9121593,BUZO POLAR 2022 HOMBRE TALLE L,None,NULL,Participaciones publicitarias,Articulos promocionales,Productos promocionales,0
9121594,BUZO POLAR 2022 HOMBRE TALLE XL,None,NULL,Participaciones publicitarias,Articulos promocionales,Productos promocionales,0
9121595,BUZO POLAR 2022 HOMBRE TALLE 2XL,None,NULL,Participaciones publicitarias,Articulos promocionales,Productos promocionales,0
9121596,BUZO POLAR 2022 HOMBRE TALLE 3XL,None,NULL,Participaciones publicitarias,Articulos promocionales,Productos promocionales,0
9121597,BUZO POLAR 2022 MUJER TALLE S,None,NULL,Participaciones publicitarias,Articulos promocionales,Productos promocionales,0
9121598,BUZO POLAR 2022 MUJER TALLE M,None,NULL,Participaciones publicitarias,Articulos promocionales,Productos promocionales,0
9121599,BUZO POLAR 2022 MUJER TALLE L,None,NULL,Participaciones publicitarias,Articulos promocionales,Productos promocionales,0
9121600,BOWL CON ASA,None,NULL,Participaciones publicitarias,Articulos promocionales,Productos promocionales,8
9121606,CARTAS INCENTIVO FARGO 2022 (PAQ 50 UNI),None,NULL,Participaciones publicitarias,Articulos promocionales,Productos promocionales,0
9121607,DIPTICO INCENTIVO FARGO 2022 (PAQ 50 U),None,NULL,Participaciones publicitarias,Articulos promocionales,Productos promocionales,0
9121608,AFICHE INCENTIVO FARGO 2022,None,NULL,Participaciones publicitarias,Articulos promocionales,Productos promocionales,0
9121610,BUZO POLAR 2022 MUJER TALLE XL,None,NULL,Participaciones publicitarias,Articulos promocionales,Productos promocionales,0
9121611,BUZO POLAR 2022 MUJER TALLE 2XL,None,NULL,Participaciones publicitarias,Articulos promocionales,Productos promocionales,0
9121612,BUZO POLAR 2022 MUJER TALLE 3XL,None,NULL,Participaciones publicitarias,Articulos promocionales,Productos promocionales,0
9121613,KIT 1 FANATICOS 2022 (6 UNI),None,NULL,Participaciones publicitarias,Articulos promocionales,Productos promocionales,0
9121614,KIT 2 FANATICOS 2022 (6 UNI),None,NULL,Participaciones publicitarias,Articulos promocionales,Productos promocionales,9
9121636,FLYER PAN DULCE 3 KG (MAY22),None,NULL,Participaciones publicitarias,Articulos promocionales,Productos promocionales,0
9121637,LP - RECETARIO PAN DULCE 3 KG (MAY22),None,NULL,Participaciones publicitarias,Articulos promocionales,Productos promocionales,0
9121638,PIROTIN PAN DULCE 500 G (MAY22),None,NULL,Participaciones publicitarias,Articulos promocionales,Productos promocionales,0
9121639,KIT 1 MES DE LA MADRE 2022,None,NULL,Participaciones publicitarias,Articulos promocionales,Productos promocionales,0
9121644,Afiche Cubito con Influencer 2022 (x100),None,NULL,Participaciones publicitarias,Articulos promocionales,Productos promocionales,0
9121645,Cenefa Cubito con Influencer 2022(x100),None,NULL,Participaciones publicitarias,Articulos promocionales,Productos promocionales,0
9121646,Movie Cubito con Influencer 2022(x100),None,NULL,Participaciones publicitarias,Articulos promocionales,Productos promocionales,0
9121650,KIT 2 MES DE LA MADRE 2022,None,NULL,Participaciones publicitarias,Articulos promocionales,Productos promocionales,0
9121651,STICKER KIT PAN DULCE 3KG (MAY22),None,NULL,Participaciones publicitarias,Articulos promocionales,Productos promocionales,0
9121652,ALMANAQUE CALSA 2023 (paq 40 uni),None,NULL,Participaciones publicitarias,Articulos promocionales,Productos promocionales,0
9121663,Afiche Previa Pan Dulce 2022,None,NULL,Participaciones publicitarias,Articulos promocionales,Productos promocionales,0
9121665,KIT 1 FE FIESTAS 2022,None,NULL,Participaciones publicitarias,Articulos promocionales,Productos promocionales,0
9121666,KIT 2 FE FIESTAS 2022,None,NULL,Participaciones publicitarias,Articulos promocionales,Productos promocionales,0
9121668,POSTER LEVADURA | FDV (JUL22),None,NULL,Participaciones publicitarias,Articulos promocionales,Productos promocionales,0
9121671,KIT 3 FE FIESTAS 2022,None,NULL,Participaciones publicitarias,Articulos promocionales,Productos promocionales,0
9121680,CAMISETA ARG QATAR 2022 L,None,NULL,Participaciones publicitarias,Articulos promocionales,Productos promocionales,0
9121681,CAMISETA ARG QATAR 2022 XL,None,NULL,Participaciones publicitarias,Articulos promocionales,Productos promocionales,0
9121682,CAMISETA ARG QATAR 2022 XXL,None,NULL,Participaciones publicitarias,Articulos promocionales,Productos promocionales,0
9121690,Exhibidor armable Budines Integrales,None,NULL,Participaciones publicitarias,Articulos promocionales,Productos promocionales,0
9121691,Stopper Cubito con Influencer 2022(x50),None,NULL,Participaciones publicitarias,Articulos promocionales,Productos promocionales,0
9121693,Cenefa Promo Masa madre 2022 (x50u),None,NULL,Participaciones publicitarias,Articulos promocionales,Productos promocionales,0
9121694,Stopper Promo Masa madre 2022 (x50u),None,NULL,Participaciones publicitarias,Articulos promocionales,Productos promocionales,0
9121695,Movie Promo Masa madre 2022 (x50u),None,NULL,Participaciones publicitarias,Articulos promocionales,Productos promocionales,0
9121697,REMERA CALSA (L),None,NULL,Participaciones publicitarias,Articulos promocionales,Productos promocionales,0
9121698,REMERA CALSA (XL),None,NULL,Participaciones publicitarias,Articulos promocionales,Productos promocionales,0
9121706,Bolsa Craft Budin Integral (x100),None,NULL,Participaciones publicitarias,Articulos promocionales,Productos promocionales,0
9121707,Bolsa Craft Pan Multigrano (x100),None,NULL,Participaciones publicitarias,Articulos promocionales,Productos promocionales,0
9121708,Delantal Jean + Ecocuero 2019,None,NULL,Participaciones publicitarias,Articulos promocionales,Productos promocionales,0
9121711,Remera Argentina - F - Talle S,None,NULL,Participaciones publicitarias,Articulos promocionales,Productos promocionales,0
9121712,Remera Argentina - F - Talle M,None,NULL,Participaciones publicitarias,Articulos promocionales,Productos promocionales,0
9121713,Remera Argentina - F - Talle L,None,NULL,Participaciones publicitarias,Articulos promocionales,Productos promocionales,0
9121720,(COD 24) Exhibidor mueble Budines Int,None,NULL,Participaciones publicitarias,Articulos promocionales,Productos promocionales,0
9121722,(COD 6) KIT BTS 2023 (x12 UND),None,NULL,Participaciones publicitarias,Articulos promocionales,Productos promocionales,0
9121723,KIT 2 BTS 2023,None,NULL,Participaciones publicitarias,Articulos promocionales,Productos promocionales,0
9121730,PDQR - Señalador Cebolla (X10unidades),None,NULL,Participaciones publicitarias,Articulos promocionales,Productos promocionales,0
9121731,PDQR - Afiche Cebolla (x10 unidades),None,NULL,Participaciones publicitarias,Articulos promocionales,Productos promocionales,0
9121732,PDQR-Abierto/Cerrado Cebolla (10unidades,None,NULL,Participaciones publicitarias,Articulos promocionales,Productos promocionales,0
9121735,(COD 2) CENEFA CUB AF AMA 2023 (X50),None,NULL,Participaciones publicitarias,Articulos promocionales,Productos promocionales,0
9121737,(COD 2) STOPPER CUB AF AMA 2023 (X50),None,NULL,Participaciones publicitarias,Articulos promocionales,Productos promocionales,0
9121738,(COD 2) MOVIE CUB AF AMA 2023 (X50),None,NULL,Participaciones publicitarias,Articulos promocionales,Productos promocionales,0
9121740,(COD 2) AFICHE DTT CUB ROJO 2023 (X100),None,NULL,Participaciones publicitarias,Articulos promocionales,Productos promocionales,0
9121742,PDQR - Señalador PDQ T (X10unidades),None,NULL,Participaciones publicitarias,Articulos promocionales,Productos promocionales,0
9121743,PDQR - Plotteo Cebolla,None,NULL,Participaciones publicitarias,Articulos promocionales,Productos promocionales,0
9121744,DOSIFICADOR 20gr CALSA MAX,None,NULL,Participaciones publicitarias,Articulos promocionales,Productos promocionales,0
9121745,DOSIFICADOR 20gr CALSA MAX 2022,None,NULL,Participaciones publicitarias,Articulos promocionales,Productos promocionales,0
9121748,CAJA - KIT REGALO LEMONGRASS (DIC22),None,NULL,Participaciones publicitarias,Articulos promocionales,Productos promocionales,0
9121749,STICKER KIT LEMONGRASS (DIC22),None,NULL,Participaciones publicitarias,Articulos promocionales,Productos promocionales,0
9121750,I360 - FLYER PDQ CEB. VERDEO (NOV22),None,NULL,Participaciones publicitarias,Articulos promocionales,Productos promocionales,0
9121751,KIT PDQR CEBOLLA,None,NULL,Participaciones publicitarias,Articulos promocionales,Productos promocionales,0
9121760,CUADERNO I360 (DIC22),None,NULL,Participaciones publicitarias,Articulos promocionales,Productos promocionales,0
9121761,CARPETA I360 (DIC22),None,NULL,Participaciones publicitarias,Articulos promocionales,Productos promocionales,0
9121762,BIROME I360 (DIC22),None,NULL,Participaciones publicitarias,Articulos promocionales,Productos promocionales,0
9121770,LAPICERA I360 (DIC22),None,NULL,Participaciones publicitarias,Articulos promocionales,Productos promocionales,0
9121790,(COD 24) KIT SALUDABLE - LEMON,None,NULL,Participaciones publicitarias,Articulos promocionales,Productos promocionales,0
9121791,KIT LEMONGRASS (ENE23),None,NULL,Participaciones publicitarias,Articulos promocionales,Productos promocionales,0
9121827,Remeras H uniforme 23 - Talle s,None,NULL,Participaciones publicitarias,Articulos promocionales,Productos promocionales,0
9121830,(COD 2) CENEFA DTT CUB ROJO 2023 (X100),None,NULL,Participaciones publicitarias,Articulos promocionales,Productos promocionales,0
9121854,BOWL 3L (FEB23),None,NULL,Participaciones publicitarias,Articulos promocionales,Productos promocionales,0
9121855,BATIDOR DE MANO (FEB23),None,NULL,Participaciones publicitarias,Articulos promocionales,Productos promocionales,0
9121856,BALANZA 3KG (FEB23),None,NULL,Participaciones publicitarias,Articulos promocionales,Productos promocionales,0
9121857,PIROTIN BUDINES INTEGRALES (FEB23),None,NULL,Participaciones publicitarias,Articulos promocionales,Productos promocionales,0
9121858,(COD 13) Remeras 2023 H Talle M,None,NULL,Participaciones publicitarias,Articulos promocionales,Productos promocionales,0
9121870,(COD 13) Remera Talle L H 2023,None,NULL,Participaciones publicitarias,Articulos promocionales,Productos promocionales,0
9121871,(COD 13) Remera mujer talle S 2023 -,None,NULL,Participaciones publicitarias,Articulos promocionales,Productos promocionales,0
9121872,(COD 13) Remera mujer talle M 2023 -,None,NULL,Participaciones publicitarias,Articulos promocionales,Productos promocionales,0
9121873,(COD 13) Remera mujer talle L 2023 -,None,NULL,Participaciones publicitarias,Articulos promocionales,Productos promocionales,0
9121874,(COD 13) Remera mujer talle XL 2023 -,None,NULL,Participaciones publicitarias,Articulos promocionales,Productos promocionales,0
9121875,(COD 13) Remera mujer talle 4XL 2023 -,None,NULL,Participaciones publicitarias,Articulos promocionales,Productos promocionales,0
9121876,(COD 13) Remera hombre talle S 2023 -,None,NULL,Participaciones publicitarias,Articulos promocionales,Productos promocionales,0
9121877,(COD 13) Remera hombre talle M 2023 -,None,NULL,Participaciones publicitarias,Articulos promocionales,Productos promocionales,0
9121879,(COD 13) Remera hombre talle L 2023 -,None,NULL,Participaciones publicitarias,Articulos promocionales,Productos promocionales,0
9121880,(COD 13) Remera hombre talle XL 2023 -,None,NULL,Participaciones publicitarias,Articulos promocionales,Productos promocionales,0
9121881,(COD 13) Remera hombre talle 2XL 2023 -,None,NULL,Participaciones publicitarias,Articulos promocionales,Productos promocionales,0
9121882,(COD 13) Remera hombre talle 3XL 2023 -,None,NULL,Participaciones publicitarias,Articulos promocionales,Productos promocionales,0
9121883,(COD 13) Remera hombre talle 4XL 2023 -,None,NULL,Participaciones publicitarias,Articulos promocionales,Productos promocionales,0
9121884,(COD 6)KIT 1 DULZURA AMIGO 2023 (12 UND),None,NULL,Participaciones publicitarias,Articulos promocionales,Productos promocionales,0
9121885,(COD 6)KIT 2 DULZURA AMIGO 2023 (12 UND),None,NULL,Participaciones publicitarias,Articulos promocionales,Productos promocionales,0
9121900,(COD 16) DELANTAL CALSA 100 AÑOS,None,NULL,Participaciones publicitarias,Articulos promocionales,Productos promocionales,22
9121901,(COD 16) GORRA CALSA 100 AÑOS,None,NULL,Participaciones publicitarias,Articulos promocionales,Productos promocionales,0
9121902,(COD 13) REMERA CALSA 100 AÑOS (S),None,NULL,Participaciones publicitarias,Articulos promocionales,Productos promocionales,0
9121903,(COD 13) REMERA CALSA 100 AÑOS (L),None,NULL,Participaciones publicitarias,Articulos promocionales,Productos promocionales,11
9121905,(COD 13) REMERA CALSA 100 AÑOS (XL),None,NULL,Participaciones publicitarias,Articulos promocionales,Productos promocionales,39
9121906,(COD 16) REMERA CALSA 100 AÑOS (XXL),None,NULL,Participaciones publicitarias,Articulos promocionales,Productos promocionales,8
9121907,(COD 13) REMERA CALSA 100 AÑOS (XXXL),None,NULL,Participaciones publicitarias,Articulos promocionales,Productos promocionales,0
9121908,(COD 16) JARRA MEDIDORA 100 AÑOS,None,NULL,Participaciones publicitarias,Articulos promocionales,Productos promocionales,0
9121909,(COD 16) JARRO TÉRMICO CALSA 100 AÑOS,None,NULL,Participaciones publicitarias,Articulos promocionales,Productos promocionales,1
9121910,(COD 13) REMERA CALSA 100 AÑOS (M),None,NULL,Participaciones publicitarias,Articulos promocionales,Productos promocionales,2
9121920,(COD 2) STOPPER 100 AÑOS CALSA (X50),None,NULL,Participaciones publicitarias,Articulos promocionales,Productos promocionales,0
9121921,(COD 2) AFICHE CALSA 100 AÑOS (x100),None,NULL,Participaciones publicitarias,Articulos promocionales,Productos promocionales,0
9121922,(COD 2) CENEFA CALSA 100 AÑOS (x50),None,NULL,Participaciones publicitarias,Articulos promocionales,Productos promocionales,0
9121930,(COD 6) BOLSA KRAFT GENERICA,None,NULL,Participaciones publicitarias,Articulos promocionales,Productos promocionales,0
9121932,RALLADORA DE QUESO,None,NULL,Participaciones publicitarias,Articulos promocionales,Productos promocionales,0
9121933,(COD 2) MOVIES DTT 100 AÑOS C/P 23 (x50),None,NULL,Participaciones publicitarias,Articulos promocionales,Productos promocionales,0
9121953,(COD 2) MOVIES B2C 100 AÑOS 2023 (x50),None,NULL,Participaciones publicitarias,Articulos promocionales,Productos promocionales,0
9121961,(COD 6) CAJITAS MUFFINS 2023,None,NULL,Participaciones publicitarias,Articulos promocionales,Productos promocionales,0
9121962,(COD 6) KIT MADRES HALLOWEN 2023,None,NULL,Participaciones publicitarias,Articulos promocionales,Productos promocionales,0
9121964,(COD 24) Afiche PDQR - Zapallo,None,NULL,Participaciones publicitarias,Articulos promocionales,Productos promocionales,0
9121965,(COD 24) Señalador PDQR - Zapallo,None,NULL,Participaciones publicitarias,Articulos promocionales,Productos promocionales,0
9121966,(COD 24) Table Tent PDQR - Zapallo,None,NULL,Participaciones publicitarias,Articulos promocionales,Productos promocionales,0
9121975,(COD 24) Kit PDQR - Zapallo,None,NULL,Participaciones publicitarias,Articulos promocionales,Productos promocionales,0
9121980,Afiche Fanáticos 2023 consumidor final,None,NULL,Participaciones publicitarias,Articulos promocionales,Productos promocionales,0
9121981,Table Tend Fanáticos 2023 cons Fin,None,NULL,Participaciones publicitarias,Articulos promocionales,Productos promocionales,0
9121983,(COD 2) CARTEL ABRE/CIERRA DTT 2023 x100,None,NULL,Participaciones publicitarias,Articulos promocionales,Productos promocionales,0
9121988,KIT 1 FANATICOS 2023,None,NULL,Participaciones publicitarias,Articulos promocionales,Productos promocionales,0
9121998,DIPTICO PAN DULCE (2023),None,NULL,Participaciones publicitarias,Articulos promocionales,Productos promocionales,0
9122001,KIT 2 FANATICOS 2023,None,NULL,Participaciones publicitarias,Articulos promocionales,Productos promocionales,0
9122022,ABIERTO/CERRADO 100AÑOS - PANADERIA,None,NULL,Participaciones publicitarias,Articulos promocionales,Productos promocionales,0
9122026,ABIERTO/CERRADO 100AÑOS - DTT 2023,None,NULL,Participaciones publicitarias,Articulos promocionales,Productos promocionales,0
9122028,ABIERTO/CERRADO 100AÑOS - B2C - 2023,None,NULL,Participaciones publicitarias,Articulos promocionales,Productos promocionales,0
9122041,ALMANAQUE 100 AÑOS 2024 (40unidades),None,NULL,Participaciones publicitarias,Articulos promocionales,Productos promocionales,0
9122042,RECETARIO PAN DULCE (2023),None,NULL,Participaciones publicitarias,Articulos promocionales,Productos promocionales,0
9122059,Table tent - Madres 2023,None,NULL,Participaciones publicitarias,Articulos promocionales,Productos promocionales,0
9122062,CINTA SCOTH CALSA,None,NULL,Participaciones publicitarias,Articulos promocionales,Productos promocionales,0
9122064,KIT 1 - FIESTAS 2023,None,NULL,Participaciones publicitarias,Articulos promocionales,Productos promocionales,0
9122070,(COD 6) CAJA PAN DULCE 2023 (paq 25uni),None,NULL,Participaciones publicitarias,Articulos promocionales,Productos promocionales,0
9122072,(COD 6) KIT MADRES 2023 (x6Uni),None,NULL,Participaciones publicitarias,Articulos promocionales,Productos promocionales,1
9122074,BOLSA BUDIN FIESTAS 2023 (x 60u),None,NULL,Participaciones publicitarias,Articulos promocionales,Productos promocionales,0
9122075,MICROPERFORADO - FIESTAS 2023 (30x45cm),None,NULL,Participaciones publicitarias,Articulos promocionales,Productos promocionales,0
9122077,KIT 1 - FIESTAS 2023,None,NULL,Participaciones publicitarias,Articulos promocionales,Productos promocionales,0
9122078,KIT 2 - FIESTAS 2023,None,NULL,Participaciones publicitarias,Articulos promocionales,Productos promocionales,0
9122079,KIT 3 - FIESTAS 2023,None,NULL,Participaciones publicitarias,Articulos promocionales,Productos promocionales,0
9122094,(COD 13) Remera mujer talle XS 2023 -,None,NULL,Participaciones publicitarias,Articulos promocionales,Productos promocionales,0
9122104,(COD 6) MICROPERF-100Años(30x45cm) y QR,None,NULL,Participaciones publicitarias,Articulos promocionales,Productos promocionales,0
9122108,(COD 2) AFICHE MASA MADRE DTT (50UN),None,NULL,Participaciones publicitarias,Articulos promocionales,Productos promocionales,0
9122120,(COD 16) TABLA PIZZERA 100 AÑOS,None,NULL,Participaciones publicitarias,Articulos promocionales,Productos promocionales,0
9122121,(COD 6) Carpita Fiestas 2023,None,NULL,Participaciones publicitarias,Articulos promocionales,Productos promocionales,0
9122123,(COD 6) KIT 1 - FIESTAS 2023 (6uni)1500k,None,NULL,Participaciones publicitarias,Articulos promocionales,Productos promocionales,0
9122124,(COD 6) KIT 2 - FIESTAS 2023(x6Uni)3000k,None,NULL,Participaciones publicitarias,Articulos promocionales,Productos promocionales,0
9122125,(COD 6) KIT 3 - FIESTAS2023(x12uni)2000k,None,NULL,Participaciones publicitarias,Articulos promocionales,Productos promocionales,0
9122164,RECETARIO BUD HUM 2023 - 38X26 ABIERTO,None,NULL,Participaciones publicitarias,Articulos promocionales,Productos promocionales,0
9122174,(COD 2) STICKER CUBITO DTT (paq 100u),None,NULL,Participaciones publicitarias,Articulos promocionales,Productos promocionales,18
9122180,(COD 16) Mochila 100 Años Montagne,None,NULL,Participaciones publicitarias,Articulos promocionales,Productos promocionales,0
9122330,Botella Innova,None,NULL,Participaciones publicitarias,Articulos promocionales,Productos promocionales,0
9122350,Libro Calsa 100 años,None,NULL,Participaciones publicitarias,Articulos promocionales,Productos promocionales,6
9122459,PARLANTE BLUETOOTH 2024,None,NULL,Participaciones publicitarias,Articulos promocionales,Productos promocionales,0
9122505,CHALECO INNOVA NEGRO S,None,NULL,Participaciones publicitarias,Articulos promocionales,Productos promocionales,0
9122506,CHALECO INNOVA NEGRO M,None,NULL,Participaciones publicitarias,Articulos promocionales,Productos promocionales,0
9122507,CHALECO INNOVA NEGRO L,None,NULL,Participaciones publicitarias,Articulos promocionales,Productos promocionales,0
9122508,CHALECO INNOVA NEGRO XL,None,NULL,Participaciones publicitarias,Articulos promocionales,Productos promocionales,0
9122509,CHALECO INNOVA NEGRO XXL,None,NULL,Participaciones publicitarias,Articulos promocionales,Productos promocionales,0
9122510,CHALECO INNOVA NEGRO XXXL,None,NULL,Participaciones publicitarias,Articulos promocionales,Productos promocionales,0
9122528,CHOMBA BLANCA CALSA A (XXL),None,NULL,Participaciones publicitarias,Articulos promocionales,Productos promocionales,0
9122703,(COD 6) KIT 1 AMIGO-COPA AMERICA (X2),None,NULL,Participaciones publicitarias,Articulos promocionales,Productos promocionales,0
9122704,(COD 6) KIT 2 AMIGO-COPA AMERICA (X3),None,NULL,Participaciones publicitarias,Articulos promocionales,Productos promocionales,0
9122705,(COD 6) KIT 3 AMIGO-COPA AMERICA (X12),None,NULL,Participaciones publicitarias,Articulos promocionales,Productos promocionales,0
9122715,CONJUNTO PASIÓN ARTESANAL R/P (L),None,NULL,Participaciones publicitarias,Articulos promocionales,Productos promocionales,54
9122716,CONJUNTO PASIÓN ARTESANAL R/P (XL),None,NULL,Participaciones publicitarias,Articulos promocionales,Productos promocionales,0
9122717,CONJUNTO PASIÓN ARTESANAL R/P (XXL),None,NULL,Participaciones publicitarias,Articulos promocionales,Productos promocionales,0
9122742,BANNER MARCA I360 200x85 2024,None,NULL,Participaciones publicitarias,Articulos promocionales,Productos promocionales,0
9122744,BANNER DISTRI I360 200x85 2024,None,NULL,Participaciones publicitarias,Articulos promocionales,Productos promocionales,0
9122765,(COD-2) CENEFA INSTITUCIONAL B2C X 50,None,NULL,Participaciones publicitarias,Articulos promocionales,Productos promocionales,0
9122804,MATE 100 AÑOS PERSONALIZADO MINIEXPO,None,NULL,Participaciones publicitarias,Articulos promocionales,Productos promocionales,0
9122812,(COD 2)DELANTAL CUBITO CALSA 2024 - DTT,None,NULL,Participaciones publicitarias,Articulos promocionales,Productos promocionales,0
9122868,CUADERNO PUERTAS ABIERTAS 2024,None,NULL,Participaciones publicitarias,Articulos promocionales,Productos promocionales,0
9122870,CUBRECARRO PANADERIA 2024,None,NULL,Participaciones publicitarias,Articulos promocionales,Productos promocionales,13
9122880,CUADERNO PUERTAS ABIERTAS 2024,None,NULL,Participaciones publicitarias,Articulos promocionales,Productos promocionales,0
9122885,Diptico Premezcla Pan Dulce Rosca 24,None,NULL,Participaciones publicitarias,Articulos promocionales,Productos promocionales,0
9122897,(COD 6) PIROTINES FIESTAS 500G. (X40 UN),None,NULL,Participaciones publicitarias,Articulos promocionales,Productos promocionales,40
9122898,(COD 6) PORTA ROSCA 450GR,None,NULL,Participaciones publicitarias,Articulos promocionales,Productos promocionales,0
9122906,(COD 6) KIT 1 FIESTAS 2024,None,NULL,Participaciones publicitarias,Articulos promocionales,Productos promocionales,5
9123033,(COD 6) PIROTINES FIESTAS 250G. (X25 UN),None,NULL,Participaciones publicitarias,Articulos promocionales,Productos promocionales,6
9123107,(COD 6) KIT 2 FIESTAS 2024,None,NULL,Participaciones publicitarias,Articulos promocionales,Productos promocionales,1
9123108,(COD 6) KIT 3 FIESTAS 2024 x (12),None,NULL,Participaciones publicitarias,Articulos promocionales,Productos promocionales,0
9123181,(COD 6) RECETARIO FIESTAS 2024 (X 12),None,NULL,Participaciones publicitarias,Articulos promocionales,Productos promocionales,5
9123276,(COD 24) ETIQUETA PAN SEMILLAS X25,None,NULL,Participaciones publicitarias,Articulos promocionales,Productos promocionales,40
9123277,(COD 24) ETIQUETA PAN CEREALES X25,None,NULL,Participaciones publicitarias,Articulos promocionales,Productos promocionales,39
9123287,LEMON 2025 - DELANTAL CALSA + PDV,None,NULL,Participaciones publicitarias,Articulos promocionales,Productos promocionales,5
9123295,LEMON 2025 - AFICHE PANES (X100),None,NULL,Participaciones publicitarias,Articulos promocionales,Productos promocionales,0
9123296,Panes Innova 360° - Microperforado,None,NULL,Participaciones publicitarias,Articulos promocionales,Productos promocionales,1
9123300,LEMON 2025 - CENEFA PANES X50 UN.,None,NULL,Participaciones publicitarias,Articulos promocionales,Productos promocionales,0
9123307,(COD 24) BOWL ACERO,None,NULL,Participaciones publicitarias,Articulos promocionales,Productos promocionales,33
9123451,(COD-2) AFICHE MINI CUBITO DTT (X100),None,NULL,Participaciones publicitarias,Articulos promocionales,Productos promocionales,0
9123485,LEMON 2025 - STICKER PANES MOSTRADOR,None,NULL,Participaciones publicitarias,Articulos promocionales,Productos promocionales,0
9123486,(COD 16) DELANTAL CAL PASION ARTESANAL,None,NULL,Participaciones publicitarias,Articulos promocionales,Productos promocionales,68
9123487,(COD 16) CHAQUETA CAL - PASION ARTESANAL,None,NULL,Participaciones publicitarias,Articulos promocionales,Productos promocionales,0
9123492,(COD 16) REMERA PASION ARTESANAL (M),None,NULL,Participaciones publicitarias,Articulos promocionales,Productos promocionales,1
9123521,LEMON 2025 - CENEFA CALSA CANASTO X50,None,NULL,Participaciones publicitarias,Articulos promocionales,Productos promocionales,0
9123523,(COD 16) REMERA PASION ARTESANAL (L),None,NULL,Participaciones publicitarias,Articulos promocionales,Productos promocionales,1
9123524,(COD 16) REMERA PASION ARTESANAL (XL),None,NULL,Participaciones publicitarias,Articulos promocionales,Productos promocionales,0
9123525,(COD 16) REMERA PASION ARTESANAL (XXL),None,NULL,Participaciones publicitarias,Articulos promocionales,Productos promocionales,0
9123527,LEMON 2025 - TAG PROD. Y PRECIO SEMILLAS,None,NULL,Participaciones publicitarias,Articulos promocionales,Productos promocionales,0
9123530,DIPTICO PAN CON SEMILLAS Y CEREALES,None,NULL,Participaciones publicitarias,Articulos promocionales,Productos promocionales,43
9123542,CAJAS SAMPLING PANES INNOVA BIENESTAR,None,NULL,Participaciones publicitarias,Articulos promocionales,Productos promocionales,32
9123575,Recetario Panes Saludables I360,None,NULL,Participaciones publicitarias,Articulos promocionales,Productos promocionales,45
9123596,(COD 7) REMERA OFICIAL SELECCIÓN (XL),None,NULL,Participaciones publicitarias,Articulos promocionales,Productos promocionales,0
9123601,(COD 24) LEMON 2026 - CANASTO BUDINES 26,None,NULL,Participaciones publicitarias,Articulos promocionales,Productos promocionales,13
9123602,CENEFA PDQ (X50 UN),None,NULL,Participaciones publicitarias,Articulos promocionales,Productos promocionales,0
9123611,Diptico Pastelera | Lanzamiento 2025,None,NULL,Participaciones publicitarias,Articulos promocionales,Productos promocionales,46
9123614,(COD 7) DELANTAL FANÁTICOS 2025,None,NULL,Participaciones publicitarias,Articulos promocionales,Productos promocionales,70
9123632,BOLSA CONTENEDORA (X100),None,NULL,Participaciones publicitarias,Articulos promocionales,Productos promocionales,0
9123633,(COD 12) Mochila Incentivos 2025,None,NULL,Participaciones publicitarias,Articulos promocionales,Productos promocionales,50
9123641,(COD 12) COLGANTE INCENTIVO 2025,None,NULL,Participaciones publicitarias,Articulos promocionales,Productos promocionales,42
9123643,(COD 12) Botella Incentivos 2025,None,NULL,Participaciones publicitarias,Articulos promocionales,Productos promocionales,50
9123644,(COD 12) Remera Incentivos 2025,None,NULL,Participaciones publicitarias,Articulos promocionales,Productos promocionales,50
9123646,(COD 12) Cajas Incentivos 2025,None,NULL,Participaciones publicitarias,Articulos promocionales,Productos promocionales,0
9123662,(COD 2) AFICHE PROMO CALSA 2025,None,NULL,Participaciones publicitarias,Articulos promocionales,Productos promocionales,0
9123663,Cartel Fresca vs seca,None,NULL,Participaciones publicitarias,Articulos promocionales,Productos promocionales,38
9123676,(COD 12) BANNER INCENTIVO 2025,None,NULL,Participaciones publicitarias,Articulos promocionales,Productos promocionales,42
9123677,(COD 12) DIPTICO INCENTIVO 2025,None,NULL,Participaciones publicitarias,Articulos promocionales,Productos promocionales,42
9123678,(COD 12) STICKER INCENTIVO 2025,None,NULL,Participaciones publicitarias,Articulos promocionales,Productos promocionales,42
9123679,(COD 12) CARPETA VEN INCENTIVO 2025,None,NULL,Participaciones publicitarias,Articulos promocionales,Productos promocionales,42
9123700,(COD 24) BOLSA POLIPROPILENO PANES (X25),None,NULL,Participaciones publicitarias,Articulos promocionales,Productos promocionales,70
9123731,(COD 2) HORNO PIZZERO B2C,None,NULL,Participaciones publicitarias,Articulos promocionales,Productos promocionales,0
9123732,(COD 24) KIT A - PANES 2025 (X12),None,NULL,Participaciones publicitarias,Articulos promocionales,Productos promocionales,28
9123734,(COD 24) KIT B - PANES 2025 (X12),None,NULL,Participaciones publicitarias,Articulos promocionales,Productos promocionales,34
9123735,(COD 24) KIT C - PANES 2025 (X12),None,NULL,Participaciones publicitarias,Articulos promocionales,Productos promocionales,28
9123736,(COD 24) KIT SIN LOGO - PANES 2025,None,NULL,Participaciones publicitarias,Articulos promocionales,Productos promocionales,2
9123784,(COD 2) BANNER SALA FLETEROS B2C,None,NULL,Participaciones publicitarias,Articulos promocionales,Productos promocionales,0
9123798,(COD 24) Table T. Panes Acción VS+CF x10,None,NULL,Participaciones publicitarias,Articulos promocionales,Productos promocionales,29
9123799,(COD 24) Sticker Panes Acción VS+CF(x25),None,NULL,Participaciones publicitarias,Articulos promocionales,Productos promocionales,29
9123800,(COD 2) MOVIES PREFERENCIA FRESCA (X50),None,NULL,Participaciones publicitarias,Articulos promocionales,Productos promocionales,0
9123801,(COD 2) AFICHE PREFERENCIA FRESCA (x50),None,NULL,Participaciones publicitarias,Articulos promocionales,Productos promocionales,17
9123802,(COD 2) CENEFAS PREFERENCIA FRESCA (X50),None,NULL,Participaciones publicitarias,Articulos promocionales,Productos promocionales,0
9123824,(COD 6) AFICHE CALCO - AMIGO 2025,None,NULL,Participaciones publicitarias,Articulos promocionales,Productos promocionales,44
9123825,(COD 24) BOWL PLASTICO,None,NULL,Participaciones publicitarias,Articulos promocionales,Productos promocionales,29
9123860,ABRIDOR PARA PANADERIA - TERMOFORMADO,None,NULL,Participaciones publicitarias,Articulos promocionales,Productos promocionales,0
9123862,(COD 24) ESPÁTULA SILICONA,None,NULL,Participaciones publicitarias,Articulos promocionales,Productos promocionales,71
9123870,(COD 2) AFICHE 2025,None,NULL,Participaciones publicitarias,Articulos promocionales,Productos promocionales,0
9123872,(COD 12) PLAYSTATION 5 INCENTIVO 2025,None,NULL,Participaciones publicitarias,Articulos promocionales,Productos promocionales,0
9123876,(COD 7) REMERA CALSA SELECCIÓN (L),None,NULL,Participaciones publicitarias,Articulos promocionales,Productos promocionales,0
9123877,(COD 7) REMERA CALSA SELECCIÓN (XXL),None,NULL,Participaciones publicitarias,Articulos promocionales,Productos promocionales,0
9123894,(COD 24) ETIQUETA BUDIN AVENA (X25),None,NULL,Participaciones publicitarias,Articulos promocionales,Productos promocionales,0
9123897,(COD 24) PRECIADOR BUDIN AVENA,None,NULL,Participaciones publicitarias,Articulos promocionales,Productos promocionales,0
9123898,(COD 24) MICROPERFORADO BUDINES I360,None,NULL,Participaciones publicitarias,Articulos promocionales,Productos promocionales,0
9123899,(COD 24) AFICHE BUDINES I360,None,NULL,Participaciones publicitarias,Articulos promocionales,Productos promocionales,0
9123906,(COD 24) STICKER BUDINES MOSTRADOR I360,None,NULL,Participaciones publicitarias,Articulos promocionales,Productos promocionales,0
9123909,(COD 24) BOLSA POLIPR. BUDINES I360(X25),None,NULL,Participaciones publicitarias,Articulos promocionales,Productos promocionales,0
9123911,(COD 24) CENEFA BUDINES (EXH. PIE) (X7),None,NULL,Participaciones publicitarias,Articulos promocionales,Productos promocionales,0
9123919,CONJUNTO CALSA: REMERA + PANTALON XL,None,NULL,Participaciones publicitarias,Articulos promocionales,Productos promocionales,58
9123926,(COD 7) KIT DORADO FANÁTICOS 2025 (X6),None,NULL,Participaciones publicitarias,Articulos promocionales,Productos promocionales,39
9123927,(COD 7) KIT PLATEADO FANÁTICOS 2025(X12),None,NULL,Participaciones publicitarias,Articulos promocionales,Productos promocionales,36
9123940,CONJUNTO CALSA: REMERA + PANTALON XXL,None,NULL,Participaciones publicitarias,Articulos promocionales,Productos promocionales,56
9123942,CONJUNTO CALSA: REMERA + PANT XXXL,None,NULL,Participaciones publicitarias,Articulos promocionales,Productos promocionales,3
9123943,CONJUNTO CALSA: REMERA + PANTAL XXXXL,None,NULL,Participaciones publicitarias,Articulos promocionales,Productos promocionales,56
9123947,(COD 6) BOLSA FIESTAS POLIPRO 2025(X50u),None,NULL,Participaciones publicitarias,Articulos promocionales,Productos promocionales,50
9123948,(COD 6) CAJA PD FIESTAS 2025 (X200 UN.),None,NULL,Participaciones publicitarias,Articulos promocionales,Productos promocionales,1
9123982,(COD 2) AFICHE PROMO 50%,None,NULL,Participaciones publicitarias,Articulos promocionales,Productos promocionales,0
9124053,(COD 24) STICKER DÍA DE LA MADRE (x100),None,NULL,Participaciones publicitarias,Articulos promocionales,Productos promocionales,41
9124063,(COD 26) Caja Conj Full Fam EMDPLH 2025,None,NULL,Participaciones publicitarias,Articulos promocionales,Productos promocionales,2
9124067,(COD 26) Caja Conj Full Fam DIRECABA2025,None,NULL,Participaciones publicitarias,Articulos promocionales,Productos promocionales,0
9124086,(COD 26) Caja Conj Full Fam DACAL 2025,None,NULL,Participaciones publicitarias,Articulos promocionales,Productos promocionales,2
9124110,FIESTAS 2025 KIT 1 X6,None,NULL,Participaciones publicitarias,Articulos promocionales,Productos promocionales,53
9124111,FIESTAS 2025 KIT 2 X12,None,NULL,Participaciones publicitarias,Articulos promocionales,Productos promocionales,53
9124113,(COD 6) Faja Pascuas 2026 (x50),None,NULL,Participaciones publicitarias,Articulos promocionales,Productos promocionales,58
9124114,(COD 16) Stickers Genéricos Pan. (X100),None,NULL,Participaciones publicitarias,Articulos promocionales,Productos promocionales,0
9124135,(COD 2) AFICHES NAVIDAD 2025 (X50),None,NULL,Participaciones publicitarias,Articulos promocionales,Productos promocionales,0
9124175,(COD 2) GUIRNALDAS NAVIDAD 2025 (10 U),None,NULL,Participaciones publicitarias,Articulos promocionales,Productos promocionales,0
9124181,(COD 6) Box Surtida Amigo 2026,None,NULL,Participaciones publicitarias,Articulos promocionales,Productos promocionales,0
9124183,(COD 6) Cierra Bolsas Amigo (X40),None,NULL,Participaciones publicitarias,Articulos promocionales,Productos promocionales,0
9124185,(COD 6) Bolsa Craft Amigo (X20),None,NULL,Participaciones publicitarias,Articulos promocionales,Productos promocionales,44
9124191,(COD 2) ADORNOS ARBOL DE NAVIDAD 2025,None,NULL,Participaciones publicitarias,Articulos promocionales,Productos promocionales,0
9124208,(COD 2) CARTEL ABIERTO CERRADO 2025 X25,None,NULL,Participaciones publicitarias,Articulos promocionales,Productos promocionales,0
9124212,(COD 2) CARTEL ABIERTO CERRADO 2025 X25,None,NULL,Participaciones publicitarias,Articulos promocionales,Productos promocionales,0
9124265,(COD 24) TABLE TENT PREMIUM BUD LEMON 26,None,NULL,Participaciones publicitarias,Articulos promocionales,Productos promocionales,0
9124323,(COD 24) CUCHARA MEDIDORA MEJORADORES 26,None,NULL,Participaciones publicitarias,Articulos promocionales,Productos promocionales,40
9124491,(COD 6) KIT 1 Amigo-Mundial,None,NULL,Participaciones publicitarias,Articulos promocionales,Productos promocionales,45
9124492,(COD 6) KIT 2 Amigo-Mundial,None,NULL,Participaciones publicitarias,Articulos promocionales,Productos promocionales,47
9124552,(COD 2) MOVIES PROMO PRE MUNDIAL VF(X50),None,NULL,Participaciones publicitarias,Articulos promocionales,Productos promocionales,0
9124573,(COD 12) INCENTIVO F CX - Kit Bienvenida,None,NULL,Participaciones publicitarias,Articulos promocionales,Productos promocionales,4
9124574,(COD 12) INCENTIVO F CX - Cuaderno Kit B,None,NULL,Participaciones publicitarias,Articulos promocionales,Productos promocionales,0
9124575,(COD 12) INCENTIVO F CX - Birome Kit Bie,None,NULL,Participaciones publicitarias,Articulos promocionales,Productos promocionales,0
9124576,(COD 12) INCENTIVO F CX - Llavero Kit Bi,None,NULL,Participaciones publicitarias,Articulos promocionales,Productos promocionales,0
9124577,(COD 12) INCENTIVO F CX - Remera Kit Bie,None,NULL,Participaciones publicitarias,Articulos promocionales,Productos promocionales,52
9124578,(COD 12) INCENTIVO F CX - Gorra Kit Bien,None,NULL,Participaciones publicitarias,Articulos promocionales,Productos promocionales,0
9124609,Banner Familia Cremas 2026,None,NULL,Participaciones publicitarias,Articulos promocionales,Productos promocionales,42
9124621,ESPATULA CALSA ROJA,None,NULL,Participaciones publicitarias,Articulos promocionales,Productos promocionales,0
9124764,(COD 6) Bolsas PDQ Chicas,None,NULL,Participaciones publicitarias,Articulos promocionales,Productos promocionales,5
9124806,(COD 6) Cajas PD Navidad 2026 (x25),None,NULL,Participaciones publicitarias,Articulos promocionales,Productos promocionales,0
9124807,(COD 6) Fajas PD Navidad 2026 (X50),None,NULL,Participaciones publicitarias,Articulos promocionales,Productos promocionales,0
9124811,(COD 6) Bolsas PD Navidad 2026 (x50),None,NULL,Participaciones publicitarias,Articulos promocionales,Productos promocionales,0
9124821,(COD 2) AFICHE ELEGI FRESCA (X50),None,NULL,Participaciones publicitarias,Articulos promocionales,Productos promocionales,0
9124822,(COD 2) STICKER ELEGI FRESCA (X50).,None,NULL,Participaciones publicitarias,Articulos promocionales,Productos promocionales,0
9124824,(COD 2) MOVIE ELEGI FRESCA (X50).,None,NULL,Participaciones publicitarias,Articulos promocionales,Productos promocionales,0
9124825,(COD 2) CENEFA ELEGI FRESCA (X50).,None,NULL,Participaciones publicitarias,Articulos promocionales,Productos promocionales,0
9124875,MUESTRA PANES BLANDOS 1KG,None,NULL,Participaciones publicitarias,Articulos promocionales,Productos promocionales,39
9124914,(COD 24) Individuales x50 Lemon 2026,None,NULL,Participaciones publicitarias,Articulos promocionales,Productos promocionales,0
9124916,(COD 24) Tag Cierra Bolsa X50 Lemon 2026,None,NULL,Participaciones publicitarias,Articulos promocionales,Productos promocionales,0
10001106,CALSA LEVADURA FLUIDA - PALECON,None,NULL,Levadura,Crema,1.5:1,2
10003106,CALSA LEVADURA FLUIDA - PALLECON KG,None,NULL,Levadura,Crema,1.5:1,0
10003138,CALSA LEVADURA FLUIDA - PALECON CONICO,None,NULL,Levadura,Crema,1.5:1,0
10004005,VIRGEN LEV. LIQUIDA BAG IN BOX 18 KG,CS,NULL,Levadura,Fresca,Prensada,0
10006001,TERRY LEV. FRESCA PAQ 500G,PA1,Paquete,Levadura,Fresca,Prensada,0
10006082,TERRY LEV. FRESCA CJ 20 PAQ 500G,CS,NULL,Levadura,Fresca,Prensada,0
10009011,LEV. FRESCA INDUSTRIAL 20 KG,BAG,NULL,Levadura,Fresca,Prensada,0
11010001,LPI VIRGEN (CELOFAN) -PAQUETE X 500 gr.,PA1,Paquete,Levadura,Fresca,Prensada,0
11010082,L.P.I. VIRGEN (CELOFAN) -CJ 20P.X500G,CS,NULL,Levadura,Fresca,Prensada,0
11012001,VIRGEN LEV. FRESCA PAQ 500G,PA1,Paquete,Levadura,Fresca,Prensada,0
11012002,CALSA LEV. FRESCA PAQ 250G,PA1,Paquete,Levadura,Fresca,Prensada,0
11012006,VIRGEN LEV. FRESCA PAQ 550G,PA1,Paquete,Levadura,Fresca,Prensada,0
11012007,VIRGEN LEV. FRESCA PAQ 600G,PA1,Paquete,Levadura,Fresca,Prensada,0
11012009,VIRGEN LEV. FRESCA PAQ 400G,PA1,Paquete,Levadura,Fresca,Prensada,0
11012082,VIRGEN LEV. FRESCA CJ 20 PAQ 500G,CS,NULL,Levadura,Fresca,Prensada,0
11012083,VIRGEN LEV. FRESCA CJ 20 PAQ 550G,CS,NULL,Levadura,Fresca,Prensada,0
11012084,VIRGEN LEV. FRESCA CJ 20 PAQ 600G,CS,NULL,Levadura,Fresca,Prensada,0
11012085,CALSA LEV. FRESCA CJ 40 PAQ 250G,CS,NULL,Levadura,Fresca,Prensada,0
11012086,VIRGEN LEV. FRESCA CJ 20 PAQ 400G,CS,NULL,Levadura,Fresca,Prensada,0
11013001,LPI VIRGEN PROMO CONEXION - pax 500G.,PA1,Paquete,Levadura,Fresca,Prensada,0
11013082,LPI VIRGEN PROMO CONEXION - CJ 20PX500G.,CS,NULL,Levadura,Fresca,Prensada,0
11014001,PROMO VIRGEN LEV. FRESCA PAQ 500G,PA1,Paquete,Levadura,Fresca,Prensada,0
11014082,PROMO VIRGEN LEV. FRESCA CJ 20 PAQ 500G,CS,NULL,Levadura,Fresca,Prensada,0
11015082,LEV. FRESCA COMERCIO 20*500 GR,CS,NULL,Levadura,Fresca,Prensada,0
11016001,VIRGEN LEV. FRESCA PAQ 500G 100A,PA1,Paquete,Levadura,Fresca,Prensada,23555
11016082,VIRGEN LEV. FRESCA CJ 20 PAQ 500G 100A,CS,NULL,Levadura,Fresca,Prensada,7546
11022001,FERMOLAC LEV. FRESCA PAQ 500G,PA1,Paquete,Levadura,Fresca,Prensada,0
11022082,FERMOLAC LEV. FRESCA CJ 20 PAQ 500G,CS,NULL,Levadura,Fresca,Prensada,0
11025042,CALSA LEVADURA ESCAMAS BOLSA 10 KG,BAG,NULL,Levadura,Escamada,Escamada,0
11025126,CALSA LEVADURA ESCAMAS CAJA 10 KG,CS,NULL,Levadura,Escamada,Escamada,0
11030075,LEV. PRENS.FLIAR. CALSA -DISP/20 PQ.50G,DSP,Display,Levadura,Fresca,Prensada,0
11030083,LEV. PRENS.FAMILIAR CALSA -CJ/10D/5A/4PQ,CS,NULL,Levadura,Fresca,Prensada,0
11030141,LEV.FAMILIAR AGRUP.100G - Cubito x 50grs,PA1,Paquete,Levadura,Fresca,Prensada,0
11030147,LEV.FAMILIAR AGRUP.100G -CJ/10D/10A/2 P,CS,NULL,Levadura,Fresca,Prensada,0
11030182,CALSA LPF CLASICA CJ 4D/10FP/100G,CS,NULL,Levadura,Fresca,Prensada,0
11031141,LP.F AGRUP.100G AMASA FACIL-Cubito x 50g,PA1,Paquete,Levadura,Fresca,Prensada,0
11031182,CALSA LPF AMASA FACIL CJ 4D/10FP/100G,CS,NULL,Levadura,Fresca,Prensada,0
11039181,LEV. FRESCA FLOW PACK 20x50 GR,CS,NULL,Levadura,Fresca,Prensada,0
11040075,LEV. REVTA A PANADERIAS -DISP/20 PQ.50G,DSP,Display,Levadura,Fresca,Prensada,0
11040080,"LEV PR FAMILIAR CALSA""B"" -CJ/10D/20P.50G",CS,NULL,Levadura,Fresca,Prensada,0
11041075,CALSA LPF CLASICA DISPLAY/20FP/50G,DSP,Display,Levadura,Fresca,Prensada,0
11041080,"LEV. PRENS. FAMILIAR ""B"" -CJ/10D/20P.50G",CS,NULL,Levadura,Fresca,Prensada,0
11041141,CALSA LPF CLASICA 50G,PA1,Paquete,Levadura,Fresca,Prensada,0
11041181,CALSA LPF CLASICA CJ 4D/20FP/50G,CS,NULL,Levadura,Fresca,Prensada,0
11041183,CALSA LPF CLASICA CJ 8D/20FP/50G,CS,NULL,Levadura,Fresca,Prensada,0
11041190,CALSA LPF CLASICA CJ 8D/10FP/50G,CS,NULL,Levadura,Fresca,Prensada,0
11042075,"LEV. FAM. ""B""(SENSOR) -DISP/20 PQ X 50GR",DSP,Display,Levadura,Fresca,Prensada,0
11042080,"LEV. FAM. ""B"" (SENSOR) -CJ/10D/20P.50G",CS,NULL,Levadura,Fresca,Prensada,0
11043080,"LEV. FAM. ""B"" (PROM FAR) -CJ/10D/20P.50G",CS,NULL,Levadura,Fresca,Prensada,0
11044075,CALSA LPF AMASA FACIL DISPLAY/20FP/50G,DSP,Display,Levadura,Fresca,Prensada,0
11044141,CALSA LPF AMASA FACIL 50G,PA1,Paquete,Levadura,Fresca,Prensada,0
11044181,CALSA LPF AMASA FACIL CJ 4D/20FP/50G,CS,NULL,Levadura,Fresca,Prensada,1184
11044183,CALSA LPF AMASA FACIL CJ 8D/20FP/50G,CS,NULL,Levadura,Fresca,Prensada,0
11044190,CALSA LPF AMASA FACIL CJ 8D/10FP/50G,CS,NULL,Levadura,Fresca,Prensada,0
11044196,CALSA LPF AMASA FACIL CJ 2D/20FP/50G,CS,NULL,Levadura,Fresca,Prensada,140
11044207,CALSA LPF CLASICA CJ 160FP/50G,CS,NULL,Levadura,Fresca,Prensada,0
11045075,CALSA LPF MASAS DULCES DISPLAY 20x50G,DSP,Display,Levadura,Fresca,Prensada,0
11045141,CALSA LPF MASAS DULCES 50G,PA1,Paquete,Levadura,Fresca,Prensada,0
11045181,CALSA LPF MASAS DULCES CJ 4D/20FP/50G,CS,NULL,Levadura,Fresca,Prensada,0
11046141,CALSA LPF FREEZER 50G,PA1,Paquete,Levadura,Fresca,Prensada,0
11046181,CALSA LPF FREEZER CJ 4D/20FP/50G,CS,NULL,Levadura,Fresca,Prensada,0
11047151,FL. LPF CLASICA 30GR_EXPO,PA1,Paquete,Levadura,Fresca,Prensada,0
11047152,FL. LFP CLASICA DISPLAY/12FP/60GR_EXPO,DSP,Display,Levadura,Fresca,Prensada,0
11047170,FL. LPF CLASICA FP 2X30GR_EXPO,PA1,Paquete,Levadura,Fresca,Prensada,0
11047171,FL. FPL CLASICA CJ 6D/12FP/60G_EXPO,CS,NULL,Levadura,Fresca,Prensada,0
11048151,FLEISCHMANN LPF AMASA FACIL 30G,PA1,Paquete,Levadura,Fresca,Prensada,0
11048152,FLEISCHMANN LPF AMASA FACIL DISPLAY/12FP,DSP,Display,Levadura,Fresca,Prensada,0
11049001,FLEISCHMANN LEV. FRESCA PAQ 500G,PA1,Paquete,Levadura,Fresca,Prensada,0
11049082,FLEISCHMANN LEV. FRESCA CJ 20 PAQ 500G,CS,NULL,Levadura,Fresca,Prensada,0
11050080,LEV. PRENS. FLIAR. TERRY -CJ/10D/20P.50G,CS,NULL,Levadura,Fresca,Prensada,0
11050151,TY. LPF CLASICA 30G_EXPO,PA1,Paquete,Levadura,Fresca,Prensada,0
11050152,TY. LPF CLASICA DISPLAY/12FP/60G_EXPO,DSP,Display,Levadura,Fresca,Prensada,0
11050161,LEV. PRENS. FLIAR. TERRY -CJ 10D X 10PA,CS,NULL,Levadura,Fresca,Prensada,0
11050170,TY. LPF CLASICA FP 2X30GR_EXPO,PA1,Paquete,Levadura,Fresca,Prensada,0
11050171,TY. LPF CLASICA CJ 6D/12/FP/60GR_EXPO,CS,NULL,Levadura,Fresca,Prensada,0
11051075,COLLICO LPF CLASICA DISPLAY /20FP/50G,DSP,Display,Levadura,Fresca,Prensada,0
11051141,COLLICO LPF CLASICA 50G,PA1,Paquete,Levadura,Fresca,Prensada,0
11051181,COLLICO LPF CLASICA CJ4D/20FP/50G,CS,NULL,Levadura,Fresca,Prensada,0
11052001,COLLICO LEV. FRESCA COMERCIO PAQ 500G,PA1,Paquete,Levadura,Fresca,Prensada,0
11052082,COLLICO LEV FRESCA COM CJ PAQ 500G,CS,NULL,Levadura,Fresca,Prensada,0
11053141,CALSA LPF LEVA RAPIDO 50G,PA1,Paquete,Levadura,Fresca,Prensada,0
11053181,CALSA LPF LEVA RAPIDO CJ 4D/20FP/50G,CS,NULL,Levadura,Fresca,Prensada,0
11053190,CALSA LPF LEVA RAPIDO CJ 8D/10FP/50G,CS,NULL,Levadura,Fresca,Prensada,0
11054141,LEV. PRENS. FAMILIAR C/MM 50G,PA1,Paquete,Levadura,Fresca,Prensada,0
11054181,LEV. PRENS. FAMILIAR c/MM -CJ/4D/20P/50,CS,NULL,Levadura,Fresca,Prensada,0
11054190,LEV. PRENS. FAMILIAR c/MM -CJ/8D/10P/50,CS,NULL,Levadura,Fresca,Prensada,1200
11054192,LEV. PRENS. FAMILIAR C/MM -CJ/4D/10P/50,CS,NULL,Levadura,Fresca,Prensada,141
11056075,CALSA LPF CLASICA DISPLAY/20FP/50G 100A,DSP,Display,Levadura,Fresca,Prensada,0
11056141,CALSA LPF CLASICA 50G - 100A,PA1,Paquete,Levadura,Fresca,Prensada,0
11056190,CALSA LPF CLASICA CJ 8D/10FP/50G 100A,CS,NULL,Levadura,Fresca,Prensada,107
11057182,CALSA LPF CLASICA CJ 4D/10FP/100G 100A,CS,NULL,Levadura,Fresca,Prensada,1943
11058181,CALSA LPF CLASICA CJ 4D/20FP/50G 100 A,CS,NULL,Levadura,Fresca,Prensada,4337
11058183,CALSA LPF CLASICA CJ 8D/20FP/50G 100A,CS,NULL,Levadura,Fresca,Prensada,0
11060001,DUQUESA LEV. FRESCA PAQ 500G,PA1,Paquete,Levadura,Fresca,Prensada,0
11060002,DUQUESA LEV. FRESCA PAQ 250G,PA1,Paquete,Levadura,Fresca,Prensada,0
11060082,DUQUESA LEV. FRESCA CJ 20 PAQ 500G,CS,NULL,Levadura,Fresca,Prensada,0
11060085,DUQUESA LEV. FRESCA CJ 40 PAQ 250G,CS,NULL,Levadura,Fresca,Prensada,0
11061001,L.P.I. DUQUESA ROJA -PAQUETE X 500 gr.,PA1,Paquete,Levadura,Fresca,Prensada,0
11061082,L.P.I. DUQUESA ROJA -CAJA 20PAQ X 500 gr,CS,NULL,Levadura,Fresca,Prensada,0
11062001,LPI DUQUESA PROMO CONEXION -PQ 500 G.,PA1,Paquete,Levadura,Fresca,Prensada,0
11062082,LPI DUQUESA PROMO CONEXION CJ 20PX500G,CS,NULL,Levadura,Fresca,Prensada,0
11063001,FLEISCHMANN LEV. FRESCA PAQ 500G,PA1,Paquete,Levadura,Fresca,Prensada,0
11063082,FLEISCHMANN LEV. FRESCA CJ 20 PAQ 500G,CS,NULL,Levadura,Fresca,Prensada,0
11064001,FLEISCHMANN LEV. FRESCA 500G BR,PA1,Paquete,Levadura,Fresca,Prensada,0
11064082,FLEISCHMANN LEV. FRESCA 20 PAQ 500G BR,CS,NULL,Levadura,Fresca,Prensada,0
11065001,MAURIPAN LEV. FRESCA 500G BR,PA1,Paquete,Levadura,Fresca,Prensada,0
11065082,MAURIPAN LEV. FRESCA CJ 20 PAQ 500G,CS,NULL,Levadura,Fresca,Prensada,0
11066001,DUQUESA LEV. FRESCA PAQ 500G - 100A,PA1,Paquete,Levadura,Fresca,Prensada,0
11066082,DUQUESA LEV. FRESCA CJ 20 PAQ 500G 100A,CS,NULL,Levadura,Fresca,Prensada,619
11067075,LPF CLASICA DISPLAY/20FP/50G 100A AUTO,DSP,Display,Levadura,Fresca,Prensada,0
11067182,LPF CLASICA DISPLAY/20FP/100G 100A AUTO,CS,NULL,Levadura,Fresca,Prensada,0
11067190,LPF CLASICA DISPLAY/10FP/100G 100A AUTO,CS,NULL,Levadura,Fresca,Prensada,0
11068075,LPF AMASA FACIL DISPLAY/20FP/50G AUTO,DSP,Display,Levadura,Fresca,Prensada,0
11069190,LPF MASA MADRE DISPLAY 10FP/50G AUTO,CS,NULL,Levadura,Fresca,Prensada,0
11081001,LEUDEX LEV. FRESCA PAQ 500G,PA1,Paquete,Levadura,Fresca,Prensada,889
11081082,LEUDEX LEV. FRESCA CJ 20 PAQ 500G,CS,NULL,Levadura,Fresca,Prensada,4087
11081084,LEUDEX LEV. FRESCA CJ 20 PAQ 600G,CS,NULL,Levadura,Fresca,Prensada,0
11082001,LPI LEUDEX PROMO CONEXION -PQ X 500 gr,PA1,Paquete,Levadura,Fresca,Prensada,0
11082082,LPI LEUDEX PROMO CONEXION -CJ 20P.X500G,CS,NULL,Levadura,Fresca,Prensada,0
11085001,VIRGEN LEV. FRESCA MECANIZADO PAQ 500G,PA1,Paquete,Levadura,Fresca,Prensada,0
11085082,VIRGEN LEV. FRESCA MECAN. CJ 20 PAQ 500G,CS,NULL,Levadura,Fresca,Prensada,124
11086001,L.P.I. VIRGEN MDQ NVO PACK -PAQUETE X 50,PA1,Paquete,Levadura,Fresca,Prensada,0
11086082,L.P.I. VIRGEN MDQ NVO PACK -CJ 20P.X500G,CS,NULL,Levadura,Fresca,Prensada,0
11090001,LEV. PRENS.MAURI-ORO -PQ 500 G,PA1,Paquete,Levadura,Fresca,Prensada,0
11090082,LEV. PRENS. MAURI-ORO -CAJA 20PAQ X 500g,CS,NULL,Levadura,Fresca,Prensada,0
11092001,LEV. PRENS.MAURI-PRO -PQ 500 G,PA1,Paquete,Levadura,Fresca,Prensada,0
11092082,LEV. PRENS. MAURI-PRO -CAJA 20P.X 500gr,CS,NULL,Levadura,Fresca,Prensada,0
11101080,LEV PRENS FAM LEVABIEN -CJ/10D/20P.50G,CS,NULL,Levadura,Fresca,Prensada,0
11103001,LEVABIEN LEV. FRESCA PAQ 500G,PA1,Paquete,Levadura,Fresca,Prensada,0
11103082,LEVABIEN LEV. FRESCA CJ 20 PAQ 500G,CS,NULL,Levadura,Fresca,Prensada,0
11105181,CALSA LPF CLASICA PROMO CJ 4D/20FP/50G,CS,NULL,Levadura,Fresca,Prensada,0
11105183,CALSA LPF CLASICA PROMO CJ 8D/20FP/50G,CS,NULL,Levadura,Fresca,Prensada,0
11106182,CALSA LPF CLASICA PROMO CJ 4D/10FP/100G,CS,NULL,Levadura,Fresca,Prensada,0
11107181,CALSA LPF AMASA F. PROMO CJ 4D/20FP/50G,CS,NULL,Levadura,Fresca,Prensada,0
11108181,L.P.F CLASICA PROMO 100A-CJ4D/20FP/50G,CS,NULL,Levadura,Fresca,Prensada,0
11108182,L.P.F CLASICA PROMO 100A-CJ4D10A2P,CS,NULL,Levadura,Fresca,Prensada,0
11108183,L.P.F CLASICA PROMO 100A-CJ8D/20FP/50G,CS,NULL,Levadura,Fresca,Prensada,0
11108190,L.P.F CLASICA PROMO 100A-CJ8D/10FP/50G,CS,NULL,Levadura,Fresca,Prensada,0
11109181,L.P.F AMASA FACIL PROMO 100A-CJ4D/20FP/5,CS,NULL,Levadura,Fresca,Prensada,0
11110190,L.P.F MASA MADRE PROMO 100A-CJ8D/10FP/50,CS,NULL,Levadura,Fresca,Prensada,0
11308084,LEUDEX LEV. FRESCA CJ 20 PAQ 600G,CS,NULL,Levadura,Fresca,Prensada,0
12010045,"LEV. SECA ""VIRGEN"" -BLS 40 KG",BAG,NULL,Levadura,Seca,HADY,0
12010047,"LEV. SECA ""VIRGEN"" -BLS 50 KG",BAG,NULL,Levadura,Seca,HADY,0
12010084,"LEV. SECA ""VIRGEN"" -CJ 100B.X250G",CS,NULL,Levadura,Seca,HADY,0
12013078,LEV.SECA PIZZA Y PAN CAS. -CJ 12D/25S/20,CS,NULL,Levadura,Seca,HADY,0
13010035,VIRGEN LEV. ALIM. NATURAL BOLSA 25KG,BAG,NULL,Levadura,Alimenticia,Alimenticia,72
13010042,VIRGEN LEV. ALIM. NAT BOL 10 KG,BAG,NULL,Levadura,Alimenticia,Alimenticia,0
13010045,"LEV. DE CERVEZA ""VIRGEN"" -BOLSA X 40 KG",BAG,NULL,Levadura,Alimenticia,Alimenticia,0
13010071,NUTRILEVA LEV. ALIM. NAT. ESTUCHE 200G,ES1,Estuche,Levadura,Alimenticia,Alimenticia,0
13010072,NUTRILEVA LEV. ALIM. NAT. ESTUCHE 500G,ES1,Estuche,Levadura,Alimenticia,Alimenticia,0
13010088,"LEV. DE CERVEZA ""VIRGEN"" -CJ 30E.X500G",CS,NULL,Levadura,Alimenticia,Alimenticia,0
13010089,"LEV. DE CERVEZA ""VIRGEN"" -CJ 96E.X200G",CS,NULL,Levadura,Alimenticia,Alimenticia,0
13010092,NUTRILEVA LEV. ALIM. NAT. CJ 100E/BOL200,CS,NULL,Levadura,Alimenticia,Alimenticia,61
13010103,"LEV. DE CERVEZA ""VIRGEN"" -CJ X 42 E X 5",CS,NULL,Levadura,Alimenticia,Alimenticia,0
13010105,NUTRILEVA LEV. ALIM. NAT. CJ 36E/BOL500G,CS,NULL,Levadura,Alimenticia,Alimenticia,63
13010111,"LEV. DE CERVEZA ""VIRGEN"" - Muestra 15 gr",PA1,Paquete,Levadura,Alimenticia,Alimenticia,0
13010117,VIRGEN LEV. ALIM. NATURAL SOBRE 20G (MG),CS,NULL,Levadura,Alimenticia,Alimenticia,0
13010142,LEV. DE CERVEZA VIRGEN -PACK X 24 P. X,PA1,Paquete,Levadura,Alimenticia,Alimenticia,0
13010510,"LEV. DE CERVEZA ""VIRGEN"" - Muestra 20 gr",EA,NULL,Levadura,Alimenticia,Alimenticia,0
13011035,LEV ALIMENTICIA QUESO X 25 KG,BAG,NULL,Levadura,Alimenticia,Alimenticia,0
13011071,NUTRILEVA LEV. ALIM. QUESO ESTUCHE 200G,ES1,Estuche,Levadura,Alimenticia,Alimenticia,0
13011089,LEV.CERV.SABOR QUESO -CJ 96E.X200G,CS,NULL,Levadura,Alimenticia,Alimenticia,0
13011092,NUTRILEVA LEV ALIM. QUESO CJ 100E/BOL200,CS,NULL,Levadura,Alimenticia,Alimenticia,58
13011117,VIRGEN LEV. ALIM. QUESO SOBRE 20G (MG),CS,NULL,Levadura,Alimenticia,Alimenticia,0
13012071,NUTRILEVA LEV ALIM. MANZANA ESTUCHE 200G,ES1,Estuche,Levadura,Alimenticia,Alimenticia,0
13012089,LEV.CERV.SABOR MANZANA -CJ 96E.X200G,CS,NULL,Levadura,Alimenticia,Alimenticia,0
13012092,NUTRILEVA LEV ALIM. MANZ. CJ 100E/BOL200,CS,NULL,Levadura,Alimenticia,Alimenticia,27
13015045,"LEV.ALIMENTICIA ""PET"" -BOLSA 40 KG",BAG,NULL,Levadura,Alimenticia,Alimenticia,0
13016176,LEV. ALIMENTICIA BIOPREM -CJ 50 EST.X 1,CS,NULL,Levadura,Alimenticia,Alimenticia,0
13017097,LEV.PROBIOTICA -CAJA X 10 KG,CS,NULL,Levadura,Alimenticia,Alimenticia,0
13020042,VIRGEN LEV. ALIM. NATURAL BOLSA 10KG,BAG,NULL,Levadura,Alimenticia,Alimenticia,0
14010043,CALSA EXTRACTO LEV. POLVO S/SAL BOL 20KG,BAG,NULL,Levadura,Extractos,Extractos,0
14010058,CALSA EXTRACTO LEV. POLVO S/SAL LAT 25KG,LA1,Lata,Levadura,Extractos,Extractos,0
14011008,CALSA EXT. LEV. EN PASTA SIN SAL x 25 KG,BAL,Balde,Levadura,Extractos,Extractos,0
14015043,CALSA EXTRACTO LEV. POLVO C/SAL BOL 20KG,BAG,NULL,Levadura,Extractos,Extractos,0
14015058,EXTRACTO DE LEV. CON SAL -LTA 25 KG,LA1,Lata,Levadura,Extractos,Extractos,0
14015110,EXT. DE LEV. CON SAL -TAMBOR X 235 KG,DR,NULL,Levadura,Extractos,Extractos,0
14016058,EXTR. LEV. LIQUIDO CON SAL -LATA X 25 KG,LA1,Lata,Levadura,Extractos,Extractos,0
14016118,CALSA EXTRACTO LEV. LIQ CON SAL 1200KG,DR,NULL,Levadura,Extractos,Extractos,0
15010001,"LEV. INSTANTANEA ""MAURI"" -PQ 500 G",PA1,Paquete,Levadura,Seca,HADY,0
15010082,"LEV. INSTANTANEA ""MAURI"" -CJ 20P.X500G",CS,NULL,Levadura,Seca,HADY,0
15011001,LEV INST MAURI P/MASAS DUL -PQ 500 G,PA1,Paquete,Levadura,Seca,HADY,0
15011082,LEV.INST MAURI P/MASAS DUL -CJ 20P.X500G,CS,NULL,Levadura,Seca,HADY,0
15012001,LEV INST MAURIPAN BRAS. -PAQUETE X 500gr,PA1,Paquete,Levadura,Seca,HADY,0
15012026,LEV. INST MI PAN -CJ X 48 ESTUC,CS,NULL,Levadura,Seca,HADY,0
15012082,LEV INST MAURIPAN BRAS. -CJ 20PX500G,CS,NULL,Levadura,Seca,HADY,0
15012104,LEV. INST MI PAN -EST X 40 GR,ES1,Estuche,Levadura,Seca,HADY,0
15013001,LEV INST MAURI P/M.DUL(BRAS -PQ 500 G,PA1,Paquete,Levadura,Seca,HADY,0
15013082,LEV INST MAURI P/M.DUL(BRAS -CJ 20PX500G,CS,NULL,Levadura,Seca,HADY,0
15014015,LEV INSTANTANEA Y-904 -CJ 1P.X10KG,CS,NULL,Levadura,Seca,HADY,0
15014082,LEV INSTANTANEA Y-904 -CJ 20P.X500G,CS,NULL,Levadura,Seca,HADY,0
15015082,LEV.INST MAURI P/M DUL(TUC) -CJ 20PX500G,CS,NULL,Levadura,Seca,HADY,0
15016082,"LEV. INST. ""MAURI"" (TUC) -CJ 20P.X500G",CS,NULL,Levadura,Seca,HADY,0
15017001,MAURIPAN LEV. SECA MS PAQ 500G,PA1,Paquete,Levadura,Seca,HADY,740
15017042,MAURIPAN LEV. SECA MS PAQ 500G,BAG,NULL,Levadura,Seca,HADY,40
15017081,"LEV. INSTANTANEA ""MAURI"" -CJ 20P.X500G",CS,NULL,Levadura,Seca,HADY,0
15017082,MAURIPAN LEV. SECA MS CJ 20 PAQ 500G,CS,NULL,Levadura,Seca,HADY,2302
15017097,"LEV. INSTANTANEA ""MAURI"" -CJ 20P.X500G",CS,NULL,Levadura,Seca,HADY,31
15017188,MAURIPAN LEV. SECA MS CJ 20 PAQ 450G,CS,NULL,Levadura,Seca,HADY,0
15018001,MAURIPAN LEV. SECA MD PAQ 500G,PA1,Paquete,Levadura,Seca,HADY,290
15018081,LEV.INST MAURI P/MASAS DUL -CJ 20P.X500G,CS,NULL,Levadura,Seca,HADY,0
15018082,MAURIPAN LEV. SECA MD CJ 20 PAQ 500G,CS,NULL,Levadura,Seca,HADY,1246
15018188,MAURIPAN LEV. SECA MD CJ 20 PAQ 450G,CS,NULL,Levadura,Seca,HADY,0
15019082,MAURIPAN LEV. SECA MD PAQ 500G (SAYGA),CS,NULL,Levadura,Seca,HADY,0
15019097,"LEV. INSTANTANEA ""MAURI"" -CJ 20P.X500G",CS,NULL,Levadura,Seca,HADY,0
15022082,MAURI LEV. SECA MD BR CJ 20 PAQ 500G,CS,NULL,Levadura,Seca,HADY,0
15023082,(EX) LEV. INSTAN MAURIPAN -CJ 20P.X500G,CS,NULL,Levadura,Seca,HADY,0
15024484,Inst. Mauri Masa Salada x700Kg (Brasil),BLS,Bolson,Levadura,Seca,HADY,0
15025484,Inst. Mauri Masa Dolce x700Kg (Brasil),BLS,Bolson,Levadura,Seca,HADY,0
15026082,FLEISCH. LEV. SECA MD BR CJ 20 PAQ 500G,CS,NULL,Levadura,Seca,HADY,0
15027001,COLLICO LEV. SECA MS PAQ 500G,PA1,Paquete,Levadura,Seca,HADY,0
15027082,COLLICO LEV. SECA MS CJ 20 PAQ 500G,CS,NULL,Levadura,Seca,HADY,0
15028001,COLLICO LEV. SECA MD PAQ 500G,PA1,Paquete,Levadura,Seca,HADY,0
15028082,MAURIPAN LEV. SECA MS CJ 20 PAQ 500G,CS,NULL,Levadura,Seca,HADY,0
15029001,COLLICO LEV. FRESCA PAQ 500G,PA1,Paquete,Levadura,Fresca,Prensada,0
15029082,COLLICO LEV. FRESCA CJ 20 PAQ 500G,CS,NULL,Levadura,Fresca,Prensada,0
15030042,FL. LSF INSTAN. CEPA DULCE BOL. 10_EXPO,CS,NULL,Levadura,Seca,HADY,0
15030107,FL. LSF INSTANTANEA SOBRE X 10G_EXPO,SOB,Sobre,Levadura,Seca,HADY,0
15030172,FL. LSF INSTANTANEA DISP. /20S/10G_EXPO,DSP,Display,Levadura,Seca,HADY,0
15030175,FL. LSF INSTANTANEA CJ 8D/20S/10G_EXPO,CS,NULL,Levadura,Seca,HADY,0
15031107,TY. LSF INSTANTANEA SOBRE X 10G_EXPO,SOB,Sobre,Levadura,Seca,HADY,0
15031173,TY. LSF INSTANTANEA DISP. /12S/10G_EXPO,DSP,Display,Levadura,Seca,HADY,0
15031178,TY. LSF INSTANTANEA CJ 12D/12S/10G_EXPO,CS,NULL,Levadura,Seca,HADY,0
15112026,MI PAN LSF INSTANTANEA CJ 48E/4S/10G,CS,NULL,Levadura,Seca,HADY,0
15112042,LEV. INST MI PAN -BOLSA X 10 KG.,CS,NULL,Levadura,Seca,HADY,0
15112104,MI PAN LSF INSTANTANEA ESTUCHE 40G,ES1,Estuche,Levadura,Seca,HADY,0
15112107,MI PAN LSF INSTANTANEA SOBRE 10G,SOB,Sobre,Levadura,Seca,HADY,0
15112111,LEV. INST MI PAN -CJ X 48 ESTUC,PA1,Paquete,Levadura,Seca,HADY,0
15112184,MI PAN LSF INSTANTANEA CJ 4D/50S/10G,CS,NULL,Levadura,Seca,HADY,1729
15112186,MI PAN LSF INSTANTANEA CJ 15D/20S/10G,CS,NULL,Levadura,Seca,HADY,0
15112189,MI PAN LSF INSTANTANEA DISPLAY /50S/10G,DSP,Display,Levadura,Seca,HADY,0
15117001,MAURIPAN LEV. SECA MS PAQ 500G,None,NULL,Levadura,Seca,HADY,0
15117082,MAURIPAN LEV. SECA MS CJ 20 PAQ 500G,None,NULL,Levadura,Seca,HADY,0
15118001,MAURIPAN LEV. SECA MD PAQ 500G,PAL,Palet,Levadura,Seca,HADY,0
15118082,MAURIPAN LEV. SECA MD CJ 20 PAQ 500G,CS,NULL,Levadura,Seca,HADY,0
16002163,"EXTRACTO DE LEV OHLY CHET -CJ 8 PIL.X2,5",CS,NULL,Levadura,Extractos,Extractos,0
16003099,EXTRACTO DE LEV OHLY WET -CJ DE 25 KG,CS,NULL,Levadura,Extractos,Extractos,0
16003163,"EXTRACTO DE LEV OHLY WET -CJ 8 PIL.X2,5",CS,NULL,Levadura,Extractos,Extractos,0
16008099,EXTRACTO OHLY MXT -CJ DE 25 KG,CS,NULL,Levadura,Extractos,Extractos,0
16008163,"EXTRACTO OHLY MXT -CJ 8 PIL.X2,5",CS,NULL,Levadura,Extractos,Extractos,0
16013099,EXTRACTO OHLY KAT -CJ DE 25 KG,CS,NULL,Levadura,Extractos,Extractos,0
16013163,"EXTRACTO OHLY KAT -CAJA 8 PIL X 2,5 KG",CS,NULL,Levadura,Extractos,Extractos,0
16017001,FLEISCH. LEV. SECA MS PAQ 500G,CS,NULL,Levadura,Seca,HADY,0
16017002,FLEISCH. LEV. SECA MS MEX PAQ 450G,PA1,Paquete,Levadura,Seca,HADY,0
16017026,"LEV. INSTANTANEA ""MAURI"" -CJ 20P.X500G",CS,NULL,Levadura,Seca,HADY,0
16017082,FLEISCH. LEV. SECA MS CJ 20 PAQ 500G,CS,NULL,Levadura,Seca,HADY,0
16017087,"LEV. INSTANTANEA ""MAURI"" -CJ 20P.X500G",CS,NULL,Levadura,Seca,HADY,0
16017097,"LEV. INSTANTANEA ""MAURI"" -CJ 20P.X500G",CS,NULL,Levadura,Seca,HADY,0
16017187,FLEISCH. LEV. SECA MS CJ 3D 12PAQ 125G,CS,NULL,Levadura,Seca,HADY,0
16017188,FLEISCH. LEV. SECA MS MEX CJ 20 PAQ 450G,CS,NULL,Levadura,Seca,HADY,0
16018001,FLEISCH. LEV. SECA MD PAQ 500G,CS,NULL,Levadura,Seca,HADY,0
16018082,FLEISCH. LEV. SECA MD CJ 20 PAQ 500G,CS,NULL,Levadura,Seca,HADY,0
16018087,"LEV. INSTANTANEA ""MAURI"" -CJ 20P.X500G",CS,NULL,Levadura,Seca,HADY,0
16018097,FLEISCH. LEV. SECA MD CJ 10 KG,CS,NULL,Levadura,Seca,HADY,0
16018188,FLEISCH. LEV. SECA MD MEX CJ 20 PAQ 450G,CS,NULL,Levadura,Seca,HADY,0
16019119,"FLEISCHMANN INST DRY YEAST 2157 x 11,3KG",CS,NULL,Levadura,Seca,HADY,0
16020119,"FLEISCHMANN INST DRY YEAST 2174 x 11,3KG",CS,NULL,Levadura,Seca,HADY,0
16021001,FLEISCH. LEV. SECA MD NVO PACK PAQ 500G,CS,NULL,Levadura,Seca,HADY,0
16021082,FLEISCH. LEV. SECA MD NVO PACK CJ 20X500,CS,NULL,Levadura,Seca,HADY,0
16022097,VISTALEVA LEV SECA CONS ANIMAL CJ10 KG,CS,NULL,Levadura,Seca,HADY,0
16025167,"EXTRACTO BIOZYEST 105 -BOLSA X 22,7 KG",BAG,NULL,Levadura,Extractos,Extractos,0
16112184,LEV. INST MI PAN -CJ X 48 ESTUC,CS,NULL,Levadura,Seca,HADY,0
16112185,LEV. INS FLEISCHMANN-CJ 800 sob. x 10 gr,CS,NULL,Levadura,Seca,HADY,0
16517001,FLEISCH. MAURI LEV. SECA MS PAQ 500G,CS,NULL,Levadura,Seca,HADY,0
16517082,FLEISCH MAURI LEV. SECA MS CJ 20 PAQ 500,CS,NULL,Levadura,Seca,HADY,0
16518001,FLEISCH. MAURI LEV. SECA MD PAQ 500G,CS,NULL,Levadura,Seca,HADY,0
16518082,FLEISCH MAURI LEV. SECA MD CJ 20 PAQ 500,CS,NULL,Levadura,Seca,HADY,0
17017042,LEV. INSTANTANEA P/MASA SALADA-BOLx 20KG,BAG,NULL,Levadura,Seca,HADY,0
17019042,LEV. INSTANTANEA P/MASA SALADA-BOLx 20KG,BAG,NULL,Levadura,Seca,HADY,0
19015026,LEV. INST MI PAN -CJ X 48 ESTUC,CS,NULL,Levadura,Seca,HADY,0
19911097,MAURIVIT - PAQUETE x 250gr,CS,NULL,Levadura,Seca,HADY,0
19912097,MAURIVIT - PAQUETE x 250gr,CS,NULL,Levadura,Seca,HADY,0
20000144,HARINA DE MALTA GENZ -CAJA 2 BLS X 10 KG,CS,NULL,BI,Extractos y harinas de malta,Harinas,0
21000067,EXTRACTO MALTA PREMIADA -BLD 12 KG,BAL,Balde,BI,Extractos y harinas de malta,Extractos.,0
21010035,LP HAR. DE MALTA MALTARINA BOL. X25KG,BAG,NULL,BI,Extractos y harinas de malta,Harinas,0
21010042,LP HAR. DE MALTA MALTARINA BOL X10 KG,BAG,NULL,BI,Extractos y harinas de malta,Harinas,1070
21010144,LP HAR. DE MALTA MALTARINA CJ2X10 KG,CS,NULL,BI,Extractos y harinas de malta,Harinas,1281
22011065,EXT DE MALTA NATURAL -TMB POLIET.,DR,NULL,BI,Extractos y harinas de malta,Extractos.,0
22011112,LP EXT. DE MALTA NATURAL BALDE X28 KG,BAL,Balde,BI,Extractos y harinas de malta,Extractos.,0
22011114,EXT DE MALTA NATURAL -TMB METAL. 2,DR,NULL,BI,Extractos y harinas de malta,Extractos.,0
22013044,EXT DE MALTA NAT. EN POLVO -BOLSA X 30KG,BAG,NULL,BI,Extractos y harinas de malta,Extractos.,0
22014032,TY HAR. DE MALTA ENZIMALTE BOL.3 KG_EXPO,BAG,NULL,BI,Extractos y harinas de malta,Harinas,0
22014145,TY HAR. DE MALTA ENZIMALTE CJ6X3 KG_EXPO,CS,NULL,BI,Extractos y harinas de malta,Harinas,0
22015065,LP EXT. DE MALTA DIASTASICO BALDE X170 K,DR,NULL,BI,Extractos y harinas de malta,Extractos.,0
22015066,LP MEJ DIASTASICO BALDE X5KG,BAL,Balde,BI,Extractos y harinas de malta,Extractos.,1433
22015067,EXT DE MALTA DIAST 70-80 -BALDE X 12 KG,BAL,Balde,BI,Extractos y harinas de malta,Extractos.,0
22015112,LP MEJ DIASTASICO BALDE X28KG,BAL,Balde,BI,Extractos y harinas de malta,Extractos.,1180
22015114,EXT DE MALTA DIAST 70-80 -TMB MET 260KG,DR,NULL,BI,Extractos y harinas de malta,Extractos.,0
22016065,LP EXT. DE MALTA B. VISC. BALDE X170 KG,DR,NULL,BI,Extractos y harinas de malta,Extractos.,0
22018065,EXT MALTA N3070 B.V. -TMB POL 170KG,DR,NULL,BI,Extractos y harinas de malta,Extractos.,0
22018066,LP MEJ NO DIASTASICO BALDE X5KG,BAL,Balde,BI,Extractos y harinas de malta,Extractos.,0
22018112,LP EXT. DE MALTA B. VISC. BALDE X28 KG,BAL,Balde,BI,Extractos y harinas de malta,Extractos.,0
22018114,LP EXT. DE MALTA B. VISC. TAMBOR x260KG,DR,NULL,BI,Extractos y harinas de malta,Extractos.,33
22019114,EXT MALTA N3070 B.V. BRAS -TMB MET 260KG,DR,NULL,BI,Extractos y harinas de malta,Extractos.,0
22020512,FL EXT. DE MALTA DIAMALTA POTE X5KG_EXPO,BAL,Balde,BI,Extractos y harinas de malta,Extractos.,0
22021512,FL. Mezcla EXT. DE MAL y JM 30/70 PT5KG,BAL,Balde,BI,Extractos y harinas de malta,Extractos.,0
22030065,EXTRAMALT DIASTASICO -TMB POL X 170 KG,DR,NULL,BI,Extractos y harinas de malta,Extractos.,0
22030067,LP EXT. DE MALTA EXTRAMALT BALDE X12 KG,BAL,Balde,BI,Extractos y harinas de malta,Extractos.,331
22030112,EXTRAMALT DIASTASICO -BALDE X 28 KG,BAL,Balde,BI,Extractos y harinas de malta,Extractos.,0
22031066,EXTRACTO NO DIASTASICO HUD-URU 5Kg,BAL,Balde,BI,Extractos y harinas de malta,Extractos.,0
22033114,LP EXT. DE MALTA .VISC.TAMBORx260 URU,DR,NULL,BI,Extractos y harinas de malta,Extractos.,0
30000036,SUPER FRY -POTE x 1 kg,POT,Pote,Consumo Masivo,Consumo Masivo,Aceites Consumo Masivo,0
30000491,SUPER FRY- CAJA 12 POTES x 1 kg,CS,NULL,Consumo Masivo,Consumo Masivo,Aceites Consumo Masivo,0
30019446,OLEOMARGARINA OPTIMA -CAJA X 20 KG,CS,NULL,Productos grasos,Refinadas Env. Otras Marcas,Surgras,0
30139093,"OLEOMARGARINA ""COLIBRI"" -CAJA X 20 KG",CS,NULL,Productos grasos,Refinadas Envasadas,Blandas Env.,0
30140093,OLEOM. OPT-CAJA X 20 KG,CS,NULL,Productos grasos,Refinadas Env. Otras Marcas,Grasas Surgras/T,0
31202093,AVH DELICROK 916 -CAJA X 20 KG,None,NULL,Grasos,Aceites,Masas.,0
31208029,EX - SUPER FRY ACEITE 925 BALX17KG,BAL,Balde,Grasos,Aceites,Fritura,0
31211093,MEZCLA AVH P/ GASTR CAJA x 20 KG G,CS,NULL,Servicios,Fazones Molinos R.P.,Fazones Aceites Molinos,0
31220000,DELICROK ACEITE LT1 GRANEL,None,NULL,Grasos,Aceites,Masas.,0
31220093,DELICROK ACEITE LT1 CJX20KG,CS,NULL,Grasos,Aceites,Masas.,354
31282093,CREAM 908 -CJ DE 20 KG,CS,NULL,Aceites,Discontinuados,Envasados,0
31292093,BIZC 35 PAN DULCE Y BUDINES -CJ DE 20 KG,CS,NULL,Productos grasos,Refinadas Envasadas,Blandas Env.,0
31299121,"BIZCOCHINA 35 CGA -CJ X 11,9 KGS",CS,NULL,Productos grasos,Refinadas Envasadas,Blandas Env.,0
31300097,B.35 S-N -CJ X 10 KG,CS,NULL,Productos grasos,Refinadas Envasadas,Blandas Env.,0
31300491,BIZCOCHINA 35 SN -CAJA X 12 KG,CS,NULL,Productos grasos,Refinadas Envasadas,Blandas Env.,0
31301093,BIZCOCHINA GRASA 35 CJX20KG,CS,NULL,Grasos,Grasas/Shortenings,Refinada Blanda,697
31301097,BIZCOCHINA 35 LAG -CJ X 10 KG,CS,NULL,Productos grasos,Discontinuadas,Envasadas,0
31302093,BIZCOCHINA 35 - N -CJ DE 20 KG,CS,NULL,Productos grasos,Refinadas Envasadas,Blandas Env.,0
31303093,CALSA GRASA OLEOMARGARINA CJX20KG,CS,NULL,Grasos,Grasas/Shortenings,Refinada Blanda,0
31304093,"OLEOMARGARINA ""BIZCOCHINA"" -CJ DE 20 KG",CS,NULL,Productos grasos,Refinadas Envasadas,Blandas Env.,0
31307000,BIZCOCHINA GRASA 35 GR,None,NULL,Grasos,Grasas/Shortenings,Refinada Blanda,0
31308093,G.V.R. MIGAFRESH - CAJA X 20 KG,CS,NULL,Productos grasos,Refinadas Envasadas,Blandas Env.,0
31310000,BIZCOCHINA ACEITE 0% TRANS GRANEL,None,NULL,Grasos,Aceites,Masas.,0
31310093,BIZCOCHINA ACEITE 0% TRANS CJX20KG,CS,NULL,Grasos,Aceites,Masas.,159
31311093,BIZCOCHINA 37 -CAJA X 20 KG,CS,NULL,Productos grasos,Refinadas Envasadas,Blandas Env.,0
31316093,CALSA GRASA OLEOMARGARINA CJX20KG - 100A,CS,NULL,Grasos,Grasas/Shortenings,Refinada Blanda,2231
31317000,BIZCOCHINA GRASA 39 GR,None,NULL,Grasos,Grasas/Shortenings,Refinada Blanda,0
31320093,EX - DELICROK ACEITE LT1 CJX20KG,CS,NULL,Grasos,Aceites,Masas.,0
31500093,AVH CREAM 922 -CJ DE 20 KG,CS,NULL,Aceites,Discontinuados,Envasados,0
31501093,DELICROK ACEITE 904 (GIR 36) CJX20KG,CS,NULL,Grasos,Aceites,Masas.,0
31501485,AVH DELICROK 904 (GIR 36) -CJ X 13 KGS.,CS,NULL,Aceites,Discontinuados,Envasados,0
31503093,A.V.H. DELICROK 923 -CAJA X 20 KG,CS,NULL,Aceites,Envasados,Aceite Mix env,0
31504093,AVH DELICROK 918 -CAJA X 20 KG,CS,NULL,Aceites,Envasados,Aceite de Soja env,0
31505093,DELICROK ACEITE 916 CJX20KG,CS,NULL,Grasos,Aceites,Masas.,0
31505108,AVH DELICROK 916 NITROGENADA -CJ X 17 KG,CS,NULL,Aceites,Discontinuados,Envasados,0
31506093,AVH DELICROK 917 -CAJA X 20 KG,CS,NULL,Aceites,Discontinuados,Envasados,0
31507029,A.V.H. MR. CHOC 915 - BALDE X 17 KG,BAL,Balde,Aceites,Discontinuados,Envasados,0
31507093,MR. CHOC ACEITE 914 CJX20KG,CS,NULL,Grasos,Aceites,Coberturas / Baños,0
31508093,MR. CHOC ACEITE 913 CJX20KG,CS,NULL,Grasos,Aceites,Coberturas / Baños,0
31509029,A.V.H. MR. CHOC 915 - BALDE X 17 KG,BAL,Balde,Aceites,Envasados,Aceites en Baldes,0
31509093,A.V.H. MR. CHOC 915 - CAJA x 20,CS,NULL,Aceites,Envasados,Aceite de Soja env,0
31510113,"AVH DESMOLDANTE MAGIC -AEROS X 0,475 KG",AER,Aerosol,Consumo Masivo,Consumo Masivo,Aceites Consumo Masivo,0
31510133,"A.V.H. DESMOLDANTE MAGIC -BALDE X 3,4 KG",BAL,Balde,Consumo Masivo,Consumo Masivo,Aceites Consumo Masivo,0
31510494,"AVH DESMOLD MAGIC -CAJA x 12un x 0,475kg",CS,NULL,Consumo Masivo,Consumo Masivo,Aceites Consumo Masivo,0
31511000,AVH DELICROK 916 EG -GRANEL,None,NULL,Aceites,Granel,Aceite de Soja gr,0
31513093,AVH SUPER FRY 905 -CJ DE 20 KG,CS,NULL,Aceites,Discontinuados,Envasados,0
31514093,A.V.H. MR CHOC 905 -CAJA X 20 KG,CS,NULL,Aceites,Envasados,Aceite Mix env,0
31516093,AVH. DELICROK 937 -CJ DE 20 KG,CS,NULL,Aceites,Discontinuados,Envasados,0
31517093,A.V.H. DELICROK 911 -CAJA X 20 KG,CS,NULL,Aceites,Envasados,Aceite de Soja env,0
31519093,EX - MR. CHOC ACEITE 914 CJX20KG,CS,NULL,Grasos,Aceites,Coberturas / Baños,0
31520093,MR. CHOC ACEITE 913 0 TRANS CJX20KG,CS,NULL,Grasos,Aceites,Coberturas / Baños,236
31521093,MR. CHOC ACEITE 927 0 TRANS CJX20KG,CS,NULL,Grasos,Aceites,Coberturas / Baños,301
31535093,EX - MR. CHOC ACEITE 916 CJX20KG,CS,NULL,Grasos,Aceites,Coberturas / Baños,0
31538093,EX - MR. CHOC ACEITE 913 CJX20KG,CS,NULL,Grasos,Aceites,Coberturas / Baños,0
31601093,GVCH HB-38 -CAJA X 20 KG,CS,NULL,Productos grasos,Hidrogenadas env.,Hidrogenadas Env.,0
31603093,GVCH HT-38 CON MEG -CJ DE 20 KG,CS,NULL,Productos grasos,Discontinuadas,Envasadas,0
31604091,"GVCH HT-38 P 3 -CJ DE 18,3 K.",CS,NULL,Productos grasos,Discontinuadas,Envasadas,0
31604093,GVCH HT-38 SM -CJ DE 20 KG,CS,NULL,Productos grasos,Hidrogenadas env.,Hidrogenadas Env.,0
31605093,AVH MR. CHOC 909 -CJ DE 20 KG,CS,NULL,Aceites,Discontinuados,Envasados,0
31700097,B.39 S-N -CJ X 10 KG,CS,NULL,Productos grasos,Discontinuadas,Envasadas,0
31701093,BIZCOCHINA GRASA 39 CJX20KG,CS,NULL,Grasos,Grasas/Shortenings,Refinada Blanda,0
31702093,BIZCOCHINA 39 L -CJ DE 20 KG,CS,NULL,Productos grasos,Refinadas Envasadas,Blandas Env.,0
31705000,BIZCOCHINA 39 AO -GRANEL,None,NULL,Grasos,Grasas/Shortenings,Refinada Blanda,0
31705093,BIZCOCHINA 39 AO -CAJA X 20 KG,CS,NULL,Productos grasos,Refinadas Envasadas,Blandas Env.,0
31721093,BIZCOCHINA GRASA 39 VEGETAL CJX20KG,CS,NULL,Grasos,Grasas/Shortenings,Refinada Blanda,0
31731093,EX - BIZCOCHINA GRASA 39 CJX20KG,CS,NULL,Grasos,Grasas/Shortenings,Refinada Blanda,0
31801093,AVH SUPER FRY 906 -CJ DE 20 KG,CS,NULL,Aceites,Discontinuados,Envasados,0
31802093,AVH CREAM 903 -CJ DE 20 KG,CS,NULL,Aceites,Discontinuados,Envasados,0
31803093,AVH MR. CHOC 910 (MAN 41) -CAJA X 20 KG,CS,NULL,Aceites,Envasados,Aceite de Mani env,0
31805093,MR. CHOC ACEITE 927 CJX20KG,CS,NULL,Grasos,Aceites,Coberturas / Baños,0
31805122,MR CHOC 927 -CJ X 15 KGS,CS,NULL,Aceites,Envasados,Aceite de Soja env,0
31806093,MR. CHOC ACEITE 933 CJX20KG,CS,NULL,Grasos,Aceites,Coberturas / Baños,0
31807122,AVH MR CHOC 928 -CJ X 15 KGS,CS,NULL,Aceites,Discontinuados,Envasados,0
31808093,AVH SUPER FRY 926 -CAJA X 20 KG,CS,NULL,Aceites,Discontinuados,Envasados,0
31810000,AVH MR. CHOC 921 - GRANEL,None,NULL,Aceites,Granel,Aceite de Soja gr,0
31810093,AVH MR. CHOC 921 -CAJA X 20 KG,CS,NULL,Aceites,Envasados,Aceite de Soja env,0
31810122,MR. CHOC 921 -CJ X 15 KGS,CS,NULL,Aceites,Envasados,Aceite de Soja env,0
31811029,SUPER FRY ACEITE 925 BALX17KG,BAL,Balde,Grasos,Aceites,Fritura,0
31815093,AVH SUPER FRY 930 -CJ DE 20 KG,CS,NULL,Aceites,Envasados,Aceite de Soja env,0
31816093,SUPER FRY 940 -CAJA X 20 KG,CS,NULL,Aceites,Envasados,Aceite de Soja env,0
31830093,AVH. MR. CHOC 934 -CJ DE 20 KG,CS,NULL,Aceites,Discontinuados,Envasados,0
31835093,EX - MR. CHOC ACEITE 927 CJX20KG,CS,NULL,Grasos,Aceites,Coberturas / Baños,0
31850093,AVH DELICROK 901 -CJ DE 20 KG,CS,NULL,Aceites,Discontinuados,Envasados,0
31851093,AVH MR. CHOC 902 -CJ DE 20 KG,CS,NULL,Aceites,Discontinuados,Envasados,0
31852122,AVH DELICROK 924 -CJ X 15 KGS,CS,NULL,Aceites,Discontinuados,Envasados,0
31853093,AVH MR CHOC 938 -CJ DE 20 KG,CS,NULL,Aceites,Discontinuados,Envasados,0
31860093,MANTECA PREMIUM -CAJA X 20 KG,CS,NULL,Aceites,Envasados,Aceite de Soja env,0
31870122,AVH ESPECIAL CO -CJ X 15 KGS,CS,NULL,Aceites,Discontinuados,Envasados,0
31871122,AVH ESPECIAL KS -CJ X 15 KGS,CS,NULL,Aceites,Discontinuados,Envasados,0
31872122,AVH ESPECIAL CK -CJ X 15 KGS,CS,NULL,Aceites,Discontinuados,Envasados,0
31873122,AVH HELACREM -CJ X 15 KGS,CS,NULL,Aceites,Discontinuados,Envasados,0
31874122,AVH CBS 3A -CAJA X 15 KGS,CS,NULL,Aceites,Discontinuados,Envasados,0
31875122,AVH ESPECIAL EXTRUIDOS -CJ X 15 KGS,CS,NULL,Aceites,Discontinuados,Envasados,0
31876109,AVH PKO 26 X 200 KG -TMB 200 KG,DR,NULL,Aceites,Discontinuados,Envasados,0
31876122,AVH ESPECIAL PINT 99 -CJ X 15 KGS,CS,NULL,Aceites,Discontinuados,Envasados,0
31876584,ACEITE PKO 26 -TAMBOR 180 KG.,DR,NULL,Aceites,Discontinuados,Envasados,0
31901093,BIZCOCHINA 42 -CJ DE 20 KG,CS,NULL,Productos grasos,Refinadas Envasadas,Blandas Env.,0
31903093,GVCH HC 42 AO -CJ DE 20 KG,CS,NULL,Productos grasos,Hidrogenadas env.,Hidrogenadas Env.,0
32000093,HORNITO NITROGENADO -CAJA X 20 KG,CS,NULL,Productos grasos,Refinadas Envasadas,Duras Env.,0
32000163,"MANTECA SAN STINO-CAJA 8 PILONES X 2,5KG",CS,NULL,Productos grasos,Refinadas Envasadas,Duras Env.,0
32001093,HORNITO GRASA AO CJX20KG,CS,NULL,Grasos,Grasas/Shortenings,Refinada Blanda,1076
32002093,HORNITO C/MEG -CJ DE 20 KG,CS,NULL,Productos grasos,Refinadas Envasadas,Duras Env.,0
32003093,PASTELGRAS GRASA CJX20KG,CS,NULL,Grasos,Grasas/Shortenings,Refinada Dura,0
32003206,NUEVO PASTELGRAS -CAJA X 24 KG,CS,NULL,Productos grasos,Refinadas Envasadas,Duras Env.,0
32004093,"GRASA VAC. REF. ""MALIBU"" -CAJA X 20 KG",CS,NULL,Productos grasos,Refinadas Envasadas,Duras Env.,0
32005093,PASTELGRAS EXP. -CJ DE 20 KG,CS,NULL,Productos grasos,Refinadas Envasadas,Duras Env.,0
32006097,MAREXTRA -CAJA X 10 KG,CS,NULL,Productos grasos,Refinadas Envasadas,Duras Env.,0
32006206,MAREXTRA -CAJA X 24 KG,CS,NULL,Productos grasos,Refinadas Envasadas,Duras Env.,0
32007093,HORNITO 48/50 EXPORT. -CJ DE 20 KG,CS,NULL,Productos grasos,Discontinuadas,Envasadas,0
32008093,HORNITO 42 EXPORT. -CJ DE 20 KG,CS,NULL,Productos grasos,Discontinuadas,Envasadas,0
32009093,GRASA VEGETAL PREMIUM -CAJA X 20 KG,CS,NULL,Aceites,Envasados,Aceite Mix env,0
32011093,GRASA REFINADA OPTIMA -CAJA X 20 KG,CS,NULL,Productos grasos,Refinadas Env. Otras Marcas,Grasas Surgras/T,0
32012097,MAREXTRA E GRASA CJX10KG,CS,NULL,Grasos,Grasas/Shortenings,Refinada Blanda,0
32012206,MAREXTRA E-CAJA X 24 KG,CS,NULL,Productos grasos,Refinadas Envasadas,Duras Env.,0
32013097,MAREXTRA E GRASA SABOR MANTECA CJX10KG,CS,NULL,Grasos,Grasas/Shortenings,Refinada Blanda,0
32014093,GRASA ALIMENTICIA VEGETAL CJX20KG,CS,NULL,Grasos,Grasas/Shortenings,Refinada Blanda,0
32015000,PASTELGRAS ACEITE 0% TRANS GR,None,NULL,Grasos,Aceites,Masas.,0
32015093,PASTELGRAS ACEITE 0% TRANS CJX20KG,CS,NULL,Grasos,Aceites,Masas.,0
32016093,OI 111 LT PRD CJX20KG,CS,NULL,Grasos,Grasas/Shortenings,Refinada Dura,0
32021093,HORNITO GRASA AO VEGETAL CJX20KG,CS,NULL,Grasos,Grasas/Shortenings,Refinada Blanda,0
32023093,PASTELGRAS GRASA VEGETAL CJX20KG,CS,NULL,Grasos,Grasas/Shortenings,Refinada Dura,0
32025093,PASTELGRAS GRASA CJX20KG - 100A,CS,NULL,Grasos,Grasas/Shortenings,Refinada Dura,8469
32026093,IDEALINA GRASA CJX20KG,CS,NULL,Grasos,Grasas/Shortenings,Refinada Dura,492
32075093,FLAVIA EXPORT. -CJ DE 20 KG,CS,NULL,Productos grasos,Discontinuadas,Envasadas,0
32080093,G.V.C. FLAVIA -CAJA X 20 KG,CS,NULL,Grasos,Grasas/Shortenings,Refinada Dura,0
32080097,G.V.C. FLAVIA -CAJA X 10 KG,CS,NULL,Productos grasos,Grasas Comestibles,Comestibles,0
32081093,GRASA VAC. COMESTIBLE REINA CAJA X 20 KG,CS,NULL,Productos grasos,Refinadas Env. Otras Marcas,Grasas Surgras/T,0
32090093,G.V.C. PENELOPE -CAJA X 20 KG,CS,NULL,Productos grasos,Grasas Comestibles,Comestibles,0
32090097,G.V.C. PENELOPE -CAJA X 10 KG,CS,NULL,Productos grasos,Grasas Comestibles,Comestibles,0
32101093,HORNITO RM -CAJA X 20 KG,CS,NULL,Productos grasos,Refinadas Envasadas,Duras Env.,0
32104093,GVCH HC 45 AO -CJ DE 20 KG,CS,NULL,Productos grasos,Discontinuadas,Envasadas,0
32164099,MANTECA OSCAR -CAJA X 25 kg,CS,NULL,Productos de terceros,Otros,Varios,0
32164164,MANTECA OSCAR -CAJA x 5 KG,CS,NULL,Productos de terceros,Otros,Varios,0
32300090,MANTECA SUPER -CAJA 20 SACHETS X 1KG,CS,NULL,Productos grasos,Intercompany Expo,Collico,0
32300093,MANTECA SUPER -CAJA X 20 KG,CS,NULL,Productos grasos,Intercompany Expo,Collico,0
32301093,EX - HORNITO GRASA AO CJX20KG,CS,NULL,Grasos,Grasas/Shortenings,Refinada Blanda,0
32402001,G.V.C. RICABE -PQ 500 G,PA1,Paquete,Productos grasos,Gr. Consumo Masivo,Gr. Consumo Masivo,0
32402009,G.V.C. RICABE -CAJA X 40 SCHETS X 500gr,CS,NULL,Productos grasos,Gr. Consumo Masivo,Gr. Consumo Masivo,0
32402033,RICABE GRASA SACHX1KG,BAG,NULL,Grasos,Grasas/Shortenings,Refinada Dura,22
32402090,RICABE GRASA CJ20SACHX1KG,CS,NULL,Grasos,Grasas/Shortenings,Refinada Dura,521
32402166,"G.V.C. RICABE -CAJA X 20 SACHETS X 0,5KG",CS,NULL,Productos grasos,Gr. Consumo Masivo,Gr. Consumo Masivo,0
32404036,NATUGRAS - POTE X 1 KG,POT,Pote,Consumo Masivo,Consumo Masivo,Grasas Consumo Masivo,0
32404491,NATUGRAS -CAJA 12 POTES X 1 KG,CS,NULL,Consumo Masivo,Consumo Masivo,Grasas Consumo Masivo,0
32405009,GVC TERRY -CJ X 40 SCH X 5KG,CS,NULL,Productos grasos,Refinadas Envasadas,Duras Env.,0
32407090,GRASA TRES CRUCES CAJA X 20 SACH X 1KG,CS,NULL,Productos grasos,Refinadas Env. Otras Marcas,Surgras,0
32409090,RICABE GRASA CJ20SACHX1KG_EXPO,None,NULL,Grasos,Grasas/Shortenings,Refinada Dura,0
32501044,GVCH 48/50 -BOLSA X 30 KG,BAG,NULL,Productos grasos,Discontinuadas,Envasadas,0
32501093,GVCH 48/50 -CAJA X 20 KG,CS,NULL,Productos grasos,Hidrogenadas env.,Hidrogenadas Env.,0
33003093,EX - PASTELGRAS GRASA CJX20KG,CS,NULL,Grasos,Grasas/Shortenings,Refinada Dura,0
33006044,OED GRASA BOLX30KG,BAG,NULL,Grasos,Grasas/Shortenings,Sin refinar,0
33105044,OEH GRASA ESCAMAS BOLX30KG,BAG,NULL,Grasos,Grasas/Shortenings,Sin refinar,0
33135044,EX - OEH GRASA ESCAMAS BOLX30KG,BAG,NULL,Grasos,Grasas/Shortenings,Sin refinar,0
33301093,EX - BIZCOCHINA GRASA 35 CJX20KG,CS,NULL,Grasos,Grasas/Shortenings,Refinada Dura,0
33303093,EX - CALSA GRASA OLEOMARGARINA CJX20KG,CS,NULL,Grasos,Grasas/Shortenings,Refinada Blanda,0
33701093,AVH DELICROK 919 -CAJA X 20 KG,CS,NULL,Aceites,Envasados,Aceite de Soja env,0
33710043,ACEITE HIDROG COCINERO PS BOLSA x 20 KG,BAG,NULL,Servicios,Fazones Molinos R.P.,Fazones Aceites Molinos,0
33710093,AH ACEITE PS MOLINOS CJX20KG,CS,NULL,Grasos,Fazon,Fazon,0
33711091,"AH ACEITE P3 MOLINOS CJX18,3KG",CS,NULL,Grasos,Fazon,Fazon,0
33712093,AH ACEITE PB MOLINOS CJX20KG,CS,NULL,Grasos,Fazon,Fazon,0
33713093,AH ACEITE PF MOLINOS CJX20KG,CS,NULL,Grasos,Fazon,Fazon,0
33714000,DELICROK ACEITE 948 RIS GR,None,NULL,Grasos,Aceites,Masas.,0
33714093,ACEITE HIDROGENADO VB CAJA x 20 KG,CS,NULL,Servicios,Fazones Molinos R.P.,Fazones Aceites Molinos,0
33715093,ACEITE HIDROG COCINERO PS CAJA x 20 KG,CS,NULL,Servicios,Fazones Molinos R.P.,Fazones Aceites Molinos,0
33716091,FA 201 P3 - INV - CJ18.3KG,CS,NULL,Grasos,Grasas/Shortenings,Refinada Dura,0
33716093,AH ACEITE PF,CS,NULL,Aceites,Hidrogenados,NULL,0
33717091,FA 201 P3 - VER - CJ18.3KG,CS,NULL,Grasos,Grasas/Shortenings,Refinada Dura,0
33717093,FA 201 P3 - VER - CJ20KG,CS,NULL,Grasos,Grasas/Shortenings,Refinada Dura,92
34100093,FAZON HSM 36 (H) -CAJA X 20,CS,NULL,Servicios,Fazones H,Fazones Aceites H,0
34110093,FAZON HSM 39 (H) -CAJA X 20,CS,NULL,Servicios,Fazones H,Fazones Aceites H,0
34120093,FAZON HSM 42 (H) -CAJA X 20,CS,NULL,Servicios,Fazones H,Fazones Aceites H,0
34130093,FAZON HGM 36 (H) -CAJA X 20,CS,NULL,Servicios,Fazones H,Fazones Aceites H,0
34145093,FAZON HSC 32 (H) -CAJA X 20,CS,NULL,Servicios,Fazones H,Fazones Aceites H,0
34183093,OLEOMARGARINA (H) -CAJA X 20,CS,NULL,Productos grasos,Refinadas Env. Otras Marcas,Surgras,0
34184093,GVR PASTELERA SIN COLOR -CAJA X 20,CS,NULL,Productos grasos,Refinadas Env. Otras Marcas,Surgras,0
34185093,GVR PASTELERA CON COLOR -CAJA X 20,CS,NULL,Productos grasos,Refinadas Env. Otras Marcas,Surgras,0
34186093,PRIMOR 38/40 (H) -CAJA X 20,CS,NULL,Servicios,Fazones H,Fazones Grasas H,0
34187093,PRIMOR 42/440 (H) -CAJA X 20,CS,NULL,Servicios,Fazones H,Fazones Grasas H,0
34188009,GVC LIBERTINA -CAJA x 40 SCH x 500 grs,CS,NULL,Productos grasos,Refinadas Env. Otras Marcas,Surgras,0
34190093,OLEOMARGARINA CON COLOR-CAJA X 20,CS,NULL,Productos grasos,Refinadas Env. Otras Marcas,Surgras,0
34191093,OLEOMARGARINA SIN COLOR-CAJA X 20,CS,NULL,Productos grasos,Refinadas Env. Otras Marcas,Surgras,0
34250093,GVR REGITECA -CAJA X 20,CS,NULL,Productos grasos,Refinadas Env. Otras Marcas,Surgras,0
34260093,GVC CHURRINCHE -CAJA X 20,CS,NULL,Productos grasos,Refinadas Env. Otras Marcas,Surgras,0
34320093,GVR LIBERTINA C/SABOR -CAJA X 20,CS,NULL,Productos grasos,Refinadas Env. Otras Marcas,Surgras,0
34321093,LIBERTINA PLUS 1° JUGO -CAJA X 20 KG,CS,NULL,Grasos,Grasas/Shortenings,Refinada Dura,0
34322090,GVR LIBERTINA -CAJA 20 SACH X 1 KG,CS,NULL,Grasos,Grasas/Shortenings,Refinada Dura,0
34322093,LIBERTINA GRASA CJX20KG,CS,NULL,Grasos,Grasas/Shortenings,Refinada Dura,1120
34322098,GVR LIBERTINA - SACHET 1 KG,SCH,Sachet,Levadura,Fresca,Prensada,0
34323093,G.V.C PENELOPE - F -CAJA X 20 KG,CS,NULL,Levadura,Fresca,Prensada,0
34330093,GVR LIBERTINA S/SABOR -CAJA X 20,CS,NULL,Productos grasos,Refinadas Env. Otras Marcas,Surgras,0
34340093,OLEOMARGARINA IMPERIAL-CAJA X 20,CS,NULL,Productos grasos,Refinadas Env. Otras Marcas,Surgras,0
34350093,"GRASA ""ARO"" -CAJA X 20 KG",CS,NULL,Productos grasos,Refinadas Env. Otras Marcas,Surgras,0
34350097,"GRASA ""ARO"" -CAJA X 10 KG",CS,NULL,Productos grasos,Refinadas Env. Otras Marcas,Surgras,0
35700093,GVR LIBERTINA C/SABOR (L) -CAJA X 20,CS,NULL,Servicios,Fazones Sam,Fazones Grasas Sam,0
35710093,GVR LIBERTINA S/SABOR (L) -CAJA X 20,CS,NULL,Servicios,Fazones Sam,Fazones Grasas Sam,0
35720009,GVC LIBERTINA (L) -CAJA 10SCHx500grs,CS,NULL,Servicios,Fazones Sam,Fazones Grasas Sam,0
35730093,OLEOMARGARINA PRISMA -CAJA X 20 KG,CS,NULL,Servicios,Fazones Pro,Fazones Grasas Pro,0
35731093,G.V.R. PRISMA -CAJA X 20 KG,CS,NULL,Servicios,Fazones Pro,Fazones Grasas Pro,0
36000062,OLEOMARGARINA LA HOLANDESA-Balde X 20KG,BAL,Balde,Productos grasos,Refinadas Env. Otras Marcas,La Holandesa,0
36000093,OLEOMARGARINA LA HOLANDESA -CAJA X 20 KG,CS,NULL,Productos grasos,Refinadas Env. Otras Marcas,La Holandesa,0
36001093,G.V.R. MALBE -CAJA X 20 KG,CS,NULL,Productos grasos,Refinadas Env. Otras Marcas,La Holandesa,0
36001097,G.V.C. MALBE -CAJA X 10 KG,CS,NULL,Productos grasos,Refinadas Env. Otras Marcas,La Holandesa,0
36002093,G.V.R. LA HOLANDESA -CAJA x 20 KG,CS,NULL,Productos grasos,Refinadas Env. Otras Marcas,La Holandesa,0
36003097,G.V.C. MALBE -CAJA X 10 KG,CS,NULL,Productos grasos,Refinadas Env. Otras Marcas,La Holandesa,0
36004093,OLEOM LA HOLANDESA S/COLOR-CAJA X 20 KG,CS,NULL,Productos grasos,Refinadas Env. Otras Marcas,La Holandesa,0
37903000,FAZON R51 -GRANEL,None,NULL,Servicios,Fracciones Compensación,Fracciones Compensación,0
38210044,M.E.G GRASA NEUTRO ESCAMAS BOLX30KG,BAG,NULL,Grasos,Grasas/Shortenings,Sin refinar,0
38211044,M.E.G. NEUTRO ESCAMAS (sg)-BOLSA X 30 KG,BAG,NULL,Productos grasos,Escamadas Envasadas,Monogliceridos Envasados,0
38212044,MEG NEUTRO (CONSUMO INTERNO) - X 30 KG,BAG,NULL,Productos grasos,Escamadas Envasadas,Monogliceridos Envasados,0
38215044,MEG DESODORIZADO ESCAMAS -BOLSA X 30 KG,BAG,NULL,Productos grasos,Escamadas Envasadas,Monogliceridos Envasados,0
38225044,"M.E.G GRASA 2,5% ESCAMAS BOLX30KG",BAG,NULL,Grasos,Grasas/Shortenings,Sin refinar,0
38225116,MEG AUT. 2.5 % ESCAMAS -BOLSA X 1.5 KG,BAG,NULL,Productos grasos,Escamadas Envasadas,Monogliceridos Envasados,0
38226044,"M.E.G. AUT. 2,5% ESCAMAS (sg) -BLS 30 KG",BAG,NULL,Productos grasos,Escamadas Envasadas,Monogliceridos Envasados,0
38250044,MEG AUT. 5% ESCAMAS -BOLSA X 30 KG,BAG,NULL,Productos grasos,Escamadas Envasadas,Monogliceridos Envasados,0
38310044,EX - M.E.G GRASA NEUTRO ESCAMAS BOLX30KG,BAG,NULL,Grasos,Grasas/Shortenings,Sin refinar,0
39100000,R51 GRASA REFINADO FAZON,None,NULL,Grasos,Fazon,Fazon,0
40000492,MARG. GOLF -POTE x 500 gr,POT,Pote,Consumo Masivo,Consumo Masivo,Marg. Consumo Masivo,0
40000493,MARGARINA GOLF -CAJA 12 potes x 500 gr,CS,NULL,Consumo Masivo,Consumo Masivo,Marg. Consumo Masivo,0
40000496,MARGARINA GOLF -POTE x 200 gr,POT,Pote,Consumo Masivo,Consumo Masivo,Marg. Consumo Masivo,0
40001165,MARGARINA GOLF- CAJA 30 POTES x 200gr,CS,NULL,Consumo Masivo,Consumo Masivo,Marg. Consumo Masivo,0
40001496,MARGARINA GOLF -POTE x 200 gr,POT,Pote,Consumo Masivo,Consumo Masivo,Marg. Consumo Masivo,0
40001497,MARGARINA GOLF -CAJA 24 potes x 200 gr,CS,NULL,Consumo Masivo,Consumo Masivo,Marg. Consumo Masivo,0
40002492,MARG SUPER LIVIANA -POTE x 500 gr,POT,Pote,Consumo Masivo,Consumo Masivo,Marg. Consumo Masivo,0
40002493,MARG SUPER LIVIANA -CAJA 12 potes x500gr,CS,NULL,Consumo Masivo,Consumo Masivo,Marg. Consumo Masivo,0
40002496,MARG SUPER LIVIANA -POTE x 200 gr,POT,Pote,Consumo Masivo,Consumo Masivo,Marg. Consumo Masivo,0
40003165,MARG SUPER LIVIANA -CAJ 30 POT x 200gr,CS,NULL,Consumo Masivo,Consumo Masivo,Marg. Consumo Masivo,0
40003496,MARG SUPER LIVIANA Pote x 200 gr,POT,Pote,Consumo Masivo,Consumo Masivo,Marg. Consumo Masivo,0
40003497,MARG SUPER LIVIANA -CAJA 24 potes x200gr,CS,NULL,Consumo Masivo,Consumo Masivo,Marg. Consumo Masivo,0
40004165,MARGARINA SUPER -CAJA 30 PANES x 200gr,CS,NULL,Consumo Masivo,Consumo Masivo,Marg. Consumo Masivo,0
40004168,MARGARINA SUPER -PAN x 200gr,PAN,PAN,Consumo Masivo,Consumo Masivo,Marg. Consumo Masivo,0
40010005,MILHOJAS MARG. HOJAL TEMP PILX10KG,PIL,Pilon,Grasos,Margarinas,Hojaldre,0
40010015,MILHOJAS MARG. HOJAL CJ2PILX10KG,CS,NULL,Grasos,Margarinas,Hojaldre,0
40011005,MILHOJAS MARG. HOJAL ** PILX10KG,PIL,Pilon,Grasos,Margarinas,Hojaldre,0
40011015,MILHOJAS MARG. HOJAL ** CJ2PILX10KG,CS,NULL,Grasos,Margarinas,Hojaldre,1833
40012000,Base Margarina hojaldre Ideal granel,None,NULL,Margarinas,Otras Marcas,Linea Surgras,0
40012004,MARG. HOJALDRE IDEAL - PILON X 5KG,PIL,Pilon,Margarinas,Margarina Vegetal,Hojaldre Vegetal,0
40012014,MARG. HOJALDRE IDEAL -CJ X4P. X5KG,CS,NULL,Margarinas,Margarina Vegetal,Hojaldre Vegetal,0
40012077,MARG. HOJALDRE IDEAL -CAJA 5 PL X 2 KG,CS,NULL,Grasos,Margarinas,Hojaldre,0
40013004,IDEALINA MARG. MASAS PILX5KG,PIL,Pilon,Grasos,Margarinas,Masas,0
40013014,IDEALINA MARG. MASAS CJ4PILX5KG,CS,NULL,Grasos,Margarinas,Masas,0
40014005,MILHOJAS MARG. HOJAL # PILX10KG,PIL,Pilon,Grasos,Margarinas,Hojaldre,0
40014015,MILHOJAS MARG. HOJAL # CJ2PILX10KG,CS,NULL,Grasos,Margarinas,Hojaldre,0
40015015,MILHOJAS MARG. HOJAL # ** CJ2PILX10KG,CS,NULL,Grasos,Margarinas,Hojaldre,0
40016015,MILHOJAS MARG. HOJAL IND. CJ2PILX10KG,CS,NULL,Grasos,Margarinas,Hojaldre,0
40017015,MILHOJAS MARG. HOJAL # ** CJ2PILX10KG,CS,NULL,Grasos,Margarinas,Hojaldre,1878
40018077,SUPER MARG. HOJAL # ** CJ5PLACX2KG,CS,NULL,Grasos,Margarinas,Hojaldre,0
40019031,SUPER MARG. HOJAL ** PLAX2KG,PIL,Pilon,Grasos,Margarinas,Hojaldre,0
40019077,SUPER MARG. HOJAL ** CJ5PLACX2KG,CS,NULL,Grasos,Margarinas,Hojaldre,0
40020004,SUPER MARG. HOJAL PLAX2KG,PIL,Pilon,Grasos,Margarinas,Hojaldre,0
40020005,SUPER MARG. HOJAL TEMP PILX10KG,PIL,Pilon,Grasos,Margarinas,Hojaldre,0
40020015,SUPER MARG. HOJAL CJ2PILX10KG,CS,NULL,Grasos,Margarinas,Hojaldre,0
40020077,SUPER MARG. HOJAL CJ5PLACX2KG,CS,NULL,Grasos,Margarinas,Hojaldre,0
40021005,SUPER MARG. HOJAL ** PILX10KG,PIL,Pilon,Grasos,Margarinas,Hojaldre,0
40021015,SUPER MARG. HOJAL ** CJ2PILX10KG,CS,NULL,Grasos,Margarinas,Hojaldre,1928
40022004,SUPER MARG. HOJAL # PLAX2KG,PIL,Pilon,Grasos,Margarinas,Hojaldre,0
40022005,SUPER MARG. HOJAL # PILX10KG,PIL,Pilon,Grasos,Margarinas,Hojaldre,0
40022015,SUPER MARG. HOJAL # CJ2PILX10KG,CS,NULL,Grasos,Margarinas,Hojaldre,0
40022077,SUPER MARG. HOJAL # CJ5PLACX2KG,CS,NULL,Grasos,Margarinas,Hojaldre,0
40023015,SUPER MARG. HOJAL # ** CJ2PILX10KG,CS,NULL,Grasos,Margarinas,Hojaldre,0
40024015,SUPER MARG. HOJAL # ** CJ2PILX10KG,CS,NULL,Grasos,Margarinas,Hojaldre,29
40025015,SUPER MARG. MASAS CJ 2PILx10KG,CS,NULL,Grasos,Margarinas,Hojaldre,0
40027015,SUPER MARG. HOJAL ** CJ2PILX10KG - 100A,CS,NULL,Grasos,Margarinas,Hojaldre,1156
40029005,FLOR MARG. HOJAL # PILX10KG,PIL,Pilon,Grasos,Margarinas,Hojaldre,0
40029015,FLOR MARG. HOJAL # CJ2PILX10KG,CS,NULL,Grasos,Margarinas,Hojaldre,0
40030507,MARG MANTY SOJ 0 TRANS CAJ 30 POT x 200G,CS,NULL,Grasos,Fazon,Fazon,0
40031493,MARG MANTY SOJ 0 TRANS CAJ 12 POT x 500G,CS,NULL,Servicios,Fazones Molinos R.P.,Fazones Margarina Molinos,0
40032507,MARG MANTY LIV 0 TRANS CAJ 30 POT x 200G,CS,NULL,Grasos,Fazon,Fazon,0
40033493,MARG MANTY LIV 0 TRANS CAJ 12 POT x 500G,CS,NULL,Grasos,Fazon,Fazon,0
40034507,MARG MANTY CLAS 0 TRANS CAJ 30 POTx 200G,CS,NULL,Grasos,Fazon,Fazon,0
40035493,MARG MANTY CLAS 0 TRANS CAJ 12 POTx 500G,CS,NULL,Grasos,Fazon,Fazon,0
40036165,MARG MANTY CLASICA CAJ 30 PAN x 200 GRS,CS,NULL,Grasos,Fazon,Fazon,0
40037165,MARG MANTY SOJA CAJ 30 PAN x 200 GRSGRS,CS,NULL,Grasos,Fazon,Fazon,0
40038508,MARG MANTY LIVIANA CAJ 30 PAN x 100 GRS,CS,NULL,Grasos,Fazon,Fazon,0
40039165,MARG MANTY LIVIANA CAJ 30 PAN x 200 GRS,CS,NULL,Grasos,Fazon,Fazon,0
40040015,SUPER MARG. HOJ. # ** CJ2PILX10KG - 100A,CS,NULL,Grasos,Margarinas,Hojaldre,2640
40041165,MARGARINA BLANCAFLOR CAJ 30 PAN x 200 GR,CS,NULL,Servicios,Fazones Molinos R.P.,Fazones Margarina Molinos,0
40042165,MARGARINA DELICIA CAJ 30 PAN x 200 GR,CS,NULL,Grasos,Fazon,Fazon,0
40043509,MARGARINA DELICIA CAJ 12 PAN x 500 GR,CS,NULL,Grasos,Fazon,Fazon,0
40044015,MILHOJAS MARG. HOJAL #** LT CJ2PILX10KG,CS,NULL,Grasos,Margarinas,Masas,0
40096005,MARFINA MASAS #-PILON X 5 KG,PIL,Pilon,Grasos,Emulsiones,Masas.,0
40096015,MARFINA MASAS #-CAJA 4 PILONES X 5 KG,CS,NULL,Grasos,Emulsiones,Masas.,0
40097005,MARFINA HOJALDRE #-PILON X 5 KG,PIL,Pilon,Grasos,Emulsiones,Hojaldre.,0
40097015,MARFINA HOJALDRE #-CJ 4 PIL X 5 KG,CS,NULL,Grasos,Emulsiones,Hojaldre.,0
40110005,"MARGARINA ""REDAMAR"" - PILON X 10 KG",PIL,Pilon,Margarinas,Margarina Vacuno,Masas Vacuno,0
40110015,"MARGARINA ""REDAMAR"" -CAJA X 2 P. X 10 KG",CS,NULL,Margarinas,Margarina Vacuno,Masas Vacuno,0
40111005,GOLF MARG. MASAS PILX10KG,PIL,Pilon,Grasos,Margarinas,Masas,0
40111015,GOLF MARG. MASAS HT CJ2XPILX10KG,CS,NULL,Grasos,Margarinas,Masas,0
40112015,MARGARINA REDAMAR -CJ X2P X10KG,CS,NULL,Margarinas,Margarina Vacuno,Masas Vacuno,0
40113005,"MARG. ""GOLF LINEA ROJA"" -PILON X 10 KG",PIL,Pilon,Margarinas,Margarina Vacuno,Masas Vacuno,0
40113015,MARG. GOLF LINEA ROJA -CJ X2P X10KG,CS,NULL,Margarinas,Margarina Vacuno,Masas Vacuno,0
40114014,MARG. GOLF AZUL (URURUAY) -CJ X4P X5KG,CS,NULL,Margarinas,Intercompany Expo,Linea Lusa - Uruguay,0
40114015,MARG. GOLF AZUL URUGUAY -CJ X2P X10KG,CS,NULL,Margarinas,Margarina Vacuno,Hojaldre Vacuno,0
40115005,MARGARINA EXCEL -PILON X 10 KG,PIL,Pilon,Margarinas,Margarina Vacuno,Hojaldre Vacuno,0
40115006,MARGARINA EXCEL PLACAS -X 2 KG,PIL,Pilon,Margarinas,Margarina Vacuno,Hojaldre Vacuno,0
40115013,MARGARINA SUPER BOLOS -CJ X 5P X2KG,CS,NULL,Margarinas,Margarina Vacuno,Masas Vacuno,0
40115014,MARGARINA SUPER BOLOS -CJ X4P X5KG,CS,NULL,Margarinas,Margarina Vacuno,Masas Vacuno,0
40115015,MARGARINA EXCEL -CAJA X 2P X10KG,CS,NULL,Margarinas,Margarina Vacuno,Hojaldre Vacuno,0
40115077,MARGARINA EXCEL PLACAS -CAJA 5 P X 2 KG,CS,NULL,Margarinas,Margarina Vacuno,Hojaldre Vacuno,0
40116013,MAURI SUPER BOLOS -CJ X 5P X2KG,CS,NULL,Margarinas,Margarina Vacuno,Masas Vacuno,0
40117014,MARG. PARA MASAS IDEAL -CJ X4P X5KG,CS,NULL,Margarinas,Otras Marcas,Linea Surgras,0
40118005,MILHOJAS MARG. HOJAL PILX10KG,PIL,Pilon,Margarinas,Margarina Vacuno,Hojaldre Vacuno,0
40118015,MILHOJAS MARG. HOJAL CJ2PILX10KG,CS,NULL,Margarinas,Margarina Vacuno,Hojaldre Vacuno,0
40119000,Base Marg Ideal masas granel,None,NULL,Margarinas,Otras Marcas,Linea Surgras,0
40119004,MARG. PARA MASAS IDEAL -PILON X5KG,PIL,Pilon,Margarinas,Margarina Vegetal,Masas Vegetal,0
40119013,MAURI SUPER FOLHADOS -CJ X5P X2KG,CS,NULL,Margarinas,Margarina Vacuno,Hojaldre Vacuno,0
40119014,MARG. PARA MASAS IDEAL -CJ X4P X5KG,CS,NULL,Margarinas,Margarina Vegetal,Masas Vegetal,0
40120005,SUPER MARG. HOJAL PILX10KG,PIL,Pilon,Margarinas,Margarina Vacuno,Hojaldre Vacuno,0
40120015,SUPER MARG. HOJAL CJ2PILX10KG,CS,NULL,Margarinas,Margarina Vacuno,Hojaldre Vacuno,0
40121005,PASTELMARG A MARG. HOJAL PILX10KG,PIL,Pilon,Grasos,Margarinas,Hojaldre,0
40121013,MARG SUPER FOLHADOS&CROISS -CJ X5P X 2KG,CS,NULL,Margarinas,Margarina Vacuno,Hojaldre Vacuno,0
40121014,MARG SUPER FOLHADOS&CROISS -CJ X4P X5KG,CS,NULL,Margarinas,Margarina Vacuno,Hojaldre Vacuno,0
40121015,PASTELMARG A MARG. HOJAL CJ2PILX10KG,CS,NULL,Grasos,Margarinas,Hojaldre,0
40122015,MARGARINA SUPER AZUL -CJ X2P. X10KG,CS,NULL,Margarinas,Margarina Vacuno,Hojaldre Vacuno,0
40123005,PARATAPAS MARG. TAPAS PILX10KG,PIL,Pilon,Grasos,Margarinas,Tapas,0
40123015,PARATAPAS MARG. TAPAS CJ2PILX10KG,CS,NULL,Grasos,Margarinas,Tapas,2935
40124005,GOLF MARG. MASAS 0 TRANS PILX10KG,PIL,Pilon,Grasos,Margarinas,Masas,0
40124015,GOLF MARG. MASAS CJ2PILX10KG,CS,NULL,Grasos,Margarinas,Masas,1448
40125005,PASTELMARG B MARG. HOJAL PILX10KG,PIL,Pilon,Grasos,Margarinas,Hojaldre,0
40125013,MARGARINA SUPER CREMES -CJ X 5 P X 2,CS,NULL,Margarinas,Margarina Vacuno,Masas Vacuno,0
40125014,MARGARINA SUPER CREMES -CJ X4P. X5KG,CS,NULL,Margarinas,Margarina Vacuno,Masas Vacuno,0
40125015,PASTELMARG B MARG. HOJAL CJ2PILX10KG,CS,NULL,Grasos,Margarinas,Hojaldre,0
40127005,"MARGARINA ""TORTALINA"" - PILON X 10 KG",PIL,Pilon,Margarinas,Margarina Vacuno,Hojaldre Vacuno,0
40127015,"MARGARINA ""TORTALINA"" -CAJA X2P. X 10 KG",CS,NULL,Margarinas,Margarina Vacuno,Hojaldre Vacuno,0
40128005,BLANCATAPA MARG. TAPAS PILX10KG,PIL,Pilon,Grasos,Margarinas,Tapas,0
40128015,BLANCATAPA MARG. TAPAS CJ2PILX10KG,CS,NULL,Grasos,Margarinas,Tapas,0
40129005,FLOR MARG. HOJAL PILX10KG,PIL,Pilon,Grasos,Margarinas,Hojaldre,0
40129015,FLOR MARG. HOJAL CJ2PILX10KG,CS,NULL,Grasos,Margarinas,Hojaldre,0
40130005,BLANCATAPA MARG. TAPAS PILX10KG,PIL,Pilon,Margarinas,Marcas Propias Locales,Linea Taperas,0
40134005,BLANCATAPA LS MARG. TAPAS PILX10KG,PIL,Pilon,Grasos,Margarinas,Tapas,0
40134015,MARG. BLANCATAPA LS -CJ X2P. X 10 KG,CS,NULL,Margarinas,Margarina Vacuno,Tapas Vacuno,0
40135015,MARGARINA EXCEL -CJ X2P. X10KG,CS,NULL,Margarinas,Margarina Vacuno,Hojaldre Vacuno,0
40137015,MARGARINA TORTALINA -CJ X2P. X10KG,CS,NULL,Margarinas,Margarina Vacuno,Hojaldre Vacuno,0
40138005,BLANCATAPA MARG. TAPAS PILX10KG,PIL,Pilon,Grasos,Margarinas,Tapas,0
40140004,MTK MARG. MASAS PILX5KG,PIL,Pilon,Grasos,Margarinas,Masas,0
40140006,MTK MARG. MASAS PILX2KG,PIL,Pilon,Grasos,Margarinas,Masas,0
40140013,MTK MARG. MASAS CJ5PILX2KG,CS,NULL,Grasos,Margarinas,Masas,0
40140014,MTK MARG. MASAS CJ4PILX5KG,CS,NULL,Grasos,Margarinas,Masas,0
40140104,MTK MARG. MASAS 0 TRANS PILX5KG,PIL,Pilon,Grasos,Margarinas,Masas,0
40140114,MTK MARG. MASAS CJ4PILX5KG,CS,NULL,Grasos,Margarinas,Masas,0
40143004,MTK MARG. HOJAL PILX5KG,PIL,Pilon,Grasos,Margarinas,Hojaldre,0
40143013,MTK MARG. HOJAL CJ5PLACX2KG,CS,NULL,Margarinas,Marcas Propias Locales,Linea Vegetal,0
40143014,MTK MARG. HOJAL CJ4PILX5KG,CS,NULL,Grasos,Margarinas,Hojaldre,0
40143031,MTK MARG. HOJAL PLAX2KG,CS,NULL,Grasos,Margarinas,Hojaldre,0
40143077,MTK MARG. HOJAL CJ5PLACX2KG,CS,NULL,Grasos,Margarinas,Hojaldre,0
40143104,MTK MARG. HOJAL 0 TRANS PILX5KG,PIL,Pilon,Grasos,Margarinas,Hojaldre,0
40143114,MTK MARG. HOJAL CJ4PILX5KG,CS,NULL,Grasos,Margarinas,Hojaldre,201
40143131,MTK MARG. HOJAL 0 TRANS PLAX2KG,PIL,Pilon,Grasos,Margarinas,Hojaldre,0
40143177,MTK MARG. HOJAL CJ5PLACX2KG,CS,NULL,Grasos,Margarinas,Hojaldre,0
40144097,MARG MTK MASAS Y BATIDOS- CAJ x 10 Kg,CS,NULL,Margarinas,Margarina Vegetal,Masas Vegetal 0% Trans,0
40145004,MTK MARG. DELEITA PILX5KG,PIL,Pilon,Grasos,Margarinas,Masas,0
40145014,MTK MARG. DELEITA CJ4PILX5KG,CS,NULL,Grasos,Margarinas,Masas,0
40146077,MASAPLUS HOJAL. VEG. 0 TRANS CJ5PLACX2KG,CS,NULL,Grasos,Margarinas,Hojaldre,0
40147014,MASAPLUS HOJALDRE 0% TRANS CJ4PILX5KG,CS,NULL,Grasos,Margarinas,Hojaldre,0
40148004,SELECTA MELANGE MASAS 0 TRANS PILX5KG,PIL,Pilon,Grasos,Margarinas,Masas,0
40148014,SELECTA MELANGE MASAS 0 TRANS CJ4PILX5KG,CS,NULL,Grasos,Margarinas,Masas,1955
40149114,MTK MARG. HOJAL IND. CJ4PILX5KG,CS,NULL,Grasos,Margarinas,Hojaldre,0
40150005,PARATAPAS LS MARG. TAPAS PILX10KG,PIL,Pilon,Grasos,Margarinas,Tapas,0
40150015,PARATAPAS LS MARG. TAPAS CJ2PILX10KG,CS,NULL,Grasos,Margarinas,Tapas,0
40151005,MARG. PARATAPAS PQ -PILON X 10 KG,PIL,Pilon,Margarinas,Margarina Vacuno,Tapas Vacuno,0
40152005,PARATAPAS LS TEMP MARG. TAPAS PILX10KG,PIL,Pilon,Grasos,Margarinas,Tapas,0
40153114,MTK MARG. HOJAL CJ4PILX5KG- 100A,CS,NULL,Grasos,Margarinas,Hojaldre,3992
40154114,MTK MARG. MASAS CJ4PILX5KG - 100A,CS,NULL,Grasos,Margarinas,Masas,8253
40156014,MTK MARG. MASAS LT CJ4PILX5KG,CS,NULL,Grasos,Margarinas,Masas,1730
40157014,MTK MARG. HOJAL LT CJ4PILX5KG,CS,NULL,Grasos,Margarinas,Masas,699
40160004,PREMIUM MARG. HOJAL PILX5KG,PIL,Pilon,Grasos,Margarinas,Hojaldre,0
40160014,PREMIUM MARG. HOJAL CJ4PILX5KG,CS,NULL,Grasos,Margarinas,Hojaldre,0
40160031,PREMIUM MARG. HOJAL PLAX2KG,PIL,Pilon,Grasos,Margarinas,Hojaldre,0
40160077,PREMIUM MARG. HOJAL CJ5PLACX2KG,CS,NULL,Grasos,Margarinas,Hojaldre,0
40161000,Base hojaldre. 100 % veg. Ideal granel,None,NULL,Margarinas,Otras Marcas,Linea Surgras,0
40161014,MARG HOJAL. 100% VEG IDEAL -CJ X4P. X5KG,CS,NULL,Margarinas,Margarina Vegetal,Hojaldre Vegetal,0
40161077,MARG PREMIUM PLACA FOLHADOS -CJ 5PL X2KG,CS,NULL,Margarinas,Margarina Vegetal,Hojaldre Vegetal,0
40162077,MAURI PREMIUM FOLHADOS -CJ X 5 PL X 2 KG,CS,NULL,Margarinas,Margarina Vegetal,Hojaldre Vegetal,0
40163014,MARG HOJAL. 100% VEG IDEAL -CJ X4P. X5KG,CS,NULL,Margarinas,Otras Marcas,Linea Surgras,0
40165004,PREMIUM MARG. HOJAL 0% TRANS PILX5KG,PIL,Pilon,Grasos,Margarinas,Hojaldre,0
40165014,PREMIUM MARG. HOJAL 0% TRANS CJ4PILX5KG,CS,NULL,Grasos,Margarinas,Hojaldre,0
40166004,PREMIUM MARG. HOJAL 0 TRANS PILX5KG,PIL,Pilon,Grasos,Margarinas,Hojaldre,0
40166014,PREMIUM MARG. HOJAL CJ4PILX5KG,CS,NULL,Grasos,Margarinas,Hojaldre,0
40166031,PREMIUM MARG. HOJAL 0 TRANS PLAX2KG,PIL,Pilon,Grasos,Margarinas,Hojaldre,0
40166077,PREMIUM MARG. HOJAL CJ5PLACX2KG,CS,NULL,Grasos,Margarinas,Hojaldre,0
40167004,PREMIUM HOJALDRE LOW TRANS PILX5KG,PIL,Pilon,Grasos,Margarinas,Hojaldre,0
40167014,PREMIUM HOJALDRE LOW TRANS CJ4PILX5KG,CS,NULL,Grasos,Margarinas,Hojaldre,0
40168014,PREMIUM MARG. HOJAL IND. CJ4PILX5KG,CS,NULL,Grasos,Margarinas,Hojaldre,0
40169014,PREMIUM HOJALDRE con MANTECA CJ 4PILx5KG,CS,NULL,Grasos,Margarinas,Masas,0
40170004,PREMIUM MARG. MASAS PILX5KG,PIL,Pilon,Grasos,Margarinas,Masas,0
40170014,PREMIUM MARG. MASAS CJ4PILX5KG,CS,NULL,Grasos,Margarinas,Masas,0
40171014,PREMIUM HOJ LOW TRANS CJ4PILX5KG - 100A,CS,NULL,Grasos,Margarinas,Hojaldre,2013
40172014,PREMIUM HOJ. C/MAN LOW TRANS CJ 4PILx5KG,CS,NULL,Grasos,Margarinas,Masas,289
40173014,PREMIUM MASA C/MAN LOW TRANS CJ 4PILx5KG,CS,NULL,Grasos,Margarinas,Masas,1043
40174014,PREMIUM MASAS LOW TRANS CJ4PILX5KG,CS,NULL,Grasos,Margarinas,Masas,0
40175004,PREMIUM MARG. MASAS 0 TRANS PILX5KG,PIL,Pilon,Grasos,Margarinas,Masas,0
40175014,PREMIUM MARG. MASAS CJ4PILX5KG,CS,NULL,Grasos,Margarinas,Masas,0
40176014,PREMIUM MASAS con MANTECA CJ 4PILx5KG,CS,NULL,Grasos,Margarinas,Masas,0
40178014,PREMIUM MASAS LOW TRANS CJ4PILX5KG 100A,CS,NULL,Grasos,Margarinas,Masas,4129
40179014,PREMIUM MASAS LT CJ4PILX5KG,CS,NULL,Grasos,Margarinas,Masas,206
40180005,MARG PREMIUM TAPAS -PILON X 10 KG,PIL,Pilon,Margarinas,Marcas Propias Locales,Linea Vegetal,0
40180015,MARG PREMIUM TAPAS -CJ X2P. X10KG,CS,NULL,Margarinas,Marcas Propias Locales,Linea Vegetal,0
40181014,PREMIUM MASA C/MAN LT CJ 4PILx5KG,CS,NULL,Grasos,Margarinas,Masas,56
40182014,PREMIUM HOJ. C/MAN LT CJ 4PILx5KG,CS,NULL,Grasos,Margarinas,Masas,323
40183015,SUPER MARG. HOJAL LT# CJ2PILX10KG,CS,NULL,Grasos,Margarinas,Masas,66
40184015,GOLF MARG. MASAS LT CJ2PILX10KG,CS,NULL,Grasos,Margarinas,Masas,608
40185014,PREMIUM HOJALDRE LT CJ4PILX5KG,CS,NULL,Grasos,Margarinas,Hojaldre,1941
40190004,MARG PREM. MASAS/BATIDOS 0%TRANS-PILON5K,PIL,Pilon,Margarinas,Margarina Vegetal,Masas Vegetal,0
40190014,MARG PREM. MASAS/BATIDOS 0%TRANS-CJx4x5K,CS,NULL,Margarinas,Margarina Vegetal,Masas Vegetal 0% Trans,0
40190093,MARG PREM. MASAS/BATIDOS 0%TRANS-Cajx20K,CS,NULL,Grasos,Margarinas,Batidos,533
40190097,PREMIUM MARG. MASASYBAT 0% TRANS CJX10KG,CS,NULL,Grasos,Margarinas,Batidos,0
40191004,MARFINA A MARG. MASAS PILX5KG,PIL,Pilon,Margarinas,Margarina Vacuno,Masas Vacuno,0
40191005,MARFINA A MARG. MASAS PILX10KG,PIL,Pilon,Margarinas,Margarina Vacuno,Masas Vacuno,0
40191014,MARFINA A MARG. MASAS CJ4PILX5KG,CS,NULL,Grasos,Margarinas,Masas,0
40191015,MARFINA A MARG. MASAS CJ2PILX10KG,CS,NULL,Grasos,Margarinas,Masas,0
40192015,MARFINA MARG. MASAS CJ 2PILx10KG,CS,NULL,Grasos,Margarinas,Hojaldre,0
40193005,MARG MARFI -PILON X 10 KG,PIL,Pilon,Margarinas,Otras Marcas,Linea Marfina,0
40193015,MARG MARFI -CAJA X 2 PILONES X 10 KG,CS,NULL,Margarinas,Margarina Vacuno,Tapas Vacuno,0
40194015,MARG MARFI TAPAS -CAJA X 2 PIL X 10KG,CS,NULL,Grasos,Margarinas,Tapas,0
40195005,PREMIUM MARG. TAPAS 0% TRANS PILX10KG,PIL,Pilon,Grasos,Margarinas,Tapas,0
40195015,PREMIUM MARG. TAPAS 0% TRANS CJ2PILX10KG,CS,NULL,Grasos,Margarinas,Tapas,0
40196005,MARFINA MASAS -PILON X 5 KG,PIL,Pilon,Grasos,Emulsiones,Masas.,0
40196015,MARFINA MASAS -CAJA 4 PILONES X 5 KG,CS,NULL,Grasos,Emulsiones,Masas.,0
40197005,MARFINA HOJALDRE -PILON X 5 KG,PIL,Pilon,Grasos,Emulsiones,Hojaldre.,0
40197015,MARFINA HOJALDRE -CJ 4 PIL X 5 KG,CS,NULL,Grasos,Emulsiones,Hojaldre.,0
40198015,MARFINA MARG. HOJALDRE CJ 2PILx10KG,CS,NULL,Grasos,Margarinas,Masas,0
40199015,MARFINA MARG. HOJALDRE # CJ 2PILx10KG,CS,NULL,Margarinas,Margarina Vegetal,Hojaldre Vegetal,0
40210013,MARG. PREMIUM CREMES -CAJA 5 PL X 2 KG,CS,NULL,Margarinas,Margarina Vegetal,Masas Vegetal,0
40220013,MARGARINA PREMIUM BOLOS -CJ X 5 P X 2,CS,NULL,Margarinas,Margarina Vegetal,Masas Vegetal,0
40221013,MAURI PREMIUM BOLOS -CJ X 5 P X 2,CS,NULL,Margarinas,Margarina Vegetal,Masas Vegetal,0
40223005,PARATAPAS MARG. TAPAS AT PILX10KG,PIL,Pilon,Grasos,Margarinas,Tapas,0
40223015,PARATAPAS MARG. TAPAS AT CJ2PILX10KG,CS,NULL,Grasos,Margarinas,Tapas,0
40225015,PASTELMARG B MARG. HOJAL ** CJ2PILX10KG,CS,NULL,Grasos,Margarinas,Hojaldre,0
40228005,BLANCATAPA MARG. TAPAS ** PILX10KG,PIL,Pilon,Grasos,Margarinas,Tapas,0
40228015,BLANCATAPA MARG. TAPAS ** CJ2PILX10KG,CS,NULL,Grasos,Margarinas,Tapas,0
40229015,FLOR MARG. HOJAL ** CJ2PILX10KG,CS,NULL,Grasos,Margarinas,Hojaldre,767
40250005,PARATAPAS LS MARG. TAPAS ** PILX10KG,PIL,Pilon,Margarinas,Marcas Propias Locales,Linea Taperas,0
40300013,MARGARINA SUPER HOJA -CJ X 5 P X 2,CS,NULL,Margarinas,Margarina Vegetal,Hojaldre Vegetal,0
40310014,SUPER HORNEO MARG. MASAS CJ4PILX5KG,CS,NULL,Grasos,Margarinas,Masas,0
40320077,PREMIUM MARG. HOJAL CJ5PLACX2KG,CS,NULL,Margarinas,Margarina Vegetal,Hojaldre Vegetal,0
40330014,MARGARINA PREMIUM HORNEO -CJ X4P. X5KG,CS,NULL,Margarinas,Margarina Vegetal,Masas Vegetal,0
41100006,FLEISCHCREAM MARG. FOLHADOS PILX2KG,PIL,Pilon,Grasos,Margarinas,Hojaldre,0
41100013,FLEISCHCREAM MARG. FOLHADOS CJ5PILX2KG,CS,NULL,Grasos,Margarinas,Hojaldre,0
41100031,FLEISCHCREAM MARG. FOLHADOS PLAX2KG,PIL,Pilon,Grasos,Margarinas,Hojaldre,0
41100077,FLEISCHCREAM MARG. FOLHADOS CJ5PLACX2KG,CS,NULL,Grasos,Margarinas,Hojaldre,0
41101006,FLEISCHCREAM MARG. MASSAS PILX2KG,PIL,Pilon,Grasos,Margarinas,Masas,0
41101013,FLEISCHCREAM MARG. MASSAS CJ5PILX2KG,CS,NULL,Grasos,Margarinas,Masas,0
41102013,FLEISCHCREAM MARG. CROISSANTS CJ5PILX2KG,CS,NULL,Grasos,Margarinas,Masas,0
41103006,FLEISCHCREAM MARG. CREMES PILX2KG,PIL,Pilon,Grasos,Margarinas,Masas,0
41103013,FLEISCHCREAM MARG. CREMES CJ5PILX2KG,CS,NULL,Grasos,Margarinas,Masas,0
41200006,MAURICREAM MARG. FOLHADOS PILX2KG,PIL,Pilon,Grasos,Margarinas,Hojaldre,0
41200013,MAURICREAM MARG. FOLHADOS CJ5PILX2KG,CS,NULL,Grasos,Margarinas,Hojaldre,0
41200031,MAURICREAM MARG. FOLHADOS PLAX2KG,PIL,Pilon,Grasos,Margarinas,Hojaldre,0
41200077,MAURICREAM MARG. FOLHADOS CJ5PLACX2KG,CS,NULL,Grasos,Margarinas,Hojaldre,0
41201006,MAURICREAM MARG. MASSAS PILX2KG,PIL,Pilon,Grasos,Margarinas,Masas,0
41201013,MAURICREAM MARG. MASSAS CJ5PILX2KG,CS,NULL,Grasos,Margarinas,Masas,0
41202006,MAURICREAM MARG. CROISSANTS PILX2KG,PIL,Pilon,Grasos,Margarinas,Masas,0
41202013,MAURICREAM MARG. CROISSANTS CJ5PILX2KG,CS,NULL,Grasos,Margarinas,Masas,0
41203006,MAURICREAM MARG. CREMES PILX2KG,PIL,Pilon,Grasos,Margarinas,Masas,0
41203013,MAURICREAM MARG. CREMES 5PILX2KG,CS,NULL,Grasos,Margarinas,Masas,0
41300013,FLEISCHCREAM MARG. FOLHADOS ** CJ5PILX2K,CS,NULL,Grasos,Margarinas,Hojaldre,0
41300077,FLEISCHCREAM MARG. FOLHADOS ** CJ5PLACX2,CS,NULL,Grasos,Margarinas,Hojaldre,0
41400013,MAURICREAM MARG. FOLHADOS ** CJ5PILX2KG,CS,NULL,Grasos,Margarinas,Hojaldre,0
41400077,MAURICREAM MARG. FOLHADOS ** CJ5PLACX2KG,CS,NULL,Grasos,Margarinas,Hojaldre,0
42100005,MARGARINA QUETAPA PT -PILON X 10 KG,PIL,Pilon,Margarinas,Margarina Vacuno,Tapas Vacuno,0
42100015,MARGARINA QUETAPA PT -CAJA 2 P X 10 KG,CS,NULL,Margarinas,Margarina Vacuno,Tapas Vacuno,0
42110005,MARGARINA LUNALU (H) -PILON X 10 KG,PIL,Pilon,Margarinas,Margarina Vacuno,Tapas Vacuno,0
42110015,MARGARINA LUNALU (H) -CAJA 2 P X 10 KG,CS,NULL,Margarinas,Margarina Vacuno,Hojaldre Vacuno,0
42120005,MARGARINA PASTELISIMA (H) -PILON X 10KG,PIL,Pilon,Grasos,Margarinas,Hojaldre,0
42120015,MARGARINA PASTELISIMA (H) -CAJA 2X10KG,CS,NULL,Grasos,Margarinas,Hojaldre,0
42130097,MARGARINA ARO (H) -CAJA 1 PILON X 10KG,CS,NULL,Margarinas,Otras Marcas,Linea Surgras,0
42140005,MARGARINA QUETAPA HE-PILON X 10 KG,PIL,Pilon,Margarinas,Margarina Vacuno,Tapas Vacuno,0
42140015,MARGARINA QUETAPA HE-CAJA 2 P X 10 KG,CS,NULL,Servicios,Fazones H,Fazones Margarinas H,0
42150000,MARGARINA ARO HOJALDRE- GRANEL,None,NULL,Servicios,Fazones H,Fazones Margarinas H,0
42170005,MARGARINA EL PASTELERO -PILON X 10 KG,PIL,Pilon,Margarinas,Otras Marcas,Linea Surgras,0
42170097,MARGARINA EL PASTELERO -CAJA X 10 KG,CS,NULL,Margarinas,Margarina Vacuno,Masas Vacuno,0
42200015,MARG. ROLINA HOJALDRE -CAJA 2 P X 10 KG,CS,NULL,Margarinas,Margarina Vacuno,Hojaldre Vacuno,0
42210015,MARG. ROLINA REPOSTERA -CAJA 2 P X 10KG,CS,NULL,Margarinas,Otras Marcas,Linea Surgras,0
42220015,MARG. ROLINA MASAS -CAJA 2 P X 10KG,CS,NULL,Margarinas,Otras Marcas,Linea Surgras,0
42230015,MARGARINA FERSUP -CAJA 2 P X 10 KG,CS,NULL,Margarinas,Otras Marcas,Linea Surgras,0
42300015,MARG LIBERTINA HOJALDRE -CAJA 2PX10KG,CS,NULL,Margarinas,Otras Marcas,Linea Surgras,0
42310015,MARGARINA LIBERTINA SUAVE -CAJA 2PX10KG,CS,NULL,Margarinas,Otras Marcas,Linea Surgras,0
42320015,MARG LIBERTINA EXTRA SUAVE -CJ 2PX10KG,CS,NULL,Margarinas,Otras Marcas,Linea Surgras,0
42320097,MARG LIBERTINA EXTRA SUAVE -CJ 1PX10KG,CS,NULL,Margarinas,Otras Marcas,Linea Surgras,0
42330097,MARGARINA ARO -CAJA 1 PILON X10KG,CS,NULL,Margarinas,Otras Marcas,Linea Surgras,0
42340014,MARGARINA ARO TORTA -CAJA 4 P X 5KG,CS,NULL,Margarinas,Margarina Vegetal,Masas Vegetal,0
42340015,MARGARINA ARO TORTA -CAJA 2PX10KG,CS,NULL,Margarinas,Otras Marcas,Linea Surgras,0
42350014,MARGARINA ARO HOJALDRE -CAJA 4PX 5 KG,CS,NULL,Margarinas,Margarina Vegetal,Hojaldre Vegetal,0
42350015,MARGARINA ARO HOJALDRE -CAJA 2PX10KG,CS,NULL,Margarinas,Otras Marcas,Linea Surgras,0
42360014,MARG. IMPERIAL MASAS -CAJA 4PX KG,CS,NULL,Margarinas,Otras Marcas,Linea Surgras,0
42370014,MARG. IMPERIAL HOJALDRE -CAJA 4PX 5 KG,CS,NULL,Margarinas,Otras Marcas,Linea Surgras,0
42400015,MARG.PASTRIMAR HOJALDRE-CJ X2P. X10KG,CS,NULL,Servicios,Fazones Pro,Fazones Margarinas Pro,0
42403015,MARG. PASTRIMAR MASAS -CJ X2P X10KG,CS,NULL,Servicios,Fazones Pro,Fazones Margarinas Pro,0
42404005,MARG. PASTRIMAR TAPAS -PILON X10KG,PIL,Pilon,Servicios,Fazones Pro,Fazones Margarinas Pro,0
42404015,MARG. PASTRIMAR TAPAS -CJ X2P. X10KG,CS,NULL,Servicios,Fazones Pro,Fazones Margarinas Pro,0
43010015,EX - MILHOJAS MARG. HOJAL CJ2PILX10KG,CS,NULL,Grasos,Margarinas,Hojaldre,0
43020015,EX - SUPER MARG. HOJAL CJ2PILX10KG,CS,NULL,Grasos,Margarinas,Hojaldre,0
43020077,EX - SUPER MARG. HOJAL CJ5PLACX2KG,CS,NULL,Grasos,Margarinas,Hojaldre,0
43111015,EX - GOLF MARG. MASAS CJ2PILX10KG,CS,NULL,Grasos,Margarinas,Masas,0
43123015,EX - PARATAPAS MARG. TAPAS CJ2PILX10KG,CS,NULL,Grasos,Margarinas,Tapas,0
43140014,EX - MTK MARG. MASAS CJ4PILX5KG,CS,NULL,Grasos,Margarinas,Masas,0
43143014,EX - MTK MARG. HOJAL CJ4PILX5KG,CS,NULL,Grasos,Margarinas,Hojaldre,0
43160014,EX - PREMIUM MARG. HOJAL CJ4PILX5KG,CS,NULL,Grasos,Margarinas,Hojaldre,0
43160077,EX - PREMIUM MARG. HOJAL CJ5PLACX2KG,CS,NULL,Grasos,Margarinas,Hojaldre,0
43170014,EX - PREMIUM MARG. MASAS CJ4PILX5KG,CS,NULL,Grasos,Margarinas,Masas,0
45700015,MARG P/HOJ LIBERTINA (L) -CAJA 2PX10KG,CS,NULL,Servicios,Fazones Sam,Fazones Marg. Sam,0
45710015,MARG HOJ SUAVE LIBERTINA (L) - CJ 2X10,CS,NULL,Servicios,Fazones Sam,Fazones Marg. Sam,0
45720015,MARG P/ MASAS LIBERTINA (L) -CJ 2PX10KG,CS,NULL,Servicios,Fazones Sam,Fazones Marg. Sam,0
45720097,MARG P/ MASAS LIBERTINA (L) -CAJA X10KG,CS,NULL,Servicios,Fazones Sam,Fazones Marg. Sam,0
45730005,MARGARINA HALCÓN (L) -PILON x 10KG,PIL,Pilon,Servicios,Fazones Sam,Fazones Marg. Sam,0
45740014,MARG P/ TORTA PRIMICIA -CJ 4P X 5 KG,CS,NULL,Servicios,Fazones Sam,Fazones Marg. Sam,0
45750014,MARG P/ HOJALDRE PRIMICIA -CJ 4P X 5 KG,CS,NULL,Servicios,Fazones Sam,Fazones Marg. Sam,0
46000004,Margarina Delmar Pilón x 4 kg,PIL,Pilon,Margarinas,Otras Marcas,Linea La Holandesa,0
46000014,MARGARINA DELMAR -CAJA 4 P x 5 KG,CS,NULL,Margarinas,Margarina Vacuno,Masas Vacuno,0
46001004,Margarina La holandesa Pilón x 4 kg,PIL,Pilon,Margarinas,Otras Marcas,Linea La Holandesa,0
46001014,MARGARINA LA HOLANDESA -CAJA 4 P x 5 KG,CS,NULL,Margarinas,Margarina Vacuno,Masas Vacuno,0
46002004,Marg La holandesa Pilon x 5 kg,PIL,Pilon,Margarinas,Otras Marcas,Linea La Holandesa,0
46002014,Marg La Holandesa Oro Caja 4 pilon x 5kg,CS,NULL,Margarinas,Margarina Vacuno,Masas Vacuno,0
46002076,Marg. La Holandesa Oro Caja 2 pil x 5 kg,CS,NULL,Margarinas,Margarina Vacuno,Masas Vacuno,0
46003005,Marg Malbe Pilón x 10 kg,PIL,Pilon,Margarinas,Otras Marcas,Linea La Holandesa,0
46003015,MARG. MALBE HOJALDRE -CAJA 2 P x 10 KG,CS,NULL,Margarinas,Margarina Vacuno,Hojaldre Vacuno,0
46004005,Marg Malbe tapa Pilon x 10 kg,PIL,Pilon,Margarinas,Otras Marcas,Linea La Holandesa,0
46004015,MARG. MALBE TAPAS -CAJA 2 P x 10 KG,CS,NULL,Margarinas,Margarina Vacuno,Tapas Vacuno,0
46005005,Marg. Casilda Pilon x 10 kg,PIL,Pilon,Margarinas,Otras Marcas,Linea La Holandesa,0
46005015,MARGARINA CASILDA -CAJA 2 P x 10 KG,CS,NULL,Margarinas,Margarina Vacuno,Hojaldre Vacuno,0
46006005,Marg Caricia Pilón x 10 kg,PIL,Pilon,Margarinas,Otras Marcas,Linea La Holandesa,0
46006015,MARGARINA CARICIA -CAJA 2 P x 10 KG,CS,NULL,Margarinas,Margarina Vacuno,Tapas Vacuno,0
46007097,LA HOLANDESA MASA y BATIDO -CAJA x 10kg,CS,NULL,Productos grasos,Refinadas Env. Otras Marcas,La Holandesa,0
48000496,MARG P/UNTAR CARREFOUR -POTE x 200 gr,POT,Pote,Consumo Masivo,Consumo Masivo,Margarinas Carrefour,0
48000497,MARG P/UNTAR CARREFOUR -CAJA 24p x 200gr,CS,NULL,Consumo Masivo,Consumo Masivo,Margarinas Carrefour,0
48001492,MARG. P/UNTAR CARREFOUR -POTE x 500 gr,POT,Pote,Consumo Masivo,Consumo Masivo,Margarinas Carrefour,0
48001493,MARG P/UNTAR CARREFOUR -CAJA 12p x 500gr,CS,NULL,Consumo Masivo,Consumo Masivo,Margarinas Carrefour,0
48002496,MARG RED EN CAL CARREFOUR -POTE x 200 gr,POT,Pote,Consumo Masivo,Consumo Masivo,Margarinas Carrefour,0
48002497,MARG RED. EN CAL CARREF -CAJA 24p x200gr,CS,NULL,Consumo Masivo,Consumo Masivo,Margarinas Carrefour,0
48003492,MARG RED EN CAL CARREFOUR -POTE x 500 gr,POT,Pote,Consumo Masivo,Consumo Masivo,Margarinas Carrefour,0
48003493,MARG RED EN CAL CARREF-CAJA 12p x 500gr,CS,NULL,Consumo Masivo,Consumo Masivo,Margarinas Carrefour,0
48004165,MARGARINA CARREFOUR-CAJA 30 PANES x 200g,CS,NULL,Consumo Masivo,Consumo Masivo,Margarinas Carrefour,0
48004168,MARGARINA CARREFOUR -PAN x 200gr,PAN,PAN,Consumo Masivo,Consumo Masivo,Margarinas Carrefour,0
48102496,MARG JUMBO LIGHT -POTE x 200 gr,POT,Pote,Consumo Masivo,Consumo Masivo,Margarinas Jumbo,0
48102497,MARG JUMBO LIGHT x 200-CAJA 24 p x 200g,CS,NULL,Consumo Masivo,Consumo Masivo,Margarinas Jumbo,0
48104165,MARG KONTIKI -CAJA 30PANES x 200gr,CS,NULL,Consumo Masivo,Consumo Masivo,Margarinas Jumbo,0
48104168,MARG KONTIKI -PAN x 200gr,PAN,PAN,Consumo Masivo,Consumo Masivo,Margarinas Jumbo,0
48200496,MARG LEADER PRICE UNTAR x200 - pote 200g,POT,Pote,Consumo Masivo,Consumo Masivo,Margarinas Leader Price,0
48200497,MARG LEADER PRICE UNTAR x200 -cj 24x200g,CS,NULL,Consumo Masivo,Consumo Masivo,Margarinas Leader Price,0
48201492,MARG LEADER PRICE UNTAR x500 -pote 500g,POT,Pote,Consumo Masivo,Consumo Masivo,Margarinas Leader Price,0
48201493,MARG LEADER PRICE UNTAR x500 -CJ 12x500g,CS,NULL,Consumo Masivo,Consumo Masivo,Margarinas Leader Price,0
48202496,MARG LEADER PRICE LIGHT x 200-pote 200g,POT,Pote,Consumo Masivo,Consumo Masivo,Margarinas Leader Price,0
48202497,MARG LEADER PRICE LIGHT x 200-CJ 24x200g,CS,NULL,Consumo Masivo,Consumo Masivo,Margarinas Leader Price,0
48203492,MARG LEADER PRICE LIGHT x 500-pote 500g,POT,Pote,Consumo Masivo,Consumo Masivo,Margarinas Leader Price,0
48203493,MARG LEADER PRICE LIGHT x 500-CJ 12x500g,CS,NULL,Consumo Masivo,Consumo Masivo,Margarinas Leader Price,0
48204165,MARG LEADER PRICE pan x 200 -CJ 30Px200g,CS,NULL,Consumo Masivo,Consumo Masivo,Margarinas Leader Price,0
48204168,MARG LEADER PRICE pan -pan 200g,PAN,PAN,Consumo Masivo,Consumo Masivo,Margarinas Leader Price,0
49111015,MASAPLUS MARG. MASAS CJ2PILX10KG,CS,NULL,Grasos,Margarinas,Hojaldre,0
49141014,MASAPLUS MARG. MTK 0 TRANS CJ4PILX5KG,CS,NULL,Grasos,Margarinas,Masas,0
49150015,MARG. MASAPLUS HOJALDRE CJ2PILX10KG,CS,NULL,Grasos,Margarinas,Hojaldre,0
49151015,MASAPLUS MARG. MASAS 0T CJ2PILX10KG,CS,NULL,Grasos,Margarinas,Masas,0
49153031,MASAPLUS MARG. HOJAL ** PLAX2KG,PIL,Pilon,Grasos,Margarinas,Hojaldre,0
49161014,MASAPLUS MARG. HOJA VEG. 0T CJ4PILX5KG,None,NULL,Grasos,Margarinas,Hojaldre,0
49161077,MASAPLUS MARG. HOJA VEG 0% T CJ5PLACX2KG,None,NULL,Grasos,Margarinas,Hojaldre,0
49162031,MASAPLUS MARG HOJA VEGETAL 0T PLAX2KG_CH,PIL,Pilon,Grasos,Margarinas,Hojaldre,0
49162077,MASAPLUS MARG H VEGETAL 0T CJ5PLAX2KG_CH,CS,NULL,Grasos,Margarinas,Hojaldre,0
49171014,MASAPLUS MARG. HORNEO VEG 0T CJ4PILX5,CS,NULL,Grasos,Margarinas,Masas,0
60000132,POLVO DE HORNEAR PREMIADA -BALDE X 4 KG,BAL,Balde,BI,Polvo de hornear y otros aditi,Polvo de Hornear,0
61010000,"POLVO DE HORNEAR ""FLOR"" -GRANEL",None,NULL,BI,Polvo de hornear y otros aditi,Polvo de Hornear,0
61010030,LP POLVO PARA HORNEAR FLOR BOLSA X 2KG,BAG,NULL,BI,Polvo de hornear y otros aditi,Polvo de Hornear,374
61010034,LP POLVO PARA HORNEAR FLOR BOLSA X 4KG,BAG,NULL,BI,Polvo de hornear y otros aditi,Polvo de Hornear,1214
61010035,LP POLVO PARA HORNEAR FLOR BOL. X25 KG,BAG,NULL,BI,Polvo de hornear y otros aditi,Polvo de Hornear,0
61010044,LP POLVO PARA HORNEAR FLOR BOL. X30 KG,BAG,NULL,BI,Polvo de hornear y otros aditi,Polvo de Hornear,0
61010047,"POLVO DE HORNEAR ""FLOR"" -BLS 50 KG",BAG,NULL,BI,Polvo de hornear y otros aditi,Polvo de Hornear,0
61010051,LP POLVO PARA HORNEAR FLOR POTE X2 KG,POT,Pote,BI,Polvo de hornear y otros aditi,Polvo de Hornear,0
61010053,"POLVO DE HORNEAR ""FLOR"" -LTA 5 KG",LA1,Lata,BI,Polvo de hornear y otros aditi,Polvo de Hornear,0
61010066,"POLVO DE HORNEAR ""FLOR"" -BLD 5 KG",BAL,Balde,BI,Polvo de hornear y otros aditi,Polvo de Hornear,0
61010070,POLVO DE HORNEAR -LTA X 2 KG,LA1,Lata,BI,Polvo de hornear y otros aditi,Polvo de Hornear,0
61010073,POLVO DE HORNEAR FLOR -CAJA 4 LAT X 2 KG,CS,NULL,BI,Polvo de hornear y otros aditi,Polvo de Hornear,0
61010086,"POLVO DE HORNEAR ""FLOR"" -CJ 4 BALD.X5K",CS,NULL,BI,Polvo de hornear y otros aditi,Polvo de Hornear,0
61010132,LP POLVO PARA HORNEAR FLOR BALDE X4 KG,BAL,Balde,BI,Polvo de hornear y otros aditi,Polvo de Hornear,0
61010134,LP POLVO PARA HORNEAR FLOR CJ 4X2 KG,CS,NULL,BI,Polvo de hornear y otros aditi,Polvo de Hornear,0
61010139,"POLVO DE HORNEAR ""FLOR"" -CJ. 4 BLD X 4KG",CS,NULL,BI,Polvo de hornear y otros aditi,Polvo de Hornear,0
61010143,LP POLVO PARA HORNEAR FLOR CJ6X2 KG,CS,NULL,BI,Polvo de hornear y otros aditi,Polvo de Hornear,0
61010148,POLVO DE HORNEAR FLOR -CAJA 6 BLS X 4 KG,CS,NULL,BI,Polvo de hornear y otros aditi,Polvo de Hornear,0
61010194,LP POLVO PARA HORNEAR FLOR CJ5x2 KG,CS,NULL,BI,Polvo de hornear y otros aditi,Polvo de Hornear,0
61010195,LP POLVO PARA HORNEAR FLOR CJ4X4 KG,CS,NULL,BI,Polvo de hornear y otros aditi,Polvo de Hornear,1641
61010200,LP POLVO PARA HORNEAR FLOR CJ8X2 KG,CS,NULL,BI,Polvo de hornear y otros aditi,Polvo de Hornear,815
61011044,POLVO DE HORNEAR BM -BLS 30 KG,BAG,NULL,BI,Polvo de hornear y otros aditi,Polvo de Hornear,0
61012134,FERMENTO QUIMICO MAURI -CJ. 4 PTES X2K,CS,NULL,BI,Polvo de hornear y otros aditi,Polvo de Hornear,0
61012143,FERMENTO QUIMICO MAURI -CJ 6 B.X 2 KG,CS,NULL,BI,Polvo de hornear y otros aditi,Polvo de Hornear,0
61013035,POLVO PARA HORNEAR FAZON BOL. X25 KG,BAG,NULL,BI,Polvo de hornear y otros aditi,Polvo de Hornear,0
61013044,POLVO PARA HORNEAR FAZON BOL. X30 KG,BAG,NULL,BI,Polvo de hornear y otros aditi,Polvo de Hornear,0
61013051,POLVO PARA HORNEAR FAZON POTE X2 KG,POT,Pote,BI,Polvo de hornear y otros aditi,Polvo de Hornear,0
61013132,POLVO PARA HORNEAR FAZON BALDE X4 KG,BAL,Balde,BI,Polvo de hornear y otros aditi,Polvo de Hornear,0
61013134,POLVO PARA HORNEAR FAZON CJ 4X2 KG,CS,NULL,BI,Polvo de hornear y otros aditi,Polvo de Hornear,0
61014032,DUQUESA POLVO PARA HORNEAR BOL.3 KG_EXPO,BAG,NULL,BI,Polvo de hornear y otros aditi,Polvo de Hornear,0
61014145,DUQUESA POLVO PARA HORNEAR CJ6X3 KG_EXPO,CS,NULL,BI,Polvo de hornear y otros aditi,Polvo de Hornear,0
62010051,LP EMULSIONANTE GEL POTE X2 KG,POT,Pote,BI,Polvo de hornear y otros aditi,Emulsionante,0
62010062,LP EMULSIONANTE GEL BALDE X20 KG,BAL,Balde,BI,Polvo de hornear y otros aditi,Emulsionante,0
62010085,LP EMULSIONANTE GEL CJ 6X2 KG,CS,NULL,BI,Polvo de hornear y otros aditi,Emulsionante,0
62010132,LP EMULSIONANTE GEL POTE X4 KG,POT,Pote,BI,Polvo de hornear y otros aditi,Emulsionante,631
63110042,ADITIVO CALSA 750 F. 22 -BOLSA X 10 KG,BAG,NULL,BI,Mejoradores,Comun,0
63120042,ADITIVO CALSA 750 F. 13 -BLS 10 KG,BAG,NULL,BI,Mejoradores,Comun,0
63130042,ADITIVO CALSA 750 PLUS -BLS 10 KG,BAG,NULL,BI,Mejoradores,Comun,0
63190042,"SEMITA DIAST. ""DIASTARINA"" -BLS 10 KG",BAG,NULL,Mejoradores,Mejoradores,Otros mejoradores,0
63200042,ADITIVO TABLAS PLUS SB -BLS 10 KG,BAG,NULL,BI,Mejoradores,Comun,0
63201042,LP MEJ. SB TABLAS BOL.10 KG,BAG,NULL,BI,Mejoradores,Comun,0
63201116,"NUEVO SB TABLAS -BOLSA X 1,5 KG",BAG,NULL,BI,Mejoradores,Comun,0
63201144,LP MEJ. SB TABLAS CJ2X10 KG,CS,NULL,BI,Mejoradores,Comun,0
63210042,ADITIVO DIRECTO PLUS SB -BLS 10 KG,BAG,NULL,BI,Mejoradores,Comun,0
63211035,NUEVO SB DIRECTO -BLS X 25 KG,BAG,NULL,BI,Mejoradores,Comun,0
63211042,LP MEJ. SB DIRECTO BOL.10 KG,BAG,NULL,BI,Mejoradores,Comun,0
63211116,"NUEVO SB DIRECTO -BOLSA X 1,5 KG",BAG,NULL,BI,Mejoradores,Comun,0
63211144,LP MEJ. SB DIRECTO CJ2X10 KG,CS,NULL,BI,Mejoradores,Comun,0
63212144,MEJ. SB DIRECTO GENz -CJ. 2 BLS X 10 KG,CS,NULL,BI,Mejoradores,Comun,0
63220042,ADITIVO BAGUETTE SB -BOLSA X 10 KG,BAG,NULL,BI,Mejoradores,Especifico,0
63220144,MEJORADOR BAGUETTE SB -CJ. 2 BLS X 10 KG,CS,NULL,BI,Mejoradores,Especifico,0
63221144,Mej PAN FRANCES FLEISCHMANN WM-C2Bx10kg,CS,NULL,BI,Mejoradores,Especifico,0
63222042,MPA 100 - MEJ PANETONNE FLEISCH BLSx10KG,BAG,NULL,BI,Mejoradores,Especifico,0
63222144,MPA 100 - MEJ PANETONNE FLEISCH CJx20Kg,CS,NULL,BI,Mejoradores,Especifico,0
63223042,FLEISCH. MEJ. MFC721-FACT. CONG. BOL.10,CS,NULL,BI,Mejoradores,Especifico,0
63223144,FLEISCH. MEJ. MFC721-FACT. CONG. CJ2X10,CS,NULL,BI,Mejoradores,Especifico,0
63230486,"LP MEJ.CONC. CALSA MAX POTE X1,5 KG",POT,Pote,BI,Mejoradores,Concentrado,643
63230490,"LP MEJ.CONC. CALSA MAX CJ 4X1,5 KG",CS,NULL,BI,Mejoradores,Concentrado,1871
63230492,LP MEJ.CONC. CALSA MAX POTE X500 G,POT,Pote,BI,Mejoradores,Concentrado,15
63230493,LP MEJ.CONC. CALSA MAX CJ 12X500 G,CS,NULL,BI,Mejoradores,Concentrado,520
63231489,"MEJ CALSA MAX SB Concentrado -6 x 0,5 kg",CS,NULL,BI,Mejoradores,Concentrado,0
63231493,"MEJ CALSA MAX SB Concentrado -12 x0,5 kg",CS,NULL,BI,Mejoradores,Concentrado,0
63232042,FL MEJ. CONCENTRADO NÚCLEO BOL.10KG_EXPO,BAG,NULL,BI,Mejoradores,Concentrado,0
63232144,FL MEJ. CONCENTRADO NÚCLEO CJ2X10KG_EXPO,CS,NULL,BI,Mejoradores,Concentrado,0
63240043,MEJORADOR CONC. FORMULA N -BOLSA X 20 KG,BAG,NULL,BI,Mejoradores,Concentrado,0
63240486,"LP MEJ.CONC. FORMULA N POTE X1,5 KG",POT,Pote,BI,Mejoradores,Concentrado,26
63240490,"LP MEJ.CONC. FORMULA N CJ 4X1,5 KG",CS,NULL,BI,Mejoradores,Concentrado,50
63245486,"MEJ. FORMULA C Concentrado-POTE X 1,5 KG",POT,Pote,BI,Mejoradores,Concentrado,0
63245490,"MEJ FORMULA C Concentrado -CJ 4 PX1,5kg",CS,NULL,BI,Mejoradores,Concentrado,0
63250033,MEJORADOR FORMULA UNO - BOLSA x 1 Kg.,BAG,NULL,BI,Mejoradores,Comun,0
63250042,LP MEJ. FORMULA UNO BOL.10 KG,BAG,NULL,BI,Mejoradores,Comun,1724
63250116,"MEJORADOR FORMULA UNO -BOLSA X 1,5 KG",CS,NULL,BI,Mejoradores,Comun,0
63250144,LP MEJ. FORMULA UNO CJ2X10 KG,CS,NULL,BI,Mejoradores,Comun,2050
63250481,LP MEJ. FORMULA UNO BOLSON 780KG,None,NULL,BI,Mejoradores,Comun,0
63251042,TY MEJ. TP520 BOL.10 KG_EXPO,BAG,NULL,BI,Mejoradores,Comun,0
63251144,TY MEJ. TP520 CJ2X10 KG_EXPO,CS,NULL,BI,Mejoradores,Comun,0
63252032,TY MEJ. TP200 BOL.3 KG_EXPO,BAG,NULL,BI,Mejoradores,Comun,0
63252145,TY MEJ. TP200 CJ6X3 KG_EXPO,CS,NULL,BI,Mejoradores,Comun,0
63253042,FL MEJ. FLEXIPAN (FAZON) BOL.10 KG_EXPO,BAG,NULL,BI,Mejoradores,Comun,0
63253144,FL MEJ. FLEXIPAN (FAZON) CJ2X10 KG,CS,NULL,BI,Mejoradores,Comun,0
63254042,TY MEJ. TP520 (FAZON) BOL.10 KG_EXPO,BAG,NULL,BI,Mejoradores,Comun,0
63254144,TY MEJ. TP520 (FAZON) CJ2X10 KG_EXPO,CS,NULL,BI,Mejoradores,Comun,0
63255042,TY MEJ. TERRYPAN (FAZON) BOL.10 KG_EXPO,BAG,NULL,BI,Mejoradores,Comun,0
63255144,TY MEJ. TERRYPAN (FAZON) CJ2X10 KG_EXPO,CS,NULL,BI,Mejoradores,Comun,0
63256042,PREMIADA MEJORADOR FAZON BOL.9 KG_EXPO,BAG,NULL,BI,Mejoradores,Comun,0
63256144,PREMIADA MEJORADOR FAZON CJ2X9 KG_EXPO,CS,NULL,BI,Mejoradores,Comun,0
63257042,LP MEJ. FORMULA UNO BOL.10 KG 100A,BAG,NULL,BI,Mejoradores,Comun,712
63257144,LP MEJ. FORMULA UNO CJ2X10 KG 100A,CS,NULL,BI,Mejoradores,Comun,780
63260033,MEJORADOR PLUS 2000 -BOLSA x 1 Kg.,BAG,NULL,BI,Mejoradores,Comun,0
63260042,LP MEJ. PLUS 2000 BOL.10 KG,BAG,NULL,BI,Mejoradores,Comun,0
63260116,"MEJORADOR PLUS 2000 -BOLSA X 1,5 KG",BAG,NULL,BI,Mejoradores,Comun,0
63260144,LP MEJ. PLUS 2000 CJ2X10 KG,CS,NULL,BI,Mejoradores,Comun,0
63260146,"MEJORADOR PLUS 2000 -CAJA 10BOL X 1,5 KG",CS,NULL,BI,Mejoradores,Comun,0
63261493,MEJ PLUS 2000 M Gratis,BAG,NULL,BI,Mejoradores,Comun,0
63262487,Mej Plus 2000 muestra gratis,CS,NULL,BI,Mejoradores,Comun,0
63270042,MEJ. LA HOLANDESA DIRECTO - BOLSA 10 KG,BAG,NULL,BI,Mejoradores,Comun,0
63270144,MEJ. LA HOLAN DIRECTO -CJ. 2 BLS X 10 KG,CS,NULL,BI,Mejoradores,Comun,0
63279035,FLEISCH. MEJ. VERON 2000 BOL. X25 KG,BAG,NULL,BI,Mejoradores,Comun,0
63280042,MEJ. LA HOLANDESA TABLAS - BOLSA 10 KG,BAG,NULL,BI,Mejoradores,Comun,0
63280144,MEJ. LA HOLAN TABLAS -CJ. 2 BLS X 10 KG,CS,NULL,BI,Mejoradores,Comun,0
63290498,SOLUCION PANIFICADORA - ENVASE 500 CM3,BOT,Botella,Mejoradores,Mejoradores,Mejoradores Liquidos,0
63290499,SOLUCION PANIFICADORA - ENVASE 900 CM3,BOT,Botella,Mejoradores,Mejoradores,Mejoradores Liquidos,0
63290500,SOLUCION PANIFICADORA -CAJA 4 ENV 500CM3,CS,NULL,Mejoradores,Mejoradores,Mejoradores Liquidos,0
63290501,SOLUCION PANIFICADORA -CAJA 4 ENV 900CM3,CS,NULL,Mejoradores,Mejoradores,Mejoradores Liquidos,0
63300042,ADITIVO PAN DE VIENA -BLS 10 KG,BAG,NULL,BI,Mejoradores,Especifico,0
63301042,ADITIVO PAN DE VIENA-SB -BLS 10 KG,BAG,NULL,BI,Mejoradores,Especifico,0
63301144,MEJ. PAN DE VIENA SB -CJ. 2 BLS X 10 KG,CS,NULL,BI,Mejoradores,Especifico,0
63311035,ADITIVO PAN INGLES SB -BLS X 25 KG,BAG,NULL,BI,Mejoradores,Especifico,0
63311137,"ADITIVO PAN INGLES-SB -BOLSA X 7,5 KG",BAG,NULL,BI,Mejoradores,Especifico,0
63311149,"MEJORADOR PAN INGLES SB -CJ 2 B X 7,5 KG",CS,NULL,BI,Mejoradores,Especifico,0
63312035,ADITIVO PAN DE MOLDE SB -BLS X 25 KG,BAG,NULL,BI,Mejoradores,Especifico,0
63320035,ADITIVO BAGUETTE SB -BOLSA X 25 KG,BAG,NULL,BI,Mejoradores,Especifico,0
63320042,ADITIVO BAGUETTE -BOLSA X 10 KG,BAG,NULL,BI,Mejoradores,Especifico,0
63330032,ADITIVO PAN DULCE -BLS 3 KG,BAG,NULL,BI,Mejoradores,Especifico,0
63330035,ADITIVO PAN DULCE SB -BLS X 25 KG,BAG,NULL,BI,Mejoradores,Especifico,0
63330043,ADITIVO PAN DULCE SB -BOLSA X 20 KG,BAG,NULL,BI,Mejoradores,Especifico,0
63330145,ADITIVO PAN DULCE -CJ. 6 BLS X 3 KG,CS,NULL,BI,Mejoradores,Especifico,0
63340042,MEJORADOR MAS-PAN - BOLSA 10 KG,BAG,NULL,BI,Mejoradores,Especifico,0
63340144,MEJORADOR MAS-PAN -CAJ 2 BOLSAS X 10 KG,CS,NULL,BI,Mejoradores,Especifico,0
64004035,ADITIVO CONGELADOS NRO.4 -BOLSA X 25 KG,BAG,NULL,BI,Mejoradores,Especifico,0
64004043,ADITIVO CONGELADOS NRO.4 -BLS 20 KG,BAG,NULL,BI,Mejoradores,Especifico,0
64005035,ADITIVO CONGELADOS NRO.5 -BLS X 25 KG,BAG,NULL,BI,Mejoradores,Especifico,0
64005042,ADITIVO PARA CONGELADOS N5 -BLS 10 KG,BAG,NULL,BI,Mejoradores,Especifico,0
64006035,ADITIVO FB1 -BLS X 25 KG,BAG,NULL,BI,Mejoradores,Comun,0
64007042,MEJORADOR SB FORMULA C -BLS 10 KG,BAG,NULL,BI,Mejoradores,Comun,0
64007144,MEJORADOR SB FORMULA C -CJ. 2 BLS X10KG,CS,NULL,BI,Mejoradores,Comun,0
64008042,MEJORADOR FORMULA T - BOLSA 10KG,BAG,NULL,BI,Mejoradores,Comun,0
64008144,MEJORADOR FORMULA T -CJ. 2 BLS X10KG,CS,NULL,BI,Mejoradores,Comun,0
64009042,LP MEJ. MEJORMIGA BOL.10 KG,BAG,NULL,BI,Mejoradores,Especifico,371
64009144,LP MEJ. MEJORMIGA CJ2X10 KG,CS,NULL,BI,Mejoradores,Especifico,1544
64010042,MEJORADOR FORMULA Q - BOLSA 10KG,BAG,NULL,BI,Mejoradores,Comun,0
64010144,MEJORADOR FORMULA Q -CJ. 2 BLS X10KG,CS,NULL,BI,Mejoradores,Comun,0
64011043,MEJORADOR FORMULA F -BOLSA 20 KG,BAG,NULL,BI,Mejoradores,Comun,0
64012482,"MEJ. EN PASTA ""ZAS"" -POTE x 165 grs",POT,Pote,BI,Mejoradores,Concentrado,0
64012483,"MEJ. EN PASTA ""ZAS"" -CAJA 30 p x 165 grs",CS,NULL,BI,Mejoradores,Concentrado,0
64013042,FLEISCH. MEJ. SOFTASE 857 BK BOL.10 KG,BAG,NULL,BI,Mejoradores,Especifico,0
64013144,FLEISCH. MEJ. SOFTASE 857 BK CJ2X10 KG,CS,NULL,BI,Mejoradores,Especifico,0
64014042,FLEISCH. MEJ. MPM101-PAN DE MOLDE BOL.10,CS,NULL,BI,Mejoradores,Especifico,0
64014144,FLEISCH. MEJ. MPM101-PAN DE MOLDE CJ2X10,CS,NULL,BI,Mejoradores,Especifico,0
64015042,FLEISCH. MEJ. MPM201-PAN DE MOLDE BOL.10,CS,NULL,BI,Mejoradores,Especifico,0
64015144,FLEISCH. MEJ. MPM201-PAN DE MOLDE CJ2X10,CS,NULL,BI,Mejoradores,Especifico,0
64016042,MPM 200 - MEJ FLEISCHMANN - BLS x10KG,CS,NULL,BI,Mejoradores,Especifico,0
64017042,FLEISCH. MEJ. MPM331-PAN DE MOLDE BOL.10,CS,NULL,BI,Mejoradores,Especifico,0
64017144,FLEISCH. MEJ. MPM331-PAN DE MOLDE CJ2X10,CS,NULL,BI,Mejoradores,Especifico,0
64018042,FLEISCH. PREM. PPB546-BOLLERIA BOL.10 KG,CS,NULL,BI,Premezclas,Panaderia,0
64018144,FLEISCH. PREM. PPB546-BOLLERIA CJ2X10 KG,CS,NULL,BI,Premezclas,Panaderia,0
64020034,LP MEJ. PANES BLANDOS BOL x 4KG,BAG,NULL,BI,Premezclas,Panaderia,18
64020157,LP MEJ. PANES BLANDOS BOL x 5KG,BAG,NULL,BI,Premezclas,Panaderia,0
64020195,LP MEJ. PANES BLANDOS CJ 4x4 KG,CS,NULL,BI,Premezclas,Panaderia,107
64020208,LP MEJ. PANES BLANDOS CJ 4x5 KG,CS,NULL,BI,Premezclas,Pasteleria,0
64021032,LP. MEJ. FACTURAS Y MEDIALUNAS Bol 3 KG,BAG,NULL,BI,Premezclas,Panaderia,0
64021145,LP. MEJ. FACTURAS Y MEDIALUNAS CJ 6x3KG,CS,NULL,BI,Premezclas,Panaderia,0
64022042,MJ AB Mauri Q303 BOL x 10 KG,BAG,NULL,BI,Mejoradores,Comun,0
64022144,MJ AB Mauri Q303 CJ 2x10 KG,CS,NULL,BI,Mejoradores,Comun,0
64023042,MJ AB Mauri S101 BOL x 10 KG,BAG,NULL,BI,Mejoradores,Comun,0
64023144,MJ AB Mauri S101 CJ 2x10 KG,CS,NULL,BI,Mejoradores,Comun,0
65000093,MELHORADOR BP -CJ DE 20 KG,CS,NULL,BI,Mejoradores,Comun,0
65000198,AMOSTRAS MELHORADOR BP -CJ X 6 UN.X 1,CS,NULL,BI,Mejoradores,Comun,0
65010093,MELHORADOR BP 500 -CJ DE 20 KG,CS,NULL,BI,Mejoradores,Comun,0
65010198,AMOSTRAS MELHORADOR BP500 -CJ X 6 UN.X 1,CS,NULL,BI,Mejoradores,Comun,0
70010144,MEJORADOR SB TABLAS GEN -CJ 2 BLS X10 KG,CS,NULL,BI,Mejoradores,Comun,0
70020144,MEJ. SB DIRECTO GEN -CJ. 2 BLS X 10 KG,CS,NULL,BI,Mejoradores,Comun,0
70030486,"MEJORADOR GENZANO 35 -POTES 1,5KG",POT,Pote,BI,Mejoradores,Concentrado,0
70030490,"MEJORADOR GENZANO 35 -CJ 4 P X1,5 KG",CS,NULL,BI,Mejoradores,Concentrado,0
70100199,JARRAS DOSIFICADORAS -CJ X 20 UN,CS,NULL,Participaciones publicitarias,Articulos promocionales,Productos promocionales,0
71101010,ALMANAQUE CALSA -C/U,None,NULL,Participaciones publicitarias,Articulos promocionales,Productos promocionales,0
71102010,ALMANAQUE FERMOLAC -C/U,None,NULL,Participaciones publicitarias,Articulos promocionales,Productos promocionales,0
71103010,ALMANAQUE CALSA INSTITUCIONAL -C/U,None,NULL,Participaciones publicitarias,Articulos promocionales,Productos promocionales,0
71104010,ALMANAQUE TERRY -C/U,None,NULL,Participaciones publicitarias,Articulos promocionales,Productos promocionales,0
71203010,RECETARIO ILUSTRADO -C/U,None,NULL,Participaciones publicitarias,Articulos promocionales,Productos promocionales,0
71408010,BIRRETE CALSA -C/U,None,NULL,Participaciones publicitarias,Articulos promocionales,Productos promocionales,0
71508010,DELANTAL CALSA -C/U,None,NULL,Participaciones publicitarias,Articulos promocionales,Productos promocionales,0
71608010,REMERA PLUS SB -C/U,None,NULL,Participaciones publicitarias,Articulos promocionales,Productos promocionales,0
71609010,REMERA CALSA -C/U,None,NULL,Participaciones publicitarias,Articulos promocionales,Productos promocionales,0
71610010,REMERA FERMOLAC -C/U,None,NULL,Participaciones publicitarias,Articulos promocionales,Productos promocionales,0
71611010,REMERA CALSA (s/cargo),None,NULL,Participaciones publicitarias,Articulos promocionales,Productos promocionales,0
71620010,REMERA PREMIUM -C/U,None,NULL,Participaciones publicitarias,Articulos promocionales,Productos promocionales,0
71700010,BUZO BLANCO CALSA -C/U,None,NULL,Participaciones publicitarias,Articulos promocionales,Productos promocionales,0
71701010,"CHOMBA ""M"" DISTRIBUIDOR CALSA -C/U",None,NULL,Participaciones publicitarias,Articulos promocionales,Productos promocionales,0
71702010,"CHOMBA ""L"" DISTRIBUIDOR CALSA -C/U",None,NULL,Participaciones publicitarias,Articulos promocionales,Productos promocionales,0
71703010,"CHOMBA ""XL"" DISTRIBUIDOR CALSA -C/U",None,NULL,Participaciones publicitarias,Articulos promocionales,Productos promocionales,0
71704010,"PANTALON ""M"" DISTRIB.CALSA -C/U",None,NULL,Participaciones publicitarias,Articulos promocionales,Productos promocionales,0
71705010,"PANTALON ""L"" DISTRIB.CALSA -C/U",None,NULL,Participaciones publicitarias,Articulos promocionales,Productos promocionales,0
71707010,"PANTALON ""XL"" DISTRIB.CALSA -C/U",None,NULL,Participaciones publicitarias,Articulos promocionales,Productos promocionales,0
71708010,BUZO BLANCO CALSA - MOLINOS ( M) C/U,None,NULL,Participaciones publicitarias,Articulos promocionales,Productos promocionales,0
71709010,BUZO BLANCO CALSA - MOLINOS ( L) C/U,None,NULL,Participaciones publicitarias,Articulos promocionales,Productos promocionales,0
71710010,BUZO BLANCO CALSA - MOLINOS ( XL) C/U,None,NULL,Participaciones publicitarias,Articulos promocionales,Productos promocionales,0
71800582,ESPATULAS CALSA -PAQ X 50 UN,None,NULL,Participaciones publicitarias,Articulos promocionales,Productos promocionales,0
71810582,ESPATULAS GENZANO -PAQUETE X 50 UN,None,NULL,Participaciones publicitarias,Articulos promocionales,Productos promocionales,0
71820010,CONJ.CHAQ-PANT. CALSA LARGE -C/U,None,NULL,Participaciones publicitarias,Articulos promocionales,Productos promocionales,0
71830010,CONJ.CHAQ-PANT. CALSA XLARGE -C/U,None,NULL,Participaciones publicitarias,Articulos promocionales,Productos promocionales,0
71840010,CONJ. CHAQ-PANT. CALSA XXLARGE -C/U,None,NULL,Participaciones publicitarias,Articulos promocionales,Productos promocionales,0
71850010,REMERA C/LOGO CALSA/DIST X120U -C/U,None,NULL,Participaciones publicitarias,Articulos promocionales,Productos promocionales,0
71850583,REMERA C/L.CALSA/DIST -PAQ X 120 UN,None,NULL,Participaciones publicitarias,Articulos promocionales,Productos promocionales,0
71869010,Gorras Promo CALSA,None,NULL,Participaciones publicitarias,Articulos promocionales,Productos promocionales,0
71870010,Remera Raspadita CALSA,None,NULL,Participaciones publicitarias,Articulos promocionales,Productos promocionales,0
71872010,Bicicletas Raspadita CALSA,None,NULL,Participaciones publicitarias,Articulos promocionales,Productos promocionales,0
71874010,Radio Portatil Rasp CALSA,None,NULL,Participaciones publicitarias,Articulos promocionales,Productos promocionales,0
71876010,Camara Fotografica Rasp CALSA,None,NULL,Participaciones publicitarias,Articulos promocionales,Productos promocionales,0
71878010,Bolso Marinero Raspadita CALSA,None,NULL,Participaciones publicitarias,Articulos promocionales,Productos promocionales,0
71880010,AGARRADERA LPF CALSA - C/U,None,NULL,Participaciones publicitarias,Articulos promocionales,Productos promocionales,0
71881010,BOLSAS LPF CALSA - C/U,None,NULL,Participaciones publicitarias,Articulos promocionales,Productos promocionales,0
71882010,MOCHILA PLAN INCEN. CALSA C/U,None,NULL,Participaciones publicitarias,Articulos promocionales,Productos promocionales,0
71884010,BOLSO PLAN INCEN. CALSA C/U,None,NULL,Participaciones publicitarias,Articulos promocionales,Productos promocionales,0
71886010,PANTALON PLAN INCEN. CALSA T.S -C/U,None,NULL,Participaciones publicitarias,Articulos promocionales,Productos promocionales,0
71887010,PANTALON PLAN INCEN. CALSA T.M -C/U,None,NULL,Participaciones publicitarias,Articulos promocionales,Productos promocionales,0
71888010,PANTALON PLAN INCEN. CALSA T.L -C/U,None,NULL,Participaciones publicitarias,Articulos promocionales,Productos promocionales,0
71889010,PANTALON PLAN INCEN. CALSA T.XL-C/U,None,NULL,Participaciones publicitarias,Articulos promocionales,Productos promocionales,0
71894010,CHOMBA INCENTIVO CALSA T.L-C/U,None,NULL,Participaciones publicitarias,Articulos promocionales,Productos promocionales,0
71895010,CHOMBA INCENTIVO CALSA T.XL-C/U,None,NULL,Participaciones publicitarias,Articulos promocionales,Productos promocionales,0
71900010,BOTELLA DE CHAMPAÑA B.NIETO -C/U,None,NULL,Participaciones publicitarias,Articulos promocionales,Productos promocionales,0
71901010,CANASTA NAVIDEÑA DE MIMBRE -C/U,None,NULL,Participaciones publicitarias,Articulos promocionales,Productos promocionales,0
71902010,KIT ACCION UNO -C/U,None,NULL,Participaciones publicitarias,Articulos promocionales,Productos promocionales,0
71903010,KIT ACCION DOS -C/U,None,NULL,Participaciones publicitarias,Articulos promocionales,Productos promocionales,0
71904010,REMERA BIBU -C/U,None,NULL,Participaciones publicitarias,Articulos promocionales,Productos promocionales,0
71905010,BUZOS BIBU -C/U,None,NULL,Participaciones publicitarias,Articulos promocionales,Productos promocionales,0
71906010,DELANTALES BIBU -C/U,None,NULL,Participaciones publicitarias,Articulos promocionales,Productos promocionales,0
71907010,PORTABLOCK BIBU -C/U,None,NULL,Participaciones publicitarias,Articulos promocionales,Productos promocionales,0
71908010,BLOCK BIBU -C/U,None,NULL,Participaciones publicitarias,Articulos promocionales,Productos promocionales,0
71909010,BIROMES BIBU -C/U,None,NULL,Participaciones publicitarias,Articulos promocionales,Productos promocionales,0
71910010,FUNDAS ASIENTO BIBU -C/U,None,NULL,Participaciones publicitarias,Articulos promocionales,Productos promocionales,0
71911010,DELANTAL PATRIO CALSA -C/U,None,NULL,Participaciones publicitarias,Articulos promocionales,Productos promocionales,0
71912010,BANDANA PATRIA CALSA -C/U,None,NULL,Participaciones publicitarias,Articulos promocionales,Productos promocionales,0
71913010,BOLSA PROMOCIÓN - C/U,None,NULL,Participaciones publicitarias,Articulos promocionales,Productos promocionales,0
71914010,BOLSA PROMOCIÓN C/ MANIGAS - C/U,None,NULL,Participaciones publicitarias,Articulos promocionales,Productos promocionales,0
71915010,POLAR CONEXIÓN - C/U,None,NULL,Participaciones publicitarias,Articulos promocionales,Productos promocionales,0
71916010,MOSQUETONES CONEXIÓN - C/U,None,NULL,Participaciones publicitarias,Articulos promocionales,Productos promocionales,0
71917010,CARPETA BLANCA C/TAPA CRISTAL - C/U,None,NULL,Participaciones publicitarias,Articulos promocionales,Productos promocionales,0
71918010,MALETINES SIMIL CUERO CONEXIÓN - C/U,None,NULL,Participaciones publicitarias,Articulos promocionales,Productos promocionales,0
71919010,CARPETONES CON CIERRE CONEXIÓN - C/U,None,NULL,Participaciones publicitarias,Articulos promocionales,Productos promocionales,0
71920010,ANOTADORES CONEXIÓN - C/U,None,NULL,Participaciones publicitarias,Articulos promocionales,Productos promocionales,0
71921010,BIROME CONEXIÓN - C/U,None,NULL,Participaciones publicitarias,Articulos promocionales,Productos promocionales,0
71922010,BIROME CALSA - C/U,None,NULL,Participaciones publicitarias,Articulos promocionales,Productos promocionales,0
71923010,CORTANTES DE MASA - C/U,None,NULL,Participaciones publicitarias,Articulos promocionales,Productos promocionales,0
71924010,MANUAL MMPP - C/U,None,NULL,Participaciones publicitarias,Articulos promocionales,Productos promocionales,0
71925010,RELOJ PULSERA CALSA - C/U,None,NULL,Participaciones publicitarias,Articulos promocionales,Productos promocionales,0
72300035,AZUCAR IMPALPABLE CALSA -BOLSA X 25 KG,BAG,NULL,BI,Rellenos y Azucar,Azucar,0
72300042,AZUCAR IMPALPABLE -BOLSA X 10 KG,BAG,NULL,BI,Rellenos y Azucar,Azucar,0
72310042,AZUCAR NEGRA -BOLSA X 10 KG,BAG,NULL,BI,Rellenos y Azucar,Azucar,0
72400021,FLOR ESENCIA VAIN. BIDON 2 LT,BI1,Bidón,BI,Esencias y Colorantes,Esencias,0
72400129,FLOR ESENCIA VAIN. BIDON 5 LT,BI1,Bidón,BI,Esencias y Colorantes,Esencias,0
72400155,FLOR ESENCIA VAIN. CJ 4X5 LT,CS,NULL,BI,Esencias y Colorantes,Esencias,0
72400156,FLOR ESENCIA VAIN. CJ 6X2 LT,CS,NULL,BI,Esencias y Colorantes,Esencias,0
72401021,LP ESENCIA VAIN. BIDON 2 LT,BI1,Bidón,BI,Esencias y Colorantes,Esencias,2045
72401129,LP ESENCIA VAIN. BIDON 5 LT,BI1,Bidón,BI,Esencias y Colorantes,Esencias,3016
72401155,LP ESENCIA VAIN. CJ 4X5 LT,CS,NULL,BI,Esencias y Colorantes,Esencias,2580
72401156,LP ESENCIA VAIN. CJ 6X2 LT,CS,NULL,BI,Esencias y Colorantes,Esencias,1038
72405156,ES. VAINILLA PREMIADA -CJ X 6 BIDON,CS,NULL,BI,Esencias y Colorantes,Esencias,0
72410021,ESENCIA NARANJA FLOR -BIDON X 2 L,BI1,Bidón,BI,Esencias y Colorantes,Esencias,0
72410022,FLOR ESENCIA NARANJA BIDON 1 LT,BI1,Bidón,BI,Esencias y Colorantes,Esencias,0
72410159,FLOR ESENCIA NARANJA CJ 8X1 LT,CS,NULL,BI,Esencias y Colorantes,Esencias,0
72411021,LP ESENCIA NARANJA BIDON 2 LT,BI1,Bidón,BI,Esencias y Colorantes,Esencias,700
72411022,LP ESENCIA NARANJA BIDON 1 LT,BI1,Bidón,BI,Esencias y Colorantes,Esencias,0
72411156,LP ESENCIA NARAN. CJ 6X2 LT,CS,NULL,BI,Esencias y Colorantes,Esencias,1048
72411159,LP ESENCIA NARANJA CJ 8X1 LT,CS,NULL,BI,Esencias y Colorantes,Esencias,0
72420021,FLOR ESENCIA LIMON BIDON 2LT,BI1,Bidón,BI,Esencias y Colorantes,Esencias,0
72420156,FLOR ESENCIA LIMON CJ 6X2 LT,CS,NULL,BI,Esencias y Colorantes,Esencias,0
72421021,LP ESENCIA LIMON BIDON 2 LT,BI1,Bidón,BI,Esencias y Colorantes,Esencias,969
72421156,LP ESENCIA LIMON CJ 6X2 LT,CS,NULL,BI,Esencias y Colorantes,Esencias,1368
72425156,ES. LIMON PREMIADA -CJ X 6 BIDON,CS,NULL,BI,Esencias y Colorantes,Esencias,0
72430021,ESENCIA FRUTILLA FLOR -BIDON X 2 L,BI1,Bidón,BI,Esencias y Colorantes,Esencias,0
72430022,ESENCIA FRUTILLA FLOR -BIDON X 1 L,BI1,Bidón,BI,Esencias y Colorantes,Esencias,0
72430156,ESENCIA DE FRUTILLA FLOR -CJ 6 BID X 2 L,CS,NULL,BI,Esencias y Colorantes,Esencias,0
72430159,ESENCIA FRUTILLA FLOR -CAJA 8 BID X 1 L,CS,NULL,BI,Esencias y Colorantes,Esencias,0
72440021,ESENCIA COCO FLOR -BIDON X 2 L,BI1,Bidón,BI,Esencias y Colorantes,Esencias,0
72440022,FLOR ESENCIA COCO BIDON 1 LT,BI1,Bidón,BI,Esencias y Colorantes,Esencias,0
72440159,FLOR ESENCIA COCO CJ 8X1 LT,CS,NULL,BI,Esencias y Colorantes,Esencias,0
72441021,LP ESENCIA COCO BIDON 2 LT,BI1,Bidón,BI,Esencias y Colorantes,Esencias,374
72441022,LP ESENCIA COCO BIDON 1 LT,BI1,Bidón,BI,Esencias y Colorantes,Esencias,0
72441156,LP ESENCIA COCO CJ 6X2 LT,CS,NULL,BI,Esencias y Colorantes,Esencias,1052
72441159,LP ESENCIA COCO CJ 8X1 LT,CS,NULL,BI,Esencias y Colorantes,Esencias,0
72450021,ESENCIA ALMENDRA -BIDON X 2 L,BI1,Bidón,BI,Esencias y Colorantes,Esencias,0
72450022,FLOR ESENCIA ALMENDRA BIDON 1 LT,BI1,Bidón,BI,Esencias y Colorantes,Esencias,0
72450159,FLOR ESENCIA ALMENDRA CJ 8X1 LT,CS,NULL,BI,Esencias y Colorantes,Esencias,0
72451021,LP ESENCIA ALMEN. BIDON 2 LT,BI1,Bidón,BI,Esencias y Colorantes,Esencias,203
72451022,LP ESENCIA ALMENDRA BIDON 1 LT,BI1,Bidón,BI,Esencias y Colorantes,Esencias,0
72451156,LP ESENCIA ALMENDRA CJ 6X2 LT,CS,NULL,BI,Esencias y Colorantes,Esencias,260
72451159,LP ESENCIA ALMENDRA CJ 8X1 LT,CS,NULL,BI,Esencias y Colorantes,Esencias,0
72460021,ESENCIA PAN DULCE FLOR -BIDON X 2 L,BI1,Bidón,BI,Esencias y Colorantes,Esencias,0
72460022,FLOR ESENCIA PAN DULCE BIDON 1 LT,BI1,Bidón,BI,Esencias y Colorantes,Esencias,0
72460159,FLOR ESENCIA PAN DULCE CJ 8X1 LT,CS,NULL,BI,Esencias y Colorantes,Esencias,0
72461021,LP ESENCIA PAN DULCE BIDON 2 LT,BI1,Bidón,BI,Esencias y Colorantes,Esencias,322
72461022,LP ESENCIA PAN DULCE BIDON 1 LT,BI1,Bidón,BI,Esencias y Colorantes,Esencias,0
72461156,LP ESENCIA PAN DULCE CJ 6X2 LT,CS,NULL,BI,Esencias y Colorantes,Esencias,373
72461159,LP ESENCIA PAN DULCE CJ 8X1 LT,CS,NULL,BI,Esencias y Colorantes,Esencias,0
72470021,FLOR ESENCIA MANTECA BIDON 2 LT,BI1,Bidón,BI,Esencias y Colorantes,Esencias,0
72470156,FLOR ESENCIA MANTECA CJ 6X2 LT,CS,NULL,BI,Esencias y Colorantes,Esencias,0
72471021,LP ESENCIA MANTECA BIDON 2 LT,BI1,Bidón,BI,Esencias y Colorantes,Esencias,2283
72471156,LP ESENCIA MANTECA CJ 6X2 LT,CS,NULL,BI,Esencias y Colorantes,Esencias,2541
72480021,FLOR COLORANTE AMARILLO BIDON 2 LT,BI1,Bidón,BI,Esencias y Colorantes,Colorantes,0
72480156,FLOR COLORANTE AMARILLO CJ 6X2 LT,CS,NULL,BI,Esencias y Colorantes,Colorantes,0
72485129,COLORANTE CARAMELO -BIDON X 5 LTS.,BI1,Bidón,BI,Esencias y Colorantes,Colorantes,0
72485155,COLORANTE CARAMELO FLOR -CJ 4 BID X 5 L,CS,NULL,BI,Esencias y Colorantes,Colorantes,0
72486156,COL.AMARILLO PREMIADA -CJ X 6 BIDON,CS,NULL,BI,Esencias y Colorantes,Colorantes,0
72687033,FL. CHOCOLATE SEMIAMARGO GOTAS BOL.X1 KG,BAG,NULL,BI,Chocolates,Baños,0
72687193,FL. CHOCOLATE SEMIAMARGO GOTAS CJ4X1KG,CS,NULL,BI,Chocolates,Baños,0
72688033,FL. CHOCOLATE SEMIAMARGO CHIPS BOL. X1KG,BAG,NULL,BI,Chocolates,Grageados/Granillo,0
72688193,FL. CHOCOLATE SEMIAMARGO CHIPS CJ4X1KG,CS,NULL,BI,Chocolates,Grageados/Granillo,0
72689033,FL. CHOCOLATE BLANCO GOTAS BOL.X1KG,BAG,NULL,BI,Chocolates,Baños,0
72689193,FL. CHOCOLATE BLANCO GOTAS CJ4X1KG,CS,NULL,BI,Chocolates,Baños,0
72690033,LP CHIPS SEMIAMARGO BOL. X1 KG,BAG,NULL,BI,Chocolates,Grageados/Granillo,672
72690193,LP CHIPS SEMIAMARGO CAJA 4X1 KG,CS,NULL,BI,Chocolates,Grageados/Granillo,1263
72691033,LP CHIPS DULCE DE LECHE BOL. X1 KG,BAG,NULL,BI,Chocolates,Grageados/Granillo,0
72691193,LP CHIPS DULCE DE LECHE CJ 4X1 KG,CS,NULL,BI,Chocolates,Grageados/Granillo,0
72692130,LP CER. BAÑADOS MICRO BOLITAS CJ 15X200,CS,NULL,BI,Chocolates,Grageados/Granillo,0
72693130,LP CER. BAÑADOS MINI BOLITAS CJ 15X200 G,CS,NULL,BI,Chocolates,Grageados/Granillo,0
72694130,LP CER. BAÑADOS BOLITAS CJ 15X200 G,CS,NULL,BI,Chocolates,Grageados/Granillo,0
72695130,LP CER. BAÑADOS GUSANITOS CJ 15X200 G,CS,NULL,BI,Chocolates,Grageados/Granillo,0
72700024,COBERTURA SEMIAMARGA -CJ X 6 UN.,CS,NULL,BI,Chocolates,Cobertura,0
72700027,COBERTURA SEMIAMARGA -CHUB X 2 KG,CHB,Chub,BI,Chocolates,Cobertura,0
72702128,BAÑO SEMIAMARGO COBERTOL -CAJA X 6 KG.,CS,NULL,BI,Chocolates,Baños,0
72710024,COBERTURA LECHE -CJ X 6 UN.,CS,NULL,BI,Chocolates,Cobertura,0
72710027,COBERTURA LECHE -CHUB X 2 KG,CHB,Chub,BI,Chocolates,Cobertura,0
72710130,LP COBERTURA SEMIAMARGO CJ X 3 KG,CS,NULL,BI,Chocolates,Cobertura,77
72712128,BAÑO BLANCO COBERTOL -CAJA X 6 KG.,CS,NULL,BI,Chocolates,Baños,0
72720024,COBERTURA BLANCA -CJ X 6 UN.,CS,NULL,BI,Chocolates,Cobertura,0
72720027,COBERTURA BLANCA -CHUB X 2 KG,CHB,Chub,BI,Chocolates,Cobertura,0
72720130,LP COBERTURA BLANCO CJ X 3 KG,CS,NULL,BI,Chocolates,Cobertura,0
72730024,BAÑO REPOSTERIA SEMIAMARGO -CJ 6 UN X 2K,CS,NULL,BI,Chocolates,Baños,0
72730027,BAÑO SEMIAMARGO -CHUB X 2 KG,CHB,Chub,BI,Chocolates,Baños,0
72730130,LP BAÑO REPOST. SEMIAMARGO CJ X 3 KG,CS,NULL,BI,Chocolates,Baños,0
72730164,BAÑO REPOSTERIA SEMIAMARGO CALSA C x 5KG,CS,NULL,BI,Chocolates,Baños,0
72740024,BAÑO REPOSTERIA LECHE -CAJA 6 UN X 2 KG,CS,NULL,BI,Chocolates,Baños,0
72740027,BAÑO LECHE -CHUB X 2 KG,CHB,Chub,BI,Chocolates,Baños,0
72740033,LP BAÑO MOLDEO BLANCO BOL. X1 KG,BAG,NULL,BI,Chocolates,Baños,41
72740120,CHOCO MOLDE BLANCO -CAJA X 1 KG,CS,NULL,BI,Chocolates,Baños,0
72740193,LP BAÑO MOLDEO BLANCO CJ 4X1 KG,CS,NULL,BI,Chocolates,Baños,69
72750024,BAÑO REPOSTERIA BLANCO -CAJA X 6 UN X 2K,CS,NULL,BI,Chocolates,Baños,0
72750027,BAÑO BLANCO -CHUB X 2 KG,CHB,Chub,BI,Chocolates,Baños,0
72750130,LP BAÑO REPOST. BLANCO CJ X 3 KG,CS,NULL,BI,Chocolates,Baños,0
72750164,BAÑO REPOSTERIA BLANCO CALSA C X 5 KG,CS,NULL,BI,Chocolates,Baños,0
72760033,LP BAÑO MOLDEO SEMIAMARGO BOL. X1 KG,BAG,NULL,BI,Chocolates,Baños,40
72760120,CHOCO MOLDE SEMIAMARGO -CAJA X 1 KG,CS,NULL,BI,Chocolates,Baños,0
72760193,LP BAÑO MOLDEO SEMIAMARGO CJ 4X1 KG,CS,NULL,BI,Chocolates,Baños,78
72770130,LP COBERTURA LECHE CJ X 3 KG,CS,NULL,BI,Chocolates,Cobertura,0
72780130,LP BAÑO REPOST. LECHE CJ X 3 KG,CS,NULL,BI,Chocolates,Baños,0
72790033,LP BAÑO MOLDEO LECHE BOL. X1 KG,BAG,NULL,BI,Chocolates,Baños,0
72790193,LP BAÑO MOLDEO LECHE CJ 4X1 KG,CS,NULL,BI,Chocolates,Baños,0
72801124,CREME CONFEITEIRO -CJ X 12B. X 1,CS,NULL,BI,Cremas,Polvos,0
72802160,LP CREMA VEG CHANTI TRADI UHT 12X1LT,CS,NULL,BI,Cremas,UHT,0
72802169,LP CREMA VEG CHANTI TRADICIONAL UHT X 1,ES1,Estuche,BI,Cremas,UHT,0
72803160,LP CREMA VEG CHOCOLATE UHT CJ 12X1 LT,CS,NULL,BI,Cremas,UHT,174
72803169,LP CREMA VEG CHOCOLATE UHT PACK X1,ES1,Estuche,BI,Cremas,UHT,96
72804160,LP CREMA VEG REFRIGERATTO CJ 12X1 LT,CS,NULL,BI,Cremas,UHT,189
72804169,LP CREMA VEG REFRIGERATTO PACK X1,ES1,Estuche,BI,Cremas,UHT,168
72805032,LP CREMA MERENGUE BOL.3 KG,BAG,NULL,BI,Cremas,Polvos,0
72805145,LP CREMA MERENGUE CJ6X3 KG,CS,NULL,BI,Cremas,Polvos,0
72805162,PACK PROMO MERENGUE -14 EST.X 500 GR,CS,NULL,BI,Cremas,Polvos,0
72808160,CREMA VEG FLEISCREAM CHOCO -12 PACKS x1L,CS,NULL,BI,Cremas,UHT,0
72808169,CREMA VEG FLEISCREAM CHOCO - PACK X 1 LT,ES1,Estuche,BI,Cremas,UHT,0
72809160,FLEISCH. CREMA VEGETAL VAIN. CJ 12X1 LT,CS,NULL,BI,Cremas,UHT,1493
72809169,FLEISCH. CREMA VEGETAL VAIN. PACK X1 LT,ES1,Estuche,BI,Cremas,UHT,1270
72810032,LP CREMA PASTELERA BOL.3 KG,BAG,NULL,BI,Cremas,Polvos,1024
72810145,LP CREMA PASTELERA CJ6X3 KG,CS,NULL,BI,Cremas,Polvos,2320
72812487,Crema pastelera muestra gratis,CS,NULL,BI,Cremas,Polvos,0
72813032,CREMA PASTELERA PREMIUM -Bol x 3kg,BAG,NULL,BI,Cremas,Polvos,0
72813145,CREMA PASTELERA PREMIUM -CAJ 6 Bol x 3kg,CS,NULL,BI,Cremas,Polvos,0
72813492,CREMA PASTELERA PREMIUM -Pot 500 grs,POT,Pote,BI,Cremas,Polvos,0
72815145,LP CREMA PASTELERA GM CJ6X3 KG,CS,NULL,BI,Cremas,Polvos,0
72816042,TY CREMA PASTELERA NUCLEO BOL.10 KG_EXPO,BAG,NULL,BI,Cremas,Polvos,0
72816144,TY CREMA PASTELERA NUCLEO CJ2X10 KG_EXPO,CS,NULL,BI,Cremas,Polvos,0
72817032,TY CREMA PASTELERA KAM BOL.3 KG_EXPO,BAG,NULL,BI,Cremas,Polvos,0
72817145,TY CREMA PASTELERA KAM CJ6X3 KG_EXPO,CS,NULL,BI,Cremas,Polvos,0
72818032,LP CREMA PASTELERA BOL.3 KG 100A,BAG,NULL,BI,Cremas,Polvos,117
72818145,LP CREMA PASTELERA CJ6X3 KG 100A,CS,NULL,BI,Cremas,Polvos,352
72820032,CREMA CHOCOLATE -BLS 3 KG,BAG,NULL,BI,Cremas,Polvos,0
72820135,CREMA INST. CHOCOLATE -CJ. 12 BLS X,CS,NULL,BI,Cremas,Polvos,0
72820145,CREMA CHOCOLATE -CJ. 6 BLS X 3 KG,CS,NULL,BI,Cremas,Polvos,0
72830032,LP CREMA CHANTILLY CLASSIC BOL.3 KG,BAG,NULL,BI,Cremas,Polvos,7
72830135,CREMA INST. CHANTILLY -CJ. 12 BLS X,CS,NULL,BI,Cremas,Polvos,0
72830145,LP CREMA CHANTILLY CLASSIC CJ6X3 KG,CS,NULL,BI,Cremas,Polvos,386
72831032,LP CREMA CHANTILLY PREMIUM BOL.3 KG,BAG,NULL,BI,Cremas,Polvos,7
72831145,LP CREMA CHANTILLY PREMIUM CJ6X3 KG,CS,NULL,BI,Cremas,Polvos,859
72840135,CREMA INST. LIMON -CJ. 12 BLS X,CS,NULL,BI,Cremas,Polvos,0
72850020,DULCE DE LECHE CALSA -POTE X 10 KG,POT,Pote,BI,Rellenos y Azucar,Rellenos,0
72850067,DULCE DE LECHE X 12 CALSA -BLD 12 KG,BAL,Balde,BI,Rellenos y Azucar,Rellenos,0
72851020,D. LECHE CALSA -x10 KG,POT,Pote,BI,Rellenos y Azucar,Rellenos,0
72852067,DULCE DE LECHE X 12 (SF),BAL,Balde,BI,Rellenos y Azucar,Rellenos,0
72860043,PROPIONATO DE CALCIO -BLS 20 KG,BAG,NULL,Varios,Propionato,Propionato,0
72860044,PROPIONATO DE CALCIO -BOLSA X 30 KG,BAG,NULL,Varios,Propionato,Propionato,0
72860154,PROPIONATO DE CALCIO -BOLSA 6 X 5 KG,BAG,NULL,Varios,Propionato,Propionato,0
72860495,PROPIONATO DE CALCIO -BOLSA X 5 KGS.,BAG,NULL,Varios,Propionato,Propionato,0
72870066,FONDANT -BALDE X 5 KG,BAL,Balde,Pasteleria,Pasteleria,Fondant,0
72900032,CREMA PASTELERA PREMIADA -BOLSA X 3 KG,BAG,NULL,BI,Cremas,Polvos,0
72900145,CREMA PASTELERA PREM -CJ 6 BLSX3KG,CS,NULL,BI,Cremas,Polvos,0
72910022,LP KOLAROMA CAFÉ BIDON 1 LT,BI1,Bidón,BI,Esencias y Colorantes,Esencia & Color,607
72910159,LP KOLAROMA CAFÉ CJ 8X1 LT,CS,NULL,BI,Esencias y Colorantes,Esencia & Color,0
72920022,LP KOLAROMA LIMON BIDON 1 LT,BI1,Bidón,BI,Esencias y Colorantes,Esencia & Color,3404
72920127,KOLAROMA LIMON -CJ 12 BDN X1LT,CS,NULL,BI,Esencias y Colorantes,Esencia & Color,0
72920159,LP KOLAROMA LIMON CJ 8X1 LT,CS,NULL,BI,Esencias y Colorantes,Esencia & Color,0
72921022,KOLAROMA LIMON (RO) -BIDON X 1 L,BI1,Bidón,BI,Esencias y Colorantes,Esencia & Color,0
72921159,KOLAROMA LIMON -CJ 8 BIDON.X 1,CS,NULL,BI,Esencias y Colorantes,Esencia & Color,0
72930022,LP KOLAROMA NARANJA BIDON 1 LT,BI1,Bidón,BI,Esencias y Colorantes,Esencia & Color,2527
72930159,LP KOLAROMA NARANJA CJ 8X1 LT,CS,NULL,BI,Esencias y Colorantes,Esencia & Color,0
72931022,KOLAROMA NARANJA (RO) -BIDON X 1 L,BI1,Bidón,BI,Esencias y Colorantes,Esencia & Color,0
72931159,KOLAROMA NARANJA -CJ 8 BIDON.X 1,CS,NULL,BI,Esencias y Colorantes,Esencia & Color,0
72940022,LP KOLAROMA FRUTILLA BIDON 1 LT,BI1,Bidón,BI,Esencias y Colorantes,Esencia & Color,1315
72940159,LP KOLAROMA FRUTILLA CJ 8X1 LT,CS,NULL,BI,Esencias y Colorantes,Esencia & Color,0
72950022,LP KOLAROMA VAIN. BIDON 1 LT,BI1,Bidón,BI,Esencias y Colorantes,Esencia & Color,1197
72950159,LP KOLAROMA VAIN. CJ 8X1 LT,CS,NULL,BI,Esencias y Colorantes,Esencia & Color,0
72951022,KOLAROMA VAINILLA (RO) -BIDON X 1 L,BI1,Bidón,BI,Esencias y Colorantes,Esencia & Color,0
72951159,KOLAROMA VAINILLA -CJ 8 BIDON.X 1,CS,NULL,BI,Esencias y Colorantes,Esencia & Color,0
72960022,KOLAROMA BANANA -BIDON X 1 L,BI1,Bidón,BI,Esencias y Colorantes,Esencia & Color,0
72960159,KOLAROMA BANANA -CJ 8 BIDON.X 1,CS,NULL,BI,Esencias y Colorantes,Esencia & Color,0
72970022,LP KOLAROMA MANTECA BIDON 1 LT,BI1,Bidón,BI,Esencias y Colorantes,Esencia & Color,1928
72970127,KOLAROMA MANTECA -CJ 12 BDN X1LT,CS,NULL,BI,Esencias y Colorantes,Esencia & Color,0
72970159,LP KOLAROMA MANTECA CJ 8X1 LT,CS,NULL,BI,Esencias y Colorantes,Esencia & Color,0
72971022,KOLAROMA MANTECA (RO) -BIDON X 1 L,BI1,Bidón,BI,Esencias y Colorantes,Esencia & Color,0
72971159,KOLAROMA MANTECA -CJ 8 BIDON.X 1,CS,NULL,BI,Esencias y Colorantes,Esencia & Color,0
72980022,LP KOLAROMA CHOCO. BIDON 1 LT,BI1,Bidón,BI,Esencias y Colorantes,Esencia & Color,1354
72980159,LP KOLAROMA CHOCO. CJ 8X1 LT,CS,NULL,BI,Esencias y Colorantes,Esencia & Color,0
72981022,KOLAROMA MANZANA -BIDON X 1 L,BI1,Bidón,BI,Esencias y Colorantes,Esencia & Color,0
72981159,KOLAROMA MANZANA -CJ 8 BIDON.X 1,CS,NULL,BI,Esencias y Colorantes,Esencia & Color,0
72982022,KOLAROMA ANANA -BIDON X 1 L,BI1,Bidón,BI,Esencias y Colorantes,Esencia & Color,0
72982159,KOLAROMA ANANA -CJ 8 BIDON.X 1,CS,NULL,BI,Esencias y Colorantes,Esencia & Color,0
72984022,KOLAROMA MANTECA AL LICOR -BIDON X 1 L,BI1,Bidón,BI,Esencias y Colorantes,Esencia & Color,0
73010042,PREMEZCLA PAN DE SANDWICH -BLS 10 KG,BAG,NULL,BI,Premezclas,Panaderia,0
73011042,FL PREM. PAN DE SANDWICH BOL.10 KG_EXPO,BAG,NULL,BI,Premezclas,Panaderia,0
73011144,FL PREM. PAN DE SANDWICH CJ2X10 KG_EXPO,CS,NULL,BI,Premezclas,Panaderia,0
73012042,TY PREM. PAN DE SANDWICH BOL.10 KG_EXPO,BAG,NULL,BI,Premezclas,Panaderia,0
73012144,TY PREM. PAN DE SANDWICH CJ2X10 KG_EXPO,CS,NULL,BI,Premezclas,Panaderia,0
73014042,TY PREM. PAN LACTAL BOL.10 KG_EXPO,BAG,NULL,BI,Premezclas,Panaderia,0
73014144,TY PREM. PAN LACTAL CJ2X10 KG_EXPO,CS,NULL,BI,Premezclas,Panaderia,0
73015034,PREMEZCLA DONAS -BLS X 4 KG,BAG,NULL,BI,Premezclas,Panaderia,0
73015148,PREM. DONAS Y BERLINESAS -CJ 6 BLS X 4KG,CS,NULL,BI,Premezclas,Panaderia,0
73016032,LP PREM. COOKIES BOL.3 KG,BAG,NULL,BI,Premezclas,Pasteleria,90
73016042,NUEVA PREMEZCLA COOKIES -BOLSA X 10 KG,BAG,NULL,BI,Premezclas,Pasteleria,0
73016144,NUEVA PREM COOKIES -caja 2 x 10 k,CS,NULL,BI,Premezclas,Pasteleria,0
73016145,LP PREM. COOKIES CJ6X3 KG,CS,NULL,BI,Premezclas,Pasteleria,0
73016179,LP PREM. COOKIES CJ7X3 KG,CS,NULL,BI,Premezclas,Pasteleria,195
73017032,FL PREM. DONAS BOL. 3KG_EXPO,BAG,NULL,BI,Premezclas,Panaderia,0
73017145,FL. PREM. DONAS CJ6X3 KG_EXPO,CS,NULL,BI,Premezclas,Panaderia,0
73030042,PREMEZCLA PIZZA -BLS 10 KG,BAG,NULL,BI,Premezclas,Panaderia,0
73035032,LP PREM. BROWNIE BOL.3 KG,BAG,NULL,BI,Premezclas,Pasteleria,0
73035035,LP PREM. BROWNIE BOL.25 KG,BAG,NULL,BI,Premezclas,Pasteleria,0
73035145,LP PREM. BROWNIE CJ6X3 KG,CS,NULL,BI,Premezclas,Pasteleria,0
73036042,NUEVA PREMEZCLA BROWNIES BOLSA X 10 KG,BAG,NULL,BI,Premezclas,Pasteleria,0
73036144,NUEVA PREM BROWNIES -caja 2 x 10 k,CS,NULL,BI,Premezclas,Pasteleria,0
73037032,LP PREM. BROWNIE BOL.3 KG,BAG,NULL,BI,Premezclas,Pasteleria,0
73037033,I360 PREM. BROWNIE BOL.1 KG,BAG,NULL,BI,Premezclas,Pasteleria,0
73037145,LP PREM. BROWNIE CJ6X3 KG,CS,NULL,BI,Premezclas,Pasteleria,0
73037191,LP PREM. BROWNIE CJ14X1 KG,BAG,NULL,BI,Premezclas,Pasteleria,0
73038032,LP PREM. BIZCOCHUELO CHOCO. BOL.3 KG,BAG,NULL,BI,Premezclas,Pasteleria,885
73038033,LP PREM. BIZCOCHUELO CHOCO. BOL.1 KG,BAG,NULL,BI,Premezclas,Pasteleria,0
73038145,LP PREM. BIZCOCHUELO CHOCO. CJ6X3 KG,CS,NULL,BI,Premezclas,Pasteleria,1213
73038303,LP PREM. BIZCOCHUELO CHOCO. CJ18X1 KG,CS,NULL,BI,Premezclas,Pasteleria,0
73039032,LP PREM. BUDIN CHOCO. BOL.3 KG,BAG,NULL,BI,Premezclas,Pasteleria,0
73040032,LP PREM. PAN DULCE BOL.3 KG,BAG,NULL,BI,Premezclas,Pasteleria,0
73040035,PREM PAN DULCE -BLS X 25 KG ARTESANAL,BAG,NULL,BI,Premezclas,Pasteleria,0
73040042,LP PREM. PAN DULCE BOL.10 KG,BAG,NULL,BI,Premezclas,Pasteleria,0
73040144,LP PREM. PAN DULCE CJ2X10 KG,CS,NULL,BI,Premezclas,Pasteleria,0
73040145,LP PREM. PAN DULCE CJ6X3 KG,CS,NULL,BI,Premezclas,Pasteleria,0
73041042,PREMEZCLA PARA ROSCAS -BLS 10 KG,BAG,NULL,BI,Premezclas,Pasteleria,0
73041144,PREMEZCLA PARA ROSCAS -CJx 2 BLS x 10 KG,CS,NULL,BI,Premezclas,Pasteleria,0
73042144,PREMEZ PAN DULCE LT50% -CJ 2 BLS x 10 KG,CS,NULL,BI,Premezclas,Pasteleria,0
73043042,FLEISCH. PREM. PAN DULCE IND. BOL.10 KG,BAG,NULL,BI,Premezclas,Pasteleria,0
73043144,FLEISCH. PREM. PAN DULCE IND. CJ2X10 KG,CS,NULL,BI,Premezclas,Pasteleria,0
73044042,LP PREM. FACTURAS Y MEDIALUNAS BOL.10 KG,BAG,NULL,BI,Premezclas,Panaderia,74
73044144,LP PREM. FACTURAS Y MEDIALUNAS CJ2X10 KG,CS,NULL,BI,Premezclas,Panaderia,1372
73045032,PREMEZCLA BUDIN -BOLSA X 3 KG - NO USAR,BAG,NULL,BI,Premezclas,Pasteleria,0
73045034,PREMEZCLA BUDIN -BLS X 4 KG - NO USAR,BAG,NULL,BI,Premezclas,Pasteleria,0
73045035,PREMEZCLA BUDIN -BLS X 25 KG - NO USAR,BAG,NULL,BI,Premezclas,Pasteleria,0
73045145,PREMEZCLA BUDIN -CJ 6 X 3 KG - NO USAR,CS,NULL,BI,Premezclas,Pasteleria,0
73046032,LP PREM. BUDIN BOL.3 KG,BAG,NULL,BI,Premezclas,Pasteleria,0
73046042,PREMEZCLA BUDIN - BLS X 10 KG,BAG,NULL,BI,Premezclas,Pasteleria,0
73046144,PREMEZCLA BUDIN -CJ 2 x 10 KG,CS,NULL,BI,Premezclas,Pasteleria,0
73046145,LP PREM. BUDIN CJ6X3 KG,CS,NULL,BI,Premezclas,Pasteleria,0
73047145,BASE PARA BUDIN -CJ 6 Bol X 3 KG,CS,NULL,BI,Premezclas,Pasteleria,0
73048032,PREMEZCLA ROSCA - BLS X 3KG,BAG,NULL,BI,Premezclas,Pasteleria,0
73048145,PREMEZCLA ROSCA -CJ 6 X 3 KG,CS,NULL,BI,Premezclas,Pasteleria,0
73049032,LP PREM. ROSCA BOL.3 KG,BAG,NULL,BI,Premezclas,Pasteleria,0
73049035,LP PREM. ROSCA BOL.25 KG,BAG,NULL,BI,Premezclas,Pasteleria,0
73049145,LP PREM. ROSCA CJ6X3 KG,CS,NULL,BI,Premezclas,Pasteleria,0
73051042,FLEISCH. PREM. PPD214-PAN DULCE BOL.10KG,BAG,NULL,BI,Premezclas,Pasteleria,0
73051144,FLEISCH. PREM. PPD214-PAN DULCE CJ2X10KG,CS,NULL,BI,Premezclas,Pasteleria,0
73052042,TY PREM. BUDIN PREMIUM. BOL.10KG_EXPO,BAG,NULL,BI,Premezclas,Pasteleria,0
73052144,TY PREM. BUDIN PREMIUM CJ2X10 KG_EXPO,CS,NULL,BI,Premezclas,Pasteleria,0
73053032,FL PREM. BUDIN VAINILLA BOL.3 KG_EXPO,BAG,NULL,BI,Premezclas,Pasteleria,0
73053145,FL PREM. BUDIN VAINILLA CJ6X3 KG_EXPO,CS,NULL,BI,Premezclas,Pasteleria,0
73054042,TY PREM. BUDIN VAINILLA BOL.10 KG_EXPO,BAG,NULL,BI,Premezclas,Pasteleria,0
73054144,TY PREM. BUDIN VAINILLA CJ2X10 KG_EXPO,CS,NULL,BI,Premezclas,Pasteleria,0
73055042,TY PM BUDIN CHOCO. PREMIUM BOL.10KG_EXPO,BAG,NULL,BI,Premezclas,Pasteleria,0
73055144,TY PM BUDIN CHOCO PREMIUM CJ2X10 KG_EXPO,CS,NULL,BI,Premezclas,Pasteleria,0
73056032,FL PREM. MEDIALUNAS BOL. 3 KG_EXPO,BAG,NULL,BI,Premezclas,Panaderia,0
73056145,FL PREM. MEDIALUNAS CJ6X3 KG_EXPO,CS,NULL,BI,Premezclas,Panaderia,0
73057033,I360 PREM. CROISSANT BOL.1 KG,BAG,NULL,BI,Premezclas,Pasteleria,0
73059032,LP PREM. MUFFIN CHOCO. FAZON BOL.3 KG,BAG,NULL,BI,Premezclas,Pasteleria,0
73059042,LP PREM. MUFFIN CHOCO. FAZON BOL.10 KG,CS,NULL,BI,Premezclas,Pasteleria,0
73059144,LP PREM. MUFFIN CHOCO. FAZON CJ2X10 KG,CS,NULL,BI,Premezclas,Pasteleria,0
73059145,LP PREM. MUFFIN CHOCO. FAZON CJ6X3 KG,CS,NULL,BI,Premezclas,Pasteleria,0
73060042,PREMEZCLA PAN CON SALVADO -BLS 10 KG,BAG,NULL,BI,Premezclas,Panaderia,0
73061035,NUEVA PREMEZCLA SALVADO BOL X 25,BAG,NULL,BI,Premezclas,Panaderia,0
73061042,NUEVA PREMEZCLA SALVADO - BOLSA X 10KG,BAG,NULL,BI,Premezclas,Panaderia,0
73061144,PREMEZCLA PAN CON SALVADO -caja 2 x 10 k,CS,NULL,BI,Premezclas,Panaderia,0
73061149,NUEVA PREM.SALVADO -caja 2x 7.5 k,CS,NULL,BI,Premezclas,Panaderia,0
73062042,PRE. PAN MULTIGRANO FLEISCHMANN-BL 10 KG,BAG,NULL,BI,Premezclas,Panaderia,0
73062144,PRE. PAN MULTIGRANO FLEISCHMANN-CAJ2x10k,CS,NULL,BI,Premezclas,Panaderia,0
73063033,I360 PREM. PAN DE QUESO BOL. 1 KG,BAG,NULL,BI,Premezclas,Pasteleria,0
73065034,PREMEZCLA BIZCOCH -BLS X 4KG - NO USAR,BAG,NULL,BI,Premezclas,Pasteleria,0
73065148,PREMEZCLA BIZCOCH -CJ 6 X 4 KG - NO USAR,CS,NULL,BI,Premezclas,Pasteleria,0
73066032,LP PREM. BIZCOCHUELO BOL.3 KG,BAG,NULL,BI,Premezclas,Pasteleria,0
73066042,PREMEZCLA BIZCOCHUELO BLS X 10 KG,BAG,NULL,BI,Premezclas,Pasteleria,0
73066144,PREMEZCLA BIZCOCHUELO -CJ 2 X 10 KG,CS,NULL,BI,Premezclas,Pasteleria,0
73066145,LP PREM. BIZCOCHUELO CJ6X3 KG,CS,NULL,BI,Premezclas,Pasteleria,0
73067032,LP PREM. BIZCOCHUELO - BUDIN BOL.3 KG,BAG,NULL,BI,Premezclas,Pasteleria,0
73067033,LP PREM. BIZCOCHUELO - BUDIN BOL.1 KG,BAG,NULL,BI,Premezclas,Pasteleria,0
73067035,PREMEZCLA BIZCOCHUELO- BUDIN-BOLX 25 KG,BAG,NULL,BI,Premezclas,Pasteleria,0
73067042,PREMEZCLA BIZCOCHUELO- BUDIN-BLS x 10Kg,BAG,NULL,BI,Premezclas,Pasteleria,0
73067144,PREMEZCLA BIZCOCHUELO- BUDIN-CJ 2 X10 KG,CS,NULL,BI,Premezclas,Pasteleria,0
73067145,LP PREM. BIZCOCHUELO - BUDIN CJ6X3 KG,CS,NULL,BI,Premezclas,Pasteleria,0
73067191,CP PREM. BIZCOCHUELO - BUDIN CJ14X1 KG,CS,NULL,BI,Premezclas,Pasteleria,0
73068032,LP PREM. MUFFINS VAIN. BOL.3 KG,BAG,NULL,BI,Premezclas,Pasteleria,0
73068033,I360 PREM. MUFFIN VAIN. BOL.1 KG,BAG,NULL,BI,Premezclas,Pasteleria,0
73068145,LP PREM. MUFFINS VAIN. CJ6X3 KG,CS,NULL,BI,Premezclas,Pasteleria,0
73068191,LP PREM. MUFFIN VAIN. CJ14X1 KG,CS,NULL,BI,Premezclas,Pasteleria,0
73069032,LP PREM. MUFFINS CHOCO. BOL.3 KG,BAG,NULL,BI,Premezclas,Pasteleria,2
73069033,LP PREM. MUFFIN CHOCO. BOL.1 KG,BAG,NULL,BI,Premezclas,Pasteleria,0
73069145,LP PREM. MUFFINS CHOCO. CJ6X3 KG,CS,NULL,BI,Premezclas,Pasteleria,0
73069191,LP PREM. MUFFIN CHOCO. CJ14X1 KG,CS,NULL,BI,Premezclas,Pasteleria,0
73070042,PREMEZCLA PAN DE VIENA -BLS 10 KG,BAG,NULL,BI,Premezclas,Panaderia,0
73071042,NUEVA PREMEZCLA VIENA - BLS X 10KG,BAG,NULL,BI,Premezclas,Panaderia,0
73071144,NUEVA PREMEZCLA DE VIENA -CAJA 2B x 10 k,CS,NULL,BI,Premezclas,Panaderia,0
73072042,LP PREM. PANES RUSTICOS BOL.10 KG,BAG,NULL,BI,Premezclas,Panaderia,0
73072144,LP PREM. PANES RUSTICOS CJ2X10 KG,CS,NULL,BI,Premezclas,Panaderia,0
73073042,LP PREM. PAN DE VIENA BOL.10 KG,BAG,NULL,BI,Premezclas,Panaderia,0
73073144,LP PREM. PAN DE VIENA CJ2X10 KG,CS,NULL,BI,Premezclas,Panaderia,0
73074042,FL PREM. PAN DE VIENA BOL.10 KG_EXPO,BAG,NULL,BI,Premezclas,Panaderia,0
73074144,FL PREM. PAN DE VIENA CJ2X10 KG_EXPO,CS,NULL,BI,Premezclas,Panaderia,0
73075032,PREMEZCLA MADALENAS -BLS 3 KG,BAG,NULL,BI,Premezclas,Pasteleria,0
73075035,PREMEZCLA MADALENAS -BOLSA X 25 KG,BAG,NULL,BI,Premezclas,Pasteleria,0
73075145,PREMEZCLA MADALENA -CAJA 6 BOLSAS X 3 KG,CS,NULL,BI,Premezclas,Pasteleria,0
73076042,NUEVA PREMEZCLA MADALENAS BOLSA X 10 KG,BAG,NULL,BI,Premezclas,Pasteleria,0
73076144,NUEVA PREM MADALENAS caja 2 x 10 k,CS,NULL,BI,Premezclas,Pasteleria,0
73077042,TY PREM. PAN DE VIENA BOL.10 KG_EXPO,BAG,NULL,BI,Premezclas,Panaderia,0
73077144,TY PREM. PAN DE VIENA CJ2X10 KG_EXPO,CS,NULL,BI,Premezclas,Panaderia,0
73078144,TY PREM. PAN DULCE CJ2X10 KG_EXPO,CS,NULL,BI,Premezclas,Pasteleria,0
73079144,FL PREM. PAN DULCE CJ2X10 KG_EXPO,CS,NULL,BI,Premezclas,Pasteleria,0
73080042,PREMEZCLA FACTURA -BOLSA X 10 KG,BAG,NULL,BI,Premezclas,Panaderia,0
73081042,NUEVA PREMEZCLA FACTURA BOLS.X 10 KG,BAG,NULL,BI,Premezclas,Panaderia,0
73081144,NUEVA PREMEZCLA FACTURAS CJ 2 X 10KG,CS,NULL,BI,Premezclas,Panaderia,0
73082032,LP PREM. CROISSANT BOL.3 KG,BAG,NULL,BI,Premezclas,Panaderia,0
73082035,PREMEZCLA CROISSANT - BOLSA X 25 KG.,BLS,Bolson,BI,Premezclas,Panaderia,0
73082145,LP PREM. CROISSANT CJ6X3 KG,CS,NULL,BI,Premezclas,Panaderia,0
73082486,PREMEZCLA CROISSANT -Pote x 1.5 kg,POT,Pote,BI,Premezclas,Panaderia,0
73083042,TY PREM. CROISSANT BOL.10KG_EXPO,BAG,NULL,BI,Premezclas,Panaderia,0
73083144,TY PREM. CROISSANT CJ2X10KG_EXPO,CS,NULL,BI,Premezclas,Panaderia,0
73084030,I360 PREM. BUDIN CON GRANOLA BOL. X2 KG,BAG,NULL,BI,Premezclas,Pasteleria,0
73084032,I360 PREM. BUDIN CON GRANOLA BOL. X3 KG,BAG,NULL,BI,Premezclas,Pasteleria,55
73084145,I360 PREM. BUDIN CON GRANOLA CJ6X3KG,CS,NULL,BI,Premezclas,Panaderia,65
73084180,I360 PREM. BUDIN CON GRANOLA CJ7X2 KG,CS,NULL,BI,Premezclas,Pasteleria,0
73085030,I360 PREM. BUDIN GIRASOL&YOGURT BOLX2KG,BAG,NULL,BI,Premezclas,Pasteleria,0
73085032,I360 PREM. BUDIN GIRASOL&YOGURT BOL. 3KG,None,NULL,BI,Premezclas,Pasteleria,0
73085145,I360 PREM. BUDIN GIRASOL&YOGURT CJ6X3KG,CS,NULL,BI,Premezclas,Panaderia,0
73085180,I360 PM. BUDIN GIRASOL & YOGURT CJ7x2 KG,CS,NULL,BI,Premezclas,Pasteleria,0
73086030,I360 PREM. BUDINC.AVENA&FRUTAS BOLX2KG,BAG,NULL,BI,Premezclas,Pasteleria,0
73086032,I360 PREM.BUDIN CON AVENA FRUTAS BOLx3KG,BAG,NULL,BI,Premezclas,Pasteleria,57
73086145,I360 PREM.BUDIN CON AVENA FRUTAS CJ6x3KG,CS,NULL,BI,Premezclas,Panaderia,66
73086180,I360 PREM. BUDIN C. AVENA & FRUTA CJ7X2,CS,NULL,BI,Premezclas,Pasteleria,0
73087144,FL PM PAN DULCE SIN AZUCAR CJ2X10 KG_EXP,CS,NULL,BI,Premezclas,Pasteleria,0
73088030,I360 PREM. BUDIN C/GRANOLA BOL. 2KG 100A,BAG,NULL,BI,Premezclas,Pasteleria,0
73088180,I360 PREM. BUDIN C/GRANOLA CJ7X2 KG 100A,CS,NULL,BI,Premezclas,Pasteleria,0
73089030,I360 PREM. BUDINC.AVENA&FRUT BOL2KG 100A,BAG,NULL,BI,Premezclas,Pasteleria,0
73089180,I360 PREM. BUDIN AVENA&FRUTA CJ7X2 100A,CS,NULL,BI,Premezclas,Pasteleria,0
73090042,PREMEZCLA FACTURA DE GRASA -BOLSA X 10KG,BAG,NULL,BI,Premezclas,Panaderia,0
73091030,I360 PREM. BUDIN GIRAS&YOG BOLX2KG 100A,BAG,NULL,BI,Premezclas,Pasteleria,0
73091180,I360 PM. BUDIN GIRAS&YOG CJ7x2 KG 100A,CS,NULL,BI,Premezclas,Pasteleria,1
73092033,LP PREM FAC Y MED MEJORADA BOL 1KG,BAG,NULL,BI,Premezclas,Pasteleria,0
73092042,LP PREM FAC Y MED MEJORADA BOL.10 KG,BAG,NULL,BI,Premezclas,Panaderia,0
73092144,LP PREM FAC Y MED MEJORADA CJ2X10 KG,CS,NULL,BI,Premezclas,Panaderia,0
73092303,LP PREM FAC Y MED MEJORADA CJ18X1KG,CS,NULL,BI,Premezclas,Pasteleria,0
73093032,LP PREM. BIZCOCHUELO VAI. BOL.3 KG,BAG,NULL,BI,Premezclas,Pasteleria,931
73093033,LP PREM. BIZCOCHUELO VAI. BOL.1 KG,None,NULL,BI,Premezclas,Pasteleria,0
73093145,LP PREM. BIZCOCHUELO VAI. CJ6X3 KG,CS,NULL,BI,Premezclas,Pasteleria,1465
73093303,LP PREM. BIZCOCHUELO VAI. CJ18X1 KG,CS,NULL,BI,Premezclas,Pasteleria,0
73094032,LP PREM. ROSCA-PAN DULCE DUAL BOL. 3KG,BAG,NULL,BI,Premezclas,Pasteleria,718
73094042,LP PREM. ROSCA-PAN DULCE DUAL BOLX10KG,BAG,NULL,BI,Premezclas,Pasteleria,139
73094144,LP PREM. ROSCA-PAN DULCE CJ2X10 KG,CS,NULL,BI,Premezclas,Pasteleria,365
73094145,LP PREM. ROSCA-PAN DULCE CJ6X3 KG,CS,NULL,BI,Premezclas,Pasteleria,637
73095303,I360 PREM. PAN DE QUESO CJ12X1 KG,CS,NULL,BI,Premezclas,Pasteleria,0
73096303,I360 PREM. BROWNIE CJ12X1 KG,CS,NULL,BI,Premezclas,Pasteleria,0
73097303,I360 PREM. MUFFIN CHOCO CJ12X1 KG,CS,NULL,BI,Premezclas,Pasteleria,0
73098303,I360 PREM. MUFFIN VAIN. CJ12X1 KG,CS,NULL,BI,Premezclas,Pasteleria,0
73099303,I360 PREM. CROISSANT CJ12X1 KG,CS,NULL,BI,Premezclas,Pasteleria,0
73100042,PREM. MULTICEREAL PPMC 101 -BLS X 10KG,BAG,NULL,BI,Premezclas,Panaderia,0
73100144,PREM. MULTICEREAL PPMC 101 -CJ 2 x 10 KG,CS,NULL,BI,Premezclas,Panaderia,0
73101145,PREMEZCLA PAN MULTICEREAL -CJ 6 X 3 KG,CS,NULL,BI,Premezclas,Panaderia,0
73101165,PREMEZCLA CIABATTA CAJA 6 BOLSAS X 3 KG,CS,NULL,BI,Premezclas,Panaderia,0
73102032,LP. PREM. BUDIN HUM CHOCO BOL 3KG,BAG,NULL,BI,Premezclas,Pasteleria,308
73102033,LP. PREM. BUDIN HUM CHOCO BOL.1KG,BAG,NULL,BI,Premezclas,Pasteleria,0
73102145,LP. PREM. BUDIN HUM CHOCO 6X3KG,CS,NULL,BI,Premezclas,Pasteleria,436
73102303,LP. PREM. BUDIN HUM CHOCO CJ12X1KG,CS,NULL,BI,Premezclas,Pasteleria,0
73103032,LP. PREM. BUDIN HUM VAI BOL 3KG,BAG,NULL,BI,Premezclas,Pasteleria,840
73103033,LP. PREM. BUDIN HUM VAI BOL 1KG,BAG,NULL,BI,Premezclas,Pasteleria,0
73103145,LP. PREM. BUDIN HUM VAI 6X3KG,CS,NULL,BI,Premezclas,Pasteleria,836
73103303,LP. PREM. BUDIN HUM VAI CJ 12X1KG,CS,NULL,BI,Premezclas,Pasteleria,0
73104157,I360 PREM. PAN AVENA BOL 5 KG,BAG,NULL,BI,Premezclas,Panaderia,0
73105157,I360 PREM. PAN CON SEMILLAS BOL 5 KG,BAG,NULL,BI,Premezclas,Panaderia,0
73106157,I360 PREM. PAN CON CEREALES BOL 5 KG,BAG,NULL,BI,Premezclas,Panaderia,0
73107157,I360 PREM. PAN AVENA BOL 5 KG,BAG,NULL,BI,Premezclas,Panaderia,0
73107208,I360 PREM. PAN AVENA CAJ 4 x 5 KG,CS,NULL,BI,Premezclas,Pasteleria,1
73108157,I360 PREM. PAN CON SEMILLAS BOL 5 KG,BAG,NULL,BI,Premezclas,Panaderia,1123
73108208,I360 PREM. PAN CON SEMILLAS CAJ 4x5 KG,CS,NULL,BI,Premezclas,Pasteleria,1172
73109157,I360 PREM. PAN CON CEREALES BOL 5 KG,BAG,NULL,BI,Premezclas,Panaderia,561
73109208,I360 PREM. PAN CON CEREALES CAJ 4x5KG,CS,NULL,BI,Premezclas,Pasteleria,925
73110042,NUEVA PREM PAN DE LOS ALPES BLS X 10KG,BAG,NULL,BI,Premezclas,Panaderia,0
73110144,NUEVA PREM. PAN DE LOS ALPES CJ 2 X 10KG,CS,NULL,BI,Premezclas,Panaderia,0
73119035,FLEISCH. PREM. PPC708-CIABATTA BOL.25 KG,BAG,NULL,BI,Premezclas,Panaderia,0
73120042,NUEVA PREMEZCLA CIABATTA BOLSA X 10 KG,BAG,NULL,BI,Premezclas,Panaderia,0
73120144,NUEVA PREMEZCLA CIABATTA CJ 2 X 10KG,CS,NULL,BI,Premezclas,Panaderia,0
73121145,PREMEZCLA CIABATTA -CJ 6 X 3 KG,CS,NULL,BI,Premezclas,Panaderia,0
73122030,LP PREM. PAN DE QUESO BOL. X2 KG,BAG,NULL,BI,Premezclas,Panaderia,0
73122032,PREMEZCLA PARA PAN DE QUESO -BLS X 3 KG,BAG,NULL,BI,Premezclas,Panaderia,0
73122033,LP PREM. PAN DE QUESO BOL. 1 KG,BAG,NULL,BI,Premezclas,Panaderia,0
73122093,LP PREM. PAN DE QUESO CJ 4X5 KG,CS,NULL,BI,Premezclas,Panaderia,0
73122143,LP PREM. PAN DE QUESO CJ 6X2 KG,CS,NULL,BI,Premezclas,Panaderia,0
73122144,PREMEZCLA PARA PAN DE QUESO -CJ 2 X 10KG,CS,NULL,BI,Premezclas,Panaderia,0
73122145,PREMEZCLA PARA PAN DE QUESO -CJ 6 X 3KG,CS,NULL,BI,Premezclas,Panaderia,0
73122157,LP PREM. PAN DE QUESO BOL. X5 KG,BAG,NULL,BI,Premezclas,Panaderia,0
73122191,LP PREM. PAN DE QUESO CJ14X1 KG,CS,NULL,BI,Premezclas,Panaderia,0
73123032,FLEISCH. PREM. AKTIVO CEREALES BOL.3 KG,BAG,NULL,BI,Premezclas,Panaderia,0
73123035,PREMEZCLA PAN AKTIVO-Cereales-BLS x 25kg,BAG,NULL,BI,Premezclas,Panaderia,0
73123042,FLEISCH. PREM. AKTIVO CEREALES BOL.10 KG,BAG,NULL,BI,Premezclas,Panaderia,0
73123144,FLEISCH. PREM. AKTIVO CEREALES CJ2X10 KG,CS,NULL,BI,Premezclas,Panaderia,0
73123145,FLEISCH. PREM. AKTIVO CEREALES CJ6X3 KG,CS,NULL,BI,Premezclas,Panaderia,0
73123511,PREMEZCLA PAN AKTIVO-Cereales-x 400 GRS,BAG,NULL,BI,Premezclas,Panaderia,0
73124032,FLEISCH. PREM. NUTRISAN AVENA BOL.3 KG,BAG,NULL,BI,Premezclas,Panaderia,0
73124035,PREMEZCLA PAN NUTRISAN -Avena-BLS 25Kg,BAG,NULL,BI,Premezclas,Panaderia,0
73124042,FLEISCH. PREM. NUTRISAN AVENA BOL.10 KG,BAG,NULL,BI,Premezclas,Panaderia,0
73124144,FLEISCH. PREM. NUTRISAN AVENA CJ2X10 KG,CS,NULL,BI,Premezclas,Panaderia,0
73124145,FLEISCH. PREM. NUTRISAN AVENA CJ6X3 KG,CS,NULL,BI,Premezclas,Panaderia,0
73124511,PREMEZCLA PAN NUTRISAN -Avena-x 400 GRS,BAG,NULL,BI,Premezclas,Panaderia,0
73125032,FLEISCH. PREM. EKILIBRIUM FIBRA BOL.3 KG,BAG,NULL,BI,Premezclas,Panaderia,0
73125035,PREMEZCLA PAN EKILIBRIUM-Fibra-BLS 25kg,BAG,NULL,BI,Premezclas,Panaderia,0
73125042,FLEISCH. PREM. EKILIBRIUM FIBRA BOL.10 K,BAG,NULL,BI,Premezclas,Panaderia,0
73125144,FLEISCH. PREM. EKILIBRIUM FIBRA CJ2X10 K,CS,NULL,BI,Premezclas,Panaderia,0
73125145,FLEISCH. PREM. EKILIBRIUM FIBRA CJ6X3 KG,CS,NULL,BI,Premezclas,Panaderia,0
73125511,PREMEZCLA PAN EKILIBRIUM-Fibra-x 400 GRS,BAG,NULL,BI,Premezclas,Panaderia,0
73126000,MUFFIN VAINILLA A GRANEL,PAL,Palet,BI,Premezclas,Pasteleria,0
73126042,LP PREM. MUFFIN VAIN. BOL.10 KG,BAG,NULL,BI,Premezclas,Pasteleria,0
73126144,LP PREM. MUFFIN VIN. CJ2X10 KG,CS,NULL,BI,Premezclas,Pasteleria,270
73127042,FLEISCH. PREM. PPHR101-PAN C/MIEL BOL.10,CS,NULL,BI,Premezclas,Panaderia,0
73128042,FLEISCH. PREM. PEB101-BAGEL BOL.10 KG,BAG,NULL,BI,Premezclas,Panaderia,0
73128144,FLEISCH. PREM. PEB101-BAGEL CJ2X10 KG,CS,NULL,BI,Premezclas,Panaderia,0
73129035,FLEISCH. PREM. PEC147-COOKIES BOL.25KG,BAG,NULL,BI,Premezclas,Pasteleria,0
73130042,NUEVA PREMEZCLA TORTAS BOLSA X 10 KG,BAG,NULL,BI,Premezclas,Pasteleria,0
73130144,NUEVA PREM TORTAS -CAJA 2 x 10 k,CS,NULL,BI,Premezclas,Pasteleria,0
73131042,LP PREM. MUFFIN CHOCO. BOL.10 KG,CS,NULL,BI,Premezclas,Pasteleria,0
73131144,LP PREM. MUFFIN CHOCO. CJ2X10 KG,CS,NULL,BI,Premezclas,Pasteleria,0
73132042,PEB 205 - PREM BAGEL CANELA - Bls 10K,CS,NULL,BI,Premezclas,Panaderia,0
73132144,PEB 205 - PREM BAGEL CANELA -CJ 2x 10K,CS,NULL,BI,Premezclas,Panaderia,0
73133042,FLEISCH. PREM. PEC823-COOKIES BOL.10 KG,BAG,NULL,BI,Premezclas,Pasteleria,0
73133144,FLEISCH. PREM. PEC823-COOKIES CJ2X10 KG,CS,NULL,BI,Premezclas,Pasteleria,0
73134030,LP PREM. PAN DE QUESO BOL. X2 KG,BAG,NULL,BI,Premezclas,Panaderia,0
73134143,LP PREM. PAN DE QUESO CJ 6X2 KG,CS,NULL,BI,Premezclas,Panaderia,0
73135032,LP PREM. AKTIVO CEREALES BOL.3 KG,BAG,NULL,BI,Premezclas,Panaderia,628
73135145,LP. PREM. AKTIVO CEREALES CJ6X3 KG,CS,NULL,BI,Premezclas,Panaderia,1413
73136032,LP. PREM. EKILIBRIUM FIBRA BOL.3 KG,BAG,NULL,BI,Premezclas,Panaderia,30
73136145,LP. PREM. EKILIBRIUM FIBRA CJ6X3 KG,CS,NULL,BI,Premezclas,Panaderia,123
73137032,FL PREM. AKTIVO CEREALES BOL.3 KG_EXPO,BAG,NULL,BI,Premezclas,Panaderia,0
73137145,FL PREM. AKTIVO CEREALES CJ6X3 KG_EXPO,CS,NULL,BI,Premezclas,Panaderia,0
73138032,FL PREM. EKILIBRIUM FIBRA BOL.3 KG_EXPO,BAG,NULL,BI,Premezclas,Panaderia,0
73138145,FL PREM. EKILIBRIUM FIBRA CJ6X3 KG_EXPO,CS,NULL,BI,Premezclas,Panaderia,0
73139032,FL PREM. BIZCOCHUELO BOL.3 KG_EXPO,BAG,NULL,BI,Premezclas,Pasteleria,0
73139145,FL PREM. BIZCOCHUELO CJ6X3 KG_EXPO,CS,NULL,BI,Premezclas,Pasteleria,0
73140042,TY PREM. BIZCOCHUELO BOL.10 KG_EXPO,BAG,NULL,BI,Premezclas,Pasteleria,0
73140144,TY PREM. BIZCOCHUELO CJ2X10 KG_EXPO,CS,NULL,BI,Premezclas,Pasteleria,0
73141032,FL PREM. MUFFINS VAIN. BOL.3 KG_EXPO,BAG,NULL,BI,Premezclas,Pasteleria,0
73141145,FL PREM. MUFFINS VAIN. CJ6X3 KG_EXPO,CS,NULL,BI,Premezclas,Pasteleria,0
73142042,TY PREM. BIZCOCHUELO KAM BOL. 10KG_EXPO,BAG,NULL,BI,Premezclas,Pasteleria,0
73142144,TY PREM. BIZCOCHUELO KAM CJ2X10 KG_EXPO,CS,NULL,BI,Premezclas,Pasteleria,0
73143042,TY PM BIZCO. CHOCOLATE KAM BOL.10KG_EXPO,BAG,NULL,BI,Premezclas,Pasteleria,0
73143144,TY PM BIZCO. CHOCOLATE KAM CJ2X10KG_EXPO,CS,NULL,BI,Premezclas,Pasteleria,0
73144032,FL PREM. BROWNIE BOL.3 KG_EXPO,BAG,NULL,BI,Premezclas,Pasteleria,0
73144145,FL. PREM. BROWNIE CJ6X3 KG_EXPO,CS,NULL,BI,Premezclas,Pasteleria,0
73145030,FL PREM. PAN DE QUESO BOL 2KG_ EXPO,BAG,NULL,BI,Premezclas,Panaderia,0
73145143,FL PREM. PAN DE QUESO CJ6X2KG_EXPO,CS,NULL,BI,Premezclas,Panaderia,0
73146032,FL PREM. MUFFINS CHOCO BOL.3 KG_EXPO,BAG,NULL,BI,Premezclas,Pasteleria,0
73146145,FL PREM. MUFFINS CHOCO CJ6X3 KG_EXPO,CS,NULL,BI,Premezclas,Pasteleria,0
73147030,I360 PREM. PDQ REGIONAL HUMITA BOL. X2KG,BAG,NULL,BI,Premezclas,Panaderia,0
73147143,I360 PREM. PDQ REGIONAL HUMITA CJ6X2 KG,CS,NULL,BI,Premezclas,Panaderia,0
73148030,I360 PREM.PDQ REGIONAL ZAP.ASADO BOL.2KG,BAG,NULL,BI,Premezclas,Panaderia,0
73148143,I360 PREM. PDQ REGIONAL ZAP. ASADO CJ6X2,CS,NULL,BI,Premezclas,Panaderia,0
73149030,I360 PREM.PDQREGIONAL CEB.VERDEO BOL.2KG,BAG,NULL,BI,Premezclas,Panaderia,0
73149143,I360 PM PDQ REGIONAL CEB.VERDEO CJ6X2 KG,CS,NULL,BI,Premezclas,Panaderia,0
73150042,NUEVA PREMEZCLA DONAS BOLSA X 10 KG,BAG,NULL,BI,Premezclas,Panaderia,0
73150144,NUEVA PREM DONAS -CAJA 2 x 10 k,CS,NULL,BI,Premezclas,Panaderia,0
73151042,FLEISCH. PREM. PCB403-BROWNIE BOL.10 KG,CS,NULL,BI,Premezclas,Pasteleria,0
73151144,FLEISCH. PREM. PCB403-BROWNIE CJ2X10 KG,CS,NULL,BI,Premezclas,Pasteleria,0
73155032,I360 PREM. PAN MULTIGRANO BOL. X3KG,BAG,NULL,BI,Premezclas,Panaderia,0
73155145,I360 PREM. PAN MULTIGRANO CJ6X3 KG,CS,NULL,BI,Premezclas,Panaderia,0
73156032,I360 PREM. MUFFIN VAIN. BOL. X3KG,BAG,NULL,BI,Premezclas,Pasteleria,0
73156145,I360 PREM. MUFFIN VAIN. CJ6X3 KG,CS,NULL,BI,Premezclas,Pasteleria,0
73157032,I360 PREM. MUFFIN CHOCO. BOL. X3KG,BAG,NULL,BI,Premezclas,Pasteleria,0
73157145,I360 PREM. MUFFIN CHOCO. CJ6X3 KG,CS,NULL,BI,Premezclas,Pasteleria,0
73158032,I360 PREM. BROWNIE BOL. X3KG,BAG,NULL,BI,Premezclas,Pasteleria,0
73158145,I360 PREM. BROWNIE CJ6X3 KG,None,NULL,BI,Premezclas,Pasteleria,0
73160032,I360 PREM. CROISSANT BOL. X3KG,None,NULL,BI,Premezclas,Pasteleria,0
73160145,I360 PREM. CROISSANT CJ6X3 KG,None,NULL,BI,Premezclas,Pasteleria,0
73161030,LP PREM. PAN DE QUESO BOL. X2 KG - 100A,BAG,NULL,BI,Premezclas,Panaderia,0
73161143,LP PREM. PAN DE QUESO CJ 6X2 KG - 100A,CS,NULL,BI,Premezclas,Panaderia,0
73162032,I360 PREM. PAN MULTIGRANO BOL. X3KG 100A,BAG,NULL,BI,Premezclas,Panaderia,0
73162145,I360 PREM. PAN MULTIGRANO CJ6X3 KG 100A,CS,NULL,BI,Premezclas,Panaderia,0
73163032,I360 PREM. MUFFIN CHOCO. BOL3KG 100A,BAG,NULL,BI,Premezclas,Pasteleria,374
73163145,I360 PREM. MUFFIN CHOCO. CJ6X3KG 100A,CS,NULL,BI,Premezclas,Pasteleria,993
73164032,I360 PREM. MUFFIN VAIN. BOL3KG,BAG,NULL,BI,Premezclas,Pasteleria,863
73164145,I360 PREM. MUFFIN VAIN. CJ6X3K,CS,NULL,BI,Premezclas,Pasteleria,1262
73165032,I360 PREM. CROISSANT. BOL3KG,BAG,NULL,BI,Premezclas,Pasteleria,372
73165145,I360 PREM. CROISSANT. CJ6X3KG,CS,NULL,BI,Premezclas,Pasteleria,955
73166030,I360 PREM. PAN DE QUESO. BOL2KG,BAG,NULL,BI,Premezclas,Panaderia,7691
73166033,I360 PREM. PAN DE QUESO 100A BOL. 1 KG,BAG,NULL,BI,Premezclas,Panaderia,0
73166143,I360 PREM. PAN DE QUESO. CJ6X2KG,CS,NULL,BI,Premezclas,Panaderia,3855
73166197,I360 PREM. PAN DE QUESO 100A CJ10X1 KG,CS,NULL,BI,Premezclas,Pasteleria,0
73167032,I360 PREM. BROWNIE. BOL3KG,BAG,NULL,BI,Premezclas,Pasteleria,733
73167145,I360 PREM. BROWNIE. CJ6X3KG,CS,NULL,BI,Premezclas,Pasteleria,1332
73168032,FL I360 PREM. PAN MULTIGRANO BOL. X3KG,BAG,NULL,BI,Premezclas,Panaderia,0
73168145,FL I360 PREM. PAN MULTIGRANO CJ6X3 KG,CS,NULL,BI,Premezclas,Panaderia,0
73169032,I360 PREM. PAN MULTICEREAL BOL. X3KG,None,NULL,BI,Premezclas,Pasteleria,0
73169145,I360 PREM. PAN MULTICEREAL CJ6X3 KG,None,NULL,BI,Premezclas,Pasteleria,0
73170032,I360 PREM. PAN AVENA BOL. X3KG,None,NULL,BI,Premezclas,Pasteleria,0
73170145,I360 PREM. PAN AVENA CJ6X3 KG,None,NULL,BI,Premezclas,Pasteleria,0
73179032,I360 PREM. PAN MULTIGRANO 100% BOL. X3KG,BAG,NULL,BI,Premezclas,Panaderia,0
73179145,I360 PREM. PAN MULTIGRANO 100% CJ6X3 KG,CS,NULL,BI,Premezclas,Panaderia,0
73180032,LP. PREM. BUDIN BASE HUM CHOCO BOL 3KG,BAG,NULL,BI,Premezclas,Pasteleria,666
73180145,LP. PREM. BUDIN BASE HUM CHOCO CJ 6X3KG,CS,NULL,BI,Premezclas,Pasteleria,818
73181032,LP. PREM. BUDIN BASE HUM VAIN BOL 3K,BAG,NULL,BI,Premezclas,Pasteleria,1426
73181145,LP. PREM. BUDIN BASE HUM VAIN CJ 6X3KG,CS,NULL,BI,Premezclas,Pasteleria,1402
73182032,FL I360 PREM. PAN AVENA BOL 3KGS,BAG,NULL,BI,Premezclas,Panaderia,0
73182145,FL I360 PREM. PAN AVENA CJ6X3 KG,CS,NULL,BI,Premezclas,Panaderia,0
73183032,FL I360 PAN CON CEREALES UY BOL 3KG,BAG,NULL,BI,Premezclas,Panaderia,0
73183145,FL I360 PAN CON CEREAL CJ6X3 KG UY,CS,NULL,BI,Premezclas,Panaderia,0
73184032,FL I360 PREM. PAN CON SEMILLAS UY BOL.3K,BAG,NULL,BI,Premezclas,Panaderia,0
73184145,FL I360 PREM. PAN CON SEMILLAS UY 6X3 KG,CS,NULL,BI,Premezclas,Panaderia,0
73200201,CREMA BRILL VAINILLA WT -BLS X 3.86 KG,BAG,NULL,Pasteleria,Pasteleria,Cremas brill,0
73200202,CREMA BRILL VAINILLA WT -CJ X 4 BLS,CS,NULL,Pasteleria,Pasteleria,Cremas brill,0
73210201,CREMA BRILL CHOCOLATE WT -BLS X 3.86 KG,BAG,NULL,Pasteleria,Pasteleria,Cremas brill,0
73210202,CREMA BRILL CHOCOLATE WT -CJ X 4 BLS,CS,NULL,Pasteleria,Pasteleria,Cremas brill,0
73211125,CREMA BASE RICH -CAJA 12 P X 0.907 KG,CS,NULL,Pasteleria,Pasteleria,Cremas brill,0
73211139,CREMA BASE RICH -CAJA 4 P X 4 KG,CS,NULL,Pasteleria,Pasteleria,Cremas Rich,0
73212125,CREMA CHANTILLY RICH -C 12 P X 0.907 KG,CS,NULL,Pasteleria,Pasteleria,Cremas brill,0
73212131,CREMA CHANTILLY RICH -PAQ. X 4 KG,PA1,Paquete,Pasteleria,Pasteleria,Cremas Rich,0
73212139,CREMA CHANTILLY RICH -CAJA 4 P X 4 KG,CS,NULL,Pasteleria,Pasteleria,Cremas Rich,0
73213125,CREMA CHOCOLATE RICH -C 12 P X 0.907 KG,CS,NULL,Pasteleria,Pasteleria,Cremas brill,0
73213131,CREMA CHOCOLATE RICH -PAQ X 4 KG,PA1,Paquete,Pasteleria,Pasteleria,Cremas Rich,0
73213139,CREMA CHOCOLATE RICH -CAJA 4 P X 4 KG,CS,NULL,Pasteleria,Pasteleria,Cremas Rich,0
73214125,CREMA VAINILLA RICH -C 12 P X 0.907 KG,CS,NULL,Pasteleria,Pasteleria,Cremas brill,0
73214131,CREMA VAINILLA RICH -PAQ X 4 KG,PA1,Paquete,Pasteleria,Pasteleria,Cremas Rich,0
73214139,CREMA VAINILLA RICH -CAJA 4 P X 4 KG,CS,NULL,Pasteleria,Pasteleria,Cremas Rich,0
73220203,"BAÑO BRILL CH. READY ICE -BLD X 10,44 KG",BAL,Balde,Pasteleria,Pasteleria,Cremas brill,0
73230204,COBERTURA FRUTILLA BRILL -BLD X 9.08KG,BAL,Balde,Pasteleria,Pasteleria,Cremas brill,0
73240204,RELLENO CEREZA BRILL -BLD X 9.08KG,BAL,Balde,BI,Rellenos y Azucar,Rellenos,0
73250205,CARAMELO BRILL CARAMELIZE -BLD X 9.53KG,BAL,Balde,Pasteleria,Pasteleria,Cremas brill,0
73260032,LP BRILLO BRILLO EN POLVO BOL.3 KG,BAG,NULL,BI,Brillos,Polvo en Frio,0
73260145,LP BRILLO BRILLO EN POLVO CJ6X3 KG,CS,NULL,BI,Brillos,Polvo en Frio,0
73260492,BRILLO EN POLVO - Pote x 500 grs.,POT,Pote,BI,Brillos,Polvo en Frio,0
73300068,FRUTGEL NEUTRO CALSA BALD.X 6K,BAL,Balde,Pasteleria,Pasteleria,Brillos de Pasteleria,0
73300081,FRUTGEL NEUTRO CALSA -CJ. 2 BALDES X 5K,CS,NULL,Pasteleria,Pasteleria,Brillos de Pasteleria,0
73300087,FRUTGEL NEUTRO CALSA C.X 2 BALD.X 6K,CS,NULL,Pasteleria,Pasteleria,Brillos de Pasteleria,0
73300101,FRUTGEL NEUTRO CALSA BALDESX 7KG,CS,NULL,Pasteleria,Pasteleria,Brillos de Pasteleria,0
73300102,FRUTGEL NEUTRO CALSA C.X 2 BALD.X 7KG,CS,NULL,Pasteleria,Pasteleria,Brillos de Pasteleria,0
73301068,GELEX NEUTRO CALSA BALD.X 6K,BAL,Balde,Pasteleria,Pasteleria,Brillos de Pasteleria,0
73301081,GELEX NEUTRO CALSA - CJ.2 BALDES X 5 K,CS,NULL,Pasteleria,Pasteleria,Brillos de Pasteleria,0
73301087,GELEX NEUTRO CALSA C.X 2 BALD.X 6K,CS,NULL,Pasteleria,Pasteleria,Brillos de Pasteleria,0
73302068,GELEX MANZANA CALSA BALD.X 6K,BAL,Balde,Pasteleria,Pasteleria,Brillos de Pasteleria,0
73302081,GELEX MANZANA CALSA - CJ.2 BALDES X 5 K,CS,NULL,Pasteleria,Pasteleria,Pastas Frutales,0
73302087,GELEX MANZANA CALSA C.X 2 BALD.X 6K,CS,NULL,Pasteleria,Pasteleria,Brillos de Pasteleria,0
73303068,GELEX LIMON CALSA BALD.X 6K,BAL,Balde,Pasteleria,Pasteleria,Brillos de Pasteleria,0
73303081,GELEX LIMON CALSA - CJ.2 BALDES X 5 K,CS,NULL,Pasteleria,Pasteleria,Pastas Frutales,0
73303087,GELEX LIMON CALSA C.X 2 BALD.X 6K,CS,NULL,Pasteleria,Pasteleria,Brillos de Pasteleria,0
73304068,GELEX FRUTILLA CALSA BALD.X 6K,BAL,Balde,Pasteleria,Pasteleria,Brillos de Pasteleria,0
73304081,GELEX FRUTILLA CALSA - CJ.2 BALDES X 5 K,CS,NULL,Pasteleria,Pasteleria,Pastas Frutales,0
73304087,GELEX FRUTILLA CALSA C.X 2 BALD.X 6K,CS,NULL,Pasteleria,Pasteleria,Brillos de Pasteleria,0
73305068,SUPERCREM FRUTILLA CALSA BALDE X 6K,BAL,Balde,Pasteleria,Pasteleria,Pastas Frutales,0
73305087,SUPERCREM FRUTILLA CALSA C.X 2 BALD.X 6K,CS,NULL,Pasteleria,Pasteleria,Pastas Frutales,0
73306068,SUPERCREM LIMON CALSA BALDE X 6K,BAL,Balde,Pasteleria,Pasteleria,Pastas Frutales,0
73306087,SUPERCREM LIMON CALSA C.X 2 BALDES.X 6K,CS,NULL,Pasteleria,Pasteleria,Pastas Frutales,0
73306101,SUPERCREM LIMON CALSA BALDES.X 7K,CS,NULL,Pasteleria,Pasteleria,Pastas Frutales,0
73306102,SUPERCREM LIMON CALSA C.X 2 BALDES.X 7K,CS,NULL,Pasteleria,Pasteleria,Pastas Frutales,0
73307068,SUPERCREM NARANJA CALSA BALDE X 6K,BAL,Balde,Pasteleria,Pasteleria,Pastas Frutales,0
73307087,SUPERCREM NARANJA CALSAC.X 2 BALDES.X 6K,CS,NULL,Pasteleria,Pasteleria,Pastas Frutales,0
73308068,SUPERCREM MANZANA CALSA BALDE X 6K,BAL,Balde,Pasteleria,Pasteleria,Pastas Frutales,0
73308087,SUPERCREM MANZANA CALSAC.X 2 BALDES.X 6K,CS,NULL,Pasteleria,Pasteleria,Pastas Frutales,0
73309068,SUPERCREM DURAZNO CALSA BALDE X 6K,BAL,Balde,Pasteleria,Pasteleria,Pastas Frutales,0
73309087,SUPERCREM DURAZNO CALSAC.X 2 BALDES.X 6K,CS,NULL,Pasteleria,Pasteleria,Pastas Frutales,0
73309101,SUPERCREM DURAZNO CALSA. BALDE.X 7K,CS,NULL,Pasteleria,Pasteleria,Pastas Frutales,0
73309102,SUPERCREM DURAZNO CALSA.CX 2 BALDES.X 7K,CS,NULL,Pasteleria,Pasteleria,Pastas Frutales,0
73310068,SUPERCREM FRAMBUESA CALSA BALDE X 6K,BAL,Balde,Pasteleria,Pasteleria,Pastas Frutales,0
73310087,SUPERCREM FRAMBUESA CALSAC.X 2 BALD.X 6K,CS,NULL,Pasteleria,Pasteleria,Pastas Frutales,0
73311068,SUPERCREM F.D.BOSQUE CALSA BALDE X 6K,BAL,Balde,Pasteleria,Pasteleria,Pastas Frutales,0
73311087,SUPERCREM F.D.BOSQUE CALSAC.X 2 BAL.X 6K,CS,NULL,Pasteleria,Pasteleria,Pastas Frutales,0
73311101,SUPERCREM F.D.BOSQUE CALSA BALDE X 7K,CS,NULL,Pasteleria,Pasteleria,Pastas Frutales,0
73311102,SUPERCREM F.D.BOSQUE CALSAC.X 2 BAL.X 7K,CS,NULL,Pasteleria,Pasteleria,Pastas Frutales,0
73312068,SUPERCREM KIWI CALSA BALDE X 6K,BAL,Balde,Pasteleria,Pasteleria,Pastas Frutales,0
73312087,SUPERCREM KIWI CALSA CJ.X 2 BALDES .X 6K,CS,NULL,Pasteleria,Pasteleria,Pastas Frutales,0
73312101,SUPERCREM KIWI CALSA BALDES .X 7K,CS,NULL,Pasteleria,Pasteleria,Pastas Frutales,0
73312102,SUPERCREM KIWI CALSA CJ.X 2 BALDES .X 7K,CS,NULL,Pasteleria,Pasteleria,Pastas Frutales,0
73313068,SUPERCREM DAMASCO CALSA BALDE X 6K,BAL,Balde,Pasteleria,Pasteleria,Pastas Frutales,0
73313087,SUPERCREM DAMASCO CALSA C.X 2 BALD.X 6K,CS,NULL,Pasteleria,Pasteleria,Pastas Frutales,0
73314068,SUPERCREM VAINILLA CALSA BALDE X 6K,BAL,Balde,Pasteleria,Pasteleria,Pastas Frutales,0
73314087,SUPERCREM VAINILLA CALSA C.X 2 BALD.X 6K,CS,NULL,Pasteleria,Pasteleria,Pastas Frutales,0
73315068,SUPERCREM ANANA CALSA BALDE X 6K,BAL,Balde,Pasteleria,Pasteleria,Pastas Frutales,0
73315087,SUPERCREM ANANA CALSA C.X 2 BALD.X 6K,CS,NULL,Pasteleria,Pasteleria,Pastas Frutales,0
73315101,SUPERCREM ANANA CALSA BALD.X 7K,CS,NULL,Pasteleria,Pasteleria,Pastas Frutales,0
73315102,SUPERCREM ANANA CALSA C.X 2 BALD.X 7K,CS,NULL,Pasteleria,Pasteleria,Pastas Frutales,0
73316066,DECOFRUT FRUTILLA CALSA BALDE X 5K,BAL,Balde,Pasteleria,Pasteleria,Pastas Frutales,0
73316081,DECOFRUT FRUTILLCALSA -CJ. 2 BALDES X 5K,CS,NULL,Pasteleria,Pasteleria,Pastas Frutales,0
73316098,DECOFRUT FRUTILLA CALSA C.X 2 BALD.X 5K,CS,NULL,Pasteleria,Pasteleria,Pastas Frutales,0
73317066,DECOFRUT DURAZNO CALSA BALDE X 5K,BAL,Balde,Pasteleria,Pasteleria,Pastas Frutales,0
73317081,DECOFRUT DURAZNOCALSA -CJ. 2 BALDES X 5K,CS,NULL,Pasteleria,Pasteleria,Pastas Frutales,0
73317098,DECOFRUT DURAZNOCALSA C.X 2 BALD.X 5K,CS,NULL,Pasteleria,Pasteleria,Pastas Frutales,0
73318066,DECOFRUT MANZANA CALSA BALDE X 5K,BAL,Balde,Pasteleria,Pasteleria,Pastas Frutales,0
73318081,DECOFRUT MANZANACALSA -CJ. 2 BALDES X 5K,CS,NULL,Pasteleria,Pasteleria,Pastas Frutales,0
73318098,DECOFRUT MANZANA CALSA C.X 2 BALD.X 5K,CS,NULL,Pasteleria,Pasteleria,Pastas Frutales,0
73319066,DECOFRUT F.D.BOSQUE CALSA BALDE X 5K,BAL,Balde,Pasteleria,Pasteleria,Pastas Frutales,0
73319068,DECOFRUT F.D.BOSQUECALSA BALD X 6K,CS,NULL,Pasteleria,Pasteleria,Pastas Frutales,0
73319081,DECOFRUT F.D.BOSQUECALSA -C. 2 BALD X 5K,CS,NULL,Pasteleria,Pasteleria,Pastas Frutales,0
73319087,DECOFRUT F.D.BOSQUECALSA -C. 2 BALD X 6K,CS,NULL,Pasteleria,Pasteleria,Pastas Frutales,0
73319098,DECOFRUT F.D.BOSQU CALSA C.X 2 BALD.X 5K,CS,NULL,Pasteleria,Pasteleria,Pastas Frutales,0
73320066,DECOFRUT KIWI CALSA BALDE X 5K,BAL,Balde,Pasteleria,Pasteleria,Pastas Frutales,0
73320081,DECOFRUT KIWI CALSA -C. 2 BALD X 5K,CS,NULL,Pasteleria,Pasteleria,Pastas Frutales,0
73320098,DECOFRUT KIWI CALSA C.X 2 BALD.X 5K,CS,NULL,Pasteleria,Pasteleria,Pastas Frutales,0
73321061,DELIFRUT CEREZA NEG CALSA BALDE X 3K,BAL,Balde,Pasteleria,Pasteleria,Pastas Frutales,0
73321098,DELIFRUT C.NEGRA CALSA C.X 4BALD.X 3K,CS,NULL,Pasteleria,Pasteleria,Pastas Frutales,0
73322074,DELIFRUT MANZANA CALSA BALDE X 2.5K,BAL,Balde,Pasteleria,Pasteleria,Pastas Frutales,0
73322098,0ELIFRUT MANZANA CALSA C.X 4 BALD.X 3K,CS,NULL,Pasteleria,Pasteleria,Pastas Frutales,0
73322099,DELIFRUT MANZANA CALSA C.X 4Latas.X 2.5K,CS,NULL,Pasteleria,Pasteleria,Pastas Frutales,0
73322136,DELIFRUT MANZANA CALSA BALDE X 2.5K,BAL,Balde,Pasteleria,Pasteleria,Pastas Frutales,0
73323061,DELIFRUT DURAZNO CALSA BALDE X 3 K,BAL,Balde,Pasteleria,Pasteleria,Pastas Frutales,0
73323098,DELIFRUT DURAZNO CALSA C.X 4 BALD.X 3K,CS,NULL,Pasteleria,Pasteleria,Pastas Frutales,0
73324068,GELCREM FRUTILLA CALSA BALDE X 6K,BAL,Balde,Pasteleria,Pasteleria,Pastas Frutales,0
73324087,GELCREM FRUTILLA CALSA C.X 2 BALD.X 6K,CS,NULL,Pasteleria,Pasteleria,Pastas Frutales,0
73325068,GELCREM NARANJA CALSA BALDE X 6K,BAL,Balde,Pasteleria,Pasteleria,Pastas Frutales,0
73325087,GELCREM NARANJA CALSA C.X 2 BALD.X 6K,CS,NULL,Pasteleria,Pasteleria,Pastas Frutales,0
73325101,GELCREM NARANJA CALSA BALD.X 7 K,CS,NULL,Pasteleria,Pasteleria,Pastas Frutales,0
73325102,GELCREM NARANJA CALSA C.X 2 BALD.X 7 K,CS,NULL,Pasteleria,Pasteleria,Pastas Frutales,0
73326068,GELCREM DAMASCO CALSA BALDE X 6K,BAL,Balde,Pasteleria,Pasteleria,Pastas Frutales,0
73326087,GELCREM DAMASCO CALSA C.X 2 BALD.X 6K,CS,NULL,Pasteleria,Pasteleria,Pastas Frutales,0
73327068,YEMA CONFITADA CALSA BALDE X 6K,BAL,Balde,Pasteleria,Pasteleria,Pastas Frutales,0
73327087,YEMA CONFITADA CALSA C.X 2 BALD.X 6K,CS,NULL,Pasteleria,Pasteleria,Pastas Frutales,0
73328033,MOUSSE CHOCOLATE CALSA BOLSA X 1 K,BAG,NULL,BI,Cremas,Polvos,0
73328074,MOUSSE CHOCOLATE CALSA C.X 8 bolsasX 1K,CS,NULL,BI,Cremas,Polvos,0
73329033,MOUSSE LIMON CALSA BOLSA X 1 K,BAG,NULL,BI,Cremas,Polvos,0
73329074,MOUSSE LIMON CALSA C.X 8 bolsasX 1K,CS,NULL,BI,Cremas,Polvos,0
73330033,MOUSSE FRUTILLA CALSA BOLSA X 1 K,BAG,NULL,BI,Cremas,Polvos,0
73330074,MOUSSE FRUTILLA CALSA C.X 8 bolsasX 1K,CS,NULL,BI,Cremas,Polvos,0
73331033,MOUSSE MENTA CALSA BOLSA X 1 K,BAG,NULL,BI,Cremas,Polvos,0
73331074,MOUSSE MENTA CALSA C.X 8 bolsasX 1K,CS,NULL,BI,Cremas,Polvos,0
73332033,MOUSSE MOKA CALSA BOLSA X 1 K,BAG,NULL,BI,Cremas,Polvos,0
73332074,MOUSSE MOKA CALSA C.X 8 bolsasX 1K,CS,NULL,BI,Cremas,Polvos,0
73333033,SEMIFRIO CHOCOLATE CALSA BOLSA X 1 K,BAG,NULL,Pasteleria,Pasteleria,Polvos para Preparar,0
73333074,SEMIFRIO CHOCOLAT CALSA C.X 8 bolsasX 1K,CS,NULL,Pasteleria,Pasteleria,Polvos para Preparar,0
73334033,SEMIFRIO LIMON CALSA BOLSA X 1 K,BAG,NULL,Pasteleria,Pasteleria,Polvos para Preparar,0
73334074,SEMIFRIO LIMON CALSA C.X 8 bolsasX 1K,CS,NULL,Pasteleria,Pasteleria,Polvos para Preparar,0
73335033,SEMIFRIO FRUTILLA CALSA BOLSA X 1 K,BAG,NULL,Pasteleria,Pasteleria,Polvos para Preparar,0
73335074,SEMIFRIO FRUTILLA CALSA C.X 8 bolsasX 1K,CS,NULL,Pasteleria,Pasteleria,Polvos para Preparar,0
73336033,SEMIFRIO YOGURT CALSA BOLSA X 1 K,BAG,NULL,Pasteleria,Pasteleria,Pastas Frutales,0
73336074,SEMIFRIO YOGURT CALSA C.X 8 bolsasX 1K,CS,NULL,Pasteleria,Pasteleria,Polvos para Preparar,0
73337033,SEMIFRIO FRAMBUESA CALSA BOLSA X 1 K,BAG,NULL,Pasteleria,Pasteleria,Pastas Frutales,0
73337074,SEMIFRIO FRAMBUES CALSA C.X 8 bolsasX 1K,CS,NULL,Pasteleria,Pasteleria,Polvos para Preparar,0
73338033,SEMIFRIO NEUTRO CALSA BOLSA X 1 K,BAG,NULL,Pasteleria,Pasteleria,Polvos para Preparar,0
73338074,SEMIFRIO NEUTRO CALSA C.X 8 bolsasX 1K,CS,NULL,Pasteleria,Pasteleria,Polvos para Preparar,0
73339033,SEMIFRIO MOKA CALSA BOLSA X 1 K,BAG,NULL,Pasteleria,Pasteleria,Polvos para Preparar,0
73339074,SEMIFRIO MOKA CALSA C.X 8 bolsasX 1K,CS,NULL,Pasteleria,Pasteleria,Polvos para Preparar,0
73340033,TIRAMISU CALSA BOLSA X 1 K,BAG,NULL,Pasteleria,Pasteleria,Polvos para Preparar,0
73340074,SEMIFRIO TIRAMISU CALSA C.X 8 bolsasX 1K,CS,NULL,Pasteleria,Pasteleria,Polvos para Preparar,0
73341033,QUESARCON CALSA BOLSA X 1 K,BAG,NULL,Pasteleria,Pasteleria,Polvos para Preparar,0
73341074,QUESARCON CALSA C.X 8 bolsasX 1K,CS,NULL,Pasteleria,Pasteleria,Polvos para Preparar,0
73342033,TRUFIBEL CALSA BOLSA X 1 K,BAG,NULL,Pasteleria,Pasteleria,Polvos para Preparar,0
73342074,TRUFIBEL CALSA C.X 8 bolsasX 1K,CS,NULL,Pasteleria,Pasteleria,Polvos para Preparar,0
73343022,SIROPE CHOCOLATE CALSA -BOTELLA X 1LT,BI1,Bidón,Pasteleria,Pasteleria,Polvos para Preparar,0
73343052,SIROPE CHOCOLATE CALSA C.X 15 bot X 1LT,CS,NULL,Pasteleria,Pasteleria,Polvos para Preparar,0
73344022,SIROPE CARAMELO CALSA -BOTELLA X 1LT,BI1,Bidón,Pasteleria,Pasteleria,Polvos para Preparar,0
73344052,SIROPE CARAMELO CALSA C.X 15 bot X 1LT,CS,NULL,Pasteleria,Pasteleria,Polvos para Preparar,0
73345022,SIROPE FRUTILLA CALSA -BOTELLA X 1LT,BI1,Bidón,Pasteleria,Pasteleria,Polvos para Preparar,0
73345052,SIROPE FRUTILLA CALSA C.X 15 bot X 1LT,CS,NULL,Pasteleria,Pasteleria,Polvos para Preparar,0
73346068,FRUTGEL NEUTRO CALSA BALD.X 6K,BAL,Balde,Pasteleria,Pasteleria,Brillos de Pasteleria,0
73346081,FRUTGEL NEUTRO ARCONSA-CJ. 2 BALDES X 5K,CS,NULL,Pasteleria,Pasteleria,Brillos de Pasteleria,0
73346087,FRUTGEL NEUTRO ARCONSA-CJ. 2 BALDES X 6K,CS,NULL,Pasteleria,Pasteleria,Brillos de Pasteleria,0
73347068,GELEX NEUTRO CALSA BALD.X 6K,BAL,Balde,Pasteleria,Pasteleria,Brillos de Pasteleria,0
73347081,GELEX NEUTRO ARCONSA-CJ. 2 BALDES X 5K,CS,NULL,Pasteleria,Pasteleria,Brillos de Pasteleria,0
73347087,GELEX NEUTRO ARCONSA-CJ. 2 BALDES X 6K,CS,NULL,Pasteleria,Pasteleria,Brillos de Pasteleria,0
73348068,GELEX FRUTILLA CALSA BALD.X 6K,BAL,Balde,Pasteleria,Pasteleria,Brillos de Pasteleria,0
73349068,GELEX LIMON CALSA BALD.X 6K,BAL,Balde,Pasteleria,Pasteleria,Brillos de Pasteleria,0
73349087,SUPERCREM LIMONARCONSA-CJ. 2 BALDES X 6K,CS,NULL,Pasteleria,Pasteleria,Pastas Frutales,0
73350068,GELEX MANZANA CALSA BALD.X 6K,BAL,Balde,Pasteleria,Pasteleria,Brillos de Pasteleria,0
73350087,SUPERCREM NARANJ ARCONSA-C 2 BALDES X 6K,CS,NULL,Pasteleria,Pasteleria,Pastas Frutales,0
73351068,SUPERCREM FRUTILLA CALSA BALDE X 6K,BAL,Balde,Pasteleria,Pasteleria,Pastas Frutales,0
73351087,SUPERCREM MANZAN ARCONSA-C 2 BALDES X 6K,CS,NULL,Pasteleria,Pasteleria,Pastas Frutales,0
73352068,SUPERCREM LIMON CALSA BALDE X 6K,BAL,Balde,Pasteleria,Pasteleria,Pastas Frutales,0
73352087,SUPERCREM DURAZNOARCONSA-C 2 BALDES X 6K,CS,NULL,Pasteleria,Pasteleria,Pastas Frutales,0
73353068,SUPERCREM DURAZNO CALSA BALDE X 6K,BAL,Balde,Pasteleria,Pasteleria,Pastas Frutales,0
73353081,DECOFRUT FRUTILLAARCONSA-C 2 BALDES X 5K,CS,NULL,Pasteleria,Pasteleria,Pastas Frutales,0
73354068,SUPERCREM MANZANA CALSA BALDE X 6K,BAL,Balde,Pasteleria,Pasteleria,Pastas Frutales,0
73354081,DECOFRUT DURAZNO ARCONSA-C 2 BALDES X 5K,CS,NULL,Pasteleria,Pasteleria,Pastas Frutales,0
73355068,SUPERCREM DAMASCO CALSA BALDE X 6K,BAL,Balde,Pasteleria,Pasteleria,Pastas Frutales,0
73355081,DECOFRUT F.D.BOSQUE ARCONSA-C 2 BAL X 5K,CS,NULL,Pasteleria,Pasteleria,Pastas Frutales,0
73356068,SUPERCREM FRAMBUESA CALSA BALDE X 6K,BAL,Balde,Pasteleria,Pasteleria,Pastas Frutales,0
73356098,DELIFRUT CEREZA NEG ARCONSA-C4 BAL X 3K,CS,NULL,Pasteleria,Pasteleria,Pastas Frutales,0
73357068,SUPERCREM NARANJA CALSA BALDE X 6K,BAL,Balde,Pasteleria,Pasteleria,Pastas Frutales,0
73357098,DELIFRUT MANZANA ARCONSA-C4 BAL X 3K,CS,NULL,Pasteleria,Pasteleria,Pastas Frutales,0
73357099,DELIFRUT MANZANA ARCONSA-C4 BAL X 2.5K,CS,NULL,Pasteleria,Pasteleria,Pastas Frutales,0
73358068,SUPERCREM KIWI CALSA BALDE X 6K,BAL,Balde,Pasteleria,Pasteleria,Pastas Frutales,0
73358098,DELIFRUT DURAZNO ARCONSA-C4 BAL X 3K,CS,NULL,Pasteleria,Pasteleria,Pastas Frutales,0
73359068,SUPERCREM F.D.BOSQUE CALSA BALDE X 6K,BAL,Balde,Pasteleria,Pasteleria,Pastas Frutales,0
73359087,YEMA DE HUEVO ARCONSA-C2 BAL X 6K,CS,NULL,Pasteleria,Pasteleria,Pastas Frutales,0
73360068,SUPERCREM VAINILLA CALSA BALDE X 6K,BAL,Balde,Pasteleria,Pasteleria,Pastas Frutales,0
73360074,MOUSSE CHOCOLATE ARCONSA-C8 BOLS X 1K,CS,NULL,Pasteleria,Pasteleria,Polvos para Preparar,0
73361068,SUPERCREM ANANA CALSA BALDE X 6K,BAL,Balde,Pasteleria,Pasteleria,Pastas Frutales,0
73361074,MOUSSE LIMON ARCONSA-C8 BOLSAS X 1K,CS,NULL,Pasteleria,Pasteleria,Polvos para Preparar,0
73362068,GELCREM FRUTILLA CALSA BALDE X 6K,BAL,Balde,Pasteleria,Pasteleria,Pastas Frutales,0
73362074,MOUSSE FRUTILLA ARCONSA-C8 BOLSAS X 1K,CS,NULL,Pasteleria,Pasteleria,Polvos para Preparar,0
73363068,GELCREM NARANJA CALSA BALDE X 6K,BAL,Balde,Pasteleria,Pasteleria,Pastas Frutales,0
73363074,SEMIFRIO CHOCOLATE ARCONSA-C8 BOLS X 1K,CS,NULL,Pasteleria,Pasteleria,Polvos para Preparar,0
73364068,GELCREM DAMASCO CALSA BALDE X 6K,BAL,Balde,Pasteleria,Pasteleria,Pastas Frutales,0
73364074,SEMIFRIO LIMON ARCONSA-C8 BOLS X 1K,CS,NULL,Pasteleria,Pasteleria,Polvos para Preparar,0
73365066,DECOFRUT FRUTILLA CALSA BALDE X 5K,BAL,Balde,Pasteleria,Pasteleria,Pastas Frutales,0
73366066,DECOFRUT DURAZNO CALSA BALDE X 5K,BAL,Balde,Pasteleria,Pasteleria,Pastas Frutales,0
73366074,SEMIFRIO YOGURT ARCONSA-C8 BOLS X 1K,CS,NULL,Pasteleria,Pasteleria,Polvos para Preparar,0
73367066,DECOFRUT MANZANA CALSA BALDE X 5K,BAL,Balde,Pasteleria,Pasteleria,Pastas Frutales,0
73367074,SEMIFRIO TIRAMISU ARCONSA-C8 BOLS X 1K,CS,NULL,Pasteleria,Pasteleria,Polvos para Preparar,0
73368066,DECOFRUT F.D.BOSQUE CALSA BALDE X 5K,BAL,Balde,Pasteleria,Pasteleria,Pastas Frutales,0
73368074,QUESARCON ARCONSA-C8 BOLS X 1K,CS,NULL,Pasteleria,Pasteleria,Polvos para Preparar,0
73369066,DECOFRUT KIWI CALSA BALDE X 5K,BAL,Balde,Pasteleria,Pasteleria,Pastas Frutales,0
73369074,TRUFIBEL ARCONSA-C8 BOLS X 1K,CS,NULL,Pasteleria,Pasteleria,Polvos para Preparar,0
73370061,DELIFRUT CEREZA NEG CALSA BALDE X 3K,BAL,Balde,Pasteleria,Pasteleria,Pastas Frutales,0
73371074,DELIFRUT MANZANA CALSA BALDE X 2.5K,BAL,Balde,Pasteleria,Pasteleria,Pastas Frutales,0
73372061,DELIFRUT DURAZNO CALSA BALDE X 3 K,BAL,Balde,Pasteleria,Pasteleria,Pastas Frutales,0
73373068,YEMA CONFITADA CALSA BALDE X 6K,BAL,Balde,Pasteleria,Pasteleria,Pastas Frutales,0
73373070,YEMA CONFITADA CALSA BALDE X 2 K,BAL,Balde,Pasteleria,Pasteleria,Pastas Frutales,0
73374033,MOUSSE CHOCOLATE CALSA BOLSA X 1 K,BAG,NULL,BI,Cremas,Polvos,0
73375033,MOUSSE LIMON CALSA BOLSA X 1 K,BAG,NULL,BI,Cremas,Polvos,0
73376033,MOUSSE FRUTILLA CALSA BOLSA X 1 K,BAG,NULL,BI,Cremas,Polvos,0
73377033,MOUSSE MENTA CALSA BOLSA X 1 K,BAG,NULL,BI,Cremas,Polvos,0
73378033,MOUSSE MOKA CALSA BOLSA X 1 K,BAG,NULL,BI,Cremas,Polvos,0
73379033,SEMIFRIO CHOCOLATE CALSA BOLSA X 1 K,BAG,NULL,Pasteleria,Pasteleria,Pastas Frutales,0
73380033,SEMIFRIO LIMON CALSA BOLSA X 1 K,BAG,NULL,Pasteleria,Pasteleria,Pastas Frutales,0
73381033,SEMIFRIO FRUTILLA CALSA BOLSA X 1 K,BAG,NULL,Pasteleria,Pasteleria,Pastas Frutales,0
73382033,SEMIFRIO YOGURT CALSA BOLSA X 1 K,BAG,NULL,Pasteleria,Pasteleria,Pastas Frutales,0
73383033,SEMIFRIO FRAMBUESA CALSA BOLSA X 1 K,BAG,NULL,Pasteleria,Pasteleria,Pastas Frutales,0
73384033,SEMIFRIO NEUTRO CALSA BOLSA X 1 K,BAG,NULL,Pasteleria,Pasteleria,Pastas Frutales,0
73385033,SEMIFRIO MOKA CALSA BOLSA X 1 K,BAG,NULL,Pasteleria,Pasteleria,Pastas Frutales,0
73386033,QUESARCON CALSA BOLSA X 1 K,BAG,NULL,Pasteleria,Pasteleria,Pastas Frutales,0
73387033,TIRAMISU CALSA BOLSA X 1 K,BAG,NULL,Pasteleria,Pasteleria,Pastas Frutales,0
73388033,TRUFIBEL CALSA BOLSA X 1 K,BAG,NULL,Pasteleria,Pasteleria,Pastas Frutales,0
73500068,FRUTGEL NEUTRO ARCONSA- BALDES X 6K,BAL,Balde,Pasteleria,Pasteleria,Brillos de Pasteleria,0
73500087,FRUTGEL NEUTRO ARCONSA-CJ. 2 BALDES X 6K,CS,NULL,Pasteleria,Pasteleria,Brillos de Pasteleria,0
73501068,GELEX NEUTRO ARCONSABALDES X 6K,BAL,Balde,Pasteleria,Pasteleria,Brillos de Pasteleria,0
73501087,GELEX NEUTRO ARCONSA-CJ. 2 BALDES X 6K,CS,NULL,Pasteleria,Pasteleria,Brillos de Pasteleria,0
73505068,SUPERCREM FRUT ARCONSA-BALDES X 6K,BAL,Balde,Pasteleria,Pasteleria,Brillos de Pasteleria,0
73505087,SUPERCREM FRUT ARCONSA-CJ. 2 BALDES X 6K,CS,NULL,Pasteleria,Pasteleria,Brillos de Pasteleria,0
73506068,SUPERCREM LIMONARCONSA- BALDES X 6K,BAL,Balde,Pasteleria,Pasteleria,Pastas Frutales,0
73506087,SUPERCREM LIMONARCONSA-CJ. 2 BALDES X 6K,CS,NULL,Pasteleria,Pasteleria,Pastas Frutales,0
73507068,SUPERCREM NARANJ ARCONSA- BALDES X 6K,BAL,Balde,Pasteleria,Pasteleria,Pastas Frutales,0
73507087,SUPERCREM NARANJ ARCONSA-C 2 BALDES X 6K,CS,NULL,Pasteleria,Pasteleria,Pastas Frutales,0
73508068,SUPERCREM MANZAN ARCONSA- BALDES X 6K,BAL,Balde,Pasteleria,Pasteleria,Pastas Frutales,0
73508087,SUPERCREM MANZAN ARCONSA-C 2 BALDES X 6K,CS,NULL,Pasteleria,Pasteleria,Pastas Frutales,0
73509068,SUPERCREM DURAZNOARCONSA-BALDES X 6K,BAL,Balde,Pasteleria,Pasteleria,Pastas Frutales,0
73509087,SUPERCREM DURAZNOARCONSA-C 2 BALDES X 6K,CS,NULL,Pasteleria,Pasteleria,Pastas Frutales,0
73516066,DECOFRUT FRUTILLAARCONSA- BALDES X 5K,BAL,Balde,Pasteleria,Pasteleria,Pastas Frutales,0
73516081,DECOFRUT FRUTILLAARCONSA-C 2 BALDES X 5K,CS,NULL,Pasteleria,Pasteleria,Pastas Frutales,0
73517066,DECOFRUT DURAZNO ARCONSA- BALDES X 5K,BAL,Balde,Pasteleria,Pasteleria,Pastas Frutales,0
73517081,DECOFRUT DURAZNO ARCONSA-C 2 BALDES X 5K,CS,NULL,Pasteleria,Pasteleria,Pastas Frutales,0
73519066,DECOFRUT F.D.BOSQUE ARCONSA-BALDES X 5K,BAL,Balde,Pasteleria,Pasteleria,Pastas Frutales,0
73519081,DECOFRUT F.D.BOSQUE ARCONSA-C 2 BAL X 5K,CS,NULL,Pasteleria,Pasteleria,Pastas Frutales,0
73521061,DELIFRUT CEREZA NEG ARCONSA- BALDE X 3K,BAL,Balde,Pasteleria,Pasteleria,Pastas Frutales,0
73521098,DELIFRUT CEREZA NEG ARCONSA-C4 BAL X 3K,CS,NULL,Pasteleria,Pasteleria,Pastas Frutales,0
73522098,"DELIFRUT MANZANA ARCONSA-C4 BAL X 2,5 k",CS,NULL,Pasteleria,Pasteleria,Pastas Frutales,0
73522136,"DELIFRUT MANZANA ARCONSA- BAL X 2,5 k",BAL,Balde,Pasteleria,Pasteleria,Pastas Frutales,0
73523061,DELIFRUT DURAZNO ARCONSA- BALDE X 3K,BAL,Balde,Pasteleria,Pasteleria,Pastas Frutales,0
73523098,DELIFRUT DURAZNO ARCONSA-C4 BAL X 3K,CS,NULL,Pasteleria,Pasteleria,Pastas Frutales,0
73527068,YEMA DE HUEVO ARCONSA- BAL X 6K,BAL,Balde,Pasteleria,Pasteleria,Pastas Frutales,0
73527087,YEMA DE HUEVO ARCONSA-C2 BAL X 6K,CS,NULL,Pasteleria,Pasteleria,Pastas Frutales,0
73528033,MOUSSE CHOCOLATE ARCONSA- BOLS X 1K,BAG,NULL,BI,Cremas,Polvos,0
73528074,MOUSSE CHOCOLATE ARCONSA-C8 BOLS X 1K,CS,NULL,BI,Cremas,Polvos,0
73529033,MOUSSE LIMON ARCONSA-BOLSAS X 1K,BAG,NULL,BI,Cremas,Polvos,0
73529074,MOUSSE LIMON ARCONSA-C8 BOLSAS X 1K,CS,NULL,BI,Cremas,Polvos,0
73530033,MOUSSE FRUTILLA ARCONSA- BOLSAS X 1K,BAG,NULL,BI,Cremas,Polvos,0
73530074,MOUSSE FRUTILLA ARCONSA-C8 BOLSAS X 1K,CS,NULL,BI,Cremas,Polvos,0
73533033,SEMIFRIO CHOCOLATE ARCONSA-BOLS X 1K,BAG,NULL,Pasteleria,Pasteleria,Polvos para Preparar,0
73533074,SEMIFRIO CHOCOLATE ARCONSA-C8 BOLS X 1K,CS,NULL,Pasteleria,Pasteleria,Polvos para Preparar,0
73534033,SEMIFRIO LIMON ARCONSA- BOLS X 1K,BAG,NULL,Pasteleria,Pasteleria,Polvos para Preparar,0
73534074,SEMIFRIO LIMON ARCONSA-C8 BOLS X 1K,CS,NULL,Pasteleria,Pasteleria,Polvos para Preparar,0
73535033,SEMIFRIO FRUTILLA ARCONSA-BOLSA X 1K,BAG,NULL,Pasteleria,Pasteleria,Polvos para Preparar,0
73536033,SEMIFRIO YOGURT ARCONSA-BOLSA X 1K,BAG,NULL,Pasteleria,Pasteleria,Polvos para Preparar,0
73536074,SEMIFRIO YOGURT ARCONSA-C8 BOLS X 1K,CS,NULL,Pasteleria,Pasteleria,Polvos para Preparar,0
73540033,SEMIFRIO TIRAMISU ARCONSA- BOLSA X 1K,BAG,NULL,Pasteleria,Pasteleria,Polvos para Preparar,0
73540074,SEMIFRIO TIRAMISU ARCONSA-C8 BOLS X 1K,CS,NULL,Pasteleria,Pasteleria,Polvos para Preparar,0
73541033,QUESARCON ARCONSA- BOLSA X 1K,BAG,NULL,Pasteleria,Pasteleria,Polvos para Preparar,0
73541074,QUESARCON ARCONSA-C8 BOLS X 1K,CS,NULL,Pasteleria,Pasteleria,Polvos para Preparar,0
73542033,TRUFIBEL ARCONSA BOLSA X 1K,BAG,NULL,Pasteleria,Pasteleria,Polvos para Preparar,0
73542074,TRUFIBEL ARCONSA-C8 BOLS X 1K,CS,NULL,Pasteleria,Pasteleria,Polvos para Preparar,0
73701164,COBERTURA SEMIAMAR FLEISCHMANN CJx 5 KG.,CS,NULL,BI,Chocolates,Cobertura,0
73711164,COBERTURA LECHE FLEISCHMANN - CJ X 5 KG.,CS,NULL,BI,Chocolates,Cobertura,0
73721164,COBERTURA BLANCO FLEISCHMANN-CJX5 KG.,CS,NULL,BI,Chocolates,Cobertura,0
73731174,BAÑO SEMIAMAR FLEISCHMANN CJx 5 kg-STICK,CS,NULL,BI,Chocolates,Baños,0
73732130,LP BAÑO ALFAJ. SEMIAMARGO CJ X 3 KG,CS,NULL,BI,Chocolates,Baños,1537
73733130,LP BAÑO ALFAJ. BLANCO CJ X 3 KG,CS,NULL,BI,Chocolates,Baños,998
73734130,LP BAÑO ALFAJ. SEMI AL RHUM CJ X 3 KG,CS,NULL,BI,Chocolates,Baños,0
73735130,LP BAÑO ALFAJ. DULCE DE LECHE CJ X 3 KG,CS,NULL,BI,Chocolates,Baños,0
73741174,BAÑO LECHE FLEISCHMANN CJx 5 kg-STICK,CS,NULL,BI,Chocolates,Baños,0
73751174,BAÑO BLANCO FLEISCHMANN CJx 5 kg-STICK,CS,NULL,BI,Chocolates,Baños,0
74010143,PRE-MISTURA PAO DOCE -CJ 6 B.X 2 KG,CS,NULL,BI,Premezclas,Pasteleria,0
74020143,PRE-MISTURA PAO QUEIJO -CJ 6 B.X 2 KG,CS,NULL,BI,Premezclas,Panaderia,0
74030143,PRE-MISTURA SONHO -CJ 6 B.X 2 KG,CS,NULL,BI,Premezclas,Panaderia,0
74031063,TURRON MANI C MIEL20*150 XC/OGEORGALOS,CS,NULL,lConfituras,Confituras,Confituras,0
74032064,TAB CROCANTE MANI 20*200 XC/OGEORGALOS,CS,NULL,lConfituras,Confituras,Confituras,0
74033063,TURRON MANI C/FRUTA 20*150 XC/OGEORGALOS,CS,NULL,lConfituras,Confituras,Confituras,0
74034068,GARRAPIÑADA DE MANI 24*110 XC/OGEORGALOS,CS,NULL,lConfituras,Confituras,Confituras,0
74035069,CONFITES DE MANI P24*120XC/OGEORGALOS,CS,NULL,lConfituras,Confituras,Confituras,0
74036497,TORTA DE ALMENDRAS 24*200 XC/OGEORGALOS,CS,NULL,lConfituras,Confituras,Confituras,0
74037069,PELADILLA ALMENDRA 24*120 XC/OGEORGALOS,CS,NULL,lConfituras,Confituras,Confituras,0
74038069,ALMENDRAS C/CHOCOL. 24*120 XC/OGEORGALOS,CS,NULL,lConfituras,Confituras,Confituras,0
74039063,TURRON DE ALMENDRAS 10*150 XC/OGEORGALOS,CS,NULL,lConfituras,Confituras,Confituras,0
75155032,I360 PREM. PAN MULTIGRANO BOL. X3KG,None,NULL,BI,Premezclas,Pasteleria,0
86000484,HARINA DE CARNE -BOLSON X 1000 KG,BLS,Bolson,Harina de carne,Harina de carne,Harina de carne,0
86002999,KIT FIESTAS PATRIAS,None,NULL,COMBOS,COMBOS,COMBOS,0
87000001,COMBO DIA DEL NIÑO contiene:,EA,NULL,COMBOS,COMBOS,COMBOS,0
87000002,COMBO RECETARIO 2007 contiene:,EA,NULL,COMBOS,COMBOS,COMBOS,0
87000003,Cada Combo Navidad 2007 contiene:,EA,NULL,COMBOS,COMBOS,COMBOS,0
87000004,Cada Combo 1 Almanaque contiene:,EA,NULL,COMBOS,COMBOS,COMBOS,0
87000005,Cada Combo 2 Almanaque contiene:,EA,NULL,COMBOS,COMBOS,COMBOS,0
87000006,Cada Combo 3 Almanaque contiene:,EA,NULL,COMBOS,COMBOS,COMBOS,0
87000007,Cada Combo 4 Almanaque contiene:,EA,NULL,COMBOS,COMBOS,COMBOS,0
87000008,Cada Combo Panes Saludables contiene:,EA,NULL,COMBOS,COMBOS,COMBOS,0
87000009,Cada Combo Mix Saludables contiene:,EA,NULL,COMBOS,COMBOS,COMBOS,0
87000010,COMBO PAN DULCE 2008,EA,NULL,COMBOS,COMBOS,COMBOS,0
87000011,Cada combo Bakery 2008-2009 contiene:,EA,NULL,COMBOS,COMBOS,COMBOS,0
87000012,Combo Recetario Saludables DTA,EA,NULL,COMBOS,COMBOS,COMBOS,0
87000013,Combo Recetario Saludables,EA,NULL,COMBOS,COMBOS,COMBOS,0
87000014,COMBO 1 - PROMO BG (REMERA),EA,NULL,COMBOS,COMBOS,COMBOS,0
87000015,COMBO 2 - PROMO BG (DELANTAL),EA,NULL,COMBOS,COMBOS,COMBOS,0
87000016,COMBO 3- PROMO BG (BOWL),EA,NULL,COMBOS,COMBOS,COMBOS,0
87000017,COMBO 4 - PROMO BG (JARRA),EA,NULL,COMBOS,COMBOS,COMBOS,0
87000018,COMBO 1 - PROMO BG (REMERA) DIRECTA,EA,NULL,COMBOS,COMBOS,COMBOS,0
87000019,COMBO 2 - PROMO BG (DELANTAL) DIRECTA,EA,NULL,COMBOS,COMBOS,COMBOS,0
87000020,COMBO 3- PROMO BG (BOWL) DIRECTA,EA,NULL,COMBOS,COMBOS,COMBOS,0
87000021,COMBO 4 - PROMO BG (JARRA) DIRECTA,EA,NULL,COMBOS,COMBOS,COMBOS,0
87000022,COMBO 1 - PROMO BG (REMERA) DTA MDQ,EA,NULL,COMBOS,COMBOS,COMBOS,0
87000023,COMBO 3- PROMO BG (BOWL) DTA MDQ,EA,NULL,COMBOS,COMBOS,COMBOS,0
87000024,COMBO PREMIUM / ORO MASAS,None,NULL,COMBOS,COMBOS,COMBOS,0
87000025,COMBO PREMIUM / ORO HOJALDRE,None,NULL,COMBOS,COMBOS,COMBOS,0
87000026,COMBO MEDIO / PLATA MASAS,None,NULL,COMBOS,COMBOS,COMBOS,0
87000027,COMBO MEDIO / PLATA HOJALDRE,None,NULL,COMBOS,COMBOS,COMBOS,0
87000028,COMBO BAJO / PLATA MASAS,None,NULL,COMBOS,COMBOS,COMBOS,0
87000029,COMBO BAJO / PLATA HOJALDRE,None,NULL,COMBOS,COMBOS,COMBOS,0
87000030,COMBO PASTELERO 1,None,NULL,COMBOS,COMBOS,COMBOS,0
87000031,COMBO PASTELERO 2,None,NULL,COMBOS,COMBOS,COMBOS,0
87000032,COMBO PANADERO 3,None,NULL,COMBOS,COMBOS,COMBOS,0
87000033,COMBO PANADERO 4,None,NULL,COMBOS,COMBOS,COMBOS,0
87000034,COMBO PANADERO 5,None,NULL,COMBOS,COMBOS,COMBOS,0
87000035,COMBO PASTELERO 6,None,NULL,COMBOS,COMBOS,COMBOS,0
87000036,COMBO DIA DE LA MADRE,None,NULL,COMBOS,COMBOS,COMBOS,0
87000037,COMBO DIA DE LA MADRE,None,NULL,COMBOS,COMBOS,COMBOS,0
87000038,COMBO NAVIDAD 2016,None,NULL,COMBOS,COMBOS,COMBOS,0
87000040,COMBO AKTIVO 2016,None,NULL,COMBOS,COMBOS,COMBOS,0
87000041,COMBO EKILIBRIUM 2016,None,NULL,COMBOS,COMBOS,COMBOS,0
87000042,COMBO DIA DE LA MADRE 2016,None,NULL,COMBOS,COMBOS,COMBOS,0
87000043,COMBO FELICES FIESTAS 2016,None,NULL,COMBOS,COMBOS,COMBOS,0
87000044,COMBO 1,None,NULL,COMBOS,COMBOS,COMBOS,0
87000045,COMBO 2,None,NULL,COMBOS,COMBOS,COMBOS,0
87000046,COMBO 3 - MTK MASAS,None,NULL,COMBOS,COMBOS,COMBOS,0
87000047,COMBO 3 - MTK HOJALDRE,None,NULL,COMBOS,COMBOS,COMBOS,0
87000048,COMBO 4 - MTK MASAS,None,NULL,COMBOS,COMBOS,COMBOS,0
87000049,COMBO 4 - MTK HOJALDRE,None,NULL,COMBOS,COMBOS,COMBOS,0
87000050,COMBO 5 - PREMIUM MASAS,None,NULL,COMBOS,COMBOS,COMBOS,0
87000051,COMBO 5 - PREMIUM HOJALDRE,None,NULL,COMBOS,COMBOS,COMBOS,0
87000052,COMBO DDM 2017,None,NULL,COMBOS,COMBOS,COMBOS,0
87000053,COMBO DDM 2017 Panaderías,None,NULL,COMBOS,COMBOS,COMBOS,0
87000054,COMBO 1 - MILHOJAS,None,NULL,COMBOS,COMBOS,COMBOS,0
87000202,COMBO 1 PICOTEO 2021 - DIRECTA,None,NULL,BI,Premezclas,Pasteleria,0
87000203,RECOMPRA COMBO 1 PICOTEO 2021 - DIRECTA,BAG,NULL,BI,Premezclas,Pasteleria,0
87000204,COMBO 2 PICOTEO 2021 - DIRECTA,None,NULL,BI,Premezclas,Pasteleria,0
87000205,RECOMPRA COMBO 2 PICOTEO 2021 - DIRECTA,BAG,NULL,BI,Premezclas,Pasteleria,0
87110097,(EXPO) Esencia de Chocolate IFF AR 2964,None,NULL,Familia no definida,Grupo no definido,Subgrupo no definido,0
87131099,ENZIMAS MA802,None,NULL,BI,Mejoradores,Especifico,0
87132099,ENZIMAS MA904,None,NULL,BI,Mejoradores,Especifico,0
