product_code,nombre,descripcion
18401,PLB SH x700ml Esencia Brillo Perfecto,"Shampoo y acondicionador PLB SH x700ml Esencia Brillo Perfecto, marca Plb, caja x12, línea Dreamco."
18402,PLB CN x700ml Esencia Brillo Perfecto,"Shampoo y acondicionador PLB CN x700ml Esencia Brillo Perfecto, marca Plb, caja x12, línea Dreamco."
1000,MACH3 CART. SENSITIVE x 2 UNID.,"Sistemas MACH3 CART. SENSITIVE x 2 UNID., marca Mach3, caja x72, línea Procter."
10001,AMERICANO GANCIA 950ml 14°,"Gancia AMERICANO GANCIA 950ml 14°, marca Gancia, caja x12, línea Cepas."
10003,AMERICANO GANCIA 450ml 14°,"Gancia AMERICANO GANCIA 450ml 14°, marca Gancia, caja x12, línea Cepas."
1001,FOAMY x312gr PIEL SEN,"Preparados de afeitar FOAMY x312gr PIEL SEN, marca Foamy, caja x12, línea Procter."
10012,GANCIA 750ml HIBISCUS SPRITZ 25°,"Gancia GANCIA 750ml HIBISCUS SPRITZ 25°, marca Gancia, caja x6, línea Cepas."
10017,MARTINI 1L ROSSO,"Resto aperitivos MARTINI 1L ROSSO, marca Martini, caja x12, línea Cepas."
10018,MARTINI 1L EXTRA DRY,"Resto aperitivos MARTINI 1L EXTRA DRY, marca Martini, caja x12, línea Cepas."
10019,MARTINI 1L BIANCO,"Resto aperitivos MARTINI 1L BIANCO, marca Martini, caja x12, línea Cepas."
10027,LEYENDA PERRO NEGRO 700cc,"Resto aperitivos LEYENDA PERRO NEGRO 700cc, marca Leyenda, caja x6, línea Cepas."
10028,MARCELA AMERICANO 950ml,"Resto aperitivos MARCELA AMERICANO 950ml, marca Marcela, caja x12, línea Cepas."
10029,AMARGO OBRERO 950ml 19,"Resto aperitivos AMARGO OBRERO 950ml 19, marca Amargo, caja x12, línea Cepas."
1003,FOAMY x312gr REGULAR,"Preparados de afeitar FOAMY x312gr REGULAR, marca Foamy, caja x12, línea Procter."
10031,"PINERAL 750ml 29,5°","Resto aperitivos PINERAL 750ml 29,5°, marca Pineral, caja x12, línea Cepas."
10032,"HIERROQUINA 1L 28,5°","Resto aperitivos HIERROQUINA 1L 28,5°, marca Hierroquina, caja x6, línea Cepas."
10033,HESPERIDINA 1L 26°,"Resto aperitivos HESPERIDINA 1L 26°, marca Hesperidina, caja x6, línea Cepas."
10042,DR LEMON 473ml MOJITO 5º,"Lemon DR LEMON 473ml MOJITO 5º, marca Dr Lemon, caja x24, línea Cepas."
10044,DR LEMON 473ml LIMÓN 4º,"Lemon DR LEMON 473ml LIMÓN 4º, marca Dr Lemon, caja x24, línea Cepas."
10046,"DR LEMON 1L MOJITO 5,5%","Lemon DR LEMON 1L MOJITO 5,5%, marca Dr Lemon, caja x12, línea Cepas."
10049,"DR LEMON 1L RED BERRY 5,5%","Lemon DR LEMON 1L RED BERRY 5,5%, marca Dr Lemon, caja x12, línea Cepas."
10050,DR LEMON 1L LIMÓN 4% - Sin Tacc,"Lemon DR LEMON 1L LIMÓN 4% - Sin Tacc, marca Dr Lemon, caja x12, línea Cepas."
10051,DR LEMON 1L GREEN APPLE 5%,"Lemon DR LEMON 1L GREEN APPLE 5%, marca Dr Lemon, caja x12, línea Cepas."
10065,BACARDI CARTA BLANCA 980ml PT 40°,"Alto grado BACARDI CARTA BLANCA 980ml PT 40°, marca Bacardi, caja x12, línea Cepas."
10066,BACARDI CARTA ORO 980ml PT 40°,"Alto grado BACARDI CARTA ORO 980ml PT 40°, marca Bacardi, caja x12, línea Cepas."
10067,BACARDI CARTA BLANCA 700ml 40°,"Alto grado BACARDI CARTA BLANCA 700ml 40°, marca Bacardi, caja x12, línea Cepas."
10068,BACARDI CARTA ORO 700ml 40°,"Alto grado BACARDI CARTA ORO 700ml 40°, marca Bacardi, caja x12, línea Cepas."
10069,JAMAICA 1L GOLD RUM,"Alto grado JAMAICA 1L GOLD RUM, marca Jamaica, caja x8, línea Cepas."
1007,PILA D X 2 DURACELL,"Pilas PILA D X 2 DURACELL, marca Ace, caja x48, línea Varios."
10070,JAMAICA 1L DRY RUM x8,"Alto grado JAMAICA 1L DRY RUM x8, marca Jamaica, caja x8, línea Cepas."
1008,PILA C X 2 DURACELL,"Pilas PILA C X 2 DURACELL, marca Ace, caja x48, línea Varios."
10101,AMARULA 750ml COFFEE,"Alto grado AMARULA 750ml COFFEE, marca Amarula, caja x12, línea Cepas."
10102,AMARULA 750ml RASPBERRY,"Alto grado AMARULA 750ml RASPBERRY, marca Amarula, caja x12, línea Cepas."
10103,AMARULA 750ml 17°,"Alto grado AMARULA 750ml 17°, marca Amarula, caja x12, línea Cepas."
10104,AMARULA 375ml 17° x24,"Alto grado AMARULA 375ml 17° x24, marca Amarula, caja x24, línea Cepas."
10121,TRES TORRES 1.5L SERRANO PET,"Amargos value TRES TORRES 1.5L SERRANO PET, marca Tres, caja x12, línea Cepas."
10123,TRES TORRES 1.5L LIMON PET,"Amargos value TRES TORRES 1.5L LIMON PET, marca Tres, caja x12, línea Cepas."
10125,TACCONI 1.5L SERRANO PET,"Amargos value TACCONI 1.5L SERRANO PET, marca Tacconi, caja x12, línea Cepas."
10126,TACCONI 1.5L LIMON PET,"Amargos value TACCONI 1.5L LIMON PET, marca Tacconi, caja x12, línea Cepas."
10129,TACCONI 1.5L POMELO PET,"Amargos value TACCONI 1.5L POMELO PET, marca Tacconi, caja x12, línea Cepas."
1014,PILA AA X 2 DURACELL,"Pilas PILA AA X 2 DURACELL, marca Ace, caja x48, línea Varios."
1015,PILA AA X 4 DURACELL,"Pilas PILA AA X 4 DURACELL, marca Ace, caja x48, línea Varios."
10154,OMNIUM CRIOLLA 750CC,"Vinos OMNIUM CRIOLLA 750CC, marca Omnium, caja x6, línea Cepas."
1016,PILA AAA X 2 DURACELL,"Pilas PILA AAA X 2 DURACELL, marca Ace, caja x48, línea Varios."
1017,PILA AAA X 4 DURACELL,"Pilas PILA AAA X 4 DURACELL, marca Ace, caja x48, línea Varios."
10179,SAMT ROJO + SODA 473ml 4%,"Rtd SAMT ROJO + SODA 473ml 4%, marca Samt, caja x24, línea Cepas."
10185,TRES TORRES 2L LIMON,"Amargos value TRES TORRES 2L LIMON, marca Tres, caja x6, línea Cepas."
10191,GANCIA 473ml LIMA LIMON,"Rtd GANCIA 473ml LIMA LIMON, marca Gancia, caja x24, línea Cepas."
1021,FOAMY x175gr SENSITIVE,"Preparados de afeitar FOAMY x175gr SENSITIVE, marca Foamy, caja x12, línea Procter."
10229,TRES TORRES 1.5L CITRUS PET,"Amargos value TRES TORRES 1.5L CITRUS PET, marca Tres, caja x6, línea Cepas."
10231,TRES TORRES 2L SERRANO,"Amargos value TRES TORRES 2L SERRANO, marca Tres, caja x6, línea Cepas."
1031,MACH3 MAQ. BASE x 1 UNID (.),"Sistemas MACH3 MAQ. BASE x 1 UNID (.), marca Mach3, caja x30, línea Procter."
1046,PRESTO ULTRAGRIP BOLSA X 5 UNIDADES,"Desechables PRESTO ULTRAGRIP BOLSA X 5 UNIDADES, marca Presto, caja x24, línea Procter."
1047,PRESTOBARBA ULT GRIP MUJER X UNIDAD,"Desechables PRESTOBARBA ULT GRIP MUJER X UNIDAD, marca Prestobarba, caja x576, línea Procter."
1057,FUSION MAQ. POWER STYLE x 1 UNID.,"Sistemas FUSION MAQ. POWER STYLE x 1 UNID., marca Fusion, caja x16, línea Procter."
1060,PRESTO3 FRESH CON EUCALIP. X6,"Desechables PRESTO3 FRESH CON EUCALIP. X6, marca Presto3, caja x18, línea Procter."
1089,ALWAYS XTRA TRIPLE PROT. SUAVE X8,"Cuidado femenino ALWAYS XTRA TRIPLE PROT. SUAVE X8, marca Always, caja x24, línea Procter."
1092,DOWNY 500ml BRISA DE VERANO,"Suavizante DOWNY 500ml BRISA DE VERANO, marca Downy, caja x12, línea Procter."
1095,DOWNY 500ml BRISA SUAVE,"Suavizante DOWNY 500ml BRISA SUAVE, marca Downy, caja x12, línea Procter."
1096,DOWNY 1L BRISA DE VERAO,"Suavizante DOWNY 1L BRISA DE VERAO, marca Downy, caja x12, línea Procter."
1098,DOWNY 1L BRISA SUAVE,"Suavizante DOWNY 1L BRISA SUAVE, marca Downy, caja x12, línea Procter."
10984,YM COMPUESTA BUENAS Y SANTAS 500G,"Yerbas YM COMPUESTA BUENAS Y SANTAS 500G, marca Ym, caja x10, línea Varios."
1099,DOWNY 500ml VERANO TROPICAL,"Suavizante DOWNY 500ml VERANO TROPICAL, marca Downy, caja x12, línea Procter."
10999,PAMPERS BABYSAN HA XG x8UN,"Pañales PAMPERS BABYSAN HA XG x8UN, marca Pampers, caja x16, línea Procter."
1100,PAMPERS SSC (1x) GDE x8,"Pañales PAMPERS SSC (1x) GDE x8, marca Pampers, caja x16, línea Procter."
11001,YM TARAGUI S/P 1/2 kg,"Yerbas YM TARAGUI S/P 1/2 kg, marca Taragui, caja x10, línea Varios."
1101,PAMPERS SSC (1x) XGD x8,"Pañales PAMPERS SSC (1x) XGD x8, marca Pampers, caja x16, línea Procter."
11010,YM TARAGUI C/P 1/4 kg,"Yerbas YM TARAGUI C/P 1/4 kg, marca Taragui, caja x10, línea Varios."
11011,YM TARAGUI C/P 1/2 kg,"Yerbas YM TARAGUI C/P 1/2 kg, marca Taragui, caja x10, línea Varios."
11012,YM TARAGUI C/P 1 kg,"Yerbas YM TARAGUI C/P 1 kg, marca Taragui, caja x10, línea Varios."
11015,YM TARAGUI BCP 1/2 kg,"Yerbas YM TARAGUI BCP 1/2 kg, marca Taragui, caja x10, línea Varios."
1102,PAMPERS BABYDRY XGDE X8,"Pañales PAMPERS BABYDRY XGDE X8, marca Pampers, caja x16, línea Procter."
1103,PAMPERS SSC (1x) XXG x8,"Pañales PAMPERS SSC (1x) XXG x8, marca Pampers, caja x16, línea Procter."
11030,YM UNION C/P 1/4 kg,"Yerbas YM UNION C/P 1/4 kg, marca Ym, caja x10, línea Varios."
11031,YM UNION C/P 1/2 kg,"Yerbas YM UNION C/P 1/2 kg, marca Ym, caja x10, línea Varios."
11040,YM LA MERCED CAMPO 1/2 kg,"Yerbas YM LA MERCED CAMPO 1/2 kg, marca Ym, caja x6, línea Varios."
11041,YM LA MERCED CAMPO SUR 1/2 kg,"Yerbas YM LA MERCED CAMPO SUR 1/2 kg, marca Ym, caja x6, línea Varios."
11043,YM LA MERCED BARCBACUA 1/2 kg,"Yerbas YM LA MERCED BARCBACUA 1/2 kg, marca Ym, caja x6, línea Varios."
11071,YM MAÑANITA BCP 1/2 kg,"Yerbas YM MAÑANITA BCP 1/2 kg, marca Ym, caja x10, línea Varios."
11072,YM MAÑANITA BCP 1 kg,"Yerbas YM MAÑANITA BCP 1 kg, marca Ym, caja x10, línea Varios."
11100,MC TARAGUI S/ENS 25 SAQ,"Mate cocido MC TARAGUI S/ENS 25 SAQ, marca Taragui, caja x10, línea Varios."
11101,MC TARAGUI S/ENS 50SAQ FILTRO DIAMANTADO,"Mate cocido MC TARAGUI S/ENS 50SAQ FILTRO DIAMANTADO, marca Taragui, caja x5, línea Varios."
11102,MC TARAGUI S/ENS 100SAQ FILTRO DIAMANTADO,"Mate cocido MC TARAGUI S/ENS 100SAQ FILTRO DIAMANTADO, marca Taragui, caja x4, línea Varios."
11103,MC UNION S/ENS 25saq FILTRO DIAMANTADO,"Mate cocido MC UNION S/ENS 25saq FILTRO DIAMANTADO, marca Mc, caja x10, línea Varios."
11104,MC UNION S/ENS 50 SAQUIT.,"Mate cocido MC UNION S/ENS 50 SAQUIT., marca Mc, caja x5, línea Varios."
11105,MC UNION S/ENS 100saq FILTRO DIAMANTADO,"Mate cocido MC UNION S/ENS 100saq FILTRO DIAMANTADO, marca Mc, caja x4, línea Varios."
1120,DOWNY 500ml LIRIOS--,"Suavizante DOWNY 500ml LIRIOS--, marca Downy, caja x12, línea Procter."
1121,DOWNY 1L LIRIOS--,"Suavizante DOWNY 1L LIRIOS--, marca Downy, caja x12, línea Procter."
11229,DOWNY 450ml LIBERTAD (.),"Suavizante DOWNY 450ml LIBERTAD (.), marca Downy, caja x12, línea Procter."
1124,DOWNY 450ml MISTICO (VEN),"Suavizante DOWNY 450ml MISTICO (VEN), marca Downy, caja x12, línea Procter."
11255,DR LEMON 473ml HALLOWEEN 5%,"Lemon DR LEMON 473ml HALLOWEEN 5%, marca Dr Lemon, caja x24, línea Cepas."
11278,SUEROX FRUTILLA KIWI 630 ML,"Bebidas no alcoholicas SUEROX FRUTILLA KIWI 630 ML, marca Suerox, caja x6, línea Varios."
11279,SUEROX MANZANA 630 ML,"Bebidas no alcoholicas SUEROX MANZANA 630 ML, marca Suerox, caja x6, línea Varios."
11280,SUEROX ARANDANO POMELO 630 ML,"Bebidas no alcoholicas SUEROX ARANDANO POMELO 630 ML, marca Suerox, caja x6, línea Varios."
11281,SUEROX FRUTOS ROJOS 630ML,"Bebidas no alcoholicas SUEROX FRUTOS ROJOS 630ML, marca Suerox, caja x6, línea Varios."
11282,SUEROX LIMONADA 630ML,"Bebidas no alcoholicas SUEROX LIMONADA 630ML, marca Suerox, caja x6, línea Varios."
11283,SUEROX NARANJA DUCLE 630 ML,"Bebidas no alcoholicas SUEROX NARANJA DUCLE 630 ML, marca Suerox, caja x6, línea Varios."
11286,ASTRA X UNIDAD,"Desechables ASTRA X UNIDAD, marca Astra, caja x1152, línea Procter."
11311,PRINGLES BIFE DE CHORIZO X 109GR,"Panificacion PRINGLES BIFE DE CHORIZO X 109GR, marca Pringles, caja x18, línea Varios."
11312,PRINGLES CHEDDAR Y BACON x105 GR,"Panificacion PRINGLES CHEDDAR Y BACON x105 GR, marca Pringles, caja x18, línea Varios."
11320,ZUCARITAS x240GR,"Cereales ZUCARITAS x240GR, marca Zucaritas, caja x36, línea Varios Lista mayorista ESEKA-U Córdoba."
11321,ZUCARITAS x150GR,"Cereales ZUCARITAS x150GR, marca Zucaritas, caja x24, línea Varios Lista mayorista ESEKA-U Córdoba."
11327,FROOT LOOPS x 195GR,"Cereales FROOT LOOPS x 195GR, marca Froot, caja x16, línea Varios."
11328,FROOT LOOPS x 195GR,"Cereales FROOT LOOPS x 195GR, marca Froot, caja x16, línea Varios."
11355,DR LEMON 473ml SPICY 5%,"Lemon DR LEMON 473ml SPICY 5%, marca Dr Lemon, caja x24, línea Cepas."
11357,GANCIA 473ml SIN ALCOHOL LATA,"Rtd GANCIA 473ml SIN ALCOHOL LATA, marca Gancia, caja x24, línea Cepas."
11358,DR LEMON 473ml RED BERRIES 5%,"Lemon DR LEMON 473ml RED BERRIES 5%, marca Dr Lemon, caja x24, línea Cepas."
11359,DR LEMON 473ml GREE APPLE 5%,"Lemon DR LEMON 473ml GREE APPLE 5%, marca Dr Lemon, caja x24, línea Cepas."
11390,PILA LITIO 2016 X5 TIRA DURACELL,"Pilas PILA LITIO 2016 X5 TIRA DURACELL, marca Ace, caja x40, línea Varios."
11391,PILA LITIO 2025 X5 TIRA DURACELL,"Pilas PILA LITIO 2025 X5 TIRA DURACELL, marca Ace, caja x40, línea Varios."
11392,PILA LITIO 2032 X5 TIRA DURACELL,"Pilas PILA LITIO 2032 X5 TIRA DURACELL, marca Ace, caja x40, línea Varios."
1145,MACH3 CART. BASE x 4 UNID.,"Sistemas MACH3 CART. BASE x 4 UNID., marca Mach3, caja x72, línea Procter."
1146,MACH3 CART. SENSITIVE x 4 UNID.,"Sistemas MACH3 CART. SENSITIVE x 4 UNID., marca Mach3, caja x72, línea Procter."
11467,FERRERO PACK INTRODUCCION 2026,"Chocolate FERRERO PACK INTRODUCCION 2026, marca Ferrero, línea Varios Lista mayorista ESEKA-U Córdoba."
1147,MACH3 MAQ. CARBONO x 1 UNID.,"Sistemas MACH3 MAQ. CARBONO x 1 UNID., marca Mach3, caja x30, línea Procter."
11470,KINDER Mini Eggs x 85 GRS,"Chocolate pascuas KINDER Mini Eggs x 85 GRS, marca Kinder, caja x24, línea Varios."
11473,KINDER PLAYMOBIL x 100grs,"Chocolate pascuas KINDER PLAYMOBIL x 100grs, marca Kinder, caja x8, línea Varios."
11477,YM UNION C/P 1KG,"Yerbas YM UNION C/P 1KG, marca Ym, caja x10, línea Varios."
11480,KINDER NENE x 150g (LUI),"Chocolate pascuas KINDER NENE x 150g (LUI), marca Kinder, caja x6, línea Varios."
11481,KINDER NENA x 150grs (LEI),"Chocolate pascuas KINDER NENA x 150grs (LEI), marca Kinder, caja x6, línea Varios."
11482,KINDER NATOONS x 150grs,"Chocolate pascuas KINDER NATOONS x 150grs, marca Kinder, caja x12, línea Varios."
11496,FERRERO ROCHER HUEVO x 225grs,"Chocolate pascuas FERRERO ROCHER HUEVO x 225grs, marca Ferrero, caja x24, línea Varios."
11497,FERRERO ROCHER HUEVO x 365grs,"Chocolate pascuas FERRERO ROCHER HUEVO x 365grs, marca Ferrero, caja x12, línea Varios."
11498,FERRERO ROCHER BOXED x 137.5grs,"Chocolate pascuas FERRERO ROCHER BOXED x 137.5grs, marca Ferrero, caja x12, línea Varios."
11499,FERRERO ROCHER BOXED x 137.5grs DARK,"Chocolate pascuas FERRERO ROCHER BOXED x 137.5grs DARK, marca Ferrero, caja x12, línea Varios."
11501,KINDER HUEVO NENE x Uni. (LUI),"Chocolate KINDER HUEVO NENE x Uni. (LUI), marca Kinder, caja x96, línea Varios."
11502,KINDER HUEVO NENA x Uni. (LEI),"Chocolate KINDER HUEVO NENA x Uni. (LEI), marca Kinder, caja x96, línea Varios."
11503,KINDER HUEVO T1 DRAGONSx 20g,"Chocolate KINDER HUEVO T1 DRAGONSx 20g, marca Kinder, caja x96, línea Varios."
11504,KINDER HUEVO T1 VET x 20g,"Chocolate KINDER HUEVO T1 VET x 20g, marca Kinder, caja x96, línea Varios."
11505,KINDER HUEVO T1 PLYM x Uni.,"Chocolate KINDER HUEVO T1 PLYM x Uni., marca Kinder, caja x96, línea Varios."
11506,KINDER HUEVO T1 NATOONS x 20g,"Chocolate KINDER HUEVO T1 NATOONS x 20g, marca Kinder, caja x96, línea Varios."
11507,KINDER HUEVO RACING x Uni.,"Chocolate KINDER HUEVO RACING x Uni., marca Kinder, caja x96, línea Varios."
11508,KINDER HUEVO UNICORNIO x Uni.,"Chocolate KINDER HUEVO UNICORNIO x Uni., marca Kinder, caja x96, línea Varios."
11531,KINDER HUEVO JOY x Uni.,"Chocolate KINDER HUEVO JOY x Uni., marca Kinder, caja x72, línea Varios."
11532,FERRERO PACK FUTBOL 2026,"Chocolate FERRERO PACK FUTBOL 2026, marca Ferrero, línea Varios Lista mayorista ESEKA-U Córdoba."
11551,BOMBON FERRERO x 3 uni.,"Chocolate BOMBON FERRERO x 3 uni., marca Ferrero, caja x96, línea Varios."
11552,BOMBON FERRERO x 4 uni.,"Chocolate BOMBON FERRERO x 4 uni., marca Ferrero, caja x10, línea Varios."
11553,BOMBON FERRERO x 8 uni.,"Chocolate BOMBON FERRERO x 8 uni., marca Ferrero, caja x20, línea Varios."
11554,BOMBON FERRERO x 12 uni.,"Chocolate BOMBON FERRERO x 12 uni., marca Ferrero, caja x9, línea Varios."
11555,BOMBON FERRERO x 24 uni.,"Chocolate BOMBON FERRERO x 24 uni., marca Ferrero, caja x4, línea Varios."
11561,BOMBON RAFAELO x 3 uni.,"Chocolate BOMBON RAFAELO x 3 uni., marca Bombon, caja x64, línea Varios."
11562,BOMBON RAFAELO x 9 uni.,"Chocolate BOMBON RAFAELO x 9 uni., marca Bombon, caja x12, línea Varios."
11565,BOMBON FERRERO COLLECION T7,"Chocolate BOMBON FERRERO COLLECION T7, marca Ferrero, caja x20, línea Varios."
11581,TIC TAC Mix de Frutas x Uni.,"Pastillas TIC TAC Mix de Frutas x Uni., marca Tic, caja x288, línea Varios."
11582,TIC TAC FRUTILLA x Uni.,"Pastillas TIC TAC FRUTILLA x Uni., marca Tic, caja x288, línea Varios."
11583,TIC TAC CITRUS x UNI,"Pastillas TIC TAC CITRUS x UNI, marca Tic, caja x288, línea Varios."
11584,TIC TAC NARANJA x Uni.,"Pastillas TIC TAC NARANJA x Uni., marca Tic, caja x288, línea Varios."
11585,TIC TAC MENTA x Uni.,"Pastillas TIC TAC MENTA x Uni., marca Tic, caja x288, línea Varios."
11586,TIC TAC MENTA FRESCA x Uni.,"Pastillas TIC TAC MENTA FRESCA x Uni., marca Tic, caja x288, línea Varios."
11591,TIC TAC Mix de Frutas x 100 Uni.,"Pastillas TIC TAC Mix de Frutas x 100 Uni., marca Tic, caja x72, línea Varios."
11592,TIC TAC NARANJA x 100 Uni.,"Pastillas TIC TAC NARANJA x 100 Uni., marca Tic, caja x72, línea Varios."
11593,TIC TAC MENTA x 100 Uni.,"Pastillas TIC TAC MENTA x 100 Uni., marca Tic, caja x72, línea Varios."
11596,ARIEL PLATINUM POUCH X 800,"Jab liquido ARIEL PLATINUM POUCH X 800, marca Ariel, caja x12, línea Dreamco."
11598,ARIEL PLATINUM X 3L BOT,"Jab liquido ARIEL PLATINUM X 3L BOT, marca Ariel, caja x4, línea Dreamco."
11599,ARIEL PLATINUM POUCH X 3L,"Jab liquido ARIEL PLATINUM POUCH X 3L, marca Ariel, caja x4, línea Dreamco."
11610,OLD SPICE ANT. BARRA FRESH 50g--,"Desodorantes OLD SPICE ANT. BARRA FRESH 50g--, marca Old Spice, caja x12, línea Procter."
11611,OLD SPICE ANT. BARRA DRGNBLAST 50g--,"Desodorantes OLD SPICE ANT. BARRA DRGNBLAST 50g--, marca Old Spice, caja x12, línea Procter."
11612,OLD SPICE ANT. BARRA MAR PROFUNDO 50g--,"Desodorantes OLD SPICE ANT. BARRA MAR PROFUNDO 50g--, marca Old Spice, caja x12, línea Procter."
11617,OLD SPICE DES. BARRA FRESH 50g--,"Desodorantes OLD SPICE DES. BARRA FRESH 50g--, marca Old Spice, caja x12, línea Procter."
11618,OLD SPICE DES. BARRA LEÑA 50g--,"Desodorantes OLD SPICE DES. BARRA LEÑA 50g--, marca Old Spice, caja x12, línea Procter."
11619,OLD SPICE DES. BARRA MAR PROFUNDO 50g--,"Desodorantes OLD SPICE DES. BARRA MAR PROFUNDO 50g--, marca Old Spice, caja x12, línea Procter."
11620,OLD SPICE DES. BARRA DRGNBLAST 50g--,"Desodorantes OLD SPICE DES. BARRA DRGNBLAST 50g--, marca Old Spice, caja x12, línea Procter."
11636,OLD SPICE ROLL ON LEÑA 52g--,"Desodorantes OLD SPICE ROLL ON LEÑA 52g--, marca Old Spice, caja x12, línea Procter."
11687,PAÑO PATITO MULTIUSO X2,"Utensilios de limpieza PAÑO PATITO MULTIUSO X2, marca Paño, caja x30, línea Varios."
11700,BOMBON NOBEL 15 X35 GRS,"Chocolate felfort BOMBON NOBEL 15 X35 GRS, marca Bombon, caja x15, línea Varios."
11785,Venus SIMPLY 3 BASE x 2 UNID.,"Sistemas Venus SIMPLY 3 BASE x 2 UNID., marca Venus, caja x12, línea Procter."
11788,VENUS SIMPLY 3 Suave x 4 UNID (.),"Sistemas VENUS SIMPLY 3 Suave x 4 UNID (.), marca Venus, caja x6, línea Procter."
11797,ALWAYS XTRA NOCHES TRAN. SECAS X8,"Cuidado femenino ALWAYS XTRA NOCHES TRAN. SECAS X8, marca Always, caja x12, línea Procter."
11798,ALWAYS XTRA NOCHES TRANQUILAS SECA X16,"Cuidado femenino ALWAYS XTRA NOCHES TRANQUILAS SECA X16, marca Always, caja x12, línea Procter."
11855,DOWNY 1L VERANO TROPICAL,"Suavizante DOWNY 1L VERANO TROPICAL, marca Downy, caja x12, línea Procter."
11885,ALWAYS EXTRA DOBLE PROT. SECA X8 UN,"Cuidado femenino ALWAYS EXTRA DOBLE PROT. SECA X8 UN, marca Always, caja x12, línea Procter."
11888,YM UNION BCP 1/2 KG,"Yerbas YM UNION BCP 1/2 KG, marca Ym, caja x10, línea Varios."
1191,PAMPERS BABYDRY MED x8,"Pañales PAMPERS BABYDRY MED x8, marca Pampers, caja x16, línea Procter."
1192,PAMPERS BABYDRY GDE X8,"Pañales PAMPERS BABYDRY GDE X8, marca Pampers, caja x16, línea Procter."
11927,PRESTO 3 HOJAS MUJER X1 UNID (.),"Desechables PRESTO 3 HOJAS MUJER X1 UNID (.), marca Presto, caja x96, línea Procter."
1193,PAMPERS CFS (1x) XGD x8 (.),"Pañales PAMPERS CFS (1x) XGD x8 (.), marca Pampers, caja x16, línea Procter."
1194,PAMPERS BABYDRY PEQ X8,"Pañales PAMPERS BABYDRY PEQ X8, marca Pampers, caja x16, línea Procter."
11998,SAMT ROJO + POMELO 473,"Rtd SAMT ROJO + POMELO 473, marca Samt, caja x24, línea Cepas."
11999,SAMT ROJO+ NARANJA 473,"Rtd SAMT ROJO+ NARANJA 473, marca Samt, caja x24, línea Cepas."
12003,PAMPERS BabySan XXG 30uni,"Pañales PAMPERS BabySan XXG 30uni, marca Pampers, caja x4, línea Procter."
12040,GOICOECHEA ULTRANUTRITIVA 400 ML (.),"Cosmetica GOICOECHEA ULTRANUTRITIVA 400 ML (.), marca Goicoechea, caja x12, línea Varios."
12041,GOICOECHEA CELLUMODEL 400 ML,"Cosmetica GOICOECHEA CELLUMODEL 400 ML, marca Goicoechea, caja x12, línea Varios."
12042,GOICOECHEA ULTRANUTRITIVA 200 ML,"Cosmetica GOICOECHEA ULTRANUTRITIVA 200 ML, marca Goicoechea, caja x20, línea Varios."
12043,GOICOECHEA CELLUMODEL 200 ML,"Cosmetica GOICOECHEA CELLUMODEL 200 ML, marca Goicoechea, caja x20, línea Varios."
12090,MULTIO GEL HOT 50g,"Cosmetica MULTIO GEL HOT 50g, marca Multio, caja x20, línea Varios."
12091,MULTIO GEL ICE 50g,"Cosmetica MULTIO GEL ICE 50g, marca Multio, caja x20, línea Varios."
12092,MULTIO GEL PLEASURE 20g,"Cosmetica MULTIO GEL PLEASURE 20g, marca Multio, caja x20, línea Varios."
12093,MULTIO GEL FRUTILLA 50g,"Cosmetica MULTIO GEL FRUTILLA 50g, marca Multio, caja x20, línea Varios."
12101,BIBS STICK DARK 32gr x 16un,"Golosinas importadora BIBS STICK DARK 32gr x 16un, marca Bibs, caja x4, línea Varios."
12110,Xtreme Berry 25g x 12un,"Golosinas importadora Xtreme Berry 25g x 12un, marca Xtreme, caja x12, línea Varios."
12111,Xtreme Rainbow 25g x 12un,"Golosinas importadora Xtreme Rainbow 25g x 12un, marca Xtreme, caja x12, línea Varios."
12112,Xtreme Tropical 25g x 12un,"Golosinas importadora Xtreme Tropical 25g x 12un, marca Xtreme, caja x12, línea Varios."
12113,Gummi Zone Doggie x 9 grs x 24un,"Golosinas importadora Gummi Zone Doggie x 9 grs x 24un, marca Gummi, caja x12, línea Varios."
12114,Gummi Zone Burger x 9 grs x 24un,"Golosinas importadora Gummi Zone Burger x 9 grs x 24un, marca Gummi, caja x12, línea Varios."
12115,Gummi Zone Pizza x 15 gr x 24un,"Golosinas importadora Gummi Zone Pizza x 15 gr x 24un, marca Gummi, caja x12, línea Varios."
12116,Gummi Zone Pizza XXL x 21grs x 24un,"Golosinas importadora Gummi Zone Pizza XXL x 21grs x 24un, marca Gummi, caja x6, línea Varios."
12118,Gummi Zone Doggie XXL 28 grs x 36un,"Golosinas importadora Gummi Zone Doggie XXL 28 grs x 36un, marca Gummi, caja x6, línea Varios."
12455,PRESERVATIVO M FORCE LUBRIC X 3,"Latex m PRESERVATIVO M FORCE LUBRIC X 3, marca Preservativo, caja x96, línea Varios."
12456,PRESERVATIVO M FORCE NATURALES X 3,"Latex m PRESERVATIVO M FORCE NATURALES X 3, marca Preservativo, caja x96, línea Varios."
12458,PRESERVATIVOS M FORCE ULTRA SENC. X3,"Latex m PRESERVATIVOS M FORCE ULTRA SENC. X3, marca Preservativos, caja x96, línea Varios."
1265,MAGISTRAL ULTRA MARINA X 750,"Lavavajillas MAGISTRAL ULTRA MARINA X 750, marca Magistral, caja x18, línea Dreamco."
1268,HS 650ml SH 3 EN 1,"Cuidado de cabello HS 650ml SH 3 EN 1, marca Hs, caja x10, línea Procter."
1302,GANCIA 473ml HIBISCUS LATA,"Rtd GANCIA 473ml HIBISCUS LATA, marca Gancia, caja x24, línea Cepas."
1304,MACH3 CART. CARBONO x 2 UNID.,"Sistemas MACH3 CART. CARBONO x 2 UNID., marca Mach3, caja x72, línea Procter."
1311,PAMPERS SSC (4x) GDE x40,"Pañales PAMPERS SSC (4x) GDE x40, marca Pampers, caja x4, línea Procter."
1312,PAMPERS SSC (4x) XGD x32,"Pañales PAMPERS SSC (4x) XGD x32, marca Pampers, caja x4, línea Procter."
1313,PAMPERS SSC (4x) XXGx30,"Pañales PAMPERS SSC (4x) XXGx30, marca Pampers, caja x4, línea Procter."
1329,PAMPERS BabyDry XGD X58,"Pañales PAMPERS BabyDry XGD X58, marca Pampers, caja x2, línea Procter."
1414,CEP. ORAL-B Indicator x2 40M (.),"Cuidado bucal CEP. ORAL-B Indicator x2 40M (.), marca Oral-B, caja x54, línea Procter."
1423,MACH3 MAQ. SENSITIVE x 1 UNID.,"Sistemas MACH3 MAQ. SENSITIVE x 1 UNID., marca Mach3, caja x30, línea Procter."
1428,PRESTO ULTRA GRIP BOLSA X 3UNID,"Desechables PRESTO ULTRA GRIP BOLSA X 3UNID, marca Presto, caja x40, línea Procter."
1441,VENUS MAQ. SENSITIVE X 1 UNID.,"Sistemas VENUS MAQ. SENSITIVE X 1 UNID., marca Venus, caja x12, línea Procter."
1471,VENUS BREEZE MAQUINA x 1 UNID,"Sistemas VENUS BREEZE MAQUINA x 1 UNID, marca Venus, caja x6, línea Procter."
1472,VENUS BREEZE CARTUCHO X 2,"Sistemas VENUS BREEZE CARTUCHO X 2, marca Venus, caja x36, línea Procter."
1473,VENUS CART. DIVINE REPUESTO x 2 UNID.,"Sistemas VENUS CART. DIVINE REPUESTO x 2 UNID., marca Venus, caja x24, línea Procter."
1476,CEP. PRO PLUS DOBLE ACCION x3,"Cuidado bucal CEP. PRO PLUS DOBLE ACCION x3, marca Cep., caja x36, línea Varios."
1489,FOAMY x312gr MENTOL,"Preparados de afeitar FOAMY x312gr MENTOL, marca Foamy, caja x12, línea Procter."
1503,FOAMY x175gr MENTOL,"Preparados de afeitar FOAMY x175gr MENTOL, marca Foamy, caja x12, línea Procter."
1521,ALWAYS XTRA DOBLE PROT SUAVE C/A X16UN,"Cuidado femenino ALWAYS XTRA DOBLE PROT SUAVE C/A X16UN, marca Always, caja x12, línea Procter."
1574,VENUS MAQ. INTIMA x 2 UNID.,"Desechables VENUS MAQ. INTIMA x 2 UNID., marca Venus, caja x12, línea Procter."
1587,PAMPERS DELUXE GDE x44,"Pañales PAMPERS DELUXE GDE x44, marca Pampers, caja x4, línea Procter."
1594,PAMPERS BABYSAN HA XXG X8,"Pañales PAMPERS BABYSAN HA XXG X8, marca Pampers, caja x16, línea Procter."
1604,PAMPERS BABYSAN HA GDE x9,"Pañales PAMPERS BABYSAN HA GDE x9, marca Pampers, caja x16, línea Procter."
1627,MAGISTRAL PLATINUM LIMON VERDE 300ML,"Lavavajillas MAGISTRAL PLATINUM LIMON VERDE 300ML, marca Magistral, caja x21, línea Dreamco."
1628,MAGISTRAL LIMON AMA. PLATINUM 500ML,"Lavavajillas MAGISTRAL LIMON AMA. PLATINUM 500ML, marca Magistral, caja x20, línea Dreamco."
1629,MAGISTRAL LIMON CREMOSO 500ML,"Lavavajillas MAGISTRAL LIMON CREMOSO 500ML, marca Magistral, caja x20, línea Dreamco."
1635,MAGISTRAL PLATINUM LIMON VERDE x 500ml,"Lavavajillas MAGISTRAL PLATINUM LIMON VERDE x 500ml, marca Magistral, caja x20, línea Dreamco."
1641,MAGISTRAL LIMON 300ML,"Lavavajillas MAGISTRAL LIMON 300ML, marca Magistral, caja x21, línea Dreamco."
1642,MAGISTRAL LIMON 500ML,"Lavavajillas MAGISTRAL LIMON 500ML, marca Magistral, caja x20, línea Dreamco."
1643,MAGISTRAL LIMON 750ML,"Lavavajillas MAGISTRAL LIMON 750ML, marca Magistral, caja x18, línea Dreamco."
1646,MAGISTRAL MARINA 300ML,"Lavavajillas MAGISTRAL MARINA 300ML, marca Magistral, caja x21, línea Dreamco."
1648,MAGISTRAL MARINA 500ML,"Lavavajillas MAGISTRAL MARINA 500ML, marca Magistral, caja x20, línea Dreamco."
1664,ALWAYS XTRA TRIPLE PROT. SUAVE X16,"Cuidado femenino ALWAYS XTRA TRIPLE PROT. SUAVE X16, marca Always, caja x12, línea Procter."
1671,VENUS MAQ. AREA INTIMA x 1 UNID.,"Sistemas VENUS MAQ. AREA INTIMA x 1 UNID., marca Venus, caja x36, línea Procter."
1703,MACH3 CART. BASE x 2 UNID,"Sistemas MACH3 CART. BASE x 2 UNID, marca Mach3, caja x72, línea Procter."
1709,MACH3 CART.SENSITIVE X 8 UND,"Sistemas MACH3 CART.SENSITIVE X 8 UND, marca Mach3, caja x36, línea Procter."
171,PILA PHILCO AA x 1,"Pilas y baterias PILA PHILCO AA x 1, marca Pila, caja x720, línea Procter."
1724,HS 700ml SH ARGAN,"Cuidado de cabello HS 700ml SH ARGAN, marca Hs, caja x10, línea Procter."
173,PILA PHILCO AAA x 1,"Pilas y baterias PILA PHILCO AAA x 1, marca Pila, caja x720, línea Procter."
1749,HS 700ml SH MANZANA FRESH,"Cuidado de cabello HS 700ml SH MANZANA FRESH, marca Hs, caja x10, línea Procter."
17516,PAMPERS BABY DRY TALLE G X22,"Pañales PAMPERS BABY DRY TALLE G X22, marca Pampers, caja x8, línea Procter."
17517,PAMPERS BABY DRY TALLE M X26,"Pañales PAMPERS BABY DRY TALLE M X26, marca Pampers, caja x6, línea Procter."
17518,PAMPERS BABY DRY XXG X16,"Pañales PAMPERS BABY DRY XXG X16, marca Pampers, caja x8, línea Procter."
17519,PAMPERS BABYDRY XG X18,"Pañales PAMPERS BABYDRY XG X18, marca Pampers, caja x8, línea Procter."
1766,HS 650ml SH SUAVE Y MANEJABLE (.),"Cuidado de cabello HS 650ml SH SUAVE Y MANEJABLE (.), marca Hs, caja x10, línea Procter."
179,PILA PHILCO 2032 X 5 UNIDADES,"Pilas y baterias PILA PHILCO 2032 X 5 UNIDADES, marca Pila, caja x200, línea Procter."
180,PILA PHILCO 2025 X 5 UNIDADES (.),"Pilas PILA PHILCO 2025 X 5 UNIDADES (.), marca Pila, caja x200, línea Procter."
18001,EXHIBIDOR M FORCE X12 PRESERV. MIX,"Latex m EXHIBIDOR M FORCE X12 PRESERV. MIX, marca Exhibidor, caja x12, línea Varios."
181,PILA PHILCO 1620 X 5 UNIDADES (.),"Pilas PILA PHILCO 1620 X 5 UNIDADES (.), marca Pila, caja x200, línea Procter."
182,PILA PHILCO A23 x 1 Unidad,"Pilas PILA PHILCO A23 x 1 Unidad, marca Pila, caja x100, línea Procter."
18200,Jab.Limol Vitalidad Cítrica G. Detox 35x3x90g,"Jab tocador tripack Jab.Limol Vitalidad Cítrica G. Detox 35x3x90g, marca Jab.Limol, caja x35, línea Dreamco."
18201,LIMOL 3X Jab Toc. FLORES G Detox x90g,"Jab tocador tripack LIMOL 3X Jab Toc. FLORES G Detox x90g, marca Limol, caja x35, línea Dreamco."
18203,CV Jab Toc. Pausa Campo x120g,"Jab tocador individual CV Jab Toc. Pausa Campo x120g, marca Cv, caja x90, línea Dreamco."
18205,CV Jab Toc. Frescu Libera x120g,"Jab tocador individual CV Jab Toc. Frescu Libera x120g, marca Cv, caja x90, línea Dreamco."
18207,CV 3X Jab Toc. Pausa Campo x120g,"Jab tocador tripack CV 3X Jab Toc. Pausa Campo x120g, marca Cv, caja x30, línea Dreamco."
18208,CV 3X Jab Toc. Energia Sol x120g,"Jab tocador tripack CV 3X Jab Toc. Energia Sol x120g, marca Cv, caja x30, línea Dreamco."
18214,PLB Jab Toc. Flores Rosas vita glic x120g...,"Jab tocador individual PLB Jab Toc. Flores Rosas vita glic x120g..., marca Plb, caja x81, línea Dreamco."
18216,PLB Jab Toc. Frescura vita glic x120g,"Jab tocador individual PLB Jab Toc. Frescura vita glic x120g, marca Plb, caja x81, línea Dreamco."
18217,PLB Jab Toc. Relajacion glic x120g,"Jab tocador individual PLB Jab Toc. Relajacion glic x120g, marca Plb, caja x81, línea Dreamco."
18218,PLB Jab Toc. Jazmin glic x120g,"Jab tocador individual PLB Jab Toc. Jazmin glic x120g, marca Plb, caja x81, línea Dreamco."
18219,PLB Jab Toc. Ese.Todo Tipo Piel x120g,"Jab tocador individual PLB Jab Toc. Ese.Todo Tipo Piel x120g, marca Plb, caja x81, línea Dreamco."
18220,PLB Jab Toc. Ese. Piel Sensible x120g,"Jab tocador individual PLB Jab Toc. Ese. Piel Sensible x120g, marca Plb, caja x81, línea Dreamco."
18221,PLB Jab Toc. Ese.Piel Relaj x120g,"Jab tocador individual PLB Jab Toc. Ese.Piel Relaj x120g, marca Plb, caja x81, línea Dreamco."
18223,PLB 3X Jab Toc. Frescura vita glic x120g,"Jab tocador tripack PLB 3X Jab Toc. Frescura vita glic x120g, marca Plb, caja x27, línea Dreamco."
18224,PLB 3X Jab Toc. Lavanda vita glic x120g,"Jab tocador tripack PLB 3X Jab Toc. Lavanda vita glic x120g, marca Plb, caja x27, línea Dreamco."
18225,PLB 3X Jab Toc. Flores Rosas x120g,"Jab tocador tripack PLB 3X Jab Toc. Flores Rosas x120g, marca Plb, caja x27, línea Dreamco."
18227,PLB 3X Jab Toc. JAZMIN x120g,"Jab tocador tripack PLB 3X Jab Toc. JAZMIN x120g, marca Plb, caja x27, línea Dreamco."
18228,PLB 3X Jab Toc. Ese.Todo Tipo Piel x120g,"Jab tocador tripack PLB 3X Jab Toc. Ese.Todo Tipo Piel x120g, marca Plb, caja x27, línea Dreamco."
18229,PLB 3X Jab Toc. Ese. Piel Sensible x120g,"Jab tocador tripack PLB 3X Jab Toc. Ese. Piel Sensible x120g, marca Plb, caja x27, línea Dreamco."
18230,PLB 3x Jab Toc. Ese.Piel Relaj x120g,"Jab tocador tripack PLB 3x Jab Toc. Ese.Piel Relaj x120g, marca Plb, caja x27, línea Dreamco."
18236,PLB Jab.Toc Liq. Reconexión Bot x250ml,"Jab liquido PLB Jab.Toc Liq. Reconexión Bot x250ml, marca Plb, caja x12, línea Dreamco."
18237,PLB Jab.Toc Liq Balance Bot x250ml,"Jab liquido PLB Jab.Toc Liq Balance Bot x250ml, marca Plb, caja x12, línea Dreamco."
18238,PLB Jab.Toc Liq Reconexión DP 15x220ml,"Jab liquido PLB Jab.Toc Liq Reconexión DP 15x220ml, marca Plb, caja x15, línea Dreamco."
18239,PLB Jab.Toc Liq Balance DP 15x220ml,"Jab liquido PLB Jab.Toc Liq Balance DP 15x220ml, marca Plb, caja x15, línea Dreamco."
18240,PLB SH X1LTR Brillo,"Shampoo y acondicionador PLB SH X1LTR Brillo, marca Plb, caja x12, línea Dreamco."
18241,PLB SH X1LTR Frescura Corazón,"Shampoo y acondicionador PLB SH X1LTR Frescura Corazón, marca Plb, caja x12, línea Dreamco."
18242,PLB SH X1 LTR Suavidad Corazón,"Shampoo y acondicionador PLB SH X1 LTR Suavidad Corazón, marca Plb, caja x12, línea Dreamco."
18243,PLB SH X1LTR Nutrición Corazón,"Shampoo y acondicionador PLB SH X1LTR Nutrición Corazón, marca Plb, caja x12, línea Dreamco."
18251,PLB SH 970ML Control Frizz,"Shampoo y acondicionador PLB SH 970ML Control Frizz, marca Plb, caja x12, línea Dreamco."
18252,PLB SH 970ML Restauración,"Shampoo y acondicionador PLB SH 970ML Restauración, marca Plb, caja x12, línea Dreamco."
18256,PLB SH 300ML DP Restauración,"Shampoo y acondicionador PLB SH 300ML DP Restauración, marca Plb, caja x12, línea Dreamco."
18257,PLB SH 300ML DP ÓLEO DE COCO,"Shampoo y acondicionador PLB SH 300ML DP ÓLEO DE COCO, marca Plb, caja x12, línea Dreamco."
18258,PLB SH 700ML Oleos Nutric. ARGAN,"Shampoo y acondicionador PLB SH 700ML Oleos Nutric. ARGAN, marca Plb, caja x12, línea Dreamco."
18259,PLB SH 700ML Oleos Nutric. COCO,"Shampoo y acondicionador PLB SH 700ML Oleos Nutric. COCO, marca Plb, caja x12, línea Dreamco."
18260,PLB CN X1LTR Brillo Corazón,"Shampoo y acondicionador PLB CN X1LTR Brillo Corazón, marca Plb, caja x12, línea Dreamco."
18261,PLB CN X1LTR Frescura Corazón,"Shampoo y acondicionador PLB CN X1LTR Frescura Corazón, marca Plb, caja x12, línea Dreamco."
18262,PLB CN X1 LTR Suavidad Corazón,"Shampoo y acondicionador PLB CN X1 LTR Suavidad Corazón, marca Plb, caja x12, línea Dreamco."
18263,PLB CN X1LTR Nutrición Corazón,"Shampoo y acondicionador PLB CN X1LTR Nutrición Corazón, marca Plb, caja x12, línea Dreamco."
18269,PLB CN X1LTR Fuerza,"Shampoo y acondicionador PLB CN X1LTR Fuerza, marca Plb, caja x12, línea Dreamco."
18271,PLB CN 970ML Control Frizz,"Shampoo y acondicionador PLB CN 970ML Control Frizz, marca Plb, caja x12, línea Dreamco."
18272,PLB CN 970ML Restauración,"Shampoo y acondicionador PLB CN 970ML Restauración, marca Plb, caja x12, línea Dreamco."
18275,PLB CN 300ML DP OLEO COCO NUTRICION,"Shampoo y acondicionador PLB CN 300ML DP OLEO COCO NUTRICION, marca Plb, caja x12, línea Dreamco."
18276,PLB CN 300ML DP Restauración,"Shampoo y acondicionador PLB CN 300ML DP Restauración, marca Plb, caja x12, línea Dreamco."
18278,PLB CN 700ML Oleos Nutric. ARGAN,"Shampoo y acondicionador PLB CN 700ML Oleos Nutric. ARGAN, marca Plb, caja x12, línea Dreamco."
18279,PLB CN 700ML Oleos Nutric. COCO,"Shampoo y acondicionador PLB CN 700ML Oleos Nutric. COCO, marca Plb, caja x12, línea Dreamco."
18283,PLB CREM P. PEINAR Nutrición+coco 300ML,"Tratamientos y cremas de peinar PLB CREM P. PEINAR Nutrición+coco 300ML, marca Plb, caja x12, línea Dreamco."
18284,PLB TRATAM. CAPILAR Nutrición+coco 400ML,"Tratamientos y cremas de peinar PLB TRATAM. CAPILAR Nutrición+coco 400ML, marca Plb, caja x10, línea Dreamco."
18286,PLB SH Kids Fuerza Natural x700ml,"Shampoo y acondicionador PLB SH Kids Fuerza Natural x700ml, marca Plb, caja x12, línea Dreamco."
18289,PLB CN Kids Fuerza Natural x700ml,"Shampoo y acondicionador PLB CN Kids Fuerza Natural x700ml, marca Plb, caja x12, línea Dreamco."
18291,PLB CN Kids PH Balanceado x700ml,"Shampoo y acondicionador PLB CN Kids PH Balanceado x700ml, marca Plb, caja x12, línea Dreamco."
18292,PLB SH Kids Fuerza Natural x350ml,"Shampoo y acondicionador PLB SH Kids Fuerza Natural x350ml, marca Plb, caja x12, línea Dreamco."
18294,PLB SH Kids PH Balanceado x350ml,"Shampoo y acondicionador PLB SH Kids PH Balanceado x350ml, marca Plb, caja x12, línea Dreamco."
18295,PLB CN Kids Fuerza Natural x350ml,"Shampoo y acondicionador PLB CN Kids Fuerza Natural x350ml, marca Plb, caja x12, línea Dreamco."
18297,PLB CN Kids PH Balanceado x350ml,"Shampoo y acondicionador PLB CN Kids PH Balanceado x350ml, marca Plb, caja x12, línea Dreamco."
18299,PLB AEROS. AT Aloe y Bambú 150ml,"Atp PLB AEROS. AT Aloe y Bambú 150ml, marca Plb, caja x12, línea Dreamco."
18300,PLB AEROS. AT Jazmin 150ml,"Atp PLB AEROS. AT Jazmin 150ml, marca Plb, caja x12, línea Dreamco."
18301,PLB Roll On Cuidado Orig 50ml,"Roll-on PLB Roll On Cuidado Orig 50ml, marca Plb, caja x12, línea Dreamco."
18302,PLB Roll On Jazmin 50ml,"Roll-on PLB Roll On Jazmin 50ml, marca Plb, caja x12, línea Dreamco."
18332,ZORRO JB LIQUIDO BOT Diluible Evolu 500ML,"Jab liquido ZORRO JB LIQUIDO BOT Diluible Evolu 500ML, marca Zorro, caja x12, línea Dreamco."
18333,ZORRO JB LIQUIDO BOT Diluible BlueP 500ml,"Jab liquido ZORRO JB LIQUIDO BOT Diluible BlueP 500ml, marca Zorro, caja x12, línea Dreamco."
18336,ZORRO JB LIQ DP Plus 800ml,"Jab liquido ZORRO JB LIQ DP Plus 800ml, marca Zorro, caja x14, línea Dreamco."
18340,ZORRO JB LIQ CLASICO MATIC 3L,"Jab liquido ZORRO JB LIQ CLASICO MATIC 3L, marca Zorro, caja x4, línea Dreamco."
18342,ZORRO JB LIQ DP Evol Quitamanchas 800ml,"Jab liquido ZORRO JB LIQ DP Evol Quitamanchas 800ml, marca Zorro, caja x14, línea Dreamco."
18343,ZORRO JB LIQ DP Evol Quitamanchas 3L,"Jab liquido ZORRO JB LIQ DP Evol Quitamanchas 3L, marca Zorro, caja x4, línea Dreamco."
18345,ZORRO JB LIQ DP Evol Escudo Prot 3L,"Jab liquido ZORRO JB LIQ DP Evol Escudo Prot 3L, marca Zorro, caja x4, línea Dreamco."
18346,LIMZUL JB LIQUID. Bot 800ml,"Jab liquido LIMZUL JB LIQUID. Bot 800ml, marca Limzul, caja x15, línea Dreamco."
18347,LIMZUL JB LIQUID. POUCH 800ml,"Jab liquido LIMZUL JB LIQUID. POUCH 800ml, marca Limzul, caja x14, línea Dreamco."
18348,LIMZUL JB LIQUID. POUCH 3L,"Jab liquido LIMZUL JB LIQUID. POUCH 3L, marca Limzul, caja x4, línea Dreamco."
18363,ZORRO LIMP.CREM. Clásico Limp. Prof. 500ml,"Limpiadores especificos dr ZORRO LIMP.CREM. Clásico Limp. Prof. 500ml, marca Zorro, caja x12, línea Dreamco."
18364,ZORRO LIMP.CREM. Cítrico LIMP. PROF. 500ml,"Limpiadores especificos dr ZORRO LIMP.CREM. Cítrico LIMP. PROF. 500ml, marca Zorro, caja x12, línea Dreamco."
18366,ZORRO ANTIGRASA GAT LIMP. PROF. 500ml,"Limpiadores especificos dr ZORRO ANTIGRASA GAT LIMP. PROF. 500ml, marca Zorro, caja x20, línea Dreamco."
18367,Zorro BAÑO GAT LIMP. PROF. 500ml,"Limpiadores especificos dr Zorro BAÑO GAT LIMP. PROF. 500ml, marca Zorro, caja x20, línea Dreamco."
18368,Zorro VIDRIO MULTI GAT LIMP. PROF. 500ml,"Limpiadores especificos dr Zorro VIDRIO MULTI GAT LIMP. PROF. 500ml, marca Zorro, caja x20, línea Dreamco."
18369,Zorro ANTIGRASA POUCH 450ml (.),"Limpiadores especificos dr Zorro ANTIGRASA POUCH 450ml (.), marca Zorro, caja x21, línea Dreamco."
18370,Zorro BAÑO POUCH 450ml,"Limpiadores especificos dr Zorro BAÑO POUCH 450ml, marca Zorro, caja x21, línea Dreamco."
18371,Zorro VIDRIO MULTI POUCH 450ml,"Limpiadores especificos dr Zorro VIDRIO MULTI POUCH 450ml, marca Zorro, caja x21, línea Dreamco."
18380,ZORRO QUITAMANCHAS LIQ. Gat 500ml,"Quitamanchas ZORRO QUITAMANCHAS LIQ. Gat 500ml, marca Zorro, caja x20, línea Dreamco."
18381,FEDERAL SUAVIZ. X 900ML Libre,"Suavizantes dr FEDERAL SUAVIZ. X 900ML Libre, marca Federal, caja x14, línea Dreamco."
18382,FEDERAL SUAVIZ. X 900MLVioletas del Campo,"Suavizantes dr FEDERAL SUAVIZ. X 900MLVioletas del Campo, marca Federal, caja x14, línea Dreamco."
18383,FEDERAL SUAVIZ. X 900ML Aires de Bambú,"Suavizantes dr FEDERAL SUAVIZ. X 900ML Aires de Bambú, marca Federal, caja x14, línea Dreamco."
18384,FEDERAL SUAVIZ. X 900ML Caricias de Algodón,"Suavizantes dr FEDERAL SUAVIZ. X 900ML Caricias de Algodón, marca Federal, caja x14, línea Dreamco."
18385,FEDERAL SUAVIZ. X 3L Violetas del campo,"Suavizantes dr FEDERAL SUAVIZ. X 3L Violetas del campo, marca Federal, caja x4, línea Dreamco."
18386,ZORRO SUAVIZ. X900ML DP Oriental,"Suavizantes dr ZORRO SUAVIZ. X900ML DP Oriental, marca Zorro, caja x14, línea Dreamco."
18388,ZORRO SUAVIZ. X3L DP Oriental,"Suavizantes dr ZORRO SUAVIZ. X3L DP Oriental, marca Zorro, caja x4, línea Dreamco."
18405,PLB SH x700ml Esencia Hidratacion Profunda,"Shampoo y acondicionador PLB SH x700ml Esencia Hidratacion Profunda, marca Plb, caja x12, línea Dreamco."
18406,PLB CN x700ml Esencia Hidratacion Profunda,"Shampoo y acondicionador PLB CN x700ml Esencia Hidratacion Profunda, marca Plb, caja x12, línea Dreamco."
18413,ACE POUCH X800 ML,"Jab liquido ACE POUCH X800 ML, marca Ace, caja x12, línea Dreamco."
18415,ACE POUCH X3000 ML,"Jab liquido ACE POUCH X3000 ML, marca Ace, caja x4, línea Dreamco."
18417,ARIEL DIL. 500ML + BIDON,"Jab liquido ARIEL DIL. 500ML + BIDON, marca Ariel, caja x4, línea Dreamco."
18419,MAGISTRAL LIMON POUCH X450ML,"Lavavajillas MAGISTRAL LIMON POUCH X450ML, marca Magistral, caja x21, línea Dreamco."
1842,MACH3 CART. BASE x 1 UNID.,"Sistemas MACH3 CART. BASE x 1 UNID., marca Mach3, caja x120, línea Procter."
18421,MAGISTRAL LIMON CREMOSO X300ML,"Lavavajillas MAGISTRAL LIMON CREMOSO X300ML, marca Magistral, caja x21, línea Dreamco."
18422,MAGISTRAL AMARILLO PLATINUM X300ML,"Lavavajillas MAGISTRAL AMARILLO PLATINUM X300ML, marca Magistral, caja x21, línea Dreamco."
18432,ACE Clás diluible x 500ml,"Jab liquido ACE Clás diluible x 500ml, marca Ace, caja x12, línea Dreamco."
18433,ACE diluible Bot 500ml + Bidón,"Jab liquido ACE diluible Bot 500ml + Bidón, marca Ace, caja x4, línea Dreamco."
18434,ACE CLASI BOT 3L,"Jab liquido ACE CLASI BOT 3L, marca Ace, caja x4, línea Dreamco."
1848,MAGISTRAL LIMON X 225 ML,"Lavavajillas MAGISTRAL LIMON X 225 ML, marca Magistral, caja x21, línea Dreamco."
18501,PAÑUELOS CANDELA DESCARTABLE X6,"Art. varios PAÑUELOS CANDELA DESCARTABLE X6, marca Pañuelos, caja x48, línea Varios."
18702,PAMPERS BABY DRY TALLE P X56UN,"Pañales PAMPERS BABY DRY TALLE P X56UN, marca Pampers, caja x3, línea Procter."
18703,PAMPERS BABY DRY TALLE M X52un,"Pañales PAMPERS BABY DRY TALLE M X52un, marca Pampers, caja x3, línea Procter."
18704,PAMPERS BABYSAN TALLE P X12,"Pañales PAMPERS BABYSAN TALLE P X12, marca Pampers, caja x16, línea Procter."
18711,HERSHEYS COOKIES/CREME X77G,"Chocolate importadora HERSHEYS COOKIES/CREME X77G, marca Hersheys, caja x72, línea Varios."
18714,Molino NaturalNaranja y chips 238g,"Panificacion Molino NaturalNaranja y chips 238g, marca Molino, caja x16, línea Dreamco."
18724,Molino Natural 10 semillas 231g,"Panificacion Molino Natural 10 semillas 231g, marca Molino, caja x16, línea Dreamco."
18727,ZORRO JB LIQ DP BICARB. X 3L,"Jab liquido ZORRO JB LIQ DP BICARB. X 3L, marca Zorro, caja x4, línea Dreamco."
18728,ZORRO JB LIQ DP BICARB. X800 ML,"Jab liquido ZORRO JB LIQ DP BICARB. X800 ML, marca Zorro, caja x14, línea Dreamco."
18729,MAGISTRAL GATILLO X 500ml LIMON ANTIGRASA,"Limpiadores liquidos MAGISTRAL GATILLO X 500ml LIMON ANTIGRASA, marca Magistral, caja x12, línea Dreamco."
18730,MAGISTRAL GATILLO X 500ml NARANJA ANTIGRASA,"Limpiadores liquidos MAGISTRAL GATILLO X 500ml NARANJA ANTIGRASA, marca Magistral, caja x12, línea Dreamco."
18731,MAGISTRAL DP X450ml LIMON ANTIGRASA,"Limpiadores liquidos MAGISTRAL DP X450ml LIMON ANTIGRASA, marca Magistral, caja x21, línea Dreamco."
18732,MAGISTRAL DP X450ml NARANJA ANTIGRASA,"Limpiadores liquidos MAGISTRAL DP X450ml NARANJA ANTIGRASA, marca Magistral, caja x21, línea Dreamco."
18733,MAGISTRAL DP 850ml LIMON ANTIGRASA,"Limpiadores liquidos MAGISTRAL DP 850ml LIMON ANTIGRASA, marca Magistral, caja x14, línea Dreamco."
18734,PLB JB.1X KIDS SUA.MAGICA,"Jab tocador individual PLB JB.1X KIDS SUA.MAGICA, marca Plb, caja x81, línea Dreamco."
18735,PLB JB.1X KIDS HUMECT TROPICAL,"Jab tocador individual PLB JB.1X KIDS HUMECT TROPICAL, marca Plb, caja x81, línea Dreamco."
18736,PLB CN CURLY X 700ML,"Shampoo y acondicionador PLB CN CURLY X 700ML, marca Plb, caja x12, línea Dreamco."
18737,PLB SH CURLY X 700ML,"Shampoo y acondicionador PLB SH CURLY X 700ML, marca Plb, caja x12, línea Dreamco."
18738,PLB EMULSION CURLY X 700ML,"Shampoo y acondicionador PLB EMULSION CURLY X 700ML, marca Plb, caja x12, línea Dreamco."
18739,PLB GEL CURLY X 300ML,"Tratamientos y cremas de peinar PLB GEL CURLY X 300ML, marca Plb, caja x12, línea Dreamco."
18740,PLB CREM P. PEINAR CURLY X 300ML,"Tratamientos y cremas de peinar PLB CREM P. PEINAR CURLY X 300ML, marca Plb, caja x12, línea Dreamco."
18741,PLB TRATAM. CAPILAR NUTRITIVA CURLY X 400ML,"Tratamientos y cremas de peinar PLB TRATAM. CAPILAR NUTRITIVA CURLY X 400ML, marca Plb, caja x10, línea Dreamco."
18742,PLB TRATAM. CAPILAR HIDRO N. CURLY X 400ML,"Tratamientos y cremas de peinar PLB TRATAM. CAPILAR HIDRO N. CURLY X 400ML, marca Plb, caja x10, línea Dreamco."
18780,PAMPERS Deluxe Prot RN x36,"Pañales PAMPERS Deluxe Prot RN x36, marca Pampers, caja x4, línea Procter."
18781,PAMPERS Deluxe Prot RN PLUS x36,"Pañales PAMPERS Deluxe Prot RN PLUS x36, marca Pampers, caja x4, línea Procter."
18782,PAMPERS DELUXE TALLE P X36,"Pañales PAMPERS DELUXE TALLE P X36, marca Pampers, caja x4, línea Procter."
1880,PASTA ORAL-B 150gr 123,"Cuidado bucal PASTA ORAL-B 150gr 123, marca Oral-B, caja x24, línea Procter."
18802,DONUTS BLANCAS BONAFIDE 78 GR,"Chocolate bonafide DONUTS BLANCAS BONAFIDE 78 GR, marca Bonafide, caja x24, línea Varios."
18805,CHOCMAN BAÑO SEMIAMARGO 35 GR,"Chocolate bonafide CHOCMAN BAÑO SEMIAMARGO 35 GR, marca Chocman, caja x18, línea Varios."
18806,CHOCMAN BLACK 35 GR..,"Chocolate bonafide CHOCMAN BLACK 35 GR.., marca Chocman, caja x18, línea Varios."
18824,BOCADITO BONAFIDE DDL 24 X 16 GRS,"Chocolate bonafide BOCADITO BONAFIDE DDL 24 X 16 GRS, marca Bonafide, caja x8, línea Varios."
18825,BOCADITO BONAFIDE RHUM X 16 GRS,"Chocolate bonafide BOCADITO BONAFIDE RHUM X 16 GRS, marca Bonafide, caja x192, línea Varios."
18826,BOCADITO BONAFIDE MENTA X18GRS,"Chocolate bonafide BOCADITO BONAFIDE MENTA X18GRS, marca Bonafide, caja x192, línea Varios."
18830,NUGATON BLACK X 27 GRS,"Chocolate bonafide NUGATON BLACK X 27 GRS, marca Nugaton, caja x288, línea Varios."
18850,VIZZIO TABLETA RELLENO CON NUGATON X80 GR,"Chocolate bonafide VIZZIO TABLETA RELLENO CON NUGATON X80 GR, marca Vizzio, caja x72, línea Varios."
18882,BONAFIDE Pasas 80 gr,"Fiestas BONAFIDE Pasas 80 gr, marca Bonafide, caja x20, línea Varios."
18893,CAJA MALETIN CARTON BONAFIDE..,"Fiestas CAJA MALETIN CARTON BONAFIDE.., marca Bonafide, caja x25, línea Varios."
18900,HUEVO VIZZIO X 87GRS..,"Chocolate pascuas HUEVO VIZZIO X 87GRS.., marca Huevo, caja x15, línea Varios."
18901,HUEVO VIZZIO X 167GRS..,"Chocolate pascuas HUEVO VIZZIO X 167GRS.., marca Huevo, caja x7, línea Varios."
18902,HUEVO NUGATON NEGRO X 91GRS..,"Chocolate pascuas HUEVO NUGATON NEGRO X 91GRS.., marca Huevo, caja x15, línea Varios."
18903,HUEVO NUGATON NEGRO X 177GRS..,"Chocolate pascuas HUEVO NUGATON NEGRO X 177GRS.., marca Huevo, caja x7, línea Varios."
18906,HUEVO MECANO X 115GRS..,"Chocolate pascuas HUEVO MECANO X 115GRS.., marca Huevo, caja x15, línea Varios."
18908,CONEJO BONAFIDE BOLSA X140 GRS..,"Chocolate pascuas CONEJO BONAFIDE BOLSA X140 GRS.., marca Bonafide, caja x24, línea Varios."
18909,CONEJO BONAFIDE X 60GRS..,"Chocolate pascuas CONEJO BONAFIDE X 60GRS.., marca Bonafide, caja x25, línea Varios."
18911,HUEVOS BONAFIDE BOLSA LOLY CHOC X 80GRS..,"Chocolate pascuas HUEVOS BONAFIDE BOLSA LOLY CHOC X 80GRS.., marca Bonafide, caja x18, línea Varios."
18912,HUEVOS BONAFIDE BOLSA X 126GRS..,"Chocolate pascuas HUEVOS BONAFIDE BOLSA X 126GRS.., marca Bonafide, caja x30, línea Varios."
18914,HUEVOS MECANO NEGRO BOLSA X 67GRS..,"Chocolate pascuas HUEVOS MECANO NEGRO BOLSA X 67GRS.., marca Huevos, caja x40, línea Varios."
18926,CHOCMAN MINITORTA SEMIAMARGO 68gr,"Chocolate bonafide CHOCMAN MINITORTA SEMIAMARGO 68gr, marca Chocman, caja x15, línea Varios."
18927,CHOCMAN MINITORTA BLACK 68 GR,"Chocolate bonafide CHOCMAN MINITORTA BLACK 68 GR, marca Chocman, caja x15, línea Varios."
18928,CHOCMAN COCO x 35G,"Chocolate bonafide CHOCMAN COCO x 35G, marca Chocman, caja x18, línea Varios."
18930,BONAFIDE CAPSULAS CLASICO X10 DG,"Cafe bonafide BONAFIDE CAPSULAS CLASICO X10 DG, marca Bonafide, caja x4, línea Varios."
18931,BONAFIDE CAPSULAS LUNGOX10 DG,"Cafe bonafide BONAFIDE CAPSULAS LUNGOX10 DG, marca Bonafide, caja x4, línea Varios."
1918,PAMPERS BABYSAN MED X48,"Pañales PAMPERS BABYSAN MED X48, marca Pampers, caja x4, línea Procter."
1920,PAMPERS BABYSAN GDE X 40,"Pañales PAMPERS BABYSAN GDE X 40, marca Pampers, caja x4, línea Procter."
1921,PAMPERS Deluxe Prot MED 52,"Pañales PAMPERS Deluxe Prot MED 52, marca Pampers, caja x4, línea Procter."
1925,ALWAYS NOCHE MAX PROT SECA X 8 UNI,"Cuidado femenino ALWAYS NOCHE MAX PROT SECA X 8 UNI, marca Always, caja x24, línea Procter."
1935,PILA RECARGABLE AA X 2 mAh 2500,"Pilas PILA RECARGABLE AA X 2 mAh 2500, marca Pila, caja x24, línea Varios."
1936,PILA RECARGABLE AAA X 2 mAh 900,"Pilas PILA RECARGABLE AAA X 2 mAh 900, marca Pila, caja x24, línea Varios."
1937,PAMPERS CFS (5x) GDE x44 (.),"Pañales PAMPERS CFS (5x) GDE x44 (.), marca Pampers, caja x4, línea Procter."
1938,PILA AUDIOLOGIA COD10 Displey x 6 uni.,"Pilas PILA AUDIOLOGIA COD10 Displey x 6 uni., marca Pila, caja x50, línea Varios."
1939,PILA AUDIOLOGIA COD13 Displey x 6 uni.,"Pilas PILA AUDIOLOGIA COD13 Displey x 6 uni., marca Pila, caja x50, línea Varios."
1940,PILA AUDIOLOGIA COD312 Displey x 6 uni.,"Pilas PILA AUDIOLOGIA COD312 Displey x 6 uni., marca Pila, caja x50, línea Varios."
1941,PILA AUDIOLOGIA COD675 Displey x 6 uni.,"Pilas PILA AUDIOLOGIA COD675 Displey x 6 uni., marca Pila, caja x50, línea Varios."
1983,VENUS SIMPLY DESECHABLE SENSITIVE x 2 UNID.,"Sistemas VENUS SIMPLY DESECHABLE SENSITIVE x 2 UNID., marca Venus, caja x12, línea Procter."
1984,VENUS MAQ. INTIMA x 4 UNID.,"Sistemas VENUS MAQ. INTIMA x 4 UNID., marca Venus, caja x6, línea Procter."
199,PB3 CARBON Y CHARCOAL X 2UNI,"Desechables PB3 CARBON Y CHARCOAL X 2UNI, marca Pb3, caja x72, línea Procter."
200,Presto3 CARBON Y CHARCOAL X4UNI,"Desechables Presto3 CARBON Y CHARCOAL X4UNI, marca Presto3, caja x36, línea Procter."
20060,COCINA AYUDIN GATILLO 500ml,"Limpiadores especificos COCINA AYUDIN GATILLO 500ml, marca Ayudin, caja x12, línea Clorox."
20061,COCINA AYUDIN DP 450ml,"Limpiadores especificos COCINA AYUDIN DP 450ml, marca Ayudin, caja x16, línea Clorox."
20062,COCINA AYUDIN DP 900ml,"Limpiadores especificos COCINA AYUDIN DP 900ml, marca Ayudin, caja x12, línea Clorox."
20070,BAÑO AYUDIN GATILLO 500ml,"Limpiadores especificos BAÑO AYUDIN GATILLO 500ml, marca Ayudin, caja x12, línea Clorox."
20072,BAÑO AYUDIN DP 450ml,"Limpiadores especificos BAÑO AYUDIN DP 450ml, marca Ayudin, caja x16, línea Clorox."
20073,BAÑO AYUDIN DP 900ml,"Limpiadores especificos BAÑO AYUDIN DP 900ml, marca Ayudin, caja x12, línea Clorox."
20076,ANTIHONGOS AYUDIN GATILLO 500ml,"Limpiadores especificos ANTIHONGOS AYUDIN GATILLO 500ml, marca Ayudin, caja x12, línea Clorox."
20078,ANTIHONGOS AYUDIN DP 450ml,"Limpiadores especificos ANTIHONGOS AYUDIN DP 450ml, marca Ayudin, caja x16, línea Clorox."
2008,MINORA PLUS x Unidad,"Desechables MINORA PLUS x Unidad, marca Minora, caja x576, línea Procter."
20081,AYUDIN EXPERT DESINF. MULTISUP. DP 450ml,"Limpiadores especificos AYUDIN EXPERT DESINF. MULTISUP. DP 450ml, marca Ayudin, caja x16, línea Clorox."
20082,AYUDIN EXPERT DESINF. MULTISUP. GATILLO 500ml,"Limpiadores especificos AYUDIN EXPERT DESINF. MULTISUP. GATILLO 500ml, marca Ayudin, caja x12, línea Clorox."
201,Presto3 CARBON Y CHARCOAL X 8UNI,"Desechables Presto3 CARBON Y CHARCOAL X 8UNI, marca Presto3, caja x18, línea Procter."
2010,MINORA PRO x Unidad,"Desechables MINORA PRO x Unidad, marca Minora, caja x640, línea Procter."
20100,POETT 900ml LAVANDA MULTIESP Desinf.,"Limpiadores liquidos POETT 900ml LAVANDA MULTIESP Desinf., marca Poett, caja x12, línea Clorox."
20101,POETT 900ml PRIMAVERA MULTIESP Desinf.,"Limpiadores liquidos POETT 900ml PRIMAVERA MULTIESP Desinf., marca Poett, caja x12, línea Clorox."
20102,POETT 900ml BEBE MULTIESP Desinf.,"Limpiadores liquidos POETT 900ml BEBE MULTIESP Desinf., marca Poett, caja x12, línea Clorox."
20103,POETT 900ml SOLO PARA TI MULTIESP Desinf.,"Limpiadores liquidos POETT 900ml SOLO PARA TI MULTIESP Desinf., marca Poett, caja x12, línea Clorox."
20104,POETT 900ml ESPIRITU MULTIESP Desinf.,"Limpiadores liquidos POETT 900ml ESPIRITU MULTIESP Desinf., marca Poett, caja x12, línea Clorox."
20105,POETT 900ml SUAV. DE ALGODON MULTIESP Desinf.,"Limpiadores liquidos POETT 900ml SUAV. DE ALGODON MULTIESP Desinf., marca Poett, caja x12, línea Clorox."
20108,POETT 900ml MUSICA EN PRIMAV MULTIESP Desinf.,"Limpiadores liquidos POETT 900ml MUSICA EN PRIMAV MULTIESP Desinf., marca Poett, caja x12, línea Clorox."
20109,POETT 900ml ALEGRA TU DIA MULTIESP Desinf.,"Limpiadores liquidos POETT 900ml ALEGRA TU DIA MULTIESP Desinf., marca Poett, caja x12, línea Clorox."
20110,POETT 1.8L LAVANDA MULTIESP Desinf.,"Limpiadores liquidos POETT 1.8L LAVANDA MULTIESP Desinf., marca Poett, caja x8, línea Clorox."
20111,POETT 1.8L PRIMAVERA MULTIESP Desinf.,"Limpiadores liquidos POETT 1.8L PRIMAVERA MULTIESP Desinf., marca Poett, caja x8, línea Clorox."
20112,POETT 1.8L BEBE MULTIESP Desinf.,"Limpiadores liquidos POETT 1.8L BEBE MULTIESP Desinf., marca Poett, caja x8, línea Clorox."
20113,POETT 1.8L SOLO PARA TI MULTIESP Desinf.,"Limpiadores liquidos POETT 1.8L SOLO PARA TI MULTIESP Desinf., marca Poett, caja x8, línea Clorox."
20114,POETT 1.8L HUELLITAS FRESCURA MULTIESP Desinf.,"Limpiadores liquidos POETT 1.8L HUELLITAS FRESCURA MULTIESP Desinf., marca Poett, caja x8, línea Clorox."
20115,POETT 1.8L SUAV. DE ALGODÓN MULTIESP Desinf.,"Limpiadores liquidos POETT 1.8L SUAV. DE ALGODÓN MULTIESP Desinf., marca Poett, caja x8, línea Clorox."
20116,PINOLUZ LIMON 1.8L,"Limpiadores liquidos PINOLUZ LIMON 1.8L, marca Pinoluz, caja x8, línea Clorox."
20118,POETT 1.8L MUSICA EN PRIMAV MULTIESP Desinf.,"Limpiadores liquidos POETT 1.8L MUSICA EN PRIMAV MULTIESP Desinf., marca Poett, caja x8, línea Clorox."
20119,POETT 1.8L ALEGRA TU DIA MULTIESP Desinf.,"Limpiadores liquidos POETT 1.8L ALEGRA TU DIA MULTIESP Desinf., marca Poett, caja x8, línea Clorox."
20120,POETT 4L LAVANDA MULTIESP Desinf.,"Limpiadores liquidos POETT 4L LAVANDA MULTIESP Desinf., marca Poett, caja x3, línea Clorox."
20121,POETT 4L PRIMAVERA MULTIESP Desinf.,"Limpiadores liquidos POETT 4L PRIMAVERA MULTIESP Desinf., marca Poett, caja x3, línea Clorox."
20122,POETT AERO MULTIAM HUELLITAS FRESCURA 360ml,"Desodorantes de ambientes POETT AERO MULTIAM HUELLITAS FRESCURA 360ml, marca Poett, caja x6, línea Clorox."
20123,POETT 4L SOLO PARA TI MULTIESP Desinf.,"Limpiadores liquidos POETT 4L SOLO PARA TI MULTIESP Desinf., marca Poett, caja x3, línea Clorox."
20124,POETT 900ml HUELLITAS FRESCURA,"Limpiadores liquidos POETT 900ml HUELLITAS FRESCURA, marca Poett, caja x12, línea Clorox."
20125,POETT FRAG GAT HUELLITAS FRESCURA 250ml,"Perfumantes para telas POETT FRAG GAT HUELLITAS FRESCURA 250ml, marca Poett, caja x12, línea Clorox."
20127,POETT 4L BEBE MULTIESP Desinf.,"Limpiadores liquidos POETT 4L BEBE MULTIESP Desinf., marca Poett, caja x3, línea Clorox."
20128,POETT 1.8L ESPIRITU MULTIESP Desinf.,"Limpiadores liquidos POETT 1.8L ESPIRITU MULTIESP Desinf., marca Poett, caja x8, línea Clorox."
20129,POETT FRAG REP DP HUELLITAS FRESCURA 250ml,"Perfumantes para telas POETT FRAG REP DP HUELLITAS FRESCURA 250ml, marca Poett, caja x12, línea Clorox."
20130,PINOLUZ LIMON 900ml,"Limpiadores liquidos PINOLUZ LIMON 900ml, marca Pinoluz, caja x12, línea Clorox."
20131,PINOLUZ PINO 900ml,"Limpiadores liquidos PINOLUZ PINO 900ml, marca Pinoluz, caja x12, línea Clorox."
20132,PINOLUZ PINO 1.8L,"Limpiadores liquidos PINOLUZ PINO 1.8L, marca Pinoluz, caja x8, línea Clorox."
20133,PINOLUZ PINO 4L,"Limpiadores liquidos PINOLUZ PINO 4L, marca Pinoluz, caja x3, línea Clorox."
20141,INOD CANASTA FULL POETT 27.5G,"Canastas y pastillas p/ inodoro INOD CANASTA FULL POETT 27.5G, marca Poett, caja x12, línea Clorox."
20143,INOD CAN PAST POETT 27.5G + REP.,"Canastas y pastillas p/ inodoro INOD CAN PAST POETT 27.5G + REP., marca Poett, caja x12, línea Clorox."
20160,DESTAPACAÑERIAS AYUDIN,"Destapacañerias DESTAPACAÑERIAS AYUDIN, marca Ayudin, caja x12, línea Clorox Lista mayorista ESEKA-U Córdoba."
20161,DESTAPACAÑERIAS PLOMERO LÍQUIDO,"Destapacañerias DESTAPACAÑERIAS PLOMERO LÍQUIDO, marca Destapacañerias, caja x12, línea Clorox."
20200,PAÑO MULTIUSO X 1 AMARILLO,"Utensilios de limpieza PAÑO MULTIUSO X 1 AMARILLO, marca Paño, caja x30, línea Clorox."
20201,PAÑO MULTIUSO X 3 AMARILLO,"Utensilios de limpieza PAÑO MULTIUSO X 3 AMARILLO, marca Paño, caja x20, línea Clorox."
20202,PAÑO MULTIUSO X 3 MULTICOLOR,"Utensilios de limpieza PAÑO MULTIUSO X 3 MULTICOLOR, marca Paño, caja x20, línea Clorox."
20207,PAÑO BAÑO MORTIMER,"Utensilios de limpieza PAÑO BAÑO MORTIMER, marca Paño, caja x20, línea Clorox."
20208,PAÑO COCINA MORTIMER,"Utensilios de limpieza PAÑO COCINA MORTIMER, marca Paño, caja x20, línea Clorox."
20300,SELTON AZUL MMM SIN OLOR 360ml,"Insecticidas SELTON AZUL MMM SIN OLOR 360ml, marca Selton, caja x6, línea Clorox."
20301,SELTON ROJO ACCION INSTANTANEA 360ml,"Insecticidas SELTON ROJO ACCION INSTANTANEA 360ml, marca Selton, caja x6, línea Clorox."
20302,SELTON NARANJA CASA Y JARDÍN 360ml,"Insecticidas SELTON NARANJA CASA Y JARDÍN 360ml, marca Selton, caja x6, línea Clorox."
20303,SELTON NEGRO MATACUCARACHAS 360ml,"Insecticidas SELTON NEGRO MATACUCARACHAS 360ml, marca Selton, caja x6, línea Clorox."
20304,SELTON ESPIRALES x12 UNID--,"Insecticidas SELTON ESPIRALES x12 UNID--, marca Selton, caja x48, línea Clorox."
20308,SELTON ESPIRALES VIOLETA x 12 UN,"Insecticidas espirales SELTON ESPIRALES VIOLETA x 12 UN, marca Selton, caja x48, línea Clorox."
20310,POETT AERO MULTIAM LAVANDA 360ml,"Desodorantes de ambientes POETT AERO MULTIAM LAVANDA 360ml, marca Poett, caja x6, línea Clorox."
20311,POETT AERO MULTIAM PRIMAVERA 360ml,"Desodorantes de ambientes POETT AERO MULTIAM PRIMAVERA 360ml, marca Poett, caja x6, línea Clorox."
20312,POETT AERO MULTIAM BEBE 360ml,"Desodorantes de ambientes POETT AERO MULTIAM BEBE 360ml, marca Poett, caja x6, línea Clorox."
20313,POETT AERO MULTIAM SUAV. DE ALGO 360ml,"Desodorantes de ambientes POETT AERO MULTIAM SUAV. DE ALGO 360ml, marca Poett, caja x6, línea Clorox."
20314,POETT AERO MULTIAM ESPIRITU 360ml,"Desodorantes de ambientes POETT AERO MULTIAM ESPIRITU 360ml, marca Poett, caja x6, línea Clorox."
20316,POETT AERO MULTIAM SOLO PARA TI 360ml,"Desodorantes de ambientes POETT AERO MULTIAM SOLO PARA TI 360ml, marca Poett, caja x6, línea Clorox."
20318,POETT AERO MULTIAM DESP DE ENERG 360ml,"Desodorantes de ambientes POETT AERO MULTIAM DESP DE ENERG 360ml, marca Poett, caja x6, línea Clorox."
20319,POETT AERO MULTIAM MUSICA PRIMAV 360ml,"Desodorantes de ambientes POETT AERO MULTIAM MUSICA PRIMAV 360ml, marca Poett, caja x6, línea Clorox."
20320,POETT AERO MULTIAM ALEGRA TU DIA 360ml,"Desodorantes de ambientes POETT AERO MULTIAM ALEGRA TU DIA 360ml, marca Poett, caja x6, línea Clorox."
2033,CEP. PRO MAYOR ALCANCE x1,"Cuidado bucal CEP. PRO MAYOR ALCANCE x1, marca Cep., caja x36, línea Procter."
20330,POETT NATURAL BLENDS FRUTAL,"Desodorantes de ambientes POETT NATURAL BLENDS FRUTAL, marca Poett, caja x12, línea Clorox."
20331,POETT NATURAL BLENDS FLORAL,"Desodorantes de ambientes POETT NATURAL BLENDS FLORAL, marca Poett, caja x12, línea Clorox."
20332,POETT NATURAL BLENDS HOJAS VERDES,"Desodorantes de ambientes POETT NATURAL BLENDS HOJAS VERDES, marca Poett, caja x12, línea Clorox."
2034,CEP. PRO MAYOR ALCANCE x2,"Cuidado bucal CEP. PRO MAYOR ALCANCE x2, marca Cep., caja x36, línea Procter."
20400,ARCO IRIS DP 500ml,"Cuidadado de la ropa ARCO IRIS DP 500ml, marca Arco, caja x12, línea Clorox."
20420,ARCO IRIS LIQUIDO 1L,"Cuidadado de la ropa ARCO IRIS LIQUIDO 1L, marca Arco, caja x12, línea Clorox."
20421,POETT 900ml FRESCURA TROPICAL,"Limpiadores liquidos POETT 900ml FRESCURA TROPICAL, marca Poett, caja x12, línea Clorox."
20422,POETT 1.8L DESINF. FRESCURA TROPICAL,"Limpiadores liquidos POETT 1.8L DESINF. FRESCURA TROPICAL, marca Poett, caja x8, línea Clorox."
20441,ROPA COLOR QUITAMAN AYUDIN DP 400ml,"Cuidadado de la ropa ROPA COLOR QUITAMAN AYUDIN DP 400ml, marca Ayudin, caja x16, línea Clorox."
20442,ROPA COLOR QUITAMAN AYUDIN DP 650ml,"Cuidadado de la ropa ROPA COLOR QUITAMAN AYUDIN DP 650ml, marca Ayudin, caja x12, línea Clorox."
20443,ROPA COLORES VIVOS AYUDIN 700ml,"Cuidadado de la ropa ROPA COLORES VIVOS AYUDIN 700ml, marca Ayudin, caja x15, línea Clorox."
20444,ROPA COLOR QUITAMANCHAS AYUDIN 1.5L,"Cuidadado de la ropa ROPA COLOR QUITAMANCHAS AYUDIN 1.5L, marca Ayudin, caja x6, línea Clorox."
20446,ROPA COLOR ULT QUITAMAN AYUDIN 450gr,"Cuidadado de la ropa ROPA COLOR ULT QUITAMAN AYUDIN 450gr, marca Ayudin, caja x12, línea Clorox."
20452,POETT FRAG GAT SUAV. DE BEBE 250ml,"Perfumantes para telas POETT FRAG GAT SUAV. DE BEBE 250ml, marca Poett, caja x12, línea Clorox."
20453,POETT FRAG GAT FRESCO ROCIO 250ml,"Perfumantes para telas POETT FRAG GAT FRESCO ROCIO 250ml, marca Poett, caja x12, línea Clorox."
20465,POETT FRAG REP DP SEDOSA PRIMAVERA 250ml,"Perfumantes para telas POETT FRAG REP DP SEDOSA PRIMAVERA 250ml, marca Poett, caja x12, línea Clorox."
20466,POETT FRAG REP DP SUAV. DE ALGODÓN 250ml,"Perfumantes para telas POETT FRAG REP DP SUAV. DE ALGODÓN 250ml, marca Poett, caja x12, línea Clorox."
20467,POETT FRAG REP DP SUAV. DE BEBÉ 250ml,"Perfumantes para telas POETT FRAG REP DP SUAV. DE BEBÉ 250ml, marca Poett, caja x12, línea Clorox."
20470,POETT FRAG REP SEDOSA PRIMAVERA 450ml,"Perfumantes para telas POETT FRAG REP SEDOSA PRIMAVERA 450ml, marca Poett, caja x12, línea Clorox."
20471,POETT FRAG REP SUAV. DE ALGODON 450ml,"Perfumantes para telas POETT FRAG REP SUAV. DE ALGODON 450ml, marca Poett, caja x12, línea Clorox."
20472,POETT FRAG REP SUAV. DE BEBE 450ml,"Perfumantes para telas POETT FRAG REP SUAV. DE BEBE 450ml, marca Poett, caja x12, línea Clorox."
20500,BOLSA NORMAL x15 (45x55) MORTIMER,"Utensilios de limpieza BOLSA NORMAL x15 (45x55) MORTIMER, marca Bolsa, caja x20, línea Clorox."
20501,BOLSA NORMAL x45 (45x55) MORTIMER,"Utensilios de limpieza BOLSA NORMAL x45 (45x55) MORTIMER, marca Bolsa, caja x20, línea Clorox."
20505,BOLSA MEDIANA x15 (50x65) MORTIMER,"Utensilios de limpieza BOLSA MEDIANA x15 (50x65) MORTIMER, marca Bolsa, caja x20, línea Clorox."
20506,BOLSA MEDIANA x45 (50x65) MORTIMER,"Utensilios de limpieza BOLSA MEDIANA x45 (50x65) MORTIMER, marca Bolsa, caja x20, línea Clorox."
20510,BOLSA CONSORCIO x10 (60x90) MORTIMER,"Utensilios de limpieza BOLSA CONSORCIO x10 (60x90) MORTIMER, marca Bolsa, caja x20, línea Clorox."
20511,BOLSA CONSORCIO x20 (60x90) MORTIMER,"Utensilios de limpieza BOLSA CONSORCIO x20 (60x90) MORTIMER, marca Bolsa, caja x20, línea Clorox."
2053,PAMPERS CONFORTSEC XGD HYP 18un (.),"Pañales PAMPERS CONFORTSEC XGD HYP 18un (.), marca Pampers, caja x8, línea Procter."
2079,ARIEL Liquido POUCH 800ML,"Jab liquido ARIEL Liquido POUCH 800ML, marca Ariel, caja x12, línea Dreamco."
2091,"MAGISTRAL ULTRA LIMON X 1,4 ML","Lavavajillas MAGISTRAL ULTRA LIMON X 1,4 ML, marca Magistral, caja x9, línea Dreamco."
2095,ARIEL DILUIBLE 500ML,"Jab liquido ARIEL DILUIBLE 500ML, marca Ariel, caja x12, línea Dreamco."
2121,Venus SENSITIVE x 2 UNID.,"Sistemas Venus SENSITIVE x 2 UNID., marca Venus, caja x12, línea Procter."
2249,VENUS CART. AREA INTIMA x 2 UNID.,"Sistemas VENUS CART. AREA INTIMA x 2 UNID., marca Venus, caja x48, línea Procter."
2250,VENUS SENSITIVE CART. x 2 UNID.,"Sistemas VENUS SENSITIVE CART. x 2 UNID., marca Venus, caja x12, línea Procter."
2413,ALWAYS PROT. DIARIOS PERF X 40 NUEVO,"Cuidado femenino ALWAYS PROT. DIARIOS PERF X 40 NUEVO, marca Always, caja x24, línea Procter."
2443,VENUS MAQ. SENSITIVE ALOE x 4 UNID.,"Sistemas VENUS MAQ. SENSITIVE ALOE x 4 UNID., marca Venus, caja x4, línea Procter."
2555,HS 300ml AC ANTIFALL,"Cuidado de cabello HS 300ml AC ANTIFALL, marca Hs, caja x12, línea Procter."
2556,HS 300ml AC MANZANA FRESH,"Cuidado de cabello HS 300ml AC MANZANA FRESH, marca Hs, caja x12, línea Procter."
2557,HS 300ml AC FUERZA Y RAIZ,"Cuidado de cabello HS 300ml AC FUERZA Y RAIZ, marca Hs, caja x12, línea Procter."
2911,PRESTO ULTRA GRIP BOLSA X 10UNID Sensitive,"Desechables PRESTO ULTRA GRIP BOLSA X 10UNID Sensitive, marca Presto, caja x12, línea Procter."
2989,PAMPERS BABYDRY MED x72,"Pañales PAMPERS BABYDRY MED x72, marca Pampers, caja x2, línea Procter."
3943,MAXX SUPER TACHAS CONFORT X3UN,"Latex MAXX SUPER TACHAS CONFORT X3UN, marca Maxx, caja x12, línea Varios."
3950,MAXX ESPERMICIDA X 3 UN,"Latex MAXX ESPERMICIDA X 3 UN, marca Maxx, caja x12, línea Varios."
3951,MAXX ANATOMICO X 3 UN,"Latex MAXX ANATOMICO X 3 UN, marca Maxx, caja x12, línea Varios."
3952,MAXX SUPER FINO X 3 UN,"Latex MAXX SUPER FINO X 3 UN, marca Maxx, caja x12, línea Varios."
3953,MAXX ULTRA FINO X 3 UN,"Latex MAXX ULTRA FINO X 3 UN, marca Maxx, caja x12, línea Varios."
3954,MAXX SUPER LUBRICADO X 3 UN,"Latex MAXX SUPER LUBRICADO X 3 UN, marca Maxx, caja x12, línea Varios."
3955,MAXX TACHAS X 3 UN,"Latex MAXX TACHAS X 3 UN, marca Maxx, caja x12, línea Varios."
3957,MAXX MEGA X 3 UN,"Latex MAXX MEGA X 3 UN, marca Maxx, caja x12, línea Varios."
3997,ENCENDEDOR KRASH CLASICO 20X25,"Encendedores ENCENDEDOR KRASH CLASICO 20X25, marca Encendedor, caja x20, línea Varios."
3998,MAXX MIXTA 12x3 TUBO + 15 SHARK,"Latex MAXX MIXTA 12x3 TUBO + 15 SHARK, marca Maxx, línea Varios."
3999,MAXX MIXTA 16x3 TUBO + 5 CLIPER,"Latex MAXX MIXTA 16x3 TUBO + 5 CLIPER, marca Maxx, línea Varios."
4000,MAXX CAJA MIXTA X 24 UNID,"Latex MAXX CAJA MIXTA X 24 UNID, marca Maxx, línea Varios."
4001,PRIME ESPERMICIDA,"Latex PRIME ESPERMICIDA, marca Prime, caja x24, línea Varios Lista mayorista ESEKA-U Córdoba."
4002,PRIME SUPER FINO,"Latex PRIME SUPER FINO, marca Prime, caja x24, línea Varios."
4008,PRIME MEGA,"Latex PRIME MEGA, marca Prime, caja x24, línea Varios Lista mayorista ESEKA-U Córdoba."
4009,PRIME ULTRA FINO,"Latex PRIME ULTRA FINO, marca Prime, caja x24, línea Varios."
4010,PRIME TACHAS,"Latex PRIME TACHAS, marca Prime, caja x24, línea Varios Lista mayorista ESEKA-U Córdoba."
4011,PRIME EXTRA LUBRICADO,"Latex PRIME EXTRA LUBRICADO, marca Prime, caja x24, línea Varios."
4012,PRIME ANATOMICO,"Latex PRIME ANATOMICO, marca Prime, caja x24, línea Varios Lista mayorista ESEKA-U Córdoba."
4013,PRIME SKYN,"Latex PRIME SKYN, marca Prime, caja x12, línea Varios Lista mayorista ESEKA-U Córdoba."
4014,PRIME ZERO,"Latex PRIME ZERO, marca Prime, caja x12, línea Varios Lista mayorista ESEKA-U Córdoba."
4029,PRIME TURBO,"Latex PRIME TURBO, marca Prime, caja x24, línea Varios Lista mayorista ESEKA-U Córdoba."
4123,ENCENDEDORES SHARK X 25 UNID.,"Encendedores ENCENDEDORES SHARK X 25 UNID., marca Encendedores, caja x20, línea Varios."
4568,PRESTO ULTRAGRIP CABEZAL PIVOT X UNIDAD,"Desechables PRESTO ULTRAGRIP CABEZAL PIVOT X UNIDAD, marca Presto, caja x576, línea Procter."
4637,PRESTO 3 FRESH CON EUCALIP. X4,"Desechables PRESTO 3 FRESH CON EUCALIP. X4, marca Presto, caja x36, línea Procter."
4638,PRESTO 3 FRESH CON EUCALIP. X2,"Desechables PRESTO 3 FRESH CON EUCALIP. X2, marca Presto, caja x72, línea Procter."
4657,PAMPERS BABYSAN GDE X 72,"Pañales PAMPERS BABYSAN GDE X 72, marca Pampers, caja x2, línea Procter."
4699,Always Xtra Tripl Prot Nc Suav x8,"Cuidado femenino Always Xtra Tripl Prot Nc Suav x8, marca Always, caja x12, línea Procter."
5000,HS 650ml SH OLD SPICE,"Cuidado de cabello HS 650ml SH OLD SPICE, marca Old Spice, caja x10, línea Procter."
5010,HS SH SACHET ANTIITCH 10ML,"Cuidado de cabello HS SH SACHET ANTIITCH 10ML, marca Hs, caja x576, línea Procter."
5011,HS SH SACHET ROMERO ANTICAIDA 10ML,"Cuidado de cabello HS SH SACHET ROMERO ANTICAIDA 10ML, marca Hs, caja x576, línea Procter."
508,COCA COLA x 1.5 CC,"Otros COCA COLA x 1.5 CC, marca Coca Cola, caja x6, línea Cepas."
509,PASO DE LOS TOROS POMELO x 1.5 L,"Otros PASO DE LOS TOROS POMELO x 1.5 L, marca Paso, caja x6, línea Cepas."
5106,ENCENDEDOR MINI BIC x 6uni.,"Encendedores bic ENCENDEDOR MINI BIC x 6uni., marca Encendedor, caja x44, línea Varios."
5107,ENCENDEDOR MAXI BIC x 6uni.,"Encendedores bic ENCENDEDOR MAXI BIC x 6uni., marca Encendedor, caja x44, línea Varios."
5108,ENCENDEDOR Bx7 OPACO x Uni.,"Encendedores bic ENCENDEDOR Bx7 OPACO x Uni., marca Encendedor, caja x600, línea Varios."
519,YM MAÑANITA BCP 75gr,"Yerbas YM MAÑANITA BCP 75gr, marca Ym, caja x10, línea Varios."
523,SEVEN UP x 1.5 L,"Otros SEVEN UP x 1.5 L, marca Seven, caja x6, línea Cepas."
550,PRESTO ULTRA GRIP X UNIDAD (NUEVA),"Desechables PRESTO ULTRA GRIP X UNIDAD (NUEVA), marca Presto, caja x576, línea Procter."
551,HS 375ml SH ANTICOMEZON,"Cuidado de cabello HS 375ml SH ANTICOMEZON, marca Hs, caja x12, línea Procter."
552,HS 180ml SH ANTICOMEZON,"Cuidado de cabello HS 180ml SH ANTICOMEZON, marca Hs, caja x12, línea Procter."
553,HS 650ml SH ANTICOMEZON,"Cuidado de cabello HS 650ml SH ANTICOMEZON, marca Hs, caja x10, línea Procter."
5600,FELFORT DOS CORAZONES 20 X 26 GRS,"Chocolate felfort FELFORT DOS CORAZONES 20 X 26 GRS, marca Felfort, caja x12, línea Varios."
5601,FELFORT TIVIS 20 X 25 GRS,"Chocolate felfort FELFORT TIVIS 20 X 25 GRS, marca Felfort, caja x12, línea Varios."
5602,FELFORT BOC. MARROC 60 X 14 GRS,"Chocolate felfort FELFORT BOC. MARROC 60 X 14 GRS, marca Felfort, caja x8, línea Varios."
5603,FELFORT MENTITAS 30 X 16 GRS,"Chocolate felfort FELFORT MENTITAS 30 X 16 GRS, marca Felfort, caja x12, línea Varios."
5605,FELFORT BOC. CERICET 24 X 19 GRS,"Chocolate felfort FELFORT BOC. CERICET 24 X 19 GRS, marca Felfort, caja x12, línea Varios."
5606,FELFORT DIABFORT X 50 GRS,"Chocolate felfort FELFORT DIABFORT X 50 GRS, marca Felfort, caja x240, línea Varios."
5607,FELFORT PIRATAS 60 X 5 GRS,"Chocolate felfort FELFORT PIRATAS 60 X 5 GRS, marca Felfort, caja x24, línea Varios."
5610,FELFORT PARAGUITAS 40 X 13 GRS,"Chocolate felfort FELFORT PARAGUITAS 40 X 13 GRS, marca Felfort, caja x12, línea Varios."
5611,FELFORT CHUPELATIN 32 X 15 GRS,"Chocolate felfort FELFORT CHUPELATIN 32 X 15 GRS, marca Felfort, caja x12, línea Varios."
5612,FELFORT BOMBON JACKELIN x 30u,"Chocolate felfort FELFORT BOMBON JACKELIN x 30u, marca Felfort, caja x12, línea Varios."
5618,FELFORT BANANINA 30 x15 GRS,"Chocolate felfort FELFORT BANANINA 30 x15 GRS, marca Felfort, caja x12, línea Varios."
5619,FELFORT BOMBON ORO HEXAGONAL x 150 GRS,"Chocolate felfort FELFORT BOMBON ORO HEXAGONAL x 150 GRS, marca Felfort, caja x6, línea Varios."
5620,FELFORT BOMBON MARROC HEXAGONAL x 176 GRS,"Chocolate felfort FELFORT BOMBON MARROC HEXAGONAL x 176 GRS, marca Felfort, caja x6, línea Varios."
5621,FELFORT BOC. DELICIA 48 X 10 GRS,"Chocolate felfort FELFORT BOC. DELICIA 48 X 10 GRS, marca Felfort, caja x12, línea Varios."
5622,FELFORT BOMBONERA ORO x 264 GRS,"Chocolate felfort FELFORT BOMBONERA ORO x 264 GRS, marca Felfort, caja x12, línea Varios."
5623,FELFORT BANANINA SPLIT 30 X 20 GRS,"Chocolate felfort FELFORT BANANINA SPLIT 30 X 20 GRS, marca Felfort, caja x12, línea Varios."
5639,FELFORT KOOKY BON x 30 uni,"Chocolate felfort FELFORT KOOKY BON x 30 uni, marca Felfort, caja x12, línea Varios."
5647,FELFORT BOC. MARROC 20 X 14 GRS,"Chocolate felfort FELFORT BOC. MARROC 20 X 14 GRS, marca Felfort, caja x24, línea Varios."
5648,FELFORT PARAGUITAS 20 X 13 GRS,"Chocolate felfort FELFORT PARAGUITAS 20 X 13 GRS, marca Felfort, caja x24, línea Varios."
5649,FELFORT BOC. CERICET 12 X 19 GRS,"Chocolate felfort FELFORT BOC. CERICET 12 X 19 GRS, marca Felfort, caja x24, línea Varios."
5650,FELFORT BOMBON JACKELIN x 15u,"Chocolate felfort FELFORT BOMBON JACKELIN x 15u, marca Felfort, caja x24, línea Varios."
5677,PAMPERS BABYSAN XG X32,"Pañales PAMPERS BABYSAN XG X32, marca Pampers, caja x4, línea Procter."
5710,TABACO LAS HOJAS X 50g,"Tabaco TABACO LAS HOJAS X 50g, marca Tabaco, caja x100, línea Varios."
5713,TABACO DON JOSE X 50g,"Tabaco TABACO DON JOSE X 50g, marca Tabaco, caja x100, línea Varios."
5715,TABACO ACHALAY X 40g MENTA,"Tabaco TABACO ACHALAY X 40g MENTA, marca Tabaco, caja x100, línea Varios."
5716,TABACO PACHAMAMA X 30g,"Tabaco TABACO PACHAMAMA X 30g, marca Tabaco, caja x130, línea Varios."
5717,TABACO ACHALAY X 40g,"Tabaco TABACO ACHALAY X 40g, marca Tabaco, caja x100, línea Varios."
5720,PAPEL DR PIN UNBLEACH 78MM X50,"Tabaco PAPEL DR PIN UNBLEACH 78MM X50, marca Papel, caja x500, línea Varios."
5721,PAPEL DR PIN CELULOSA 78mm X50un,"Tabaco PAPEL DR PIN CELULOSA 78mm X50un, marca Papel, caja x500, línea Varios."
5722,PAPEL DR PIN RED 78MM X50un (ROJO),"Tabaco PAPEL DR PIN RED 78MM X50un (ROJO), marca Papel, caja x500, línea Varios."
5723,PAPEL DR PIN ADVANCED 78MM X50un (NEGRO),"Tabaco PAPEL DR PIN ADVANCED 78MM X50un (NEGRO), marca Papel, caja x500, línea Varios."
5725,FILTRO Dr PIN SLIMS X 150u,"Tabaco FILTRO Dr PIN SLIMS X 150u, marca Filtro, caja x120, línea Varios."
5726,FILTRO Dr PIN REGULAR X 100u,"Tabaco FILTRO Dr PIN REGULAR X 100u, marca Filtro, caja x120, línea Varios."
5729,TABACO MAQUINA P/ARMAR Dr PIN,"Tabaco TABACO MAQUINA P/ARMAR Dr PIN, marca Tabaco, caja x240, línea Varios."
5730,COMBO TABACO + EXHIBIDOR,"Tabaco COMBO TABACO + EXHIBIDOR, marca Combo, línea Varios Lista mayorista ESEKA-U Córdoba."
6324,PAMPERS SPLASHERS P-M x12,"Pañales PAMPERS SPLASHERS P-M x12, marca Pampers, caja x8, línea Procter."
6325,PAMPERS SPLASHERS M-G x11,"Pañales PAMPERS SPLASHERS M-G x11, marca Pampers, caja x8, línea Procter."
6326,PAMPERS SPLASHERS G-XG x10,"Pañales PAMPERS SPLASHERS G-XG x10, marca Pampers, caja x8, línea Procter."
6514,ALWAYS NOCHES TRANQUILAS SUAVES X16,"Cuidado femenino ALWAYS NOCHES TRANQUILAS SUAVES X16, marca Always, caja x12, línea Procter."
7200,PAMPERS BABYDRY GDE X 72,"Pañales PAMPERS BABYDRY GDE X 72, marca Pampers, caja x2, línea Procter."
7201,PAMPERS BabyDry GDE X44,"Pañales PAMPERS BabyDry GDE X44, marca Pampers, caja x4, línea Procter."
7526,HS 180ml SH SENSITIVE (.),"Cuidado de cabello HS 180ml SH SENSITIVE (.), marca Hs, caja x12, línea Procter."
7527,HS 375ml SH SENSITIVE (.),"Cuidado de cabello HS 375ml SH SENSITIVE (.), marca Hs, caja x12, línea Procter."
7600,HS 180ml SH ROMERO ANTICAIDA,"Cuidado de cabello HS 180ml SH ROMERO ANTICAIDA, marca Hs, caja x12, línea Procter."
7603,HS 375ml SH CHARCOAL,"Cuidado de cabello HS 375ml SH CHARCOAL, marca Hs, caja x12, línea Procter."
7610,HS 180ml SH NUTRICION PROFUNDA,"Cuidado de cabello HS 180ml SH NUTRICION PROFUNDA, marca Hs, caja x12, línea Procter."
7611,HS 180ml SH CHARCOAL,"Cuidado de cabello HS 180ml SH CHARCOAL, marca Hs, caja x12, línea Procter."
7614,HS 180ml SH MEN OLD SPICE,"Cuidado de cabello HS 180ml SH MEN OLD SPICE, marca Old Spice, caja x12, línea Procter."
7624,HS 300ml AC ARGAN,"Cuidado de cabello HS 300ml AC ARGAN, marca Hs, caja x12, línea Procter."
7626,HS 375ml SH ARGAN,"Cuidado de cabello HS 375ml SH ARGAN, marca Hs, caja x12, línea Procter."
7631,HS 375ml SH MEN 3 EN 1,"Cuidado de cabello HS 375ml SH MEN 3 EN 1, marca Hs, caja x12, línea Procter."
7633,HS 375ml SH MEN OLD SPICE,"Cuidado de cabello HS 375ml SH MEN OLD SPICE, marca Old Spice, caja x12, línea Procter."
7636,HS 375ml SH MANZANA FRESH,"Cuidado de cabello HS 375ml SH MANZANA FRESH, marca Hs, caja x12, línea Procter."
7637,HS 375ML SH ROMERO ANTICAIDA,"Cuidado de cabello HS 375ML SH ROMERO ANTICAIDA, marca Hs, caja x12, línea Procter."
7646,MAGISTRAL PLATINUM LIMON VERDE 750ML,"Lavavajillas MAGISTRAL PLATINUM LIMON VERDE 750ML, marca Magistral, caja x18, línea Dreamco."
7647,HS 180ml SH MEN 3 EN 1,"Cuidado de cabello HS 180ml SH MEN 3 EN 1, marca Hs, caja x12, línea Procter."
7648,HS 650ml SH CHARCOAL,"Cuidado de cabello HS 650ml SH CHARCOAL, marca Hs, caja x10, línea Procter."
7649,HS 180ml SH MANZANA FRESH,"Cuidado de cabello HS 180ml SH MANZANA FRESH, marca Hs, caja x12, línea Procter."
7650,HS 180ml SH ARGAN,"Cuidado de cabello HS 180ml SH ARGAN, marca Hs, caja x12, línea Procter."
779,SUEROX PACK MIXTO X6,"Bebidas no alcoholicas SUEROX PACK MIXTO X6, marca Suerox, línea Varios."
780,PILA AA TIRA X 6 DURACELL,"Pilas PILA AA TIRA X 6 DURACELL, marca Ace, caja x20, línea Varios."
781,PILA AAA TIRA X6 DURACELL,"Pilas PILA AAA TIRA X6 DURACELL, marca Ace, caja x20, línea Varios."
791,CAJA NAVIDEÑA GRANDE..,"Fiestas CAJA NAVIDEÑA GRANDE.., marca Caja, línea Varios Lista mayorista ESEKA-U Córdoba."
8000,PASTA ORAL-B KIDS 50g MICKEY-MINNIE,"Cuidado bucal PASTA ORAL-B KIDS 50g MICKEY-MINNIE, marca Oral-B, caja x24, línea Procter."
8002,PASTA ORAL-B KIDS 75g DISNEY,"Cuidado bucal PASTA ORAL-B KIDS 75g DISNEY, marca Oral-B, caja x12, línea Procter."
8003,EXHIBIDOR DURACELL 10 GANCHOS,"Exhibidores EXHIBIDOR DURACELL 10 GANCHOS, marca Ace, línea Varios Lista mayorista ESEKA-U Córdoba."
8006,PASTA ORAL-B 70g 123,"Cuidado bucal PASTA ORAL-B 70g 123, marca Oral-B, caja x48, línea Procter."
8007,PASTA ORAL-B 70g 4en1,"Cuidado bucal PASTA ORAL-B 70g 4en1, marca Oral-B, caja x48, línea Procter."
8009,PASTA ORAL-B 70g 100%,"Cuidado bucal PASTA ORAL-B 70g 100%, marca Oral-B, caja x24, línea Procter."
8010,PASTA ORAL-B 70g EXTRA BLANCURA,"Cuidado bucal PASTA ORAL-B 70g EXTRA BLANCURA, marca Oral-B, caja x48, línea Procter."
8013,VENUS 3 Sensitive con Skin Elixir X4,"Sistemas VENUS 3 Sensitive con Skin Elixir X4, marca Venus, caja x6, línea Procter."
8018,PASTA ORAL-B 180g EXTRA BLANCURA,"Cuidado bucal PASTA ORAL-B 180g EXTRA BLANCURA, marca Oral-B, caja x24, línea Procter."
8026,PASTA ORAL-B 175g 100%,"Cuidado bucal PASTA ORAL-B 175g 100%, marca Oral-B, caja x24, línea Procter."
8027,PASTA ORAL-B 180g 4en1,"Cuidado bucal PASTA ORAL-B 180g 4en1, marca Oral-B, caja x24, línea Procter."
8052,HERB Grapefruit & Mosa ACOND,"Cuidado de cabello HERB Grapefruit & Mosa ACOND, marca Herb, caja x6, línea Procter."
8093,MACH3 CART. CARBONO x 4 UNID.,"Sistemas MACH3 CART. CARBONO x 4 UNID., marca Mach3, caja x72, línea Procter."
8098,FUSION CART. PRO SHIP x 2 UNID.,"Sistemas FUSION CART. PRO SHIP x 2 UNID., marca Fusion, caja x10, línea Procter."
8099,FUSION MAQ. PRO SHIP x 1 UNID (.),"Sistemas FUSION MAQ. PRO SHIP x 1 UNID (.), marca Fusion, caja x6, línea Procter."
8105,CEP. ORAL-B 123 x1,"Cuidado bucal CEP. ORAL-B 123 x1, marca Oral-B, caja x36, línea Procter."
8106,CEP. ORAL-B 123 x2,"Cuidado bucal CEP. ORAL-B 123 x2, marca Oral-B, caja x36, línea Procter."
8107,CEP. ORAL-B 123 x4,"Cuidado bucal CEP. ORAL-B 123 x4, marca Oral-B, caja x36, línea Procter."
8109,CEP. ORAL-B INDICATOR x1,"Cuidado bucal CEP. ORAL-B INDICATOR x1, marca Oral-B, caja x36, línea Procter."
8110,CEP. ORAL-B INDICATOR 35M x1,"Cuidado bucal CEP. ORAL-B INDICATOR 35M x1, marca Oral-B, caja x36, línea Procter."
8112,CEP. ORAL-B INDICATOR 35M x3,"Cuidado bucal CEP. ORAL-B INDICATOR 35M x3, marca Oral-B, caja x36, línea Procter."
8113,CEP. ORAL-B INDICATOR 35M x4,"Cuidado bucal CEP. ORAL-B INDICATOR 35M x4, marca Oral-B, caja x36, línea Procter."
8115,CEP. ORAL-B INDICATOR EXTRA SOFT 35ES x2,"Cuidado bucal CEP. ORAL-B INDICATOR EXTRA SOFT 35ES x2, marca Oral-B, caja x36, línea Procter."
8116,CEP. ORAL-B INDICATOR CHARCOAL 35ES x2,"Cuidado bucal CEP. ORAL-B INDICATOR CHARCOAL 35ES x2, marca Oral-B, caja x36, línea Procter."
8140,CEP. ORAL-B MICKEY x1,"Cuidado bucal CEP. ORAL-B MICKEY x1, marca Oral-B, caja x36, línea Procter."
8141,CEP. ORAL-B MICKEY x2,"Cuidado bucal CEP. ORAL-B MICKEY x2, marca Oral-B, caja x36, línea Varios."
8161,CEP. ORAL-B ELECTRICO KIDs CARS,"Cuidado bucal CEP. ORAL-B ELECTRICO KIDs CARS, marca Oral-B, caja x12, línea Procter."
8162,CEP. ORAL-B ELECTRICO KIDs PRINCESS,"Cuidado bucal CEP. ORAL-B ELECTRICO KIDs PRINCESS, marca Oral-B, caja x12, línea Procter."
8170,CEP. ORAL-B REPUESTO ELECTRICO,"Cuidado bucal CEP. ORAL-B REPUESTO ELECTRICO, marca Oral-B, caja x12, línea Procter."
8171,CEP. ORAL-B REPUESTO ELECTRICO CARS,"Cuidado bucal CEP. ORAL-B REPUESTO ELECTRICO CARS, marca Oral-B, caja x12, línea Procter."
8172,CEP. ORAL-B REPUESTO ELECTRICO PRINCESS,"Cuidado bucal CEP. ORAL-B REPUESTO ELECTRICO PRINCESS, marca Oral-B, caja x12, línea Procter."
8211,PAMPERS BABY DRY XG 36UN,"Pañales PAMPERS BABY DRY XG 36UN, marca Pampers, caja x4, línea Procter."
8273,PAMPERS BABYDRY XXGDE X8,"Pañales PAMPERS BABYDRY XXGDE X8, marca Pampers, caja x16, línea Procter."
8285,ALWAYS XTRA DOBLE PROT SUAVE X 8 UNID,"Cuidado femenino ALWAYS XTRA DOBLE PROT SUAVE X 8 UNID, marca Always, caja x16, línea Procter."
8576,PAMPERS BABYSAN HA MED X10,"Pañales PAMPERS BABYSAN HA MED X10, marca Pampers, caja x16, línea Procter."
8584,PAMPERS BABYDRY XXG X34,"Pañales PAMPERS BABYDRY XXG X34, marca Pampers, caja x4, línea Procter."
875,ESTUCHE VIZZIO BONAFIDE X 70 GR,"Chocolate bonafide ESTUCHE VIZZIO BONAFIDE X 70 GR, marca Bonafide, caja x36, línea Varios."
8752,VENUS MAQ. TROPICAL X 3UNID.,"Sistemas VENUS MAQ. TROPICAL X 3UNID., marca Venus, caja x8, línea Procter."
8762,MAGISTRAL DISH ABRILLANTADOR 500ml,"Detergentes MAGISTRAL DISH ABRILLANTADOR 500ml, marca Magistral, caja x12, línea Dreamco."
880,Downy Bot Brisa Suave 350ml--,"Suavizante Downy Bot Brisa Suave 350ml--, marca Downy, caja x12, línea Procter."
881,Downy Bot Brisa De Verano 350ml--,"Suavizante Downy Bot Brisa De Verano 350ml--, marca Downy, caja x12, línea Procter."
882,DOWNY 450ml MISTICO,"Suavizante DOWNY 450ml MISTICO, marca Downy, caja x12, línea Procter."
885,DOWNY 900ml MISTICO,"Suavizante DOWNY 900ml MISTICO, marca Downy, caja x12, línea Procter."
886,DOWNY 900ml ADORABLE (.),"Suavizante DOWNY 900ml ADORABLE (.), marca Downy, caja x12, línea Procter."
890,DOWNY 450ml ADORABLE (.),"Suavizante DOWNY 450ml ADORABLE (.), marca Downy, caja x12, línea Procter."
9087,PRIME WARNING,"Latex PRIME WARNING, marca Prime, caja x24, línea Varios Lista mayorista ESEKA-U Córdoba."
9089,PRIME ORGAZMAX,"Latex PRIME ORGAZMAX, marca Prime, caja x12, línea Varios Lista mayorista ESEKA-U Córdoba."
9595,MACH3 CART. BASE X 8 UNID,"Sistemas MACH3 CART. BASE X 8 UNID, marca Mach3, caja x36, línea Procter."
9696,ORAL-B REPUESTO INERDENTAL CONICO X 6 UNID (.),"Cuidado bucal ORAL-B REPUESTO INERDENTAL CONICO X 6 UNID (.), marca Oral-B, caja x24, línea Procter."
9861,SECRET ANT. STICK COCONUT 45g--,"Desodorantes SECRET ANT. STICK COCONUT 45g--, marca Secret, caja x12, línea Procter."
9862,SECRET ANT. STICK PH BALANCEADO 45g--,"Desodorantes SECRET ANT. STICK PH BALANCEADO 45g--, marca Secret, caja x12, línea Procter."
9871,SECRET GEL COCONUT 45g--,"Desodorantes SECRET GEL COCONUT 45g--, marca Secret, caja x12, línea Procter."
9873,SECRET GEL PH BALANCEADO 45g--,"Desodorantes SECRET GEL PH BALANCEADO 45g--, marca Secret, caja x12, línea Procter."
9874,SECRET CLINICAL GEL PH BALANCEADO 45g--,"Desodorantes SECRET CLINICAL GEL PH BALANCEADO 45g--, marca Secret, caja x12, línea Procter."
9880,SECRET CLINICAL STRENGTH FRESH RESPONSE 45g--,"Desodorantes SECRET CLINICAL STRENGTH FRESH RESPONSE 45g--, marca Secret, caja x12, línea Procter."
9896,PAMPERS Deluxe Prot RN PLUS x56,"Pañales PAMPERS Deluxe Prot RN PLUS x56, marca Pampers, caja x4, línea Procter."
9897,PAMPERS RN BABY DRY x36,"Pañales PAMPERS RN BABY DRY x36, marca Pampers, caja x4, línea Procter."
12104,MUMU KIDS SABOR CHOCOLATE x 15 gr x 24un,"Golosinas importadora MUMU KIDS SABOR CHOCOLATE x 15 gr x 24un, marca Mumu, caja x4, línea Varios."
12105,MUMU KIDS SABOR VAINILLA 15 gr x 24un,"Golosinas importadora MUMU KIDS SABOR VAINILLA 15 gr x 24un, marca Mumu, caja x4, línea Varios."
18705,Girotondo Vainilla con chips sabor chocolate 214g,"Panificacion Girotondo Vainilla con chips sabor chocolate 214g, marca Girotondo, caja x16, línea Dreamco."
10035,PRONTO SHAKE 473ml 4.2º,"Rtd PRONTO SHAKE 473ml 4.2º, marca Pronto, caja x24, línea Cepas."
10036,PRONTO BITT 473ml 4.5º,"Rtd PRONTO BITT 473ml 4.5º, marca Pronto, caja x24, línea Cepas."
10040,DR LEMON 1L VODKA 5º - Sin Tacc,"Lemon DR LEMON 1L VODKA 5º - Sin Tacc, marca Dr Lemon, caja x12, línea Cepas."
10041,DR LEMON 1L VODKA CON NARANJA 5°,"Lemon DR LEMON 1L VODKA CON NARANJA 5°, marca Dr Lemon, caja x12, línea Cepas."
10043,DR LEMON 473ml VODKA 5º,"Lemon DR LEMON 473ml VODKA 5º, marca Dr Lemon, caja x24, línea Cepas."
10045,DR LEMON 473ml VODKA POMELO 5º,"Lemon DR LEMON 473ml VODKA POMELO 5º, marca Dr Lemon, caja x24, línea Cepas."
10047,"DR LEMON 1L VODKA POMELO 5,5% x12 - ST","Lemon DR LEMON 1L VODKA POMELO 5,5% x12 - ST, marca Dr Lemon, caja x12, línea Cepas."
10053,FERNET 1882 750ml,"Fernet FERNET 1882 750ml, marca Fernet, caja x6, línea Cepas."
10054,FERNET 1882 450ml,"Fernet FERNET 1882 450ml, marca Fernet, caja x6, línea Cepas."
10055,FERNET 1882 473ml CON POMELO,"Rtd FERNET 1882 473ml CON POMELO, marca Fernet, caja x24, línea Cepas."
10056,FERNET 1882 473ml CON COLA,"Rtd FERNET 1882 473ml CON COLA, marca Fernet, caja x24, línea Cepas."
10071,WHISKY FIREBALL 120x50ml,"Alto grado WHISKY FIREBALL 120x50ml, marca Whisky, caja x120, línea Cepas."
10072,GREY GOOSE VODKA 750,"Alto grado GREY GOOSE VODKA 750, marca Grey, caja x6, línea Cepas."
10073,WHISKY 1792 SMALL BATCH BOURBON 6x750,"Alto grado WHISKY 1792 SMALL BATCH BOURBON 6x750, marca Whisky, caja x6, línea Cepas."
10074,WHISKY EARLY TIMES WHITE 12x700,"Alto grado WHISKY EARLY TIMES WHITE 12x700, marca Whisky, caja x12, línea Cepas."
10075,WHISKY FIREBALL 12x750ml,"Alto grado WHISKY FIREBALL 12x750ml, marca Whisky, caja x12, línea Cepas."
10076,VODKA ERISTOFF 700ml,"Alto grado VODKA ERISTOFF 700ml, marca Vodka, caja x12, línea Cepas."
10077,VODKA NIKOV TRADICIONAL 1L,"Alto grado VODKA NIKOV TRADICIONAL 1L, marca Vodka, caja x6, línea Cepas."
10081,GIN BOMBAY 750ml SAPPHIRE,"Alto grado GIN BOMBAY 750ml SAPPHIRE, marca Gin, caja x12, línea Cepas."
10082,GIN BOMBAY 700ml BRAMBLE,"Alto grado GIN BOMBAY 700ml BRAMBLE, marca Gin, caja x6, línea Cepas."
1009,PILA BATERIA 9V X UNI DURACELL,"Pilas PILA BATERIA 9V X UNI DURACELL, marca Ace, caja x48, línea Varios."
10105,TERMA CITRUS CERO PET 1.35L,"Terma TERMA CITRUS CERO PET 1.35L, marca Terma, caja x12, línea Cepas."
10106,TERMA POMELO CERO PET 1.35L,"Terma TERMA POMELO CERO PET 1.35L, marca Terma, caja x12, línea Cepas."
10107,TERMA POMELO PET 1.35L,"Terma TERMA POMELO PET 1.35L, marca Terma, caja x12, línea Cepas."
10108,TERMA CITRUS 1.35L,"Terma TERMA CITRUS 1.35L, marca Terma, caja x12, línea Cepas."
10109,TERMA SERRANO PET 1.35L,"Terma TERMA SERRANO PET 1.35L, marca Terma, caja x12, línea Cepas."
10110,TERMA SERRANO CERO PET 1.35L,"Terma TERMA SERRANO CERO PET 1.35L, marca Terma, caja x12, línea Cepas."
10111,TERMA PATAGONICO PET 1.35L,"Terma TERMA PATAGONICO PET 1.35L, marca Terma, caja x12, línea Cepas."
10112,TERMA CUYANO PET 1.35L,"Terma TERMA CUYANO PET 1.35L, marca Terma, caja x12, línea Cepas."
10113,TERMA CUYANO CERO PET 1.35L,"Terma TERMA CUYANO CERO PET 1.35L, marca Terma, caja x12, línea Cepas."
10114,TERMA LIMON PET 1.35L,"Terma TERMA LIMON PET 1.35L, marca Terma, caja x12, línea Cepas."
10115,TERMA LIMON CERO PET 1.35L,"Terma TERMA LIMON CERO PET 1.35L, marca Terma, caja x12, línea Cepas."
10116,TERMA POMELO ROSADO PET 1.35L,"Terma TERMA POMELO ROSADO PET 1.35L, marca Terma, caja x12, línea Cepas."
10117,TERMA MANZANA CERO 1.35L,"Terma TERMA MANZANA CERO 1.35L, marca Terma, caja x12, línea Cepas."
10118,TERMA POMELO ROSADO CERO PET 1.35L,"Terma TERMA POMELO ROSADO CERO PET 1.35L, marca Terma, caja x12, línea Cepas."
10119,TERMA PATAGONICO CERO 1.35L,"Terma TERMA PATAGONICO CERO 1.35L, marca Terma, caja x12, línea Cepas."
10122,TRES TORRES 1.5L BLANCO PET,"Amargos value TRES TORRES 1.5L BLANCO PET, marca Tres, caja x12, línea Cepas."
10124,TRES TORRES 1.5L POMELO ROSADO,"Amargos value TRES TORRES 1.5L POMELO ROSADO, marca Tres, caja x12, línea Cepas."
10127,TACCONI 1.5L BLANCO PET,"Amargos value TACCONI 1.5L BLANCO PET, marca Tacconi, caja x12, línea Cepas."
10132,SPRITE x 1.5 CC,"Otros SPRITE x 1.5 CC, marca Sprite, caja x6, línea Cepas."
10148,OMNIUM MALBEC 750ml,"Vinos OMNIUM MALBEC 750ml, marca Omnium, caja x6, línea Cepas."
10149,OMNIUM CABERNET SAUV. 750ml,"Vinos OMNIUM CABERNET SAUV. 750ml, marca Omnium, caja x6, línea Cepas."
10150,OMNIUM CHARDONNAY 750ml,"Vinos OMNIUM CHARDONNAY 750ml, marca Omnium, caja x6, línea Cepas."
10155,SERIE TERRA MALBEC 750CC,"Vinos SERIE TERRA MALBEC 750CC, marca Serie, caja x6, línea Cepas."
10157,SERIE TERRA CABERNET SAUV. 750CC,"Vinos SERIE TERRA CABERNET SAUV. 750CC, marca Serie, caja x6, línea Cepas."
10158,SERIE TERRA CHARDONNAY 6 X 750CC,"Vinos SERIE TERRA CHARDONNAY 6 X 750CC, marca Serie, caja x6, línea Cepas."
10160,SELECCION SUC. A.M.TORINO TINTO TAPA ROSCA 700ml,"Vinos SELECCION SUC. A.M.TORINO TINTO TAPA ROSCA 700ml, marca Seleccion, caja x6, línea Cepas."
10161,SELECCION SUC. A.M.TORINO BLANCO TAPA ROSCA 700ml,"Vinos SELECCION SUC. A.M.TORINO BLANCO TAPA ROSCA 700ml, marca Seleccion, caja x6, línea Cepas."
10163,SELECCION SUC. A.M.TORINO ABOCADO TINTO TAPA,"Vinos SELECCION SUC. A.M.TORINO ABOCADO TINTO TAPA, marca Seleccion, caja x6, línea Cepas."
10165,SELECCION SUC. A.M.TORINO TINTO BOTELLON 1.12,"Vinos SELECCION SUC. A.M.TORINO TINTO BOTELLON 1.12, marca Seleccion, caja x6, línea Cepas."
10166,SELECCION SUC. A.M.TORINO TINTO TAPA ROSCA 1.125L,"Vinos SELECCION SUC. A.M.TORINO TINTO TAPA ROSCA 1.125L, marca Seleccion, caja x6, línea Cepas."
10167,NO TAN SANTOS TINTO x1.125cc,"Vinos NO TAN SANTOS TINTO x1.125cc, marca No, caja x6, línea Cepas."
10171,VINITERRA MALBEC 750ml,"Vinos VINITERRA MALBEC 750ml, marca Viniterra, caja x6, línea Cepas."
10172,VINITERRA CABERNET SAUV 750ml,"Vinos VINITERRA CABERNET SAUV 750ml, marca Viniterra, caja x6, línea Cepas."
10177,MALBEC SINGLE VINEYARD 750ml,"Vinos MALBEC SINGLE VINEYARD 750ml, marca Malbec, caja x6, línea Cepas."
10212,SELECT VINITERRA MALBEC 750ml,"Vinos SELECT VINITERRA MALBEC 750ml, marca Select, caja x6, línea Cepas."
10228,DR LEMON 473ml GIN&TONIC,"Lemon DR LEMON 473ml GIN&TONIC, marca Dr Lemon, caja x24, línea Cepas."
10232,TRES TORRES 2L POMELO ROSADO,"Amargos value TRES TORRES 2L POMELO ROSADO, marca Tres, caja x6, línea Cepas."
10240,MI CHANCES MALBEC-CABERNET 750cc,"Vinos MI CHANCES MALBEC-CABERNET 750cc, marca Mi, caja x6, línea Cepas."
10241,MI CHANCES MALBEC-BONARDA 750cc,"Vinos MI CHANCES MALBEC-BONARDA 750cc, marca Mi, caja x6, línea Cepas."
10242,MI CHANCES TORRON-CHENIN-MALB DUL 750cc,"Vinos MI CHANCES TORRON-CHENIN-MALB DUL 750cc, marca Mi, caja x6, línea Cepas."
10243,MI CHANCES TORRON-CHENIN DUL 750cc,"Vinos MI CHANCES TORRON-CHENIN DUL 750cc, marca Mi, caja x6, línea Cepas."
1048,GILLETTE DAISY MUJER X2 UNI BOLSA,"Desechables GILLETTE DAISY MUJER X2 UNI BOLSA, marca Gillette, caja x36, línea Procter."
1068,PANTENE 200ml SH DETOX,"Cuidado de cabello PANTENE 200ml SH DETOX, marca Pantene, caja x12, línea Procter."
1079,PANTENE 200ml SH LISO INFINITO,"Cuidado de cabello PANTENE 200ml SH LISO INFINITO, marca Pantene, caja x12, línea Procter."
1086,DOWNY BRISA INTENSO 350ML,"Suavizante DOWNY BRISA INTENSO 350ML, marca Downy, caja x12, línea Procter."
1088,ALWAYS Triple Protec Dia Seca 8 UNI.,"Cuidado femenino ALWAYS Triple Protec Dia Seca 8 UNI., marca Always, caja x24, línea Procter."
11042,YM LA MERCED CAMPO-MONTE 1/2 kg,"Yerbas YM LA MERCED CAMPO-MONTE 1/2 kg, marca Ym, caja x6, línea Varios."
11045,YM LA MERCED MONTE 1/2 kg,"Yerbas YM LA MERCED MONTE 1/2 kg, marca Ym, caja x6, línea Varios."
1107,PANTENE 200ml SH COLAGENO,"Cuidado de cabello PANTENE 200ml SH COLAGENO, marca Pantene, caja x12, línea Procter."
11190,TARAGUI MATE LISTO,"Especiales TARAGUI MATE LISTO, marca Taragui, caja x12, línea Varios."
11191,TARAGUI BOTELLA TERMICA,"Especiales TARAGUI BOTELLA TERMICA, marca Taragui, caja x6, línea Varios."
11200,TE TARAGUI FILTRO ESPEC S/E 25saq,"Te TE TARAGUI FILTRO ESPEC S/E 25saq, marca Taragui, caja x10, línea Varios."
11201,TE TARAGUI FILTRO ESPEC S/E 50saq,"Te TE TARAGUI FILTRO ESPEC S/E 50saq, marca Taragui, caja x10, línea Varios."
11202,TE TARAGUI FILTRO ESPEC S/E100saq,"Te TE TARAGUI FILTRO ESPEC S/E100saq, marca Taragui, caja x5, línea Varios."
11203,TE TARAGUI LIMON Y MIEL,"Te TE TARAGUI LIMON Y MIEL, marca Taragui, caja x6, línea Varios."
11230,DOWNY 500ml BRISA INTENSO,"Suavizante DOWNY 500ml BRISA INTENSO, marca Downy, caja x12, línea Procter."
11234,DOWNY 1L BRISA INTENSO,"Suavizante DOWNY 1L BRISA INTENSO, marca Downy, caja x12, línea Procter."
11250,TE TARAGUI VERDE,"Te TE TARAGUI VERDE, marca Taragui, caja x6, línea Varios."
11253,TE TARAGUI FRUTOS ROJOS,"Te TE TARAGUI FRUTOS ROJOS, marca Taragui, caja x6, línea Varios."
11256,TE TARAGUI SILVESTRE BOLDO,"Te TE TARAGUI SILVESTRE BOLDO, marca Taragui, caja x6, línea Varios."
11259,TE TARAGUI SILVESTRE MEZCLA DIGESTIVAS,"Te TE TARAGUI SILVESTRE MEZCLA DIGESTIVAS, marca Taragui, caja x6, línea Varios."
11300,PRINGLES ORIGINAL x 104GR,"Panificacion PRINGLES ORIGINAL x 104GR, marca Pringles, caja x18, línea Varios."
11301,PRINGLES CREMA&CEBOLLA x 109GR,"Panificacion PRINGLES CREMA&CEBOLLA x 109GR, marca Pringles, caja x18, línea Varios."
11302,PRINGLES QUESO x 109GR,"Panificacion PRINGLES QUESO x 109GR, marca Pringles, caja x18, línea Varios."
11329,CHOCO KRISPIS x 185GR,"Cereales CHOCO KRISPIS x 185GR, marca Choco, caja x16, línea Varios."
11340,OBLEA CHOCOLATE X78GR,"Panificacion OBLEA CHOCOLATE X78GR, marca Oblea, caja x30, línea Varios."
11341,B-TOSTADA CLASICA X142GR,"Panificacion B-TOSTADA CLASICA X142GR, marca B-Tostada, caja x36, línea Varios."
11342,B-TOSTADA INTEGRAL X142GR,"Panificacion B-TOSTADA INTEGRAL X142GR, marca B-Tostada, caja x36, línea Varios."
11345,COOKIES ORIGINAL X60GR,"Panificacion COOKIES ORIGINAL X60GR, marca Cookies, caja x24, línea Varios."
11347,COOKIES CHOCOLATE X60GR,"Panificacion COOKIES CHOCOLATE X60GR, marca Cookies, caja x24, línea Varios."
11348,OBLEA FRUTILLA X78GR,"Panificacion OBLEA FRUTILLA X78GR, marca Oblea, caja x30, línea Varios."
11356,DR LEMON 473ml TROPICAL GIN 5%,"Lemon DR LEMON 473ml TROPICAL GIN 5%, marca Dr Lemon, caja x24, línea Cepas."
114,PANTENE 300ml SH COLAGENO,"Cuidado de cabello PANTENE 300ml SH COLAGENO, marca Pantene, caja x12, línea Procter."
11475,PANTENE 200ml AC COLAGENO,"Cuidado de cabello PANTENE 200ml AC COLAGENO, marca Pantene, caja x12, línea Procter."
11487,GUANTE LATEX PATITO CHICO,"Limpieza GUANTE LATEX PATITO CHICO, marca Guante, caja x144, línea Varios."
115,PANTENE 250ml AC COLAGENO,"Cuidado de cabello PANTENE 250ml AC COLAGENO, marca Pantene, caja x12, línea Procter."
11515,KINDER BARRITA BUENO DARK,"Chocolate KINDER BARRITA BUENO DARK, marca Kinder, caja x120, línea Varios."
1154,VENUS ROSA CARTEL 8 x UNID,"Desechables VENUS ROSA CARTEL 8 x UNID, marca Venus, caja x80, línea Procter."
11541,KINDER BARRITA T1 x 12.5grs,"Chocolate KINDER BARRITA T1 x 12.5grs, marca Kinder, caja x192, línea Varios."
11542,KINDER BARRITA T4 x 50grs,"Chocolate KINDER BARRITA T4 x 50grs, marca Kinder, caja x160, línea Varios."
11545,KINDER BARRITA MAXI x Unid.,"Chocolate KINDER BARRITA MAXI x Unid., marca Kinder, caja x280, línea Varios."
11546,KINDER BARRITA BUENO x 39grs,"Chocolate KINDER BARRITA BUENO x 39grs, marca Kinder, caja x60, línea Varios."
11547,KINDER BARRITA BUENO WHITE x 39grs,"Chocolate KINDER BARRITA BUENO WHITE x 39grs, marca Kinder, caja x60, línea Varios."
11571,NUTELA x 140grs,"Chocolate NUTELA x 140grs, marca Nutela, caja x10, línea Varios."
11572,NUTELA x 350grs,"Chocolate NUTELA x 350grs, marca Nutela, caja x12, línea Varios."
11573,NUTELA x 650grs,"Chocolate NUTELA x 650grs, marca Nutela, caja x6, línea Varios."
11575,NUTELA B-READY x 22grs,"Chocolate NUTELA B-READY x 22grs, marca Nutela, caja x40, línea Varios."
11576,NUTELA B-READY X22gr T6x16,"Chocolate NUTELA B-READY X22gr T6x16, marca Nutela, caja x16, línea Varios."
116,PANTENE 300ml SH KERATINA,"Cuidado de cabello PANTENE 300ml SH KERATINA, marca Pantene, caja x12, línea Procter."
11600,GILLETTE ANT.GEL ANTIBACTERIAL x 82 grs--,"Desodorantes GILLETTE ANT.GEL ANTIBACTERIAL x 82 grs--, marca Gillette, caja x12, línea Procter."
11601,GILLETTE ANT.GEL COOL WAVE x 82 grs--,"Desodorantes GILLETTE ANT.GEL COOL WAVE x 82 grs--, marca Gillette, caja x12, línea Procter."
11602,GILLETTE ANT.GEL PWR RUSH x 82 grs--,"Desodorantes GILLETTE ANT.GEL PWR RUSH x 82 grs--, marca Gillette, caja x12, línea Procter."
11604,GILLETTE CLINICAL GEL COOLWAVE x 45 grs--,"Desodorantes GILLETTE CLINICAL GEL COOLWAVE x 45 grs--, marca Gillette, caja x12, línea Procter."
11650,REPELENTE AEROSOL INSECT FREE 150ML,"Repelente REPELENTE AEROSOL INSECT FREE 150ML, marca Repelente, caja x24, línea Varios."
11685,GUANTE LATEX PATITO GDE,"Limpieza GUANTE LATEX PATITO GDE, marca Guante, caja x144, línea Varios."
11686,GUANTE LATEX PATITO MED,"Limpieza GUANTE LATEX PATITO MED, marca Guante, caja x144, línea Varios."
1169,PANTENE 200ml AC VOLUMEN,"Cuidado de cabello PANTENE 200ml AC VOLUMEN, marca Pantene, caja x12, línea Procter."
117,PANTENE ANTICAIDA TONIC 52ML,"Cuidado de cabello PANTENE ANTICAIDA TONIC 52ML, marca Pantene, caja x9, línea Procter."
11796,ALLWAYS XTRA TRIPLE PROTECCION SECA X8,"Cuidado femenino ALLWAYS XTRA TRIPLE PROTECCION SECA X8, marca Allways, caja x24, línea Procter."
11799,ALWAYS XTRA TRIPLE PROTECCION SECA X16,"Cuidado femenino ALWAYS XTRA TRIPLE PROTECCION SECA X16, marca Always, caja x12, línea Procter."
118,PANTENE 250ml AC KERATINA,"Cuidado de cabello PANTENE 250ml AC KERATINA, marca Pantene, caja x12, línea Procter."
11803,ALWAYS XTRA DOBLE PROTECCION SECA X16,"Cuidado femenino ALWAYS XTRA DOBLE PROTECCION SECA X16, marca Always, caja x12, línea Procter."
11805,ALWAYS PROTECTORES DIARIOS X80 UN (.),"Cuidado femenino ALWAYS PROTECTORES DIARIOS X80 UN (.), marca Always, caja x12, línea Procter."
11806,ALWAYS PROTECTORES DIARIOS RESP. X40 UN (.),"Cuidado femenino ALWAYS PROTECTORES DIARIOS RESP. X40 UN (.), marca Always, caja x24, línea Procter."
11902,PRINGLES ORIGINAL X 37GR,"Panificacion PRINGLES ORIGINAL X 37GR, marca Pringles, caja x12, línea Varios."
11903,PRINGLES CREMA & CEBOLLA x 39GR,"Panificacion PRINGLES CREMA & CEBOLLA x 39GR, marca Pringles, caja x12, línea Varios."
11925,Pampers Deluxe Protection Talle XXG 34,"Pañales Pampers Deluxe Protection Talle XXG 34, marca Pampers, caja x4, línea Procter."
11926,Pampers Deluxe Protection Talle XG 36 Un,"Pañales Pampers Deluxe Protection Talle XG 36 Un, marca Pampers, caja x4, línea Procter."
12002,ASEPXIA EXFOLIANTE CARBON x 120g,"Cosmetica ASEPXIA EXFOLIANTE CARBON x 120g, marca Asepxia, caja x25, línea Varios."
1201,PANTENE CREM. PEIN. COLAGENO x 300,"Cuidado de cabello PANTENE CREM. PEIN. COLAGENO x 300, marca Pantene, caja x12, línea Procter."
12069,TEATRICAL AGUA MICELAR HUMECTANTE x 600ml,"Cosmetica TEATRICAL AGUA MICELAR HUMECTANTE x 600ml, marca Teatrical, caja x12, línea Varios."
12080,NEXT JABON x 90G (.),"Cosmetica NEXT JABON x 90G (.), marca Next, caja x60, línea Varios."
12081,NEXT NEXT ABJABON 3 x 90g (.),"Cosmetica NEXT NEXT ABJABON 3 x 90g (.), marca Next, caja x20, línea Varios."
12082,NEXT JABON FRESH 90g TRIPACK (.),"Cosmetica NEXT JABON FRESH 90g TRIPACK (.), marca Next, caja x20, línea Varios."
12083,NEXT JABON CREMOSO 90g TRIPACK (.),"Cosmetica NEXT JABON CREMOSO 90g TRIPACK (.), marca Next, caja x20, línea Varios."
12084,NEXT JABON BALANCED CARE 90g TRIPACK (.),"Cosmetica NEXT JABON BALANCED CARE 90g TRIPACK (.), marca Next, caja x20, línea Varios."
12100,BIBS CON LECHE 40gr x 18un,"Golosinas importadora BIBS CON LECHE 40gr x 18un, marca Bibs, caja x4, línea Varios."
12102,BIBS STICK CHOCOLATE CON LECHE 32gr x 16un,"Golosinas importadora BIBS STICK CHOCOLATE CON LECHE 32gr x 16un, marca Bibs, caja x4, línea Varios."
12106,Chupetin Crazy Pop Tira Uva x5un,"Golosinas importadora Chupetin Crazy Pop Tira Uva x5un, marca Chupetin, caja x40, línea Varios."
12107,Chupetin Crazy Pop Tira Frutilla x5un,"Golosinas importadora Chupetin Crazy Pop Tira Frutilla x5un, marca Chupetin, caja x40, línea Varios."
12108,Chupetin Crazy Pop Tira Naranja x5un,"Golosinas importadora Chupetin Crazy Pop Tira Naranja x5un, marca Chupetin, caja x40, línea Varios."
12109,Chupetin Crazy Pop Tira Sandía x5un,"Golosinas importadora Chupetin Crazy Pop Tira Sandía x5un, marca Chupetin, caja x40, línea Varios."
12457,PRESERVATIVO M FORCE TEXTURIZ X3,"Latex m PRESERVATIVO M FORCE TEXTURIZ X3, marca Preservativo, caja x96, línea Varios."
1370,HOJA DE AFEITAR GILLETTE x 5 UNID.,"Sistemas HOJA DE AFEITAR GILLETTE x 5 UNID., marca Gillette, caja x480, línea Procter."
1387,ARIEL Liquido DELICATE POUCH X 3L,"Jab liquido ARIEL Liquido DELICATE POUCH X 3L, marca Ariel, caja x4, línea Dreamco."
1424,PRESTO 3 MUJER BLISTER X 2 UNID,"Desechables PRESTO 3 MUJER BLISTER X 2 UNID, marca Presto, caja x36, línea Procter."
1426,PRESTOBARBA 3 Sensitive BLISTER X 2,"Desechables PRESTOBARBA 3 Sensitive BLISTER X 2, marca Prestobarba, caja x72, línea Procter."
1427,PRESTOBARBA 3 Sensitive BLISTER X 4,"Desechables PRESTOBARBA 3 Sensitive BLISTER X 4, marca Prestobarba, caja x36, línea Procter."
1429,PRESTOBARBA 3 Sensitive BLISTER X 8,"Desechables PRESTOBARBA 3 Sensitive BLISTER X 8, marca Prestobarba, caja x18, línea Procter."
1430,PRESTO 3 BLISTER X 2 UNID,"Desechables PRESTO 3 BLISTER X 2 UNID, marca Presto, caja x72, línea Procter."
1431,PRESTO 3 BLISTER X 4 UNID,"Desechables PRESTO 3 BLISTER X 4 UNID, marca Presto, caja x36, línea Procter."
1435,PANTENE 200ml AC HIDRATACION..,"Cuidado de cabello PANTENE 200ml AC HIDRATACION.., marca Pantene, caja x12, línea Procter."
1437,PANTENE 200ml AC REVITAL. HIDRAT (.),"Cuidado de cabello PANTENE 200ml AC REVITAL. HIDRAT (.), marca Pantene, caja x12, línea Procter."
1438,PANTENE 400ml SH HIDRATA Y FORTALECE (.),"Cuidado de cabello PANTENE 400ml SH HIDRATA Y FORTALECE (.), marca Pantene, caja x12, línea Procter."
1450,PANTENE 200ml AC RESTAURACION--,"Cuidado de cabello PANTENE 200ml AC RESTAURACION--, marca Pantene, caja x12, línea Procter."
1451,PANTENE 400ml AC RESTAURACION--,"Cuidado de cabello PANTENE 400ml AC RESTAURACION--, marca Pantene, caja x12, línea Procter."
1452,PANTENE 200ml SH RESTAURACION--,"Cuidado de cabello PANTENE 200ml SH RESTAURACION--, marca Pantene, caja x12, línea Procter."
1453,PANTENE 400ml SH RESTAURACION--,"Cuidado de cabello PANTENE 400ml SH RESTAURACION--, marca Pantene, caja x12, línea Procter."
15004,PANTENE 400ml AC REPARA & HIDRATA (.),"Cuidado de cabello PANTENE 400ml AC REPARA & HIDRATA (.), marca Pantene, caja x12, línea Procter."
15005,PANTENE 400ml AC LISO INFINITO,"Cuidado de cabello PANTENE 400ml AC LISO INFINITO, marca Pantene, caja x12, línea Procter."
15006,PANTENE 400ml SH LISO INFINITO,"Cuidado de cabello PANTENE 400ml SH LISO INFINITO, marca Pantene, caja x12, línea Procter."
15007,PANTENE 400ml SH REVITALIZACIÓN (.),"Cuidado de cabello PANTENE 400ml SH REVITALIZACIÓN (.), marca Pantene, caja x12, línea Procter."
15008,PANTENE 400ml AC VOLUMEN,"Cuidado de cabello PANTENE 400ml AC VOLUMEN, marca Pantene, caja x12, línea Procter."
1511,PANTENE 200ml SH HIDRATACION (.),"Cuidado de cabello PANTENE 200ml SH HIDRATACION (.), marca Pantene, caja x12, línea Procter."
1515,PANTENE 200ml AC HIDRATA Y FORTALECE (.),"Cuidado de cabello PANTENE 200ml AC HIDRATA Y FORTALECE (.), marca Pantene, caja x12, línea Procter."
1528,GILLETTE DERMA BLISTER X 4 UNID (.),"Desechables GILLETTE DERMA BLISTER X 4 UNID (.), marca Gillette, caja x36, línea Procter."
1633,MAGISTRAL DISH POLVO LAMINADO 1.2kg,"Detergentes MAGISTRAL DISH POLVO LAMINADO 1.2kg, marca Magistral, caja x10, línea Dreamco."
1655,MAGISTRAL DISH POLVO BOT 1kg,"Detergentes MAGISTRAL DISH POLVO BOT 1kg, marca Magistral, caja x10, línea Dreamco."
1674,PANTENE 200ml SH MIRACLES VOL Y SUAV,"Cuidado de cabello PANTENE 200ml SH MIRACLES VOL Y SUAV, marca Pantene, caja x12, línea Procter."
1675,PANTENE 200ml SH EQUILIBRIO RAIZ,"Cuidado de cabello PANTENE 200ml SH EQUILIBRIO RAIZ, marca Pantene, caja x12, línea Procter."
1676,PANTENE 400ml SH DETOX,"Cuidado de cabello PANTENE 400ml SH DETOX, marca Pantene, caja x12, línea Procter."
1678,PANTENE 700ml AC DETOX,"Cuidado de cabello PANTENE 700ml AC DETOX, marca Pantene, caja x12, línea Procter."
1680,PANTENE 200ml SH BAMBU--,"Cuidado de cabello PANTENE 200ml SH BAMBU--, marca Pantene, caja x12, línea Procter."
1681,PANTENE 150ml AC BAMBU--,"Cuidado de cabello PANTENE 150ml AC BAMBU--, marca Pantene, caja x12, línea Procter."
1683,PANTENE 400ml SH BAMBU--,"Cuidado de cabello PANTENE 400ml SH BAMBU--, marca Pantene, caja x12, línea Procter."
1685,PANTENE 250ml AC BAMBU--,"Cuidado de cabello PANTENE 250ml AC BAMBU--, marca Pantene, caja x12, línea Procter."
1699,HS CREM. PEIN. ACEITE DE COCO x300ml (.),"Cuidado de cabello HS CREM. PEIN. ACEITE DE COCO x300ml (.), marca Ace, caja x12, línea Procter."
172,PILA PHILCO AAA BLISTER X 4UN,"Pilas y baterias PILA PHILCO AAA BLISTER X 4UN, marca Pila, caja x40, línea Procter."
174,PILA PHILCO C BLISTER x 2,"Pilas y baterias PILA PHILCO C BLISTER x 2, marca Pila, caja x96, línea Procter."
175,PILA PHILCO D BLISTER x 2,"Pilas PILA PHILCO D BLISTER x 2, marca Pila, caja x48, línea Procter."
1750,CREMA DE AFEITAR CARA/CUERPO X 150GR,"Preparados de afeitar CREMA DE AFEITAR CARA/CUERPO X 150GR, marca Crema, caja x12, línea Procter."
17500,PANTENE CREM. PEIN. KERATINA X 300ML,"Cuidado de cabello PANTENE CREM. PEIN. KERATINA X 300ML, marca Pantene, caja x12, línea Procter."
17501,PANTENE 200ml SH KERATINA,"Cuidado de cabello PANTENE 200ml SH KERATINA, marca Pantene, caja x12, línea Procter."
17508,PANTENE 200ml AC KERATINA,"Cuidado de cabello PANTENE 200ml AC KERATINA, marca Pantene, caja x12, línea Procter."
17509,PANTENE MASCA. RESTAURACION X 270 ML,"Cuidado de cabello PANTENE MASCA. RESTAURACION X 270 ML, marca Pantene, caja x12, línea Procter."
17510,PANTENE MASCA. NUTRICION 270 ML,"Cuidado de cabello PANTENE MASCA. NUTRICION 270 ML, marca Pantene, caja x12, línea Procter."
17511,PANTENE MASCA. HIDRATACION X 270 ML,"Cuidado de cabello PANTENE MASCA. HIDRATACION X 270 ML, marca Pantene, caja x12, línea Procter."
17512,PANTENE 3MM FORTALECE Y NUTRE 170,"Cuidado de cabello PANTENE 3MM FORTALECE Y NUTRE 170, marca Pantene, caja x12, línea Procter."
176,PHILCO BATERIA 9V X 1,"Pilas y baterias PHILCO BATERIA 9V X 1, marca Philco, caja x240, línea Procter."
1765,HS 700ml SH ACEITE DE COCO,"Cuidado de cabello HS 700ml SH ACEITE DE COCO, marca Ace, caja x10, línea Procter."
1801,PANTENE SACHET AC RESTAURACION 10ML,"Cuidado de cabello PANTENE SACHET AC RESTAURACION 10ML, marca Pantene, caja x576, línea Procter."
1810,PANTENE TRAT. X 3 UNID x 15ml,"Cuidado de cabello PANTENE TRAT. X 3 UNID x 15ml, marca Pantene, caja x6, línea Procter."
18202,LIMOL 3X Jab Toc. Pureza G. Detox x90g,"Jab tocador tripack LIMOL 3X Jab Toc. Pureza G. Detox x90g, marca Limol, caja x35, línea Dreamco."
18206,CV Jab Toc. Aromaterapia x120g,"Jab tocador individual CV Jab Toc. Aromaterapia x120g, marca Cv, caja x90, línea Dreamco."
18210,CV 3X Jab Toc. Aromaterapia x120g,"Jab tocador tripack CV 3X Jab Toc. Aromaterapia x120g, marca Cv, caja x30, línea Dreamco."
18213,PLB Jab Toc. Coco y Vainilla glic x120g,"Jab tocador individual PLB Jab Toc. Coco y Vainilla glic x120g, marca Plb, caja x81, línea Dreamco."
18226,PLB 3X Jab Toc. Coco y Vainilla glic x120g,"Jab tocador tripack PLB 3X Jab Toc. Coco y Vainilla glic x120g, marca Plb, caja x27, línea Dreamco."
18232,PLB Jab Toc. ESPUMA Ese.todo tip piel 250ml,"Jab espuma PLB Jab Toc. ESPUMA Ese.todo tip piel 250ml, marca Plb, caja x12, línea Dreamco."
18233,PLB Jab Toc. ESPUMA Ese. Piel sensible 250ml,"Jab espuma PLB Jab Toc. ESPUMA Ese. Piel sensible 250ml, marca Plb, caja x12, línea Dreamco."
18234,PLB Jab Toc. POUCH ESPUMA Ese.todo tip piel 230ml,"Jab espuma PLB Jab Toc. POUCH ESPUMA Ese.todo tip piel 230ml, marca Plb, caja x12, línea Dreamco."
18235,PLB Jab Toc. POUCH ESPUMA Ese. Piel sensible 230ml,"Jab espuma PLB Jab Toc. POUCH ESPUMA Ese. Piel sensible 230ml, marca Plb, caja x12, línea Dreamco."
18245,PLB SH X1LTR Protección Corazón,"Shampoo y acondicionador PLB SH X1LTR Protección Corazón, marca Plb, caja x12, línea Dreamco."
18250,PLB SH 970ML Hidrat.Intensa,"Shampoo y acondicionador PLB SH 970ML Hidrat.Intensa, marca Plb, caja x12, línea Dreamco."
18253,PLB SH 970ML Largo saludable,"Shampoo y acondicionador PLB SH 970ML Largo saludable, marca Plb, caja x12, línea Dreamco."
18265,PLB CN X1LTR Protección Corazón,"Shampoo y acondicionador PLB CN X1LTR Protección Corazón, marca Plb, caja x12, línea Dreamco."
18270,PLB CN 970ML Hidrat.Intensa,"Shampoo y acondicionador PLB CN 970ML Hidrat.Intensa, marca Plb, caja x12, línea Dreamco."
18273,PLB CN 970ML Largo saludable,"Shampoo y acondicionador PLB CN 970ML Largo saludable, marca Plb, caja x12, línea Dreamco."
18290,PLB CN Kids Protección Natural x700ml,"Shampoo y acondicionador PLB CN Kids Protección Natural x700ml, marca Plb, caja x12, línea Dreamco."
18293,PLB SH Kids Protección Natural x350ml,"Shampoo y acondicionador PLB SH Kids Protección Natural x350ml, marca Plb, caja x12, línea Dreamco."
18296,PLB CN Kids Protección Natural x350ml,"Shampoo y acondicionador PLB CN Kids Protección Natural x350ml, marca Plb, caja x12, línea Dreamco."
18298,PLB AEROS. AT Cuidado Original 150ml,"Atp PLB AEROS. AT Cuidado Original 150ml, marca Plb, caja x12, línea Dreamco."
183,PILA PHILCO AA BLISTER X 4,"Pilas y baterias PILA PHILCO AA BLISTER X 4, marca Pila, caja x40, línea Procter."
18303,ZORRO JB POLVO (Lav Man.) Clásico CO 400g,"Polvos ZORRO JB POLVO (Lav Man.) Clásico CO 400g, marca Zorro, caja x36, línea Dreamco."
18304,ZORRO JB POLVO (Lav Man.) BICARB 400g,"Polvos ZORRO JB POLVO (Lav Man.) BICARB 400g, marca Zorro, caja x36, línea Dreamco."
18305,ZORRO JB POLVO (Lav Autom) Clásico 400g,"Polvos ZORRO JB POLVO (Lav Autom) Clásico 400g, marca Zorro, caja x36, línea Dreamco."
18306,ZORRO JB POLVO (Lav Man.) Clásico CO 800g,"Polvos ZORRO JB POLVO (Lav Man.) Clásico CO 800g, marca Zorro, caja x20, línea Dreamco."
18307,ZORRO JB POLVO (Lav Autom) BlueP 800g..,"Polvos ZORRO JB POLVO (Lav Autom) BlueP 800g.., marca Zorro, caja x20, línea Dreamco."
18308,ZORRO JB POLVO (Lav Man.) BICARB 800g,"Polvos ZORRO JB POLVO (Lav Man.) BICARB 800g, marca Zorro, caja x20, línea Dreamco."
18309,ZORRO JB POLVO (Lav Autom) Clásico 800g,"Polvos ZORRO JB POLVO (Lav Autom) Clásico 800g, marca Zorro, caja x20, línea Dreamco."
18310,ZORRO JB POLVO (Lav Man.) Clásico CO 3kg,"Polvos ZORRO JB POLVO (Lav Man.) Clásico CO 3kg, marca Zorro, caja x6, línea Dreamco."
18311,ZORRO JB POLVO (Lav Autom) BlueP 3kg..,"Polvos ZORRO JB POLVO (Lav Autom) BlueP 3kg.., marca Zorro, caja x6, línea Dreamco."
18313,ZORRO JB POLVO (Lav Autom) Clásico 3kg,"Polvos ZORRO JB POLVO (Lav Autom) Clásico 3kg, marca Zorro, caja x6, línea Dreamco."
18315,ZORRO JB POLVO Evol Quitamanchas 800g,"Polvos ZORRO JB POLVO Evol Quitamanchas 800g, marca Zorro, caja x20, línea Dreamco."
18316,ZORRO JB POLVO Evol Quitamanchas 3kg,"Polvos ZORRO JB POLVO Evol Quitamanchas 3kg, marca Zorro, caja x6, línea Dreamco."
18318,ZORRO JB POLVO Evol EscudoProtect 800g,"Polvos ZORRO JB POLVO Evol EscudoProtect 800g, marca Zorro, caja x20, línea Dreamco."
18319,ZORRO JB POLVO Evol Escudo Protect 3kg,"Polvos ZORRO JB POLVO Evol Escudo Protect 3kg, marca Zorro, caja x6, línea Dreamco."
18320,LIMZUL JB POLVO (Lav.Manual)Larga Duracion 400g,"Polvos LIMZUL JB POLVO (Lav.Manual)Larga Duracion 400g, marca Limzul, caja x36, línea Dreamco."
18321,LIMZUL JB POLVO (Lav.Manual)Larga Duracion 800 gr,"Polvos LIMZUL JB POLVO (Lav.Manual)Larga Duracion 800 gr, marca Limzul, caja x20, línea Dreamco."
18322,LIMZUL JB POLVO (Lav.Manual)Larga Duracion 3Kg,"Polvos LIMZUL JB POLVO (Lav.Manual)Larga Duracion 3Kg, marca Limzul, caja x6, línea Dreamco."
18323,LIMZUL JB POLVO (Lav. Autom) 400 gr,"Polvos LIMZUL JB POLVO (Lav. Autom) 400 gr, marca Limzul, caja x36, línea Dreamco."
18324,LIMZUL JB POLVO (Lav. Autom) 800 gr,"Polvos LIMZUL JB POLVO (Lav. Autom) 800 gr, marca Limzul, caja x20, línea Dreamco."
18325,LIMZUL JB POLVO (Lav. Autom) 3Kg,"Polvos LIMZUL JB POLVO (Lav. Autom) 3Kg, marca Limzul, caja x6, línea Dreamco."
18352,ZORRO DETERG. X750ML Limon yTeVerde GLICERINA (.),"Lavavajillas ZORRO DETERG. X750ML Limon yTeVerde GLICERINA (.), marca Zorro, caja x20, línea Dreamco."
18353,ZORRO ULTRA DETERG. BOT300ml Limon Original Glicer,"Lavavajillas ZORRO ULTRA DETERG. BOT300ml Limon Original Glicer, marca Zorro, caja x16, línea Dreamco."
18354,ZORRO ULTRA DETERG. BOT300ml Naranj y Jeng. Glicer,"Lavavajillas ZORRO ULTRA DETERG. BOT300ml Naranj y Jeng. Glicer, marca Zorro, caja x16, línea Dreamco."
18355,ZORRO ULTRA DETERG. BOT300ml Menta y Alga Glicerin,"Lavavajillas ZORRO ULTRA DETERG. BOT300ml Menta y Alga Glicerin, marca Zorro, caja x16, línea Dreamco."
18357,ZORRO ULTRA DETERG.BOT 500ml Naranja y Jengibregli,"Lavavajillas ZORRO ULTRA DETERG.BOT 500ml Naranja y Jengibregli, marca Zorro, caja x20, línea Dreamco."
18358,ZORRO ULTRA DETERG.BOT 500ml Menta y Alga Glicerin,"Lavavajillas ZORRO ULTRA DETERG.BOT 500ml Menta y Alga Glicerin, marca Zorro, caja x20, línea Dreamco."
18359,ZORRO ULTRA DETERG.BOT 500ml Limon Original Glicer,"Lavavajillas ZORRO ULTRA DETERG.BOT 500ml Limon Original Glicer, marca Zorro, caja x20, línea Dreamco."
18360,ZORRO ULTRA DETERG.BOT 500ml Aloe Vera y Coco GLIC,"Lavavajillas ZORRO ULTRA DETERG.BOT 500ml Aloe Vera y Coco GLIC, marca Zorro, caja x20, línea Dreamco."
18361,"ZORRO LAVAVAJILLA AUT. DISH Polvo 1,2kg","Lavavajillas ZORRO LAVAVAJILLA AUT. DISH Polvo 1,2kg, marca Zorro, caja x10, línea Dreamco."
18362,ZORRO LAVAVAJILLA AUT. DISH SAL Polvo 1KG,"Lavavajillas ZORRO LAVAVAJILLA AUT. DISH SAL Polvo 1KG, marca Zorro, caja x10, línea Dreamco."
18387,ZORRO SUAVIZ. X900ML DP Elegante,"Suavizantes dr ZORRO SUAVIZ. X900ML DP Elegante, marca Zorro, caja x14, línea Dreamco."
18389,ZORRO SUAVIZ. X3L DP Elegante,"Suavizantes dr ZORRO SUAVIZ. X3L DP Elegante, marca Zorro, caja x4, línea Dreamco."
18394,FEDERAL JABON EN PAN X2 Tradicional 150g,"Jab compacto FEDERAL JABON EN PAN X2 Tradicional 150g, marca Federal, caja x42, línea Dreamco."
18395,FEDERAL JABON EN PAN Tradicional 150g,"Jab compacto FEDERAL JABON EN PAN Tradicional 150g, marca Federal, caja x84, línea Dreamco."
18398,ZORRO JAB. EN PAN Floral150g,"Jab compacto ZORRO JAB. EN PAN Floral150g, marca Zorro, caja x84, línea Dreamco."
18399,ZORRO JAB. EN PAN Clásico 150gs,"Jab compacto ZORRO JAB. EN PAN Clásico 150gs, marca Zorro, caja x84, línea Dreamco."
184,PILA PHILCO AA BLISTER RECARGABLE X 2,"Pilas y baterias PILA PHILCO AA BLISTER RECARGABLE X 2, marca Pila, caja x72, línea Procter."
18400,ZORRO JAB. EN PAN X2 Clásico 150gs,"Jab compacto ZORRO JAB. EN PAN X2 Clásico 150gs, marca Zorro, caja x42, línea Dreamco."
18403,PLB SH x700ml Esencia Revitalizante,"Shampoo y acondicionador PLB SH x700ml Esencia Revitalizante, marca Plb, caja x12, línea Dreamco."
18404,PLB CN x700ml Esencia Revitalizante (.),"Shampoo y acondicionador PLB CN x700ml Esencia Revitalizante (.), marca Plb, caja x12, línea Dreamco."
18407,LIMZUL LAVAVAJILLA PEPINO X750ML,"Lavavajillas LIMZUL LAVAVAJILLA PEPINO X750ML, marca Limzul, caja x20, línea Dreamco."
18408,LIMZUL LAVAVAJILLA CREM. GLIC FLORES X750ML,"Lavavajillas LIMZUL LAVAVAJILLA CREM. GLIC FLORES X750ML, marca Limzul, caja x20, línea Dreamco."
18410,LIMZUL LAVAVAJILLA LIMON X750ML,"Lavavajillas LIMZUL LAVAVAJILLA LIMON X750ML, marca Limzul, caja x20, línea Dreamco."
18411,ZORRO ULTRA DETERG. POUCH 450ml Limon,"Lavavajillas ZORRO ULTRA DETERG. POUCH 450ml Limon, marca Zorro, caja x21, línea Dreamco."
18412,ZORRO ULTRA DETERG.BOT 800ml Limon,"Lavavajillas ZORRO ULTRA DETERG.BOT 800ml Limon, marca Zorro, caja x15, línea Dreamco."
18416,ACE BOTELLA X 800ML,"Jab liquido ACE BOTELLA X 800ML, marca Ace, caja x15, línea Dreamco."
18420,MAGISTRAL PUREZA ACTIVA X300ML,"Lavavajillas MAGISTRAL PUREZA ACTIVA X300ML, marca Magistral, caja x21, línea Dreamco."
18423,MAGISTRAL PUREZA ACTIVA X500ML,"Lavavajillas MAGISTRAL PUREZA ACTIVA X500ML, marca Magistral, caja x20, línea Dreamco."
18426,ACE Polvo MAN 400gr,"Polvos ACE Polvo MAN 400gr, marca Ace, caja x36, línea Dreamco."
18427,ACE Polvo MAN 800gr,"Polvos ACE Polvo MAN 800gr, marca Ace, caja x20, línea Dreamco."
18428,ACE Polvo MAN 3000gr,"Polvos ACE Polvo MAN 3000gr, marca Ace, caja x6, línea Dreamco."
18429,ACE Polvo AUT 400gr,"Polvos ACE Polvo AUT 400gr, marca Ace, caja x36, línea Dreamco."
18431,ACE Polvo AUT 3000gr,"Polvos ACE Polvo AUT 3000gr, marca Ace, caja x6, línea Dreamco."
18436,ARIEL POLVO (AUT) X 800GR,"Polvos ARIEL POLVO (AUT) X 800GR, marca Ariel, caja x20, línea Dreamco."
18437,ARIEL POLVO (AUT) X 3 KG,"Polvos ARIEL POLVO (AUT) X 3 KG, marca Ariel, caja x6, línea Dreamco."
185,PILA PHILCO AAA BLISTER RECARGABLE X 2,"Pilas y baterias PILA PHILCO AAA BLISTER RECARGABLE X 2, marca Pila, caja x72, línea Procter."
18500,ENCENDEDOR CANDELA TRANSPARENTE X25,"Encendedores importadora ENCENDEDOR CANDELA TRANSPARENTE X25, marca Encendedor, caja x1000, línea Varios."
18701,Panal Chocolate 247g,"Panificacion Panal Chocolate 247g, marca Panal, caja x16, línea Dreamco."
18706,Okebon Leche 165g,"Panificacion Okebon Leche 165g, marca Okebon, caja x24, línea Dreamco."
18707,Okebon Leche 273g,"Panificacion Okebon Leche 273g, marca Okebon, caja x18, línea Dreamco."
18708,Okebon Leche Chocolatada 273g,"Panificacion Okebon Leche Chocolatada 273g, marca Okebon, caja x18, línea Dreamco."
18709,Okebon Leche con D. de leche 273g,"Panificacion Okebon Leche con D. de leche 273g, marca Okebon, caja x18, línea Dreamco."
1871,PANTENE SACHET SH RESTAURACION 10ML,"Cuidado de cabello PANTENE SACHET SH RESTAURACION 10ML, marca Pantene, caja x576, línea Procter."
18710,HERSHEYS CHOCOLATE CON LECHE X82G,"Chocolate importadora HERSHEYS CHOCOLATE CON LECHE X82G, marca Hersheys, caja x72, línea Varios."
18712,Hersheys Aireado Chocolate con Leche x 85g,"Chocolate importadora Hersheys Aireado Chocolate con Leche x 85g, marca Hersheys, caja x64, línea Varios."
18713,Molino Natural Avena y Pasas 232g,"Panificacion Molino Natural Avena y Pasas 232g, marca Molino, caja x16, línea Dreamco."
18720,PANAL VAINILLA X222 GRS,"Panificacion PANAL VAINILLA X222 GRS, marca Panal, caja x16, línea Dreamco."
18721,Panal Coco 222g,"Panificacion Panal Coco 222g, marca Panal, caja x16, línea Dreamco."
18722,Girotondo Vainilla 224g,"Panificacion Girotondo Vainilla 224g, marca Girotondo, caja x16, línea Dreamco."
18723,Girotondo Chocolatada 245g,"Panificacion Girotondo Chocolatada 245g, marca Girotondo, caja x16, línea Dreamco."
18725,Molino Natural Avena y Granola 236g,"Panificacion Molino Natural Avena y Granola 236g, marca Molino, caja x16, línea Dreamco."
18726,Molino Natural Avena y Cacao 240g,"Panificacion Molino Natural Avena y Cacao 240g, marca Molino, caja x16, línea Dreamco."
18743,ZORRO JAB. EN PAN BICARBONATO X 150GR,"Jab compacto ZORRO JAB. EN PAN BICARBONATO X 150GR, marca Zorro, caja x84, línea Dreamco."
1875,PANTENE SACHET SH KERATINA 10ML,"Cuidado de cabello PANTENE SACHET SH KERATINA 10ML, marca Pantene, caja x576, línea Procter."
1876,PANTENE SACHET AC LISO EXTREMO 10ML (.),"Cuidado de cabello PANTENE SACHET AC LISO EXTREMO 10ML (.), marca Pantene, caja x576, línea Procter."
18801,DONUTS LECHE BONAFIDE 78 GR,"Chocolate bonafide DONUTS LECHE BONAFIDE 78 GR, marca Bonafide, caja x24, línea Varios."
18803,DONUTS BONAFIDE LECHE 40G,"Chocolate bonafide DONUTS BONAFIDE LECHE 40G, marca Bonafide, caja x24, línea Varios."
18804,DONUTS BONAFIDE BLANCO 52 GR.,"Chocolate bonafide DONUTS BONAFIDE BLANCO 52 GR., marca Bonafide, caja x24, línea Varios."
18808,MECANO TUERCA NEGROx 19 GRS,"Chocolate bonafide MECANO TUERCA NEGROx 19 GRS, marca Mecano, caja x192, línea Varios."
18809,MECANO TUERCA BLANCO x19 GR,"Chocolate bonafide MECANO TUERCA BLANCO x19 GR, marca Mecano, caja x192, línea Varios."
18810,MECANO NUGATON TUERCA x19 GR,"Chocolate bonafide MECANO NUGATON TUERCA x19 GR, marca Mecano, caja x192, línea Varios."
18821,CHOCOLATE BLANCO X 100 GR.,"Chocolate bonafide CHOCOLATE BLANCO X 100 GR., marca Chocolate, caja x72, línea Varios."
18822,CHOCOLATE TAZA X 100 GRS.,"Chocolate bonafide CHOCOLATE TAZA X 100 GRS., marca Chocolate, caja x72, línea Varios."
18823,CHOCOLATE 60 % X 100 GRS.,"Chocolate bonafide CHOCOLATE 60 % X 100 GRS., marca Chocolate, caja x72, línea Varios."
18827,MONEDA DOLAR CHOCOLATE X500 GR (110un)..,"Chocolate bonafide MONEDA DOLAR CHOCOLATE X500 GR (110un).., marca Moneda, caja x550, línea Varios."
18828,NUGATON LECHE X 27 GRS,"Chocolate bonafide NUGATON LECHE X 27 GRS, marca Nugaton, caja x288, línea Varios."
18829,NUGATON BLANCO X 27 GRS,"Chocolate bonafide NUGATON BLANCO X 27 GRS, marca Nugaton, caja x288, línea Varios."
18831,VIZZIO CHOCOLATE C/LECHE Y MANÍ X35gr,"Chocolate bonafide VIZZIO CHOCOLATE C/LECHE Y MANÍ X35gr, marca Vizzio, caja x160, línea Varios."
18832,VIZZIO CHOCOLATE C/LECHE Y MANÍ 85gr,"Chocolate bonafide VIZZIO CHOCOLATE C/LECHE Y MANÍ 85gr, marca Vizzio, caja x84, línea Varios."
18833,VIZZIO CHOC.CON LECHE Y MANÍ 165 GR,"Chocolate bonafide VIZZIO CHOC.CON LECHE Y MANÍ 165 GR, marca Vizzio, caja x40, línea Varios."
18834,VIZZIO CHOC.C/LECHE Y ALMENDRAS 35gr,"Chocolate bonafide VIZZIO CHOC.C/LECHE Y ALMENDRAS 35gr, marca Vizzio, caja x160, línea Varios."
18835,VIZZIO CHOC C/LECHE Y ALMENDRAS 100gr,"Chocolate bonafide VIZZIO CHOC C/LECHE Y ALMENDRAS 100gr, marca Vizzio, caja x72, línea Varios."
18836,VIZZIO CHOC.C/LECHE Y ALMENDRAS 165 gr,"Chocolate bonafide VIZZIO CHOC.C/LECHE Y ALMENDRAS 165 gr, marca Vizzio, caja x48, línea Varios."
18837,VIZZIO TABLETA CHOCOLATE LECHE 90GR,"Chocolate bonafide VIZZIO TABLETA CHOCOLATE LECHE 90GR, marca Vizzio, caja x72, línea Varios."
18838,VIZZIO TABLETA CHOC. 60% CACAO X90 GR,"Chocolate bonafide VIZZIO TABLETA CHOC. 60% CACAO X90 GR, marca Vizzio, caja x72, línea Varios."
18839,VIZZIO TABLETA CHOCOLATE BLANCA X90G,"Chocolate bonafide VIZZIO TABLETA CHOCOLATE BLANCA X90G, marca Vizzio, caja x72, línea Varios."
18840,VIZZIO CHOCOLATE LECHE X50GR,"Chocolate bonafide VIZZIO CHOCOLATE LECHE X50GR, marca Vizzio, caja x96, línea Varios."
18841,VIZZIO TABLETA CHOC.60% CACAO X50GR,"Chocolate bonafide VIZZIO TABLETA CHOC.60% CACAO X50GR, marca Vizzio, caja x96, línea Varios."
18842,VIZZIO TABLETA CHOCOLATE BLANCA X50G,"Chocolate bonafide VIZZIO TABLETA CHOCOLATE BLANCA X50G, marca Vizzio, caja x96, línea Varios."
18843,VIZZIO TABLETA CHOCOLATE LECHE X130GR,"Chocolate bonafide VIZZIO TABLETA CHOCOLATE LECHE X130GR, marca Vizzio, caja x48, línea Varios."
18844,VIZZIO TABLETA CHOCOL.60% CACAO X130GR,"Chocolate bonafide VIZZIO TABLETA CHOCOL.60% CACAO X130GR, marca Vizzio, caja x48, línea Varios."
18845,VIZZIO CHOC. C/LECHE Y PASAS X100GR,"Chocolate bonafide VIZZIO CHOC. C/LECHE Y PASAS X100GR, marca Vizzio, caja x72, línea Varios."
18846,MECANO TABLETA LECHE C/DULCE DE LECHE X45G,"Chocolate bonafide MECANO TABLETA LECHE C/DULCE DE LECHE X45G, marca Mecano, caja x96, línea Varios."
18847,MECANO TABLETA BLANCO C/DULCE DE LECHE X45G,"Chocolate bonafide MECANO TABLETA BLANCO C/DULCE DE LECHE X45G, marca Mecano, caja x96, línea Varios."
18849,MECANO TABLETA LECHE C/DULCE DE LECHE X80 GR,"Chocolate bonafide MECANO TABLETA LECHE C/DULCE DE LECHE X80 GR, marca Mecano, caja x72, línea Varios."
18851,VIZZIO TABLETA CACAO 60 % RELLENO CON MENTA X80 GR,"Chocolate bonafide VIZZIO TABLETA CACAO 60 % RELLENO CON MENTA X80 GR, marca Vizzio, caja x72, línea Varios."
18852,CAFE SUAVE X125GS,"Cafe bonafide CAFE SUAVE X125GS, marca Cafe, caja x12, línea Varios."
18853,CAFE INTENSO X125GS,"Cafe bonafide CAFE INTENSO X125GS, marca Cafe, caja x12, línea Varios."
18854,CAFE SUAVE X250GS,"Cafe bonafide CAFE SUAVE X250GS, marca Cafe, caja x8, línea Varios."
18855,CAFE INTENSO X250GS,"Cafe bonafide CAFE INTENSO X250GS, marca Cafe, caja x8, línea Varios."
18856,CAFE SENSACIONES SUAVE X 500 GR,"Cafe bonafide CAFE SENSACIONES SUAVE X 500 GR, marca Cafe, caja x12, línea Varios."
18858,CAFE INTENSO X1KG,"Cafe bonafide CAFE INTENSO X1KG, marca Cafe, caja x6, línea Varios."
18859,CAFE SUAVE X1KG,"Cafe bonafide CAFE SUAVE X1KG, marca Cafe, caja x6, línea Varios."
18860,CAFE EN SAQUITOS INTENSO 18 X 5 GR.,"Cafe bonafide CAFE EN SAQUITOS INTENSO 18 X 5 GR., marca Cafe, caja x24, línea Varios."
18862,CAFÉ EN GRANO BLANCO X 500GR,"Cafe bonafide CAFÉ EN GRANO BLANCO X 500GR, marca Café, caja x6, línea Varios."
18865,PAN DULCE CHIPS DE CHOCOLATE X400 GR..,"Fiestas PAN DULCE CHIPS DE CHOCOLATE X400 GR.., marca Pan, caja x6, línea Varios."
18866,PAN DULCE CON FRUTAS X400 GR..,"Fiestas PAN DULCE CON FRUTAS X400 GR.., marca Pan, caja x6, línea Varios."
18870,BUDIN BONAFIDE VAINILLA x200 gr..,"Fiestas BUDIN BONAFIDE VAINILLA x200 gr.., marca Bonafide, caja x12, línea Varios."
18872,BUDIN BONAFIDE MARMOLADO x200 gr..,"Fiestas BUDIN BONAFIDE MARMOLADO x200 gr.., marca Bonafide, caja x12, línea Varios."
18873,BUDIN BONAFIDE LIMON x200 gr..,"Fiestas BUDIN BONAFIDE LIMON x200 gr.., marca Bonafide, caja x12, línea Varios."
18874,BUDIN BONAFIDE CON FRUTAS x200 gr..,"Fiestas BUDIN BONAFIDE CON FRUTAS x200 gr.., marca Bonafide, caja x12, línea Varios."
18880,BONAFIDE AlmendrasBlanca 80 gr..,"Fiestas BONAFIDE AlmendrasBlanca 80 gr.., marca Bonafide, caja x20, línea Varios."
18883,BONAFIDE Cereal 80 gr,"Fiestas BONAFIDE Cereal 80 gr, marca Bonafide, caja x20, línea Varios."
18888,GARRAPIÑADA MANI BONAFIDE X 80 GR..,"Fiestas GARRAPIÑADA MANI BONAFIDE X 80 GR.., marca Bonafide, caja x36, línea Varios."
18891,PIONONO SALADO X 180 GR.,"Panificacion PIONONO SALADO X 180 GR., marca Pionono, caja x25, línea Varios."
18894,REPELENTE AEROSOL ABOVE x 150 ml,"Repelente REPELENTE AEROSOL ABOVE x 150 ml, marca Repelente, caja x24, línea Varios."
18904,HUEVO NUGATON BLANCO X 91GRS..,"Chocolate pascuas HUEVO NUGATON BLANCO X 91GRS.., marca Huevo, caja x15, línea Varios."
18905,HUEVO NUGATON BLANCO X 177GRS..,"Chocolate pascuas HUEVO NUGATON BLANCO X 177GRS.., marca Huevo, caja x7, línea Varios."
18907,HUEVO BONAFIDE CHOCO C/ MANI X 180GRS..,"Chocolate pascuas HUEVO BONAFIDE CHOCO C/ MANI X 180GRS.., marca Bonafide, caja x7, línea Varios."
18913,HUEVOS MECANO BLANCO BOLSA X 126GRS..,"Chocolate pascuas HUEVOS MECANO BLANCO BOLSA X 126GRS.., marca Huevos, caja x30, línea Varios."
18915,HUEVOS VIZZIO NEGRO(CACAO 62%) BOLSA X 124GRS..,"Chocolate pascuas HUEVOS VIZZIO NEGRO(CACAO 62%) BOLSA X 124GRS.., marca Huevos, caja x32, línea Varios."
18916,BONAFIDE CHUPETIN LOLY CHOC X24UN..,"Chocolate pascuas BONAFIDE CHUPETIN LOLY CHOC X24UN.., marca Bonafide, caja x4, línea Varios."
18929,BONAFIDE TABLETA CHOCO/MANI 30GRS,"Chocolate bonafide BONAFIDE TABLETA CHOCO/MANI 30GRS, marca Bonafide, caja x120, línea Varios."
1893,ORAL-B Extra Blancura Con Bicarbonato 180 g (.),"Cuidado bucal ORAL-B Extra Blancura Con Bicarbonato 180 g (.), marca Oral-B, caja x24, línea Procter."
18932,BONAFIDE TABLETA CHOCO/MANI 90GRS,"Chocolate bonafide BONAFIDE TABLETA CHOCO/MANI 90GRS, marca Bonafide, caja x56, línea Varios."
18933,CHOCMAN BANANA SPLIT X35G,"Chocolate bonafide CHOCMAN BANANA SPLIT X35G, marca Chocman, caja x18, línea Varios."
18934,BONAFIDE TABLETA CHOCO/MANI 160 GRS,"Chocolate bonafide BONAFIDE TABLETA CHOCO/MANI 160 GRS, marca Bonafide, caja x40, línea Varios."
190,HS 180ml SH NUTRICION Y MIEL,"Cuidado de cabello HS 180ml SH NUTRICION Y MIEL, marca Hs, caja x12, línea Procter."
191,HS 375ml SH NUTRICION Y MIEL,"Cuidado de cabello HS 375ml SH NUTRICION Y MIEL, marca Hs, caja x12, línea Procter."
1910,PILA ESPECIAL 2016 BLISTER x1..,"Pilas PILA ESPECIAL 2016 BLISTER x1.., marca Pila, caja x36, línea Varios."
192,HS 650ml SH NUTRICION Y MIEL,"Cuidado de cabello HS 650ml SH NUTRICION Y MIEL, marca Hs, caja x10, línea Procter."
1927,Always Xtra Protección Suave X8,"Cuidado femenino Always Xtra Protección Suave X8, marca Always, caja x24, línea Procter."
195,PANTENE 250ml AC ANTIQUIEBRE,"Cuidado de cabello PANTENE 250ml AC ANTIQUIEBRE, marca Pantene, caja x12, línea Procter."
1952,PANTENE 200ml AC EQUILIBRIO RAIZ,"Cuidado de cabello PANTENE 200ml AC EQUILIBRIO RAIZ, marca Pantene, caja x12, línea Procter."
196,PANTENE 510ml SH ANTICAIDA,"Cuidado de cabello PANTENE 510ml SH ANTICAIDA, marca Pantene, caja x12, línea Procter."
197,PANTENE 300ml SH ANTIQUIEBRE,"Cuidado de cabello PANTENE 300ml SH ANTIQUIEBRE, marca Pantene, caja x12, línea Procter."
198,PANTENE 510ml AC ANTIQUIEBRE,"Cuidado de cabello PANTENE 510ml AC ANTIQUIEBRE, marca Pantene, caja x12, línea Procter."
1989,PANTENE 400ml SH EQUIL RAIZ & PUNTAS,"Cuidado de cabello PANTENE 400ml SH EQUIL RAIZ & PUNTAS, marca Pantene, caja x12, línea Procter."
20000,LAVANDINA 1L CLASICA AYUDIN,"Lavandinas LAVANDINA 1L CLASICA AYUDIN, marca Ayudin, caja x15, línea Clorox."
20001,LAVANDINA 2L CLASICA AYUDIN,"Lavandinas LAVANDINA 2L CLASICA AYUDIN, marca Ayudin, caja x8, línea Clorox."
20002,LAVANDINA 4L CLASICA AYUDIN,"Lavandinas LAVANDINA 4L CLASICA AYUDIN, marca Ayudin, caja x3, línea Clorox."
20012,LAVANDINA 1L ANTI-SPLASH AYUDIN,"Lavandinas LAVANDINA 1L ANTI-SPLASH AYUDIN, marca Ayudin, caja x15, línea Clorox."
20013,LAVANDINA 2L ANTI-SPLASH AYUDIN,"Lavandinas LAVANDINA 2L ANTI-SPLASH AYUDIN, marca Ayudin, caja x8, línea Clorox."
20032,LAVANDINA 1L MULTISUP LAVANDA AYUDIN,"Lavandinas LAVANDINA 1L MULTISUP LAVANDA AYUDIN, marca Ayudin, caja x15, línea Clorox."
20033,LAVANDINA 2L MULTISUP LAVANDA AYUDIN,"Lavandinas LAVANDINA 2L MULTISUP LAVANDA AYUDIN, marca Ayudin, caja x8, línea Clorox."
20034,LAVANDINA 4L MULTISUP LAVANDA AYUDIN,"Lavandinas LAVANDINA 4L MULTISUP LAVANDA AYUDIN, marca Ayudin, caja x3, línea Clorox."
20035,LAVANDINA 1L MULTISUP GLACIAR AYUDIN,"Lavandinas LAVANDINA 1L MULTISUP GLACIAR AYUDIN, marca Ayudin, caja x15, línea Clorox."
20036,LAVANDINA 2L MULTISUP GLACIAR AYUDIN,"Lavandinas LAVANDINA 2L MULTISUP GLACIAR AYUDIN, marca Ayudin, caja x8, línea Clorox."
20037,LAVANDINA 4L MULTISUP GLACIAR AYUDIN,"Lavandinas LAVANDINA 4L MULTISUP GLACIAR AYUDIN, marca Ayudin, caja x3, línea Clorox."
20050,LAVANDINA GEL 500ml ORIGINAL AYUDIN,"Lavandinas LAVANDINA GEL 500ml ORIGINAL AYUDIN, marca Ayudin, caja x15, línea Clorox."
20051,LAVANDINA GEL 500ml CÍTRICA AYUDIN,"Lavandinas LAVANDINA GEL 500ml CÍTRICA AYUDIN, marca Ayudin, caja x15, línea Clorox."
20052,LAVANDINA GEL 700ml ORIGINAL AYUDIN,"Lavandinas LAVANDINA GEL 700ml ORIGINAL AYUDIN, marca Ayudin, caja x15, línea Clorox."
20053,LAVANDINA GEL 700ml CITRUS AYUDIN,"Lavandinas LAVANDINA GEL 700ml CITRUS AYUDIN, marca Ayudin, caja x15, línea Clorox."
20054,LAVANDINA GEL 700ml FLORAL AYUDIN,"Lavandinas LAVANDINA GEL 700ml FLORAL AYUDIN, marca Ayudin, caja x15, línea Clorox."
20055,LAVANDINA GEL 700ml MENTA AYUDIN,"Lavandinas LAVANDINA GEL 700ml MENTA AYUDIN, marca Ayudin, caja x15, línea Clorox."
20056,LAVANDINA GEL 700ml LAVANDA AYUDIN,"Lavandinas LAVANDINA GEL 700ml LAVANDA AYUDIN, marca Ayudin, caja x15, línea Clorox."
20057,LAVANDINA GEL 1.5LORIGINAL AYUDIN,"Lavandinas LAVANDINA GEL 1.5LORIGINAL AYUDIN, marca Ayudin, caja x6, línea Clorox."
20058,LAVANDINA GEL 1.5L CÍTRICA AYUDIN,"Lavandinas LAVANDINA GEL 1.5L CÍTRICA AYUDIN, marca Ayudin, caja x6, línea Clorox."
20085,TOALLITAS DESIN. AYUDIN FLOWPACK X24 FRESCO,"Toallitas desinfectantes TOALLITAS DESIN. AYUDIN FLOWPACK X24 FRESCO, marca Ayudin, caja x12, línea Clorox."
20086,TOALLITAS DESIN. AYUDIN FLOWPACK X36 FRESCO,"Toallitas desinfectantes TOALLITAS DESIN. AYUDIN FLOWPACK X36 FRESCO, marca Ayudin, caja x12, línea Clorox."
20087,TOALLITAS DESIN. AYUDIN DPx65 FRESCO,"Toallitas desinfectantes TOALLITAS DESIN. AYUDIN DPx65 FRESCO, marca Ayudin, caja x12, línea Clorox."
20088,TOALLITAS DESINFECTANTES x65 AYUDIN FRESCA,"Toallitas desinfectantes TOALLITAS DESINFECTANTES x65 AYUDIN FRESCA, marca Ayudin, caja x12, línea Clorox."
20092,TOALLITAS DESIN. AYUDIN DPx35 FRESCO,"Toallitas desinfectantes TOALLITAS DESIN. AYUDIN DPx35 FRESCO, marca Ayudin, caja x12, línea Clorox."
20140,INOD PASTILLA AYUDIN,"Canastas y pastillas p/ inodoro INOD PASTILLA AYUDIN, marca Ayudin, caja x36, línea Clorox."
20142,INOD PASTILLA REP. POETT 27.5G,"Canastas y pastillas p/ inodoro INOD PASTILLA REP. POETT 27.5G, marca Poett, caja x24, línea Clorox."
20147,INOD PASTILLA CON RED POETT,"Canastas y pastillas p/ inodoro INOD PASTILLA CON RED POETT, marca Poett, caja x24, línea Clorox."
20148,INOD PASTILLA CON RED LAVANDA POETT,"Canastas y pastillas p/ inodoro INOD PASTILLA CON RED LAVANDA POETT, marca Poett, caja x12, línea Clorox."
20149,INOD PASTILLA CON RED PRI/BRI POETT,"Canastas y pastillas p/ inodoro INOD PASTILLA CON RED PRI/BRI POETT, marca Poett, caja x12, línea Clorox."
20170,ESPONJA CUADRICULADA MORTIMER,"Utensilios de limpieza ESPONJA CUADRICULADA MORTIMER, marca Esponja, caja x96, línea Clorox."
20171,"ESPONJA DOBLE CUADRICULADA MORTIMER,","Utensilios de limpieza ESPONJA DOBLE CUADRICULADA MORTIMER,, marca Esponja, caja x96, línea Clorox."
20172,ESPONJA PODEROSA,"Utensilios de limpieza ESPONJA PODEROSA, marca Esponja, caja x48, línea Clorox."
20173,ESPONJA CUIDADOSA MORTIMER,"Utensilios de limpieza ESPONJA CUIDADOSA MORTIMER, marca Esponja, caja x48, línea Clorox."
20174,ESPONJA ABRASIVA MORTIMER,"Utensilios de limpieza ESPONJA ABRASIVA MORTIMER, marca Esponja, caja x96, línea Clorox."
20175,ESPONJA ANTIBACTERIAL MORTIMER,"Utensilios de limpieza ESPONJA ANTIBACTERIAL MORTIMER, marca Esponja, caja x96, línea Clorox."
20178,ESPONJA FIBRA BAÑO Y COCINA MORTIMER,"Utensilios de limpieza ESPONJA FIBRA BAÑO Y COCINA MORTIMER, marca Esponja, caja x48, línea Clorox."
20179,ESPONJA FIBRA BAÑO Y COCINA AYUDIN..,"Utensilios de limpieza ESPONJA FIBRA BAÑO Y COCINA AYUDIN.., marca Ayudin, caja x48, línea Clorox."
20190,ESPONJA DOBLE CARA BRONCE MORTIMER,"Utensilios de limpieza ESPONJA DOBLE CARA BRONCE MORTIMER, marca Esponja, caja x96, línea Clorox."
20191,ESPONJA DE BRONCE MORTIMER,"Utensilios de limpieza ESPONJA DE BRONCE MORTIMER, marca Esponja, caja x240, línea Clorox."
20192,ESPONJA PLATEADA MORTIMER,"Utensilios de limpieza ESPONJA PLATEADA MORTIMER, marca Esponja, caja x240, línea Clorox."
20193,ESPONJA LISA MORTIMER,"Utensilios de limpieza ESPONJA LISA MORTIMER, marca Esponja, caja x96, línea Clorox."
20194,ESPONJA LANA ACERO x12uni MORTIMER--,"Utensilios de limpieza ESPONJA LANA ACERO x12uni MORTIMER--, marca Ace, caja x25, línea Clorox."
2020,PANTENE CREM. PEIN. RESTAURACION X 300,"Cuidado de cabello PANTENE CREM. PEIN. RESTAURACION X 300, marca Pantene, caja x12, línea Procter."
20305,REPELENTE SELTON DIARIO 165ml,"Repelente REPELENTE SELTON DIARIO 165ml, marca Repelente, caja x12, línea Clorox."
20306,REPELENTE SELTON EXTRA DURACION 165ml,"Repelente REPELENTE SELTON EXTRA DURACION 165ml, marca Repelente, caja x12, línea Clorox."
20307,REPELENTE SELTON SPRAY 120ml,"Repelente REPELENTE SELTON SPRAY 120ml, marca Repelente, caja x15, línea Clorox."
20340,POETT INTENSE LAVANDA FULL,"Desodorantes de ambientes POETT INTENSE LAVANDA FULL, marca Poett, caja x12, línea Clorox."
20343,POETT INTENSE LAVANDA REFILL,"Desodorantes de ambientes POETT INTENSE LAVANDA REFILL, marca Poett, caja x12, línea Clorox."
20344,POETT INTENSE PRIMAVERA REFILL,"Desodorantes de ambientes POETT INTENSE PRIMAVERA REFILL, marca Poett, caja x12, línea Clorox."
20350,POETT INTENSE LAVANDA REFILL X 2,"Desodorantes de ambientes POETT INTENSE LAVANDA REFILL X 2, marca Poett, caja x12, línea Clorox."
20351,POETT INTENSE PRIMA - SOLO PARA TI X 2,"Desodorantes de ambientes POETT INTENSE PRIMA - SOLO PARA TI X 2, marca Poett, caja x12, línea Clorox."
20360,DESINFECTANTE EXPERT REGULAR 332ml,"Desinfectantes en aerosol DESINFECTANTE EXPERT REGULAR 332ml, marca Desinfectante, caja x6, línea Clorox."
20361,DESINFECTANTE EXPERT MATINAL 332ml,"Desinfectantes en aerosol DESINFECTANTE EXPERT MATINAL 332ml, marca Desinfectante, caja x6, línea Clorox."
20362,DESINFECTANTE EXPERT BEBÉ AYUDIN 332ml,"Desinfectantes en aerosol DESINFECTANTE EXPERT BEBÉ AYUDIN 332ml, marca Ayudin, caja x6, línea Clorox."
20364,DESINFECTANTE EXPERT ORIGINAL 482ml,"Desinfectantes en aerosol DESINFECTANTE EXPERT ORIGINAL 482ml, marca Desinfectante, caja x6, línea Clorox."
20403,TRENET OXI EFECTO ESPUMA GATILLO 500ml,"Cuidadado de la ropa TRENET OXI EFECTO ESPUMA GATILLO 500ml, marca Trenet, caja x12, línea Clorox."
20405,TRENET OXI EFECTO ESPUMA DP 400ml,"Cuidadado de la ropa TRENET OXI EFECTO ESPUMA DP 400ml, marca Trenet, caja x16, línea Clorox."
20406,TRENET BOLILLA HYPERACTIVE 120ml,"Cuidadado de la ropa TRENET BOLILLA HYPERACTIVE 120ml, marca Trenet, caja x72, línea Clorox."
20410,TRENET POWER 120g DP POLVO--,"Cuidadado de la ropa TRENET POWER 120g DP POLVO--, marca Trenet, caja x24, línea Clorox."
20411,TRENET POWER 450g DP POLVO--,"Cuidadado de la ropa TRENET POWER 450g DP POLVO--, marca Trenet, caja x12, línea Clorox."
20412,TRENET POWER 850g DP POLVO--,"Cuidadado de la ropa TRENET POWER 850g DP POLVO--, marca Trenet, caja x8, línea Clorox."
20413,TRENET POWER 450g POTE POLVO--,"Cuidadado de la ropa TRENET POWER 450g POTE POLVO--, marca Trenet, caja x12, línea Clorox."
20430,ROPA BLANCOS INT QUITAMAN AYUDIN 1L,"Cuidadado de la ropa ROPA BLANCOS INT QUITAMAN AYUDIN 1L, marca Ayudin, caja x15, línea Clorox."
20431,ROPA BLANCOS INT QUITAMAN AYUDIN 2L,"Cuidadado de la ropa ROPA BLANCOS INT QUITAMAN AYUDIN 2L, marca Ayudin, caja x8, línea Clorox."
20433,ROPA BLANCOS ULT QUITAMAN AYUDIN 450gr,"Cuidadado de la ropa ROPA BLANCOS ULT QUITAMAN AYUDIN 450gr, marca Ayudin, caja x12, línea Clorox."
20434,ROPA BLANCOS SUPREMOS AYUDIN DP 400ml,"Cuidadado de la ropa ROPA BLANCOS SUPREMOS AYUDIN DP 400ml, marca Ayudin, caja x16, línea Clorox."
20435,ROPA BLANCOS SUPREMOS AYUDIN DP 650ml,"Cuidadado de la ropa ROPA BLANCOS SUPREMOS AYUDIN DP 650ml, marca Ayudin, caja x12, línea Clorox."
20437,ROPA BLANCOS SUPREMOS AYUDIN 700ml,"Cuidadado de la ropa ROPA BLANCOS SUPREMOS AYUDIN 700ml, marca Ayudin, caja x15, línea Clorox."
2048,PANTENE 200ml AC LISO INFIN,"Cuidado de cabello PANTENE 200ml AC LISO INFIN, marca Pantene, caja x12, línea Procter."
20480,AYUDIN LIMPIADOR Desinf. LAVANDA 900ml,"Limpiadores liquidos AYUDIN LIMPIADOR Desinf. LAVANDA 900ml, marca Ayudin, caja x12, línea Clorox."
20481,AYUDIN LIMPIADOR Desinf. MARINA 900ml,"Limpiadores liquidos AYUDIN LIMPIADOR Desinf. MARINA 900ml, marca Ayudin, caja x12, línea Clorox."
20482,AYUDIN LIMPIADOR Desinf. FLORAL 900ml,"Limpiadores liquidos AYUDIN LIMPIADOR Desinf. FLORAL 900ml, marca Ayudin, caja x12, línea Clorox."
2049,PANTENE 200ml SH REVITAL (.),"Cuidado de cabello PANTENE 200ml SH REVITAL (.), marca Pantene, caja x12, línea Procter."
20490,AYUDIN LIMPIADOR Desinf. LAVANDA 1.8L,"Limpiadores liquidos AYUDIN LIMPIADOR Desinf. LAVANDA 1.8L, marca Ayudin, caja x8, línea Clorox."
20491,AYUDIN LIMPIADOR Desinf. MARINA 1.8L,"Limpiadores liquidos AYUDIN LIMPIADOR Desinf. MARINA 1.8L, marca Ayudin, caja x8, línea Clorox."
20492,AYUDIN LIMPIADOR Desinf. FLORAL 1.8L,"Limpiadores liquidos AYUDIN LIMPIADOR Desinf. FLORAL 1.8L, marca Ayudin, caja x8, línea Clorox."
20495,AYUDIN LIMPIADOR Desinf. LAVANDA 4L,"Limpiadores liquidos AYUDIN LIMPIADOR Desinf. LAVANDA 4L, marca Ayudin, caja x3, línea Clorox."
20512,MORT GUANTES NAR 60gr S 1par,"Algodon MORT GUANTES NAR 60gr S 1par, marca Mort, caja x20, línea Clorox."
20513,MORT GUANTES NAR 60gr M X 1par,"Algodon MORT GUANTES NAR 60gr M X 1par, marca Mort, caja x20, línea Clorox."
20514,MORT GUANTES NARAN 60gr L x PAR,"Algodon MORT GUANTES NARAN 60gr L x PAR, marca Mort, caja x20, línea Clorox."
20515,MORT GUANTES VERDE 40gr S x 1 PAR,"Algodon MORT GUANTES VERDE 40gr S x 1 PAR, marca Mort, caja x20, línea Clorox."
20516,MORT GUANTES VERDE 40gr M X PAR,"Algodon MORT GUANTES VERDE 40gr M X PAR, marca Mort, caja x20, línea Clorox."
20517,MORT GUANTES VERDE 40gr L,"Algodon MORT GUANTES VERDE 40gr L, marca Mort, caja x20, línea Clorox."
2082,ARIEL Liquido DELICATES POUCH 800ML,"Jab liquido ARIEL Liquido DELICATES POUCH 800ML, marca Ariel, caja x12, línea Dreamco."
220,PRESTO 3 BLISTER X8 UNI,"Desechables PRESTO 3 BLISTER X8 UNI, marca Presto, caja x18, línea Procter."
2248,VENUS MAQ. ORIGINAL x 1 UNID.,"Sistemas VENUS MAQ. ORIGINAL x 1 UNID., marca Venus, caja x36, línea Procter."
2280,HERB PURE SH ROSA MOSQUETA x240--,"Cuidado de cabello HERB PURE SH ROSA MOSQUETA x240--, marca Herb, caja x6, línea Procter."
2281,HERB PURE AC ROSA MOSQUETA x240--,"Cuidado de cabello HERB PURE AC ROSA MOSQUETA x240--, marca Herb, caja x6, línea Procter."
2282,HERB PURE SH HIDRATE x400--,"Cuidado de cabello HERB PURE SH HIDRATE x400--, marca Herb, caja x6, línea Procter."
2283,HERB PURE AC HIDRATE x400--,"Cuidado de cabello HERB PURE AC HIDRATE x400--, marca Herb, caja x6, línea Procter."
2284,HERB PURE SH REPAIR x400--,"Cuidado de cabello HERB PURE SH REPAIR x400--, marca Herb, caja x6, línea Procter."
2285,HERB PURE AC REPAIR x400--,"Cuidado de cabello HERB PURE AC REPAIR x400--, marca Herb, caja x6, línea Procter."
2444,PANTENE 400ml AC DETOX,"Cuidado de cabello PANTENE 400ml AC DETOX, marca Pantene, caja x12, línea Procter."
2520,MAGISTRAL DISH SAL 1kg,"Detergentes MAGISTRAL DISH SAL 1kg, marca Magistral, caja x10, línea Dreamco."
2561,HS 300ml AC ACEITE DE COCO,"Cuidado de cabello HS 300ml AC ACEITE DE COCO, marca Ace, caja x12, línea Procter."
2883,PANTENE 200ml AC DETOX,"Cuidado de cabello PANTENE 200ml AC DETOX, marca Pantene, caja x12, línea Procter."
2981,PANTENE 400ml SH VOLUMEN,"Cuidado de cabello PANTENE 400ml SH VOLUMEN, marca Pantene, caja x12, línea Procter."
3782,ALWAYS PROTECTORES X 15 UNI (.),"Cuidado femenino ALWAYS PROTECTORES X 15 UNI (.), marca Always, caja x24, línea Procter."
3901,PANTENE 3MM RESTAURACION 170,"Cuidado de cabello PANTENE 3MM RESTAURACION 170, marca Pantene, caja x12, línea Procter."
3904,PANTENE 3MM HIDRAT EXTR 170,"Cuidado de cabello PANTENE 3MM HIDRAT EXTR 170, marca Pantene, caja x12, línea Procter."
3944,MAXX L ARGININA X3UN,"Latex MAXX L ARGININA X3UN, marca Maxx, caja x12, línea Varios."
3945,MAXX TIEMPO X3 (RETARDANTE),"Latex MAXX TIEMPO X3 (RETARDANTE), marca Maxx, caja x12, línea Varios."
3956,MAXX TEXTURADOS X 3 UN,"Latex MAXX TEXTURADOS X 3 UN, marca Maxx, caja x12, línea Varios."
4003,PRIME TEXTURADO,"Latex PRIME TEXTURADO, marca Prime, caja x24, línea Varios Lista mayorista ESEKA-U Córdoba."
4025,PANTENE 700ml AC EQUILIBRIO,"Cuidado de cabello PANTENE 700ml AC EQUILIBRIO, marca Pantene, caja x12, línea Procter."
4417,PANTENE SERUM EQUILIBRIO X 95ML,"Cuidado de cabello PANTENE SERUM EQUILIBRIO X 95ML, marca Pantene, caja x9, línea Procter."
4419,PANTENE TRAT. COLAGENO 90ML,"Cuidado de cabello PANTENE TRAT. COLAGENO 90ML, marca Pantene, caja x10, línea Procter."
5004,PANTENE 750ml SH DETOX,"Cuidado de cabello PANTENE 750ml SH DETOX, marca Pantene, caja x12, línea Procter."
5053,PANTENE 750ml AC VOLUMEN,"Cuidado de cabello PANTENE 750ml AC VOLUMEN, marca Pantene, caja x10, línea Procter."
510,GASEOSA POMELO x 1.5 L,"Otros GASEOSA POMELO x 1.5 L, marca Gaseosa, caja x6, línea Cepas."
5115,ANTEOJO ECO LINE NEGROS AF,"Elementos de proteccion personal ANTEOJO ECO LINE NEGROS AF, marca Anteojo, caja x10, línea Varios."
5116,PROTECTOR FACIAL CRONOS con Mascarilla de Regalo,"Elementos de proteccion personal PROTECTOR FACIAL CRONOS con Mascarilla de Regalo, marca Protector, caja x10, línea Varios."
5119,PROTECTOR FACIAL COV-19 TRANSPARENTE,"Elementos de proteccion personal PROTECTOR FACIAL COV-19 TRANSPARENTE, marca Protector, caja x30, línea Varios."
5120,KIT PROTECTOR FACIAL,"Elementos de proteccion personal KIT PROTECTOR FACIAL, marca Kit, caja x4, línea Varios."
5123,KIT 1 MASCARILLAS QUIR. + 1 ANTEOJO ECOLINE,"Elementos de proteccion personal KIT 1 MASCARILLAS QUIR. + 1 ANTEOJO ECOLINE, marca Kit, línea Varios."
5262,PANTENE 400ml AC EQUIL RAIZ & PUNTAS,"Cuidado de cabello PANTENE 400ml AC EQUIL RAIZ & PUNTAS, marca Pantene, caja x12, línea Procter."
5454,BALDE P&G,"Exhibidores BALDE P&G, marca Balde, línea Procter Lista mayorista ESEKA-U Córdoba."
5608,FELFORT BOTELLITAS WHIS. 20 X 24 G,"Chocolate felfort FELFORT BOTELLITAS WHIS. 20 X 24 G, marca Felfort, caja x12, línea Varios."
5609,FELFORT LICORITAS 25 X 20 GRS,"Chocolate felfort FELFORT LICORITAS 25 X 20 GRS, marca Felfort, caja x16, línea Varios."
5625,FELFORT MEDALLON D. LECHE 20 X 21 GRS,"Chocolate felfort FELFORT MEDALLON D. LECHE 20 X 21 GRS, marca Felfort, caja x12, línea Varios."
5630,FELFORT CEREAL CLASICA x uni.,"Cereales FELFORT CEREAL CLASICA x uni., marca Felfort, caja x24, línea Varios."
5631,FELFORT CEREAL GRAN RICO x uni.,"Cereales FELFORT CEREAL GRAN RICO x uni., marca Felfort, caja x24, línea Varios."
5632,FELFORT CEREAL LADY x uni.,"Cereales FELFORT CEREAL LADY x uni., marca Felfort, caja x24, línea Varios."
5633,FELFORT CEREAL MANZANA x uni.,"Cereales FELFORT CEREAL MANZANA x uni., marca Felfort, caja x24, línea Varios."
5634,FELFORT CEREAL Light FRUTOS ROJOS x uni.,"Cereales FELFORT CEREAL Light FRUTOS ROJOS x uni., marca Felfort, caja x24, línea Varios."
5635,FELFORT CEREAL Light FRUTILLA y MANZ. x uni.,"Cereales FELFORT CEREAL Light FRUTILLA y MANZ. x uni., marca Felfort, caja x24, línea Varios."
5636,FELFORT CEREAL Light YOGHURT ANANA Y ALM. x un,"Cereales FELFORT CEREAL Light YOGHURT ANANA Y ALM. x un, marca Felfort, caja x24, línea Varios."
5637,FELFORT CEREAL CHOCOLATE x uni.,"Cereales FELFORT CEREAL CHOCOLATE x uni., marca Felfort, caja x24, línea Varios."
5641,FELFORT CEREAL Light KIWI y MANZ. x uni.,"Cereales FELFORT CEREAL Light KIWI y MANZ. x uni., marca Felfort, caja x24, línea Varios."
5646,FELFORT LICORFORT CHERRY 30 X 13 GRS,"Chocolate felfort FELFORT LICORFORT CHERRY 30 X 13 GRS, marca Felfort, caja x12, línea Varios."
5651,FELFORT LICORFORT WHISSKY 15 X 13 GRS,"Chocolate felfort FELFORT LICORFORT WHISSKY 15 X 13 GRS, marca Felfort, caja x24, línea Varios."
5711,TABACO LAS HOJAS X 30g VAINILLA,"Tabaco TABACO LAS HOJAS X 30g VAINILLA, marca Tabaco, caja x130, línea Varios."
5712,TABACO LAS HOJAS X 30g CHOCOLATE,"Tabaco TABACO LAS HOJAS X 30g CHOCOLATE, marca Tabaco, caja x130, línea Varios."
5714,TABACO ACHALAY X 40g VAINILLA,"Tabaco TABACO ACHALAY X 40g VAINILLA, marca Tabaco, caja x100, línea Varios."
6315,PAMPERS TOALLITAS ALOE VERA X48,"Pañales - toallas femeninas PAMPERS TOALLITAS ALOE VERA X48, marca Pampers, caja x12, línea Procter."
6320,PAMPERS TOALLITAS Limpeza Delicada x48 (.),"Pañales - toallas femeninas PAMPERS TOALLITAS Limpeza Delicada x48 (.), marca Pampers, caja x12, línea Procter."
6322,PAMPERS TOALLITAS AROMA DE BEBE X48,"Pañales - toallas femeninas PAMPERS TOALLITAS AROMA DE BEBE X48, marca Pampers, caja x12, línea Procter."
6323,PAMPERS TOALLITAS Recien Nacido x48,"Pañales - toallas femeninas PAMPERS TOALLITAS Recien Nacido x48, marca Pampers, caja x12, línea Procter."
6327,PAMPERS TOALLITAS Higiene Completa x48,"Pañales - toallas femeninas PAMPERS TOALLITAS Higiene Completa x48, marca Pampers, caja x12, línea Procter."
6511,ALWAYS PROTEC. DIARIOS S/PERFUME X 40 UNID NUEVO,"Cuidado femenino ALWAYS PROTEC. DIARIOS S/PERFUME X 40 UNID NUEVO, marca Always, caja x24, línea Procter."
680,PRESTO 3 NUEVO CARTEL,"Desechables PRESTO 3 NUEVO CARTEL, marca Presto, caja x120, línea Procter."
7091,PANTENE CREM. PEIN. ANTICAIDA B3 300ML,"Cuidado de cabello PANTENE CREM. PEIN. ANTICAIDA B3 300ML, marca Pantene, caja x12, línea Procter."
7607,PANTENE 700ml SH EQUILIBRIO,"Cuidado de cabello PANTENE 700ml SH EQUILIBRIO, marca Pantene, caja x12, línea Procter."
7608,HS 180ml SH PROTECCION CAIDA,"Cuidado de cabello HS 180ml SH PROTECCION CAIDA, marca Hs, caja x12, línea Procter."
7619,HS 375ml SH PROTECCION CAIDA-,"Cuidado de cabello HS 375ml SH PROTECCION CAIDA-, marca Hs, caja x12, línea Procter."
7620,HS 375ml SH FUERTE DESDE LA RAIZ,"Cuidado de cabello HS 375ml SH FUERTE DESDE LA RAIZ, marca Hs, caja x12, línea Procter."
7653,HS 180ml SH ACEITE DE COCO,"Cuidado de cabello HS 180ml SH ACEITE DE COCO, marca Ace, caja x12, línea Procter."
7654,HS 375ml SH ACEITE DE COCO,"Cuidado de cabello HS 375ml SH ACEITE DE COCO, marca Ace, caja x12, línea Procter."
7900,GILLETTE DESECHABLE CUERPO x 2 UNID.,"Desechables GILLETTE DESECHABLE CUERPO x 2 UNID., marca Gillette, caja x72, línea Procter."
8008,PASTA ORAL-B 70g EXTRA BLANCO CARBON,"Cuidado bucal PASTA ORAL-B 70g EXTRA BLANCO CARBON, marca Oral-B, caja x48, línea Procter."
8015,PASTA ORAL-B 70g 3D WHITE,"Cuidado bucal PASTA ORAL-B 70g 3D WHITE, marca Oral-B, caja x24, línea Procter."
8024,PASTA ORAL-B 140g 3D WHITE,"Cuidado bucal PASTA ORAL-B 140g 3D WHITE, marca Oral-B, caja x24, línea Procter."
8025,PASTA ORAL-B 140g EXTRA BLANCO CARBON,"Cuidado bucal PASTA ORAL-B 140g EXTRA BLANCO CARBON, marca Oral-B, caja x24, línea Procter."
8100,CEP. ORAL-B COMPLETE 40M x1,"Cuidado bucal CEP. ORAL-B COMPLETE 40M x1, marca Oral-B, caja x36, línea Procter."
8101,CEP. ORAL-B COMPLETE 40M x2,"Cuidado bucal CEP. ORAL-B COMPLETE 40M x2, marca Oral-B, caja x36, línea Procter."
8103,GILLETTE DERMA X 1 UNID (.),"Desechables GILLETTE DERMA X 1 UNID (.), marca Gillette, caja x120, línea Procter."
8280,PAMPERS PANTS CS G X 30,"Pañales PAMPERS PANTS CS G X 30, marca Pampers, caja x4, línea Procter."
8764,PRIME RETARDANTE,"Latex PRIME RETARDANTE, marca Prime, caja x24, línea Varios Lista mayorista ESEKA-U Córdoba."
883,PANTENE 700ml SH LISO INFINITO,"Cuidado de cabello PANTENE 700ml SH LISO INFINITO, marca Pantene, caja x12, línea Procter."
9088,PRIME STRONGER,"Latex PRIME STRONGER, marca Prime, caja x24, línea Varios Lista mayorista ESEKA-U Córdoba."
9091,PROTECTOR LABIAL ZONO X12,"Cosmetica PROTECTOR LABIAL ZONO X12, marca Protector, caja x12, línea Varios."
9092,PROTECTOR LABIAL ZONO X20,"Cosmetica PROTECTOR LABIAL ZONO X20, marca Protector, caja x20, línea Varios."
9863,SECRET ANT. STICK POWD PROTECT COTTON 45g--,"Desodorantes SECRET ANT. STICK POWD PROTECT COTTON 45g--, marca Secret, caja x12, línea Procter."
9872,SECRET GEL POWD PROTECT COTTON 45g--,"Desodorantes SECRET GEL POWD PROTECT COTTON 45g--, marca Secret, caja x12, línea Procter."
9881,SECRET CLINICAL STRENGTH OWDER PROTECT 45g--,"Desodorantes SECRET CLINICAL STRENGTH OWDER PROTECT 45g--, marca Secret, caja x12, línea Procter."
