pedido_ref,product_code,nombre,cantidad_solicitada,precio_unitario,lista_precios_id,notas,is_mock,cliente_phone
PF-000001,3012,MARINARO COLA 12X500,1,10580.00,2,Pedido histórico field mock (2025-06-01),true,549388742104
PF-000001,2015,"AGUA MARINARO 6X1,5",1,6486.00,2,Pedido histórico field mock (2025-06-01),true,549388742104
PF-000002,3012,MARINARO COLA 12X500,3,10580.00,2,Pedido histórico field mock (2025-06-17),true,549388742104
PF-000002,2015,"AGUA MARINARO 6X1,5",2,6486.00,2,Pedido histórico field mock (2025-06-17),true,549388742104
PF-000003,3012,MARINARO COLA 12X500,2,10580.00,2,Pedido histórico field mock (2025-07-17),true,549388742104
PF-000003,2015,"AGUA MARINARO 6X1,5",3,6486.00,2,Pedido histórico field mock (2025-07-17),true,549388742104
PF-000003,3024,MARINARO MANZANA 12 X 500,1,10580.00,2,Pedido histórico field mock (2025-07-17),true,549388742104
PF-000003,3023,"MARINARO MANZANA  6 X 2,25",3,7935.00,2,Pedido histórico field mock (2025-07-17),true,549388742104
PF-000004,3012,MARINARO COLA 12X500,1,10580.00,2,Pedido histórico field mock (2025-08-06),true,549388742104
PF-000004,2015,"AGUA MARINARO 6X1,5",3,6486.00,2,Pedido histórico field mock (2025-08-06),true,549388742104
PF-000004,3023,"MARINARO MANZANA  6 X 2,25",4,7935.00,2,Pedido histórico field mock (2025-08-06),true,549388742104
PF-000005,3012,MARINARO COLA 12X500,2,10580.00,2,Pedido histórico field mock (2025-08-26),true,549388742104
PF-000005,2015,"AGUA MARINARO 6X1,5",3,6486.00,2,Pedido histórico field mock (2025-08-26),true,549388742104
PF-000005,3015,"MARINARO GRANADINA 6X2,25",2,7935.00,2,Pedido histórico field mock (2025-08-26),true,549388742104
PF-000005,3023,"MARINARO MANZANA  6 X 2,25",3,7935.00,2,Pedido histórico field mock (2025-08-26),true,549388742104
PF-000006,3012,MARINARO COLA 12X500,4,10580.00,2,Pedido histórico field mock (2025-09-14),true,549388742104
PF-000006,2015,"AGUA MARINARO 6X1,5",2,6486.00,2,Pedido histórico field mock (2025-09-14),true,549388742104
PF-000007,3012,MARINARO COLA 12X500,2,10580.00,2,Pedido histórico field mock (2025-10-06),true,549388742104
PF-000007,2015,"AGUA MARINARO 6X1,5",1,6486.00,2,Pedido histórico field mock (2025-10-06),true,549388742104
PF-000007,3024,MARINARO MANZANA 12 X 500,3,10580.00,2,Pedido histórico field mock (2025-10-06),true,549388742104
PF-000007,3027,MARINARO NARANJA 12 X 500,4,10580.00,2,Pedido histórico field mock (2025-10-06),true,549388742104
PF-000008,3013,"MARINARO COLA 6 X 2,25",3,6210.00,3,Pedido histórico field mock (2025-06-01),true,549388742105
PF-000008,2014,AGUA MARINARO 12X500,2,7290.00,3,Pedido histórico field mock (2025-06-01),true,549388742105
PF-000008,3018,"MARINARO LIMA LIMON 6 X 2,25",3,6210.00,3,Pedido histórico field mock (2025-06-01),true,549388742105
PF-000009,3013,"MARINARO COLA 6 X 2,25",1,6210.00,3,Pedido histórico field mock (2025-06-25),true,549388742105
PF-000009,2014,AGUA MARINARO 12X500,3,7290.00,3,Pedido histórico field mock (2025-06-25),true,549388742105
PF-000010,3013,"MARINARO COLA 6 X 2,25",2,6210.00,3,Pedido histórico field mock (2025-07-17),true,549388742105
PF-000010,2014,AGUA MARINARO 12X500,1,7290.00,3,Pedido histórico field mock (2025-07-17),true,549388742105
PF-000010,3021,MARINARO LIMONADA 12 X 500,2,8280.00,3,Pedido histórico field mock (2025-07-17),true,549388742105
PF-000010,3047,"MARINARO GRANADINA 6X1,5",4,6030.00,3,Pedido histórico field mock (2025-07-17),true,549388742105
PF-000011,3013,"MARINARO COLA 6 X 2,25",3,6210.00,3,Pedido histórico field mock (2025-07-31),true,549388742105
PF-000011,2014,AGUA MARINARO 12X500,1,7290.00,3,Pedido histórico field mock (2025-07-31),true,549388742105
PF-000011,3026,"MARINARO NARANJA 6 X 2,25",4,6210.00,3,Pedido histórico field mock (2025-07-31),true,549388742105
PF-000012,3013,"MARINARO COLA 6 X 2,25",1,6210.00,3,Pedido histórico field mock (2025-08-22),true,549388742105
PF-000012,2014,AGUA MARINARO 12X500,2,7290.00,3,Pedido histórico field mock (2025-08-22),true,549388742105
PF-000013,3013,"MARINARO COLA 6 X 2,25",1,6210.00,3,Pedido histórico field mock (2025-09-19),true,549388742105
PF-000013,2014,AGUA MARINARO 12X500,3,7290.00,3,Pedido histórico field mock (2025-09-19),true,549388742105
PF-000013,3026,"MARINARO NARANJA 6 X 2,25",1,6210.00,3,Pedido histórico field mock (2025-09-19),true,549388742105
PF-000014,3013,"MARINARO COLA 6 X 2,25",4,6210.00,3,Pedido histórico field mock (2025-10-02),true,549388742105
PF-000014,2014,AGUA MARINARO 12X500,2,7290.00,3,Pedido histórico field mock (2025-10-02),true,549388742105
PF-000014,3031,MARINARO POMELO 12 X 500,1,8280.00,3,Pedido histórico field mock (2025-10-02),true,549388742105
PF-000015,2014,AGUA MARINARO 12X500,4,6885.00,4,Pedido histórico field mock (2025-06-02),true,549388742106
PF-000015,3012,MARINARO COLA 12X500,1,7820.00,4,Pedido histórico field mock (2025-06-02),true,549388742106
PF-000016,2014,AGUA MARINARO 12X500,2,6885.00,4,Pedido histórico field mock (2025-06-26),true,549388742106
PF-000016,3012,MARINARO COLA 12X500,2,7820.00,4,Pedido histórico field mock (2025-06-26),true,549388742106
PF-000017,2014,AGUA MARINARO 12X500,3,6885.00,4,Pedido histórico field mock (2025-07-15),true,549388742106
PF-000017,3012,MARINARO COLA 12X500,2,7820.00,4,Pedido histórico field mock (2025-07-15),true,549388742106
PF-000017,3018,"MARINARO LIMA LIMON 6 X 2,25",3,5865.00,4,Pedido histórico field mock (2025-07-15),true,549388742106
PF-000018,2014,AGUA MARINARO 12X500,3,6885.00,4,Pedido histórico field mock (2025-08-07),true,549388742106
PF-000018,3012,MARINARO COLA 12X500,2,7820.00,4,Pedido histórico field mock (2025-08-07),true,549388742106
PF-000019,2014,AGUA MARINARO 12X500,3,6885.00,4,Pedido histórico field mock (2025-08-22),true,549388742106
PF-000019,3012,MARINARO COLA 12X500,1,7820.00,4,Pedido histórico field mock (2025-08-22),true,549388742106
PF-000019,3027,MARINARO NARANJA 12 X 500,4,7820.00,4,Pedido histórico field mock (2025-08-22),true,549388742106
PF-000019,3026,"MARINARO NARANJA 6 X 2,25",2,5865.00,4,Pedido histórico field mock (2025-08-22),true,549388742106
PF-000020,2014,AGUA MARINARO 12X500,1,6885.00,4,Pedido histórico field mock (2025-09-19),true,549388742106
PF-000020,3012,MARINARO COLA 12X500,1,7820.00,4,Pedido histórico field mock (2025-09-19),true,549388742106
PF-000020,3026,"MARINARO NARANJA 6 X 2,25",1,5865.00,4,Pedido histórico field mock (2025-09-19),true,549388742106
PF-000021,2014,AGUA MARINARO 12X500,2,6885.00,4,Pedido histórico field mock (2025-10-02),true,549388742106
PF-000021,3012,MARINARO COLA 12X500,4,7820.00,4,Pedido histórico field mock (2025-10-02),true,549388742106
PF-000021,3018,"MARINARO LIMA LIMON 6 X 2,25",1,5865.00,4,Pedido histórico field mock (2025-10-02),true,549388742106
PF-000021,3015,"MARINARO GRANADINA 6X2,25",1,5865.00,4,Pedido histórico field mock (2025-10-02),true,549388742106
PF-000022,2016,"AGUA MARINARO 6X2,25",1,6100.00,1,Pedido histórico field mock (2025-06-01),true,549388742107
PF-000022,3012,MARINARO COLA 12X500,3,9200.00,1,Pedido histórico field mock (2025-06-01),true,549388742107
PF-000023,2016,"AGUA MARINARO 6X2,25",3,6100.00,1,Pedido histórico field mock (2025-06-18),true,549388742107
PF-000023,3012,MARINARO COLA 12X500,1,9200.00,1,Pedido histórico field mock (2025-06-18),true,549388742107
PF-000023,3027,MARINARO NARANJA 12 X 500,1,9200.00,1,Pedido histórico field mock (2025-06-18),true,549388742107
PF-000024,2016,"AGUA MARINARO 6X2,25",4,6100.00,1,Pedido histórico field mock (2025-07-18),true,549388742107
PF-000024,3012,MARINARO COLA 12X500,2,9200.00,1,Pedido histórico field mock (2025-07-18),true,549388742107
PF-000025,2016,"AGUA MARINARO 6X2,25",2,6100.00,1,Pedido histórico field mock (2025-08-01),true,549388742107
PF-000025,3012,MARINARO COLA 12X500,2,9200.00,1,Pedido histórico field mock (2025-08-01),true,549388742107
PF-000025,3018,"MARINARO LIMA LIMON 6 X 2,25",4,6900.00,1,Pedido histórico field mock (2025-08-01),true,549388742107
PF-000025,3027,MARINARO NARANJA 12 X 500,4,9200.00,1,Pedido histórico field mock (2025-08-01),true,549388742107
PF-000026,2016,"AGUA MARINARO 6X2,25",4,6100.00,1,Pedido histórico field mock (2025-08-20),true,549388742107
PF-000026,3012,MARINARO COLA 12X500,2,9200.00,1,Pedido histórico field mock (2025-08-20),true,549388742107
PF-000026,3020,"MARINARO LIMONADA 6 X 2,25",2,6900.00,1,Pedido histórico field mock (2025-08-20),true,549388742107
PF-000026,3021,MARINARO LIMONADA 12 X 500,3,9200.00,1,Pedido histórico field mock (2025-08-20),true,549388742107
PF-000027,2016,"AGUA MARINARO 6X2,25",2,6100.00,1,Pedido histórico field mock (2025-09-14),true,549388742107
PF-000027,3012,MARINARO COLA 12X500,2,9200.00,1,Pedido histórico field mock (2025-09-14),true,549388742107
PF-000028,2016,"AGUA MARINARO 6X2,25",1,6100.00,1,Pedido histórico field mock (2025-10-04),true,549388742107
PF-000028,3012,MARINARO COLA 12X500,2,9200.00,1,Pedido histórico field mock (2025-10-04),true,549388742107
PF-000028,3020,"MARINARO LIMONADA 6 X 2,25",2,6900.00,1,Pedido histórico field mock (2025-10-04),true,549388742107
PF-000028,3047,"MARINARO GRANADINA 6X1,5",3,6700.00,1,Pedido histórico field mock (2025-10-04),true,549388742107
PF-000029,3013,"MARINARO COLA 6 X 2,25",2,7935.00,2,Pedido histórico field mock (2025-06-05),true,549388742108
PF-000029,2016,"AGUA MARINARO 6X2,25",1,7015.00,2,Pedido histórico field mock (2025-06-05),true,549388742108
PF-000029,3016,MARINARO GRANADINA 12 X 500,3,10580.00,2,Pedido histórico field mock (2025-06-05),true,549388742108
PF-000029,3023,"MARINARO MANZANA  6 X 2,25",3,7935.00,2,Pedido histórico field mock (2025-06-05),true,549388742108
PF-000030,3013,"MARINARO COLA 6 X 2,25",4,7935.00,2,Pedido histórico field mock (2025-06-19),true,549388742108
PF-000030,2016,"AGUA MARINARO 6X2,25",2,7015.00,2,Pedido histórico field mock (2025-06-19),true,549388742108
PF-000030,3049,"MARINARO COLA 6X1,5",4,7705.00,2,Pedido histórico field mock (2025-06-19),true,549388742108
PF-000030,3027,MARINARO NARANJA 12 X 500,3,10580.00,2,Pedido histórico field mock (2025-06-19),true,549388742108
PF-000031,3013,"MARINARO COLA 6 X 2,25",4,7935.00,2,Pedido histórico field mock (2025-07-10),true,549388742108
PF-000031,2016,"AGUA MARINARO 6X2,25",1,7015.00,2,Pedido histórico field mock (2025-07-10),true,549388742108
PF-000031,3030,"MARINARO POMELO 6 X 2,25",3,7935.00,2,Pedido histórico field mock (2025-07-10),true,549388742108
PF-000031,3031,MARINARO POMELO 12 X 500,3,10580.00,2,Pedido histórico field mock (2025-07-10),true,549388742108
PF-000032,3013,"MARINARO COLA 6 X 2,25",1,7935.00,2,Pedido histórico field mock (2025-08-04),true,549388742108
PF-000032,2016,"AGUA MARINARO 6X2,25",3,7015.00,2,Pedido histórico field mock (2025-08-04),true,549388742108
PF-000033,3013,"MARINARO COLA 6 X 2,25",3,7935.00,2,Pedido histórico field mock (2025-08-26),true,549388742108
PF-000033,2016,"AGUA MARINARO 6X2,25",4,7015.00,2,Pedido histórico field mock (2025-08-26),true,549388742108
PF-000034,3013,"MARINARO COLA 6 X 2,25",4,7935.00,2,Pedido histórico field mock (2025-09-09),true,549388742108
PF-000034,2016,"AGUA MARINARO 6X2,25",2,7015.00,2,Pedido histórico field mock (2025-09-09),true,549388742108
PF-000034,3021,MARINARO LIMONADA 12 X 500,3,10580.00,2,Pedido histórico field mock (2025-09-09),true,549388742108
PF-000035,3013,"MARINARO COLA 6 X 2,25",2,7935.00,2,Pedido histórico field mock (2025-10-08),true,549388742108
PF-000035,2016,"AGUA MARINARO 6X2,25",4,7015.00,2,Pedido histórico field mock (2025-10-08),true,549388742108
PF-000036,2015,"AGUA MARINARO 6X1,5",2,5076.00,3,Pedido histórico field mock (2025-06-01),true,549388742109
PF-000036,3012,MARINARO COLA 12X500,4,8280.00,3,Pedido histórico field mock (2025-06-01),true,549388742109
PF-000036,3027,MARINARO NARANJA 12 X 500,2,8280.00,3,Pedido histórico field mock (2025-06-01),true,549388742109
PF-000037,2015,"AGUA MARINARO 6X1,5",4,5076.00,3,Pedido histórico field mock (2025-06-17),true,549388742109
PF-000037,3012,MARINARO COLA 12X500,1,8280.00,3,Pedido histórico field mock (2025-06-17),true,549388742109
PF-000037,3030,"MARINARO POMELO 6 X 2,25",4,6210.00,3,Pedido histórico field mock (2025-06-17),true,549388742109
PF-000037,3047,"MARINARO GRANADINA 6X1,5",3,6030.00,3,Pedido histórico field mock (2025-06-17),true,549388742109
PF-000038,2015,"AGUA MARINARO 6X1,5",4,5076.00,3,Pedido histórico field mock (2025-07-15),true,549388742109
PF-000038,3012,MARINARO COLA 12X500,4,8280.00,3,Pedido histórico field mock (2025-07-15),true,549388742109
PF-000038,3024,MARINARO MANZANA 12 X 500,2,8280.00,3,Pedido histórico field mock (2025-07-15),true,549388742109
PF-000038,3047,"MARINARO GRANADINA 6X1,5",3,6030.00,3,Pedido histórico field mock (2025-07-15),true,549388742109
PF-000039,2015,"AGUA MARINARO 6X1,5",2,5076.00,3,Pedido histórico field mock (2025-08-06),true,549388742109
PF-000039,3012,MARINARO COLA 12X500,2,8280.00,3,Pedido histórico field mock (2025-08-06),true,549388742109
PF-000039,3051,"MARINARO MANZANA 6X1,5",3,6030.00,3,Pedido histórico field mock (2025-08-06),true,549388742109
PF-000040,2015,"AGUA MARINARO 6X1,5",1,5076.00,3,Pedido histórico field mock (2025-08-20),true,549388742109
PF-000040,3012,MARINARO COLA 12X500,1,8280.00,3,Pedido histórico field mock (2025-08-20),true,549388742109
PF-000041,2015,"AGUA MARINARO 6X1,5",3,5076.00,3,Pedido histórico field mock (2025-09-13),true,549388742109
PF-000041,3012,MARINARO COLA 12X500,4,8280.00,3,Pedido histórico field mock (2025-09-13),true,549388742109
PF-000041,3051,"MARINARO MANZANA 6X1,5",3,6030.00,3,Pedido histórico field mock (2025-09-13),true,549388742109
PF-000042,2015,"AGUA MARINARO 6X1,5",1,5076.00,3,Pedido histórico field mock (2025-10-02),true,549388742109
PF-000042,3012,MARINARO COLA 12X500,1,8280.00,3,Pedido histórico field mock (2025-10-02),true,549388742109
PF-000042,3015,"MARINARO GRANADINA 6X2,25",2,6210.00,3,Pedido histórico field mock (2025-10-02),true,549388742109
PF-000042,3049,"MARINARO COLA 6X1,5",3,6030.00,3,Pedido histórico field mock (2025-10-02),true,549388742109
PF-000043,2016,"AGUA MARINARO 6X2,25",4,5185.00,4,Pedido histórico field mock (2025-06-01),true,549388742110
PF-000043,2015,"AGUA MARINARO 6X1,5",3,4794.00,4,Pedido histórico field mock (2025-06-01),true,549388742110
PF-000043,3031,MARINARO POMELO 12 X 500,1,7820.00,4,Pedido histórico field mock (2025-06-01),true,549388742110
PF-000043,3016,MARINARO GRANADINA 12 X 500,2,7820.00,4,Pedido histórico field mock (2025-06-01),true,549388742110
PF-000044,2016,"AGUA MARINARO 6X2,25",3,5185.00,4,Pedido histórico field mock (2025-06-25),true,549388742110
PF-000044,2015,"AGUA MARINARO 6X1,5",2,4794.00,4,Pedido histórico field mock (2025-06-25),true,549388742110
PF-000045,2016,"AGUA MARINARO 6X2,25",4,5185.00,4,Pedido histórico field mock (2025-07-18),true,549388742110
PF-000045,2015,"AGUA MARINARO 6X1,5",2,4794.00,4,Pedido histórico field mock (2025-07-18),true,549388742110
PF-000045,3030,"MARINARO POMELO 6 X 2,25",4,5865.00,4,Pedido histórico field mock (2025-07-18),true,549388742110
PF-000045,3015,"MARINARO GRANADINA 6X2,25",1,5865.00,4,Pedido histórico field mock (2025-07-18),true,549388742110
PF-000046,2016,"AGUA MARINARO 6X2,25",2,5185.00,4,Pedido histórico field mock (2025-08-02),true,549388742110
PF-000046,2015,"AGUA MARINARO 6X1,5",3,4794.00,4,Pedido histórico field mock (2025-08-02),true,549388742110
PF-000047,2016,"AGUA MARINARO 6X2,25",2,5185.00,4,Pedido histórico field mock (2025-08-24),true,549388742110
PF-000047,2015,"AGUA MARINARO 6X1,5",2,4794.00,4,Pedido histórico field mock (2025-08-24),true,549388742110
PF-000047,3049,"MARINARO COLA 6X1,5",2,5695.00,4,Pedido histórico field mock (2025-08-24),true,549388742110
PF-000047,3020,"MARINARO LIMONADA 6 X 2,25",4,5865.00,4,Pedido histórico field mock (2025-08-24),true,549388742110
PF-000048,2016,"AGUA MARINARO 6X2,25",3,5185.00,4,Pedido histórico field mock (2025-09-14),true,549388742110
PF-000048,2015,"AGUA MARINARO 6X1,5",2,4794.00,4,Pedido histórico field mock (2025-09-14),true,549388742110
PF-000049,2016,"AGUA MARINARO 6X2,25",3,5185.00,4,Pedido histórico field mock (2025-10-02),true,549388742110
PF-000049,2015,"AGUA MARINARO 6X1,5",3,4794.00,4,Pedido histórico field mock (2025-10-02),true,549388742110
PF-000050,3013,"MARINARO COLA 6 X 2,25",1,6900.00,1,Pedido histórico field mock (2025-06-06),true,549388742111
PF-000050,2014,AGUA MARINARO 12X500,3,8100.00,1,Pedido histórico field mock (2025-06-06),true,549388742111
PF-000051,3013,"MARINARO COLA 6 X 2,25",2,6900.00,1,Pedido histórico field mock (2025-06-25),true,549388742111
PF-000051,2014,AGUA MARINARO 12X500,3,8100.00,1,Pedido histórico field mock (2025-06-25),true,549388742111
PF-000052,3013,"MARINARO COLA 6 X 2,25",1,6900.00,1,Pedido histórico field mock (2025-07-10),true,549388742111
PF-000052,2014,AGUA MARINARO 12X500,1,8100.00,1,Pedido histórico field mock (2025-07-10),true,549388742111
PF-000052,3020,"MARINARO LIMONADA 6 X 2,25",2,6900.00,1,Pedido histórico field mock (2025-07-10),true,549388742111
PF-000052,3024,MARINARO MANZANA 12 X 500,2,9200.00,1,Pedido histórico field mock (2025-07-10),true,549388742111
PF-000053,3013,"MARINARO COLA 6 X 2,25",3,6900.00,1,Pedido histórico field mock (2025-07-29),true,549388742111
PF-000053,2014,AGUA MARINARO 12X500,3,8100.00,1,Pedido histórico field mock (2025-07-29),true,549388742111
PF-000053,3031,MARINARO POMELO 12 X 500,2,9200.00,1,Pedido histórico field mock (2025-07-29),true,549388742111
PF-000054,3013,"MARINARO COLA 6 X 2,25",2,6900.00,1,Pedido histórico field mock (2025-08-19),true,549388742111
PF-000054,2014,AGUA MARINARO 12X500,2,8100.00,1,Pedido histórico field mock (2025-08-19),true,549388742111
PF-000054,3019,MARINARO LIMA LIMON 12 X 500,4,9200.00,1,Pedido histórico field mock (2025-08-19),true,549388742111
PF-000055,3013,"MARINARO COLA 6 X 2,25",1,6900.00,1,Pedido histórico field mock (2025-09-14),true,549388742111
PF-000055,2014,AGUA MARINARO 12X500,4,8100.00,1,Pedido histórico field mock (2025-09-14),true,549388742111
PF-000056,3013,"MARINARO COLA 6 X 2,25",1,6900.00,1,Pedido histórico field mock (2025-10-08),true,549388742111
PF-000056,2014,AGUA MARINARO 12X500,4,8100.00,1,Pedido histórico field mock (2025-10-08),true,549388742111
PF-000056,3021,MARINARO LIMONADA 12 X 500,3,9200.00,1,Pedido histórico field mock (2025-10-08),true,549388742111
PF-000057,2016,"AGUA MARINARO 6X2,25",4,7015.00,2,Pedido histórico field mock (2025-06-01),true,549388742112
PF-000057,2014,AGUA MARINARO 12X500,2,9315.00,2,Pedido histórico field mock (2025-06-01),true,549388742112
PF-000057,3051,"MARINARO MANZANA 6X1,5",4,7705.00,2,Pedido histórico field mock (2025-06-01),true,549388742112
PF-000058,2016,"AGUA MARINARO 6X2,25",1,7015.00,2,Pedido histórico field mock (2025-06-18),true,549388742112
PF-000058,2014,AGUA MARINARO 12X500,3,9315.00,2,Pedido histórico field mock (2025-06-18),true,549388742112
PF-000058,3051,"MARINARO MANZANA 6X1,5",4,7705.00,2,Pedido histórico field mock (2025-06-18),true,549388742112
PF-000058,3023,"MARINARO MANZANA  6 X 2,25",2,7935.00,2,Pedido histórico field mock (2025-06-18),true,549388742112
PF-000059,2016,"AGUA MARINARO 6X2,25",2,7015.00,2,Pedido histórico field mock (2025-07-09),true,549388742112
PF-000059,2014,AGUA MARINARO 12X500,1,9315.00,2,Pedido histórico field mock (2025-07-09),true,549388742112
PF-000059,3023,"MARINARO MANZANA  6 X 2,25",2,7935.00,2,Pedido histórico field mock (2025-07-09),true,549388742112
PF-000060,2016,"AGUA MARINARO 6X2,25",3,7015.00,2,Pedido histórico field mock (2025-08-03),true,549388742112
PF-000060,2014,AGUA MARINARO 12X500,4,9315.00,2,Pedido histórico field mock (2025-08-03),true,549388742112
PF-000060,3018,"MARINARO LIMA LIMON 6 X 2,25",4,7935.00,2,Pedido histórico field mock (2025-08-03),true,549388742112
PF-000060,3024,MARINARO MANZANA 12 X 500,1,10580.00,2,Pedido histórico field mock (2025-08-03),true,549388742112
PF-000061,2016,"AGUA MARINARO 6X2,25",3,7015.00,2,Pedido histórico field mock (2025-08-23),true,549388742112
PF-000061,2014,AGUA MARINARO 12X500,4,9315.00,2,Pedido histórico field mock (2025-08-23),true,549388742112
PF-000061,3018,"MARINARO LIMA LIMON 6 X 2,25",4,7935.00,2,Pedido histórico field mock (2025-08-23),true,549388742112
PF-000061,3051,"MARINARO MANZANA 6X1,5",3,7705.00,2,Pedido histórico field mock (2025-08-23),true,549388742112
PF-000062,2016,"AGUA MARINARO 6X2,25",2,7015.00,2,Pedido histórico field mock (2025-09-16),true,549388742112
PF-000062,2014,AGUA MARINARO 12X500,2,9315.00,2,Pedido histórico field mock (2025-09-16),true,549388742112
PF-000062,3047,"MARINARO GRANADINA 6X1,5",4,7705.00,2,Pedido histórico field mock (2025-09-16),true,549388742112
PF-000062,3018,"MARINARO LIMA LIMON 6 X 2,25",3,7935.00,2,Pedido histórico field mock (2025-09-16),true,549388742112
PF-000063,2016,"AGUA MARINARO 6X2,25",1,7015.00,2,Pedido histórico field mock (2025-10-07),true,549388742112
PF-000063,2014,AGUA MARINARO 12X500,1,9315.00,2,Pedido histórico field mock (2025-10-07),true,549388742112
PF-000063,3024,MARINARO MANZANA 12 X 500,1,10580.00,2,Pedido histórico field mock (2025-10-07),true,549388742112
PF-000063,3031,MARINARO POMELO 12 X 500,4,10580.00,2,Pedido histórico field mock (2025-10-07),true,549388742112
PF-000064,2014,AGUA MARINARO 12X500,4,7290.00,3,Pedido histórico field mock (2025-06-01),true,549388742113
PF-000064,2016,"AGUA MARINARO 6X2,25",2,5490.00,3,Pedido histórico field mock (2025-06-01),true,549388742113
PF-000064,3016,MARINARO GRANADINA 12 X 500,2,8280.00,3,Pedido histórico field mock (2025-06-01),true,549388742113
PF-000064,3031,MARINARO POMELO 12 X 500,4,8280.00,3,Pedido histórico field mock (2025-06-01),true,549388742113
PF-000065,2014,AGUA MARINARO 12X500,2,7290.00,3,Pedido histórico field mock (2025-06-22),true,549388742113
PF-000065,2016,"AGUA MARINARO 6X2,25",2,5490.00,3,Pedido histórico field mock (2025-06-22),true,549388742113
PF-000065,3026,"MARINARO NARANJA 6 X 2,25",1,6210.00,3,Pedido histórico field mock (2025-06-22),true,549388742113
PF-000066,2014,AGUA MARINARO 12X500,3,7290.00,3,Pedido histórico field mock (2025-07-15),true,549388742113
PF-000066,2016,"AGUA MARINARO 6X2,25",1,5490.00,3,Pedido histórico field mock (2025-07-15),true,549388742113
PF-000066,3047,"MARINARO GRANADINA 6X1,5",3,6030.00,3,Pedido histórico field mock (2025-07-15),true,549388742113
PF-000067,2014,AGUA MARINARO 12X500,1,7290.00,3,Pedido histórico field mock (2025-07-31),true,549388742113
PF-000067,2016,"AGUA MARINARO 6X2,25",1,5490.00,3,Pedido histórico field mock (2025-07-31),true,549388742113
PF-000067,3023,"MARINARO MANZANA  6 X 2,25",1,6210.00,3,Pedido histórico field mock (2025-07-31),true,549388742113
PF-000068,2014,AGUA MARINARO 12X500,3,7290.00,3,Pedido histórico field mock (2025-08-22),true,549388742113
PF-000068,2016,"AGUA MARINARO 6X2,25",4,5490.00,3,Pedido histórico field mock (2025-08-22),true,549388742113
PF-000068,3019,MARINARO LIMA LIMON 12 X 500,1,8280.00,3,Pedido histórico field mock (2025-08-22),true,549388742113
PF-000069,2014,AGUA MARINARO 12X500,1,7290.00,3,Pedido histórico field mock (2025-09-11),true,549388742113
PF-000069,2016,"AGUA MARINARO 6X2,25",4,5490.00,3,Pedido histórico field mock (2025-09-11),true,549388742113
PF-000069,3021,MARINARO LIMONADA 12 X 500,4,8280.00,3,Pedido histórico field mock (2025-09-11),true,549388742113
PF-000069,3047,"MARINARO GRANADINA 6X1,5",4,6030.00,3,Pedido histórico field mock (2025-09-11),true,549388742113
PF-000070,2014,AGUA MARINARO 12X500,1,7290.00,3,Pedido histórico field mock (2025-10-10),true,549388742113
PF-000070,2016,"AGUA MARINARO 6X2,25",2,5490.00,3,Pedido histórico field mock (2025-10-10),true,549388742113
PF-000070,3016,MARINARO GRANADINA 12 X 500,4,8280.00,3,Pedido histórico field mock (2025-10-10),true,549388742113
PF-000071,2016,"AGUA MARINARO 6X2,25",4,5185.00,4,Pedido histórico field mock (2025-06-01),true,549388742114
PF-000071,3012,MARINARO COLA 12X500,1,7820.00,4,Pedido histórico field mock (2025-06-01),true,549388742114
PF-000072,2016,"AGUA MARINARO 6X2,25",3,5185.00,4,Pedido histórico field mock (2025-07-14),true,549388742114
PF-000072,3012,MARINARO COLA 12X500,3,7820.00,4,Pedido histórico field mock (2025-07-14),true,549388742114
PF-000073,2016,"AGUA MARINARO 6X2,25",3,5185.00,4,Pedido histórico field mock (2025-08-12),true,549388742114
PF-000073,3012,MARINARO COLA 12X500,4,7820.00,4,Pedido histórico field mock (2025-08-12),true,549388742114
PF-000073,3026,"MARINARO NARANJA 6 X 2,25",4,5865.00,4,Pedido histórico field mock (2025-08-12),true,549388742114
PF-000073,3019,MARINARO LIMA LIMON 12 X 500,4,7820.00,4,Pedido histórico field mock (2025-08-12),true,549388742114
PF-000074,2016,"AGUA MARINARO 6X2,25",2,5185.00,4,Pedido histórico field mock (2025-09-27),true,549388742114
PF-000074,3012,MARINARO COLA 12X500,3,7820.00,4,Pedido histórico field mock (2025-09-27),true,549388742114
PF-000074,3020,"MARINARO LIMONADA 6 X 2,25",3,5865.00,4,Pedido histórico field mock (2025-09-27),true,549388742114
PF-000075,2016,"AGUA MARINARO 6X2,25",2,5185.00,4,Pedido histórico field mock (2025-10-28),true,549388742114
PF-000075,3012,MARINARO COLA 12X500,3,7820.00,4,Pedido histórico field mock (2025-10-28),true,549388742114
PF-000075,3047,"MARINARO GRANADINA 6X1,5",2,5695.00,4,Pedido histórico field mock (2025-10-28),true,549388742114
PF-000076,2016,"AGUA MARINARO 6X2,25",4,5185.00,4,Pedido histórico field mock (2025-12-13),true,549388742114
PF-000076,3012,MARINARO COLA 12X500,3,7820.00,4,Pedido histórico field mock (2025-12-13),true,549388742114
PF-000076,3023,"MARINARO MANZANA  6 X 2,25",2,5865.00,4,Pedido histórico field mock (2025-12-13),true,549388742114
PF-000077,2016,"AGUA MARINARO 6X2,25",3,5185.00,4,Pedido histórico field mock (2026-01-11),true,549388742114
PF-000077,3012,MARINARO COLA 12X500,2,7820.00,4,Pedido histórico field mock (2026-01-11),true,549388742114
PF-000078,3013,"MARINARO COLA 6 X 2,25",2,5865.00,4,Pedido reciente field mock (2026-04-10),true,549388742114
PF-000078,3012,MARINARO COLA 12X500,2,7820.00,4,Pedido reciente field mock (2026-04-10),true,549388742114
PF-000079,2016,"AGUA MARINARO 6X2,25",2,5185.00,4,Pedido reciente field mock (2026-05-01),true,549388742114
PF-000079,2015,"AGUA MARINARO 6X1,5",1,4794.00,4,Pedido reciente field mock (2026-05-01),true,549388742114
PF-000080,2016,"AGUA MARINARO 6X2,25",2,5185.00,4,Pedido reciente field mock (2026-05-08),true,549388742114
PF-000080,2014,AGUA MARINARO 12X500,2,6885.00,4,Pedido reciente field mock (2026-05-08),true,549388742114
PF-000081,2016,"AGUA MARINARO 6X2,25",1,6100.00,1,Pedido histórico field mock (2025-06-01),true,549388742115
PF-000081,3013,"MARINARO COLA 6 X 2,25",2,6900.00,1,Pedido histórico field mock (2025-06-01),true,549388742115
PF-000082,2016,"AGUA MARINARO 6X2,25",2,6100.00,1,Pedido histórico field mock (2025-07-12),true,549388742115
PF-000082,3013,"MARINARO COLA 6 X 2,25",1,6900.00,1,Pedido histórico field mock (2025-07-12),true,549388742115
PF-000083,2016,"AGUA MARINARO 6X2,25",2,6100.00,1,Pedido histórico field mock (2025-08-11),true,549388742115
PF-000083,3013,"MARINARO COLA 6 X 2,25",4,6900.00,1,Pedido histórico field mock (2025-08-11),true,549388742115
PF-000083,3027,MARINARO NARANJA 12 X 500,1,9200.00,1,Pedido histórico field mock (2025-08-11),true,549388742115
PF-000084,2016,"AGUA MARINARO 6X2,25",1,6100.00,1,Pedido histórico field mock (2025-09-26),true,549388742115
PF-000084,3013,"MARINARO COLA 6 X 2,25",2,6900.00,1,Pedido histórico field mock (2025-09-26),true,549388742115
PF-000085,2016,"AGUA MARINARO 6X2,25",3,6100.00,1,Pedido histórico field mock (2025-10-28),true,549388742115
PF-000085,3013,"MARINARO COLA 6 X 2,25",4,6900.00,1,Pedido histórico field mock (2025-10-28),true,549388742115
PF-000085,3016,MARINARO GRANADINA 12 X 500,1,9200.00,1,Pedido histórico field mock (2025-10-28),true,549388742115
PF-000085,3024,MARINARO MANZANA 12 X 500,4,9200.00,1,Pedido histórico field mock (2025-10-28),true,549388742115
PF-000086,2016,"AGUA MARINARO 6X2,25",3,6100.00,1,Pedido histórico field mock (2025-12-07),true,549388742115
PF-000086,3013,"MARINARO COLA 6 X 2,25",3,6900.00,1,Pedido histórico field mock (2025-12-07),true,549388742115
PF-000087,2016,"AGUA MARINARO 6X2,25",1,6100.00,1,Pedido histórico field mock (2026-01-13),true,549388742115
PF-000087,3013,"MARINARO COLA 6 X 2,25",2,6900.00,1,Pedido histórico field mock (2026-01-13),true,549388742115
PF-000087,3024,MARINARO MANZANA 12 X 500,2,9200.00,1,Pedido histórico field mock (2026-01-13),true,549388742115
PF-000087,3030,"MARINARO POMELO 6 X 2,25",2,6900.00,1,Pedido histórico field mock (2026-01-13),true,549388742115
PF-000088,2015,"AGUA MARINARO 6X1,5",1,5640.00,1,Pedido reciente field mock (2026-04-20),true,549388742115
PF-000088,3013,"MARINARO COLA 6 X 2,25",3,6900.00,1,Pedido reciente field mock (2026-04-20),true,549388742115
PF-000089,2015,"AGUA MARINARO 6X1,5",1,5640.00,1,Pedido reciente field mock (2026-05-04),true,549388742115
PF-000089,3012,MARINARO COLA 12X500,3,9200.00,1,Pedido reciente field mock (2026-05-04),true,549388742115
PF-000090,2015,"AGUA MARINARO 6X1,5",1,5640.00,1,Pedido reciente field mock (2026-05-13),true,549388742115
PF-000090,2014,AGUA MARINARO 12X500,3,8100.00,1,Pedido reciente field mock (2026-05-13),true,549388742115
PF-000091,2015,"AGUA MARINARO 6X1,5",1,6486.00,2,Pedido histórico field mock (2025-06-01),true,549388742116
PF-000091,3013,"MARINARO COLA 6 X 2,25",3,7935.00,2,Pedido histórico field mock (2025-06-01),true,549388742116
PF-000091,3021,MARINARO LIMONADA 12 X 500,4,10580.00,2,Pedido histórico field mock (2025-06-01),true,549388742116
PF-000092,2015,"AGUA MARINARO 6X1,5",3,6486.00,2,Pedido histórico field mock (2025-07-11),true,549388742116
PF-000092,3013,"MARINARO COLA 6 X 2,25",1,7935.00,2,Pedido histórico field mock (2025-07-11),true,549388742116
PF-000093,2015,"AGUA MARINARO 6X1,5",1,6486.00,2,Pedido histórico field mock (2025-08-13),true,549388742116
PF-000093,3013,"MARINARO COLA 6 X 2,25",2,7935.00,2,Pedido histórico field mock (2025-08-13),true,549388742116
PF-000093,3030,"MARINARO POMELO 6 X 2,25",2,7935.00,2,Pedido histórico field mock (2025-08-13),true,549388742116
PF-000093,3049,"MARINARO COLA 6X1,5",2,7705.00,2,Pedido histórico field mock (2025-08-13),true,549388742116
PF-000094,2015,"AGUA MARINARO 6X1,5",4,6486.00,2,Pedido histórico field mock (2025-09-28),true,549388742116
PF-000094,3013,"MARINARO COLA 6 X 2,25",4,7935.00,2,Pedido histórico field mock (2025-09-28),true,549388742116
PF-000094,3051,"MARINARO MANZANA 6X1,5",3,7705.00,2,Pedido histórico field mock (2025-09-28),true,549388742116
PF-000094,3047,"MARINARO GRANADINA 6X1,5",2,7705.00,2,Pedido histórico field mock (2025-09-28),true,549388742116
PF-000095,2015,"AGUA MARINARO 6X1,5",1,6486.00,2,Pedido histórico field mock (2025-10-30),true,549388742116
PF-000095,3013,"MARINARO COLA 6 X 2,25",4,7935.00,2,Pedido histórico field mock (2025-10-30),true,549388742116
PF-000095,3047,"MARINARO GRANADINA 6X1,5",3,7705.00,2,Pedido histórico field mock (2025-10-30),true,549388742116
PF-000095,3016,MARINARO GRANADINA 12 X 500,4,10580.00,2,Pedido histórico field mock (2025-10-30),true,549388742116
PF-000096,2015,"AGUA MARINARO 6X1,5",1,6486.00,2,Pedido histórico field mock (2025-12-05),true,549388742116
PF-000096,3013,"MARINARO COLA 6 X 2,25",3,7935.00,2,Pedido histórico field mock (2025-12-05),true,549388742116
PF-000096,3020,"MARINARO LIMONADA 6 X 2,25",2,7935.00,2,Pedido histórico field mock (2025-12-05),true,549388742116
PF-000096,3049,"MARINARO COLA 6X1,5",2,7705.00,2,Pedido histórico field mock (2025-12-05),true,549388742116
PF-000097,2015,"AGUA MARINARO 6X1,5",2,6486.00,2,Pedido histórico field mock (2026-01-15),true,549388742116
PF-000097,3013,"MARINARO COLA 6 X 2,25",4,7935.00,2,Pedido histórico field mock (2026-01-15),true,549388742116
PF-000097,3047,"MARINARO GRANADINA 6X1,5",3,7705.00,2,Pedido histórico field mock (2026-01-15),true,549388742116
PF-000097,3018,"MARINARO LIMA LIMON 6 X 2,25",3,7935.00,2,Pedido histórico field mock (2026-01-15),true,549388742116
PF-000098,2014,AGUA MARINARO 12X500,1,9315.00,2,Pedido reciente field mock (2026-04-12),true,549388742116
PF-000098,3013,"MARINARO COLA 6 X 2,25",3,7935.00,2,Pedido reciente field mock (2026-04-12),true,549388742116
PF-000099,3013,"MARINARO COLA 6 X 2,25",3,7935.00,2,Pedido reciente field mock (2026-04-17),true,549388742116
PF-000099,2015,"AGUA MARINARO 6X1,5",2,6486.00,2,Pedido reciente field mock (2026-04-17),true,549388742116
PF-000100,2014,AGUA MARINARO 12X500,1,9315.00,2,Pedido reciente field mock (2026-05-08),true,549388742116
PF-000100,2015,"AGUA MARINARO 6X1,5",3,6486.00,2,Pedido reciente field mock (2026-05-08),true,549388742116
PF-000101,2015,"AGUA MARINARO 6X1,5",4,5076.00,3,Pedido histórico field mock (2025-06-02),true,549388742117
PF-000101,3012,MARINARO COLA 12X500,3,8280.00,3,Pedido histórico field mock (2025-06-02),true,549388742117
PF-000101,3027,MARINARO NARANJA 12 X 500,2,8280.00,3,Pedido histórico field mock (2025-06-02),true,549388742117
PF-000102,2015,"AGUA MARINARO 6X1,5",3,5076.00,3,Pedido histórico field mock (2025-07-06),true,549388742117
PF-000102,3012,MARINARO COLA 12X500,4,8280.00,3,Pedido histórico field mock (2025-07-06),true,549388742117
PF-000102,3019,MARINARO LIMA LIMON 12 X 500,3,8280.00,3,Pedido histórico field mock (2025-07-06),true,549388742117
PF-000102,3051,"MARINARO MANZANA 6X1,5",1,6030.00,3,Pedido histórico field mock (2025-07-06),true,549388742117
PF-000103,2015,"AGUA MARINARO 6X1,5",4,5076.00,3,Pedido histórico field mock (2025-08-12),true,549388742117
PF-000103,3012,MARINARO COLA 12X500,3,8280.00,3,Pedido histórico field mock (2025-08-12),true,549388742117
PF-000103,3018,"MARINARO LIMA LIMON 6 X 2,25",3,6210.00,3,Pedido histórico field mock (2025-08-12),true,549388742117
PF-000103,3020,"MARINARO LIMONADA 6 X 2,25",2,6210.00,3,Pedido histórico field mock (2025-08-12),true,549388742117
PF-000104,2015,"AGUA MARINARO 6X1,5",1,5076.00,3,Pedido histórico field mock (2025-09-18),true,549388742117
PF-000104,3012,MARINARO COLA 12X500,4,8280.00,3,Pedido histórico field mock (2025-09-18),true,549388742117
PF-000105,2015,"AGUA MARINARO 6X1,5",2,5076.00,3,Pedido histórico field mock (2025-11-05),true,549388742117
PF-000105,3012,MARINARO COLA 12X500,1,8280.00,3,Pedido histórico field mock (2025-11-05),true,549388742117
PF-000106,2015,"AGUA MARINARO 6X1,5",1,5076.00,3,Pedido histórico field mock (2025-12-06),true,549388742117
PF-000106,3012,MARINARO COLA 12X500,1,8280.00,3,Pedido histórico field mock (2025-12-06),true,549388742117
PF-000106,3049,"MARINARO COLA 6X1,5",1,6030.00,3,Pedido histórico field mock (2025-12-06),true,549388742117
PF-000107,2015,"AGUA MARINARO 6X1,5",2,5076.00,3,Pedido histórico field mock (2026-01-18),true,549388742117
PF-000107,3012,MARINARO COLA 12X500,2,8280.00,3,Pedido histórico field mock (2026-01-18),true,549388742117
PF-000108,2016,"AGUA MARINARO 6X2,25",1,5490.00,3,Pedido reciente field mock (2026-04-21),true,549388742117
PF-000108,3013,"MARINARO COLA 6 X 2,25",3,6210.00,3,Pedido reciente field mock (2026-04-21),true,549388742117
PF-000109,2014,AGUA MARINARO 12X500,3,7290.00,3,Pedido reciente field mock (2026-04-27),true,549388742117
PF-000109,2015,"AGUA MARINARO 6X1,5",2,5076.00,3,Pedido reciente field mock (2026-04-27),true,549388742117
PF-000110,2015,"AGUA MARINARO 6X1,5",1,5076.00,3,Pedido reciente field mock (2026-05-10),true,549388742117
PF-000110,3012,MARINARO COLA 12X500,2,8280.00,3,Pedido reciente field mock (2026-05-10),true,549388742117
PF-000111,3012,MARINARO COLA 12X500,4,7820.00,4,Pedido histórico field mock (2025-06-01),true,549388742118
PF-000111,2014,AGUA MARINARO 12X500,1,6885.00,4,Pedido histórico field mock (2025-06-01),true,549388742118
PF-000112,3012,MARINARO COLA 12X500,1,7820.00,4,Pedido histórico field mock (2025-07-10),true,549388742118
PF-000112,2014,AGUA MARINARO 12X500,2,6885.00,4,Pedido histórico field mock (2025-07-10),true,549388742118
PF-000113,3012,MARINARO COLA 12X500,4,7820.00,4,Pedido histórico field mock (2025-08-16),true,549388742118
PF-000113,2014,AGUA MARINARO 12X500,3,6885.00,4,Pedido histórico field mock (2025-08-16),true,549388742118
PF-000114,3012,MARINARO COLA 12X500,2,7820.00,4,Pedido histórico field mock (2025-09-21),true,549388742118
PF-000114,2014,AGUA MARINARO 12X500,3,6885.00,4,Pedido histórico field mock (2025-09-21),true,549388742118
PF-000114,3024,MARINARO MANZANA 12 X 500,3,7820.00,4,Pedido histórico field mock (2025-09-21),true,549388742118
PF-000115,3012,MARINARO COLA 12X500,1,7820.00,4,Pedido histórico field mock (2025-10-30),true,549388742118
PF-000115,2014,AGUA MARINARO 12X500,1,6885.00,4,Pedido histórico field mock (2025-10-30),true,549388742118
PF-000115,3031,MARINARO POMELO 12 X 500,4,7820.00,4,Pedido histórico field mock (2025-10-30),true,549388742118
PF-000115,3020,"MARINARO LIMONADA 6 X 2,25",2,5865.00,4,Pedido histórico field mock (2025-10-30),true,549388742118
PF-000116,3012,MARINARO COLA 12X500,3,7820.00,4,Pedido histórico field mock (2025-12-12),true,549388742118
PF-000116,2014,AGUA MARINARO 12X500,1,6885.00,4,Pedido histórico field mock (2025-12-12),true,549388742118
PF-000117,3012,MARINARO COLA 12X500,1,7820.00,4,Pedido histórico field mock (2026-01-16),true,549388742118
PF-000117,2014,AGUA MARINARO 12X500,2,6885.00,4,Pedido histórico field mock (2026-01-16),true,549388742118
PF-000117,3047,"MARINARO GRANADINA 6X1,5",2,5695.00,4,Pedido histórico field mock (2026-01-16),true,549388742118
PF-000117,3051,"MARINARO MANZANA 6X1,5",4,5695.00,4,Pedido histórico field mock (2026-01-16),true,549388742118
PF-000118,3013,"MARINARO COLA 6 X 2,25",3,5865.00,4,Pedido reciente field mock (2026-04-30),true,549388742118
PF-000118,2015,"AGUA MARINARO 6X1,5",2,4794.00,4,Pedido reciente field mock (2026-04-30),true,549388742118
PF-000119,2015,"AGUA MARINARO 6X1,5",2,4794.00,4,Pedido reciente field mock (2026-05-05),true,549388742118
PF-000119,2016,"AGUA MARINARO 6X2,25",1,5185.00,4,Pedido reciente field mock (2026-05-05),true,549388742118
PF-000120,2016,"AGUA MARINARO 6X2,25",3,5185.00,4,Pedido reciente field mock (2026-05-12),true,549388742118
PF-000120,2015,"AGUA MARINARO 6X1,5",2,4794.00,4,Pedido reciente field mock (2026-05-12),true,549388742118
PF-000121,3013,"MARINARO COLA 6 X 2,25",3,6900.00,1,Pedido histórico field mock (2025-06-04),true,549388742119
PF-000121,2014,AGUA MARINARO 12X500,2,8100.00,1,Pedido histórico field mock (2025-06-04),true,549388742119
PF-000121,3024,MARINARO MANZANA 12 X 500,3,9200.00,1,Pedido histórico field mock (2025-06-04),true,549388742119
PF-000122,3013,"MARINARO COLA 6 X 2,25",4,6900.00,1,Pedido histórico field mock (2025-07-08),true,549388742119
PF-000122,2014,AGUA MARINARO 12X500,4,8100.00,1,Pedido histórico field mock (2025-07-08),true,549388742119
PF-000122,3023,"MARINARO MANZANA  6 X 2,25",1,6900.00,1,Pedido histórico field mock (2025-07-08),true,549388742119
PF-000123,3013,"MARINARO COLA 6 X 2,25",4,6900.00,1,Pedido histórico field mock (2025-08-11),true,549388742119
PF-000123,2014,AGUA MARINARO 12X500,2,8100.00,1,Pedido histórico field mock (2025-08-11),true,549388742119
PF-000123,3015,"MARINARO GRANADINA 6X2,25",4,6900.00,1,Pedido histórico field mock (2025-08-11),true,549388742119
PF-000124,3013,"MARINARO COLA 6 X 2,25",1,6900.00,1,Pedido histórico field mock (2025-09-26),true,549388742119
PF-000124,2014,AGUA MARINARO 12X500,2,8100.00,1,Pedido histórico field mock (2025-09-26),true,549388742119
PF-000124,3015,"MARINARO GRANADINA 6X2,25",3,6900.00,1,Pedido histórico field mock (2025-09-26),true,549388742119
PF-000124,3027,MARINARO NARANJA 12 X 500,1,9200.00,1,Pedido histórico field mock (2025-09-26),true,549388742119
PF-000125,3013,"MARINARO COLA 6 X 2,25",4,6900.00,1,Pedido histórico field mock (2025-11-04),true,549388742119
PF-000125,2014,AGUA MARINARO 12X500,3,8100.00,1,Pedido histórico field mock (2025-11-04),true,549388742119
PF-000126,3013,"MARINARO COLA 6 X 2,25",3,6900.00,1,Pedido histórico field mock (2025-12-13),true,549388742119
PF-000126,2014,AGUA MARINARO 12X500,4,8100.00,1,Pedido histórico field mock (2025-12-13),true,549388742119
PF-000126,3020,"MARINARO LIMONADA 6 X 2,25",1,6900.00,1,Pedido histórico field mock (2025-12-13),true,549388742119
PF-000126,3023,"MARINARO MANZANA  6 X 2,25",4,6900.00,1,Pedido histórico field mock (2025-12-13),true,549388742119
PF-000127,3013,"MARINARO COLA 6 X 2,25",4,6900.00,1,Pedido histórico field mock (2026-01-13),true,549388742119
PF-000127,2014,AGUA MARINARO 12X500,4,8100.00,1,Pedido histórico field mock (2026-01-13),true,549388742119
PF-000127,3027,MARINARO NARANJA 12 X 500,4,9200.00,1,Pedido histórico field mock (2026-01-13),true,549388742119
PF-000127,3051,"MARINARO MANZANA 6X1,5",2,6700.00,1,Pedido histórico field mock (2026-01-13),true,549388742119
PF-000128,2014,AGUA MARINARO 12X500,2,8100.00,1,Pedido reciente field mock (2026-04-17),true,549388742119
PF-000128,3012,MARINARO COLA 12X500,1,9200.00,1,Pedido reciente field mock (2026-04-17),true,549388742119
PF-000129,2015,"AGUA MARINARO 6X1,5",1,5640.00,1,Pedido reciente field mock (2026-05-05),true,549388742119
PF-000129,3013,"MARINARO COLA 6 X 2,25",3,6900.00,1,Pedido reciente field mock (2026-05-05),true,549388742119
PF-000130,3013,"MARINARO COLA 6 X 2,25",3,6900.00,1,Pedido reciente field mock (2026-05-13),true,549388742119
PF-000130,2014,AGUA MARINARO 12X500,3,8100.00,1,Pedido reciente field mock (2026-05-13),true,549388742119
PF-000131,2014,AGUA MARINARO 12X500,4,9315.00,2,Pedido histórico field mock (2025-06-01),true,549388742120
PF-000131,2015,"AGUA MARINARO 6X1,5",4,6486.00,2,Pedido histórico field mock (2025-06-01),true,549388742120
PF-000132,2014,AGUA MARINARO 12X500,4,9315.00,2,Pedido histórico field mock (2025-07-12),true,549388742120
PF-000132,2015,"AGUA MARINARO 6X1,5",4,6486.00,2,Pedido histórico field mock (2025-07-12),true,549388742120
PF-000132,3024,MARINARO MANZANA 12 X 500,4,10580.00,2,Pedido histórico field mock (2025-07-12),true,549388742120
PF-000133,2014,AGUA MARINARO 12X500,4,9315.00,2,Pedido histórico field mock (2025-08-12),true,549388742120
PF-000133,2015,"AGUA MARINARO 6X1,5",4,6486.00,2,Pedido histórico field mock (2025-08-12),true,549388742120
PF-000133,3023,"MARINARO MANZANA  6 X 2,25",4,7935.00,2,Pedido histórico field mock (2025-08-12),true,549388742120
PF-000133,3019,MARINARO LIMA LIMON 12 X 500,4,10580.00,2,Pedido histórico field mock (2025-08-12),true,549388742120
PF-000134,2014,AGUA MARINARO 12X500,3,9315.00,2,Pedido histórico field mock (2025-09-22),true,549388742120
PF-000134,2015,"AGUA MARINARO 6X1,5",2,6486.00,2,Pedido histórico field mock (2025-09-22),true,549388742120
PF-000134,3049,"MARINARO COLA 6X1,5",2,7705.00,2,Pedido histórico field mock (2025-09-22),true,549388742120
PF-000135,2014,AGUA MARINARO 12X500,4,9315.00,2,Pedido histórico field mock (2025-10-26),true,549388742120
PF-000135,2015,"AGUA MARINARO 6X1,5",4,6486.00,2,Pedido histórico field mock (2025-10-26),true,549388742120
PF-000135,3020,"MARINARO LIMONADA 6 X 2,25",4,7935.00,2,Pedido histórico field mock (2025-10-26),true,549388742120
PF-000135,3021,MARINARO LIMONADA 12 X 500,3,10580.00,2,Pedido histórico field mock (2025-10-26),true,549388742120
PF-000136,2014,AGUA MARINARO 12X500,4,9315.00,2,Pedido histórico field mock (2025-12-08),true,549388742120
PF-000136,2015,"AGUA MARINARO 6X1,5",1,6486.00,2,Pedido histórico field mock (2025-12-08),true,549388742120
PF-000137,2014,AGUA MARINARO 12X500,1,9315.00,2,Pedido histórico field mock (2026-01-19),true,549388742120
PF-000137,2015,"AGUA MARINARO 6X1,5",2,6486.00,2,Pedido histórico field mock (2026-01-19),true,549388742120
PF-000137,3020,"MARINARO LIMONADA 6 X 2,25",3,7935.00,2,Pedido histórico field mock (2026-01-19),true,549388742120
PF-000138,2015,"AGUA MARINARO 6X1,5",1,6486.00,2,Pedido reciente field mock (2026-04-19),true,549388742120
PF-000138,2014,AGUA MARINARO 12X500,2,9315.00,2,Pedido reciente field mock (2026-04-19),true,549388742120
PF-000139,3013,"MARINARO COLA 6 X 2,25",2,7935.00,2,Pedido reciente field mock (2026-05-05),true,549388742120
PF-000139,2014,AGUA MARINARO 12X500,1,9315.00,2,Pedido reciente field mock (2026-05-05),true,549388742120
PF-000140,2016,"AGUA MARINARO 6X2,25",1,7015.00,2,Pedido reciente field mock (2026-05-14),true,549388742120
PF-000140,2015,"AGUA MARINARO 6X1,5",2,6486.00,2,Pedido reciente field mock (2026-05-14),true,549388742120
PF-000141,2016,"AGUA MARINARO 6X2,25",1,5490.00,3,Pedido histórico field mock (2025-06-01),true,549388742121
PF-000141,2015,"AGUA MARINARO 6X1,5",1,5076.00,3,Pedido histórico field mock (2025-06-01),true,549388742121
PF-000141,3047,"MARINARO GRANADINA 6X1,5",3,6030.00,3,Pedido histórico field mock (2025-06-01),true,549388742121
PF-000142,2016,"AGUA MARINARO 6X2,25",3,5490.00,3,Pedido histórico field mock (2025-07-07),true,549388742121
PF-000142,2015,"AGUA MARINARO 6X1,5",3,5076.00,3,Pedido histórico field mock (2025-07-07),true,549388742121
PF-000142,3031,MARINARO POMELO 12 X 500,1,8280.00,3,Pedido histórico field mock (2025-07-07),true,549388742121
PF-000142,3015,"MARINARO GRANADINA 6X2,25",2,6210.00,3,Pedido histórico field mock (2025-07-07),true,549388742121
PF-000143,2016,"AGUA MARINARO 6X2,25",2,5490.00,3,Pedido histórico field mock (2025-08-11),true,549388742121
PF-000143,2015,"AGUA MARINARO 6X1,5",2,5076.00,3,Pedido histórico field mock (2025-08-11),true,549388742121
PF-000143,3030,"MARINARO POMELO 6 X 2,25",4,6210.00,3,Pedido histórico field mock (2025-08-11),true,549388742121
PF-000143,3018,"MARINARO LIMA LIMON 6 X 2,25",3,6210.00,3,Pedido histórico field mock (2025-08-11),true,549388742121
PF-000144,2016,"AGUA MARINARO 6X2,25",3,5490.00,3,Pedido histórico field mock (2025-09-26),true,549388742121
PF-000144,2015,"AGUA MARINARO 6X1,5",4,5076.00,3,Pedido histórico field mock (2025-09-26),true,549388742121
PF-000144,3023,"MARINARO MANZANA  6 X 2,25",2,6210.00,3,Pedido histórico field mock (2025-09-26),true,549388742121
PF-000145,2016,"AGUA MARINARO 6X2,25",4,5490.00,3,Pedido histórico field mock (2025-11-03),true,549388742121
PF-000145,2015,"AGUA MARINARO 6X1,5",3,5076.00,3,Pedido histórico field mock (2025-11-03),true,549388742121
PF-000146,2016,"AGUA MARINARO 6X2,25",3,5490.00,3,Pedido histórico field mock (2025-12-07),true,549388742121
PF-000146,2015,"AGUA MARINARO 6X1,5",4,5076.00,3,Pedido histórico field mock (2025-12-07),true,549388742121
PF-000147,2016,"AGUA MARINARO 6X2,25",4,5490.00,3,Pedido histórico field mock (2026-01-16),true,549388742121
PF-000147,2015,"AGUA MARINARO 6X1,5",3,5076.00,3,Pedido histórico field mock (2026-01-16),true,549388742121
PF-000147,3049,"MARINARO COLA 6X1,5",1,6030.00,3,Pedido histórico field mock (2026-01-16),true,549388742121
PF-000147,3019,MARINARO LIMA LIMON 12 X 500,3,8280.00,3,Pedido histórico field mock (2026-01-16),true,549388742121
PF-000148,2016,"AGUA MARINARO 6X2,25",1,5490.00,3,Pedido reciente field mock (2026-04-05),true,549388742121
PF-000148,2014,AGUA MARINARO 12X500,2,7290.00,3,Pedido reciente field mock (2026-04-05),true,549388742121
PF-000149,3013,"MARINARO COLA 6 X 2,25",1,6210.00,3,Pedido reciente field mock (2026-05-13),true,549388742121
PF-000149,2014,AGUA MARINARO 12X500,2,7290.00,3,Pedido reciente field mock (2026-05-13),true,549388742121
PF-000150,2016,"AGUA MARINARO 6X2,25",3,5490.00,3,Pedido reciente field mock (2026-05-20),true,549388742121
PF-000150,2014,AGUA MARINARO 12X500,1,7290.00,3,Pedido reciente field mock (2026-05-20),true,549388742121
PF-000151,2014,AGUA MARINARO 12X500,2,6885.00,4,Pedido histórico field mock (2025-06-04),true,549388742122
PF-000151,2015,"AGUA MARINARO 6X1,5",1,4794.00,4,Pedido histórico field mock (2025-06-04),true,549388742122
PF-000151,3051,"MARINARO MANZANA 6X1,5",2,5695.00,4,Pedido histórico field mock (2025-06-04),true,549388742122
PF-000151,3018,"MARINARO LIMA LIMON 6 X 2,25",2,5865.00,4,Pedido histórico field mock (2025-06-04),true,549388742122
PF-000152,2014,AGUA MARINARO 12X500,1,6885.00,4,Pedido histórico field mock (2025-07-12),true,549388742122
PF-000152,2015,"AGUA MARINARO 6X1,5",3,4794.00,4,Pedido histórico field mock (2025-07-12),true,549388742122
PF-000153,2014,AGUA MARINARO 12X500,2,6885.00,4,Pedido histórico field mock (2025-08-16),true,549388742122
PF-000153,2015,"AGUA MARINARO 6X1,5",3,4794.00,4,Pedido histórico field mock (2025-08-16),true,549388742122
PF-000153,3026,"MARINARO NARANJA 6 X 2,25",3,5865.00,4,Pedido histórico field mock (2025-08-16),true,549388742122
PF-000153,3018,"MARINARO LIMA LIMON 6 X 2,25",3,5865.00,4,Pedido histórico field mock (2025-08-16),true,549388742122
PF-000154,2014,AGUA MARINARO 12X500,1,6885.00,4,Pedido histórico field mock (2025-09-27),true,549388742122
PF-000154,2015,"AGUA MARINARO 6X1,5",2,4794.00,4,Pedido histórico field mock (2025-09-27),true,549388742122
PF-000154,3027,MARINARO NARANJA 12 X 500,1,7820.00,4,Pedido histórico field mock (2025-09-27),true,549388742122
PF-000154,3024,MARINARO MANZANA 12 X 500,3,7820.00,4,Pedido histórico field mock (2025-09-27),true,549388742122
PF-000155,2014,AGUA MARINARO 12X500,1,6885.00,4,Pedido histórico field mock (2025-10-30),true,549388742122
PF-000155,2015,"AGUA MARINARO 6X1,5",3,4794.00,4,Pedido histórico field mock (2025-10-30),true,549388742122
PF-000155,3024,MARINARO MANZANA 12 X 500,2,7820.00,4,Pedido histórico field mock (2025-10-30),true,549388742122
PF-000155,3030,"MARINARO POMELO 6 X 2,25",1,5865.00,4,Pedido histórico field mock (2025-10-30),true,549388742122
PF-000156,2014,AGUA MARINARO 12X500,3,6885.00,4,Pedido histórico field mock (2025-12-10),true,549388742122
PF-000156,2015,"AGUA MARINARO 6X1,5",4,4794.00,4,Pedido histórico field mock (2025-12-10),true,549388742122
PF-000157,2014,AGUA MARINARO 12X500,3,6885.00,4,Pedido histórico field mock (2026-01-16),true,549388742122
PF-000157,2015,"AGUA MARINARO 6X1,5",2,4794.00,4,Pedido histórico field mock (2026-01-16),true,549388742122
PF-000157,3026,"MARINARO NARANJA 6 X 2,25",1,5865.00,4,Pedido histórico field mock (2026-01-16),true,549388742122
PF-000157,3051,"MARINARO MANZANA 6X1,5",3,5695.00,4,Pedido histórico field mock (2026-01-16),true,549388742122
PF-000158,3013,"MARINARO COLA 6 X 2,25",3,5865.00,4,Pedido reciente field mock (2026-04-09),true,549388742122
PF-000158,2016,"AGUA MARINARO 6X2,25",1,5185.00,4,Pedido reciente field mock (2026-04-09),true,549388742122
PF-000159,3012,MARINARO COLA 12X500,3,7820.00,4,Pedido reciente field mock (2026-04-29),true,549388742122
PF-000159,2014,AGUA MARINARO 12X500,1,6885.00,4,Pedido reciente field mock (2026-04-29),true,549388742122
PF-000160,2016,"AGUA MARINARO 6X2,25",3,5185.00,4,Pedido reciente field mock (2026-05-04),true,549388742122
PF-000160,2014,AGUA MARINARO 12X500,2,6885.00,4,Pedido reciente field mock (2026-05-04),true,549388742122
PF-000161,2015,"AGUA MARINARO 6X1,5",2,5640.00,1,Pedido histórico field mock (2025-06-02),true,549388742123
PF-000161,3012,MARINARO COLA 12X500,4,9200.00,1,Pedido histórico field mock (2025-06-02),true,549388742123
PF-000161,3047,"MARINARO GRANADINA 6X1,5",3,6700.00,1,Pedido histórico field mock (2025-06-02),true,549388742123
PF-000161,3027,MARINARO NARANJA 12 X 500,3,9200.00,1,Pedido histórico field mock (2025-06-02),true,549388742123
PF-000162,2015,"AGUA MARINARO 6X1,5",3,5640.00,1,Pedido histórico field mock (2025-07-11),true,549388742123
PF-000162,3012,MARINARO COLA 12X500,4,9200.00,1,Pedido histórico field mock (2025-07-11),true,549388742123
PF-000162,3031,MARINARO POMELO 12 X 500,3,9200.00,1,Pedido histórico field mock (2025-07-11),true,549388742123
PF-000163,2015,"AGUA MARINARO 6X1,5",4,5640.00,1,Pedido histórico field mock (2025-08-19),true,549388742123
PF-000163,3012,MARINARO COLA 12X500,1,9200.00,1,Pedido histórico field mock (2025-08-19),true,549388742123
PF-000164,2015,"AGUA MARINARO 6X1,5",4,5640.00,1,Pedido histórico field mock (2025-09-22),true,549388742123
PF-000164,3012,MARINARO COLA 12X500,2,9200.00,1,Pedido histórico field mock (2025-09-22),true,549388742123
PF-000164,3018,"MARINARO LIMA LIMON 6 X 2,25",2,6900.00,1,Pedido histórico field mock (2025-09-22),true,549388742123
PF-000165,2015,"AGUA MARINARO 6X1,5",4,5640.00,1,Pedido histórico field mock (2025-10-26),true,549388742123
PF-000165,3012,MARINARO COLA 12X500,2,9200.00,1,Pedido histórico field mock (2025-10-26),true,549388742123
PF-000165,3051,"MARINARO MANZANA 6X1,5",4,6700.00,1,Pedido histórico field mock (2025-10-26),true,549388742123
PF-000166,2015,"AGUA MARINARO 6X1,5",3,5640.00,1,Pedido histórico field mock (2025-12-12),true,549388742123
PF-000166,3012,MARINARO COLA 12X500,2,9200.00,1,Pedido histórico field mock (2025-12-12),true,549388742123
PF-000167,2015,"AGUA MARINARO 6X1,5",2,5640.00,1,Pedido histórico field mock (2026-01-19),true,549388742123
PF-000167,3012,MARINARO COLA 12X500,1,9200.00,1,Pedido histórico field mock (2026-01-19),true,549388742123
PF-000167,3027,MARINARO NARANJA 12 X 500,1,9200.00,1,Pedido histórico field mock (2026-01-19),true,549388742123
PF-000167,3018,"MARINARO LIMA LIMON 6 X 2,25",1,6900.00,1,Pedido histórico field mock (2026-01-19),true,549388742123
PF-000168,3012,MARINARO COLA 12X500,2,9200.00,1,Pedido reciente field mock (2026-04-21),true,549388742123
PF-000168,3013,"MARINARO COLA 6 X 2,25",3,6900.00,1,Pedido reciente field mock (2026-04-21),true,549388742123
PF-000169,3012,MARINARO COLA 12X500,1,9200.00,1,Pedido reciente field mock (2026-04-28),true,549388742123
PF-000169,2014,AGUA MARINARO 12X500,3,8100.00,1,Pedido reciente field mock (2026-04-28),true,549388742123
PF-000170,3013,"MARINARO COLA 6 X 2,25",2,6900.00,1,Pedido reciente field mock (2026-05-17),true,549388742123
PF-000170,3012,MARINARO COLA 12X500,1,9200.00,1,Pedido reciente field mock (2026-05-17),true,549388742123
PF-000171,3012,MARINARO COLA 12X500,4,10580.00,2,Pedido histórico field mock (2025-06-04),true,549388742124
PF-000171,2016,"AGUA MARINARO 6X2,25",4,7015.00,2,Pedido histórico field mock (2025-06-04),true,549388742124
PF-000171,3030,"MARINARO POMELO 6 X 2,25",4,7935.00,2,Pedido histórico field mock (2025-06-04),true,549388742124
PF-000172,3012,MARINARO COLA 12X500,2,10580.00,2,Pedido histórico field mock (2025-07-12),true,549388742124
PF-000172,2016,"AGUA MARINARO 6X2,25",2,7015.00,2,Pedido histórico field mock (2025-07-12),true,549388742124
PF-000172,3027,MARINARO NARANJA 12 X 500,3,10580.00,2,Pedido histórico field mock (2025-07-12),true,549388742124
PF-000172,3015,"MARINARO GRANADINA 6X2,25",3,7935.00,2,Pedido histórico field mock (2025-07-12),true,549388742124
PF-000173,3012,MARINARO COLA 12X500,2,10580.00,2,Pedido histórico field mock (2025-08-16),true,549388742124
PF-000173,2016,"AGUA MARINARO 6X2,25",1,7015.00,2,Pedido histórico field mock (2025-08-16),true,549388742124
PF-000173,3023,"MARINARO MANZANA  6 X 2,25",3,7935.00,2,Pedido histórico field mock (2025-08-16),true,549388742124
PF-000173,3031,MARINARO POMELO 12 X 500,4,10580.00,2,Pedido histórico field mock (2025-08-16),true,549388742124
PF-000174,3012,MARINARO COLA 12X500,2,10580.00,2,Pedido histórico field mock (2025-09-20),true,549388742124
PF-000174,2016,"AGUA MARINARO 6X2,25",3,7015.00,2,Pedido histórico field mock (2025-09-20),true,549388742124
PF-000175,3012,MARINARO COLA 12X500,1,10580.00,2,Pedido histórico field mock (2025-11-05),true,549388742124
PF-000175,2016,"AGUA MARINARO 6X2,25",1,7015.00,2,Pedido histórico field mock (2025-11-05),true,549388742124
PF-000175,3015,"MARINARO GRANADINA 6X2,25",2,7935.00,2,Pedido histórico field mock (2025-11-05),true,549388742124
PF-000175,3051,"MARINARO MANZANA 6X1,5",3,7705.00,2,Pedido histórico field mock (2025-11-05),true,549388742124
PF-000176,3012,MARINARO COLA 12X500,3,10580.00,2,Pedido histórico field mock (2025-12-06),true,549388742124
PF-000176,2016,"AGUA MARINARO 6X2,25",3,7015.00,2,Pedido histórico field mock (2025-12-06),true,549388742124
PF-000177,3012,MARINARO COLA 12X500,4,10580.00,2,Pedido histórico field mock (2026-01-12),true,549388742124
PF-000177,2016,"AGUA MARINARO 6X2,25",3,7015.00,2,Pedido histórico field mock (2026-01-12),true,549388742124
PF-000177,3051,"MARINARO MANZANA 6X1,5",2,7705.00,2,Pedido histórico field mock (2026-01-12),true,549388742124
PF-000177,3018,"MARINARO LIMA LIMON 6 X 2,25",2,7935.00,2,Pedido histórico field mock (2026-01-12),true,549388742124
PF-000178,2015,"AGUA MARINARO 6X1,5",1,6486.00,2,Pedido reciente field mock (2026-04-15),true,549388742124
PF-000178,3012,MARINARO COLA 12X500,1,10580.00,2,Pedido reciente field mock (2026-04-15),true,549388742124
PF-000179,2016,"AGUA MARINARO 6X2,25",2,7015.00,2,Pedido reciente field mock (2026-04-26),true,549388742124
PF-000179,3012,MARINARO COLA 12X500,2,10580.00,2,Pedido reciente field mock (2026-04-26),true,549388742124
PF-000180,3013,"MARINARO COLA 6 X 2,25",3,7935.00,2,Pedido reciente field mock (2026-05-05),true,549388742124
PF-000180,3012,MARINARO COLA 12X500,2,10580.00,2,Pedido reciente field mock (2026-05-05),true,549388742124
PF-000181,2014,AGUA MARINARO 12X500,4,7290.00,3,Pedido histórico field mock (2025-06-06),true,549388742125
PF-000181,3013,"MARINARO COLA 6 X 2,25",2,6210.00,3,Pedido histórico field mock (2025-06-06),true,549388742125
PF-000181,3049,"MARINARO COLA 6X1,5",2,6030.00,3,Pedido histórico field mock (2025-06-06),true,549388742125
PF-000182,2014,AGUA MARINARO 12X500,3,7290.00,3,Pedido histórico field mock (2025-07-07),true,549388742125
PF-000182,3013,"MARINARO COLA 6 X 2,25",4,6210.00,3,Pedido histórico field mock (2025-07-07),true,549388742125
PF-000183,2014,AGUA MARINARO 12X500,1,7290.00,3,Pedido histórico field mock (2025-08-11),true,549388742125
PF-000183,3013,"MARINARO COLA 6 X 2,25",3,6210.00,3,Pedido histórico field mock (2025-08-11),true,549388742125
PF-000184,2014,AGUA MARINARO 12X500,3,7290.00,3,Pedido histórico field mock (2025-09-28),true,549388742125
PF-000184,3013,"MARINARO COLA 6 X 2,25",4,6210.00,3,Pedido histórico field mock (2025-09-28),true,549388742125
PF-000185,2014,AGUA MARINARO 12X500,3,7290.00,3,Pedido histórico field mock (2025-10-26),true,549388742125
PF-000185,3013,"MARINARO COLA 6 X 2,25",1,6210.00,3,Pedido histórico field mock (2025-10-26),true,549388742125
PF-000186,2014,AGUA MARINARO 12X500,4,7290.00,3,Pedido histórico field mock (2025-12-08),true,549388742125
PF-000186,3013,"MARINARO COLA 6 X 2,25",2,6210.00,3,Pedido histórico field mock (2025-12-08),true,549388742125
PF-000186,3049,"MARINARO COLA 6X1,5",4,6030.00,3,Pedido histórico field mock (2025-12-08),true,549388742125
PF-000187,2014,AGUA MARINARO 12X500,1,7290.00,3,Pedido histórico field mock (2026-01-11),true,549388742125
PF-000187,3013,"MARINARO COLA 6 X 2,25",1,6210.00,3,Pedido histórico field mock (2026-01-11),true,549388742125
PF-000187,3049,"MARINARO COLA 6X1,5",4,6030.00,3,Pedido histórico field mock (2026-01-11),true,549388742125
PF-000188,2014,AGUA MARINARO 12X500,2,7290.00,3,Pedido reciente field mock (2026-04-08),true,549388742125
PF-000188,2015,"AGUA MARINARO 6X1,5",1,5076.00,3,Pedido reciente field mock (2026-04-08),true,549388742125
PF-000189,2015,"AGUA MARINARO 6X1,5",1,5076.00,3,Pedido reciente field mock (2026-04-29),true,549388742125
PF-000189,2016,"AGUA MARINARO 6X2,25",1,5490.00,3,Pedido reciente field mock (2026-04-29),true,549388742125
PF-000190,3013,"MARINARO COLA 6 X 2,25",1,6210.00,3,Pedido reciente field mock (2026-05-14),true,549388742125
PF-000190,2016,"AGUA MARINARO 6X2,25",2,5490.00,3,Pedido reciente field mock (2026-05-14),true,549388742125
PF-000191,2016,"AGUA MARINARO 6X2,25",4,5185.00,4,Pedido histórico field mock (2025-06-05),true,549388742126
PF-000191,3012,MARINARO COLA 12X500,1,7820.00,4,Pedido histórico field mock (2025-06-05),true,549388742126
PF-000192,2016,"AGUA MARINARO 6X2,25",2,5185.00,4,Pedido histórico field mock (2025-07-10),true,549388742126
PF-000192,3012,MARINARO COLA 12X500,3,7820.00,4,Pedido histórico field mock (2025-07-10),true,549388742126
PF-000192,3023,"MARINARO MANZANA  6 X 2,25",4,5865.00,4,Pedido histórico field mock (2025-07-10),true,549388742126
PF-000193,2016,"AGUA MARINARO 6X2,25",3,5185.00,4,Pedido histórico field mock (2025-08-15),true,549388742126
PF-000193,3012,MARINARO COLA 12X500,4,7820.00,4,Pedido histórico field mock (2025-08-15),true,549388742126
PF-000194,2016,"AGUA MARINARO 6X2,25",1,5185.00,4,Pedido histórico field mock (2025-09-22),true,549388742126
PF-000194,3012,MARINARO COLA 12X500,3,7820.00,4,Pedido histórico field mock (2025-09-22),true,549388742126
PF-000194,3026,"MARINARO NARANJA 6 X 2,25",1,5865.00,4,Pedido histórico field mock (2025-09-22),true,549388742126
PF-000194,3018,"MARINARO LIMA LIMON 6 X 2,25",1,5865.00,4,Pedido histórico field mock (2025-09-22),true,549388742126
PF-000195,2016,"AGUA MARINARO 6X2,25",2,5185.00,4,Pedido histórico field mock (2025-10-28),true,549388742126
PF-000195,3012,MARINARO COLA 12X500,4,7820.00,4,Pedido histórico field mock (2025-10-28),true,549388742126
PF-000195,3051,"MARINARO MANZANA 6X1,5",2,5695.00,4,Pedido histórico field mock (2025-10-28),true,549388742126
PF-000196,2016,"AGUA MARINARO 6X2,25",1,5185.00,4,Pedido histórico field mock (2025-12-08),true,549388742126
PF-000196,3012,MARINARO COLA 12X500,2,7820.00,4,Pedido histórico field mock (2025-12-08),true,549388742126
PF-000196,3016,MARINARO GRANADINA 12 X 500,1,7820.00,4,Pedido histórico field mock (2025-12-08),true,549388742126
PF-000196,3019,MARINARO LIMA LIMON 12 X 500,3,7820.00,4,Pedido histórico field mock (2025-12-08),true,549388742126
PF-000197,2016,"AGUA MARINARO 6X2,25",2,5185.00,4,Pedido histórico field mock (2026-01-14),true,549388742126
PF-000197,3012,MARINARO COLA 12X500,1,7820.00,4,Pedido histórico field mock (2026-01-14),true,549388742126
PF-000197,3015,"MARINARO GRANADINA 6X2,25",1,5865.00,4,Pedido histórico field mock (2026-01-14),true,549388742126
PF-000198,2015,"AGUA MARINARO 6X1,5",1,4794.00,4,Pedido reciente field mock (2026-04-04),true,549388742126
PF-000198,2016,"AGUA MARINARO 6X2,25",2,5185.00,4,Pedido reciente field mock (2026-04-04),true,549388742126
PF-000199,3012,MARINARO COLA 12X500,1,7820.00,4,Pedido reciente field mock (2026-04-05),true,549388742126
PF-000199,2015,"AGUA MARINARO 6X1,5",3,4794.00,4,Pedido reciente field mock (2026-04-05),true,549388742126
PF-000200,2014,AGUA MARINARO 12X500,2,6885.00,4,Pedido reciente field mock (2026-05-01),true,549388742126
PF-000200,2015,"AGUA MARINARO 6X1,5",3,4794.00,4,Pedido reciente field mock (2026-05-01),true,549388742126
PF-000201,3013,"MARINARO COLA 6 X 2,25",4,6900.00,1,Pedido histórico field mock (2025-06-01),true,549388742127
PF-000201,2014,AGUA MARINARO 12X500,1,8100.00,1,Pedido histórico field mock (2025-06-01),true,549388742127
PF-000202,3013,"MARINARO COLA 6 X 2,25",3,6900.00,1,Pedido histórico field mock (2025-07-14),true,549388742127
PF-000202,2014,AGUA MARINARO 12X500,4,8100.00,1,Pedido histórico field mock (2025-07-14),true,549388742127
PF-000202,3018,"MARINARO LIMA LIMON 6 X 2,25",2,6900.00,1,Pedido histórico field mock (2025-07-14),true,549388742127
PF-000203,3013,"MARINARO COLA 6 X 2,25",3,6900.00,1,Pedido histórico field mock (2025-08-15),true,549388742127
PF-000203,2014,AGUA MARINARO 12X500,1,8100.00,1,Pedido histórico field mock (2025-08-15),true,549388742127
PF-000203,3024,MARINARO MANZANA 12 X 500,3,9200.00,1,Pedido histórico field mock (2025-08-15),true,549388742127
PF-000203,3031,MARINARO POMELO 12 X 500,2,9200.00,1,Pedido histórico field mock (2025-08-15),true,549388742127
PF-000204,3013,"MARINARO COLA 6 X 2,25",3,6900.00,1,Pedido histórico field mock (2025-09-23),true,549388742127
PF-000204,2014,AGUA MARINARO 12X500,3,8100.00,1,Pedido histórico field mock (2025-09-23),true,549388742127
PF-000204,3030,"MARINARO POMELO 6 X 2,25",2,6900.00,1,Pedido histórico field mock (2025-09-23),true,549388742127
PF-000204,3023,"MARINARO MANZANA  6 X 2,25",2,6900.00,1,Pedido histórico field mock (2025-09-23),true,549388742127
PF-000205,3013,"MARINARO COLA 6 X 2,25",3,6900.00,1,Pedido histórico field mock (2025-10-26),true,549388742127
PF-000205,2014,AGUA MARINARO 12X500,4,8100.00,1,Pedido histórico field mock (2025-10-26),true,549388742127
PF-000205,3016,MARINARO GRANADINA 12 X 500,4,9200.00,1,Pedido histórico field mock (2025-10-26),true,549388742127
PF-000206,3013,"MARINARO COLA 6 X 2,25",4,6900.00,1,Pedido histórico field mock (2025-12-07),true,549388742127
PF-000206,2014,AGUA MARINARO 12X500,3,8100.00,1,Pedido histórico field mock (2025-12-07),true,549388742127
PF-000206,3020,"MARINARO LIMONADA 6 X 2,25",1,6900.00,1,Pedido histórico field mock (2025-12-07),true,549388742127
PF-000206,3051,"MARINARO MANZANA 6X1,5",1,6700.00,1,Pedido histórico field mock (2025-12-07),true,549388742127
PF-000207,3013,"MARINARO COLA 6 X 2,25",2,6900.00,1,Pedido histórico field mock (2026-01-17),true,549388742127
PF-000207,2014,AGUA MARINARO 12X500,1,8100.00,1,Pedido histórico field mock (2026-01-17),true,549388742127
PF-000207,3023,"MARINARO MANZANA  6 X 2,25",2,6900.00,1,Pedido histórico field mock (2026-01-17),true,549388742127
PF-000208,2016,"AGUA MARINARO 6X2,25",3,6100.00,1,Pedido reciente field mock (2026-04-17),true,549388742127
PF-000208,2015,"AGUA MARINARO 6X1,5",3,5640.00,1,Pedido reciente field mock (2026-04-17),true,549388742127
PF-000209,3013,"MARINARO COLA 6 X 2,25",1,6900.00,1,Pedido reciente field mock (2026-04-23),true,549388742127
PF-000209,2014,AGUA MARINARO 12X500,3,8100.00,1,Pedido reciente field mock (2026-04-23),true,549388742127
PF-000210,2014,AGUA MARINARO 12X500,2,8100.00,1,Pedido reciente field mock (2026-04-24),true,549388742127
PF-000210,3013,"MARINARO COLA 6 X 2,25",2,6900.00,1,Pedido reciente field mock (2026-04-24),true,549388742127
PF-000211,2016,"AGUA MARINARO 6X2,25",4,7015.00,2,Pedido histórico field mock (2025-06-01),true,549388742128
PF-000211,3012,MARINARO COLA 12X500,2,10580.00,2,Pedido histórico field mock (2025-06-01),true,549388742128
PF-000211,3051,"MARINARO MANZANA 6X1,5",4,7705.00,2,Pedido histórico field mock (2025-06-01),true,549388742128
PF-000212,2016,"AGUA MARINARO 6X2,25",3,7015.00,2,Pedido histórico field mock (2025-07-12),true,549388742128
PF-000212,3012,MARINARO COLA 12X500,1,10580.00,2,Pedido histórico field mock (2025-07-12),true,549388742128
PF-000212,3030,"MARINARO POMELO 6 X 2,25",4,7935.00,2,Pedido histórico field mock (2025-07-12),true,549388742128
PF-000213,2016,"AGUA MARINARO 6X2,25",1,7015.00,2,Pedido histórico field mock (2025-08-18),true,549388742128
PF-000213,3012,MARINARO COLA 12X500,3,10580.00,2,Pedido histórico field mock (2025-08-18),true,549388742128
PF-000214,2016,"AGUA MARINARO 6X2,25",4,7015.00,2,Pedido histórico field mock (2025-09-21),true,549388742128
PF-000214,3012,MARINARO COLA 12X500,3,10580.00,2,Pedido histórico field mock (2025-09-21),true,549388742128
PF-000214,3047,"MARINARO GRANADINA 6X1,5",4,7705.00,2,Pedido histórico field mock (2025-09-21),true,549388742128
PF-000215,2016,"AGUA MARINARO 6X2,25",3,7015.00,2,Pedido histórico field mock (2025-11-03),true,549388742128
PF-000215,3012,MARINARO COLA 12X500,2,10580.00,2,Pedido histórico field mock (2025-11-03),true,549388742128
PF-000215,3030,"MARINARO POMELO 6 X 2,25",3,7935.00,2,Pedido histórico field mock (2025-11-03),true,549388742128
PF-000216,2016,"AGUA MARINARO 6X2,25",2,7015.00,2,Pedido histórico field mock (2025-12-09),true,549388742128
PF-000216,3012,MARINARO COLA 12X500,2,10580.00,2,Pedido histórico field mock (2025-12-09),true,549388742128
PF-000216,3021,MARINARO LIMONADA 12 X 500,3,10580.00,2,Pedido histórico field mock (2025-12-09),true,549388742128
PF-000217,2016,"AGUA MARINARO 6X2,25",1,7015.00,2,Pedido histórico field mock (2026-01-12),true,549388742128
PF-000217,3012,MARINARO COLA 12X500,3,10580.00,2,Pedido histórico field mock (2026-01-12),true,549388742128
PF-000217,3027,MARINARO NARANJA 12 X 500,4,10580.00,2,Pedido histórico field mock (2026-01-12),true,549388742128
PF-000218,3012,MARINARO COLA 12X500,1,10580.00,2,Pedido reciente field mock (2026-04-03),true,549388742128
PF-000218,2014,AGUA MARINARO 12X500,1,9315.00,2,Pedido reciente field mock (2026-04-03),true,549388742128
PF-000219,2016,"AGUA MARINARO 6X2,25",2,7015.00,2,Pedido reciente field mock (2026-05-05),true,549388742128
PF-000219,3012,MARINARO COLA 12X500,2,10580.00,2,Pedido reciente field mock (2026-05-05),true,549388742128
PF-000220,3013,"MARINARO COLA 6 X 2,25",2,7935.00,2,Pedido reciente field mock (2026-05-18),true,549388742128
PF-000220,2016,"AGUA MARINARO 6X2,25",3,7015.00,2,Pedido reciente field mock (2026-05-18),true,549388742128
PF-000221,2014,AGUA MARINARO 12X500,3,7290.00,3,Pedido histórico field mock (2025-06-01),true,549388742129
PF-000221,2016,"AGUA MARINARO 6X2,25",1,5490.00,3,Pedido histórico field mock (2025-06-01),true,549388742129
PF-000221,3030,"MARINARO POMELO 6 X 2,25",1,6210.00,3,Pedido histórico field mock (2025-06-01),true,549388742129
PF-000222,2014,AGUA MARINARO 12X500,1,7290.00,3,Pedido histórico field mock (2025-07-07),true,549388742129
PF-000222,2016,"AGUA MARINARO 6X2,25",3,5490.00,3,Pedido histórico field mock (2025-07-07),true,549388742129
PF-000223,2014,AGUA MARINARO 12X500,4,7290.00,3,Pedido histórico field mock (2025-08-19),true,549388742129
PF-000223,2016,"AGUA MARINARO 6X2,25",2,5490.00,3,Pedido histórico field mock (2025-08-19),true,549388742129
PF-000224,2014,AGUA MARINARO 12X500,4,7290.00,3,Pedido histórico field mock (2025-09-25),true,549388742129
PF-000224,2016,"AGUA MARINARO 6X2,25",3,5490.00,3,Pedido histórico field mock (2025-09-25),true,549388742129
PF-000224,3027,MARINARO NARANJA 12 X 500,3,8280.00,3,Pedido histórico field mock (2025-09-25),true,549388742129
PF-000225,2014,AGUA MARINARO 12X500,4,7290.00,3,Pedido histórico field mock (2025-11-02),true,549388742129
PF-000225,2016,"AGUA MARINARO 6X2,25",3,5490.00,3,Pedido histórico field mock (2025-11-02),true,549388742129
PF-000225,3049,"MARINARO COLA 6X1,5",4,6030.00,3,Pedido histórico field mock (2025-11-02),true,549388742129
PF-000226,2014,AGUA MARINARO 12X500,4,7290.00,3,Pedido histórico field mock (2025-12-06),true,549388742129
PF-000226,2016,"AGUA MARINARO 6X2,25",2,5490.00,3,Pedido histórico field mock (2025-12-06),true,549388742129
PF-000226,3015,"MARINARO GRANADINA 6X2,25",2,6210.00,3,Pedido histórico field mock (2025-12-06),true,549388742129
PF-000227,2014,AGUA MARINARO 12X500,2,7290.00,3,Pedido histórico field mock (2026-01-18),true,549388742129
PF-000227,2016,"AGUA MARINARO 6X2,25",1,5490.00,3,Pedido histórico field mock (2026-01-18),true,549388742129
PF-000227,3047,"MARINARO GRANADINA 6X1,5",2,6030.00,3,Pedido histórico field mock (2026-01-18),true,549388742129
PF-000227,3021,MARINARO LIMONADA 12 X 500,3,8280.00,3,Pedido histórico field mock (2026-01-18),true,549388742129
PF-000228,2016,"AGUA MARINARO 6X2,25",3,5490.00,3,Pedido reciente field mock (2026-04-09),true,549388742129
PF-000228,3012,MARINARO COLA 12X500,3,8280.00,3,Pedido reciente field mock (2026-04-09),true,549388742129
PF-000229,2016,"AGUA MARINARO 6X2,25",3,5490.00,3,Pedido reciente field mock (2026-04-23),true,549388742129
PF-000229,2015,"AGUA MARINARO 6X1,5",2,5076.00,3,Pedido reciente field mock (2026-04-23),true,549388742129
PF-000230,2016,"AGUA MARINARO 6X2,25",1,5490.00,3,Pedido reciente field mock (2026-05-02),true,549388742129
PF-000230,2015,"AGUA MARINARO 6X1,5",3,5076.00,3,Pedido reciente field mock (2026-05-02),true,549388742129
PF-000231,3013,"MARINARO COLA 6 X 2,25",3,5865.00,4,Pedido histórico field mock (2025-06-03),true,549388742130
PF-000231,2015,"AGUA MARINARO 6X1,5",2,4794.00,4,Pedido histórico field mock (2025-06-03),true,549388742130
PF-000232,3013,"MARINARO COLA 6 X 2,25",4,5865.00,4,Pedido histórico field mock (2025-07-09),true,549388742130
PF-000232,2015,"AGUA MARINARO 6X1,5",4,4794.00,4,Pedido histórico field mock (2025-07-09),true,549388742130
PF-000232,3016,MARINARO GRANADINA 12 X 500,4,7820.00,4,Pedido histórico field mock (2025-07-09),true,549388742130
PF-000233,3013,"MARINARO COLA 6 X 2,25",3,5865.00,4,Pedido histórico field mock (2025-08-17),true,549388742130
PF-000233,2015,"AGUA MARINARO 6X1,5",2,4794.00,4,Pedido histórico field mock (2025-08-17),true,549388742130
PF-000234,3013,"MARINARO COLA 6 X 2,25",4,5865.00,4,Pedido histórico field mock (2025-09-25),true,549388742130
PF-000234,2015,"AGUA MARINARO 6X1,5",4,4794.00,4,Pedido histórico field mock (2025-09-25),true,549388742130
PF-000234,3031,MARINARO POMELO 12 X 500,4,7820.00,4,Pedido histórico field mock (2025-09-25),true,549388742130
PF-000234,3019,MARINARO LIMA LIMON 12 X 500,2,7820.00,4,Pedido histórico field mock (2025-09-25),true,549388742130
PF-000235,3013,"MARINARO COLA 6 X 2,25",4,5865.00,4,Pedido histórico field mock (2025-10-30),true,549388742130
PF-000235,2015,"AGUA MARINARO 6X1,5",3,4794.00,4,Pedido histórico field mock (2025-10-30),true,549388742130
PF-000235,3023,"MARINARO MANZANA  6 X 2,25",2,5865.00,4,Pedido histórico field mock (2025-10-30),true,549388742130
PF-000235,3016,MARINARO GRANADINA 12 X 500,4,7820.00,4,Pedido histórico field mock (2025-10-30),true,549388742130
PF-000236,3013,"MARINARO COLA 6 X 2,25",2,5865.00,4,Pedido histórico field mock (2025-12-10),true,549388742130
PF-000236,2015,"AGUA MARINARO 6X1,5",2,4794.00,4,Pedido histórico field mock (2025-12-10),true,549388742130
PF-000236,3026,"MARINARO NARANJA 6 X 2,25",3,5865.00,4,Pedido histórico field mock (2025-12-10),true,549388742130
PF-000237,3013,"MARINARO COLA 6 X 2,25",2,5865.00,4,Pedido histórico field mock (2026-01-19),true,549388742130
PF-000237,2015,"AGUA MARINARO 6X1,5",4,4794.00,4,Pedido histórico field mock (2026-01-19),true,549388742130
PF-000237,3020,"MARINARO LIMONADA 6 X 2,25",2,5865.00,4,Pedido histórico field mock (2026-01-19),true,549388742130
PF-000237,3027,MARINARO NARANJA 12 X 500,3,7820.00,4,Pedido histórico field mock (2026-01-19),true,549388742130
PF-000238,3013,"MARINARO COLA 6 X 2,25",3,5865.00,4,Pedido reciente field mock (2026-04-18),true,549388742130
PF-000238,2016,"AGUA MARINARO 6X2,25",2,5185.00,4,Pedido reciente field mock (2026-04-18),true,549388742130
PF-000239,3013,"MARINARO COLA 6 X 2,25",1,5865.00,4,Pedido reciente field mock (2026-05-05),true,549388742130
PF-000239,3012,MARINARO COLA 12X500,3,7820.00,4,Pedido reciente field mock (2026-05-05),true,549388742130
PF-000240,3013,"MARINARO COLA 6 X 2,25",2,5865.00,4,Pedido reciente field mock (2026-05-12),true,549388742130
PF-000240,2014,AGUA MARINARO 12X500,2,6885.00,4,Pedido reciente field mock (2026-05-12),true,549388742130
PF-000241,2016,"AGUA MARINARO 6X2,25",1,6100.00,1,Pedido histórico field mock (2025-06-01),true,549388742131
PF-000241,3012,MARINARO COLA 12X500,2,9200.00,1,Pedido histórico field mock (2025-06-01),true,549388742131
PF-000242,2016,"AGUA MARINARO 6X2,25",1,6100.00,1,Pedido histórico field mock (2025-07-13),true,549388742131
PF-000242,3012,MARINARO COLA 12X500,2,9200.00,1,Pedido histórico field mock (2025-07-13),true,549388742131
PF-000242,3019,MARINARO LIMA LIMON 12 X 500,4,9200.00,1,Pedido histórico field mock (2025-07-13),true,549388742131
PF-000243,2016,"AGUA MARINARO 6X2,25",1,6100.00,1,Pedido histórico field mock (2025-08-20),true,549388742131
PF-000243,3012,MARINARO COLA 12X500,1,9200.00,1,Pedido histórico field mock (2025-08-20),true,549388742131
PF-000244,2016,"AGUA MARINARO 6X2,25",1,6100.00,1,Pedido histórico field mock (2025-09-24),true,549388742131
PF-000244,3012,MARINARO COLA 12X500,3,9200.00,1,Pedido histórico field mock (2025-09-24),true,549388742131
PF-000244,3018,"MARINARO LIMA LIMON 6 X 2,25",1,6900.00,1,Pedido histórico field mock (2025-09-24),true,549388742131
PF-000244,3051,"MARINARO MANZANA 6X1,5",4,6700.00,1,Pedido histórico field mock (2025-09-24),true,549388742131
PF-000245,2016,"AGUA MARINARO 6X2,25",4,6100.00,1,Pedido histórico field mock (2025-11-01),true,549388742131
PF-000245,3012,MARINARO COLA 12X500,2,9200.00,1,Pedido histórico field mock (2025-11-01),true,549388742131
PF-000245,3027,MARINARO NARANJA 12 X 500,2,9200.00,1,Pedido histórico field mock (2025-11-01),true,549388742131
PF-000246,2016,"AGUA MARINARO 6X2,25",1,6100.00,1,Pedido histórico field mock (2025-12-05),true,549388742131
PF-000246,3012,MARINARO COLA 12X500,4,9200.00,1,Pedido histórico field mock (2025-12-05),true,549388742131
PF-000246,3047,"MARINARO GRANADINA 6X1,5",2,6700.00,1,Pedido histórico field mock (2025-12-05),true,549388742131
PF-000246,3024,MARINARO MANZANA 12 X 500,4,9200.00,1,Pedido histórico field mock (2025-12-05),true,549388742131
PF-000247,2016,"AGUA MARINARO 6X2,25",2,6100.00,1,Pedido histórico field mock (2026-01-20),true,549388742131
PF-000247,3012,MARINARO COLA 12X500,2,9200.00,1,Pedido histórico field mock (2026-01-20),true,549388742131
PF-000248,3012,MARINARO COLA 12X500,3,9200.00,1,Pedido reciente field mock (2026-04-07),true,549388742131
PF-000248,2015,"AGUA MARINARO 6X1,5",3,5640.00,1,Pedido reciente field mock (2026-04-07),true,549388742131
PF-000249,2016,"AGUA MARINARO 6X2,25",2,6100.00,1,Pedido reciente field mock (2026-05-06),true,549388742131
PF-000249,3012,MARINARO COLA 12X500,2,9200.00,1,Pedido reciente field mock (2026-05-06),true,549388742131
PF-000250,2015,"AGUA MARINARO 6X1,5",1,5640.00,1,Pedido reciente field mock (2026-05-10),true,549388742131
PF-000250,3013,"MARINARO COLA 6 X 2,25",1,6900.00,1,Pedido reciente field mock (2026-05-10),true,549388742131
PF-000251,2014,AGUA MARINARO 12X500,2,9315.00,2,Pedido histórico field mock (2025-06-01),true,549388742132
PF-000251,3012,MARINARO COLA 12X500,2,10580.00,2,Pedido histórico field mock (2025-06-01),true,549388742132
PF-000251,3051,"MARINARO MANZANA 6X1,5",2,7705.00,2,Pedido histórico field mock (2025-06-01),true,549388742132
PF-000252,2014,AGUA MARINARO 12X500,4,9315.00,2,Pedido histórico field mock (2025-07-08),true,549388742132
PF-000252,3012,MARINARO COLA 12X500,3,10580.00,2,Pedido histórico field mock (2025-07-08),true,549388742132
PF-000252,3026,"MARINARO NARANJA 6 X 2,25",1,7935.00,2,Pedido histórico field mock (2025-07-08),true,549388742132
PF-000253,2014,AGUA MARINARO 12X500,4,9315.00,2,Pedido histórico field mock (2025-08-20),true,549388742132
PF-000253,3012,MARINARO COLA 12X500,2,10580.00,2,Pedido histórico field mock (2025-08-20),true,549388742132
PF-000253,3020,"MARINARO LIMONADA 6 X 2,25",4,7935.00,2,Pedido histórico field mock (2025-08-20),true,549388742132
PF-000254,2014,AGUA MARINARO 12X500,1,9315.00,2,Pedido histórico field mock (2025-09-22),true,549388742132
PF-000254,3012,MARINARO COLA 12X500,1,10580.00,2,Pedido histórico field mock (2025-09-22),true,549388742132
PF-000254,3016,MARINARO GRANADINA 12 X 500,4,10580.00,2,Pedido histórico field mock (2025-09-22),true,549388742132
PF-000254,3018,"MARINARO LIMA LIMON 6 X 2,25",1,7935.00,2,Pedido histórico field mock (2025-09-22),true,549388742132
PF-000255,2014,AGUA MARINARO 12X500,4,9315.00,2,Pedido histórico field mock (2025-10-30),true,549388742132
PF-000255,3012,MARINARO COLA 12X500,2,10580.00,2,Pedido histórico field mock (2025-10-30),true,549388742132
PF-000255,3027,MARINARO NARANJA 12 X 500,3,10580.00,2,Pedido histórico field mock (2025-10-30),true,549388742132
PF-000256,2014,AGUA MARINARO 12X500,4,9315.00,2,Pedido histórico field mock (2025-12-09),true,549388742132
PF-000256,3012,MARINARO COLA 12X500,2,10580.00,2,Pedido histórico field mock (2025-12-09),true,549388742132
PF-000256,3047,"MARINARO GRANADINA 6X1,5",4,7705.00,2,Pedido histórico field mock (2025-12-09),true,549388742132
PF-000257,2014,AGUA MARINARO 12X500,3,9315.00,2,Pedido histórico field mock (2026-01-16),true,549388742132
PF-000257,3012,MARINARO COLA 12X500,2,10580.00,2,Pedido histórico field mock (2026-01-16),true,549388742132
PF-000258,2015,"AGUA MARINARO 6X1,5",3,6486.00,2,Pedido reciente field mock (2026-04-15),true,549388742132
PF-000258,3013,"MARINARO COLA 6 X 2,25",2,7935.00,2,Pedido reciente field mock (2026-04-15),true,549388742132
PF-000259,3012,MARINARO COLA 12X500,1,10580.00,2,Pedido reciente field mock (2026-05-03),true,549388742132
PF-000259,3013,"MARINARO COLA 6 X 2,25",1,7935.00,2,Pedido reciente field mock (2026-05-03),true,549388742132
PF-000260,2016,"AGUA MARINARO 6X2,25",1,7015.00,2,Pedido reciente field mock (2026-05-08),true,549388742132
PF-000260,2014,AGUA MARINARO 12X500,3,9315.00,2,Pedido reciente field mock (2026-05-08),true,549388742132
PF-000261,3013,"MARINARO COLA 6 X 2,25",4,6210.00,3,Pedido histórico field mock (2025-06-02),true,549388742133
PF-000261,2016,"AGUA MARINARO 6X2,25",3,5490.00,3,Pedido histórico field mock (2025-06-02),true,549388742133
PF-000261,3027,MARINARO NARANJA 12 X 500,3,8280.00,3,Pedido histórico field mock (2025-06-02),true,549388742133
PF-000261,3021,MARINARO LIMONADA 12 X 500,1,8280.00,3,Pedido histórico field mock (2025-06-02),true,549388742133
PF-000262,3013,"MARINARO COLA 6 X 2,25",2,6210.00,3,Pedido histórico field mock (2025-07-05),true,549388742133
PF-000262,2016,"AGUA MARINARO 6X2,25",4,5490.00,3,Pedido histórico field mock (2025-07-05),true,549388742133
PF-000263,3013,"MARINARO COLA 6 X 2,25",4,6210.00,3,Pedido histórico field mock (2025-08-18),true,549388742133
PF-000263,2016,"AGUA MARINARO 6X2,25",3,5490.00,3,Pedido histórico field mock (2025-08-18),true,549388742133
PF-000263,3026,"MARINARO NARANJA 6 X 2,25",4,6210.00,3,Pedido histórico field mock (2025-08-18),true,549388742133
PF-000264,3013,"MARINARO COLA 6 X 2,25",4,6210.00,3,Pedido histórico field mock (2025-09-28),true,549388742133
PF-000264,2016,"AGUA MARINARO 6X2,25",1,5490.00,3,Pedido histórico field mock (2025-09-28),true,549388742133
PF-000265,3013,"MARINARO COLA 6 X 2,25",1,6210.00,3,Pedido histórico field mock (2025-10-26),true,549388742133
PF-000265,2016,"AGUA MARINARO 6X2,25",4,5490.00,3,Pedido histórico field mock (2025-10-26),true,549388742133
PF-000265,3049,"MARINARO COLA 6X1,5",2,6030.00,3,Pedido histórico field mock (2025-10-26),true,549388742133
PF-000266,3013,"MARINARO COLA 6 X 2,25",4,6210.00,3,Pedido histórico field mock (2025-12-07),true,549388742133
PF-000266,2016,"AGUA MARINARO 6X2,25",2,5490.00,3,Pedido histórico field mock (2025-12-07),true,549388742133
PF-000267,3013,"MARINARO COLA 6 X 2,25",3,6210.00,3,Pedido histórico field mock (2026-01-14),true,549388742133
PF-000267,2016,"AGUA MARINARO 6X2,25",3,5490.00,3,Pedido histórico field mock (2026-01-14),true,549388742133
PF-000267,3027,MARINARO NARANJA 12 X 500,4,8280.00,3,Pedido histórico field mock (2026-01-14),true,549388742133
PF-000267,3026,"MARINARO NARANJA 6 X 2,25",1,6210.00,3,Pedido histórico field mock (2026-01-14),true,549388742133
PF-000268,2016,"AGUA MARINARO 6X2,25",3,5490.00,3,Pedido reciente field mock (2026-04-02),true,549388742133
PF-000268,2014,AGUA MARINARO 12X500,3,7290.00,3,Pedido reciente field mock (2026-04-02),true,549388742133
PF-000269,2014,AGUA MARINARO 12X500,1,7290.00,3,Pedido reciente field mock (2026-05-10),true,549388742133
PF-000269,3013,"MARINARO COLA 6 X 2,25",2,6210.00,3,Pedido reciente field mock (2026-05-10),true,549388742133
PF-000270,2016,"AGUA MARINARO 6X2,25",3,5490.00,3,Pedido reciente field mock (2026-05-16),true,549388742133
PF-000270,3013,"MARINARO COLA 6 X 2,25",1,6210.00,3,Pedido reciente field mock (2026-05-16),true,549388742133
PF-000271,3012,MARINARO COLA 12X500,1,7820.00,4,Pedido histórico field mock (2025-06-05),true,549388742134
PF-000271,3013,"MARINARO COLA 6 X 2,25",4,5865.00,4,Pedido histórico field mock (2025-06-05),true,549388742134
PF-000272,3012,MARINARO COLA 12X500,3,7820.00,4,Pedido histórico field mock (2025-07-11),true,549388742134
PF-000272,3013,"MARINARO COLA 6 X 2,25",2,5865.00,4,Pedido histórico field mock (2025-07-11),true,549388742134
PF-000273,3012,MARINARO COLA 12X500,2,7820.00,4,Pedido histórico field mock (2025-08-19),true,549388742134
PF-000273,3013,"MARINARO COLA 6 X 2,25",1,5865.00,4,Pedido histórico field mock (2025-08-19),true,549388742134
PF-000274,3012,MARINARO COLA 12X500,2,7820.00,4,Pedido histórico field mock (2025-09-28),true,549388742134
PF-000274,3013,"MARINARO COLA 6 X 2,25",3,5865.00,4,Pedido histórico field mock (2025-09-28),true,549388742134
PF-000275,3012,MARINARO COLA 12X500,3,7820.00,4,Pedido histórico field mock (2025-11-04),true,549388742134
PF-000275,3013,"MARINARO COLA 6 X 2,25",4,5865.00,4,Pedido histórico field mock (2025-11-04),true,549388742134
PF-000275,3031,MARINARO POMELO 12 X 500,3,7820.00,4,Pedido histórico field mock (2025-11-04),true,549388742134
PF-000276,3012,MARINARO COLA 12X500,4,7820.00,4,Pedido histórico field mock (2025-12-06),true,549388742134
PF-000276,3013,"MARINARO COLA 6 X 2,25",1,5865.00,4,Pedido histórico field mock (2025-12-06),true,549388742134
PF-000276,3051,"MARINARO MANZANA 6X1,5",4,5695.00,4,Pedido histórico field mock (2025-12-06),true,549388742134
PF-000277,3012,MARINARO COLA 12X500,4,7820.00,4,Pedido histórico field mock (2026-01-18),true,549388742134
PF-000277,3013,"MARINARO COLA 6 X 2,25",4,5865.00,4,Pedido histórico field mock (2026-01-18),true,549388742134
PF-000277,3021,MARINARO LIMONADA 12 X 500,3,7820.00,4,Pedido histórico field mock (2026-01-18),true,549388742134
PF-000278,2015,"AGUA MARINARO 6X1,5",2,4794.00,4,Pedido reciente field mock (2026-04-01),true,549388742134
PF-000278,2016,"AGUA MARINARO 6X2,25",1,5185.00,4,Pedido reciente field mock (2026-04-01),true,549388742134
PF-000279,3013,"MARINARO COLA 6 X 2,25",3,5865.00,4,Pedido reciente field mock (2026-04-11),true,549388742134
PF-000279,3012,MARINARO COLA 12X500,3,7820.00,4,Pedido reciente field mock (2026-04-11),true,549388742134
PF-000280,3012,MARINARO COLA 12X500,1,7820.00,4,Pedido reciente field mock (2026-04-13),true,549388742134
PF-000280,2014,AGUA MARINARO 12X500,3,6885.00,4,Pedido reciente field mock (2026-04-13),true,549388742134
PF-000281,2016,"AGUA MARINARO 6X2,25",1,6100.00,1,Pedido histórico field mock (2025-06-01),true,549388742135
PF-000281,3013,"MARINARO COLA 6 X 2,25",3,6900.00,1,Pedido histórico field mock (2025-06-01),true,549388742135
PF-000282,2016,"AGUA MARINARO 6X2,25",2,6100.00,1,Pedido histórico field mock (2025-07-05),true,549388742135
PF-000282,3013,"MARINARO COLA 6 X 2,25",4,6900.00,1,Pedido histórico field mock (2025-07-05),true,549388742135
PF-000282,3051,"MARINARO MANZANA 6X1,5",3,6700.00,1,Pedido histórico field mock (2025-07-05),true,549388742135
PF-000282,3016,MARINARO GRANADINA 12 X 500,4,9200.00,1,Pedido histórico field mock (2025-07-05),true,549388742135
PF-000283,2016,"AGUA MARINARO 6X2,25",3,6100.00,1,Pedido histórico field mock (2025-08-11),true,549388742135
PF-000283,3013,"MARINARO COLA 6 X 2,25",2,6900.00,1,Pedido histórico field mock (2025-08-11),true,549388742135
PF-000283,3021,MARINARO LIMONADA 12 X 500,4,9200.00,1,Pedido histórico field mock (2025-08-11),true,549388742135
PF-000284,2016,"AGUA MARINARO 6X2,25",4,6100.00,1,Pedido histórico field mock (2025-09-22),true,549388742135
PF-000284,3013,"MARINARO COLA 6 X 2,25",3,6900.00,1,Pedido histórico field mock (2025-09-22),true,549388742135
PF-000284,3019,MARINARO LIMA LIMON 12 X 500,1,9200.00,1,Pedido histórico field mock (2025-09-22),true,549388742135
PF-000284,3018,"MARINARO LIMA LIMON 6 X 2,25",2,6900.00,1,Pedido histórico field mock (2025-09-22),true,549388742135
PF-000285,2016,"AGUA MARINARO 6X2,25",1,6100.00,1,Pedido histórico field mock (2025-11-01),true,549388742135
PF-000285,3013,"MARINARO COLA 6 X 2,25",4,6900.00,1,Pedido histórico field mock (2025-11-01),true,549388742135
PF-000286,2016,"AGUA MARINARO 6X2,25",1,6100.00,1,Pedido histórico field mock (2025-12-10),true,549388742135
PF-000286,3013,"MARINARO COLA 6 X 2,25",2,6900.00,1,Pedido histórico field mock (2025-12-10),true,549388742135
PF-000287,2016,"AGUA MARINARO 6X2,25",1,6100.00,1,Pedido histórico field mock (2026-01-11),true,549388742135
PF-000287,3013,"MARINARO COLA 6 X 2,25",2,6900.00,1,Pedido histórico field mock (2026-01-11),true,549388742135
PF-000287,3015,"MARINARO GRANADINA 6X2,25",4,6900.00,1,Pedido histórico field mock (2026-01-11),true,549388742135
PF-000287,3049,"MARINARO COLA 6X1,5",1,6700.00,1,Pedido histórico field mock (2026-01-11),true,549388742135
PF-000288,2014,AGUA MARINARO 12X500,3,8100.00,1,Pedido reciente field mock (2026-04-22),true,549388742135
PF-000288,3013,"MARINARO COLA 6 X 2,25",3,6900.00,1,Pedido reciente field mock (2026-04-22),true,549388742135
PF-000289,2014,AGUA MARINARO 12X500,3,8100.00,1,Pedido reciente field mock (2026-05-15),true,549388742135
PF-000289,3013,"MARINARO COLA 6 X 2,25",1,6900.00,1,Pedido reciente field mock (2026-05-15),true,549388742135
PF-000290,2016,"AGUA MARINARO 6X2,25",3,6100.00,1,Pedido reciente field mock (2026-05-16),true,549388742135
PF-000290,2014,AGUA MARINARO 12X500,1,8100.00,1,Pedido reciente field mock (2026-05-16),true,549388742135
PF-000291,2016,"AGUA MARINARO 6X2,25",4,7015.00,2,Pedido histórico field mock (2025-06-03),true,549388742136
PF-000291,2015,"AGUA MARINARO 6X1,5",4,6486.00,2,Pedido histórico field mock (2025-06-03),true,549388742136
PF-000292,2016,"AGUA MARINARO 6X2,25",1,7015.00,2,Pedido histórico field mock (2025-07-10),true,549388742136
PF-000292,2015,"AGUA MARINARO 6X1,5",1,6486.00,2,Pedido histórico field mock (2025-07-10),true,549388742136
PF-000293,2016,"AGUA MARINARO 6X2,25",1,7015.00,2,Pedido histórico field mock (2025-08-11),true,549388742136
PF-000293,2015,"AGUA MARINARO 6X1,5",2,6486.00,2,Pedido histórico field mock (2025-08-11),true,549388742136
PF-000293,3016,MARINARO GRANADINA 12 X 500,4,10580.00,2,Pedido histórico field mock (2025-08-11),true,549388742136
PF-000294,2016,"AGUA MARINARO 6X2,25",2,7015.00,2,Pedido histórico field mock (2025-09-21),true,549388742136
PF-000294,2015,"AGUA MARINARO 6X1,5",4,6486.00,2,Pedido histórico field mock (2025-09-21),true,549388742136
PF-000294,3020,"MARINARO LIMONADA 6 X 2,25",2,7935.00,2,Pedido histórico field mock (2025-09-21),true,549388742136
PF-000295,2016,"AGUA MARINARO 6X2,25",3,7015.00,2,Pedido histórico field mock (2025-10-31),true,549388742136
PF-000295,2015,"AGUA MARINARO 6X1,5",1,6486.00,2,Pedido histórico field mock (2025-10-31),true,549388742136
PF-000295,3027,MARINARO NARANJA 12 X 500,4,10580.00,2,Pedido histórico field mock (2025-10-31),true,549388742136
PF-000295,3026,"MARINARO NARANJA 6 X 2,25",4,7935.00,2,Pedido histórico field mock (2025-10-31),true,549388742136
PF-000296,2016,"AGUA MARINARO 6X2,25",4,7015.00,2,Pedido histórico field mock (2025-12-11),true,549388742136
PF-000296,2015,"AGUA MARINARO 6X1,5",1,6486.00,2,Pedido histórico field mock (2025-12-11),true,549388742136
PF-000296,3023,"MARINARO MANZANA  6 X 2,25",3,7935.00,2,Pedido histórico field mock (2025-12-11),true,549388742136
PF-000297,2016,"AGUA MARINARO 6X2,25",3,7015.00,2,Pedido histórico field mock (2026-01-19),true,549388742136
PF-000297,2015,"AGUA MARINARO 6X1,5",3,6486.00,2,Pedido histórico field mock (2026-01-19),true,549388742136
PF-000297,3026,"MARINARO NARANJA 6 X 2,25",3,7935.00,2,Pedido histórico field mock (2026-01-19),true,549388742136
PF-000298,2015,"AGUA MARINARO 6X1,5",1,6486.00,2,Pedido reciente field mock (2026-04-19),true,549388742136
PF-000298,3013,"MARINARO COLA 6 X 2,25",1,7935.00,2,Pedido reciente field mock (2026-04-19),true,549388742136
PF-000299,3013,"MARINARO COLA 6 X 2,25",2,7935.00,2,Pedido reciente field mock (2026-05-08),true,549388742136
PF-000299,3012,MARINARO COLA 12X500,1,10580.00,2,Pedido reciente field mock (2026-05-08),true,549388742136
PF-000300,2015,"AGUA MARINARO 6X1,5",1,6486.00,2,Pedido reciente field mock (2026-05-10),true,549388742136
PF-000300,3012,MARINARO COLA 12X500,3,10580.00,2,Pedido reciente field mock (2026-05-10),true,549388742136
PF-000301,3013,"MARINARO COLA 6 X 2,25",4,6210.00,3,Pedido histórico field mock (2025-06-01),true,549388742137
PF-000301,2016,"AGUA MARINARO 6X2,25",3,5490.00,3,Pedido histórico field mock (2025-06-01),true,549388742137
PF-000302,3013,"MARINARO COLA 6 X 2,25",1,6210.00,3,Pedido histórico field mock (2025-07-05),true,549388742137
PF-000302,2016,"AGUA MARINARO 6X2,25",2,5490.00,3,Pedido histórico field mock (2025-07-05),true,549388742137
PF-000302,3019,MARINARO LIMA LIMON 12 X 500,2,8280.00,3,Pedido histórico field mock (2025-07-05),true,549388742137
PF-000302,3021,MARINARO LIMONADA 12 X 500,1,8280.00,3,Pedido histórico field mock (2025-07-05),true,549388742137
PF-000303,3013,"MARINARO COLA 6 X 2,25",1,6210.00,3,Pedido histórico field mock (2025-08-14),true,549388742137
PF-000303,2016,"AGUA MARINARO 6X2,25",3,5490.00,3,Pedido histórico field mock (2025-08-14),true,549388742137
PF-000304,3013,"MARINARO COLA 6 X 2,25",1,6210.00,3,Pedido histórico field mock (2025-09-28),true,549388742137
PF-000304,2016,"AGUA MARINARO 6X2,25",4,5490.00,3,Pedido histórico field mock (2025-09-28),true,549388742137
PF-000304,3015,"MARINARO GRANADINA 6X2,25",4,6210.00,3,Pedido histórico field mock (2025-09-28),true,549388742137
PF-000304,3030,"MARINARO POMELO 6 X 2,25",3,6210.00,3,Pedido histórico field mock (2025-09-28),true,549388742137
PF-000305,3013,"MARINARO COLA 6 X 2,25",4,6210.00,3,Pedido histórico field mock (2025-11-03),true,549388742137
PF-000305,2016,"AGUA MARINARO 6X2,25",1,5490.00,3,Pedido histórico field mock (2025-11-03),true,549388742137
PF-000305,3024,MARINARO MANZANA 12 X 500,4,8280.00,3,Pedido histórico field mock (2025-11-03),true,549388742137
PF-000305,3019,MARINARO LIMA LIMON 12 X 500,4,8280.00,3,Pedido histórico field mock (2025-11-03),true,549388742137
PF-000306,3013,"MARINARO COLA 6 X 2,25",3,6210.00,3,Pedido histórico field mock (2025-12-12),true,549388742137
PF-000306,2016,"AGUA MARINARO 6X2,25",1,5490.00,3,Pedido histórico field mock (2025-12-12),true,549388742137
PF-000307,3013,"MARINARO COLA 6 X 2,25",1,6210.00,3,Pedido histórico field mock (2026-01-16),true,549388742137
PF-000307,2016,"AGUA MARINARO 6X2,25",3,5490.00,3,Pedido histórico field mock (2026-01-16),true,549388742137
PF-000307,3027,MARINARO NARANJA 12 X 500,3,8280.00,3,Pedido histórico field mock (2026-01-16),true,549388742137
PF-000308,2014,AGUA MARINARO 12X500,1,7290.00,3,Pedido reciente field mock (2026-05-15),true,549388742137
PF-000308,3012,MARINARO COLA 12X500,2,8280.00,3,Pedido reciente field mock (2026-05-15),true,549388742137
PF-000309,2014,AGUA MARINARO 12X500,2,7290.00,3,Pedido reciente field mock (2026-05-19),true,549388742137
PF-000309,2016,"AGUA MARINARO 6X2,25",2,5490.00,3,Pedido reciente field mock (2026-05-19),true,549388742137
PF-000310,2015,"AGUA MARINARO 6X1,5",3,5076.00,3,Pedido reciente field mock (2026-05-20),true,549388742137
PF-000310,2014,AGUA MARINARO 12X500,1,7290.00,3,Pedido reciente field mock (2026-05-20),true,549388742137
PF-000311,2016,"AGUA MARINARO 6X2,25",2,5185.00,4,Pedido histórico field mock (2025-06-03),true,549388742138
PF-000311,2014,AGUA MARINARO 12X500,3,6885.00,4,Pedido histórico field mock (2025-06-03),true,549388742138
PF-000311,3024,MARINARO MANZANA 12 X 500,1,7820.00,4,Pedido histórico field mock (2025-06-03),true,549388742138
PF-000312,2016,"AGUA MARINARO 6X2,25",4,5185.00,4,Pedido histórico field mock (2025-07-04),true,549388742138
PF-000312,2014,AGUA MARINARO 12X500,2,6885.00,4,Pedido histórico field mock (2025-07-04),true,549388742138
PF-000313,2016,"AGUA MARINARO 6X2,25",1,5185.00,4,Pedido histórico field mock (2025-08-18),true,549388742138
PF-000313,2014,AGUA MARINARO 12X500,4,6885.00,4,Pedido histórico field mock (2025-08-18),true,549388742138
PF-000314,2016,"AGUA MARINARO 6X2,25",1,5185.00,4,Pedido histórico field mock (2025-09-26),true,549388742138
PF-000314,2014,AGUA MARINARO 12X500,4,6885.00,4,Pedido histórico field mock (2025-09-26),true,549388742138
PF-000315,2016,"AGUA MARINARO 6X2,25",1,5185.00,4,Pedido histórico field mock (2025-10-29),true,549388742138
PF-000315,2014,AGUA MARINARO 12X500,4,6885.00,4,Pedido histórico field mock (2025-10-29),true,549388742138
PF-000315,3047,"MARINARO GRANADINA 6X1,5",1,5695.00,4,Pedido histórico field mock (2025-10-29),true,549388742138
PF-000315,3019,MARINARO LIMA LIMON 12 X 500,3,7820.00,4,Pedido histórico field mock (2025-10-29),true,549388742138
PF-000316,2016,"AGUA MARINARO 6X2,25",3,5185.00,4,Pedido histórico field mock (2025-12-05),true,549388742138
PF-000316,2014,AGUA MARINARO 12X500,2,6885.00,4,Pedido histórico field mock (2025-12-05),true,549388742138
PF-000316,3049,"MARINARO COLA 6X1,5",1,5695.00,4,Pedido histórico field mock (2025-12-05),true,549388742138
PF-000317,2016,"AGUA MARINARO 6X2,25",3,5185.00,4,Pedido histórico field mock (2026-01-13),true,549388742138
PF-000317,2014,AGUA MARINARO 12X500,1,6885.00,4,Pedido histórico field mock (2026-01-13),true,549388742138
PF-000317,3051,"MARINARO MANZANA 6X1,5",1,5695.00,4,Pedido histórico field mock (2026-01-13),true,549388742138
PF-000318,2014,AGUA MARINARO 12X500,1,6885.00,4,Pedido reciente field mock (2026-04-18),true,549388742138
PF-000318,2015,"AGUA MARINARO 6X1,5",2,4794.00,4,Pedido reciente field mock (2026-04-18),true,549388742138
PF-000319,3012,MARINARO COLA 12X500,3,7820.00,4,Pedido reciente field mock (2026-05-03),true,549388742138
PF-000319,2014,AGUA MARINARO 12X500,3,6885.00,4,Pedido reciente field mock (2026-05-03),true,549388742138
PF-000320,3013,"MARINARO COLA 6 X 2,25",2,5865.00,4,Pedido reciente field mock (2026-05-10),true,549388742138
PF-000320,2016,"AGUA MARINARO 6X2,25",3,5185.00,4,Pedido reciente field mock (2026-05-10),true,549388742138
PF-000321,2014,AGUA MARINARO 12X500,2,8100.00,1,Pedido histórico field mock (2025-06-01),true,549388742139
PF-000321,2016,"AGUA MARINARO 6X2,25",2,6100.00,1,Pedido histórico field mock (2025-06-01),true,549388742139
PF-000321,3031,MARINARO POMELO 12 X 500,1,9200.00,1,Pedido histórico field mock (2025-06-01),true,549388742139
PF-000321,3026,"MARINARO NARANJA 6 X 2,25",2,6900.00,1,Pedido histórico field mock (2025-06-01),true,549388742139
PF-000322,2014,AGUA MARINARO 12X500,2,8100.00,1,Pedido histórico field mock (2025-07-07),true,549388742139
PF-000322,2016,"AGUA MARINARO 6X2,25",4,6100.00,1,Pedido histórico field mock (2025-07-07),true,549388742139
PF-000322,3024,MARINARO MANZANA 12 X 500,3,9200.00,1,Pedido histórico field mock (2025-07-07),true,549388742139
PF-000323,2014,AGUA MARINARO 12X500,3,8100.00,1,Pedido histórico field mock (2025-08-17),true,549388742139
PF-000323,2016,"AGUA MARINARO 6X2,25",1,6100.00,1,Pedido histórico field mock (2025-08-17),true,549388742139
PF-000323,3016,MARINARO GRANADINA 12 X 500,4,9200.00,1,Pedido histórico field mock (2025-08-17),true,549388742139
PF-000324,2014,AGUA MARINARO 12X500,3,8100.00,1,Pedido histórico field mock (2025-09-22),true,549388742139
PF-000324,2016,"AGUA MARINARO 6X2,25",3,6100.00,1,Pedido histórico field mock (2025-09-22),true,549388742139
PF-000324,3023,"MARINARO MANZANA  6 X 2,25",4,6900.00,1,Pedido histórico field mock (2025-09-22),true,549388742139
PF-000325,2014,AGUA MARINARO 12X500,4,8100.00,1,Pedido histórico field mock (2025-11-03),true,549388742139
PF-000325,2016,"AGUA MARINARO 6X2,25",3,6100.00,1,Pedido histórico field mock (2025-11-03),true,549388742139
PF-000325,3020,"MARINARO LIMONADA 6 X 2,25",4,6900.00,1,Pedido histórico field mock (2025-11-03),true,549388742139
PF-000325,3027,MARINARO NARANJA 12 X 500,2,9200.00,1,Pedido histórico field mock (2025-11-03),true,549388742139
PF-000326,2014,AGUA MARINARO 12X500,2,8100.00,1,Pedido histórico field mock (2025-12-13),true,549388742139
PF-000326,2016,"AGUA MARINARO 6X2,25",4,6100.00,1,Pedido histórico field mock (2025-12-13),true,549388742139
PF-000326,3031,MARINARO POMELO 12 X 500,4,9200.00,1,Pedido histórico field mock (2025-12-13),true,549388742139
PF-000327,2014,AGUA MARINARO 12X500,3,8100.00,1,Pedido histórico field mock (2026-01-17),true,549388742139
PF-000327,2016,"AGUA MARINARO 6X2,25",4,6100.00,1,Pedido histórico field mock (2026-01-17),true,549388742139
PF-000328,2014,AGUA MARINARO 12X500,3,8100.00,1,Pedido reciente field mock (2026-04-20),true,549388742139
PF-000328,3012,MARINARO COLA 12X500,1,9200.00,1,Pedido reciente field mock (2026-04-20),true,549388742139
PF-000329,2014,AGUA MARINARO 12X500,1,8100.00,1,Pedido reciente field mock (2026-04-22),true,549388742139
PF-000329,2015,"AGUA MARINARO 6X1,5",2,5640.00,1,Pedido reciente field mock (2026-04-22),true,549388742139
PF-000330,3012,MARINARO COLA 12X500,3,9200.00,1,Pedido reciente field mock (2026-05-18),true,549388742139
PF-000330,2016,"AGUA MARINARO 6X2,25",2,6100.00,1,Pedido reciente field mock (2026-05-18),true,549388742139
PF-000331,2016,"AGUA MARINARO 6X2,25",4,7015.00,2,Pedido histórico field mock (2025-06-01),true,549388742140
PF-000331,3012,MARINARO COLA 12X500,1,10580.00,2,Pedido histórico field mock (2025-06-01),true,549388742140
PF-000331,3030,"MARINARO POMELO 6 X 2,25",1,7935.00,2,Pedido histórico field mock (2025-06-01),true,549388742140
PF-000331,3018,"MARINARO LIMA LIMON 6 X 2,25",4,7935.00,2,Pedido histórico field mock (2025-06-01),true,549388742140
PF-000332,2016,"AGUA MARINARO 6X2,25",4,7015.00,2,Pedido histórico field mock (2025-07-09),true,549388742140
PF-000332,3012,MARINARO COLA 12X500,3,10580.00,2,Pedido histórico field mock (2025-07-09),true,549388742140
PF-000332,3015,"MARINARO GRANADINA 6X2,25",2,7935.00,2,Pedido histórico field mock (2025-07-09),true,549388742140
PF-000333,2016,"AGUA MARINARO 6X2,25",4,7015.00,2,Pedido histórico field mock (2025-08-14),true,549388742140
PF-000333,3012,MARINARO COLA 12X500,1,10580.00,2,Pedido histórico field mock (2025-08-14),true,549388742140
PF-000334,2016,"AGUA MARINARO 6X2,25",3,7015.00,2,Pedido histórico field mock (2025-09-23),true,549388742140
PF-000334,3012,MARINARO COLA 12X500,4,10580.00,2,Pedido histórico field mock (2025-09-23),true,549388742140
PF-000335,2016,"AGUA MARINARO 6X2,25",1,7015.00,2,Pedido histórico field mock (2025-11-05),true,549388742140
PF-000335,3012,MARINARO COLA 12X500,3,10580.00,2,Pedido histórico field mock (2025-11-05),true,549388742140
PF-000335,3049,"MARINARO COLA 6X1,5",4,7705.00,2,Pedido histórico field mock (2025-11-05),true,549388742140
PF-000335,3047,"MARINARO GRANADINA 6X1,5",4,7705.00,2,Pedido histórico field mock (2025-11-05),true,549388742140
PF-000336,2016,"AGUA MARINARO 6X2,25",1,7015.00,2,Pedido histórico field mock (2025-12-03),true,549388742140
PF-000336,3012,MARINARO COLA 12X500,1,10580.00,2,Pedido histórico field mock (2025-12-03),true,549388742140
PF-000336,3021,MARINARO LIMONADA 12 X 500,1,10580.00,2,Pedido histórico field mock (2025-12-03),true,549388742140
PF-000337,2016,"AGUA MARINARO 6X2,25",2,7015.00,2,Pedido histórico field mock (2026-01-13),true,549388742140
PF-000337,3012,MARINARO COLA 12X500,3,10580.00,2,Pedido histórico field mock (2026-01-13),true,549388742140
PF-000338,3013,"MARINARO COLA 6 X 2,25",1,7935.00,2,Pedido reciente field mock (2026-04-13),true,549388742140
PF-000338,2014,AGUA MARINARO 12X500,3,9315.00,2,Pedido reciente field mock (2026-04-13),true,549388742140
PF-000339,3012,MARINARO COLA 12X500,1,10580.00,2,Pedido reciente field mock (2026-04-28),true,549388742140
PF-000339,3013,"MARINARO COLA 6 X 2,25",2,7935.00,2,Pedido reciente field mock (2026-04-28),true,549388742140
PF-000340,3013,"MARINARO COLA 6 X 2,25",3,7935.00,2,Pedido reciente field mock (2026-05-04),true,549388742140
PF-000340,3012,MARINARO COLA 12X500,3,10580.00,2,Pedido reciente field mock (2026-05-04),true,549388742140
PF-000341,2015,"AGUA MARINARO 6X1,5",2,5076.00,3,Pedido histórico field mock (2025-06-01),true,549388742141
PF-000341,2016,"AGUA MARINARO 6X2,25",4,5490.00,3,Pedido histórico field mock (2025-06-01),true,549388742141
PF-000342,2015,"AGUA MARINARO 6X1,5",2,5076.00,3,Pedido histórico field mock (2025-07-05),true,549388742141
PF-000342,2016,"AGUA MARINARO 6X2,25",1,5490.00,3,Pedido histórico field mock (2025-07-05),true,549388742141
PF-000342,3018,"MARINARO LIMA LIMON 6 X 2,25",2,6210.00,3,Pedido histórico field mock (2025-07-05),true,549388742141
PF-000342,3027,MARINARO NARANJA 12 X 500,1,8280.00,3,Pedido histórico field mock (2025-07-05),true,549388742141
PF-000343,2015,"AGUA MARINARO 6X1,5",4,5076.00,3,Pedido histórico field mock (2025-08-17),true,549388742141
PF-000343,2016,"AGUA MARINARO 6X2,25",3,5490.00,3,Pedido histórico field mock (2025-08-17),true,549388742141
PF-000344,2015,"AGUA MARINARO 6X1,5",3,5076.00,3,Pedido histórico field mock (2025-09-20),true,549388742141
PF-000344,2016,"AGUA MARINARO 6X2,25",3,5490.00,3,Pedido histórico field mock (2025-09-20),true,549388742141
PF-000345,2015,"AGUA MARINARO 6X1,5",1,5076.00,3,Pedido histórico field mock (2025-11-02),true,549388742141
PF-000345,2016,"AGUA MARINARO 6X2,25",1,5490.00,3,Pedido histórico field mock (2025-11-02),true,549388742141
PF-000345,3020,"MARINARO LIMONADA 6 X 2,25",4,6210.00,3,Pedido histórico field mock (2025-11-02),true,549388742141
PF-000345,3051,"MARINARO MANZANA 6X1,5",4,6030.00,3,Pedido histórico field mock (2025-11-02),true,549388742141
PF-000346,2015,"AGUA MARINARO 6X1,5",1,5076.00,3,Pedido histórico field mock (2025-12-09),true,549388742141
PF-000346,2016,"AGUA MARINARO 6X2,25",4,5490.00,3,Pedido histórico field mock (2025-12-09),true,549388742141
PF-000347,2015,"AGUA MARINARO 6X1,5",3,5076.00,3,Pedido histórico field mock (2026-01-13),true,549388742141
PF-000347,2016,"AGUA MARINARO 6X2,25",2,5490.00,3,Pedido histórico field mock (2026-01-13),true,549388742141
PF-000348,3012,MARINARO COLA 12X500,3,8280.00,3,Pedido reciente field mock (2026-04-03),true,549388742141
PF-000348,2016,"AGUA MARINARO 6X2,25",1,5490.00,3,Pedido reciente field mock (2026-04-03),true,549388742141
PF-000349,2016,"AGUA MARINARO 6X2,25",3,5490.00,3,Pedido reciente field mock (2026-04-10),true,549388742141
PF-000349,2015,"AGUA MARINARO 6X1,5",1,5076.00,3,Pedido reciente field mock (2026-04-10),true,549388742141
PF-000350,2015,"AGUA MARINARO 6X1,5",1,5076.00,3,Pedido reciente field mock (2026-04-17),true,549388742141
PF-000350,3013,"MARINARO COLA 6 X 2,25",3,6210.00,3,Pedido reciente field mock (2026-04-17),true,549388742141
PF-000351,2016,"AGUA MARINARO 6X2,25",2,5185.00,4,Pedido histórico field mock (2025-06-01),true,549388742142
PF-000351,3013,"MARINARO COLA 6 X 2,25",1,5865.00,4,Pedido histórico field mock (2025-06-01),true,549388742142
PF-000351,3030,"MARINARO POMELO 6 X 2,25",2,5865.00,4,Pedido histórico field mock (2025-06-01),true,549388742142
PF-000351,3024,MARINARO MANZANA 12 X 500,4,7820.00,4,Pedido histórico field mock (2025-06-01),true,549388742142
PF-000352,2016,"AGUA MARINARO 6X2,25",1,5185.00,4,Pedido histórico field mock (2025-07-06),true,549388742142
PF-000352,3013,"MARINARO COLA 6 X 2,25",3,5865.00,4,Pedido histórico field mock (2025-07-06),true,549388742142
PF-000352,3018,"MARINARO LIMA LIMON 6 X 2,25",2,5865.00,4,Pedido histórico field mock (2025-07-06),true,549388742142
PF-000353,2016,"AGUA MARINARO 6X2,25",4,5185.00,4,Pedido histórico field mock (2025-08-19),true,549388742142
PF-000353,3013,"MARINARO COLA 6 X 2,25",4,5865.00,4,Pedido histórico field mock (2025-08-19),true,549388742142
PF-000353,3024,MARINARO MANZANA 12 X 500,2,7820.00,4,Pedido histórico field mock (2025-08-19),true,549388742142
PF-000353,3031,MARINARO POMELO 12 X 500,4,7820.00,4,Pedido histórico field mock (2025-08-19),true,549388742142
PF-000354,2016,"AGUA MARINARO 6X2,25",4,5185.00,4,Pedido histórico field mock (2025-09-24),true,549388742142
PF-000354,3013,"MARINARO COLA 6 X 2,25",2,5865.00,4,Pedido histórico field mock (2025-09-24),true,549388742142
PF-000355,2016,"AGUA MARINARO 6X2,25",3,5185.00,4,Pedido histórico field mock (2025-10-27),true,549388742142
PF-000355,3013,"MARINARO COLA 6 X 2,25",3,5865.00,4,Pedido histórico field mock (2025-10-27),true,549388742142
PF-000355,3049,"MARINARO COLA 6X1,5",2,5695.00,4,Pedido histórico field mock (2025-10-27),true,549388742142
PF-000355,3021,MARINARO LIMONADA 12 X 500,1,7820.00,4,Pedido histórico field mock (2025-10-27),true,549388742142
PF-000356,2016,"AGUA MARINARO 6X2,25",4,5185.00,4,Pedido histórico field mock (2025-12-11),true,549388742142
PF-000356,3013,"MARINARO COLA 6 X 2,25",4,5865.00,4,Pedido histórico field mock (2025-12-11),true,549388742142
PF-000356,3020,"MARINARO LIMONADA 6 X 2,25",1,5865.00,4,Pedido histórico field mock (2025-12-11),true,549388742142
PF-000356,3047,"MARINARO GRANADINA 6X1,5",4,5695.00,4,Pedido histórico field mock (2025-12-11),true,549388742142
PF-000357,2016,"AGUA MARINARO 6X2,25",2,5185.00,4,Pedido histórico field mock (2026-01-16),true,549388742142
PF-000357,3013,"MARINARO COLA 6 X 2,25",2,5865.00,4,Pedido histórico field mock (2026-01-16),true,549388742142
PF-000357,3024,MARINARO MANZANA 12 X 500,4,7820.00,4,Pedido histórico field mock (2026-01-16),true,549388742142
PF-000358,2015,"AGUA MARINARO 6X1,5",3,4794.00,4,Pedido reciente field mock (2026-04-05),true,549388742142
PF-000358,2016,"AGUA MARINARO 6X2,25",3,5185.00,4,Pedido reciente field mock (2026-04-05),true,549388742142
PF-000359,2014,AGUA MARINARO 12X500,2,6885.00,4,Pedido reciente field mock (2026-04-13),true,549388742142
PF-000359,2016,"AGUA MARINARO 6X2,25",1,5185.00,4,Pedido reciente field mock (2026-04-13),true,549388742142
PF-000360,3012,MARINARO COLA 12X500,1,7820.00,4,Pedido reciente field mock (2026-05-13),true,549388742142
PF-000360,2015,"AGUA MARINARO 6X1,5",3,4794.00,4,Pedido reciente field mock (2026-05-13),true,549388742142
PF-000361,2015,"AGUA MARINARO 6X1,5",2,5640.00,1,Pedido histórico field mock (2025-06-01),true,549388742143
PF-000361,3012,MARINARO COLA 12X500,1,9200.00,1,Pedido histórico field mock (2025-06-01),true,549388742143
PF-000361,3016,MARINARO GRANADINA 12 X 500,2,9200.00,1,Pedido histórico field mock (2025-06-01),true,549388742143
PF-000361,3015,"MARINARO GRANADINA 6X2,25",4,6900.00,1,Pedido histórico field mock (2025-06-01),true,549388742143
PF-000362,2015,"AGUA MARINARO 6X1,5",2,5640.00,1,Pedido histórico field mock (2025-07-09),true,549388742143
PF-000362,3012,MARINARO COLA 12X500,1,9200.00,1,Pedido histórico field mock (2025-07-09),true,549388742143
PF-000362,3051,"MARINARO MANZANA 6X1,5",2,6700.00,1,Pedido histórico field mock (2025-07-09),true,549388742143
PF-000363,2015,"AGUA MARINARO 6X1,5",1,5640.00,1,Pedido histórico field mock (2025-08-20),true,549388742143
PF-000363,3012,MARINARO COLA 12X500,3,9200.00,1,Pedido histórico field mock (2025-08-20),true,549388742143
PF-000364,2015,"AGUA MARINARO 6X1,5",1,5640.00,1,Pedido histórico field mock (2025-09-23),true,549388742143
PF-000364,3012,MARINARO COLA 12X500,3,9200.00,1,Pedido histórico field mock (2025-09-23),true,549388742143
PF-000364,3019,MARINARO LIMA LIMON 12 X 500,3,9200.00,1,Pedido histórico field mock (2025-09-23),true,549388742143
PF-000364,3026,"MARINARO NARANJA 6 X 2,25",2,6900.00,1,Pedido histórico field mock (2025-09-23),true,549388742143
PF-000365,2015,"AGUA MARINARO 6X1,5",3,5640.00,1,Pedido histórico field mock (2025-11-03),true,549388742143
PF-000365,3012,MARINARO COLA 12X500,2,9200.00,1,Pedido histórico field mock (2025-11-03),true,549388742143
PF-000366,2015,"AGUA MARINARO 6X1,5",4,5640.00,1,Pedido histórico field mock (2025-12-12),true,549388742143
PF-000366,3012,MARINARO COLA 12X500,4,9200.00,1,Pedido histórico field mock (2025-12-12),true,549388742143
PF-000367,2015,"AGUA MARINARO 6X1,5",2,5640.00,1,Pedido histórico field mock (2026-01-15),true,549388742143
PF-000367,3012,MARINARO COLA 12X500,1,9200.00,1,Pedido histórico field mock (2026-01-15),true,549388742143
PF-000368,2016,"AGUA MARINARO 6X2,25",1,6100.00,1,Pedido reciente field mock (2026-04-21),true,549388742143
PF-000368,2014,AGUA MARINARO 12X500,1,8100.00,1,Pedido reciente field mock (2026-04-21),true,549388742143
PF-000369,2015,"AGUA MARINARO 6X1,5",1,5640.00,1,Pedido reciente field mock (2026-05-06),true,549388742143
PF-000369,2016,"AGUA MARINARO 6X2,25",3,6100.00,1,Pedido reciente field mock (2026-05-06),true,549388742143
PF-000370,2016,"AGUA MARINARO 6X2,25",3,6100.00,1,Pedido reciente field mock (2026-05-16),true,549388742143
PF-000370,3012,MARINARO COLA 12X500,2,9200.00,1,Pedido reciente field mock (2026-05-16),true,549388742143
PF-000371,2014,AGUA MARINARO 12X500,3,9315.00,2,Pedido histórico field mock (2025-06-01),true,549388742144
PF-000371,3013,"MARINARO COLA 6 X 2,25",2,7935.00,2,Pedido histórico field mock (2025-06-01),true,549388742144
PF-000371,3019,MARINARO LIMA LIMON 12 X 500,4,10580.00,2,Pedido histórico field mock (2025-06-01),true,549388742144
PF-000371,3030,"MARINARO POMELO 6 X 2,25",3,7935.00,2,Pedido histórico field mock (2025-06-01),true,549388742144
PF-000372,2014,AGUA MARINARO 12X500,4,9315.00,2,Pedido histórico field mock (2025-07-05),true,549388742144
PF-000372,3013,"MARINARO COLA 6 X 2,25",2,7935.00,2,Pedido histórico field mock (2025-07-05),true,549388742144
PF-000372,3016,MARINARO GRANADINA 12 X 500,2,10580.00,2,Pedido histórico field mock (2025-07-05),true,549388742144
PF-000373,2014,AGUA MARINARO 12X500,2,9315.00,2,Pedido histórico field mock (2025-08-19),true,549388742144
PF-000373,3013,"MARINARO COLA 6 X 2,25",2,7935.00,2,Pedido histórico field mock (2025-08-19),true,549388742144
PF-000373,3031,MARINARO POMELO 12 X 500,2,10580.00,2,Pedido histórico field mock (2025-08-19),true,549388742144
PF-000373,3015,"MARINARO GRANADINA 6X2,25",3,7935.00,2,Pedido histórico field mock (2025-08-19),true,549388742144
PF-000374,2014,AGUA MARINARO 12X500,2,9315.00,2,Pedido histórico field mock (2025-09-19),true,549388742144
PF-000374,3013,"MARINARO COLA 6 X 2,25",2,7935.00,2,Pedido histórico field mock (2025-09-19),true,549388742144
PF-000374,3021,MARINARO LIMONADA 12 X 500,3,10580.00,2,Pedido histórico field mock (2025-09-19),true,549388742144
PF-000375,2014,AGUA MARINARO 12X500,4,9315.00,2,Pedido histórico field mock (2025-10-29),true,549388742144
PF-000375,3013,"MARINARO COLA 6 X 2,25",4,7935.00,2,Pedido histórico field mock (2025-10-29),true,549388742144
PF-000375,3027,MARINARO NARANJA 12 X 500,2,10580.00,2,Pedido histórico field mock (2025-10-29),true,549388742144
PF-000375,3051,"MARINARO MANZANA 6X1,5",2,7705.00,2,Pedido histórico field mock (2025-10-29),true,549388742144
PF-000376,2014,AGUA MARINARO 12X500,2,9315.00,2,Pedido histórico field mock (2025-12-06),true,549388742144
PF-000376,3013,"MARINARO COLA 6 X 2,25",1,7935.00,2,Pedido histórico field mock (2025-12-06),true,549388742144
PF-000377,2014,AGUA MARINARO 12X500,2,9315.00,2,Pedido histórico field mock (2026-01-15),true,549388742144
PF-000377,3013,"MARINARO COLA 6 X 2,25",1,7935.00,2,Pedido histórico field mock (2026-01-15),true,549388742144
PF-000377,3020,"MARINARO LIMONADA 6 X 2,25",2,7935.00,2,Pedido histórico field mock (2026-01-15),true,549388742144
PF-000378,3012,MARINARO COLA 12X500,1,10580.00,2,Pedido reciente field mock (2026-04-05),true,549388742144
PF-000378,2016,"AGUA MARINARO 6X2,25",3,7015.00,2,Pedido reciente field mock (2026-04-05),true,549388742144
PF-000379,2014,AGUA MARINARO 12X500,1,9315.00,2,Pedido reciente field mock (2026-04-17),true,549388742144
PF-000379,3013,"MARINARO COLA 6 X 2,25",1,7935.00,2,Pedido reciente field mock (2026-04-17),true,549388742144
PF-000380,2015,"AGUA MARINARO 6X1,5",1,6486.00,2,Pedido reciente field mock (2026-04-21),true,549388742144
PF-000380,3012,MARINARO COLA 12X500,2,10580.00,2,Pedido reciente field mock (2026-04-21),true,549388742144
PF-000381,3013,"MARINARO COLA 6 X 2,25",3,6210.00,3,Pedido histórico field mock (2025-06-01),true,549388742145
PF-000381,2014,AGUA MARINARO 12X500,4,7290.00,3,Pedido histórico field mock (2025-06-01),true,549388742145
PF-000381,3027,MARINARO NARANJA 12 X 500,2,8280.00,3,Pedido histórico field mock (2025-06-01),true,549388742145
PF-000382,3013,"MARINARO COLA 6 X 2,25",3,6210.00,3,Pedido histórico field mock (2025-07-11),true,549388742145
PF-000382,2014,AGUA MARINARO 12X500,3,7290.00,3,Pedido histórico field mock (2025-07-11),true,549388742145
PF-000382,3016,MARINARO GRANADINA 12 X 500,4,8280.00,3,Pedido histórico field mock (2025-07-11),true,549388742145
PF-000383,3013,"MARINARO COLA 6 X 2,25",4,6210.00,3,Pedido histórico field mock (2025-08-20),true,549388742145
PF-000383,2014,AGUA MARINARO 12X500,2,7290.00,3,Pedido histórico field mock (2025-08-20),true,549388742145
PF-000384,3013,"MARINARO COLA 6 X 2,25",3,6210.00,3,Pedido histórico field mock (2025-09-22),true,549388742145
PF-000384,2014,AGUA MARINARO 12X500,1,7290.00,3,Pedido histórico field mock (2025-09-22),true,549388742145
PF-000384,3031,MARINARO POMELO 12 X 500,2,8280.00,3,Pedido histórico field mock (2025-09-22),true,549388742145
PF-000385,3013,"MARINARO COLA 6 X 2,25",3,6210.00,3,Pedido histórico field mock (2025-10-26),true,549388742145
PF-000385,2014,AGUA MARINARO 12X500,2,7290.00,3,Pedido histórico field mock (2025-10-26),true,549388742145
PF-000385,3021,MARINARO LIMONADA 12 X 500,1,8280.00,3,Pedido histórico field mock (2025-10-26),true,549388742145
PF-000385,3031,MARINARO POMELO 12 X 500,1,8280.00,3,Pedido histórico field mock (2025-10-26),true,549388742145
PF-000386,3013,"MARINARO COLA 6 X 2,25",1,6210.00,3,Pedido histórico field mock (2025-12-06),true,549388742145
PF-000386,2014,AGUA MARINARO 12X500,3,7290.00,3,Pedido histórico field mock (2025-12-06),true,549388742145
PF-000387,3013,"MARINARO COLA 6 X 2,25",3,6210.00,3,Pedido histórico field mock (2026-01-16),true,549388742145
PF-000387,2014,AGUA MARINARO 12X500,2,7290.00,3,Pedido histórico field mock (2026-01-16),true,549388742145
PF-000388,2014,AGUA MARINARO 12X500,3,7290.00,3,Pedido reciente field mock (2026-04-20),true,549388742145
PF-000388,3012,MARINARO COLA 12X500,2,8280.00,3,Pedido reciente field mock (2026-04-20),true,549388742145
PF-000389,3012,MARINARO COLA 12X500,2,8280.00,3,Pedido reciente field mock (2026-05-09),true,549388742145
PF-000389,2015,"AGUA MARINARO 6X1,5",2,5076.00,3,Pedido reciente field mock (2026-05-09),true,549388742145
PF-000390,2015,"AGUA MARINARO 6X1,5",2,5076.00,3,Pedido reciente field mock (2026-05-17),true,549388742145
PF-000390,2016,"AGUA MARINARO 6X2,25",3,5490.00,3,Pedido reciente field mock (2026-05-17),true,549388742145
PF-000391,2015,"AGUA MARINARO 6X1,5",1,4794.00,4,Pedido histórico field mock (2025-06-03),true,549388742146
PF-000391,2016,"AGUA MARINARO 6X2,25",4,5185.00,4,Pedido histórico field mock (2025-06-03),true,549388742146
PF-000392,2015,"AGUA MARINARO 6X1,5",4,4794.00,4,Pedido histórico field mock (2025-07-12),true,549388742146
PF-000392,2016,"AGUA MARINARO 6X2,25",4,5185.00,4,Pedido histórico field mock (2025-07-12),true,549388742146
PF-000393,2015,"AGUA MARINARO 6X1,5",2,4794.00,4,Pedido histórico field mock (2025-08-16),true,549388742146
PF-000393,2016,"AGUA MARINARO 6X2,25",1,5185.00,4,Pedido histórico field mock (2025-08-16),true,549388742146
PF-000394,2015,"AGUA MARINARO 6X1,5",1,4794.00,4,Pedido histórico field mock (2025-09-19),true,549388742146
PF-000394,2016,"AGUA MARINARO 6X2,25",2,5185.00,4,Pedido histórico field mock (2025-09-19),true,549388742146
PF-000394,3019,MARINARO LIMA LIMON 12 X 500,2,7820.00,4,Pedido histórico field mock (2025-09-19),true,549388742146
PF-000394,3020,"MARINARO LIMONADA 6 X 2,25",4,5865.00,4,Pedido histórico field mock (2025-09-19),true,549388742146
PF-000395,2015,"AGUA MARINARO 6X1,5",3,4794.00,4,Pedido histórico field mock (2025-10-27),true,549388742146
PF-000395,2016,"AGUA MARINARO 6X2,25",2,5185.00,4,Pedido histórico field mock (2025-10-27),true,549388742146
PF-000395,3024,MARINARO MANZANA 12 X 500,4,7820.00,4,Pedido histórico field mock (2025-10-27),true,549388742146
PF-000396,2015,"AGUA MARINARO 6X1,5",3,4794.00,4,Pedido histórico field mock (2025-12-11),true,549388742146
PF-000396,2016,"AGUA MARINARO 6X2,25",2,5185.00,4,Pedido histórico field mock (2025-12-11),true,549388742146
PF-000397,2015,"AGUA MARINARO 6X1,5",3,4794.00,4,Pedido histórico field mock (2026-01-20),true,549388742146
PF-000397,2016,"AGUA MARINARO 6X2,25",1,5185.00,4,Pedido histórico field mock (2026-01-20),true,549388742146
PF-000398,3013,"MARINARO COLA 6 X 2,25",1,5865.00,4,Pedido reciente field mock (2026-04-08),true,549388742146
PF-000398,2014,AGUA MARINARO 12X500,3,6885.00,4,Pedido reciente field mock (2026-04-08),true,549388742146
PF-000399,2014,AGUA MARINARO 12X500,2,6885.00,4,Pedido reciente field mock (2026-04-13),true,549388742146
PF-000399,3012,MARINARO COLA 12X500,3,7820.00,4,Pedido reciente field mock (2026-04-13),true,549388742146
PF-000400,2014,AGUA MARINARO 12X500,2,6885.00,4,Pedido reciente field mock (2026-04-14),true,549388742146
PF-000400,3012,MARINARO COLA 12X500,1,7820.00,4,Pedido reciente field mock (2026-04-14),true,549388742146
PF-000401,3012,MARINARO COLA 12X500,4,9200.00,1,Pedido histórico field mock (2025-06-04),true,549388742147
PF-000401,2015,"AGUA MARINARO 6X1,5",1,5640.00,1,Pedido histórico field mock (2025-06-04),true,549388742147
PF-000401,3027,MARINARO NARANJA 12 X 500,4,9200.00,1,Pedido histórico field mock (2025-06-04),true,549388742147
PF-000402,3012,MARINARO COLA 12X500,4,9200.00,1,Pedido histórico field mock (2025-07-12),true,549388742147
PF-000402,2015,"AGUA MARINARO 6X1,5",4,5640.00,1,Pedido histórico field mock (2025-07-12),true,549388742147
PF-000402,3027,MARINARO NARANJA 12 X 500,3,9200.00,1,Pedido histórico field mock (2025-07-12),true,549388742147
PF-000403,3012,MARINARO COLA 12X500,4,9200.00,1,Pedido histórico field mock (2025-08-18),true,549388742147
PF-000403,2015,"AGUA MARINARO 6X1,5",3,5640.00,1,Pedido histórico field mock (2025-08-18),true,549388742147
PF-000403,3015,"MARINARO GRANADINA 6X2,25",2,6900.00,1,Pedido histórico field mock (2025-08-18),true,549388742147
PF-000404,3012,MARINARO COLA 12X500,2,9200.00,1,Pedido histórico field mock (2025-09-23),true,549388742147
PF-000404,2015,"AGUA MARINARO 6X1,5",1,5640.00,1,Pedido histórico field mock (2025-09-23),true,549388742147
PF-000405,3012,MARINARO COLA 12X500,3,9200.00,1,Pedido histórico field mock (2025-10-26),true,549388742147
PF-000405,2015,"AGUA MARINARO 6X1,5",1,5640.00,1,Pedido histórico field mock (2025-10-26),true,549388742147
PF-000405,3026,"MARINARO NARANJA 6 X 2,25",1,6900.00,1,Pedido histórico field mock (2025-10-26),true,549388742147
PF-000406,3012,MARINARO COLA 12X500,3,9200.00,1,Pedido histórico field mock (2025-12-07),true,549388742147
PF-000406,2015,"AGUA MARINARO 6X1,5",3,5640.00,1,Pedido histórico field mock (2025-12-07),true,549388742147
PF-000407,3012,MARINARO COLA 12X500,2,9200.00,1,Pedido histórico field mock (2026-01-13),true,549388742147
PF-000407,2015,"AGUA MARINARO 6X1,5",3,5640.00,1,Pedido histórico field mock (2026-01-13),true,549388742147
PF-000407,3024,MARINARO MANZANA 12 X 500,3,9200.00,1,Pedido histórico field mock (2026-01-13),true,549388742147
PF-000407,3031,MARINARO POMELO 12 X 500,3,9200.00,1,Pedido histórico field mock (2026-01-13),true,549388742147
PF-000408,2015,"AGUA MARINARO 6X1,5",1,5640.00,1,Pedido reciente field mock (2026-04-12),true,549388742147
PF-000408,3013,"MARINARO COLA 6 X 2,25",1,6900.00,1,Pedido reciente field mock (2026-04-12),true,549388742147
PF-000409,2015,"AGUA MARINARO 6X1,5",2,5640.00,1,Pedido reciente field mock (2026-04-29),true,549388742147
PF-000409,2016,"AGUA MARINARO 6X2,25",2,6100.00,1,Pedido reciente field mock (2026-04-29),true,549388742147
PF-000410,3012,MARINARO COLA 12X500,2,9200.00,1,Pedido reciente field mock (2026-05-09),true,549388742147
PF-000410,3013,"MARINARO COLA 6 X 2,25",1,6900.00,1,Pedido reciente field mock (2026-05-09),true,549388742147
PF-000411,3013,"MARINARO COLA 6 X 2,25",2,7935.00,2,Pedido histórico field mock (2025-06-06),true,549388742148
PF-000411,2016,"AGUA MARINARO 6X2,25",3,7015.00,2,Pedido histórico field mock (2025-06-06),true,549388742148
PF-000412,3013,"MARINARO COLA 6 X 2,25",2,7935.00,2,Pedido histórico field mock (2025-07-06),true,549388742148
PF-000412,2016,"AGUA MARINARO 6X2,25",3,7015.00,2,Pedido histórico field mock (2025-07-06),true,549388742148
PF-000412,3023,"MARINARO MANZANA  6 X 2,25",4,7935.00,2,Pedido histórico field mock (2025-07-06),true,549388742148
PF-000412,3049,"MARINARO COLA 6X1,5",1,7705.00,2,Pedido histórico field mock (2025-07-06),true,549388742148
PF-000413,3013,"MARINARO COLA 6 X 2,25",1,7935.00,2,Pedido histórico field mock (2025-08-16),true,549388742148
PF-000413,2016,"AGUA MARINARO 6X2,25",2,7015.00,2,Pedido histórico field mock (2025-08-16),true,549388742148
PF-000414,3013,"MARINARO COLA 6 X 2,25",1,7935.00,2,Pedido histórico field mock (2025-09-18),true,549388742148
PF-000414,2016,"AGUA MARINARO 6X2,25",2,7015.00,2,Pedido histórico field mock (2025-09-18),true,549388742148
PF-000415,3013,"MARINARO COLA 6 X 2,25",2,7935.00,2,Pedido histórico field mock (2025-11-03),true,549388742148
PF-000415,2016,"AGUA MARINARO 6X2,25",4,7015.00,2,Pedido histórico field mock (2025-11-03),true,549388742148
PF-000415,3015,"MARINARO GRANADINA 6X2,25",4,7935.00,2,Pedido histórico field mock (2025-11-03),true,549388742148
PF-000415,3023,"MARINARO MANZANA  6 X 2,25",3,7935.00,2,Pedido histórico field mock (2025-11-03),true,549388742148
PF-000416,3013,"MARINARO COLA 6 X 2,25",3,7935.00,2,Pedido histórico field mock (2025-12-04),true,549388742148
PF-000416,2016,"AGUA MARINARO 6X2,25",3,7015.00,2,Pedido histórico field mock (2025-12-04),true,549388742148
PF-000416,3016,MARINARO GRANADINA 12 X 500,1,10580.00,2,Pedido histórico field mock (2025-12-04),true,549388742148
PF-000416,3021,MARINARO LIMONADA 12 X 500,3,10580.00,2,Pedido histórico field mock (2025-12-04),true,549388742148
PF-000417,3013,"MARINARO COLA 6 X 2,25",4,7935.00,2,Pedido histórico field mock (2026-01-17),true,549388742148
PF-000417,2016,"AGUA MARINARO 6X2,25",2,7015.00,2,Pedido histórico field mock (2026-01-17),true,549388742148
PF-000418,3013,"MARINARO COLA 6 X 2,25",1,7935.00,2,Pedido reciente field mock (2026-04-26),true,549388742148
PF-000418,2016,"AGUA MARINARO 6X2,25",2,7015.00,2,Pedido reciente field mock (2026-04-26),true,549388742148
PF-000419,2014,AGUA MARINARO 12X500,3,9315.00,2,Pedido reciente field mock (2026-04-30),true,549388742148
PF-000419,2016,"AGUA MARINARO 6X2,25",3,7015.00,2,Pedido reciente field mock (2026-04-30),true,549388742148
PF-000420,3012,MARINARO COLA 12X500,1,10580.00,2,Pedido reciente field mock (2026-05-04),true,549388742148
PF-000420,2015,"AGUA MARINARO 6X1,5",3,6486.00,2,Pedido reciente field mock (2026-05-04),true,549388742148
PF-000421,2015,"AGUA MARINARO 6X1,5",1,5076.00,3,Pedido histórico field mock (2025-06-01),true,549388742149
PF-000421,2016,"AGUA MARINARO 6X2,25",1,5490.00,3,Pedido histórico field mock (2025-06-01),true,549388742149
PF-000421,3049,"MARINARO COLA 6X1,5",3,6030.00,3,Pedido histórico field mock (2025-06-01),true,549388742149
PF-000422,2015,"AGUA MARINARO 6X1,5",1,5076.00,3,Pedido histórico field mock (2025-07-06),true,549388742149
PF-000422,2016,"AGUA MARINARO 6X2,25",2,5490.00,3,Pedido histórico field mock (2025-07-06),true,549388742149
PF-000423,2015,"AGUA MARINARO 6X1,5",4,5076.00,3,Pedido histórico field mock (2025-08-17),true,549388742149
PF-000423,2016,"AGUA MARINARO 6X2,25",4,5490.00,3,Pedido histórico field mock (2025-08-17),true,549388742149
PF-000423,3049,"MARINARO COLA 6X1,5",2,6030.00,3,Pedido histórico field mock (2025-08-17),true,549388742149
PF-000424,2015,"AGUA MARINARO 6X1,5",2,5076.00,3,Pedido histórico field mock (2025-09-28),true,549388742149
PF-000424,2016,"AGUA MARINARO 6X2,25",2,5490.00,3,Pedido histórico field mock (2025-09-28),true,549388742149
PF-000424,3019,MARINARO LIMA LIMON 12 X 500,3,8280.00,3,Pedido histórico field mock (2025-09-28),true,549388742149
PF-000425,2015,"AGUA MARINARO 6X1,5",1,5076.00,3,Pedido histórico field mock (2025-10-27),true,549388742149
PF-000425,2016,"AGUA MARINARO 6X2,25",3,5490.00,3,Pedido histórico field mock (2025-10-27),true,549388742149
PF-000426,2015,"AGUA MARINARO 6X1,5",4,5076.00,3,Pedido histórico field mock (2025-12-07),true,549388742149
PF-000426,2016,"AGUA MARINARO 6X2,25",2,5490.00,3,Pedido histórico field mock (2025-12-07),true,549388742149
PF-000426,3049,"MARINARO COLA 6X1,5",4,6030.00,3,Pedido histórico field mock (2025-12-07),true,549388742149
PF-000427,2015,"AGUA MARINARO 6X1,5",3,5076.00,3,Pedido histórico field mock (2026-01-20),true,549388742149
PF-000427,2016,"AGUA MARINARO 6X2,25",2,5490.00,3,Pedido histórico field mock (2026-01-20),true,549388742149
PF-000427,3023,"MARINARO MANZANA  6 X 2,25",1,6210.00,3,Pedido histórico field mock (2026-01-20),true,549388742149
PF-000428,2016,"AGUA MARINARO 6X2,25",3,5490.00,3,Pedido reciente field mock (2026-04-05),true,549388742149
PF-000428,2015,"AGUA MARINARO 6X1,5",3,5076.00,3,Pedido reciente field mock (2026-04-05),true,549388742149
PF-000429,3012,MARINARO COLA 12X500,2,8280.00,3,Pedido reciente field mock (2026-05-14),true,549388742149
PF-000429,3013,"MARINARO COLA 6 X 2,25",2,6210.00,3,Pedido reciente field mock (2026-05-14),true,549388742149
PF-000430,2014,AGUA MARINARO 12X500,2,7290.00,3,Pedido reciente field mock (2026-05-20),true,549388742149
PF-000430,2015,"AGUA MARINARO 6X1,5",3,5076.00,3,Pedido reciente field mock (2026-05-20),true,549388742149
PF-000431,3012,MARINARO COLA 12X500,4,7820.00,4,Pedido histórico field mock (2025-06-01),true,549388742150
PF-000431,2014,AGUA MARINARO 12X500,3,6885.00,4,Pedido histórico field mock (2025-06-01),true,549388742150
PF-000432,3012,MARINARO COLA 12X500,4,7820.00,4,Pedido histórico field mock (2025-07-14),true,549388742150
PF-000432,2014,AGUA MARINARO 12X500,4,6885.00,4,Pedido histórico field mock (2025-07-14),true,549388742150
PF-000432,3020,"MARINARO LIMONADA 6 X 2,25",2,5865.00,4,Pedido histórico field mock (2025-07-14),true,549388742150
PF-000433,3012,MARINARO COLA 12X500,1,7820.00,4,Pedido histórico field mock (2025-08-21),true,549388742150
PF-000433,2014,AGUA MARINARO 12X500,4,6885.00,4,Pedido histórico field mock (2025-08-21),true,549388742150
PF-000433,3027,MARINARO NARANJA 12 X 500,3,7820.00,4,Pedido histórico field mock (2025-08-21),true,549388742150
PF-000433,3019,MARINARO LIMA LIMON 12 X 500,2,7820.00,4,Pedido histórico field mock (2025-08-21),true,549388742150
PF-000434,3012,MARINARO COLA 12X500,2,7820.00,4,Pedido histórico field mock (2025-09-26),true,549388742150
PF-000434,2014,AGUA MARINARO 12X500,3,6885.00,4,Pedido histórico field mock (2025-09-26),true,549388742150
PF-000435,3012,MARINARO COLA 12X500,2,7820.00,4,Pedido histórico field mock (2025-11-03),true,549388742150
PF-000435,2014,AGUA MARINARO 12X500,3,6885.00,4,Pedido histórico field mock (2025-11-03),true,549388742150
PF-000435,3018,"MARINARO LIMA LIMON 6 X 2,25",3,5865.00,4,Pedido histórico field mock (2025-11-03),true,549388742150
PF-000436,3012,MARINARO COLA 12X500,1,7820.00,4,Pedido histórico field mock (2025-12-05),true,549388742150
PF-000436,2014,AGUA MARINARO 12X500,4,6885.00,4,Pedido histórico field mock (2025-12-05),true,549388742150
PF-000437,3012,MARINARO COLA 12X500,2,7820.00,4,Pedido histórico field mock (2026-01-20),true,549388742150
PF-000437,2014,AGUA MARINARO 12X500,1,6885.00,4,Pedido histórico field mock (2026-01-20),true,549388742150
PF-000437,3049,"MARINARO COLA 6X1,5",4,5695.00,4,Pedido histórico field mock (2026-01-20),true,549388742150
PF-000437,3023,"MARINARO MANZANA  6 X 2,25",1,5865.00,4,Pedido histórico field mock (2026-01-20),true,549388742150
PF-000438,2014,AGUA MARINARO 12X500,1,6885.00,4,Pedido reciente field mock (2026-04-19),true,549388742150
PF-000438,2015,"AGUA MARINARO 6X1,5",1,4794.00,4,Pedido reciente field mock (2026-04-19),true,549388742150
PF-000439,2016,"AGUA MARINARO 6X2,25",2,5185.00,4,Pedido reciente field mock (2026-04-20),true,549388742150
PF-000439,2014,AGUA MARINARO 12X500,2,6885.00,4,Pedido reciente field mock (2026-04-20),true,549388742150
PF-000440,2014,AGUA MARINARO 12X500,2,6885.00,4,Pedido reciente field mock (2026-04-30),true,549388742150
PF-000440,2016,"AGUA MARINARO 6X2,25",2,5185.00,4,Pedido reciente field mock (2026-04-30),true,549388742150
PF-000441,3012,MARINARO COLA 12X500,3,9200.00,1,Pedido histórico field mock (2025-06-01),true,549388742151
PF-000441,2016,"AGUA MARINARO 6X2,25",3,6100.00,1,Pedido histórico field mock (2025-06-01),true,549388742151
PF-000441,3049,"MARINARO COLA 6X1,5",3,6700.00,1,Pedido histórico field mock (2025-06-01),true,549388742151
PF-000442,3012,MARINARO COLA 12X500,4,9200.00,1,Pedido histórico field mock (2025-07-09),true,549388742151
PF-000442,2016,"AGUA MARINARO 6X2,25",4,6100.00,1,Pedido histórico field mock (2025-07-09),true,549388742151
PF-000442,3021,MARINARO LIMONADA 12 X 500,2,9200.00,1,Pedido histórico field mock (2025-07-09),true,549388742151
PF-000443,3012,MARINARO COLA 12X500,3,9200.00,1,Pedido histórico field mock (2025-08-21),true,549388742151
PF-000443,2016,"AGUA MARINARO 6X2,25",4,6100.00,1,Pedido histórico field mock (2025-08-21),true,549388742151
PF-000443,3021,MARINARO LIMONADA 12 X 500,3,9200.00,1,Pedido histórico field mock (2025-08-21),true,549388742151
PF-000444,3012,MARINARO COLA 12X500,4,9200.00,1,Pedido histórico field mock (2025-09-27),true,549388742151
PF-000444,2016,"AGUA MARINARO 6X2,25",4,6100.00,1,Pedido histórico field mock (2025-09-27),true,549388742151
PF-000444,3020,"MARINARO LIMONADA 6 X 2,25",4,6900.00,1,Pedido histórico field mock (2025-09-27),true,549388742151
PF-000445,3012,MARINARO COLA 12X500,3,9200.00,1,Pedido histórico field mock (2025-11-01),true,549388742151
PF-000445,2016,"AGUA MARINARO 6X2,25",1,6100.00,1,Pedido histórico field mock (2025-11-01),true,549388742151
PF-000445,3047,"MARINARO GRANADINA 6X1,5",4,6700.00,1,Pedido histórico field mock (2025-11-01),true,549388742151
PF-000446,3012,MARINARO COLA 12X500,4,9200.00,1,Pedido histórico field mock (2025-12-05),true,549388742151
PF-000446,2016,"AGUA MARINARO 6X2,25",3,6100.00,1,Pedido histórico field mock (2025-12-05),true,549388742151
PF-000447,3012,MARINARO COLA 12X500,4,9200.00,1,Pedido histórico field mock (2026-01-18),true,549388742151
PF-000447,2016,"AGUA MARINARO 6X2,25",2,6100.00,1,Pedido histórico field mock (2026-01-18),true,549388742151
PF-000447,3027,MARINARO NARANJA 12 X 500,4,9200.00,1,Pedido histórico field mock (2026-01-18),true,549388742151
PF-000448,2015,"AGUA MARINARO 6X1,5",3,5640.00,1,Pedido reciente field mock (2026-04-05),true,549388742151
PF-000448,2014,AGUA MARINARO 12X500,3,8100.00,1,Pedido reciente field mock (2026-04-05),true,549388742151
PF-000449,2016,"AGUA MARINARO 6X2,25",2,6100.00,1,Pedido reciente field mock (2026-04-19),true,549388742151
PF-000449,2015,"AGUA MARINARO 6X1,5",1,5640.00,1,Pedido reciente field mock (2026-04-19),true,549388742151
PF-000450,3012,MARINARO COLA 12X500,1,9200.00,1,Pedido reciente field mock (2026-05-02),true,549388742151
PF-000450,2016,"AGUA MARINARO 6X2,25",1,6100.00,1,Pedido reciente field mock (2026-05-02),true,549388742151
PF-000451,3012,MARINARO COLA 12X500,2,10580.00,2,Pedido histórico field mock (2025-06-02),true,549388742152
PF-000451,2016,"AGUA MARINARO 6X2,25",3,7015.00,2,Pedido histórico field mock (2025-06-02),true,549388742152
PF-000451,3023,"MARINARO MANZANA  6 X 2,25",4,7935.00,2,Pedido histórico field mock (2025-06-02),true,549388742152
PF-000451,3030,"MARINARO POMELO 6 X 2,25",3,7935.00,2,Pedido histórico field mock (2025-06-02),true,549388742152
PF-000452,3012,MARINARO COLA 12X500,4,10580.00,2,Pedido histórico field mock (2025-07-13),true,549388742152
PF-000452,2016,"AGUA MARINARO 6X2,25",3,7015.00,2,Pedido histórico field mock (2025-07-13),true,549388742152
PF-000453,3012,MARINARO COLA 12X500,4,10580.00,2,Pedido histórico field mock (2025-08-11),true,549388742152
PF-000453,2016,"AGUA MARINARO 6X2,25",1,7015.00,2,Pedido histórico field mock (2025-08-11),true,549388742152
PF-000454,3012,MARINARO COLA 12X500,2,10580.00,2,Pedido histórico field mock (2025-09-26),true,549388742152
PF-000454,2016,"AGUA MARINARO 6X2,25",2,7015.00,2,Pedido histórico field mock (2025-09-26),true,549388742152
PF-000454,3049,"MARINARO COLA 6X1,5",2,7705.00,2,Pedido histórico field mock (2025-09-26),true,549388742152
PF-000455,3012,MARINARO COLA 12X500,3,10580.00,2,Pedido histórico field mock (2025-11-05),true,549388742152
PF-000455,2016,"AGUA MARINARO 6X2,25",2,7015.00,2,Pedido histórico field mock (2025-11-05),true,549388742152
PF-000455,3027,MARINARO NARANJA 12 X 500,1,10580.00,2,Pedido histórico field mock (2025-11-05),true,549388742152
PF-000455,3015,"MARINARO GRANADINA 6X2,25",3,7935.00,2,Pedido histórico field mock (2025-11-05),true,549388742152
PF-000456,3012,MARINARO COLA 12X500,4,10580.00,2,Pedido histórico field mock (2025-12-07),true,549388742152
PF-000456,2016,"AGUA MARINARO 6X2,25",2,7015.00,2,Pedido histórico field mock (2025-12-07),true,549388742152
PF-000456,3027,MARINARO NARANJA 12 X 500,3,10580.00,2,Pedido histórico field mock (2025-12-07),true,549388742152
PF-000457,3012,MARINARO COLA 12X500,2,10580.00,2,Pedido histórico field mock (2026-01-12),true,549388742152
PF-000457,2016,"AGUA MARINARO 6X2,25",1,7015.00,2,Pedido histórico field mock (2026-01-12),true,549388742152
PF-000457,3026,"MARINARO NARANJA 6 X 2,25",3,7935.00,2,Pedido histórico field mock (2026-01-12),true,549388742152
PF-000458,3012,MARINARO COLA 12X500,3,10580.00,2,Pedido reciente field mock (2026-04-04),true,549388742152
PF-000458,2016,"AGUA MARINARO 6X2,25",3,7015.00,2,Pedido reciente field mock (2026-04-04),true,549388742152
PF-000459,3012,MARINARO COLA 12X500,1,10580.00,2,Pedido reciente field mock (2026-05-02),true,549388742152
PF-000459,2014,AGUA MARINARO 12X500,3,9315.00,2,Pedido reciente field mock (2026-05-02),true,549388742152
PF-000460,3013,"MARINARO COLA 6 X 2,25",1,7935.00,2,Pedido reciente field mock (2026-05-11),true,549388742152
PF-000460,3012,MARINARO COLA 12X500,2,10580.00,2,Pedido reciente field mock (2026-05-11),true,549388742152
PF-000461,3012,MARINARO COLA 12X500,3,8280.00,3,Pedido histórico field mock (2025-06-01),true,549388742153
PF-000461,2016,"AGUA MARINARO 6X2,25",3,5490.00,3,Pedido histórico field mock (2025-06-01),true,549388742153
PF-000461,3015,"MARINARO GRANADINA 6X2,25",3,6210.00,3,Pedido histórico field mock (2025-06-01),true,549388742153
PF-000462,3012,MARINARO COLA 12X500,4,8280.00,3,Pedido histórico field mock (2025-07-13),true,549388742153
PF-000462,2016,"AGUA MARINARO 6X2,25",4,5490.00,3,Pedido histórico field mock (2025-07-13),true,549388742153
PF-000462,3024,MARINARO MANZANA 12 X 500,3,8280.00,3,Pedido histórico field mock (2025-07-13),true,549388742153
PF-000463,3012,MARINARO COLA 12X500,4,8280.00,3,Pedido histórico field mock (2025-08-20),true,549388742153
PF-000463,2016,"AGUA MARINARO 6X2,25",1,5490.00,3,Pedido histórico field mock (2025-08-20),true,549388742153
PF-000463,3047,"MARINARO GRANADINA 6X1,5",3,6030.00,3,Pedido histórico field mock (2025-08-20),true,549388742153
PF-000464,3012,MARINARO COLA 12X500,3,8280.00,3,Pedido histórico field mock (2025-09-24),true,549388742153
PF-000464,2016,"AGUA MARINARO 6X2,25",1,5490.00,3,Pedido histórico field mock (2025-09-24),true,549388742153
PF-000465,3012,MARINARO COLA 12X500,1,8280.00,3,Pedido histórico field mock (2025-11-03),true,549388742153
PF-000465,2016,"AGUA MARINARO 6X2,25",3,5490.00,3,Pedido histórico field mock (2025-11-03),true,549388742153
PF-000465,3031,MARINARO POMELO 12 X 500,2,8280.00,3,Pedido histórico field mock (2025-11-03),true,549388742153
PF-000466,3012,MARINARO COLA 12X500,2,8280.00,3,Pedido histórico field mock (2025-12-04),true,549388742153
PF-000466,2016,"AGUA MARINARO 6X2,25",2,5490.00,3,Pedido histórico field mock (2025-12-04),true,549388742153
PF-000467,3012,MARINARO COLA 12X500,2,8280.00,3,Pedido histórico field mock (2026-01-16),true,549388742153
PF-000467,2016,"AGUA MARINARO 6X2,25",1,5490.00,3,Pedido histórico field mock (2026-01-16),true,549388742153
PF-000468,2015,"AGUA MARINARO 6X1,5",1,5076.00,3,Pedido reciente field mock (2026-04-02),true,549388742153
PF-000468,3013,"MARINARO COLA 6 X 2,25",3,6210.00,3,Pedido reciente field mock (2026-04-02),true,549388742153
PF-000469,2014,AGUA MARINARO 12X500,3,7290.00,3,Pedido reciente field mock (2026-04-08),true,549388742153
PF-000469,2015,"AGUA MARINARO 6X1,5",2,5076.00,3,Pedido reciente field mock (2026-04-08),true,549388742153
PF-000470,3012,MARINARO COLA 12X500,1,8280.00,3,Pedido reciente field mock (2026-05-14),true,549388742153
PF-000470,2014,AGUA MARINARO 12X500,1,7290.00,3,Pedido reciente field mock (2026-05-14),true,549388742153
