nombre,zone_type,description,color,dia_visita,codigo_ruta,vendedor_idx,geometry_wkt,is_mock
ZONA NORTE - Villa Allende,sales,"Zona comercial Villa Allende, acceso por Av. del Libertador.",#E74C3C,lunes,R01-A,0,"SRID=4326;MULTIPOLYGON(((-64.178528 -31.439468, -64.169293 -31.439468, -64.169293 -31.430956, -64.178528 -31.430956, -64.178528 -31.439468)))",true
ZONA SUR - Alta Gracia,sales,"Zona comercial Alta Gracia, acceso por Av. Belgrano.",#3498DB,martes,R02-A,1,"SRID=4326;MULTIPOLYGON(((-64.202298 -31.404835000000002, -64.192866 -31.404835000000002, -64.192866 -31.396109, -64.202298 -31.396109, -64.202298 -31.404835000000002)))",true
ZONA ESTE - Nueva Córdoba,sales,"Zona comercial Nueva Córdoba, acceso por Av. Pueyrredón.",#F1C40F,miercoles,R03-A,2,"SRID=4326;MULTIPOLYGON(((-64.191652 -31.424663000000002, -64.183916 -31.424663000000002, -64.183916 -31.416241999999997, -64.191652 -31.416241999999997, -64.191652 -31.424663000000002)))",true
ZONA OESTE - Villa El Libertador,sales,"Zona comercial Villa El Libertador, acceso por Av. de la Paz.",#9B59B6,jueves,R04-A,0,"SRID=4326;MULTIPOLYGON(((-64.209423 -31.444156000000003, -64.200652 -31.444156000000003, -64.200652 -31.435685, -64.209423 -31.435685, -64.209423 -31.444156000000003)))",true
ZONA NORESTE - Argüello,sales,"Zona comercial Argüello, acceso por Av. Rafael Núñez.",#E67E22,viernes,R05-A,1,"SRID=4326;MULTIPOLYGON(((-64.173126 -31.408995, -64.166538 -31.408995, -64.166538 -31.400406999999998, -64.173126 -31.400406999999998, -64.173126 -31.408995)))",true
ZONA SUROESTE - Malagueño,sales,"Zona comercial Malagueño, acceso por Ruta 20.",#2ECC71,sabado,R06-A,2,"SRID=4326;MULTIPOLYGON(((-64.254234 -31.454568000000002, -64.246415 -31.454568000000002, -64.246415 -31.447131, -64.254234 -31.447131, -64.254234 -31.454568000000002)))",true
