pedido_ref,product_code,nombre,cantidad_solicitada,precio_unitario,lista_precios_id,notas,is_mock,cliente_phone
PF-000001,1416,ESCOBA 5 HILOS MEZCLA,2,9626.45,2,Pedido histórico field mock (2025-06-01),true,5493587120001
PF-000001,1407,ESCOBA 7 HILOS IMPERIAL,2,13555.62,2,Pedido histórico field mock (2025-06-01),true,5493587120001
PF-000001,2601,"SOPAPA GOMA 4"" C/CABO",3,2477.73,2,Pedido histórico field mock (2025-06-01),true,5493587120001
PF-000001,1604,CABO MADERA C/ROSCA 1.50MTS,4,2298.56,2,Pedido histórico field mock (2025-06-01),true,5493587120001
PF-000002,1416,ESCOBA 5 HILOS MEZCLA,3,9626.45,2,Pedido histórico field mock (2025-06-24),true,5493587120001
PF-000002,1407,ESCOBA 7 HILOS IMPERIAL,2,13555.62,2,Pedido histórico field mock (2025-06-24),true,5493587120001
PF-000002,1523,LAMPAZO BARRENDERO 0.80MT GRANDE,2,13647.30,2,Pedido histórico field mock (2025-06-24),true,5493587120001
PF-000003,1416,ESCOBA 5 HILOS MEZCLA,4,9626.45,2,Pedido histórico field mock (2025-07-16),true,5493587120001
PF-000003,1407,ESCOBA 7 HILOS IMPERIAL,2,13555.62,2,Pedido histórico field mock (2025-07-16),true,5493587120001
PF-000004,1416,ESCOBA 5 HILOS MEZCLA,2,9626.45,2,Pedido histórico field mock (2025-07-30),true,5493587120001
PF-000004,1407,ESCOBA 7 HILOS IMPERIAL,4,13555.62,2,Pedido histórico field mock (2025-07-30),true,5493587120001
PF-000005,1416,ESCOBA 5 HILOS MEZCLA,3,9626.45,2,Pedido histórico field mock (2025-08-26),true,5493587120001
PF-000005,1407,ESCOBA 7 HILOS IMPERIAL,3,13555.62,2,Pedido histórico field mock (2025-08-26),true,5493587120001
PF-000005,2572,SECADOR PLASTICO DOBLE GOMA 40CM,4,2698.15,2,Pedido histórico field mock (2025-08-26),true,5493587120001
PF-000006,1416,ESCOBA 5 HILOS MEZCLA,1,9626.45,2,Pedido histórico field mock (2025-09-16),true,5493587120001
PF-000006,1407,ESCOBA 7 HILOS IMPERIAL,1,13555.62,2,Pedido histórico field mock (2025-09-16),true,5493587120001
PF-000006,1600,CABO MADERA C/ROSCA,4,1785.81,2,Pedido histórico field mock (2025-09-16),true,5493587120001
PF-000007,1416,ESCOBA 5 HILOS MEZCLA,4,9626.45,2,Pedido histórico field mock (2025-10-07),true,5493587120001
PF-000007,1407,ESCOBA 7 HILOS IMPERIAL,1,13555.62,2,Pedido histórico field mock (2025-10-07),true,5493587120001
PF-000008,1407,ESCOBA 7 HILOS IMPERIAL,3,10608.75,3,Pedido histórico field mock (2025-06-01),true,5493587120002
PF-000008,1415,ESCOBA 5 HILOS COMUN,4,7995.00,3,Pedido histórico field mock (2025-06-01),true,5493587120002
PF-000008,3408,DETERGENTE ALBO 750CC,4,1002.84,3,Pedido histórico field mock (2025-06-01),true,5493587120002
PF-000009,1407,ESCOBA 7 HILOS IMPERIAL,1,10608.75,3,Pedido histórico field mock (2025-06-24),true,5493587120002
PF-000009,1415,ESCOBA 5 HILOS COMUN,1,7995.00,3,Pedido histórico field mock (2025-06-24),true,5493587120002
PF-000010,1407,ESCOBA 7 HILOS IMPERIAL,2,10608.75,3,Pedido histórico field mock (2025-07-14),true,5493587120002
PF-000010,1415,ESCOBA 5 HILOS COMUN,1,7995.00,3,Pedido histórico field mock (2025-07-14),true,5493587120002
PF-000011,1407,ESCOBA 7 HILOS IMPERIAL,2,10608.75,3,Pedido histórico field mock (2025-08-08),true,5493587120002
PF-000011,1415,ESCOBA 5 HILOS COMUN,1,7995.00,3,Pedido histórico field mock (2025-08-08),true,5493587120002
PF-000011,3410,DETERGENTE ALBO 5LT,2,7413.75,3,Pedido histórico field mock (2025-08-08),true,5493587120002
PF-000012,1407,ESCOBA 7 HILOS IMPERIAL,3,10608.75,3,Pedido histórico field mock (2025-08-23),true,5493587120002
PF-000012,1415,ESCOBA 5 HILOS COMUN,3,7995.00,3,Pedido histórico field mock (2025-08-23),true,5493587120002
PF-000012,1523,LAMPAZO BARRENDERO 0.80MT GRANDE,3,10680.50,3,Pedido histórico field mock (2025-08-23),true,5493587120002
PF-000013,1407,ESCOBA 7 HILOS IMPERIAL,1,10608.75,3,Pedido histórico field mock (2025-09-10),true,5493587120002
PF-000013,1415,ESCOBA 5 HILOS COMUN,1,7995.00,3,Pedido histórico field mock (2025-09-10),true,5493587120002
PF-000013,1604,CABO MADERA C/ROSCA 1.50MTS,3,1798.88,3,Pedido histórico field mock (2025-09-10),true,5493587120002
PF-000014,1407,ESCOBA 7 HILOS IMPERIAL,2,10608.75,3,Pedido histórico field mock (2025-10-04),true,5493587120002
PF-000014,1415,ESCOBA 5 HILOS COMUN,1,7995.00,3,Pedido histórico field mock (2025-10-04),true,5493587120002
PF-000015,1407,ESCOBA 7 HILOS IMPERIAL,4,10019.38,4,Pedido histórico field mock (2025-06-01),true,5493587120003
PF-000015,1521,LAMPAZO BARRENDERO 0.40MT CHICO,1,7101.66,4,Pedido histórico field mock (2025-06-01),true,5493587120003
PF-000015,3408,DETERGENTE ALBO 750CC,4,947.13,4,Pedido histórico field mock (2025-06-01),true,5493587120003
PF-000015,1700,PALA RESIDUOS METAL C/CABO,4,9161.20,4,Pedido histórico field mock (2025-06-01),true,5493587120003
PF-000016,1407,ESCOBA 7 HILOS IMPERIAL,1,10019.38,4,Pedido histórico field mock (2025-06-26),true,5493587120003
PF-000016,1521,LAMPAZO BARRENDERO 0.40MT CHICO,1,7101.66,4,Pedido histórico field mock (2025-06-26),true,5493587120003
PF-000016,2572,SECADOR PLASTICO DOBLE GOMA 40CM,3,1994.29,4,Pedido histórico field mock (2025-06-26),true,5493587120003
PF-000017,1407,ESCOBA 7 HILOS IMPERIAL,3,10019.38,4,Pedido histórico field mock (2025-07-09),true,5493587120003
PF-000017,1521,LAMPAZO BARRENDERO 0.40MT CHICO,2,7101.66,4,Pedido histórico field mock (2025-07-09),true,5493587120003
PF-000017,1950,CABO MADERA P/SOPAPA,3,479.19,4,Pedido histórico field mock (2025-07-09),true,5493587120003
PF-000018,1407,ESCOBA 7 HILOS IMPERIAL,1,10019.38,4,Pedido histórico field mock (2025-07-29),true,5493587120003
PF-000018,1521,LAMPAZO BARRENDERO 0.40MT CHICO,1,7101.66,4,Pedido histórico field mock (2025-07-29),true,5493587120003
PF-000018,1700,PALA RESIDUOS METAL C/CABO,4,9161.20,4,Pedido histórico field mock (2025-07-29),true,5493587120003
PF-000019,1407,ESCOBA 7 HILOS IMPERIAL,4,10019.38,4,Pedido histórico field mock (2025-08-24),true,5493587120003
PF-000019,1521,LAMPAZO BARRENDERO 0.40MT CHICO,4,7101.66,4,Pedido histórico field mock (2025-08-24),true,5493587120003
PF-000019,1700,PALA RESIDUOS METAL C/CABO,3,9161.20,4,Pedido histórico field mock (2025-08-24),true,5493587120003
PF-000020,1407,ESCOBA 7 HILOS IMPERIAL,3,10019.38,4,Pedido histórico field mock (2025-09-10),true,5493587120003
PF-000020,1521,LAMPAZO BARRENDERO 0.40MT CHICO,2,7101.66,4,Pedido histórico field mock (2025-09-10),true,5493587120003
PF-000021,1407,ESCOBA 7 HILOS IMPERIAL,3,10019.38,4,Pedido histórico field mock (2025-10-07),true,5493587120003
PF-000021,1521,LAMPAZO BARRENDERO 0.40MT CHICO,3,7101.66,4,Pedido histórico field mock (2025-10-07),true,5493587120003
PF-000021,3408,DETERGENTE ALBO 750CC,2,947.13,4,Pedido histórico field mock (2025-10-07),true,5493587120003
PF-000021,2572,SECADOR PLASTICO DOBLE GOMA 40CM,2,1994.29,4,Pedido histórico field mock (2025-10-07),true,5493587120003
PF-000022,1407,ESCOBA 7 HILOS IMPERIAL,3,11787.50,1,Pedido histórico field mock (2025-06-05),true,5493587120004
PF-000022,1521,LAMPAZO BARRENDERO 0.40MT CHICO,4,8354.89,1,Pedido histórico field mock (2025-06-05),true,5493587120004
PF-000023,1407,ESCOBA 7 HILOS IMPERIAL,4,11787.50,1,Pedido histórico field mock (2025-06-23),true,5493587120004
PF-000023,1521,LAMPAZO BARRENDERO 0.40MT CHICO,2,8354.89,1,Pedido histórico field mock (2025-06-23),true,5493587120004
PF-000024,1407,ESCOBA 7 HILOS IMPERIAL,3,11787.50,1,Pedido histórico field mock (2025-07-13),true,5493587120004
PF-000024,1521,LAMPAZO BARRENDERO 0.40MT CHICO,1,8354.89,1,Pedido histórico field mock (2025-07-13),true,5493587120004
PF-000024,1600,CABO MADERA C/ROSCA,3,1552.88,1,Pedido histórico field mock (2025-07-13),true,5493587120004
PF-000025,1407,ESCOBA 7 HILOS IMPERIAL,1,11787.50,1,Pedido histórico field mock (2025-07-29),true,5493587120004
PF-000025,1521,LAMPAZO BARRENDERO 0.40MT CHICO,3,8354.89,1,Pedido histórico field mock (2025-07-29),true,5493587120004
PF-000025,1608,CABO MADERA C/ROSCA P/BARRENDERO,2,2998.74,1,Pedido histórico field mock (2025-07-29),true,5493587120004
PF-000025,3408,DETERGENTE ALBO 750CC,3,1114.27,1,Pedido histórico field mock (2025-07-29),true,5493587120004
PF-000026,1407,ESCOBA 7 HILOS IMPERIAL,4,11787.50,1,Pedido histórico field mock (2025-08-28),true,5493587120004
PF-000026,1521,LAMPAZO BARRENDERO 0.40MT CHICO,1,8354.89,1,Pedido histórico field mock (2025-08-28),true,5493587120004
PF-000027,1407,ESCOBA 7 HILOS IMPERIAL,4,11787.50,1,Pedido histórico field mock (2025-09-13),true,5493587120004
PF-000027,1521,LAMPAZO BARRENDERO 0.40MT CHICO,1,8354.89,1,Pedido histórico field mock (2025-09-13),true,5493587120004
PF-000028,1407,ESCOBA 7 HILOS IMPERIAL,4,11787.50,1,Pedido histórico field mock (2025-10-08),true,5493587120004
PF-000028,1521,LAMPAZO BARRENDERO 0.40MT CHICO,3,8354.89,1,Pedido histórico field mock (2025-10-08),true,5493587120004
PF-000028,1608,CABO MADERA C/ROSCA P/BARRENDERO,2,2998.74,1,Pedido histórico field mock (2025-10-08),true,5493587120004
PF-000028,4200,LAVANDINA ALBO 1LTS,1,1062.50,1,Pedido histórico field mock (2025-10-08),true,5493587120004
PF-000029,1415,ESCOBA 5 HILOS COMUN,1,10215.83,2,Pedido histórico field mock (2025-06-06),true,5493587120005
PF-000029,1416,ESCOBA 5 HILOS MEZCLA,2,9626.45,2,Pedido histórico field mock (2025-06-06),true,5493587120005
PF-000029,1604,CABO MADERA C/ROSCA 1.50MTS,4,2298.56,2,Pedido histórico field mock (2025-06-06),true,5493587120005
PF-000029,1830,ESCOBILLON CERDA BIGOTE C/CABO,2,11177.40,2,Pedido histórico field mock (2025-06-06),true,5493587120005
PF-000030,1415,ESCOBA 5 HILOS COMUN,4,10215.83,2,Pedido histórico field mock (2025-06-19),true,5493587120005
PF-000030,1416,ESCOBA 5 HILOS MEZCLA,1,9626.45,2,Pedido histórico field mock (2025-06-19),true,5493587120005
PF-000030,3410,DETERGENTE ALBO 5LT,2,9473.12,2,Pedido histórico field mock (2025-06-19),true,5493587120005
PF-000031,1415,ESCOBA 5 HILOS COMUN,1,10215.83,2,Pedido histórico field mock (2025-07-14),true,5493587120005
PF-000031,1416,ESCOBA 5 HILOS MEZCLA,4,9626.45,2,Pedido histórico field mock (2025-07-14),true,5493587120005
PF-000032,1415,ESCOBA 5 HILOS COMUN,4,10215.83,2,Pedido histórico field mock (2025-08-03),true,5493587120005
PF-000032,1416,ESCOBA 5 HILOS MEZCLA,2,9626.45,2,Pedido histórico field mock (2025-08-03),true,5493587120005
PF-000032,1607,CABO MADERA C/ROSCA 1.20MTS PINO,1,1785.81,2,Pedido histórico field mock (2025-08-03),true,5493587120005
PF-000033,1415,ESCOBA 5 HILOS COMUN,3,10215.83,2,Pedido histórico field mock (2025-08-22),true,5493587120005
PF-000033,1416,ESCOBA 5 HILOS MEZCLA,1,9626.45,2,Pedido histórico field mock (2025-08-22),true,5493587120005
PF-000034,1415,ESCOBA 5 HILOS COMUN,3,10215.83,2,Pedido histórico field mock (2025-09-18),true,5493587120005
PF-000034,1416,ESCOBA 5 HILOS MEZCLA,2,9626.45,2,Pedido histórico field mock (2025-09-18),true,5493587120005
PF-000034,4200,LAVANDINA ALBO 1LTS,1,1221.88,2,Pedido histórico field mock (2025-09-18),true,5493587120005
PF-000035,1415,ESCOBA 5 HILOS COMUN,2,10215.83,2,Pedido histórico field mock (2025-10-08),true,5493587120005
PF-000035,1416,ESCOBA 5 HILOS MEZCLA,2,9626.45,2,Pedido histórico field mock (2025-10-08),true,5493587120005
PF-000035,1607,CABO MADERA C/ROSCA 1.20MTS PINO,1,1785.81,2,Pedido histórico field mock (2025-10-08),true,5493587120005
PF-000036,1414,ESCOBA 6 HILOS ESPECIAL,1,9225.00,3,Pedido histórico field mock (2025-06-06),true,5493587120006
PF-000036,1407,ESCOBA 7 HILOS IMPERIAL,2,10608.75,3,Pedido histórico field mock (2025-06-06),true,5493587120006
PF-000037,1414,ESCOBA 6 HILOS ESPECIAL,1,9225.00,3,Pedido histórico field mock (2025-06-20),true,5493587120006
PF-000037,1407,ESCOBA 7 HILOS IMPERIAL,4,10608.75,3,Pedido histórico field mock (2025-06-20),true,5493587120006
PF-000038,1414,ESCOBA 6 HILOS ESPECIAL,4,9225.00,3,Pedido histórico field mock (2025-07-08),true,5493587120006
PF-000038,1407,ESCOBA 7 HILOS IMPERIAL,3,10608.75,3,Pedido histórico field mock (2025-07-08),true,5493587120006
PF-000039,1414,ESCOBA 6 HILOS ESPECIAL,1,9225.00,3,Pedido histórico field mock (2025-08-05),true,5493587120006
PF-000039,1407,ESCOBA 7 HILOS IMPERIAL,2,10608.75,3,Pedido histórico field mock (2025-08-05),true,5493587120006
PF-000039,3408,DETERGENTE ALBO 750CC,1,1002.84,3,Pedido histórico field mock (2025-08-05),true,5493587120006
PF-000040,1414,ESCOBA 6 HILOS ESPECIAL,1,9225.00,3,Pedido histórico field mock (2025-08-21),true,5493587120006
PF-000040,1407,ESCOBA 7 HILOS IMPERIAL,3,10608.75,3,Pedido histórico field mock (2025-08-21),true,5493587120006
PF-000040,3410,DETERGENTE ALBO 5LT,3,7413.75,3,Pedido histórico field mock (2025-08-21),true,5493587120006
PF-000041,1414,ESCOBA 6 HILOS ESPECIAL,2,9225.00,3,Pedido histórico field mock (2025-09-19),true,5493587120006
PF-000041,1407,ESCOBA 7 HILOS IMPERIAL,1,10608.75,3,Pedido histórico field mock (2025-09-19),true,5493587120006
PF-000041,1600,CABO MADERA C/ROSCA,2,1397.59,3,Pedido histórico field mock (2025-09-19),true,5493587120006
PF-000041,4200,LAVANDINA ALBO 1LTS,2,956.25,3,Pedido histórico field mock (2025-09-19),true,5493587120006
PF-000042,1414,ESCOBA 6 HILOS ESPECIAL,1,9225.00,3,Pedido histórico field mock (2025-10-05),true,5493587120006
PF-000042,1407,ESCOBA 7 HILOS IMPERIAL,3,10608.75,3,Pedido histórico field mock (2025-10-05),true,5493587120006
PF-000042,2572,SECADOR PLASTICO DOBLE GOMA 40CM,1,2111.60,3,Pedido histórico field mock (2025-10-05),true,5493587120006
PF-000043,1414,ESCOBA 6 HILOS ESPECIAL,1,8712.50,4,Pedido histórico field mock (2025-06-06),true,5493587120007
PF-000043,1521,LAMPAZO BARRENDERO 0.40MT CHICO,3,7101.66,4,Pedido histórico field mock (2025-06-06),true,5493587120007
PF-000044,1414,ESCOBA 6 HILOS ESPECIAL,3,8712.50,4,Pedido histórico field mock (2025-06-26),true,5493587120007
PF-000044,1521,LAMPAZO BARRENDERO 0.40MT CHICO,4,7101.66,4,Pedido histórico field mock (2025-06-26),true,5493587120007
PF-000044,3410,DETERGENTE ALBO 5LT,2,7001.88,4,Pedido histórico field mock (2025-06-26),true,5493587120007
PF-000045,1414,ESCOBA 6 HILOS ESPECIAL,2,8712.50,4,Pedido histórico field mock (2025-07-16),true,5493587120007
PF-000045,1521,LAMPAZO BARRENDERO 0.40MT CHICO,3,7101.66,4,Pedido histórico field mock (2025-07-16),true,5493587120007
PF-000045,2601,"SOPAPA GOMA 4"" C/CABO",4,1831.37,4,Pedido histórico field mock (2025-07-16),true,5493587120007
PF-000045,4200,LAVANDINA ALBO 1LTS,2,903.12,4,Pedido histórico field mock (2025-07-16),true,5493587120007
PF-000046,1414,ESCOBA 6 HILOS ESPECIAL,1,8712.50,4,Pedido histórico field mock (2025-08-08),true,5493587120007
PF-000046,1521,LAMPAZO BARRENDERO 0.40MT CHICO,1,7101.66,4,Pedido histórico field mock (2025-08-08),true,5493587120007
PF-000046,1604,CABO MADERA C/ROSCA 1.50MTS,1,1698.94,4,Pedido histórico field mock (2025-08-08),true,5493587120007
PF-000046,2572,SECADOR PLASTICO DOBLE GOMA 40CM,2,1994.29,4,Pedido histórico field mock (2025-08-08),true,5493587120007
PF-000047,1414,ESCOBA 6 HILOS ESPECIAL,3,8712.50,4,Pedido histórico field mock (2025-08-19),true,5493587120007
PF-000047,1521,LAMPAZO BARRENDERO 0.40MT CHICO,4,7101.66,4,Pedido histórico field mock (2025-08-19),true,5493587120007
PF-000048,1414,ESCOBA 6 HILOS ESPECIAL,2,8712.50,4,Pedido histórico field mock (2025-09-09),true,5493587120007
PF-000048,1521,LAMPAZO BARRENDERO 0.40MT CHICO,4,7101.66,4,Pedido histórico field mock (2025-09-09),true,5493587120007
PF-000049,1414,ESCOBA 6 HILOS ESPECIAL,4,8712.50,4,Pedido histórico field mock (2025-10-08),true,5493587120007
PF-000049,1521,LAMPAZO BARRENDERO 0.40MT CHICO,3,7101.66,4,Pedido histórico field mock (2025-10-08),true,5493587120007
PF-000050,1407,ESCOBA 7 HILOS IMPERIAL,4,11787.50,1,Pedido histórico field mock (2025-06-06),true,5493587120008
PF-000050,1521,LAMPAZO BARRENDERO 0.40MT CHICO,3,8354.89,1,Pedido histórico field mock (2025-06-06),true,5493587120008
PF-000050,1950,CABO MADERA P/SOPAPA,1,563.75,1,Pedido histórico field mock (2025-06-06),true,5493587120008
PF-000050,2572,SECADOR PLASTICO DOBLE GOMA 40CM,4,2346.22,1,Pedido histórico field mock (2025-06-06),true,5493587120008
PF-000051,1407,ESCOBA 7 HILOS IMPERIAL,3,11787.50,1,Pedido histórico field mock (2025-06-22),true,5493587120008
PF-000051,1521,LAMPAZO BARRENDERO 0.40MT CHICO,3,8354.89,1,Pedido histórico field mock (2025-06-22),true,5493587120008
PF-000052,1407,ESCOBA 7 HILOS IMPERIAL,3,11787.50,1,Pedido histórico field mock (2025-07-12),true,5493587120008
PF-000052,1521,LAMPAZO BARRENDERO 0.40MT CHICO,1,8354.89,1,Pedido histórico field mock (2025-07-12),true,5493587120008
PF-000053,1407,ESCOBA 7 HILOS IMPERIAL,4,11787.50,1,Pedido histórico field mock (2025-07-30),true,5493587120008
PF-000053,1521,LAMPAZO BARRENDERO 0.40MT CHICO,1,8354.89,1,Pedido histórico field mock (2025-07-30),true,5493587120008
PF-000053,1522,LAMPAZO BARRENDERO 0.60MT MEDIANO,1,10068.10,1,Pedido histórico field mock (2025-07-30),true,5493587120008
PF-000053,1950,CABO MADERA P/SOPAPA,1,563.75,1,Pedido histórico field mock (2025-07-30),true,5493587120008
PF-000054,1407,ESCOBA 7 HILOS IMPERIAL,2,11787.50,1,Pedido histórico field mock (2025-08-28),true,5493587120008
PF-000054,1521,LAMPAZO BARRENDERO 0.40MT CHICO,4,8354.89,1,Pedido histórico field mock (2025-08-28),true,5493587120008
PF-000054,2601,"SOPAPA GOMA 4"" C/CABO",2,2154.55,1,Pedido histórico field mock (2025-08-28),true,5493587120008
PF-000054,1950,CABO MADERA P/SOPAPA,2,563.75,1,Pedido histórico field mock (2025-08-28),true,5493587120008
PF-000055,1407,ESCOBA 7 HILOS IMPERIAL,2,11787.50,1,Pedido histórico field mock (2025-09-13),true,5493587120008
PF-000055,1521,LAMPAZO BARRENDERO 0.40MT CHICO,2,8354.89,1,Pedido histórico field mock (2025-09-13),true,5493587120008
PF-000055,2572,SECADOR PLASTICO DOBLE GOMA 40CM,1,2346.22,1,Pedido histórico field mock (2025-09-13),true,5493587120008
PF-000055,1604,CABO MADERA C/ROSCA 1.50MTS,1,1998.75,1,Pedido histórico field mock (2025-09-13),true,5493587120008
PF-000056,1407,ESCOBA 7 HILOS IMPERIAL,2,11787.50,1,Pedido histórico field mock (2025-10-02),true,5493587120008
PF-000056,1521,LAMPAZO BARRENDERO 0.40MT CHICO,2,8354.89,1,Pedido histórico field mock (2025-10-02),true,5493587120008
PF-000056,4200,LAVANDINA ALBO 1LTS,4,1062.50,1,Pedido histórico field mock (2025-10-02),true,5493587120008
PF-000056,2572,SECADOR PLASTICO DOBLE GOMA 40CM,2,2346.22,1,Pedido histórico field mock (2025-10-02),true,5493587120008
PF-000057,1416,ESCOBA 5 HILOS MEZCLA,3,9626.45,2,Pedido histórico field mock (2025-06-01),true,5493587120009
PF-000057,1521,LAMPAZO BARRENDERO 0.40MT CHICO,4,9608.12,2,Pedido histórico field mock (2025-06-01),true,5493587120009
PF-000057,1828,ESCOBILLON CERDA LISO C/CABO,1,9531.52,2,Pedido histórico field mock (2025-06-01),true,5493587120009
PF-000057,1608,CABO MADERA C/ROSCA P/BARRENDERO,2,3448.55,2,Pedido histórico field mock (2025-06-01),true,5493587120009
PF-000058,1416,ESCOBA 5 HILOS MEZCLA,2,9626.45,2,Pedido histórico field mock (2025-06-27),true,5493587120009
PF-000058,1521,LAMPAZO BARRENDERO 0.40MT CHICO,3,9608.12,2,Pedido histórico field mock (2025-06-27),true,5493587120009
PF-000059,1416,ESCOBA 5 HILOS MEZCLA,2,9626.45,2,Pedido histórico field mock (2025-07-15),true,5493587120009
PF-000059,1521,LAMPAZO BARRENDERO 0.40MT CHICO,2,9608.12,2,Pedido histórico field mock (2025-07-15),true,5493587120009
PF-000059,1522,LAMPAZO BARRENDERO 0.60MT MEDIANO,4,11578.31,2,Pedido histórico field mock (2025-07-15),true,5493587120009
PF-000060,1416,ESCOBA 5 HILOS MEZCLA,2,9626.45,2,Pedido histórico field mock (2025-07-29),true,5493587120009
PF-000060,1521,LAMPAZO BARRENDERO 0.40MT CHICO,3,9608.12,2,Pedido histórico field mock (2025-07-29),true,5493587120009
PF-000060,1604,CABO MADERA C/ROSCA 1.50MTS,4,2298.56,2,Pedido histórico field mock (2025-07-29),true,5493587120009
PF-000060,1522,LAMPAZO BARRENDERO 0.60MT MEDIANO,1,11578.31,2,Pedido histórico field mock (2025-07-29),true,5493587120009
PF-000061,1416,ESCOBA 5 HILOS MEZCLA,4,9626.45,2,Pedido histórico field mock (2025-08-19),true,5493587120009
PF-000061,1521,LAMPAZO BARRENDERO 0.40MT CHICO,4,9608.12,2,Pedido histórico field mock (2025-08-19),true,5493587120009
PF-000061,1600,CABO MADERA C/ROSCA,1,1785.81,2,Pedido histórico field mock (2025-08-19),true,5493587120009
PF-000062,1416,ESCOBA 5 HILOS MEZCLA,2,9626.45,2,Pedido histórico field mock (2025-09-15),true,5493587120009
PF-000062,1521,LAMPAZO BARRENDERO 0.40MT CHICO,1,9608.12,2,Pedido histórico field mock (2025-09-15),true,5493587120009
PF-000063,1416,ESCOBA 5 HILOS MEZCLA,4,9626.45,2,Pedido histórico field mock (2025-10-06),true,5493587120009
PF-000063,1521,LAMPAZO BARRENDERO 0.40MT CHICO,1,9608.12,2,Pedido histórico field mock (2025-10-06),true,5493587120009
PF-000064,1415,ESCOBA 5 HILOS COMUN,2,7995.00,3,Pedido histórico field mock (2025-06-05),true,5493587120010
PF-000064,1414,ESCOBA 6 HILOS ESPECIAL,1,9225.00,3,Pedido histórico field mock (2025-06-05),true,5493587120010
PF-000064,1522,LAMPAZO BARRENDERO 0.60MT MEDIANO,3,9061.29,3,Pedido histórico field mock (2025-06-05),true,5493587120010
PF-000065,1415,ESCOBA 5 HILOS COMUN,3,7995.00,3,Pedido histórico field mock (2025-06-24),true,5493587120010
PF-000065,1414,ESCOBA 6 HILOS ESPECIAL,3,9225.00,3,Pedido histórico field mock (2025-06-24),true,5493587120010
PF-000065,1600,CABO MADERA C/ROSCA,3,1397.59,3,Pedido histórico field mock (2025-06-24),true,5493587120010
PF-000066,1415,ESCOBA 5 HILOS COMUN,2,7995.00,3,Pedido histórico field mock (2025-07-12),true,5493587120010
PF-000066,1414,ESCOBA 6 HILOS ESPECIAL,2,9225.00,3,Pedido histórico field mock (2025-07-12),true,5493587120010
PF-000067,1415,ESCOBA 5 HILOS COMUN,4,7995.00,3,Pedido histórico field mock (2025-07-29),true,5493587120010
PF-000067,1414,ESCOBA 6 HILOS ESPECIAL,2,9225.00,3,Pedido histórico field mock (2025-07-29),true,5493587120010
PF-000067,1522,LAMPAZO BARRENDERO 0.60MT MEDIANO,4,9061.29,3,Pedido histórico field mock (2025-07-29),true,5493587120010
PF-000068,1415,ESCOBA 5 HILOS COMUN,3,7995.00,3,Pedido histórico field mock (2025-08-22),true,5493587120010
PF-000068,1414,ESCOBA 6 HILOS ESPECIAL,3,9225.00,3,Pedido histórico field mock (2025-08-22),true,5493587120010
PF-000068,1522,LAMPAZO BARRENDERO 0.60MT MEDIANO,1,9061.29,3,Pedido histórico field mock (2025-08-22),true,5493587120010
PF-000069,1415,ESCOBA 5 HILOS COMUN,4,7995.00,3,Pedido histórico field mock (2025-09-13),true,5493587120010
PF-000069,1414,ESCOBA 6 HILOS ESPECIAL,4,9225.00,3,Pedido histórico field mock (2025-09-13),true,5493587120010
PF-000069,1950,CABO MADERA P/SOPAPA,4,507.38,3,Pedido histórico field mock (2025-09-13),true,5493587120010
PF-000069,1608,CABO MADERA C/ROSCA P/BARRENDERO,2,2698.87,3,Pedido histórico field mock (2025-09-13),true,5493587120010
PF-000070,1415,ESCOBA 5 HILOS COMUN,3,7995.00,3,Pedido histórico field mock (2025-10-03),true,5493587120010
PF-000070,1414,ESCOBA 6 HILOS ESPECIAL,2,9225.00,3,Pedido histórico field mock (2025-10-03),true,5493587120010
PF-000070,1828,ESCOBILLON CERDA LISO C/CABO,1,7459.45,3,Pedido histórico field mock (2025-10-03),true,5493587120010
PF-000070,3410,DETERGENTE ALBO 5LT,1,7413.75,3,Pedido histórico field mock (2025-10-03),true,5493587120010
PF-000071,1521,LAMPAZO BARRENDERO 0.40MT CHICO,3,7101.66,4,Pedido histórico field mock (2025-06-01),true,5493587120011
PF-000071,1414,ESCOBA 6 HILOS ESPECIAL,3,8712.50,4,Pedido histórico field mock (2025-06-01),true,5493587120011
PF-000072,1521,LAMPAZO BARRENDERO 0.40MT CHICO,1,7101.66,4,Pedido histórico field mock (2025-07-14),true,5493587120011
PF-000072,1414,ESCOBA 6 HILOS ESPECIAL,2,8712.50,4,Pedido histórico field mock (2025-07-14),true,5493587120011
PF-000072,1950,CABO MADERA P/SOPAPA,1,479.19,4,Pedido histórico field mock (2025-07-14),true,5493587120011
PF-000073,1521,LAMPAZO BARRENDERO 0.40MT CHICO,3,7101.66,4,Pedido histórico field mock (2025-08-12),true,5493587120011
PF-000073,1414,ESCOBA 6 HILOS ESPECIAL,4,8712.50,4,Pedido histórico field mock (2025-08-12),true,5493587120011
PF-000074,1521,LAMPAZO BARRENDERO 0.40MT CHICO,3,7101.66,4,Pedido histórico field mock (2025-09-24),true,5493587120011
PF-000074,1414,ESCOBA 6 HILOS ESPECIAL,2,8712.50,4,Pedido histórico field mock (2025-09-24),true,5493587120011
PF-000074,2601,"SOPAPA GOMA 4"" C/CABO",4,1831.37,4,Pedido histórico field mock (2025-09-24),true,5493587120011
PF-000074,1700,PALA RESIDUOS METAL C/CABO,4,9161.20,4,Pedido histórico field mock (2025-09-24),true,5493587120011
PF-000075,1521,LAMPAZO BARRENDERO 0.40MT CHICO,4,7101.66,4,Pedido histórico field mock (2025-10-29),true,5493587120011
PF-000075,1414,ESCOBA 6 HILOS ESPECIAL,4,8712.50,4,Pedido histórico field mock (2025-10-29),true,5493587120011
PF-000076,1521,LAMPAZO BARRENDERO 0.40MT CHICO,3,7101.66,4,Pedido histórico field mock (2025-12-04),true,5493587120011
PF-000076,1414,ESCOBA 6 HILOS ESPECIAL,2,8712.50,4,Pedido histórico field mock (2025-12-04),true,5493587120011
PF-000076,3410,DETERGENTE ALBO 5LT,3,7001.88,4,Pedido histórico field mock (2025-12-04),true,5493587120011
PF-000076,1828,ESCOBILLON CERDA LISO C/CABO,2,7045.04,4,Pedido histórico field mock (2025-12-04),true,5493587120011
PF-000077,1521,LAMPAZO BARRENDERO 0.40MT CHICO,2,7101.66,4,Pedido histórico field mock (2026-01-15),true,5493587120011
PF-000077,1414,ESCOBA 6 HILOS ESPECIAL,1,8712.50,4,Pedido histórico field mock (2026-01-15),true,5493587120011
PF-000078,1521,LAMPAZO BARRENDERO 0.40MT CHICO,2,7101.66,4,Pedido reciente field mock (2026-04-17),true,5493587120011
PF-000078,1416,ESCOBA 5 HILOS MEZCLA,1,7115.21,4,Pedido reciente field mock (2026-04-17),true,5493587120011
PF-000079,1407,ESCOBA 7 HILOS IMPERIAL,1,10019.38,4,Pedido reciente field mock (2026-05-12),true,5493587120011
PF-000079,1415,ESCOBA 5 HILOS COMUN,3,7550.83,4,Pedido reciente field mock (2026-05-12),true,5493587120011
PF-000080,1416,ESCOBA 5 HILOS MEZCLA,1,7115.21,4,Pedido reciente field mock (2026-05-14),true,5493587120011
PF-000080,1521,LAMPAZO BARRENDERO 0.40MT CHICO,2,7101.66,4,Pedido reciente field mock (2026-05-14),true,5493587120011
PF-000081,1407,ESCOBA 7 HILOS IMPERIAL,1,11787.50,1,Pedido histórico field mock (2025-06-01),true,5493587120012
PF-000081,1416,ESCOBA 5 HILOS MEZCLA,4,8370.83,1,Pedido histórico field mock (2025-06-01),true,5493587120012
PF-000081,3410,DETERGENTE ALBO 5LT,3,8237.50,1,Pedido histórico field mock (2025-06-01),true,5493587120012
PF-000081,1523,LAMPAZO BARRENDERO 0.80MT GRANDE,3,11867.22,1,Pedido histórico field mock (2025-06-01),true,5493587120012
PF-000082,1407,ESCOBA 7 HILOS IMPERIAL,2,11787.50,1,Pedido histórico field mock (2025-07-09),true,5493587120012
PF-000082,1416,ESCOBA 5 HILOS MEZCLA,3,8370.83,1,Pedido histórico field mock (2025-07-09),true,5493587120012
PF-000082,1600,CABO MADERA C/ROSCA,2,1552.88,1,Pedido histórico field mock (2025-07-09),true,5493587120012
PF-000082,1608,CABO MADERA C/ROSCA P/BARRENDERO,3,2998.74,1,Pedido histórico field mock (2025-07-09),true,5493587120012
PF-000083,1407,ESCOBA 7 HILOS IMPERIAL,2,11787.50,1,Pedido histórico field mock (2025-08-16),true,5493587120012
PF-000083,1416,ESCOBA 5 HILOS MEZCLA,2,8370.83,1,Pedido histórico field mock (2025-08-16),true,5493587120012
PF-000084,1407,ESCOBA 7 HILOS IMPERIAL,1,11787.50,1,Pedido histórico field mock (2025-09-26),true,5493587120012
PF-000084,1416,ESCOBA 5 HILOS MEZCLA,3,8370.83,1,Pedido histórico field mock (2025-09-26),true,5493587120012
PF-000084,2601,"SOPAPA GOMA 4"" C/CABO",3,2154.55,1,Pedido histórico field mock (2025-09-26),true,5493587120012
PF-000084,1700,PALA RESIDUOS METAL C/CABO,4,10777.88,1,Pedido histórico field mock (2025-09-26),true,5493587120012
PF-000085,1407,ESCOBA 7 HILOS IMPERIAL,4,11787.50,1,Pedido histórico field mock (2025-11-05),true,5493587120012
PF-000085,1416,ESCOBA 5 HILOS MEZCLA,4,8370.83,1,Pedido histórico field mock (2025-11-05),true,5493587120012
PF-000085,1604,CABO MADERA C/ROSCA 1.50MTS,4,1998.75,1,Pedido histórico field mock (2025-11-05),true,5493587120012
PF-000085,1523,LAMPAZO BARRENDERO 0.80MT GRANDE,3,11867.22,1,Pedido histórico field mock (2025-11-05),true,5493587120012
PF-000086,1407,ESCOBA 7 HILOS IMPERIAL,1,11787.50,1,Pedido histórico field mock (2025-12-03),true,5493587120012
PF-000086,1416,ESCOBA 5 HILOS MEZCLA,1,8370.83,1,Pedido histórico field mock (2025-12-03),true,5493587120012
PF-000086,1600,CABO MADERA C/ROSCA,2,1552.88,1,Pedido histórico field mock (2025-12-03),true,5493587120012
PF-000087,1407,ESCOBA 7 HILOS IMPERIAL,1,11787.50,1,Pedido histórico field mock (2026-01-18),true,5493587120012
PF-000087,1416,ESCOBA 5 HILOS MEZCLA,3,8370.83,1,Pedido histórico field mock (2026-01-18),true,5493587120012
PF-000087,1600,CABO MADERA C/ROSCA,2,1552.88,1,Pedido histórico field mock (2026-01-18),true,5493587120012
PF-000087,1523,LAMPAZO BARRENDERO 0.80MT GRANDE,2,11867.22,1,Pedido histórico field mock (2026-01-18),true,5493587120012
PF-000088,1521,LAMPAZO BARRENDERO 0.40MT CHICO,3,8354.89,1,Pedido reciente field mock (2026-04-08),true,5493587120012
PF-000088,1414,ESCOBA 6 HILOS ESPECIAL,1,10250.00,1,Pedido reciente field mock (2026-04-08),true,5493587120012
PF-000089,1416,ESCOBA 5 HILOS MEZCLA,1,8370.83,1,Pedido reciente field mock (2026-04-28),true,5493587120012
PF-000089,1407,ESCOBA 7 HILOS IMPERIAL,1,11787.50,1,Pedido reciente field mock (2026-04-28),true,5493587120012
PF-000090,1414,ESCOBA 6 HILOS ESPECIAL,3,10250.00,1,Pedido reciente field mock (2026-05-19),true,5493587120012
PF-000090,1416,ESCOBA 5 HILOS MEZCLA,2,8370.83,1,Pedido reciente field mock (2026-05-19),true,5493587120012
PF-000091,1416,ESCOBA 5 HILOS MEZCLA,2,9626.45,2,Pedido histórico field mock (2025-06-01),true,5493587120013
PF-000091,1414,ESCOBA 6 HILOS ESPECIAL,2,11787.50,2,Pedido histórico field mock (2025-06-01),true,5493587120013
PF-000091,1700,PALA RESIDUOS METAL C/CABO,3,12394.56,2,Pedido histórico field mock (2025-06-01),true,5493587120013
PF-000091,3410,DETERGENTE ALBO 5LT,4,9473.12,2,Pedido histórico field mock (2025-06-01),true,5493587120013
PF-000092,1416,ESCOBA 5 HILOS MEZCLA,2,9626.45,2,Pedido histórico field mock (2025-07-10),true,5493587120013
PF-000092,1414,ESCOBA 6 HILOS ESPECIAL,1,11787.50,2,Pedido histórico field mock (2025-07-10),true,5493587120013
PF-000092,1830,ESCOBILLON CERDA BIGOTE C/CABO,3,11177.40,2,Pedido histórico field mock (2025-07-10),true,5493587120013
PF-000092,1604,CABO MADERA C/ROSCA 1.50MTS,3,2298.56,2,Pedido histórico field mock (2025-07-10),true,5493587120013
PF-000093,1416,ESCOBA 5 HILOS MEZCLA,2,9626.45,2,Pedido histórico field mock (2025-08-15),true,5493587120013
PF-000093,1414,ESCOBA 6 HILOS ESPECIAL,2,11787.50,2,Pedido histórico field mock (2025-08-15),true,5493587120013
PF-000093,1608,CABO MADERA C/ROSCA P/BARRENDERO,1,3448.55,2,Pedido histórico field mock (2025-08-15),true,5493587120013
PF-000093,1830,ESCOBILLON CERDA BIGOTE C/CABO,2,11177.40,2,Pedido histórico field mock (2025-08-15),true,5493587120013
PF-000094,1416,ESCOBA 5 HILOS MEZCLA,3,9626.45,2,Pedido histórico field mock (2025-09-22),true,5493587120013
PF-000094,1414,ESCOBA 6 HILOS ESPECIAL,4,11787.50,2,Pedido histórico field mock (2025-09-22),true,5493587120013
PF-000095,1416,ESCOBA 5 HILOS MEZCLA,1,9626.45,2,Pedido histórico field mock (2025-10-28),true,5493587120013
PF-000095,1414,ESCOBA 6 HILOS ESPECIAL,2,11787.50,2,Pedido histórico field mock (2025-10-28),true,5493587120013
PF-000096,1416,ESCOBA 5 HILOS MEZCLA,2,9626.45,2,Pedido histórico field mock (2025-12-12),true,5493587120013
PF-000096,1414,ESCOBA 6 HILOS ESPECIAL,3,11787.50,2,Pedido histórico field mock (2025-12-12),true,5493587120013
PF-000097,1416,ESCOBA 5 HILOS MEZCLA,1,9626.45,2,Pedido histórico field mock (2026-01-18),true,5493587120013
PF-000097,1414,ESCOBA 6 HILOS ESPECIAL,3,11787.50,2,Pedido histórico field mock (2026-01-18),true,5493587120013
PF-000098,1521,LAMPAZO BARRENDERO 0.40MT CHICO,2,9608.12,2,Pedido reciente field mock (2026-04-08),true,5493587120013
PF-000098,1415,ESCOBA 5 HILOS COMUN,3,10215.83,2,Pedido reciente field mock (2026-04-08),true,5493587120013
PF-000099,1414,ESCOBA 6 HILOS ESPECIAL,2,11787.50,2,Pedido reciente field mock (2026-04-10),true,5493587120013
PF-000099,1407,ESCOBA 7 HILOS IMPERIAL,2,13555.62,2,Pedido reciente field mock (2026-04-10),true,5493587120013
PF-000100,1414,ESCOBA 6 HILOS ESPECIAL,2,11787.50,2,Pedido reciente field mock (2026-04-13),true,5493587120013
PF-000100,1521,LAMPAZO BARRENDERO 0.40MT CHICO,3,9608.12,2,Pedido reciente field mock (2026-04-13),true,5493587120013
PF-000101,1414,ESCOBA 6 HILOS ESPECIAL,2,9225.00,3,Pedido histórico field mock (2025-06-01),true,5493587120014
PF-000101,1521,LAMPAZO BARRENDERO 0.40MT CHICO,4,7519.40,3,Pedido histórico field mock (2025-06-01),true,5493587120014
PF-000102,1414,ESCOBA 6 HILOS ESPECIAL,3,9225.00,3,Pedido histórico field mock (2025-07-04),true,5493587120014
PF-000102,1521,LAMPAZO BARRENDERO 0.40MT CHICO,2,7519.40,3,Pedido histórico field mock (2025-07-04),true,5493587120014
PF-000103,1414,ESCOBA 6 HILOS ESPECIAL,3,9225.00,3,Pedido histórico field mock (2025-08-20),true,5493587120014
PF-000103,1521,LAMPAZO BARRENDERO 0.40MT CHICO,4,7519.40,3,Pedido histórico field mock (2025-08-20),true,5493587120014
PF-000104,1414,ESCOBA 6 HILOS ESPECIAL,4,9225.00,3,Pedido histórico field mock (2025-09-23),true,5493587120014
PF-000104,1521,LAMPAZO BARRENDERO 0.40MT CHICO,4,7519.40,3,Pedido histórico field mock (2025-09-23),true,5493587120014
PF-000104,4200,LAVANDINA ALBO 1LTS,2,956.25,3,Pedido histórico field mock (2025-09-23),true,5493587120014
PF-000105,1414,ESCOBA 6 HILOS ESPECIAL,1,9225.00,3,Pedido histórico field mock (2025-10-28),true,5493587120014
PF-000105,1521,LAMPAZO BARRENDERO 0.40MT CHICO,2,7519.40,3,Pedido histórico field mock (2025-10-28),true,5493587120014
PF-000105,1700,PALA RESIDUOS METAL C/CABO,4,9700.09,3,Pedido histórico field mock (2025-10-28),true,5493587120014
PF-000106,1414,ESCOBA 6 HILOS ESPECIAL,4,9225.00,3,Pedido histórico field mock (2025-12-10),true,5493587120014
PF-000106,1521,LAMPAZO BARRENDERO 0.40MT CHICO,4,7519.40,3,Pedido histórico field mock (2025-12-10),true,5493587120014
PF-000107,1414,ESCOBA 6 HILOS ESPECIAL,1,9225.00,3,Pedido histórico field mock (2026-01-20),true,5493587120014
PF-000107,1521,LAMPAZO BARRENDERO 0.40MT CHICO,2,7519.40,3,Pedido histórico field mock (2026-01-20),true,5493587120014
PF-000107,1700,PALA RESIDUOS METAL C/CABO,3,9700.09,3,Pedido histórico field mock (2026-01-20),true,5493587120014
PF-000107,3410,DETERGENTE ALBO 5LT,3,7413.75,3,Pedido histórico field mock (2026-01-20),true,5493587120014
PF-000108,1415,ESCOBA 5 HILOS COMUN,2,7995.00,3,Pedido reciente field mock (2026-05-07),true,5493587120014
PF-000108,1521,LAMPAZO BARRENDERO 0.40MT CHICO,1,7519.40,3,Pedido reciente field mock (2026-05-07),true,5493587120014
PF-000109,1415,ESCOBA 5 HILOS COMUN,1,7995.00,3,Pedido reciente field mock (2026-05-12),true,5493587120014
PF-000109,1407,ESCOBA 7 HILOS IMPERIAL,3,10608.75,3,Pedido reciente field mock (2026-05-12),true,5493587120014
PF-000110,1416,ESCOBA 5 HILOS MEZCLA,2,7533.75,3,Pedido reciente field mock (2026-05-17),true,5493587120014
PF-000110,1414,ESCOBA 6 HILOS ESPECIAL,2,9225.00,3,Pedido reciente field mock (2026-05-17),true,5493587120014
PF-000111,1414,ESCOBA 6 HILOS ESPECIAL,3,8712.50,4,Pedido histórico field mock (2025-06-03),true,5493587120015
PF-000111,1415,ESCOBA 5 HILOS COMUN,2,7550.83,4,Pedido histórico field mock (2025-06-03),true,5493587120015
PF-000111,1523,LAMPAZO BARRENDERO 0.80MT GRANDE,1,10087.14,4,Pedido histórico field mock (2025-06-03),true,5493587120015
PF-000112,1414,ESCOBA 6 HILOS ESPECIAL,3,8712.50,4,Pedido histórico field mock (2025-07-11),true,5493587120015
PF-000112,1415,ESCOBA 5 HILOS COMUN,2,7550.83,4,Pedido histórico field mock (2025-07-11),true,5493587120015
PF-000113,1414,ESCOBA 6 HILOS ESPECIAL,4,8712.50,4,Pedido histórico field mock (2025-08-12),true,5493587120015
PF-000113,1415,ESCOBA 5 HILOS COMUN,1,7550.83,4,Pedido histórico field mock (2025-08-12),true,5493587120015
PF-000114,1414,ESCOBA 6 HILOS ESPECIAL,1,8712.50,4,Pedido histórico field mock (2025-09-24),true,5493587120015
PF-000114,1415,ESCOBA 5 HILOS COMUN,1,7550.83,4,Pedido histórico field mock (2025-09-24),true,5493587120015
PF-000115,1414,ESCOBA 6 HILOS ESPECIAL,3,8712.50,4,Pedido histórico field mock (2025-10-31),true,5493587120015
PF-000115,1415,ESCOBA 5 HILOS COMUN,4,7550.83,4,Pedido histórico field mock (2025-10-31),true,5493587120015
PF-000115,3408,DETERGENTE ALBO 750CC,3,947.13,4,Pedido histórico field mock (2025-10-31),true,5493587120015
PF-000116,1414,ESCOBA 6 HILOS ESPECIAL,2,8712.50,4,Pedido histórico field mock (2025-12-13),true,5493587120015
PF-000116,1415,ESCOBA 5 HILOS COMUN,1,7550.83,4,Pedido histórico field mock (2025-12-13),true,5493587120015
PF-000116,1523,LAMPAZO BARRENDERO 0.80MT GRANDE,1,10087.14,4,Pedido histórico field mock (2025-12-13),true,5493587120015
PF-000117,1414,ESCOBA 6 HILOS ESPECIAL,4,8712.50,4,Pedido histórico field mock (2026-01-16),true,5493587120015
PF-000117,1415,ESCOBA 5 HILOS COMUN,4,7550.83,4,Pedido histórico field mock (2026-01-16),true,5493587120015
PF-000117,1830,ESCOBILLON CERDA BIGOTE C/CABO,3,8261.56,4,Pedido histórico field mock (2026-01-16),true,5493587120015
PF-000117,1604,CABO MADERA C/ROSCA 1.50MTS,1,1698.94,4,Pedido histórico field mock (2026-01-16),true,5493587120015
PF-000118,1521,LAMPAZO BARRENDERO 0.40MT CHICO,3,7101.66,4,Pedido reciente field mock (2026-04-23),true,5493587120015
PF-000118,1416,ESCOBA 5 HILOS MEZCLA,2,7115.21,4,Pedido reciente field mock (2026-04-23),true,5493587120015
PF-000119,1414,ESCOBA 6 HILOS ESPECIAL,2,8712.50,4,Pedido reciente field mock (2026-05-08),true,5493587120015
PF-000119,1521,LAMPAZO BARRENDERO 0.40MT CHICO,1,7101.66,4,Pedido reciente field mock (2026-05-08),true,5493587120015
PF-000120,1521,LAMPAZO BARRENDERO 0.40MT CHICO,3,7101.66,4,Pedido reciente field mock (2026-05-12),true,5493587120015
PF-000120,1415,ESCOBA 5 HILOS COMUN,2,7550.83,4,Pedido reciente field mock (2026-05-12),true,5493587120015
PF-000121,1416,ESCOBA 5 HILOS MEZCLA,4,8370.83,1,Pedido histórico field mock (2025-06-03),true,5493587120016
PF-000121,1414,ESCOBA 6 HILOS ESPECIAL,2,10250.00,1,Pedido histórico field mock (2025-06-03),true,5493587120016
PF-000121,4200,LAVANDINA ALBO 1LTS,1,1062.50,1,Pedido histórico field mock (2025-06-03),true,5493587120016
PF-000121,1830,ESCOBILLON CERDA BIGOTE C/CABO,1,9719.48,1,Pedido histórico field mock (2025-06-03),true,5493587120016
PF-000122,1416,ESCOBA 5 HILOS MEZCLA,4,8370.83,1,Pedido histórico field mock (2025-07-11),true,5493587120016
PF-000122,1414,ESCOBA 6 HILOS ESPECIAL,3,10250.00,1,Pedido histórico field mock (2025-07-11),true,5493587120016
PF-000122,4200,LAVANDINA ALBO 1LTS,2,1062.50,1,Pedido histórico field mock (2025-07-11),true,5493587120016
PF-000122,3410,DETERGENTE ALBO 5LT,4,8237.50,1,Pedido histórico field mock (2025-07-11),true,5493587120016
PF-000123,1416,ESCOBA 5 HILOS MEZCLA,1,8370.83,1,Pedido histórico field mock (2025-08-21),true,5493587120016
PF-000123,1414,ESCOBA 6 HILOS ESPECIAL,4,10250.00,1,Pedido histórico field mock (2025-08-21),true,5493587120016
PF-000124,1416,ESCOBA 5 HILOS MEZCLA,2,8370.83,1,Pedido histórico field mock (2025-09-23),true,5493587120016
PF-000124,1414,ESCOBA 6 HILOS ESPECIAL,1,10250.00,1,Pedido histórico field mock (2025-09-23),true,5493587120016
PF-000124,1604,CABO MADERA C/ROSCA 1.50MTS,4,1998.75,1,Pedido histórico field mock (2025-09-23),true,5493587120016
PF-000124,1607,CABO MADERA C/ROSCA 1.20MTS PINO,3,1552.88,1,Pedido histórico field mock (2025-09-23),true,5493587120016
PF-000125,1416,ESCOBA 5 HILOS MEZCLA,4,8370.83,1,Pedido histórico field mock (2025-10-31),true,5493587120016
PF-000125,1414,ESCOBA 6 HILOS ESPECIAL,2,10250.00,1,Pedido histórico field mock (2025-10-31),true,5493587120016
PF-000126,1416,ESCOBA 5 HILOS MEZCLA,3,8370.83,1,Pedido histórico field mock (2025-12-13),true,5493587120016
PF-000126,1414,ESCOBA 6 HILOS ESPECIAL,2,10250.00,1,Pedido histórico field mock (2025-12-13),true,5493587120016
PF-000126,1608,CABO MADERA C/ROSCA P/BARRENDERO,1,2998.74,1,Pedido histórico field mock (2025-12-13),true,5493587120016
PF-000127,1416,ESCOBA 5 HILOS MEZCLA,3,8370.83,1,Pedido histórico field mock (2026-01-17),true,5493587120016
PF-000127,1414,ESCOBA 6 HILOS ESPECIAL,3,10250.00,1,Pedido histórico field mock (2026-01-17),true,5493587120016
PF-000128,1415,ESCOBA 5 HILOS COMUN,3,8883.33,1,Pedido reciente field mock (2026-04-01),true,5493587120016
PF-000128,1407,ESCOBA 7 HILOS IMPERIAL,2,11787.50,1,Pedido reciente field mock (2026-04-01),true,5493587120016
PF-000129,1521,LAMPAZO BARRENDERO 0.40MT CHICO,1,8354.89,1,Pedido reciente field mock (2026-04-08),true,5493587120016
PF-000129,1414,ESCOBA 6 HILOS ESPECIAL,2,10250.00,1,Pedido reciente field mock (2026-04-08),true,5493587120016
PF-000130,1415,ESCOBA 5 HILOS COMUN,3,8883.33,1,Pedido reciente field mock (2026-04-16),true,5493587120016
PF-000130,1414,ESCOBA 6 HILOS ESPECIAL,1,10250.00,1,Pedido reciente field mock (2026-04-16),true,5493587120016
PF-000131,1415,ESCOBA 5 HILOS COMUN,1,10215.83,2,Pedido histórico field mock (2025-06-03),true,5493587120017
PF-000131,1521,LAMPAZO BARRENDERO 0.40MT CHICO,1,9608.12,2,Pedido histórico field mock (2025-06-03),true,5493587120017
PF-000132,1415,ESCOBA 5 HILOS COMUN,4,10215.83,2,Pedido histórico field mock (2025-07-12),true,5493587120017
PF-000132,1521,LAMPAZO BARRENDERO 0.40MT CHICO,2,9608.12,2,Pedido histórico field mock (2025-07-12),true,5493587120017
PF-000132,1607,CABO MADERA C/ROSCA 1.20MTS PINO,3,1785.81,2,Pedido histórico field mock (2025-07-12),true,5493587120017
PF-000132,1522,LAMPAZO BARRENDERO 0.60MT MEDIANO,4,11578.31,2,Pedido histórico field mock (2025-07-12),true,5493587120017
PF-000133,1415,ESCOBA 5 HILOS COMUN,2,10215.83,2,Pedido histórico field mock (2025-08-14),true,5493587120017
PF-000133,1521,LAMPAZO BARRENDERO 0.40MT CHICO,3,9608.12,2,Pedido histórico field mock (2025-08-14),true,5493587120017
PF-000133,3410,DETERGENTE ALBO 5LT,2,9473.12,2,Pedido histórico field mock (2025-08-14),true,5493587120017
PF-000133,2601,"SOPAPA GOMA 4"" C/CABO",3,2477.73,2,Pedido histórico field mock (2025-08-14),true,5493587120017
PF-000134,1415,ESCOBA 5 HILOS COMUN,1,10215.83,2,Pedido histórico field mock (2025-09-21),true,5493587120017
PF-000134,1521,LAMPAZO BARRENDERO 0.40MT CHICO,3,9608.12,2,Pedido histórico field mock (2025-09-21),true,5493587120017
PF-000134,1950,CABO MADERA P/SOPAPA,2,648.31,2,Pedido histórico field mock (2025-09-21),true,5493587120017
PF-000134,4200,LAVANDINA ALBO 1LTS,2,1221.88,2,Pedido histórico field mock (2025-09-21),true,5493587120017
PF-000135,1415,ESCOBA 5 HILOS COMUN,4,10215.83,2,Pedido histórico field mock (2025-10-31),true,5493587120017
PF-000135,1521,LAMPAZO BARRENDERO 0.40MT CHICO,1,9608.12,2,Pedido histórico field mock (2025-10-31),true,5493587120017
PF-000136,1415,ESCOBA 5 HILOS COMUN,3,10215.83,2,Pedido histórico field mock (2025-12-13),true,5493587120017
PF-000136,1521,LAMPAZO BARRENDERO 0.40MT CHICO,2,9608.12,2,Pedido histórico field mock (2025-12-13),true,5493587120017
PF-000137,1415,ESCOBA 5 HILOS COMUN,4,10215.83,2,Pedido histórico field mock (2026-01-15),true,5493587120017
PF-000137,1521,LAMPAZO BARRENDERO 0.40MT CHICO,2,9608.12,2,Pedido histórico field mock (2026-01-15),true,5493587120017
PF-000137,1604,CABO MADERA C/ROSCA 1.50MTS,1,2298.56,2,Pedido histórico field mock (2026-01-15),true,5493587120017
PF-000137,1523,LAMPAZO BARRENDERO 0.80MT GRANDE,4,13647.30,2,Pedido histórico field mock (2026-01-15),true,5493587120017
PF-000138,1415,ESCOBA 5 HILOS COMUN,3,10215.83,2,Pedido reciente field mock (2026-04-15),true,5493587120017
PF-000138,1416,ESCOBA 5 HILOS MEZCLA,2,9626.45,2,Pedido reciente field mock (2026-04-15),true,5493587120017
PF-000139,1416,ESCOBA 5 HILOS MEZCLA,2,9626.45,2,Pedido reciente field mock (2026-04-27),true,5493587120017
PF-000139,1521,LAMPAZO BARRENDERO 0.40MT CHICO,2,9608.12,2,Pedido reciente field mock (2026-04-27),true,5493587120017
PF-000140,1407,ESCOBA 7 HILOS IMPERIAL,3,13555.62,2,Pedido reciente field mock (2026-05-04),true,5493587120017
PF-000140,1416,ESCOBA 5 HILOS MEZCLA,3,9626.45,2,Pedido reciente field mock (2026-05-04),true,5493587120017
PF-000141,1521,LAMPAZO BARRENDERO 0.40MT CHICO,2,7519.40,3,Pedido histórico field mock (2025-06-05),true,5493587120018
PF-000141,1407,ESCOBA 7 HILOS IMPERIAL,2,10608.75,3,Pedido histórico field mock (2025-06-05),true,5493587120018
PF-000142,1521,LAMPAZO BARRENDERO 0.40MT CHICO,4,7519.40,3,Pedido histórico field mock (2025-07-13),true,5493587120018
PF-000142,1407,ESCOBA 7 HILOS IMPERIAL,1,10608.75,3,Pedido histórico field mock (2025-07-13),true,5493587120018
PF-000143,1521,LAMPAZO BARRENDERO 0.40MT CHICO,1,7519.40,3,Pedido histórico field mock (2025-08-20),true,5493587120018
PF-000143,1407,ESCOBA 7 HILOS IMPERIAL,2,10608.75,3,Pedido histórico field mock (2025-08-20),true,5493587120018
PF-000143,2572,SECADOR PLASTICO DOBLE GOMA 40CM,4,2111.60,3,Pedido histórico field mock (2025-08-20),true,5493587120018
PF-000143,1700,PALA RESIDUOS METAL C/CABO,4,9700.09,3,Pedido histórico field mock (2025-08-20),true,5493587120018
PF-000144,1521,LAMPAZO BARRENDERO 0.40MT CHICO,3,7519.40,3,Pedido histórico field mock (2025-09-25),true,5493587120018
PF-000144,1407,ESCOBA 7 HILOS IMPERIAL,1,10608.75,3,Pedido histórico field mock (2025-09-25),true,5493587120018
PF-000144,1950,CABO MADERA P/SOPAPA,1,507.38,3,Pedido histórico field mock (2025-09-25),true,5493587120018
PF-000145,1521,LAMPAZO BARRENDERO 0.40MT CHICO,2,7519.40,3,Pedido histórico field mock (2025-11-03),true,5493587120018
PF-000145,1407,ESCOBA 7 HILOS IMPERIAL,3,10608.75,3,Pedido histórico field mock (2025-11-03),true,5493587120018
PF-000145,1828,ESCOBILLON CERDA LISO C/CABO,3,7459.45,3,Pedido histórico field mock (2025-11-03),true,5493587120018
PF-000145,1523,LAMPAZO BARRENDERO 0.80MT GRANDE,2,10680.50,3,Pedido histórico field mock (2025-11-03),true,5493587120018
PF-000146,1521,LAMPAZO BARRENDERO 0.40MT CHICO,4,7519.40,3,Pedido histórico field mock (2025-12-10),true,5493587120018
PF-000146,1407,ESCOBA 7 HILOS IMPERIAL,4,10608.75,3,Pedido histórico field mock (2025-12-10),true,5493587120018
PF-000147,1521,LAMPAZO BARRENDERO 0.40MT CHICO,4,7519.40,3,Pedido histórico field mock (2026-01-12),true,5493587120018
PF-000147,1407,ESCOBA 7 HILOS IMPERIAL,2,10608.75,3,Pedido histórico field mock (2026-01-12),true,5493587120018
PF-000147,2572,SECADOR PLASTICO DOBLE GOMA 40CM,3,2111.60,3,Pedido histórico field mock (2026-01-12),true,5493587120018
PF-000147,1600,CABO MADERA C/ROSCA,4,1397.59,3,Pedido histórico field mock (2026-01-12),true,5493587120018
PF-000148,1414,ESCOBA 6 HILOS ESPECIAL,1,9225.00,3,Pedido reciente field mock (2026-04-12),true,5493587120018
PF-000148,1407,ESCOBA 7 HILOS IMPERIAL,1,10608.75,3,Pedido reciente field mock (2026-04-12),true,5493587120018
PF-000149,1407,ESCOBA 7 HILOS IMPERIAL,1,10608.75,3,Pedido reciente field mock (2026-04-17),true,5493587120018
PF-000149,1415,ESCOBA 5 HILOS COMUN,3,7995.00,3,Pedido reciente field mock (2026-04-17),true,5493587120018
PF-000150,1414,ESCOBA 6 HILOS ESPECIAL,3,9225.00,3,Pedido reciente field mock (2026-05-07),true,5493587120018
PF-000150,1407,ESCOBA 7 HILOS IMPERIAL,1,10608.75,3,Pedido reciente field mock (2026-05-07),true,5493587120018
PF-000151,1415,ESCOBA 5 HILOS COMUN,2,7550.83,4,Pedido histórico field mock (2025-06-01),true,5493587120027
PF-000151,1407,ESCOBA 7 HILOS IMPERIAL,4,10019.38,4,Pedido histórico field mock (2025-06-01),true,5493587120027
PF-000152,1415,ESCOBA 5 HILOS COMUN,2,7550.83,4,Pedido histórico field mock (2025-07-12),true,5493587120027
PF-000152,1407,ESCOBA 7 HILOS IMPERIAL,3,10019.38,4,Pedido histórico field mock (2025-07-12),true,5493587120027
PF-000152,1608,CABO MADERA C/ROSCA P/BARRENDERO,1,2548.93,4,Pedido histórico field mock (2025-07-12),true,5493587120027
PF-000152,4200,LAVANDINA ALBO 1LTS,2,903.12,4,Pedido histórico field mock (2025-07-12),true,5493587120027
PF-000153,1415,ESCOBA 5 HILOS COMUN,1,7550.83,4,Pedido histórico field mock (2025-08-12),true,5493587120027
PF-000153,1407,ESCOBA 7 HILOS IMPERIAL,3,10019.38,4,Pedido histórico field mock (2025-08-12),true,5493587120027
PF-000154,1415,ESCOBA 5 HILOS COMUN,4,7550.83,4,Pedido histórico field mock (2025-09-23),true,5493587120027
PF-000154,1407,ESCOBA 7 HILOS IMPERIAL,2,10019.38,4,Pedido histórico field mock (2025-09-23),true,5493587120027
PF-000154,1604,CABO MADERA C/ROSCA 1.50MTS,3,1698.94,4,Pedido histórico field mock (2025-09-23),true,5493587120027
PF-000155,1415,ESCOBA 5 HILOS COMUN,3,7550.83,4,Pedido histórico field mock (2025-11-05),true,5493587120027
PF-000155,1407,ESCOBA 7 HILOS IMPERIAL,4,10019.38,4,Pedido histórico field mock (2025-11-05),true,5493587120027
PF-000155,1604,CABO MADERA C/ROSCA 1.50MTS,3,1698.94,4,Pedido histórico field mock (2025-11-05),true,5493587120027
PF-000156,1415,ESCOBA 5 HILOS COMUN,4,7550.83,4,Pedido histórico field mock (2025-12-05),true,5493587120027
PF-000156,1407,ESCOBA 7 HILOS IMPERIAL,1,10019.38,4,Pedido histórico field mock (2025-12-05),true,5493587120027
PF-000157,1415,ESCOBA 5 HILOS COMUN,2,7550.83,4,Pedido histórico field mock (2026-01-19),true,5493587120027
PF-000157,1407,ESCOBA 7 HILOS IMPERIAL,3,10019.38,4,Pedido histórico field mock (2026-01-19),true,5493587120027
PF-000157,1600,CABO MADERA C/ROSCA,3,1319.95,4,Pedido histórico field mock (2026-01-19),true,5493587120027
PF-000158,1415,ESCOBA 5 HILOS COMUN,2,7550.83,4,Pedido reciente field mock (2026-04-01),true,5493587120027
PF-000158,1407,ESCOBA 7 HILOS IMPERIAL,1,10019.38,4,Pedido reciente field mock (2026-04-01),true,5493587120027
PF-000159,1414,ESCOBA 6 HILOS ESPECIAL,2,8712.50,4,Pedido reciente field mock (2026-04-06),true,5493587120027
PF-000159,1416,ESCOBA 5 HILOS MEZCLA,1,7115.21,4,Pedido reciente field mock (2026-04-06),true,5493587120027
PF-000160,1521,LAMPAZO BARRENDERO 0.40MT CHICO,3,7101.66,4,Pedido reciente field mock (2026-04-28),true,5493587120027
PF-000160,1415,ESCOBA 5 HILOS COMUN,3,7550.83,4,Pedido reciente field mock (2026-04-28),true,5493587120027
PF-000161,1415,ESCOBA 5 HILOS COMUN,1,8883.33,1,Pedido histórico field mock (2025-06-01),true,5493587120028
PF-000161,1407,ESCOBA 7 HILOS IMPERIAL,4,11787.50,1,Pedido histórico field mock (2025-06-01),true,5493587120028
PF-000161,3408,DETERGENTE ALBO 750CC,3,1114.27,1,Pedido histórico field mock (2025-06-01),true,5493587120028
PF-000161,1830,ESCOBILLON CERDA BIGOTE C/CABO,3,9719.48,1,Pedido histórico field mock (2025-06-01),true,5493587120028
PF-000162,1415,ESCOBA 5 HILOS COMUN,2,8883.33,1,Pedido histórico field mock (2025-07-12),true,5493587120028
PF-000162,1407,ESCOBA 7 HILOS IMPERIAL,4,11787.50,1,Pedido histórico field mock (2025-07-12),true,5493587120028
PF-000162,3408,DETERGENTE ALBO 750CC,3,1114.27,1,Pedido histórico field mock (2025-07-12),true,5493587120028
PF-000163,1415,ESCOBA 5 HILOS COMUN,4,8883.33,1,Pedido histórico field mock (2025-08-17),true,5493587120028
PF-000163,1407,ESCOBA 7 HILOS IMPERIAL,1,11787.50,1,Pedido histórico field mock (2025-08-17),true,5493587120028
PF-000163,1950,CABO MADERA P/SOPAPA,3,563.75,1,Pedido histórico field mock (2025-08-17),true,5493587120028
PF-000164,1415,ESCOBA 5 HILOS COMUN,3,8883.33,1,Pedido histórico field mock (2025-09-26),true,5493587120028
PF-000164,1407,ESCOBA 7 HILOS IMPERIAL,4,11787.50,1,Pedido histórico field mock (2025-09-26),true,5493587120028
PF-000164,4200,LAVANDINA ALBO 1LTS,2,1062.50,1,Pedido histórico field mock (2025-09-26),true,5493587120028
PF-000164,1600,CABO MADERA C/ROSCA,3,1552.88,1,Pedido histórico field mock (2025-09-26),true,5493587120028
PF-000165,1415,ESCOBA 5 HILOS COMUN,4,8883.33,1,Pedido histórico field mock (2025-11-05),true,5493587120028
PF-000165,1407,ESCOBA 7 HILOS IMPERIAL,1,11787.50,1,Pedido histórico field mock (2025-11-05),true,5493587120028
PF-000165,4200,LAVANDINA ALBO 1LTS,1,1062.50,1,Pedido histórico field mock (2025-11-05),true,5493587120028
PF-000166,1415,ESCOBA 5 HILOS COMUN,3,8883.33,1,Pedido histórico field mock (2025-12-09),true,5493587120028
PF-000166,1407,ESCOBA 7 HILOS IMPERIAL,3,11787.50,1,Pedido histórico field mock (2025-12-09),true,5493587120028
PF-000166,1700,PALA RESIDUOS METAL C/CABO,2,10777.88,1,Pedido histórico field mock (2025-12-09),true,5493587120028
PF-000166,2601,"SOPAPA GOMA 4"" C/CABO",1,2154.55,1,Pedido histórico field mock (2025-12-09),true,5493587120028
PF-000167,1415,ESCOBA 5 HILOS COMUN,4,8883.33,1,Pedido histórico field mock (2026-01-16),true,5493587120028
PF-000167,1407,ESCOBA 7 HILOS IMPERIAL,4,11787.50,1,Pedido histórico field mock (2026-01-16),true,5493587120028
PF-000167,1607,CABO MADERA C/ROSCA 1.20MTS PINO,3,1552.88,1,Pedido histórico field mock (2026-01-16),true,5493587120028
PF-000167,1830,ESCOBILLON CERDA BIGOTE C/CABO,4,9719.48,1,Pedido histórico field mock (2026-01-16),true,5493587120028
PF-000168,1414,ESCOBA 6 HILOS ESPECIAL,1,10250.00,1,Pedido reciente field mock (2026-04-10),true,5493587120028
PF-000168,1416,ESCOBA 5 HILOS MEZCLA,2,8370.83,1,Pedido reciente field mock (2026-04-10),true,5493587120028
PF-000169,1414,ESCOBA 6 HILOS ESPECIAL,3,10250.00,1,Pedido reciente field mock (2026-04-16),true,5493587120028
PF-000169,1521,LAMPAZO BARRENDERO 0.40MT CHICO,1,8354.89,1,Pedido reciente field mock (2026-04-16),true,5493587120028
PF-000170,1415,ESCOBA 5 HILOS COMUN,1,8883.33,1,Pedido reciente field mock (2026-04-23),true,5493587120028
PF-000170,1416,ESCOBA 5 HILOS MEZCLA,3,8370.83,1,Pedido reciente field mock (2026-04-23),true,5493587120028
PF-000171,1521,LAMPAZO BARRENDERO 0.40MT CHICO,2,9608.12,2,Pedido histórico field mock (2025-06-03),true,5493587120029
PF-000171,1414,ESCOBA 6 HILOS ESPECIAL,2,11787.50,2,Pedido histórico field mock (2025-06-03),true,5493587120029
PF-000171,1604,CABO MADERA C/ROSCA 1.50MTS,3,2298.56,2,Pedido histórico field mock (2025-06-03),true,5493587120029
PF-000171,2572,SECADOR PLASTICO DOBLE GOMA 40CM,4,2698.15,2,Pedido histórico field mock (2025-06-03),true,5493587120029
PF-000172,1521,LAMPAZO BARRENDERO 0.40MT CHICO,3,9608.12,2,Pedido histórico field mock (2025-07-11),true,5493587120029
PF-000172,1414,ESCOBA 6 HILOS ESPECIAL,4,11787.50,2,Pedido histórico field mock (2025-07-11),true,5493587120029
PF-000172,2601,"SOPAPA GOMA 4"" C/CABO",1,2477.73,2,Pedido histórico field mock (2025-07-11),true,5493587120029
PF-000173,1521,LAMPAZO BARRENDERO 0.40MT CHICO,2,9608.12,2,Pedido histórico field mock (2025-08-20),true,5493587120029
PF-000173,1414,ESCOBA 6 HILOS ESPECIAL,2,11787.50,2,Pedido histórico field mock (2025-08-20),true,5493587120029
PF-000174,1521,LAMPAZO BARRENDERO 0.40MT CHICO,2,9608.12,2,Pedido histórico field mock (2025-09-18),true,5493587120029
PF-000174,1414,ESCOBA 6 HILOS ESPECIAL,1,11787.50,2,Pedido histórico field mock (2025-09-18),true,5493587120029
PF-000175,1521,LAMPAZO BARRENDERO 0.40MT CHICO,3,9608.12,2,Pedido histórico field mock (2025-11-03),true,5493587120029
PF-000175,1414,ESCOBA 6 HILOS ESPECIAL,1,11787.50,2,Pedido histórico field mock (2025-11-03),true,5493587120029
PF-000175,1700,PALA RESIDUOS METAL C/CABO,1,12394.56,2,Pedido histórico field mock (2025-11-03),true,5493587120029
PF-000176,1521,LAMPAZO BARRENDERO 0.40MT CHICO,4,9608.12,2,Pedido histórico field mock (2025-12-03),true,5493587120029
PF-000176,1414,ESCOBA 6 HILOS ESPECIAL,4,11787.50,2,Pedido histórico field mock (2025-12-03),true,5493587120029
PF-000176,2601,"SOPAPA GOMA 4"" C/CABO",4,2477.73,2,Pedido histórico field mock (2025-12-03),true,5493587120029
PF-000176,1608,CABO MADERA C/ROSCA P/BARRENDERO,2,3448.55,2,Pedido histórico field mock (2025-12-03),true,5493587120029
PF-000177,1521,LAMPAZO BARRENDERO 0.40MT CHICO,3,9608.12,2,Pedido histórico field mock (2026-01-10),true,5493587120029
PF-000177,1414,ESCOBA 6 HILOS ESPECIAL,1,11787.50,2,Pedido histórico field mock (2026-01-10),true,5493587120029
PF-000178,1415,ESCOBA 5 HILOS COMUN,2,10215.83,2,Pedido reciente field mock (2026-04-09),true,5493587120029
PF-000178,1521,LAMPAZO BARRENDERO 0.40MT CHICO,1,9608.12,2,Pedido reciente field mock (2026-04-09),true,5493587120029
PF-000179,1414,ESCOBA 6 HILOS ESPECIAL,1,11787.50,2,Pedido reciente field mock (2026-04-20),true,5493587120029
PF-000179,1416,ESCOBA 5 HILOS MEZCLA,3,9626.45,2,Pedido reciente field mock (2026-04-20),true,5493587120029
PF-000180,1407,ESCOBA 7 HILOS IMPERIAL,2,13555.62,2,Pedido reciente field mock (2026-04-28),true,5493587120029
PF-000180,1416,ESCOBA 5 HILOS MEZCLA,1,9626.45,2,Pedido reciente field mock (2026-04-28),true,5493587120029
PF-000181,1407,ESCOBA 7 HILOS IMPERIAL,4,10608.75,3,Pedido histórico field mock (2025-06-01),true,5493587120030
PF-000181,1521,LAMPAZO BARRENDERO 0.40MT CHICO,2,7519.40,3,Pedido histórico field mock (2025-06-01),true,5493587120030
PF-000182,1407,ESCOBA 7 HILOS IMPERIAL,1,10608.75,3,Pedido histórico field mock (2025-07-10),true,5493587120030
PF-000182,1521,LAMPAZO BARRENDERO 0.40MT CHICO,4,7519.40,3,Pedido histórico field mock (2025-07-10),true,5493587120030
PF-000183,1407,ESCOBA 7 HILOS IMPERIAL,4,10608.75,3,Pedido histórico field mock (2025-08-13),true,5493587120030
PF-000183,1521,LAMPAZO BARRENDERO 0.40MT CHICO,4,7519.40,3,Pedido histórico field mock (2025-08-13),true,5493587120030
PF-000183,2601,"SOPAPA GOMA 4"" C/CABO",4,1939.10,3,Pedido histórico field mock (2025-08-13),true,5493587120030
PF-000184,1407,ESCOBA 7 HILOS IMPERIAL,4,10608.75,3,Pedido histórico field mock (2025-09-28),true,5493587120030
PF-000184,1521,LAMPAZO BARRENDERO 0.40MT CHICO,3,7519.40,3,Pedido histórico field mock (2025-09-28),true,5493587120030
PF-000184,1523,LAMPAZO BARRENDERO 0.80MT GRANDE,2,10680.50,3,Pedido histórico field mock (2025-09-28),true,5493587120030
PF-000185,1407,ESCOBA 7 HILOS IMPERIAL,1,10608.75,3,Pedido histórico field mock (2025-10-31),true,5493587120030
PF-000185,1521,LAMPAZO BARRENDERO 0.40MT CHICO,2,7519.40,3,Pedido histórico field mock (2025-10-31),true,5493587120030
PF-000185,1604,CABO MADERA C/ROSCA 1.50MTS,1,1798.88,3,Pedido histórico field mock (2025-10-31),true,5493587120030
PF-000185,2601,"SOPAPA GOMA 4"" C/CABO",1,1939.10,3,Pedido histórico field mock (2025-10-31),true,5493587120030
PF-000186,1407,ESCOBA 7 HILOS IMPERIAL,3,10608.75,3,Pedido histórico field mock (2025-12-10),true,5493587120030
PF-000186,1521,LAMPAZO BARRENDERO 0.40MT CHICO,3,7519.40,3,Pedido histórico field mock (2025-12-10),true,5493587120030
PF-000186,1828,ESCOBILLON CERDA LISO C/CABO,2,7459.45,3,Pedido histórico field mock (2025-12-10),true,5493587120030
PF-000186,1950,CABO MADERA P/SOPAPA,2,507.38,3,Pedido histórico field mock (2025-12-10),true,5493587120030
PF-000187,1407,ESCOBA 7 HILOS IMPERIAL,2,10608.75,3,Pedido histórico field mock (2026-01-11),true,5493587120030
PF-000187,1521,LAMPAZO BARRENDERO 0.40MT CHICO,2,7519.40,3,Pedido histórico field mock (2026-01-11),true,5493587120030
PF-000187,2572,SECADOR PLASTICO DOBLE GOMA 40CM,1,2111.60,3,Pedido histórico field mock (2026-01-11),true,5493587120030
PF-000188,1415,ESCOBA 5 HILOS COMUN,1,7995.00,3,Pedido reciente field mock (2026-04-02),true,5493587120030
PF-000188,1416,ESCOBA 5 HILOS MEZCLA,2,7533.75,3,Pedido reciente field mock (2026-04-02),true,5493587120030
PF-000189,1414,ESCOBA 6 HILOS ESPECIAL,1,9225.00,3,Pedido reciente field mock (2026-04-16),true,5493587120030
PF-000189,1416,ESCOBA 5 HILOS MEZCLA,2,7533.75,3,Pedido reciente field mock (2026-04-16),true,5493587120030
PF-000190,1407,ESCOBA 7 HILOS IMPERIAL,3,10608.75,3,Pedido reciente field mock (2026-05-15),true,5493587120030
PF-000190,1414,ESCOBA 6 HILOS ESPECIAL,3,9225.00,3,Pedido reciente field mock (2026-05-15),true,5493587120030
PF-000191,1407,ESCOBA 7 HILOS IMPERIAL,1,10019.38,4,Pedido histórico field mock (2025-06-01),true,5493587120031
PF-000191,1415,ESCOBA 5 HILOS COMUN,4,7550.83,4,Pedido histórico field mock (2025-06-01),true,5493587120031
PF-000192,1407,ESCOBA 7 HILOS IMPERIAL,2,10019.38,4,Pedido histórico field mock (2025-07-12),true,5493587120031
PF-000192,1415,ESCOBA 5 HILOS COMUN,2,7550.83,4,Pedido histórico field mock (2025-07-12),true,5493587120031
PF-000192,3408,DETERGENTE ALBO 750CC,3,947.13,4,Pedido histórico field mock (2025-07-12),true,5493587120031
PF-000192,1950,CABO MADERA P/SOPAPA,3,479.19,4,Pedido histórico field mock (2025-07-12),true,5493587120031
PF-000193,1407,ESCOBA 7 HILOS IMPERIAL,3,10019.38,4,Pedido histórico field mock (2025-08-20),true,5493587120031
PF-000193,1415,ESCOBA 5 HILOS COMUN,4,7550.83,4,Pedido histórico field mock (2025-08-20),true,5493587120031
PF-000193,3410,DETERGENTE ALBO 5LT,3,7001.88,4,Pedido histórico field mock (2025-08-20),true,5493587120031
PF-000194,1407,ESCOBA 7 HILOS IMPERIAL,4,10019.38,4,Pedido histórico field mock (2025-09-20),true,5493587120031
PF-000194,1415,ESCOBA 5 HILOS COMUN,1,7550.83,4,Pedido histórico field mock (2025-09-20),true,5493587120031
PF-000194,2601,"SOPAPA GOMA 4"" C/CABO",2,1831.37,4,Pedido histórico field mock (2025-09-20),true,5493587120031
PF-000195,1407,ESCOBA 7 HILOS IMPERIAL,1,10019.38,4,Pedido histórico field mock (2025-10-30),true,5493587120031
PF-000195,1415,ESCOBA 5 HILOS COMUN,3,7550.83,4,Pedido histórico field mock (2025-10-30),true,5493587120031
PF-000195,1522,LAMPAZO BARRENDERO 0.60MT MEDIANO,1,8557.89,4,Pedido histórico field mock (2025-10-30),true,5493587120031
PF-000195,1608,CABO MADERA C/ROSCA P/BARRENDERO,2,2548.93,4,Pedido histórico field mock (2025-10-30),true,5493587120031
PF-000196,1407,ESCOBA 7 HILOS IMPERIAL,3,10019.38,4,Pedido histórico field mock (2025-12-03),true,5493587120031
PF-000196,1415,ESCOBA 5 HILOS COMUN,2,7550.83,4,Pedido histórico field mock (2025-12-03),true,5493587120031
PF-000197,1407,ESCOBA 7 HILOS IMPERIAL,4,10019.38,4,Pedido histórico field mock (2026-01-12),true,5493587120031
PF-000197,1415,ESCOBA 5 HILOS COMUN,4,7550.83,4,Pedido histórico field mock (2026-01-12),true,5493587120031
PF-000197,3408,DETERGENTE ALBO 750CC,3,947.13,4,Pedido histórico field mock (2026-01-12),true,5493587120031
PF-000197,1600,CABO MADERA C/ROSCA,2,1319.95,4,Pedido histórico field mock (2026-01-12),true,5493587120031
PF-000198,1416,ESCOBA 5 HILOS MEZCLA,3,7115.21,4,Pedido reciente field mock (2026-04-06),true,5493587120031
PF-000198,1415,ESCOBA 5 HILOS COMUN,2,7550.83,4,Pedido reciente field mock (2026-04-06),true,5493587120031
PF-000199,1416,ESCOBA 5 HILOS MEZCLA,1,7115.21,4,Pedido reciente field mock (2026-05-03),true,5493587120031
PF-000199,1414,ESCOBA 6 HILOS ESPECIAL,3,8712.50,4,Pedido reciente field mock (2026-05-03),true,5493587120031
PF-000200,1521,LAMPAZO BARRENDERO 0.40MT CHICO,1,7101.66,4,Pedido reciente field mock (2026-05-13),true,5493587120031
PF-000200,1415,ESCOBA 5 HILOS COMUN,1,7550.83,4,Pedido reciente field mock (2026-05-13),true,5493587120031
PF-000201,1521,LAMPAZO BARRENDERO 0.40MT CHICO,2,8354.89,1,Pedido histórico field mock (2025-06-01),true,5493587120032
PF-000201,1407,ESCOBA 7 HILOS IMPERIAL,1,11787.50,1,Pedido histórico field mock (2025-06-01),true,5493587120032
PF-000201,1523,LAMPAZO BARRENDERO 0.80MT GRANDE,1,11867.22,1,Pedido histórico field mock (2025-06-01),true,5493587120032
PF-000201,1950,CABO MADERA P/SOPAPA,2,563.75,1,Pedido histórico field mock (2025-06-01),true,5493587120032
PF-000202,1521,LAMPAZO BARRENDERO 0.40MT CHICO,1,8354.89,1,Pedido histórico field mock (2025-07-14),true,5493587120032
PF-000202,1407,ESCOBA 7 HILOS IMPERIAL,2,11787.50,1,Pedido histórico field mock (2025-07-14),true,5493587120032
PF-000203,1521,LAMPAZO BARRENDERO 0.40MT CHICO,2,8354.89,1,Pedido histórico field mock (2025-08-19),true,5493587120032
PF-000203,1407,ESCOBA 7 HILOS IMPERIAL,4,11787.50,1,Pedido histórico field mock (2025-08-19),true,5493587120032
PF-000204,1521,LAMPAZO BARRENDERO 0.40MT CHICO,1,8354.89,1,Pedido histórico field mock (2025-09-21),true,5493587120032
PF-000204,1407,ESCOBA 7 HILOS IMPERIAL,1,11787.50,1,Pedido histórico field mock (2025-09-21),true,5493587120032
PF-000204,4200,LAVANDINA ALBO 1LTS,4,1062.50,1,Pedido histórico field mock (2025-09-21),true,5493587120032
PF-000204,2572,SECADOR PLASTICO DOBLE GOMA 40CM,4,2346.22,1,Pedido histórico field mock (2025-09-21),true,5493587120032
PF-000205,1521,LAMPAZO BARRENDERO 0.40MT CHICO,1,8354.89,1,Pedido histórico field mock (2025-11-05),true,5493587120032
PF-000205,1407,ESCOBA 7 HILOS IMPERIAL,1,11787.50,1,Pedido histórico field mock (2025-11-05),true,5493587120032
PF-000205,1608,CABO MADERA C/ROSCA P/BARRENDERO,3,2998.74,1,Pedido histórico field mock (2025-11-05),true,5493587120032
PF-000206,1521,LAMPAZO BARRENDERO 0.40MT CHICO,4,8354.89,1,Pedido histórico field mock (2025-12-07),true,5493587120032
PF-000206,1407,ESCOBA 7 HILOS IMPERIAL,2,11787.50,1,Pedido histórico field mock (2025-12-07),true,5493587120032
PF-000206,1600,CABO MADERA C/ROSCA,2,1552.88,1,Pedido histórico field mock (2025-12-07),true,5493587120032
PF-000207,1521,LAMPAZO BARRENDERO 0.40MT CHICO,1,8354.89,1,Pedido histórico field mock (2026-01-18),true,5493587120032
PF-000207,1407,ESCOBA 7 HILOS IMPERIAL,1,11787.50,1,Pedido histórico field mock (2026-01-18),true,5493587120032
PF-000208,1521,LAMPAZO BARRENDERO 0.40MT CHICO,2,8354.89,1,Pedido reciente field mock (2026-04-06),true,5493587120032
PF-000208,1415,ESCOBA 5 HILOS COMUN,1,8883.33,1,Pedido reciente field mock (2026-04-06),true,5493587120032
PF-000209,1414,ESCOBA 6 HILOS ESPECIAL,3,10250.00,1,Pedido reciente field mock (2026-04-07),true,5493587120032
PF-000209,1521,LAMPAZO BARRENDERO 0.40MT CHICO,3,8354.89,1,Pedido reciente field mock (2026-04-07),true,5493587120032
PF-000210,1407,ESCOBA 7 HILOS IMPERIAL,1,11787.50,1,Pedido reciente field mock (2026-04-29),true,5493587120032
PF-000210,1521,LAMPAZO BARRENDERO 0.40MT CHICO,2,8354.89,1,Pedido reciente field mock (2026-04-29),true,5493587120032
PF-000211,1415,ESCOBA 5 HILOS COMUN,3,10215.83,2,Pedido histórico field mock (2025-06-01),true,5493587120033
PF-000211,1416,ESCOBA 5 HILOS MEZCLA,3,9626.45,2,Pedido histórico field mock (2025-06-01),true,5493587120033
PF-000212,1415,ESCOBA 5 HILOS COMUN,2,10215.83,2,Pedido histórico field mock (2025-07-07),true,5493587120033
PF-000212,1416,ESCOBA 5 HILOS MEZCLA,3,9626.45,2,Pedido histórico field mock (2025-07-07),true,5493587120033
PF-000213,1415,ESCOBA 5 HILOS COMUN,3,10215.83,2,Pedido histórico field mock (2025-08-18),true,5493587120033
PF-000213,1416,ESCOBA 5 HILOS MEZCLA,2,9626.45,2,Pedido histórico field mock (2025-08-18),true,5493587120033
PF-000213,1607,CABO MADERA C/ROSCA 1.20MTS PINO,4,1785.81,2,Pedido histórico field mock (2025-08-18),true,5493587120033
PF-000214,1415,ESCOBA 5 HILOS COMUN,3,10215.83,2,Pedido histórico field mock (2025-09-19),true,5493587120033
PF-000214,1416,ESCOBA 5 HILOS MEZCLA,2,9626.45,2,Pedido histórico field mock (2025-09-19),true,5493587120033
PF-000214,2572,SECADOR PLASTICO DOBLE GOMA 40CM,2,2698.15,2,Pedido histórico field mock (2025-09-19),true,5493587120033
PF-000215,1415,ESCOBA 5 HILOS COMUN,2,10215.83,2,Pedido histórico field mock (2025-10-31),true,5493587120033
PF-000215,1416,ESCOBA 5 HILOS MEZCLA,2,9626.45,2,Pedido histórico field mock (2025-10-31),true,5493587120033
PF-000215,1522,LAMPAZO BARRENDERO 0.60MT MEDIANO,1,11578.31,2,Pedido histórico field mock (2025-10-31),true,5493587120033
PF-000216,1415,ESCOBA 5 HILOS COMUN,4,10215.83,2,Pedido histórico field mock (2025-12-05),true,5493587120033
PF-000216,1416,ESCOBA 5 HILOS MEZCLA,1,9626.45,2,Pedido histórico field mock (2025-12-05),true,5493587120033
PF-000216,3408,DETERGENTE ALBO 750CC,3,1281.41,2,Pedido histórico field mock (2025-12-05),true,5493587120033
PF-000216,1523,LAMPAZO BARRENDERO 0.80MT GRANDE,1,13647.30,2,Pedido histórico field mock (2025-12-05),true,5493587120033
PF-000217,1415,ESCOBA 5 HILOS COMUN,2,10215.83,2,Pedido histórico field mock (2026-01-17),true,5493587120033
PF-000217,1416,ESCOBA 5 HILOS MEZCLA,4,9626.45,2,Pedido histórico field mock (2026-01-17),true,5493587120033
PF-000217,1828,ESCOBILLON CERDA LISO C/CABO,2,9531.52,2,Pedido histórico field mock (2026-01-17),true,5493587120033
PF-000218,1407,ESCOBA 7 HILOS IMPERIAL,2,13555.62,2,Pedido reciente field mock (2026-04-15),true,5493587120033
PF-000218,1416,ESCOBA 5 HILOS MEZCLA,2,9626.45,2,Pedido reciente field mock (2026-04-15),true,5493587120033
PF-000219,1407,ESCOBA 7 HILOS IMPERIAL,2,13555.62,2,Pedido reciente field mock (2026-04-26),true,5493587120033
PF-000219,1416,ESCOBA 5 HILOS MEZCLA,2,9626.45,2,Pedido reciente field mock (2026-04-26),true,5493587120033
PF-000220,1416,ESCOBA 5 HILOS MEZCLA,3,9626.45,2,Pedido reciente field mock (2026-05-04),true,5493587120033
PF-000220,1521,LAMPAZO BARRENDERO 0.40MT CHICO,2,9608.12,2,Pedido reciente field mock (2026-05-04),true,5493587120033
PF-000221,1416,ESCOBA 5 HILOS MEZCLA,4,7533.75,3,Pedido histórico field mock (2025-06-02),true,5493587120034
PF-000221,1415,ESCOBA 5 HILOS COMUN,2,7995.00,3,Pedido histórico field mock (2025-06-02),true,5493587120034
PF-000221,1607,CABO MADERA C/ROSCA 1.20MTS PINO,3,1397.59,3,Pedido histórico field mock (2025-06-02),true,5493587120034
PF-000221,2572,SECADOR PLASTICO DOBLE GOMA 40CM,1,2111.60,3,Pedido histórico field mock (2025-06-02),true,5493587120034
PF-000222,1416,ESCOBA 5 HILOS MEZCLA,4,7533.75,3,Pedido histórico field mock (2025-07-12),true,5493587120034
PF-000222,1415,ESCOBA 5 HILOS COMUN,2,7995.00,3,Pedido histórico field mock (2025-07-12),true,5493587120034
PF-000223,1416,ESCOBA 5 HILOS MEZCLA,1,7533.75,3,Pedido histórico field mock (2025-08-12),true,5493587120034
PF-000223,1415,ESCOBA 5 HILOS COMUN,1,7995.00,3,Pedido histórico field mock (2025-08-12),true,5493587120034
PF-000223,1950,CABO MADERA P/SOPAPA,3,507.38,3,Pedido histórico field mock (2025-08-12),true,5493587120034
PF-000224,1416,ESCOBA 5 HILOS MEZCLA,4,7533.75,3,Pedido histórico field mock (2025-09-20),true,5493587120034
PF-000224,1415,ESCOBA 5 HILOS COMUN,3,7995.00,3,Pedido histórico field mock (2025-09-20),true,5493587120034
PF-000224,1830,ESCOBILLON CERDA BIGOTE C/CABO,3,8747.53,3,Pedido histórico field mock (2025-09-20),true,5493587120034
PF-000225,1416,ESCOBA 5 HILOS MEZCLA,2,7533.75,3,Pedido histórico field mock (2025-11-05),true,5493587120034
PF-000225,1415,ESCOBA 5 HILOS COMUN,2,7995.00,3,Pedido histórico field mock (2025-11-05),true,5493587120034
PF-000225,2601,"SOPAPA GOMA 4"" C/CABO",1,1939.10,3,Pedido histórico field mock (2025-11-05),true,5493587120034
PF-000225,1700,PALA RESIDUOS METAL C/CABO,4,9700.09,3,Pedido histórico field mock (2025-11-05),true,5493587120034
PF-000226,1416,ESCOBA 5 HILOS MEZCLA,4,7533.75,3,Pedido histórico field mock (2025-12-09),true,5493587120034
PF-000226,1415,ESCOBA 5 HILOS COMUN,3,7995.00,3,Pedido histórico field mock (2025-12-09),true,5493587120034
PF-000227,1416,ESCOBA 5 HILOS MEZCLA,1,7533.75,3,Pedido histórico field mock (2026-01-11),true,5493587120034
PF-000227,1415,ESCOBA 5 HILOS COMUN,1,7995.00,3,Pedido histórico field mock (2026-01-11),true,5493587120034
PF-000227,1522,LAMPAZO BARRENDERO 0.60MT MEDIANO,4,9061.29,3,Pedido histórico field mock (2026-01-11),true,5493587120034
PF-000228,1416,ESCOBA 5 HILOS MEZCLA,3,7533.75,3,Pedido reciente field mock (2026-04-07),true,5493587120034
PF-000228,1521,LAMPAZO BARRENDERO 0.40MT CHICO,3,7519.40,3,Pedido reciente field mock (2026-04-07),true,5493587120034
PF-000229,1414,ESCOBA 6 HILOS ESPECIAL,3,9225.00,3,Pedido reciente field mock (2026-04-12),true,5493587120034
PF-000229,1521,LAMPAZO BARRENDERO 0.40MT CHICO,2,7519.40,3,Pedido reciente field mock (2026-04-12),true,5493587120034
PF-000230,1415,ESCOBA 5 HILOS COMUN,2,7995.00,3,Pedido reciente field mock (2026-04-17),true,5493587120034
PF-000230,1521,LAMPAZO BARRENDERO 0.40MT CHICO,2,7519.40,3,Pedido reciente field mock (2026-04-17),true,5493587120034
PF-000231,1416,ESCOBA 5 HILOS MEZCLA,4,7115.21,4,Pedido histórico field mock (2025-06-01),true,5493587120035
PF-000231,1414,ESCOBA 6 HILOS ESPECIAL,4,8712.50,4,Pedido histórico field mock (2025-06-01),true,5493587120035
PF-000231,1830,ESCOBILLON CERDA BIGOTE C/CABO,1,8261.56,4,Pedido histórico field mock (2025-06-01),true,5493587120035
PF-000232,1416,ESCOBA 5 HILOS MEZCLA,4,7115.21,4,Pedido histórico field mock (2025-07-14),true,5493587120035
PF-000232,1414,ESCOBA 6 HILOS ESPECIAL,2,8712.50,4,Pedido histórico field mock (2025-07-14),true,5493587120035
PF-000232,1608,CABO MADERA C/ROSCA P/BARRENDERO,3,2548.93,4,Pedido histórico field mock (2025-07-14),true,5493587120035
PF-000233,1416,ESCOBA 5 HILOS MEZCLA,1,7115.21,4,Pedido histórico field mock (2025-08-21),true,5493587120035
PF-000233,1414,ESCOBA 6 HILOS ESPECIAL,3,8712.50,4,Pedido histórico field mock (2025-08-21),true,5493587120035
PF-000233,1830,ESCOBILLON CERDA BIGOTE C/CABO,4,8261.56,4,Pedido histórico field mock (2025-08-21),true,5493587120035
PF-000233,3408,DETERGENTE ALBO 750CC,2,947.13,4,Pedido histórico field mock (2025-08-21),true,5493587120035
PF-000234,1416,ESCOBA 5 HILOS MEZCLA,2,7115.21,4,Pedido histórico field mock (2025-09-21),true,5493587120035
PF-000234,1414,ESCOBA 6 HILOS ESPECIAL,4,8712.50,4,Pedido histórico field mock (2025-09-21),true,5493587120035
PF-000234,1523,LAMPAZO BARRENDERO 0.80MT GRANDE,4,10087.14,4,Pedido histórico field mock (2025-09-21),true,5493587120035
PF-000235,1416,ESCOBA 5 HILOS MEZCLA,4,7115.21,4,Pedido histórico field mock (2025-11-01),true,5493587120035
PF-000235,1414,ESCOBA 6 HILOS ESPECIAL,4,8712.50,4,Pedido histórico field mock (2025-11-01),true,5493587120035
PF-000235,1700,PALA RESIDUOS METAL C/CABO,2,9161.20,4,Pedido histórico field mock (2025-11-01),true,5493587120035
PF-000236,1416,ESCOBA 5 HILOS MEZCLA,1,7115.21,4,Pedido histórico field mock (2025-12-05),true,5493587120035
PF-000236,1414,ESCOBA 6 HILOS ESPECIAL,3,8712.50,4,Pedido histórico field mock (2025-12-05),true,5493587120035
PF-000237,1416,ESCOBA 5 HILOS MEZCLA,1,7115.21,4,Pedido histórico field mock (2026-01-12),true,5493587120035
PF-000237,1414,ESCOBA 6 HILOS ESPECIAL,2,8712.50,4,Pedido histórico field mock (2026-01-12),true,5493587120035
PF-000237,1607,CABO MADERA C/ROSCA 1.20MTS PINO,2,1319.95,4,Pedido histórico field mock (2026-01-12),true,5493587120035
PF-000237,3410,DETERGENTE ALBO 5LT,1,7001.88,4,Pedido histórico field mock (2026-01-12),true,5493587120035
PF-000238,1407,ESCOBA 7 HILOS IMPERIAL,1,10019.38,4,Pedido reciente field mock (2026-04-21),true,5493587120035
PF-000238,1415,ESCOBA 5 HILOS COMUN,2,7550.83,4,Pedido reciente field mock (2026-04-21),true,5493587120035
PF-000239,1521,LAMPAZO BARRENDERO 0.40MT CHICO,2,7101.66,4,Pedido reciente field mock (2026-04-27),true,5493587120035
PF-000239,1414,ESCOBA 6 HILOS ESPECIAL,3,8712.50,4,Pedido reciente field mock (2026-04-27),true,5493587120035
PF-000240,1407,ESCOBA 7 HILOS IMPERIAL,1,10019.38,4,Pedido reciente field mock (2026-05-19),true,5493587120035
PF-000240,1521,LAMPAZO BARRENDERO 0.40MT CHICO,3,7101.66,4,Pedido reciente field mock (2026-05-19),true,5493587120035
PF-000241,1416,ESCOBA 5 HILOS MEZCLA,3,8370.83,1,Pedido histórico field mock (2025-06-06),true,5493587120036
PF-000241,1414,ESCOBA 6 HILOS ESPECIAL,3,10250.00,1,Pedido histórico field mock (2025-06-06),true,5493587120036
PF-000241,2601,"SOPAPA GOMA 4"" C/CABO",1,2154.55,1,Pedido histórico field mock (2025-06-06),true,5493587120036
PF-000241,1523,LAMPAZO BARRENDERO 0.80MT GRANDE,3,11867.22,1,Pedido histórico field mock (2025-06-06),true,5493587120036
PF-000242,1416,ESCOBA 5 HILOS MEZCLA,1,8370.83,1,Pedido histórico field mock (2025-07-13),true,5493587120036
PF-000242,1414,ESCOBA 6 HILOS ESPECIAL,2,10250.00,1,Pedido histórico field mock (2025-07-13),true,5493587120036
PF-000243,1416,ESCOBA 5 HILOS MEZCLA,3,8370.83,1,Pedido histórico field mock (2025-08-11),true,5493587120036
PF-000243,1414,ESCOBA 6 HILOS ESPECIAL,2,10250.00,1,Pedido histórico field mock (2025-08-11),true,5493587120036
PF-000243,2572,SECADOR PLASTICO DOBLE GOMA 40CM,1,2346.22,1,Pedido histórico field mock (2025-08-11),true,5493587120036
PF-000243,3410,DETERGENTE ALBO 5LT,1,8237.50,1,Pedido histórico field mock (2025-08-11),true,5493587120036
PF-000244,1416,ESCOBA 5 HILOS MEZCLA,2,8370.83,1,Pedido histórico field mock (2025-09-19),true,5493587120036
PF-000244,1414,ESCOBA 6 HILOS ESPECIAL,3,10250.00,1,Pedido histórico field mock (2025-09-19),true,5493587120036
PF-000244,1608,CABO MADERA C/ROSCA P/BARRENDERO,2,2998.74,1,Pedido histórico field mock (2025-09-19),true,5493587120036
PF-000245,1416,ESCOBA 5 HILOS MEZCLA,4,8370.83,1,Pedido histórico field mock (2025-11-01),true,5493587120036
PF-000245,1414,ESCOBA 6 HILOS ESPECIAL,4,10250.00,1,Pedido histórico field mock (2025-11-01),true,5493587120036
PF-000246,1416,ESCOBA 5 HILOS MEZCLA,2,8370.83,1,Pedido histórico field mock (2025-12-04),true,5493587120036
PF-000246,1414,ESCOBA 6 HILOS ESPECIAL,4,10250.00,1,Pedido histórico field mock (2025-12-04),true,5493587120036
PF-000246,3408,DETERGENTE ALBO 750CC,4,1114.27,1,Pedido histórico field mock (2025-12-04),true,5493587120036
PF-000246,1828,ESCOBILLON CERDA LISO C/CABO,1,8288.28,1,Pedido histórico field mock (2025-12-04),true,5493587120036
PF-000247,1416,ESCOBA 5 HILOS MEZCLA,2,8370.83,1,Pedido histórico field mock (2026-01-13),true,5493587120036
PF-000247,1414,ESCOBA 6 HILOS ESPECIAL,1,10250.00,1,Pedido histórico field mock (2026-01-13),true,5493587120036
PF-000247,1604,CABO MADERA C/ROSCA 1.50MTS,4,1998.75,1,Pedido histórico field mock (2026-01-13),true,5493587120036
PF-000247,3408,DETERGENTE ALBO 750CC,4,1114.27,1,Pedido histórico field mock (2026-01-13),true,5493587120036
PF-000248,1407,ESCOBA 7 HILOS IMPERIAL,1,11787.50,1,Pedido reciente field mock (2026-04-01),true,5493587120036
PF-000248,1414,ESCOBA 6 HILOS ESPECIAL,1,10250.00,1,Pedido reciente field mock (2026-04-01),true,5493587120036
PF-000249,1521,LAMPAZO BARRENDERO 0.40MT CHICO,3,8354.89,1,Pedido reciente field mock (2026-04-05),true,5493587120036
PF-000249,1416,ESCOBA 5 HILOS MEZCLA,2,8370.83,1,Pedido reciente field mock (2026-04-05),true,5493587120036
PF-000250,1416,ESCOBA 5 HILOS MEZCLA,2,8370.83,1,Pedido reciente field mock (2026-05-18),true,5493587120036
PF-000250,1415,ESCOBA 5 HILOS COMUN,1,8883.33,1,Pedido reciente field mock (2026-05-18),true,5493587120036
PF-000251,1415,ESCOBA 5 HILOS COMUN,2,10215.83,2,Pedido histórico field mock (2025-06-01),true,5493587120037
PF-000251,1407,ESCOBA 7 HILOS IMPERIAL,1,13555.62,2,Pedido histórico field mock (2025-06-01),true,5493587120037
PF-000252,1415,ESCOBA 5 HILOS COMUN,2,10215.83,2,Pedido histórico field mock (2025-07-11),true,5493587120037
PF-000252,1407,ESCOBA 7 HILOS IMPERIAL,2,13555.62,2,Pedido histórico field mock (2025-07-11),true,5493587120037
PF-000252,1950,CABO MADERA P/SOPAPA,1,648.31,2,Pedido histórico field mock (2025-07-11),true,5493587120037
PF-000253,1415,ESCOBA 5 HILOS COMUN,4,10215.83,2,Pedido histórico field mock (2025-08-19),true,5493587120037
PF-000253,1407,ESCOBA 7 HILOS IMPERIAL,3,13555.62,2,Pedido histórico field mock (2025-08-19),true,5493587120037
PF-000254,1415,ESCOBA 5 HILOS COMUN,1,10215.83,2,Pedido histórico field mock (2025-09-20),true,5493587120037
PF-000254,1407,ESCOBA 7 HILOS IMPERIAL,3,13555.62,2,Pedido histórico field mock (2025-09-20),true,5493587120037
PF-000254,1828,ESCOBILLON CERDA LISO C/CABO,1,9531.52,2,Pedido histórico field mock (2025-09-20),true,5493587120037
PF-000254,1523,LAMPAZO BARRENDERO 0.80MT GRANDE,1,13647.30,2,Pedido histórico field mock (2025-09-20),true,5493587120037
PF-000255,1415,ESCOBA 5 HILOS COMUN,4,10215.83,2,Pedido histórico field mock (2025-11-05),true,5493587120037
PF-000255,1407,ESCOBA 7 HILOS IMPERIAL,2,13555.62,2,Pedido histórico field mock (2025-11-05),true,5493587120037
PF-000256,1415,ESCOBA 5 HILOS COMUN,2,10215.83,2,Pedido histórico field mock (2025-12-05),true,5493587120037
PF-000256,1407,ESCOBA 7 HILOS IMPERIAL,3,13555.62,2,Pedido histórico field mock (2025-12-05),true,5493587120037
PF-000256,1950,CABO MADERA P/SOPAPA,2,648.31,2,Pedido histórico field mock (2025-12-05),true,5493587120037
PF-000256,3408,DETERGENTE ALBO 750CC,4,1281.41,2,Pedido histórico field mock (2025-12-05),true,5493587120037
PF-000257,1415,ESCOBA 5 HILOS COMUN,1,10215.83,2,Pedido histórico field mock (2026-01-19),true,5493587120037
PF-000257,1407,ESCOBA 7 HILOS IMPERIAL,1,13555.62,2,Pedido histórico field mock (2026-01-19),true,5493587120037
PF-000257,2572,SECADOR PLASTICO DOBLE GOMA 40CM,4,2698.15,2,Pedido histórico field mock (2026-01-19),true,5493587120037
PF-000257,2601,"SOPAPA GOMA 4"" C/CABO",3,2477.73,2,Pedido histórico field mock (2026-01-19),true,5493587120037
PF-000258,1407,ESCOBA 7 HILOS IMPERIAL,2,13555.62,2,Pedido reciente field mock (2026-04-29),true,5493587120037
PF-000258,1415,ESCOBA 5 HILOS COMUN,1,10215.83,2,Pedido reciente field mock (2026-04-29),true,5493587120037
PF-000259,1414,ESCOBA 6 HILOS ESPECIAL,1,11787.50,2,Pedido reciente field mock (2026-05-02),true,5493587120037
PF-000259,1521,LAMPAZO BARRENDERO 0.40MT CHICO,1,9608.12,2,Pedido reciente field mock (2026-05-02),true,5493587120037
PF-000260,1414,ESCOBA 6 HILOS ESPECIAL,1,11787.50,2,Pedido reciente field mock (2026-05-04),true,5493587120037
PF-000260,1415,ESCOBA 5 HILOS COMUN,3,10215.83,2,Pedido reciente field mock (2026-05-04),true,5493587120037
PF-000261,1407,ESCOBA 7 HILOS IMPERIAL,3,10608.75,3,Pedido histórico field mock (2025-06-06),true,5493587120038
PF-000261,1414,ESCOBA 6 HILOS ESPECIAL,2,9225.00,3,Pedido histórico field mock (2025-06-06),true,5493587120038
PF-000261,2601,"SOPAPA GOMA 4"" C/CABO",1,1939.10,3,Pedido histórico field mock (2025-06-06),true,5493587120038
PF-000262,1407,ESCOBA 7 HILOS IMPERIAL,4,10608.75,3,Pedido histórico field mock (2025-07-07),true,5493587120038
PF-000262,1414,ESCOBA 6 HILOS ESPECIAL,3,9225.00,3,Pedido histórico field mock (2025-07-07),true,5493587120038
PF-000262,1522,LAMPAZO BARRENDERO 0.60MT MEDIANO,2,9061.29,3,Pedido histórico field mock (2025-07-07),true,5493587120038
PF-000262,1608,CABO MADERA C/ROSCA P/BARRENDERO,3,2698.87,3,Pedido histórico field mock (2025-07-07),true,5493587120038
PF-000263,1407,ESCOBA 7 HILOS IMPERIAL,3,10608.75,3,Pedido histórico field mock (2025-08-15),true,5493587120038
PF-000263,1414,ESCOBA 6 HILOS ESPECIAL,2,9225.00,3,Pedido histórico field mock (2025-08-15),true,5493587120038
PF-000263,1950,CABO MADERA P/SOPAPA,1,507.38,3,Pedido histórico field mock (2025-08-15),true,5493587120038
PF-000264,1407,ESCOBA 7 HILOS IMPERIAL,4,10608.75,3,Pedido histórico field mock (2025-09-24),true,5493587120038
PF-000264,1414,ESCOBA 6 HILOS ESPECIAL,1,9225.00,3,Pedido histórico field mock (2025-09-24),true,5493587120038
PF-000265,1407,ESCOBA 7 HILOS IMPERIAL,4,10608.75,3,Pedido histórico field mock (2025-10-30),true,5493587120038
PF-000265,1414,ESCOBA 6 HILOS ESPECIAL,3,9225.00,3,Pedido histórico field mock (2025-10-30),true,5493587120038
PF-000265,2572,SECADOR PLASTICO DOBLE GOMA 40CM,2,2111.60,3,Pedido histórico field mock (2025-10-30),true,5493587120038
PF-000265,1522,LAMPAZO BARRENDERO 0.60MT MEDIANO,2,9061.29,3,Pedido histórico field mock (2025-10-30),true,5493587120038
PF-000266,1407,ESCOBA 7 HILOS IMPERIAL,2,10608.75,3,Pedido histórico field mock (2025-12-13),true,5493587120038
PF-000266,1414,ESCOBA 6 HILOS ESPECIAL,1,9225.00,3,Pedido histórico field mock (2025-12-13),true,5493587120038
PF-000267,1407,ESCOBA 7 HILOS IMPERIAL,3,10608.75,3,Pedido histórico field mock (2026-01-15),true,5493587120038
PF-000267,1414,ESCOBA 6 HILOS ESPECIAL,4,9225.00,3,Pedido histórico field mock (2026-01-15),true,5493587120038
PF-000267,1608,CABO MADERA C/ROSCA P/BARRENDERO,3,2698.87,3,Pedido histórico field mock (2026-01-15),true,5493587120038
PF-000267,4200,LAVANDINA ALBO 1LTS,3,956.25,3,Pedido histórico field mock (2026-01-15),true,5493587120038
PF-000268,1407,ESCOBA 7 HILOS IMPERIAL,1,10608.75,3,Pedido reciente field mock (2026-04-14),true,5493587120038
PF-000268,1416,ESCOBA 5 HILOS MEZCLA,3,7533.75,3,Pedido reciente field mock (2026-04-14),true,5493587120038
PF-000269,1521,LAMPAZO BARRENDERO 0.40MT CHICO,1,7519.40,3,Pedido reciente field mock (2026-04-19),true,5493587120038
PF-000269,1407,ESCOBA 7 HILOS IMPERIAL,2,10608.75,3,Pedido reciente field mock (2026-04-19),true,5493587120038
PF-000270,1521,LAMPAZO BARRENDERO 0.40MT CHICO,1,7519.40,3,Pedido reciente field mock (2026-05-02),true,5493587120038
PF-000270,1414,ESCOBA 6 HILOS ESPECIAL,3,9225.00,3,Pedido reciente field mock (2026-05-02),true,5493587120038
PF-000271,1414,ESCOBA 6 HILOS ESPECIAL,4,8712.50,4,Pedido histórico field mock (2025-06-01),true,5493587120039
PF-000271,1407,ESCOBA 7 HILOS IMPERIAL,2,10019.38,4,Pedido histórico field mock (2025-06-01),true,5493587120039
PF-000272,1414,ESCOBA 6 HILOS ESPECIAL,2,8712.50,4,Pedido histórico field mock (2025-07-08),true,5493587120039
PF-000272,1407,ESCOBA 7 HILOS IMPERIAL,2,10019.38,4,Pedido histórico field mock (2025-07-08),true,5493587120039
PF-000273,1414,ESCOBA 6 HILOS ESPECIAL,1,8712.50,4,Pedido histórico field mock (2025-08-17),true,5493587120039
PF-000273,1407,ESCOBA 7 HILOS IMPERIAL,1,10019.38,4,Pedido histórico field mock (2025-08-17),true,5493587120039
PF-000273,3408,DETERGENTE ALBO 750CC,4,947.13,4,Pedido histórico field mock (2025-08-17),true,5493587120039
PF-000274,1414,ESCOBA 6 HILOS ESPECIAL,4,8712.50,4,Pedido histórico field mock (2025-09-21),true,5493587120039
PF-000274,1407,ESCOBA 7 HILOS IMPERIAL,3,10019.38,4,Pedido histórico field mock (2025-09-21),true,5493587120039
PF-000274,1828,ESCOBILLON CERDA LISO C/CABO,1,7045.04,4,Pedido histórico field mock (2025-09-21),true,5493587120039
PF-000275,1414,ESCOBA 6 HILOS ESPECIAL,4,8712.50,4,Pedido histórico field mock (2025-10-30),true,5493587120039
PF-000275,1407,ESCOBA 7 HILOS IMPERIAL,3,10019.38,4,Pedido histórico field mock (2025-10-30),true,5493587120039
PF-000275,1600,CABO MADERA C/ROSCA,4,1319.95,4,Pedido histórico field mock (2025-10-30),true,5493587120039
PF-000275,1700,PALA RESIDUOS METAL C/CABO,2,9161.20,4,Pedido histórico field mock (2025-10-30),true,5493587120039
PF-000276,1414,ESCOBA 6 HILOS ESPECIAL,3,8712.50,4,Pedido histórico field mock (2025-12-06),true,5493587120039
PF-000276,1407,ESCOBA 7 HILOS IMPERIAL,2,10019.38,4,Pedido histórico field mock (2025-12-06),true,5493587120039
PF-000277,1414,ESCOBA 6 HILOS ESPECIAL,4,8712.50,4,Pedido histórico field mock (2026-01-18),true,5493587120039
PF-000277,1407,ESCOBA 7 HILOS IMPERIAL,4,10019.38,4,Pedido histórico field mock (2026-01-18),true,5493587120039
PF-000277,3408,DETERGENTE ALBO 750CC,3,947.13,4,Pedido histórico field mock (2026-01-18),true,5493587120039
PF-000277,1607,CABO MADERA C/ROSCA 1.20MTS PINO,4,1319.95,4,Pedido histórico field mock (2026-01-18),true,5493587120039
PF-000278,1416,ESCOBA 5 HILOS MEZCLA,3,7115.21,4,Pedido reciente field mock (2026-04-07),true,5493587120039
PF-000278,1415,ESCOBA 5 HILOS COMUN,1,7550.83,4,Pedido reciente field mock (2026-04-07),true,5493587120039
PF-000279,1415,ESCOBA 5 HILOS COMUN,3,7550.83,4,Pedido reciente field mock (2026-05-06),true,5493587120039
PF-000279,1416,ESCOBA 5 HILOS MEZCLA,3,7115.21,4,Pedido reciente field mock (2026-05-06),true,5493587120039
PF-000280,1407,ESCOBA 7 HILOS IMPERIAL,2,10019.38,4,Pedido reciente field mock (2026-05-08),true,5493587120039
PF-000280,1416,ESCOBA 5 HILOS MEZCLA,1,7115.21,4,Pedido reciente field mock (2026-05-08),true,5493587120039
PF-000281,1407,ESCOBA 7 HILOS IMPERIAL,4,11787.50,1,Pedido histórico field mock (2025-06-01),true,5493587120040
PF-000281,1521,LAMPAZO BARRENDERO 0.40MT CHICO,2,8354.89,1,Pedido histórico field mock (2025-06-01),true,5493587120040
PF-000281,1522,LAMPAZO BARRENDERO 0.60MT MEDIANO,3,10068.10,1,Pedido histórico field mock (2025-06-01),true,5493587120040
PF-000281,1600,CABO MADERA C/ROSCA,3,1552.88,1,Pedido histórico field mock (2025-06-01),true,5493587120040
PF-000282,1407,ESCOBA 7 HILOS IMPERIAL,4,11787.50,1,Pedido histórico field mock (2025-07-04),true,5493587120040
PF-000282,1521,LAMPAZO BARRENDERO 0.40MT CHICO,3,8354.89,1,Pedido histórico field mock (2025-07-04),true,5493587120040
PF-000282,1522,LAMPAZO BARRENDERO 0.60MT MEDIANO,2,10068.10,1,Pedido histórico field mock (2025-07-04),true,5493587120040
PF-000282,3410,DETERGENTE ALBO 5LT,2,8237.50,1,Pedido histórico field mock (2025-07-04),true,5493587120040
PF-000283,1407,ESCOBA 7 HILOS IMPERIAL,1,11787.50,1,Pedido histórico field mock (2025-08-16),true,5493587120040
PF-000283,1521,LAMPAZO BARRENDERO 0.40MT CHICO,4,8354.89,1,Pedido histórico field mock (2025-08-16),true,5493587120040
PF-000283,1830,ESCOBILLON CERDA BIGOTE C/CABO,1,9719.48,1,Pedido histórico field mock (2025-08-16),true,5493587120040
PF-000284,1407,ESCOBA 7 HILOS IMPERIAL,1,11787.50,1,Pedido histórico field mock (2025-09-21),true,5493587120040
PF-000284,1521,LAMPAZO BARRENDERO 0.40MT CHICO,4,8354.89,1,Pedido histórico field mock (2025-09-21),true,5493587120040
PF-000285,1407,ESCOBA 7 HILOS IMPERIAL,4,11787.50,1,Pedido histórico field mock (2025-11-04),true,5493587120040
PF-000285,1521,LAMPAZO BARRENDERO 0.40MT CHICO,3,8354.89,1,Pedido histórico field mock (2025-11-04),true,5493587120040
PF-000286,1407,ESCOBA 7 HILOS IMPERIAL,2,11787.50,1,Pedido histórico field mock (2025-12-04),true,5493587120040
PF-000286,1521,LAMPAZO BARRENDERO 0.40MT CHICO,4,8354.89,1,Pedido histórico field mock (2025-12-04),true,5493587120040
PF-000287,1407,ESCOBA 7 HILOS IMPERIAL,3,11787.50,1,Pedido histórico field mock (2026-01-20),true,5493587120040
PF-000287,1521,LAMPAZO BARRENDERO 0.40MT CHICO,4,8354.89,1,Pedido histórico field mock (2026-01-20),true,5493587120040
PF-000287,1830,ESCOBILLON CERDA BIGOTE C/CABO,3,9719.48,1,Pedido histórico field mock (2026-01-20),true,5493587120040
PF-000288,1416,ESCOBA 5 HILOS MEZCLA,3,8370.83,1,Pedido reciente field mock (2026-04-12),true,5493587120040
PF-000288,1521,LAMPAZO BARRENDERO 0.40MT CHICO,2,8354.89,1,Pedido reciente field mock (2026-04-12),true,5493587120040
PF-000289,1407,ESCOBA 7 HILOS IMPERIAL,3,11787.50,1,Pedido reciente field mock (2026-04-28),true,5493587120040
PF-000289,1416,ESCOBA 5 HILOS MEZCLA,2,8370.83,1,Pedido reciente field mock (2026-04-28),true,5493587120040
PF-000290,1415,ESCOBA 5 HILOS COMUN,2,8883.33,1,Pedido reciente field mock (2026-05-05),true,5493587120040
PF-000290,1521,LAMPAZO BARRENDERO 0.40MT CHICO,3,8354.89,1,Pedido reciente field mock (2026-05-05),true,5493587120040
PF-000291,1416,ESCOBA 5 HILOS MEZCLA,1,9626.45,2,Pedido histórico field mock (2025-06-01),true,5493587120041
PF-000291,1407,ESCOBA 7 HILOS IMPERIAL,2,13555.62,2,Pedido histórico field mock (2025-06-01),true,5493587120041
PF-000291,1523,LAMPAZO BARRENDERO 0.80MT GRANDE,3,13647.30,2,Pedido histórico field mock (2025-06-01),true,5493587120041
PF-000291,1950,CABO MADERA P/SOPAPA,2,648.31,2,Pedido histórico field mock (2025-06-01),true,5493587120041
PF-000292,1416,ESCOBA 5 HILOS MEZCLA,1,9626.45,2,Pedido histórico field mock (2025-07-13),true,5493587120041
PF-000292,1407,ESCOBA 7 HILOS IMPERIAL,1,13555.62,2,Pedido histórico field mock (2025-07-13),true,5493587120041
PF-000292,1700,PALA RESIDUOS METAL C/CABO,1,12394.56,2,Pedido histórico field mock (2025-07-13),true,5493587120041
PF-000293,1416,ESCOBA 5 HILOS MEZCLA,2,9626.45,2,Pedido histórico field mock (2025-08-13),true,5493587120041
PF-000293,1407,ESCOBA 7 HILOS IMPERIAL,1,13555.62,2,Pedido histórico field mock (2025-08-13),true,5493587120041
PF-000294,1416,ESCOBA 5 HILOS MEZCLA,1,9626.45,2,Pedido histórico field mock (2025-09-21),true,5493587120041
PF-000294,1407,ESCOBA 7 HILOS IMPERIAL,2,13555.62,2,Pedido histórico field mock (2025-09-21),true,5493587120041
PF-000294,1522,LAMPAZO BARRENDERO 0.60MT MEDIANO,3,11578.31,2,Pedido histórico field mock (2025-09-21),true,5493587120041
PF-000295,1416,ESCOBA 5 HILOS MEZCLA,1,9626.45,2,Pedido histórico field mock (2025-11-04),true,5493587120041
PF-000295,1407,ESCOBA 7 HILOS IMPERIAL,4,13555.62,2,Pedido histórico field mock (2025-11-04),true,5493587120041
PF-000295,3408,DETERGENTE ALBO 750CC,3,1281.41,2,Pedido histórico field mock (2025-11-04),true,5493587120041
PF-000296,1416,ESCOBA 5 HILOS MEZCLA,2,9626.45,2,Pedido histórico field mock (2025-12-08),true,5493587120041
PF-000296,1407,ESCOBA 7 HILOS IMPERIAL,3,13555.62,2,Pedido histórico field mock (2025-12-08),true,5493587120041
PF-000297,1416,ESCOBA 5 HILOS MEZCLA,3,9626.45,2,Pedido histórico field mock (2026-01-14),true,5493587120041
PF-000297,1407,ESCOBA 7 HILOS IMPERIAL,2,13555.62,2,Pedido histórico field mock (2026-01-14),true,5493587120041
PF-000297,1600,CABO MADERA C/ROSCA,4,1785.81,2,Pedido histórico field mock (2026-01-14),true,5493587120041
PF-000298,1521,LAMPAZO BARRENDERO 0.40MT CHICO,2,9608.12,2,Pedido reciente field mock (2026-04-23),true,5493587120041
PF-000298,1414,ESCOBA 6 HILOS ESPECIAL,3,11787.50,2,Pedido reciente field mock (2026-04-23),true,5493587120041
PF-000299,1407,ESCOBA 7 HILOS IMPERIAL,2,13555.62,2,Pedido reciente field mock (2026-04-29),true,5493587120041
PF-000299,1416,ESCOBA 5 HILOS MEZCLA,3,9626.45,2,Pedido reciente field mock (2026-04-29),true,5493587120041
PF-000300,1521,LAMPAZO BARRENDERO 0.40MT CHICO,2,9608.12,2,Pedido reciente field mock (2026-05-15),true,5493587120041
PF-000300,1416,ESCOBA 5 HILOS MEZCLA,2,9626.45,2,Pedido reciente field mock (2026-05-15),true,5493587120041
PF-000301,1407,ESCOBA 7 HILOS IMPERIAL,3,10608.75,3,Pedido histórico field mock (2025-06-01),true,5493587120042
PF-000301,1415,ESCOBA 5 HILOS COMUN,1,7995.00,3,Pedido histórico field mock (2025-06-01),true,5493587120042
PF-000301,1828,ESCOBILLON CERDA LISO C/CABO,4,7459.45,3,Pedido histórico field mock (2025-06-01),true,5493587120042
PF-000302,1407,ESCOBA 7 HILOS IMPERIAL,3,10608.75,3,Pedido histórico field mock (2025-07-06),true,5493587120042
PF-000302,1415,ESCOBA 5 HILOS COMUN,2,7995.00,3,Pedido histórico field mock (2025-07-06),true,5493587120042
PF-000302,1522,LAMPAZO BARRENDERO 0.60MT MEDIANO,2,9061.29,3,Pedido histórico field mock (2025-07-06),true,5493587120042
PF-000302,3410,DETERGENTE ALBO 5LT,1,7413.75,3,Pedido histórico field mock (2025-07-06),true,5493587120042
PF-000303,1407,ESCOBA 7 HILOS IMPERIAL,2,10608.75,3,Pedido histórico field mock (2025-08-11),true,5493587120042
PF-000303,1415,ESCOBA 5 HILOS COMUN,2,7995.00,3,Pedido histórico field mock (2025-08-11),true,5493587120042
PF-000303,1830,ESCOBILLON CERDA BIGOTE C/CABO,3,8747.53,3,Pedido histórico field mock (2025-08-11),true,5493587120042
PF-000303,1608,CABO MADERA C/ROSCA P/BARRENDERO,1,2698.87,3,Pedido histórico field mock (2025-08-11),true,5493587120042
PF-000304,1407,ESCOBA 7 HILOS IMPERIAL,1,10608.75,3,Pedido histórico field mock (2025-09-21),true,5493587120042
PF-000304,1415,ESCOBA 5 HILOS COMUN,3,7995.00,3,Pedido histórico field mock (2025-09-21),true,5493587120042
PF-000304,1523,LAMPAZO BARRENDERO 0.80MT GRANDE,2,10680.50,3,Pedido histórico field mock (2025-09-21),true,5493587120042
PF-000304,2601,"SOPAPA GOMA 4"" C/CABO",1,1939.10,3,Pedido histórico field mock (2025-09-21),true,5493587120042
PF-000305,1407,ESCOBA 7 HILOS IMPERIAL,4,10608.75,3,Pedido histórico field mock (2025-11-04),true,5493587120042
PF-000305,1415,ESCOBA 5 HILOS COMUN,4,7995.00,3,Pedido histórico field mock (2025-11-04),true,5493587120042
PF-000305,1700,PALA RESIDUOS METAL C/CABO,2,9700.09,3,Pedido histórico field mock (2025-11-04),true,5493587120042
PF-000306,1407,ESCOBA 7 HILOS IMPERIAL,2,10608.75,3,Pedido histórico field mock (2025-12-06),true,5493587120042
PF-000306,1415,ESCOBA 5 HILOS COMUN,1,7995.00,3,Pedido histórico field mock (2025-12-06),true,5493587120042
PF-000306,1828,ESCOBILLON CERDA LISO C/CABO,4,7459.45,3,Pedido histórico field mock (2025-12-06),true,5493587120042
PF-000306,2601,"SOPAPA GOMA 4"" C/CABO",2,1939.10,3,Pedido histórico field mock (2025-12-06),true,5493587120042
PF-000307,1407,ESCOBA 7 HILOS IMPERIAL,2,10608.75,3,Pedido histórico field mock (2026-01-14),true,5493587120042
PF-000307,1415,ESCOBA 5 HILOS COMUN,1,7995.00,3,Pedido histórico field mock (2026-01-14),true,5493587120042
PF-000307,2601,"SOPAPA GOMA 4"" C/CABO",1,1939.10,3,Pedido histórico field mock (2026-01-14),true,5493587120042
PF-000308,1521,LAMPAZO BARRENDERO 0.40MT CHICO,2,7519.40,3,Pedido reciente field mock (2026-04-12),true,5493587120042
PF-000308,1416,ESCOBA 5 HILOS MEZCLA,1,7533.75,3,Pedido reciente field mock (2026-04-12),true,5493587120042
PF-000309,1416,ESCOBA 5 HILOS MEZCLA,1,7533.75,3,Pedido reciente field mock (2026-04-29),true,5493587120042
PF-000309,1414,ESCOBA 6 HILOS ESPECIAL,2,9225.00,3,Pedido reciente field mock (2026-04-29),true,5493587120042
PF-000310,1407,ESCOBA 7 HILOS IMPERIAL,3,10608.75,3,Pedido reciente field mock (2026-05-20),true,5493587120042
PF-000310,1415,ESCOBA 5 HILOS COMUN,3,7995.00,3,Pedido reciente field mock (2026-05-20),true,5493587120042
PF-000311,1416,ESCOBA 5 HILOS MEZCLA,4,7115.21,4,Pedido histórico field mock (2025-06-06),true,5493587120019
PF-000311,1407,ESCOBA 7 HILOS IMPERIAL,2,10019.38,4,Pedido histórico field mock (2025-06-06),true,5493587120019
PF-000311,2601,"SOPAPA GOMA 4"" C/CABO",2,1831.37,4,Pedido histórico field mock (2025-06-06),true,5493587120019
PF-000311,1604,CABO MADERA C/ROSCA 1.50MTS,3,1698.94,4,Pedido histórico field mock (2025-06-06),true,5493587120019
PF-000312,1416,ESCOBA 5 HILOS MEZCLA,3,7115.21,4,Pedido histórico field mock (2025-07-04),true,5493587120019
PF-000312,1407,ESCOBA 7 HILOS IMPERIAL,1,10019.38,4,Pedido histórico field mock (2025-07-04),true,5493587120019
PF-000312,1522,LAMPAZO BARRENDERO 0.60MT MEDIANO,3,8557.89,4,Pedido histórico field mock (2025-07-04),true,5493587120019
PF-000313,1416,ESCOBA 5 HILOS MEZCLA,3,7115.21,4,Pedido histórico field mock (2025-08-19),true,5493587120019
PF-000313,1407,ESCOBA 7 HILOS IMPERIAL,2,10019.38,4,Pedido histórico field mock (2025-08-19),true,5493587120019
PF-000313,1600,CABO MADERA C/ROSCA,4,1319.95,4,Pedido histórico field mock (2025-08-19),true,5493587120019
PF-000313,1607,CABO MADERA C/ROSCA 1.20MTS PINO,1,1319.95,4,Pedido histórico field mock (2025-08-19),true,5493587120019
PF-000314,1416,ESCOBA 5 HILOS MEZCLA,1,7115.21,4,Pedido histórico field mock (2025-09-20),true,5493587120019
PF-000314,1407,ESCOBA 7 HILOS IMPERIAL,3,10019.38,4,Pedido histórico field mock (2025-09-20),true,5493587120019
PF-000314,1700,PALA RESIDUOS METAL C/CABO,2,9161.20,4,Pedido histórico field mock (2025-09-20),true,5493587120019
PF-000315,1416,ESCOBA 5 HILOS MEZCLA,1,7115.21,4,Pedido histórico field mock (2025-11-01),true,5493587120019
PF-000315,1407,ESCOBA 7 HILOS IMPERIAL,3,10019.38,4,Pedido histórico field mock (2025-11-01),true,5493587120019
PF-000315,1700,PALA RESIDUOS METAL C/CABO,3,9161.20,4,Pedido histórico field mock (2025-11-01),true,5493587120019
PF-000316,1416,ESCOBA 5 HILOS MEZCLA,4,7115.21,4,Pedido histórico field mock (2025-12-12),true,5493587120019
PF-000316,1407,ESCOBA 7 HILOS IMPERIAL,2,10019.38,4,Pedido histórico field mock (2025-12-12),true,5493587120019
PF-000316,1607,CABO MADERA C/ROSCA 1.20MTS PINO,1,1319.95,4,Pedido histórico field mock (2025-12-12),true,5493587120019
PF-000317,1416,ESCOBA 5 HILOS MEZCLA,4,7115.21,4,Pedido histórico field mock (2026-01-11),true,5493587120019
PF-000317,1407,ESCOBA 7 HILOS IMPERIAL,3,10019.38,4,Pedido histórico field mock (2026-01-11),true,5493587120019
PF-000317,3410,DETERGENTE ALBO 5LT,4,7001.88,4,Pedido histórico field mock (2026-01-11),true,5493587120019
PF-000317,1608,CABO MADERA C/ROSCA P/BARRENDERO,3,2548.93,4,Pedido histórico field mock (2026-01-11),true,5493587120019
PF-000318,1414,ESCOBA 6 HILOS ESPECIAL,2,8712.50,4,Pedido reciente field mock (2026-04-07),true,5493587120019
PF-000318,1415,ESCOBA 5 HILOS COMUN,1,7550.83,4,Pedido reciente field mock (2026-04-07),true,5493587120019
PF-000319,1414,ESCOBA 6 HILOS ESPECIAL,1,8712.50,4,Pedido reciente field mock (2026-04-12),true,5493587120019
PF-000319,1521,LAMPAZO BARRENDERO 0.40MT CHICO,3,7101.66,4,Pedido reciente field mock (2026-04-12),true,5493587120019
PF-000320,1415,ESCOBA 5 HILOS COMUN,1,7550.83,4,Pedido reciente field mock (2026-04-16),true,5493587120019
PF-000320,1407,ESCOBA 7 HILOS IMPERIAL,2,10019.38,4,Pedido reciente field mock (2026-04-16),true,5493587120019
PF-000321,1416,ESCOBA 5 HILOS MEZCLA,3,8370.83,1,Pedido histórico field mock (2025-06-01),true,5493587120020
PF-000321,1415,ESCOBA 5 HILOS COMUN,4,8883.33,1,Pedido histórico field mock (2025-06-01),true,5493587120020
PF-000321,2572,SECADOR PLASTICO DOBLE GOMA 40CM,3,2346.22,1,Pedido histórico field mock (2025-06-01),true,5493587120020
PF-000322,1416,ESCOBA 5 HILOS MEZCLA,3,8370.83,1,Pedido histórico field mock (2025-07-11),true,5493587120020
PF-000322,1415,ESCOBA 5 HILOS COMUN,1,8883.33,1,Pedido histórico field mock (2025-07-11),true,5493587120020
PF-000322,1950,CABO MADERA P/SOPAPA,3,563.75,1,Pedido histórico field mock (2025-07-11),true,5493587120020
PF-000323,1416,ESCOBA 5 HILOS MEZCLA,3,8370.83,1,Pedido histórico field mock (2025-08-17),true,5493587120020
PF-000323,1415,ESCOBA 5 HILOS COMUN,3,8883.33,1,Pedido histórico field mock (2025-08-17),true,5493587120020
PF-000324,1416,ESCOBA 5 HILOS MEZCLA,2,8370.83,1,Pedido histórico field mock (2025-09-20),true,5493587120020
PF-000324,1415,ESCOBA 5 HILOS COMUN,3,8883.33,1,Pedido histórico field mock (2025-09-20),true,5493587120020
PF-000325,1416,ESCOBA 5 HILOS MEZCLA,1,8370.83,1,Pedido histórico field mock (2025-11-04),true,5493587120020
PF-000325,1415,ESCOBA 5 HILOS COMUN,1,8883.33,1,Pedido histórico field mock (2025-11-04),true,5493587120020
PF-000325,3408,DETERGENTE ALBO 750CC,2,1114.27,1,Pedido histórico field mock (2025-11-04),true,5493587120020
PF-000325,1604,CABO MADERA C/ROSCA 1.50MTS,2,1998.75,1,Pedido histórico field mock (2025-11-04),true,5493587120020
PF-000326,1416,ESCOBA 5 HILOS MEZCLA,2,8370.83,1,Pedido histórico field mock (2025-12-10),true,5493587120020
PF-000326,1415,ESCOBA 5 HILOS COMUN,2,8883.33,1,Pedido histórico field mock (2025-12-10),true,5493587120020
PF-000327,1416,ESCOBA 5 HILOS MEZCLA,2,8370.83,1,Pedido histórico field mock (2026-01-19),true,5493587120020
PF-000327,1415,ESCOBA 5 HILOS COMUN,4,8883.33,1,Pedido histórico field mock (2026-01-19),true,5493587120020
PF-000327,1608,CABO MADERA C/ROSCA P/BARRENDERO,1,2998.74,1,Pedido histórico field mock (2026-01-19),true,5493587120020
PF-000328,1521,LAMPAZO BARRENDERO 0.40MT CHICO,2,8354.89,1,Pedido reciente field mock (2026-04-01),true,5493587120020
PF-000328,1415,ESCOBA 5 HILOS COMUN,3,8883.33,1,Pedido reciente field mock (2026-04-01),true,5493587120020
PF-000329,1521,LAMPAZO BARRENDERO 0.40MT CHICO,1,8354.89,1,Pedido reciente field mock (2026-04-02),true,5493587120020
PF-000329,1407,ESCOBA 7 HILOS IMPERIAL,2,11787.50,1,Pedido reciente field mock (2026-04-02),true,5493587120020
PF-000330,1415,ESCOBA 5 HILOS COMUN,2,8883.33,1,Pedido reciente field mock (2026-04-24),true,5493587120020
PF-000330,1414,ESCOBA 6 HILOS ESPECIAL,3,10250.00,1,Pedido reciente field mock (2026-04-24),true,5493587120020
PF-000331,1415,ESCOBA 5 HILOS COMUN,1,10215.83,2,Pedido histórico field mock (2025-06-01),true,5493587120021
PF-000331,1521,LAMPAZO BARRENDERO 0.40MT CHICO,3,9608.12,2,Pedido histórico field mock (2025-06-01),true,5493587120021
PF-000332,1415,ESCOBA 5 HILOS COMUN,2,10215.83,2,Pedido histórico field mock (2025-07-06),true,5493587120021
PF-000332,1521,LAMPAZO BARRENDERO 0.40MT CHICO,1,9608.12,2,Pedido histórico field mock (2025-07-06),true,5493587120021
PF-000333,1415,ESCOBA 5 HILOS COMUN,1,10215.83,2,Pedido histórico field mock (2025-08-14),true,5493587120021
PF-000333,1521,LAMPAZO BARRENDERO 0.40MT CHICO,1,9608.12,2,Pedido histórico field mock (2025-08-14),true,5493587120021
PF-000333,2601,"SOPAPA GOMA 4"" C/CABO",4,2477.73,2,Pedido histórico field mock (2025-08-14),true,5493587120021
PF-000334,1415,ESCOBA 5 HILOS COMUN,3,10215.83,2,Pedido histórico field mock (2025-09-20),true,5493587120021
PF-000334,1521,LAMPAZO BARRENDERO 0.40MT CHICO,1,9608.12,2,Pedido histórico field mock (2025-09-20),true,5493587120021
PF-000334,1522,LAMPAZO BARRENDERO 0.60MT MEDIANO,4,11578.31,2,Pedido histórico field mock (2025-09-20),true,5493587120021
PF-000335,1415,ESCOBA 5 HILOS COMUN,4,10215.83,2,Pedido histórico field mock (2025-11-02),true,5493587120021
PF-000335,1521,LAMPAZO BARRENDERO 0.40MT CHICO,3,9608.12,2,Pedido histórico field mock (2025-11-02),true,5493587120021
PF-000335,1522,LAMPAZO BARRENDERO 0.60MT MEDIANO,1,11578.31,2,Pedido histórico field mock (2025-11-02),true,5493587120021
PF-000335,1830,ESCOBILLON CERDA BIGOTE C/CABO,1,11177.40,2,Pedido histórico field mock (2025-11-02),true,5493587120021
PF-000336,1415,ESCOBA 5 HILOS COMUN,3,10215.83,2,Pedido histórico field mock (2025-12-07),true,5493587120021
PF-000336,1521,LAMPAZO BARRENDERO 0.40MT CHICO,4,9608.12,2,Pedido histórico field mock (2025-12-07),true,5493587120021
PF-000336,4200,LAVANDINA ALBO 1LTS,4,1221.88,2,Pedido histórico field mock (2025-12-07),true,5493587120021
PF-000336,1608,CABO MADERA C/ROSCA P/BARRENDERO,4,3448.55,2,Pedido histórico field mock (2025-12-07),true,5493587120021
PF-000337,1415,ESCOBA 5 HILOS COMUN,3,10215.83,2,Pedido histórico field mock (2026-01-11),true,5493587120021
PF-000337,1521,LAMPAZO BARRENDERO 0.40MT CHICO,2,9608.12,2,Pedido histórico field mock (2026-01-11),true,5493587120021
PF-000338,1416,ESCOBA 5 HILOS MEZCLA,3,9626.45,2,Pedido reciente field mock (2026-04-04),true,5493587120021
PF-000338,1414,ESCOBA 6 HILOS ESPECIAL,3,11787.50,2,Pedido reciente field mock (2026-04-04),true,5493587120021
PF-000339,1416,ESCOBA 5 HILOS MEZCLA,1,9626.45,2,Pedido reciente field mock (2026-04-23),true,5493587120021
PF-000339,1521,LAMPAZO BARRENDERO 0.40MT CHICO,1,9608.12,2,Pedido reciente field mock (2026-04-23),true,5493587120021
PF-000340,1415,ESCOBA 5 HILOS COMUN,1,10215.83,2,Pedido reciente field mock (2026-05-17),true,5493587120021
PF-000340,1416,ESCOBA 5 HILOS MEZCLA,3,9626.45,2,Pedido reciente field mock (2026-05-17),true,5493587120021
PF-000341,1521,LAMPAZO BARRENDERO 0.40MT CHICO,3,7519.40,3,Pedido histórico field mock (2025-06-01),true,5493587120022
PF-000341,1415,ESCOBA 5 HILOS COMUN,2,7995.00,3,Pedido histórico field mock (2025-06-01),true,5493587120022
PF-000342,1521,LAMPAZO BARRENDERO 0.40MT CHICO,1,7519.40,3,Pedido histórico field mock (2025-07-10),true,5493587120022
PF-000342,1415,ESCOBA 5 HILOS COMUN,1,7995.00,3,Pedido histórico field mock (2025-07-10),true,5493587120022
PF-000342,1523,LAMPAZO BARRENDERO 0.80MT GRANDE,1,10680.50,3,Pedido histórico field mock (2025-07-10),true,5493587120022
PF-000343,1521,LAMPAZO BARRENDERO 0.40MT CHICO,2,7519.40,3,Pedido histórico field mock (2025-08-20),true,5493587120022
PF-000343,1415,ESCOBA 5 HILOS COMUN,2,7995.00,3,Pedido histórico field mock (2025-08-20),true,5493587120022
PF-000343,1700,PALA RESIDUOS METAL C/CABO,4,9700.09,3,Pedido histórico field mock (2025-08-20),true,5493587120022
PF-000344,1521,LAMPAZO BARRENDERO 0.40MT CHICO,4,7519.40,3,Pedido histórico field mock (2025-09-25),true,5493587120022
PF-000344,1415,ESCOBA 5 HILOS COMUN,2,7995.00,3,Pedido histórico field mock (2025-09-25),true,5493587120022
PF-000345,1521,LAMPAZO BARRENDERO 0.40MT CHICO,4,7519.40,3,Pedido histórico field mock (2025-11-01),true,5493587120022
PF-000345,1415,ESCOBA 5 HILOS COMUN,4,7995.00,3,Pedido histórico field mock (2025-11-01),true,5493587120022
PF-000346,1521,LAMPAZO BARRENDERO 0.40MT CHICO,2,7519.40,3,Pedido histórico field mock (2025-12-09),true,5493587120022
PF-000346,1415,ESCOBA 5 HILOS COMUN,3,7995.00,3,Pedido histórico field mock (2025-12-09),true,5493587120022
PF-000347,1521,LAMPAZO BARRENDERO 0.40MT CHICO,4,7519.40,3,Pedido histórico field mock (2026-01-19),true,5493587120022
PF-000347,1415,ESCOBA 5 HILOS COMUN,4,7995.00,3,Pedido histórico field mock (2026-01-19),true,5493587120022
PF-000347,1607,CABO MADERA C/ROSCA 1.20MTS PINO,1,1397.59,3,Pedido histórico field mock (2026-01-19),true,5493587120022
PF-000348,1415,ESCOBA 5 HILOS COMUN,3,7995.00,3,Pedido reciente field mock (2026-04-11),true,5493587120022
PF-000348,1407,ESCOBA 7 HILOS IMPERIAL,2,10608.75,3,Pedido reciente field mock (2026-04-11),true,5493587120022
PF-000349,1414,ESCOBA 6 HILOS ESPECIAL,2,9225.00,3,Pedido reciente field mock (2026-04-15),true,5493587120022
PF-000349,1415,ESCOBA 5 HILOS COMUN,1,7995.00,3,Pedido reciente field mock (2026-04-15),true,5493587120022
PF-000350,1521,LAMPAZO BARRENDERO 0.40MT CHICO,1,7519.40,3,Pedido reciente field mock (2026-05-08),true,5493587120022
PF-000350,1416,ESCOBA 5 HILOS MEZCLA,1,7533.75,3,Pedido reciente field mock (2026-05-08),true,5493587120022
PF-000351,1407,ESCOBA 7 HILOS IMPERIAL,2,10019.38,4,Pedido histórico field mock (2025-06-01),true,5493587120023
PF-000351,1415,ESCOBA 5 HILOS COMUN,4,7550.83,4,Pedido histórico field mock (2025-06-01),true,5493587120023
PF-000352,1407,ESCOBA 7 HILOS IMPERIAL,2,10019.38,4,Pedido histórico field mock (2025-07-09),true,5493587120023
PF-000352,1415,ESCOBA 5 HILOS COMUN,1,7550.83,4,Pedido histórico field mock (2025-07-09),true,5493587120023
PF-000352,1523,LAMPAZO BARRENDERO 0.80MT GRANDE,3,10087.14,4,Pedido histórico field mock (2025-07-09),true,5493587120023
PF-000353,1407,ESCOBA 7 HILOS IMPERIAL,3,10019.38,4,Pedido histórico field mock (2025-08-15),true,5493587120023
PF-000353,1415,ESCOBA 5 HILOS COMUN,2,7550.83,4,Pedido histórico field mock (2025-08-15),true,5493587120023
PF-000353,3408,DETERGENTE ALBO 750CC,4,947.13,4,Pedido histórico field mock (2025-08-15),true,5493587120023
PF-000353,1608,CABO MADERA C/ROSCA P/BARRENDERO,3,2548.93,4,Pedido histórico field mock (2025-08-15),true,5493587120023
PF-000354,1407,ESCOBA 7 HILOS IMPERIAL,1,10019.38,4,Pedido histórico field mock (2025-09-20),true,5493587120023
PF-000354,1415,ESCOBA 5 HILOS COMUN,1,7550.83,4,Pedido histórico field mock (2025-09-20),true,5493587120023
PF-000354,1523,LAMPAZO BARRENDERO 0.80MT GRANDE,4,10087.14,4,Pedido histórico field mock (2025-09-20),true,5493587120023
PF-000355,1407,ESCOBA 7 HILOS IMPERIAL,1,10019.38,4,Pedido histórico field mock (2025-11-01),true,5493587120023
PF-000355,1415,ESCOBA 5 HILOS COMUN,2,7550.83,4,Pedido histórico field mock (2025-11-01),true,5493587120023
PF-000356,1407,ESCOBA 7 HILOS IMPERIAL,4,10019.38,4,Pedido histórico field mock (2025-12-03),true,5493587120023
PF-000356,1415,ESCOBA 5 HILOS COMUN,3,7550.83,4,Pedido histórico field mock (2025-12-03),true,5493587120023
PF-000357,1407,ESCOBA 7 HILOS IMPERIAL,1,10019.38,4,Pedido histórico field mock (2026-01-13),true,5493587120023
PF-000357,1415,ESCOBA 5 HILOS COMUN,2,7550.83,4,Pedido histórico field mock (2026-01-13),true,5493587120023
PF-000358,1416,ESCOBA 5 HILOS MEZCLA,1,7115.21,4,Pedido reciente field mock (2026-04-14),true,5493587120023
PF-000358,1407,ESCOBA 7 HILOS IMPERIAL,2,10019.38,4,Pedido reciente field mock (2026-04-14),true,5493587120023
PF-000359,1521,LAMPAZO BARRENDERO 0.40MT CHICO,1,7101.66,4,Pedido reciente field mock (2026-05-09),true,5493587120023
PF-000359,1407,ESCOBA 7 HILOS IMPERIAL,3,10019.38,4,Pedido reciente field mock (2026-05-09),true,5493587120023
PF-000360,1414,ESCOBA 6 HILOS ESPECIAL,2,8712.50,4,Pedido reciente field mock (2026-05-19),true,5493587120023
PF-000360,1407,ESCOBA 7 HILOS IMPERIAL,2,10019.38,4,Pedido reciente field mock (2026-05-19),true,5493587120023
PF-000361,1415,ESCOBA 5 HILOS COMUN,2,8883.33,1,Pedido histórico field mock (2025-06-01),true,5493587120024
PF-000361,1416,ESCOBA 5 HILOS MEZCLA,2,8370.83,1,Pedido histórico field mock (2025-06-01),true,5493587120024
PF-000361,1700,PALA RESIDUOS METAL C/CABO,4,10777.88,1,Pedido histórico field mock (2025-06-01),true,5493587120024
PF-000362,1415,ESCOBA 5 HILOS COMUN,4,8883.33,1,Pedido histórico field mock (2025-07-06),true,5493587120024
PF-000362,1416,ESCOBA 5 HILOS MEZCLA,3,8370.83,1,Pedido histórico field mock (2025-07-06),true,5493587120024
PF-000363,1415,ESCOBA 5 HILOS COMUN,3,8883.33,1,Pedido histórico field mock (2025-08-19),true,5493587120024
PF-000363,1416,ESCOBA 5 HILOS MEZCLA,2,8370.83,1,Pedido histórico field mock (2025-08-19),true,5493587120024
PF-000364,1415,ESCOBA 5 HILOS COMUN,1,8883.33,1,Pedido histórico field mock (2025-09-22),true,5493587120024
PF-000364,1416,ESCOBA 5 HILOS MEZCLA,4,8370.83,1,Pedido histórico field mock (2025-09-22),true,5493587120024
PF-000365,1415,ESCOBA 5 HILOS COMUN,3,8883.33,1,Pedido histórico field mock (2025-10-31),true,5493587120024
PF-000365,1416,ESCOBA 5 HILOS MEZCLA,3,8370.83,1,Pedido histórico field mock (2025-10-31),true,5493587120024
PF-000365,1830,ESCOBILLON CERDA BIGOTE C/CABO,4,9719.48,1,Pedido histórico field mock (2025-10-31),true,5493587120024
PF-000365,1828,ESCOBILLON CERDA LISO C/CABO,3,8288.28,1,Pedido histórico field mock (2025-10-31),true,5493587120024
PF-000366,1415,ESCOBA 5 HILOS COMUN,1,8883.33,1,Pedido histórico field mock (2025-12-10),true,5493587120024
PF-000366,1416,ESCOBA 5 HILOS MEZCLA,3,8370.83,1,Pedido histórico field mock (2025-12-10),true,5493587120024
PF-000366,2601,"SOPAPA GOMA 4"" C/CABO",2,2154.55,1,Pedido histórico field mock (2025-12-10),true,5493587120024
PF-000366,1700,PALA RESIDUOS METAL C/CABO,2,10777.88,1,Pedido histórico field mock (2025-12-10),true,5493587120024
PF-000367,1415,ESCOBA 5 HILOS COMUN,2,8883.33,1,Pedido histórico field mock (2026-01-16),true,5493587120024
PF-000367,1416,ESCOBA 5 HILOS MEZCLA,4,8370.83,1,Pedido histórico field mock (2026-01-16),true,5493587120024
PF-000367,1600,CABO MADERA C/ROSCA,1,1552.88,1,Pedido histórico field mock (2026-01-16),true,5493587120024
PF-000368,1414,ESCOBA 6 HILOS ESPECIAL,2,10250.00,1,Pedido reciente field mock (2026-05-01),true,5493587120024
PF-000368,1415,ESCOBA 5 HILOS COMUN,2,8883.33,1,Pedido reciente field mock (2026-05-01),true,5493587120024
PF-000369,1415,ESCOBA 5 HILOS COMUN,2,8883.33,1,Pedido reciente field mock (2026-05-14),true,5493587120024
PF-000369,1416,ESCOBA 5 HILOS MEZCLA,2,8370.83,1,Pedido reciente field mock (2026-05-14),true,5493587120024
PF-000370,1415,ESCOBA 5 HILOS COMUN,2,8883.33,1,Pedido reciente field mock (2026-05-20),true,5493587120024
PF-000370,1414,ESCOBA 6 HILOS ESPECIAL,3,10250.00,1,Pedido reciente field mock (2026-05-20),true,5493587120024
PF-000371,1521,LAMPAZO BARRENDERO 0.40MT CHICO,1,9608.12,2,Pedido histórico field mock (2025-06-06),true,5493587120025
PF-000371,1407,ESCOBA 7 HILOS IMPERIAL,1,13555.62,2,Pedido histórico field mock (2025-06-06),true,5493587120025
PF-000371,3410,DETERGENTE ALBO 5LT,3,9473.12,2,Pedido histórico field mock (2025-06-06),true,5493587120025
PF-000371,1523,LAMPAZO BARRENDERO 0.80MT GRANDE,3,13647.30,2,Pedido histórico field mock (2025-06-06),true,5493587120025
PF-000372,1521,LAMPAZO BARRENDERO 0.40MT CHICO,1,9608.12,2,Pedido histórico field mock (2025-07-11),true,5493587120025
PF-000372,1407,ESCOBA 7 HILOS IMPERIAL,4,13555.62,2,Pedido histórico field mock (2025-07-11),true,5493587120025
PF-000373,1521,LAMPAZO BARRENDERO 0.40MT CHICO,1,9608.12,2,Pedido histórico field mock (2025-08-19),true,5493587120025
PF-000373,1407,ESCOBA 7 HILOS IMPERIAL,2,13555.62,2,Pedido histórico field mock (2025-08-19),true,5493587120025
PF-000373,2572,SECADOR PLASTICO DOBLE GOMA 40CM,1,2698.15,2,Pedido histórico field mock (2025-08-19),true,5493587120025
PF-000373,1950,CABO MADERA P/SOPAPA,1,648.31,2,Pedido histórico field mock (2025-08-19),true,5493587120025
PF-000374,1521,LAMPAZO BARRENDERO 0.40MT CHICO,3,9608.12,2,Pedido histórico field mock (2025-09-22),true,5493587120025
PF-000374,1407,ESCOBA 7 HILOS IMPERIAL,4,13555.62,2,Pedido histórico field mock (2025-09-22),true,5493587120025
PF-000374,1830,ESCOBILLON CERDA BIGOTE C/CABO,3,11177.40,2,Pedido histórico field mock (2025-09-22),true,5493587120025
PF-000375,1521,LAMPAZO BARRENDERO 0.40MT CHICO,3,9608.12,2,Pedido histórico field mock (2025-10-28),true,5493587120025
PF-000375,1407,ESCOBA 7 HILOS IMPERIAL,1,13555.62,2,Pedido histórico field mock (2025-10-28),true,5493587120025
PF-000375,3410,DETERGENTE ALBO 5LT,3,9473.12,2,Pedido histórico field mock (2025-10-28),true,5493587120025
PF-000376,1521,LAMPAZO BARRENDERO 0.40MT CHICO,3,9608.12,2,Pedido histórico field mock (2025-12-13),true,5493587120025
PF-000376,1407,ESCOBA 7 HILOS IMPERIAL,1,13555.62,2,Pedido histórico field mock (2025-12-13),true,5493587120025
PF-000376,1600,CABO MADERA C/ROSCA,4,1785.81,2,Pedido histórico field mock (2025-12-13),true,5493587120025
PF-000377,1521,LAMPAZO BARRENDERO 0.40MT CHICO,3,9608.12,2,Pedido histórico field mock (2026-01-19),true,5493587120025
PF-000377,1407,ESCOBA 7 HILOS IMPERIAL,2,13555.62,2,Pedido histórico field mock (2026-01-19),true,5493587120025
PF-000378,1415,ESCOBA 5 HILOS COMUN,3,10215.83,2,Pedido reciente field mock (2026-05-04),true,5493587120025
PF-000378,1407,ESCOBA 7 HILOS IMPERIAL,3,13555.62,2,Pedido reciente field mock (2026-05-04),true,5493587120025
PF-000379,1415,ESCOBA 5 HILOS COMUN,1,10215.83,2,Pedido reciente field mock (2026-05-16),true,5493587120025
PF-000379,1407,ESCOBA 7 HILOS IMPERIAL,2,13555.62,2,Pedido reciente field mock (2026-05-16),true,5493587120025
PF-000380,1415,ESCOBA 5 HILOS COMUN,1,10215.83,2,Pedido reciente field mock (2026-05-18),true,5493587120025
PF-000380,1416,ESCOBA 5 HILOS MEZCLA,2,9626.45,2,Pedido reciente field mock (2026-05-18),true,5493587120025
PF-000381,1416,ESCOBA 5 HILOS MEZCLA,3,7533.75,3,Pedido histórico field mock (2025-06-05),true,5493587120026
PF-000381,1407,ESCOBA 7 HILOS IMPERIAL,3,10608.75,3,Pedido histórico field mock (2025-06-05),true,5493587120026
PF-000381,1830,ESCOBILLON CERDA BIGOTE C/CABO,2,8747.53,3,Pedido histórico field mock (2025-06-05),true,5493587120026
PF-000381,4200,LAVANDINA ALBO 1LTS,4,956.25,3,Pedido histórico field mock (2025-06-05),true,5493587120026
PF-000382,1416,ESCOBA 5 HILOS MEZCLA,4,7533.75,3,Pedido histórico field mock (2025-07-07),true,5493587120026
PF-000382,1407,ESCOBA 7 HILOS IMPERIAL,1,10608.75,3,Pedido histórico field mock (2025-07-07),true,5493587120026
PF-000383,1416,ESCOBA 5 HILOS MEZCLA,1,7533.75,3,Pedido histórico field mock (2025-08-12),true,5493587120026
PF-000383,1407,ESCOBA 7 HILOS IMPERIAL,3,10608.75,3,Pedido histórico field mock (2025-08-12),true,5493587120026
PF-000384,1416,ESCOBA 5 HILOS MEZCLA,3,7533.75,3,Pedido histórico field mock (2025-09-20),true,5493587120026
PF-000384,1407,ESCOBA 7 HILOS IMPERIAL,1,10608.75,3,Pedido histórico field mock (2025-09-20),true,5493587120026
PF-000384,3410,DETERGENTE ALBO 5LT,3,7413.75,3,Pedido histórico field mock (2025-09-20),true,5493587120026
PF-000384,2601,"SOPAPA GOMA 4"" C/CABO",2,1939.10,3,Pedido histórico field mock (2025-09-20),true,5493587120026
PF-000385,1416,ESCOBA 5 HILOS MEZCLA,3,7533.75,3,Pedido histórico field mock (2025-10-31),true,5493587120026
PF-000385,1407,ESCOBA 7 HILOS IMPERIAL,4,10608.75,3,Pedido histórico field mock (2025-10-31),true,5493587120026
PF-000386,1416,ESCOBA 5 HILOS MEZCLA,2,7533.75,3,Pedido histórico field mock (2025-12-03),true,5493587120026
PF-000386,1407,ESCOBA 7 HILOS IMPERIAL,1,10608.75,3,Pedido histórico field mock (2025-12-03),true,5493587120026
PF-000387,1416,ESCOBA 5 HILOS MEZCLA,1,7533.75,3,Pedido histórico field mock (2026-01-11),true,5493587120026
PF-000387,1407,ESCOBA 7 HILOS IMPERIAL,2,10608.75,3,Pedido histórico field mock (2026-01-11),true,5493587120026
PF-000388,1414,ESCOBA 6 HILOS ESPECIAL,3,9225.00,3,Pedido reciente field mock (2026-04-01),true,5493587120026
PF-000388,1415,ESCOBA 5 HILOS COMUN,3,7995.00,3,Pedido reciente field mock (2026-04-01),true,5493587120026
PF-000389,1521,LAMPAZO BARRENDERO 0.40MT CHICO,1,7519.40,3,Pedido reciente field mock (2026-04-26),true,5493587120026
PF-000389,1416,ESCOBA 5 HILOS MEZCLA,3,7533.75,3,Pedido reciente field mock (2026-04-26),true,5493587120026
PF-000390,1407,ESCOBA 7 HILOS IMPERIAL,3,10608.75,3,Pedido reciente field mock (2026-05-02),true,5493587120026
PF-000390,1521,LAMPAZO BARRENDERO 0.40MT CHICO,3,7519.40,3,Pedido reciente field mock (2026-05-02),true,5493587120026
PF-000391,1521,LAMPAZO BARRENDERO 0.40MT CHICO,4,7101.66,4,Pedido histórico field mock (2025-06-01),true,5493587120043
PF-000391,1407,ESCOBA 7 HILOS IMPERIAL,3,10019.38,4,Pedido histórico field mock (2025-06-01),true,5493587120043
PF-000391,2572,SECADOR PLASTICO DOBLE GOMA 40CM,4,1994.29,4,Pedido histórico field mock (2025-06-01),true,5493587120043
PF-000392,1521,LAMPAZO BARRENDERO 0.40MT CHICO,2,7101.66,4,Pedido histórico field mock (2025-07-09),true,5493587120043
PF-000392,1407,ESCOBA 7 HILOS IMPERIAL,1,10019.38,4,Pedido histórico field mock (2025-07-09),true,5493587120043
PF-000392,1700,PALA RESIDUOS METAL C/CABO,4,9161.20,4,Pedido histórico field mock (2025-07-09),true,5493587120043
PF-000393,1521,LAMPAZO BARRENDERO 0.40MT CHICO,3,7101.66,4,Pedido histórico field mock (2025-08-12),true,5493587120043
PF-000393,1407,ESCOBA 7 HILOS IMPERIAL,2,10019.38,4,Pedido histórico field mock (2025-08-12),true,5493587120043
PF-000393,1828,ESCOBILLON CERDA LISO C/CABO,2,7045.04,4,Pedido histórico field mock (2025-08-12),true,5493587120043
PF-000394,1521,LAMPAZO BARRENDERO 0.40MT CHICO,3,7101.66,4,Pedido histórico field mock (2025-09-23),true,5493587120043
PF-000394,1407,ESCOBA 7 HILOS IMPERIAL,2,10019.38,4,Pedido histórico field mock (2025-09-23),true,5493587120043
PF-000395,1521,LAMPAZO BARRENDERO 0.40MT CHICO,4,7101.66,4,Pedido histórico field mock (2025-10-27),true,5493587120043
PF-000395,1407,ESCOBA 7 HILOS IMPERIAL,2,10019.38,4,Pedido histórico field mock (2025-10-27),true,5493587120043
PF-000396,1521,LAMPAZO BARRENDERO 0.40MT CHICO,4,7101.66,4,Pedido histórico field mock (2025-12-05),true,5493587120043
PF-000396,1407,ESCOBA 7 HILOS IMPERIAL,1,10019.38,4,Pedido histórico field mock (2025-12-05),true,5493587120043
PF-000396,1600,CABO MADERA C/ROSCA,2,1319.95,4,Pedido histórico field mock (2025-12-05),true,5493587120043
PF-000396,1830,ESCOBILLON CERDA BIGOTE C/CABO,2,8261.56,4,Pedido histórico field mock (2025-12-05),true,5493587120043
PF-000397,1521,LAMPAZO BARRENDERO 0.40MT CHICO,2,7101.66,4,Pedido histórico field mock (2026-01-19),true,5493587120043
PF-000397,1407,ESCOBA 7 HILOS IMPERIAL,4,10019.38,4,Pedido histórico field mock (2026-01-19),true,5493587120043
PF-000398,1407,ESCOBA 7 HILOS IMPERIAL,3,10019.38,4,Pedido reciente field mock (2026-04-14),true,5493587120043
PF-000398,1415,ESCOBA 5 HILOS COMUN,3,7550.83,4,Pedido reciente field mock (2026-04-14),true,5493587120043
PF-000399,1407,ESCOBA 7 HILOS IMPERIAL,2,10019.38,4,Pedido reciente field mock (2026-04-30),true,5493587120043
PF-000399,1414,ESCOBA 6 HILOS ESPECIAL,3,8712.50,4,Pedido reciente field mock (2026-04-30),true,5493587120043
PF-000400,1521,LAMPAZO BARRENDERO 0.40MT CHICO,1,7101.66,4,Pedido reciente field mock (2026-05-17),true,5493587120043
PF-000400,1415,ESCOBA 5 HILOS COMUN,2,7550.83,4,Pedido reciente field mock (2026-05-17),true,5493587120043
PF-000401,1407,ESCOBA 7 HILOS IMPERIAL,2,11787.50,1,Pedido histórico field mock (2025-06-01),true,5493587120044
PF-000401,1416,ESCOBA 5 HILOS MEZCLA,2,8370.83,1,Pedido histórico field mock (2025-06-01),true,5493587120044
PF-000402,1407,ESCOBA 7 HILOS IMPERIAL,4,11787.50,1,Pedido histórico field mock (2025-07-13),true,5493587120044
PF-000402,1416,ESCOBA 5 HILOS MEZCLA,4,8370.83,1,Pedido histórico field mock (2025-07-13),true,5493587120044
PF-000403,1407,ESCOBA 7 HILOS IMPERIAL,3,11787.50,1,Pedido histórico field mock (2025-08-16),true,5493587120044
PF-000403,1416,ESCOBA 5 HILOS MEZCLA,3,8370.83,1,Pedido histórico field mock (2025-08-16),true,5493587120044
PF-000403,1604,CABO MADERA C/ROSCA 1.50MTS,3,1998.75,1,Pedido histórico field mock (2025-08-16),true,5493587120044
PF-000403,4200,LAVANDINA ALBO 1LTS,3,1062.50,1,Pedido histórico field mock (2025-08-16),true,5493587120044
PF-000404,1407,ESCOBA 7 HILOS IMPERIAL,4,11787.50,1,Pedido histórico field mock (2025-09-24),true,5493587120044
PF-000404,1416,ESCOBA 5 HILOS MEZCLA,1,8370.83,1,Pedido histórico field mock (2025-09-24),true,5493587120044
PF-000404,3408,DETERGENTE ALBO 750CC,4,1114.27,1,Pedido histórico field mock (2025-09-24),true,5493587120044
PF-000405,1407,ESCOBA 7 HILOS IMPERIAL,3,11787.50,1,Pedido histórico field mock (2025-10-28),true,5493587120044
PF-000405,1416,ESCOBA 5 HILOS MEZCLA,2,8370.83,1,Pedido histórico field mock (2025-10-28),true,5493587120044
PF-000405,1830,ESCOBILLON CERDA BIGOTE C/CABO,3,9719.48,1,Pedido histórico field mock (2025-10-28),true,5493587120044
PF-000406,1407,ESCOBA 7 HILOS IMPERIAL,4,11787.50,1,Pedido histórico field mock (2025-12-13),true,5493587120044
PF-000406,1416,ESCOBA 5 HILOS MEZCLA,4,8370.83,1,Pedido histórico field mock (2025-12-13),true,5493587120044
PF-000407,1407,ESCOBA 7 HILOS IMPERIAL,2,11787.50,1,Pedido histórico field mock (2026-01-12),true,5493587120044
PF-000407,1416,ESCOBA 5 HILOS MEZCLA,2,8370.83,1,Pedido histórico field mock (2026-01-12),true,5493587120044
PF-000407,4200,LAVANDINA ALBO 1LTS,4,1062.50,1,Pedido histórico field mock (2026-01-12),true,5493587120044
PF-000407,1522,LAMPAZO BARRENDERO 0.60MT MEDIANO,4,10068.10,1,Pedido histórico field mock (2026-01-12),true,5493587120044
PF-000408,1521,LAMPAZO BARRENDERO 0.40MT CHICO,1,8354.89,1,Pedido reciente field mock (2026-04-08),true,5493587120044
PF-000408,1415,ESCOBA 5 HILOS COMUN,3,8883.33,1,Pedido reciente field mock (2026-04-08),true,5493587120044
PF-000409,1407,ESCOBA 7 HILOS IMPERIAL,2,11787.50,1,Pedido reciente field mock (2026-04-09),true,5493587120044
PF-000409,1414,ESCOBA 6 HILOS ESPECIAL,3,10250.00,1,Pedido reciente field mock (2026-04-09),true,5493587120044
PF-000410,1407,ESCOBA 7 HILOS IMPERIAL,1,11787.50,1,Pedido reciente field mock (2026-04-18),true,5493587120044
PF-000410,1416,ESCOBA 5 HILOS MEZCLA,3,8370.83,1,Pedido reciente field mock (2026-04-18),true,5493587120044
PF-000411,1407,ESCOBA 7 HILOS IMPERIAL,1,13555.62,2,Pedido histórico field mock (2025-06-06),true,5493587120045
PF-000411,1521,LAMPAZO BARRENDERO 0.40MT CHICO,3,9608.12,2,Pedido histórico field mock (2025-06-06),true,5493587120045
PF-000412,1407,ESCOBA 7 HILOS IMPERIAL,4,13555.62,2,Pedido histórico field mock (2025-07-09),true,5493587120045
PF-000412,1521,LAMPAZO BARRENDERO 0.40MT CHICO,1,9608.12,2,Pedido histórico field mock (2025-07-09),true,5493587120045
PF-000412,2572,SECADOR PLASTICO DOBLE GOMA 40CM,1,2698.15,2,Pedido histórico field mock (2025-07-09),true,5493587120045
PF-000413,1407,ESCOBA 7 HILOS IMPERIAL,3,13555.62,2,Pedido histórico field mock (2025-08-16),true,5493587120045
PF-000413,1521,LAMPAZO BARRENDERO 0.40MT CHICO,4,9608.12,2,Pedido histórico field mock (2025-08-16),true,5493587120045
PF-000413,1700,PALA RESIDUOS METAL C/CABO,1,12394.56,2,Pedido histórico field mock (2025-08-16),true,5493587120045
PF-000414,1407,ESCOBA 7 HILOS IMPERIAL,4,13555.62,2,Pedido histórico field mock (2025-09-20),true,5493587120045
PF-000414,1521,LAMPAZO BARRENDERO 0.40MT CHICO,2,9608.12,2,Pedido histórico field mock (2025-09-20),true,5493587120045
PF-000414,2572,SECADOR PLASTICO DOBLE GOMA 40CM,1,2698.15,2,Pedido histórico field mock (2025-09-20),true,5493587120045
PF-000415,1407,ESCOBA 7 HILOS IMPERIAL,4,13555.62,2,Pedido histórico field mock (2025-10-27),true,5493587120045
PF-000415,1521,LAMPAZO BARRENDERO 0.40MT CHICO,3,9608.12,2,Pedido histórico field mock (2025-10-27),true,5493587120045
PF-000416,1407,ESCOBA 7 HILOS IMPERIAL,4,13555.62,2,Pedido histórico field mock (2025-12-11),true,5493587120045
PF-000416,1521,LAMPAZO BARRENDERO 0.40MT CHICO,2,9608.12,2,Pedido histórico field mock (2025-12-11),true,5493587120045
PF-000416,1600,CABO MADERA C/ROSCA,3,1785.81,2,Pedido histórico field mock (2025-12-11),true,5493587120045
PF-000417,1407,ESCOBA 7 HILOS IMPERIAL,4,13555.62,2,Pedido histórico field mock (2026-01-17),true,5493587120045
PF-000417,1521,LAMPAZO BARRENDERO 0.40MT CHICO,4,9608.12,2,Pedido histórico field mock (2026-01-17),true,5493587120045
PF-000417,1523,LAMPAZO BARRENDERO 0.80MT GRANDE,4,13647.30,2,Pedido histórico field mock (2026-01-17),true,5493587120045
PF-000418,1414,ESCOBA 6 HILOS ESPECIAL,1,11787.50,2,Pedido reciente field mock (2026-04-04),true,5493587120045
PF-000418,1521,LAMPAZO BARRENDERO 0.40MT CHICO,3,9608.12,2,Pedido reciente field mock (2026-04-04),true,5493587120045
PF-000419,1521,LAMPAZO BARRENDERO 0.40MT CHICO,2,9608.12,2,Pedido reciente field mock (2026-05-01),true,5493587120045
PF-000419,1407,ESCOBA 7 HILOS IMPERIAL,3,13555.62,2,Pedido reciente field mock (2026-05-01),true,5493587120045
PF-000420,1416,ESCOBA 5 HILOS MEZCLA,2,9626.45,2,Pedido reciente field mock (2026-05-17),true,5493587120045
PF-000420,1415,ESCOBA 5 HILOS COMUN,3,10215.83,2,Pedido reciente field mock (2026-05-17),true,5493587120045
PF-000421,1415,ESCOBA 5 HILOS COMUN,3,7995.00,3,Pedido histórico field mock (2025-06-05),true,5493587120046
PF-000421,1416,ESCOBA 5 HILOS MEZCLA,1,7533.75,3,Pedido histórico field mock (2025-06-05),true,5493587120046
PF-000422,1415,ESCOBA 5 HILOS COMUN,2,7995.00,3,Pedido histórico field mock (2025-07-04),true,5493587120046
PF-000422,1416,ESCOBA 5 HILOS MEZCLA,3,7533.75,3,Pedido histórico field mock (2025-07-04),true,5493587120046
PF-000423,1415,ESCOBA 5 HILOS COMUN,2,7995.00,3,Pedido histórico field mock (2025-08-16),true,5493587120046
PF-000423,1416,ESCOBA 5 HILOS MEZCLA,4,7533.75,3,Pedido histórico field mock (2025-08-16),true,5493587120046
PF-000423,1600,CABO MADERA C/ROSCA,3,1397.59,3,Pedido histórico field mock (2025-08-16),true,5493587120046
PF-000423,1607,CABO MADERA C/ROSCA 1.20MTS PINO,1,1397.59,3,Pedido histórico field mock (2025-08-16),true,5493587120046
PF-000424,1415,ESCOBA 5 HILOS COMUN,3,7995.00,3,Pedido histórico field mock (2025-09-21),true,5493587120046
PF-000424,1416,ESCOBA 5 HILOS MEZCLA,4,7533.75,3,Pedido histórico field mock (2025-09-21),true,5493587120046
PF-000425,1415,ESCOBA 5 HILOS COMUN,2,7995.00,3,Pedido histórico field mock (2025-11-04),true,5493587120046
PF-000425,1416,ESCOBA 5 HILOS MEZCLA,1,7533.75,3,Pedido histórico field mock (2025-11-04),true,5493587120046
PF-000425,1608,CABO MADERA C/ROSCA P/BARRENDERO,4,2698.87,3,Pedido histórico field mock (2025-11-04),true,5493587120046
PF-000425,1600,CABO MADERA C/ROSCA,2,1397.59,3,Pedido histórico field mock (2025-11-04),true,5493587120046
PF-000426,1415,ESCOBA 5 HILOS COMUN,4,7995.00,3,Pedido histórico field mock (2025-12-10),true,5493587120046
PF-000426,1416,ESCOBA 5 HILOS MEZCLA,1,7533.75,3,Pedido histórico field mock (2025-12-10),true,5493587120046
PF-000427,1415,ESCOBA 5 HILOS COMUN,3,7995.00,3,Pedido histórico field mock (2026-01-17),true,5493587120046
PF-000427,1416,ESCOBA 5 HILOS MEZCLA,2,7533.75,3,Pedido histórico field mock (2026-01-17),true,5493587120046
PF-000427,2572,SECADOR PLASTICO DOBLE GOMA 40CM,3,2111.60,3,Pedido histórico field mock (2026-01-17),true,5493587120046
PF-000427,1604,CABO MADERA C/ROSCA 1.50MTS,3,1798.88,3,Pedido histórico field mock (2026-01-17),true,5493587120046
PF-000428,1521,LAMPAZO BARRENDERO 0.40MT CHICO,3,7519.40,3,Pedido reciente field mock (2026-04-12),true,5493587120046
PF-000428,1407,ESCOBA 7 HILOS IMPERIAL,3,10608.75,3,Pedido reciente field mock (2026-04-12),true,5493587120046
PF-000429,1415,ESCOBA 5 HILOS COMUN,2,7995.00,3,Pedido reciente field mock (2026-05-03),true,5493587120046
PF-000429,1416,ESCOBA 5 HILOS MEZCLA,1,7533.75,3,Pedido reciente field mock (2026-05-03),true,5493587120046
PF-000430,1415,ESCOBA 5 HILOS COMUN,3,7995.00,3,Pedido reciente field mock (2026-05-07),true,5493587120046
PF-000430,1416,ESCOBA 5 HILOS MEZCLA,2,7533.75,3,Pedido reciente field mock (2026-05-07),true,5493587120046
PF-000431,1414,ESCOBA 6 HILOS ESPECIAL,3,8712.50,4,Pedido histórico field mock (2025-06-01),true,5493587120047
PF-000431,1415,ESCOBA 5 HILOS COMUN,4,7550.83,4,Pedido histórico field mock (2025-06-01),true,5493587120047
PF-000432,1414,ESCOBA 6 HILOS ESPECIAL,1,8712.50,4,Pedido histórico field mock (2025-07-07),true,5493587120047
PF-000432,1415,ESCOBA 5 HILOS COMUN,3,7550.83,4,Pedido histórico field mock (2025-07-07),true,5493587120047
PF-000432,1607,CABO MADERA C/ROSCA 1.20MTS PINO,1,1319.95,4,Pedido histórico field mock (2025-07-07),true,5493587120047
PF-000432,1700,PALA RESIDUOS METAL C/CABO,1,9161.20,4,Pedido histórico field mock (2025-07-07),true,5493587120047
PF-000433,1414,ESCOBA 6 HILOS ESPECIAL,1,8712.50,4,Pedido histórico field mock (2025-08-20),true,5493587120047
PF-000433,1415,ESCOBA 5 HILOS COMUN,2,7550.83,4,Pedido histórico field mock (2025-08-20),true,5493587120047
PF-000433,3408,DETERGENTE ALBO 750CC,3,947.13,4,Pedido histórico field mock (2025-08-20),true,5493587120047
PF-000433,1604,CABO MADERA C/ROSCA 1.50MTS,1,1698.94,4,Pedido histórico field mock (2025-08-20),true,5493587120047
PF-000434,1414,ESCOBA 6 HILOS ESPECIAL,4,8712.50,4,Pedido histórico field mock (2025-09-25),true,5493587120047
PF-000434,1415,ESCOBA 5 HILOS COMUN,2,7550.83,4,Pedido histórico field mock (2025-09-25),true,5493587120047
PF-000435,1414,ESCOBA 6 HILOS ESPECIAL,3,8712.50,4,Pedido histórico field mock (2025-10-27),true,5493587120047
PF-000435,1415,ESCOBA 5 HILOS COMUN,2,7550.83,4,Pedido histórico field mock (2025-10-27),true,5493587120047
PF-000436,1414,ESCOBA 6 HILOS ESPECIAL,2,8712.50,4,Pedido histórico field mock (2025-12-07),true,5493587120047
PF-000436,1415,ESCOBA 5 HILOS COMUN,1,7550.83,4,Pedido histórico field mock (2025-12-07),true,5493587120047
PF-000436,2572,SECADOR PLASTICO DOBLE GOMA 40CM,1,1994.29,4,Pedido histórico field mock (2025-12-07),true,5493587120047
PF-000436,1607,CABO MADERA C/ROSCA 1.20MTS PINO,3,1319.95,4,Pedido histórico field mock (2025-12-07),true,5493587120047
PF-000437,1414,ESCOBA 6 HILOS ESPECIAL,2,8712.50,4,Pedido histórico field mock (2026-01-10),true,5493587120047
PF-000437,1415,ESCOBA 5 HILOS COMUN,2,7550.83,4,Pedido histórico field mock (2026-01-10),true,5493587120047
PF-000437,1607,CABO MADERA C/ROSCA 1.20MTS PINO,4,1319.95,4,Pedido histórico field mock (2026-01-10),true,5493587120047
PF-000437,2601,"SOPAPA GOMA 4"" C/CABO",4,1831.37,4,Pedido histórico field mock (2026-01-10),true,5493587120047
PF-000438,1521,LAMPAZO BARRENDERO 0.40MT CHICO,3,7101.66,4,Pedido reciente field mock (2026-04-10),true,5493587120047
PF-000438,1415,ESCOBA 5 HILOS COMUN,1,7550.83,4,Pedido reciente field mock (2026-04-10),true,5493587120047
PF-000439,1521,LAMPAZO BARRENDERO 0.40MT CHICO,1,7101.66,4,Pedido reciente field mock (2026-05-15),true,5493587120047
PF-000439,1414,ESCOBA 6 HILOS ESPECIAL,3,8712.50,4,Pedido reciente field mock (2026-05-15),true,5493587120047
PF-000440,1415,ESCOBA 5 HILOS COMUN,3,7550.83,4,Pedido reciente field mock (2026-05-18),true,5493587120047
PF-000440,1414,ESCOBA 6 HILOS ESPECIAL,2,8712.50,4,Pedido reciente field mock (2026-05-18),true,5493587120047
PF-000441,1407,ESCOBA 7 HILOS IMPERIAL,4,11787.50,1,Pedido histórico field mock (2025-06-01),true,5493587120048
PF-000441,1416,ESCOBA 5 HILOS MEZCLA,2,8370.83,1,Pedido histórico field mock (2025-06-01),true,5493587120048
PF-000442,1407,ESCOBA 7 HILOS IMPERIAL,1,11787.50,1,Pedido histórico field mock (2025-07-04),true,5493587120048
PF-000442,1416,ESCOBA 5 HILOS MEZCLA,4,8370.83,1,Pedido histórico field mock (2025-07-04),true,5493587120048
PF-000442,3410,DETERGENTE ALBO 5LT,4,8237.50,1,Pedido histórico field mock (2025-07-04),true,5493587120048
PF-000443,1407,ESCOBA 7 HILOS IMPERIAL,3,11787.50,1,Pedido histórico field mock (2025-08-12),true,5493587120048
PF-000443,1416,ESCOBA 5 HILOS MEZCLA,2,8370.83,1,Pedido histórico field mock (2025-08-12),true,5493587120048
PF-000444,1407,ESCOBA 7 HILOS IMPERIAL,2,11787.50,1,Pedido histórico field mock (2025-09-18),true,5493587120048
PF-000444,1416,ESCOBA 5 HILOS MEZCLA,2,8370.83,1,Pedido histórico field mock (2025-09-18),true,5493587120048
PF-000444,1600,CABO MADERA C/ROSCA,4,1552.88,1,Pedido histórico field mock (2025-09-18),true,5493587120048
PF-000445,1407,ESCOBA 7 HILOS IMPERIAL,3,11787.50,1,Pedido histórico field mock (2025-11-02),true,5493587120048
PF-000445,1416,ESCOBA 5 HILOS MEZCLA,1,8370.83,1,Pedido histórico field mock (2025-11-02),true,5493587120048
PF-000445,1522,LAMPAZO BARRENDERO 0.60MT MEDIANO,2,10068.10,1,Pedido histórico field mock (2025-11-02),true,5493587120048
PF-000445,1523,LAMPAZO BARRENDERO 0.80MT GRANDE,1,11867.22,1,Pedido histórico field mock (2025-11-02),true,5493587120048
PF-000446,1407,ESCOBA 7 HILOS IMPERIAL,2,11787.50,1,Pedido histórico field mock (2025-12-07),true,5493587120048
PF-000446,1416,ESCOBA 5 HILOS MEZCLA,3,8370.83,1,Pedido histórico field mock (2025-12-07),true,5493587120048
PF-000446,1830,ESCOBILLON CERDA BIGOTE C/CABO,1,9719.48,1,Pedido histórico field mock (2025-12-07),true,5493587120048
PF-000447,1407,ESCOBA 7 HILOS IMPERIAL,1,11787.50,1,Pedido histórico field mock (2026-01-17),true,5493587120048
PF-000447,1416,ESCOBA 5 HILOS MEZCLA,1,8370.83,1,Pedido histórico field mock (2026-01-17),true,5493587120048
PF-000448,1521,LAMPAZO BARRENDERO 0.40MT CHICO,2,8354.89,1,Pedido reciente field mock (2026-04-06),true,5493587120048
PF-000448,1415,ESCOBA 5 HILOS COMUN,1,8883.33,1,Pedido reciente field mock (2026-04-06),true,5493587120048
PF-000449,1521,LAMPAZO BARRENDERO 0.40MT CHICO,1,8354.89,1,Pedido reciente field mock (2026-05-03),true,5493587120048
PF-000449,1415,ESCOBA 5 HILOS COMUN,1,8883.33,1,Pedido reciente field mock (2026-05-03),true,5493587120048
PF-000450,1521,LAMPAZO BARRENDERO 0.40MT CHICO,1,8354.89,1,Pedido reciente field mock (2026-05-08),true,5493587120048
PF-000450,1416,ESCOBA 5 HILOS MEZCLA,2,8370.83,1,Pedido reciente field mock (2026-05-08),true,5493587120048
PF-000451,1415,ESCOBA 5 HILOS COMUN,4,10215.83,2,Pedido histórico field mock (2025-06-03),true,5493587120049
PF-000451,1416,ESCOBA 5 HILOS MEZCLA,2,9626.45,2,Pedido histórico field mock (2025-06-03),true,5493587120049
PF-000451,2572,SECADOR PLASTICO DOBLE GOMA 40CM,2,2698.15,2,Pedido histórico field mock (2025-06-03),true,5493587120049
PF-000451,2601,"SOPAPA GOMA 4"" C/CABO",1,2477.73,2,Pedido histórico field mock (2025-06-03),true,5493587120049
PF-000452,1415,ESCOBA 5 HILOS COMUN,4,10215.83,2,Pedido histórico field mock (2025-07-04),true,5493587120049
PF-000452,1416,ESCOBA 5 HILOS MEZCLA,3,9626.45,2,Pedido histórico field mock (2025-07-04),true,5493587120049
PF-000453,1415,ESCOBA 5 HILOS COMUN,1,10215.83,2,Pedido histórico field mock (2025-08-13),true,5493587120049
PF-000453,1416,ESCOBA 5 HILOS MEZCLA,3,9626.45,2,Pedido histórico field mock (2025-08-13),true,5493587120049
PF-000453,1600,CABO MADERA C/ROSCA,2,1785.81,2,Pedido histórico field mock (2025-08-13),true,5493587120049
PF-000453,1522,LAMPAZO BARRENDERO 0.60MT MEDIANO,1,11578.31,2,Pedido histórico field mock (2025-08-13),true,5493587120049
PF-000454,1415,ESCOBA 5 HILOS COMUN,3,10215.83,2,Pedido histórico field mock (2025-09-19),true,5493587120049
PF-000454,1416,ESCOBA 5 HILOS MEZCLA,4,9626.45,2,Pedido histórico field mock (2025-09-19),true,5493587120049
PF-000454,1828,ESCOBILLON CERDA LISO C/CABO,3,9531.52,2,Pedido histórico field mock (2025-09-19),true,5493587120049
PF-000454,2572,SECADOR PLASTICO DOBLE GOMA 40CM,1,2698.15,2,Pedido histórico field mock (2025-09-19),true,5493587120049
PF-000455,1415,ESCOBA 5 HILOS COMUN,1,10215.83,2,Pedido histórico field mock (2025-10-28),true,5493587120049
PF-000455,1416,ESCOBA 5 HILOS MEZCLA,3,9626.45,2,Pedido histórico field mock (2025-10-28),true,5493587120049
PF-000456,1415,ESCOBA 5 HILOS COMUN,1,10215.83,2,Pedido histórico field mock (2025-12-13),true,5493587120049
PF-000456,1416,ESCOBA 5 HILOS MEZCLA,4,9626.45,2,Pedido histórico field mock (2025-12-13),true,5493587120049
PF-000457,1415,ESCOBA 5 HILOS COMUN,1,10215.83,2,Pedido histórico field mock (2026-01-19),true,5493587120049
PF-000457,1416,ESCOBA 5 HILOS MEZCLA,1,9626.45,2,Pedido histórico field mock (2026-01-19),true,5493587120049
PF-000457,1828,ESCOBILLON CERDA LISO C/CABO,1,9531.52,2,Pedido histórico field mock (2026-01-19),true,5493587120049
PF-000457,1700,PALA RESIDUOS METAL C/CABO,2,12394.56,2,Pedido histórico field mock (2026-01-19),true,5493587120049
PF-000458,1415,ESCOBA 5 HILOS COMUN,1,10215.83,2,Pedido reciente field mock (2026-04-18),true,5493587120049
PF-000458,1521,LAMPAZO BARRENDERO 0.40MT CHICO,2,9608.12,2,Pedido reciente field mock (2026-04-18),true,5493587120049
PF-000459,1407,ESCOBA 7 HILOS IMPERIAL,3,13555.62,2,Pedido reciente field mock (2026-05-06),true,5493587120049
PF-000459,1415,ESCOBA 5 HILOS COMUN,1,10215.83,2,Pedido reciente field mock (2026-05-06),true,5493587120049
PF-000460,1521,LAMPAZO BARRENDERO 0.40MT CHICO,3,9608.12,2,Pedido reciente field mock (2026-05-16),true,5493587120049
PF-000460,1416,ESCOBA 5 HILOS MEZCLA,2,9626.45,2,Pedido reciente field mock (2026-05-16),true,5493587120049
PF-000461,1407,ESCOBA 7 HILOS IMPERIAL,3,10608.75,3,Pedido histórico field mock (2025-06-01),true,5493587120050
PF-000461,1416,ESCOBA 5 HILOS MEZCLA,3,7533.75,3,Pedido histórico field mock (2025-06-01),true,5493587120050
PF-000461,1830,ESCOBILLON CERDA BIGOTE C/CABO,4,8747.53,3,Pedido histórico field mock (2025-06-01),true,5493587120050
PF-000462,1407,ESCOBA 7 HILOS IMPERIAL,2,10608.75,3,Pedido histórico field mock (2025-07-14),true,5493587120050
PF-000462,1416,ESCOBA 5 HILOS MEZCLA,1,7533.75,3,Pedido histórico field mock (2025-07-14),true,5493587120050
PF-000462,1828,ESCOBILLON CERDA LISO C/CABO,3,7459.45,3,Pedido histórico field mock (2025-07-14),true,5493587120050
PF-000463,1407,ESCOBA 7 HILOS IMPERIAL,3,10608.75,3,Pedido histórico field mock (2025-08-18),true,5493587120050
PF-000463,1416,ESCOBA 5 HILOS MEZCLA,3,7533.75,3,Pedido histórico field mock (2025-08-18),true,5493587120050
PF-000464,1407,ESCOBA 7 HILOS IMPERIAL,4,10608.75,3,Pedido histórico field mock (2025-09-18),true,5493587120050
PF-000464,1416,ESCOBA 5 HILOS MEZCLA,1,7533.75,3,Pedido histórico field mock (2025-09-18),true,5493587120050
PF-000464,2601,"SOPAPA GOMA 4"" C/CABO",4,1939.10,3,Pedido histórico field mock (2025-09-18),true,5493587120050
PF-000465,1407,ESCOBA 7 HILOS IMPERIAL,2,10608.75,3,Pedido histórico field mock (2025-10-31),true,5493587120050
PF-000465,1416,ESCOBA 5 HILOS MEZCLA,3,7533.75,3,Pedido histórico field mock (2025-10-31),true,5493587120050
PF-000465,1608,CABO MADERA C/ROSCA P/BARRENDERO,1,2698.87,3,Pedido histórico field mock (2025-10-31),true,5493587120050
PF-000465,1828,ESCOBILLON CERDA LISO C/CABO,4,7459.45,3,Pedido histórico field mock (2025-10-31),true,5493587120050
PF-000466,1407,ESCOBA 7 HILOS IMPERIAL,3,10608.75,3,Pedido histórico field mock (2025-12-08),true,5493587120050
PF-000466,1416,ESCOBA 5 HILOS MEZCLA,3,7533.75,3,Pedido histórico field mock (2025-12-08),true,5493587120050
PF-000467,1407,ESCOBA 7 HILOS IMPERIAL,2,10608.75,3,Pedido histórico field mock (2026-01-18),true,5493587120050
PF-000467,1416,ESCOBA 5 HILOS MEZCLA,4,7533.75,3,Pedido histórico field mock (2026-01-18),true,5493587120050
PF-000468,1407,ESCOBA 7 HILOS IMPERIAL,2,10608.75,3,Pedido reciente field mock (2026-04-02),true,5493587120050
PF-000468,1415,ESCOBA 5 HILOS COMUN,1,7995.00,3,Pedido reciente field mock (2026-04-02),true,5493587120050
PF-000469,1407,ESCOBA 7 HILOS IMPERIAL,1,10608.75,3,Pedido reciente field mock (2026-04-05),true,5493587120050
PF-000469,1416,ESCOBA 5 HILOS MEZCLA,1,7533.75,3,Pedido reciente field mock (2026-04-05),true,5493587120050
PF-000470,1521,LAMPAZO BARRENDERO 0.40MT CHICO,2,7519.40,3,Pedido reciente field mock (2026-04-27),true,5493587120050
PF-000470,1407,ESCOBA 7 HILOS IMPERIAL,1,10608.75,3,Pedido reciente field mock (2026-04-27),true,5493587120050
