pedido_ref,product_code,nombre,cantidad_solicitada,precio_unitario,lista_precios_id,notas,is_mock,cliente_phone
PF-000001,PSQ-0295,DESENGRASANTE 500ML PSQUIMICA,3,2260.75,2,Pedido histórico field mock (2025-06-02),true,5493587905250
PF-000001,PSQ-0017,ANTI-HONGOS X 5LTS PSQUIMICA,4,14102.66,2,Pedido histórico field mock (2025-06-02),true,5493587905250
PF-000001,PSQ-0318,DETERGENTE USO DIRECTO X5L,1,6194.52,2,Pedido histórico field mock (2025-06-02),true,5493587905250
PF-000002,PSQ-0295,DESENGRASANTE 500ML PSQUIMICA,2,2260.75,2,Pedido histórico field mock (2025-06-19),true,5493587905250
PF-000002,PSQ-0017,ANTI-HONGOS X 5LTS PSQUIMICA,1,14102.66,2,Pedido histórico field mock (2025-06-19),true,5493587905250
PF-000002,PSQ-0318,DETERGENTE USO DIRECTO X5L,4,6194.52,2,Pedido histórico field mock (2025-06-19),true,5493587905250
PF-000003,PSQ-0295,DESENGRASANTE 500ML PSQUIMICA,4,2260.75,2,Pedido histórico field mock (2025-07-14),true,5493587905250
PF-000003,PSQ-0017,ANTI-HONGOS X 5LTS PSQUIMICA,3,14102.66,2,Pedido histórico field mock (2025-07-14),true,5493587905250
PF-000003,PSQ-0218,CAMISETA 50 X 70 MUNDI MAX X PAQ (20),4,6553.30,2,Pedido histórico field mock (2025-07-14),true,5493587905250
PF-000004,PSQ-0295,DESENGRASANTE 500ML PSQUIMICA,4,2260.75,2,Pedido histórico field mock (2025-07-30),true,5493587905250
PF-000004,PSQ-0017,ANTI-HONGOS X 5LTS PSQUIMICA,1,14102.66,2,Pedido histórico field mock (2025-07-30),true,5493587905250
PF-000004,PSQ-0198,CAJA EMPANADA X 100U,3,8978.85,2,Pedido histórico field mock (2025-07-30),true,5493587905250
PF-000005,PSQ-0295,DESENGRASANTE 500ML PSQUIMICA,2,2260.75,2,Pedido histórico field mock (2025-08-25),true,5493587905250
PF-000005,PSQ-0017,ANTI-HONGOS X 5LTS PSQUIMICA,1,14102.66,2,Pedido histórico field mock (2025-08-25),true,5493587905250
PF-000005,PSQ-0198,CAJA EMPANADA X 100U,4,8978.85,2,Pedido histórico field mock (2025-08-25),true,5493587905250
PF-000005,PSQ-0212,CAMISETA 40 X 50 ECO MUNDI POLIM. X PAQ (20),4,2271.48,2,Pedido histórico field mock (2025-08-25),true,5493587905250
PF-000006,PSQ-0295,DESENGRASANTE 500ML PSQUIMICA,1,2260.75,2,Pedido histórico field mock (2025-09-19),true,5493587905250
PF-000006,PSQ-0017,ANTI-HONGOS X 5LTS PSQUIMICA,3,14102.66,2,Pedido histórico field mock (2025-09-19),true,5493587905250
PF-000007,PSQ-0295,DESENGRASANTE 500ML PSQUIMICA,4,2260.75,2,Pedido histórico field mock (2025-09-30),true,5493587905250
PF-000007,PSQ-0017,ANTI-HONGOS X 5LTS PSQUIMICA,3,14102.66,2,Pedido histórico field mock (2025-09-30),true,5493587905250
PF-000007,PSQ-0212,CAMISETA 40 X 50 ECO MUNDI POLIM. X PAQ (20),1,2271.48,2,Pedido histórico field mock (2025-09-30),true,5493587905250
PF-000008,PSQ-0457,LIMPIA TAPIZADOS 500ML PSQ,2,619.59,3,Pedido histórico field mock (2025-06-01),true,5493582641213
PF-000008,PSQ-0295,DESENGRASANTE 500ML PSQUIMICA,4,1769.28,3,Pedido histórico field mock (2025-06-01),true,5493582641213
PF-000008,PSQ-0582,QUITASARRO GATILLO 500ML PSQ,2,1921.24,3,Pedido histórico field mock (2025-06-01),true,5493582641213
PF-000008,PSQ-0487,MULTIUSO AZULEJOS X 500ML PSQUIMICA,2,1099.64,3,Pedido histórico field mock (2025-06-01),true,5493582641213
PF-000009,PSQ-0457,LIMPIA TAPIZADOS 500ML PSQ,3,619.59,3,Pedido histórico field mock (2025-06-22),true,5493582641213
PF-000009,PSQ-0295,DESENGRASANTE 500ML PSQUIMICA,1,1769.28,3,Pedido histórico field mock (2025-06-22),true,5493582641213
PF-000010,PSQ-0457,LIMPIA TAPIZADOS 500ML PSQ,2,619.59,3,Pedido histórico field mock (2025-07-08),true,5493582641213
PF-000010,PSQ-0295,DESENGRASANTE 500ML PSQUIMICA,1,1769.28,3,Pedido histórico field mock (2025-07-08),true,5493582641213
PF-000010,PSQ-0454,LAVANDINA X5L,3,2308.09,3,Pedido histórico field mock (2025-07-08),true,5493582641213
PF-000011,PSQ-0457,LIMPIA TAPIZADOS 500ML PSQ,1,619.59,3,Pedido histórico field mock (2025-08-05),true,5493582641213
PF-000011,PSQ-0295,DESENGRASANTE 500ML PSQUIMICA,2,1769.28,3,Pedido histórico field mock (2025-08-05),true,5493582641213
PF-000011,PSQ-0453,LAVANDINA X1L,3,837.58,3,Pedido histórico field mock (2025-08-05),true,5493582641213
PF-000012,PSQ-0457,LIMPIA TAPIZADOS 500ML PSQ,1,619.59,3,Pedido histórico field mock (2025-08-26),true,5493582641213
PF-000012,PSQ-0295,DESENGRASANTE 500ML PSQUIMICA,4,1769.28,3,Pedido histórico field mock (2025-08-26),true,5493582641213
PF-000012,PSQ-0561,PORTA VASOS CAFE X 50 UNI,1,3996.55,3,Pedido histórico field mock (2025-08-26),true,5493582641213
PF-000013,PSQ-0457,LIMPIA TAPIZADOS 500ML PSQ,2,619.59,3,Pedido histórico field mock (2025-09-14),true,5493582641213
PF-000013,PSQ-0295,DESENGRASANTE 500ML PSQUIMICA,3,1769.28,3,Pedido histórico field mock (2025-09-14),true,5493582641213
PF-000013,PSQ-0215,CAMISETA 45 X 60 MUNDI MAX X PAQ (20),2,3180.32,3,Pedido histórico field mock (2025-09-14),true,5493582641213
PF-000013,PSQ-0218,CAMISETA 50 X 70 MUNDI MAX X PAQ (20),3,5128.67,3,Pedido histórico field mock (2025-09-14),true,5493582641213
PF-000014,PSQ-0457,LIMPIA TAPIZADOS 500ML PSQ,1,619.59,3,Pedido histórico field mock (2025-10-08),true,5493582641213
PF-000014,PSQ-0295,DESENGRASANTE 500ML PSQUIMICA,2,1769.28,3,Pedido histórico field mock (2025-10-08),true,5493582641213
PF-000015,PSQ-0457,LIMPIA TAPIZADOS 500ML PSQ,4,585.17,4,Pedido histórico field mock (2025-06-03),true,5492991227644
PF-000015,PSQ-0016,ANTI-HONGOS GATILLO 500ML PSQ,2,1489.18,4,Pedido histórico field mock (2025-06-03),true,5492991227644
PF-000015,PSQ-0215,CAMISETA 45 X 60 MUNDI MAX X PAQ (20),2,3003.64,4,Pedido histórico field mock (2025-06-03),true,5492991227644
PF-000015,PSQ-0454,LAVANDINA X5L,3,2179.86,4,Pedido histórico field mock (2025-06-03),true,5492991227644
PF-000016,PSQ-0457,LIMPIA TAPIZADOS 500ML PSQ,2,585.17,4,Pedido histórico field mock (2025-06-17),true,5492991227644
PF-000016,PSQ-0016,ANTI-HONGOS GATILLO 500ML PSQ,1,1489.18,4,Pedido histórico field mock (2025-06-17),true,5492991227644
PF-000016,PSQ-0317,DETERGENTE USO DIRECTO X1L,3,1070.44,4,Pedido histórico field mock (2025-06-17),true,5492991227644
PF-000016,PSQ-0218,CAMISETA 50 X 70 MUNDI MAX X PAQ (20),4,4843.74,4,Pedido histórico field mock (2025-06-17),true,5492991227644
PF-000017,PSQ-0457,LIMPIA TAPIZADOS 500ML PSQ,4,585.17,4,Pedido histórico field mock (2025-07-08),true,5492991227644
PF-000017,PSQ-0016,ANTI-HONGOS GATILLO 500ML PSQ,3,1489.18,4,Pedido histórico field mock (2025-07-08),true,5492991227644
PF-000017,PSQ-0318,DETERGENTE USO DIRECTO X5L,4,4578.56,4,Pedido histórico field mock (2025-07-08),true,5492991227644
PF-000018,PSQ-0457,LIMPIA TAPIZADOS 500ML PSQ,2,585.17,4,Pedido histórico field mock (2025-08-04),true,5492991227644
PF-000018,PSQ-0016,ANTI-HONGOS GATILLO 500ML PSQ,4,1489.18,4,Pedido histórico field mock (2025-08-04),true,5492991227644
PF-000018,PSQ-0317,DETERGENTE USO DIRECTO X1L,4,1070.44,4,Pedido histórico field mock (2025-08-04),true,5492991227644
PF-000018,PSQ-0212,CAMISETA 40 X 50 ECO MUNDI POLIM. X PAQ (20),4,1678.92,4,Pedido histórico field mock (2025-08-04),true,5492991227644
PF-000019,PSQ-0457,LIMPIA TAPIZADOS 500ML PSQ,1,585.17,4,Pedido histórico field mock (2025-08-20),true,5492991227644
PF-000019,PSQ-0016,ANTI-HONGOS GATILLO 500ML PSQ,1,1489.18,4,Pedido histórico field mock (2025-08-20),true,5492991227644
PF-000019,PSQ-0198,CAJA EMPANADA X 100U,4,6636.55,4,Pedido histórico field mock (2025-08-20),true,5492991227644
PF-000019,PSQ-0487,MULTIUSO AZULEJOS X 500ML PSQUIMICA,1,1038.55,4,Pedido histórico field mock (2025-08-20),true,5492991227644
PF-000020,PSQ-0457,LIMPIA TAPIZADOS 500ML PSQ,2,585.17,4,Pedido histórico field mock (2025-09-16),true,5492991227644
PF-000020,PSQ-0016,ANTI-HONGOS GATILLO 500ML PSQ,3,1489.18,4,Pedido histórico field mock (2025-09-16),true,5492991227644
PF-000020,PSQ-0215,CAMISETA 45 X 60 MUNDI MAX X PAQ (20),1,3003.64,4,Pedido histórico field mock (2025-09-16),true,5492991227644
PF-000021,PSQ-0457,LIMPIA TAPIZADOS 500ML PSQ,3,585.17,4,Pedido histórico field mock (2025-10-07),true,5492991227644
PF-000021,PSQ-0016,ANTI-HONGOS GATILLO 500ML PSQ,3,1489.18,4,Pedido histórico field mock (2025-10-07),true,5492991227644
PF-000021,PSQ-0582,QUITASARRO GATILLO 500ML PSQ,4,1814.50,4,Pedido histórico field mock (2025-10-07),true,5492991227644
PF-000022,PSQ-0457,LIMPIA TAPIZADOS 500ML PSQ,2,688.43,1,Pedido histórico field mock (2025-06-06),true,5493418277249
PF-000022,PSQ-0310,DESTAPA CAÑERIAS X LT PSQUIMICA,2,1948.51,1,Pedido histórico field mock (2025-06-06),true,5493418277249
PF-000023,PSQ-0457,LIMPIA TAPIZADOS 500ML PSQ,1,688.43,1,Pedido histórico field mock (2025-06-17),true,5493418277249
PF-000023,PSQ-0310,DESTAPA CAÑERIAS X LT PSQUIMICA,3,1948.51,1,Pedido histórico field mock (2025-06-17),true,5493418277249
PF-000023,PSQ-0318,DETERGENTE USO DIRECTO X5L,2,5386.54,1,Pedido histórico field mock (2025-06-17),true,5493418277249
PF-000024,PSQ-0457,LIMPIA TAPIZADOS 500ML PSQ,4,688.43,1,Pedido histórico field mock (2025-07-17),true,5493418277249
PF-000024,PSQ-0310,DESTAPA CAÑERIAS X LT PSQUIMICA,3,1948.51,1,Pedido histórico field mock (2025-07-17),true,5493418277249
PF-000025,PSQ-0457,LIMPIA TAPIZADOS 500ML PSQ,2,688.43,1,Pedido histórico field mock (2025-08-03),true,5493418277249
PF-000025,PSQ-0310,DESTAPA CAÑERIAS X LT PSQUIMICA,4,1948.51,1,Pedido histórico field mock (2025-08-03),true,5493418277249
PF-000025,PSQ-0212,CAMISETA 40 X 50 ECO MUNDI POLIM. X PAQ (20),1,1975.20,1,Pedido histórico field mock (2025-08-03),true,5493418277249
PF-000025,PSQ-0582,QUITASARRO GATILLO 500ML PSQ,4,2134.71,1,Pedido histórico field mock (2025-08-03),true,5493418277249
PF-000026,PSQ-0457,LIMPIA TAPIZADOS 500ML PSQ,3,688.43,1,Pedido histórico field mock (2025-08-19),true,5493418277249
PF-000026,PSQ-0310,DESTAPA CAÑERIAS X LT PSQUIMICA,1,1948.51,1,Pedido histórico field mock (2025-08-19),true,5493418277249
PF-000026,PSQ-0218,CAMISETA 50 X 70 MUNDI MAX X PAQ (20),2,5698.52,1,Pedido histórico field mock (2025-08-19),true,5493418277249
PF-000027,PSQ-0457,LIMPIA TAPIZADOS 500ML PSQ,3,688.43,1,Pedido histórico field mock (2025-09-11),true,5493418277249
PF-000027,PSQ-0310,DESTAPA CAÑERIAS X LT PSQUIMICA,2,1948.51,1,Pedido histórico field mock (2025-09-11),true,5493418277249
PF-000027,PSQ-0317,DETERGENTE USO DIRECTO X1L,4,1259.34,1,Pedido histórico field mock (2025-09-11),true,5493418277249
PF-000027,PSQ-0318,DETERGENTE USO DIRECTO X5L,2,5386.54,1,Pedido histórico field mock (2025-09-11),true,5493418277249
PF-000028,PSQ-0457,LIMPIA TAPIZADOS 500ML PSQ,2,688.43,1,Pedido histórico field mock (2025-10-03),true,5493418277249
PF-000028,PSQ-0310,DESTAPA CAÑERIAS X LT PSQUIMICA,3,1948.51,1,Pedido histórico field mock (2025-10-03),true,5493418277249
PF-000028,PSQ-0318,DETERGENTE USO DIRECTO X5L,2,5386.54,1,Pedido histórico field mock (2025-10-03),true,5493418277249
PF-000028,PSQ-0576,QUITAMANCHAS 500ML PSQ,2,1363.64,1,Pedido histórico field mock (2025-10-03),true,5493418277249
PF-000029,PSQ-0295,DESENGRASANTE 500ML PSQUIMICA,1,2260.75,2,Pedido histórico field mock (2025-06-03),true,5493587747641
PF-000029,PSQ-0017,ANTI-HONGOS X 5LTS PSQUIMICA,4,14102.66,2,Pedido histórico field mock (2025-06-03),true,5493587747641
PF-000030,PSQ-0295,DESENGRASANTE 500ML PSQUIMICA,4,2260.75,2,Pedido histórico field mock (2025-06-25),true,5493587747641
PF-000030,PSQ-0017,ANTI-HONGOS X 5LTS PSQUIMICA,1,14102.66,2,Pedido histórico field mock (2025-06-25),true,5493587747641
PF-000030,PSQ-0212,CAMISETA 40 X 50 ECO MUNDI POLIM. X PAQ (20),1,2271.48,2,Pedido histórico field mock (2025-06-25),true,5493587747641
PF-000031,PSQ-0295,DESENGRASANTE 500ML PSQUIMICA,1,2260.75,2,Pedido histórico field mock (2025-07-13),true,5493587747641
PF-000031,PSQ-0017,ANTI-HONGOS X 5LTS PSQUIMICA,4,14102.66,2,Pedido histórico field mock (2025-07-13),true,5493587747641
PF-000031,PSQ-0204,CAJA PIZZA GRANDE ECO VERDE X 100U (1),2,26888.29,2,Pedido histórico field mock (2025-07-13),true,5493587747641
PF-000032,PSQ-0295,DESENGRASANTE 500ML PSQUIMICA,1,2260.75,2,Pedido histórico field mock (2025-08-01),true,5493587747641
PF-000032,PSQ-0017,ANTI-HONGOS X 5LTS PSQUIMICA,4,14102.66,2,Pedido histórico field mock (2025-08-01),true,5493587747641
PF-000032,PSQ-0317,DETERGENTE USO DIRECTO X1L,2,1448.24,2,Pedido histórico field mock (2025-08-01),true,5493587747641
PF-000033,PSQ-0295,DESENGRASANTE 500ML PSQUIMICA,3,2260.75,2,Pedido histórico field mock (2025-08-26),true,5493587747641
PF-000033,PSQ-0017,ANTI-HONGOS X 5LTS PSQUIMICA,1,14102.66,2,Pedido histórico field mock (2025-08-26),true,5493587747641
PF-000033,PSQ-0576,QUITAMANCHAS 500ML PSQ,4,1568.19,2,Pedido histórico field mock (2025-08-26),true,5493587747641
PF-000034,PSQ-0295,DESENGRASANTE 500ML PSQUIMICA,3,2260.75,2,Pedido histórico field mock (2025-09-14),true,5493587747641
PF-000034,PSQ-0017,ANTI-HONGOS X 5LTS PSQUIMICA,4,14102.66,2,Pedido histórico field mock (2025-09-14),true,5493587747641
PF-000034,PSQ-0453,LAVANDINA X1L,2,1070.24,2,Pedido histórico field mock (2025-09-14),true,5493587747641
PF-000035,PSQ-0295,DESENGRASANTE 500ML PSQUIMICA,2,2260.75,2,Pedido histórico field mock (2025-10-10),true,5493587747641
PF-000035,PSQ-0017,ANTI-HONGOS X 5LTS PSQUIMICA,2,14102.66,2,Pedido histórico field mock (2025-10-10),true,5493587747641
PF-000036,PSQ-0310,DESTAPA CAÑERIAS X LT PSQUIMICA,3,1753.66,3,Pedido histórico field mock (2025-06-01),true,5492614053074
PF-000036,PSQ-0295,DESENGRASANTE 500ML PSQUIMICA,1,1769.28,3,Pedido histórico field mock (2025-06-01),true,5492614053074
PF-000036,PSQ-0487,MULTIUSO AZULEJOS X 500ML PSQUIMICA,2,1099.64,3,Pedido histórico field mock (2025-06-01),true,5492614053074
PF-000036,PSQ-0318,DETERGENTE USO DIRECTO X5L,4,4847.89,3,Pedido histórico field mock (2025-06-01),true,5492614053074
PF-000037,PSQ-0310,DESTAPA CAÑERIAS X LT PSQUIMICA,3,1753.66,3,Pedido histórico field mock (2025-06-22),true,5492614053074
PF-000037,PSQ-0295,DESENGRASANTE 500ML PSQUIMICA,4,1769.28,3,Pedido histórico field mock (2025-06-22),true,5492614053074
PF-000037,PSQ-0317,DETERGENTE USO DIRECTO X1L,1,1133.41,3,Pedido histórico field mock (2025-06-22),true,5492614053074
PF-000037,PSQ-0204,CAJA PIZZA GRANDE ECO VERDE X 100U (1),1,21043.01,3,Pedido histórico field mock (2025-06-22),true,5492614053074
PF-000038,PSQ-0310,DESTAPA CAÑERIAS X LT PSQUIMICA,1,1753.66,3,Pedido histórico field mock (2025-07-18),true,5492614053074
PF-000038,PSQ-0295,DESENGRASANTE 500ML PSQUIMICA,3,1769.28,3,Pedido histórico field mock (2025-07-18),true,5492614053074
PF-000038,PSQ-0561,PORTA VASOS CAFE X 50 UNI,1,3996.55,3,Pedido histórico field mock (2025-07-18),true,5492614053074
PF-000038,PSQ-0215,CAMISETA 45 X 60 MUNDI MAX X PAQ (20),3,3180.32,3,Pedido histórico field mock (2025-07-18),true,5492614053074
PF-000039,PSQ-0310,DESTAPA CAÑERIAS X LT PSQUIMICA,2,1753.66,3,Pedido histórico field mock (2025-08-01),true,5492614053074
PF-000039,PSQ-0295,DESENGRASANTE 500ML PSQUIMICA,3,1769.28,3,Pedido histórico field mock (2025-08-01),true,5492614053074
PF-000040,PSQ-0310,DESTAPA CAÑERIAS X LT PSQUIMICA,1,1753.66,3,Pedido histórico field mock (2025-08-25),true,5492614053074
PF-000040,PSQ-0295,DESENGRASANTE 500ML PSQUIMICA,1,1769.28,3,Pedido histórico field mock (2025-08-25),true,5492614053074
PF-000041,PSQ-0310,DESTAPA CAÑERIAS X LT PSQUIMICA,1,1753.66,3,Pedido histórico field mock (2025-09-13),true,5492614053074
PF-000041,PSQ-0295,DESENGRASANTE 500ML PSQUIMICA,1,1769.28,3,Pedido histórico field mock (2025-09-13),true,5492614053074
PF-000041,PSQ-0582,QUITASARRO GATILLO 500ML PSQ,4,1921.24,3,Pedido histórico field mock (2025-09-13),true,5492614053074
PF-000042,PSQ-0310,DESTAPA CAÑERIAS X LT PSQUIMICA,1,1753.66,3,Pedido histórico field mock (2025-10-09),true,5492614053074
PF-000042,PSQ-0295,DESENGRASANTE 500ML PSQUIMICA,3,1769.28,3,Pedido histórico field mock (2025-10-09),true,5492614053074
PF-000042,PSQ-0204,CAJA PIZZA GRANDE ECO VERDE X 100U (1),3,21043.01,3,Pedido histórico field mock (2025-10-09),true,5492614053074
PF-000043,PSQ-0295,DESENGRASANTE 500ML PSQUIMICA,3,1670.99,4,Pedido histórico field mock (2025-06-06),true,5493514079279
PF-000043,PSQ-0310,DESTAPA CAÑERIAS X LT PSQUIMICA,4,1656.23,4,Pedido histórico field mock (2025-06-06),true,5493514079279
PF-000043,PSQ-0318,DETERGENTE USO DIRECTO X5L,2,4578.56,4,Pedido histórico field mock (2025-06-06),true,5493514079279
PF-000043,PSQ-0487,MULTIUSO AZULEJOS X 500ML PSQUIMICA,4,1038.55,4,Pedido histórico field mock (2025-06-06),true,5493514079279
PF-000044,PSQ-0295,DESENGRASANTE 500ML PSQUIMICA,4,1670.99,4,Pedido histórico field mock (2025-06-21),true,5493514079279
PF-000044,PSQ-0310,DESTAPA CAÑERIAS X LT PSQUIMICA,4,1656.23,4,Pedido histórico field mock (2025-06-21),true,5493514079279
PF-000045,PSQ-0295,DESENGRASANTE 500ML PSQUIMICA,2,1670.99,4,Pedido histórico field mock (2025-07-17),true,5493514079279
PF-000045,PSQ-0310,DESTAPA CAÑERIAS X LT PSQUIMICA,2,1656.23,4,Pedido histórico field mock (2025-07-17),true,5493514079279
PF-000045,PSQ-0453,LAVANDINA X1L,3,791.04,4,Pedido histórico field mock (2025-07-17),true,5493514079279
PF-000045,PSQ-0561,PORTA VASOS CAFE X 50 UNI,3,3774.52,4,Pedido histórico field mock (2025-07-17),true,5493514079279
PF-000046,PSQ-0295,DESENGRASANTE 500ML PSQUIMICA,3,1670.99,4,Pedido histórico field mock (2025-08-02),true,5493514079279
PF-000046,PSQ-0310,DESTAPA CAÑERIAS X LT PSQUIMICA,1,1656.23,4,Pedido histórico field mock (2025-08-02),true,5493514079279
PF-000047,PSQ-0295,DESENGRASANTE 500ML PSQUIMICA,2,1670.99,4,Pedido histórico field mock (2025-08-26),true,5493514079279
PF-000047,PSQ-0310,DESTAPA CAÑERIAS X LT PSQUIMICA,2,1656.23,4,Pedido histórico field mock (2025-08-26),true,5493514079279
PF-000048,PSQ-0295,DESENGRASANTE 500ML PSQUIMICA,2,1670.99,4,Pedido histórico field mock (2025-09-18),true,5493514079279
PF-000048,PSQ-0310,DESTAPA CAÑERIAS X LT PSQUIMICA,3,1656.23,4,Pedido histórico field mock (2025-09-18),true,5493514079279
PF-000048,PSQ-0318,DETERGENTE USO DIRECTO X5L,2,4578.56,4,Pedido histórico field mock (2025-09-18),true,5493514079279
PF-000049,PSQ-0295,DESENGRASANTE 500ML PSQUIMICA,2,1670.99,4,Pedido histórico field mock (2025-10-05),true,5493514079279
PF-000049,PSQ-0310,DESTAPA CAÑERIAS X LT PSQUIMICA,3,1656.23,4,Pedido histórico field mock (2025-10-05),true,5493514079279
PF-000049,PSQ-0454,LAVANDINA X5L,1,2179.86,4,Pedido histórico field mock (2025-10-05),true,5493514079279
PF-000049,PSQ-0204,CAJA PIZZA GRANDE ECO VERDE X 100U (1),1,19873.95,4,Pedido histórico field mock (2025-10-05),true,5493514079279
PF-000050,PSQ-0457,LIMPIA TAPIZADOS 500ML PSQ,1,688.43,1,Pedido histórico field mock (2025-06-01),true,5493876914178
PF-000050,PSQ-0310,DESTAPA CAÑERIAS X LT PSQUIMICA,4,1948.51,1,Pedido histórico field mock (2025-06-01),true,5493876914178
PF-000051,PSQ-0457,LIMPIA TAPIZADOS 500ML PSQ,3,688.43,1,Pedido histórico field mock (2025-06-24),true,5493876914178
PF-000051,PSQ-0310,DESTAPA CAÑERIAS X LT PSQUIMICA,3,1948.51,1,Pedido histórico field mock (2025-06-24),true,5493876914178
PF-000052,PSQ-0457,LIMPIA TAPIZADOS 500ML PSQ,4,688.43,1,Pedido histórico field mock (2025-07-16),true,5493876914178
PF-000052,PSQ-0310,DESTAPA CAÑERIAS X LT PSQUIMICA,2,1948.51,1,Pedido histórico field mock (2025-07-16),true,5493876914178
PF-000052,PSQ-0205,CAJA PIZZA GRIS CORRUGADA X 50U,2,22462.15,1,Pedido histórico field mock (2025-07-16),true,5493876914178
PF-000053,PSQ-0457,LIMPIA TAPIZADOS 500ML PSQ,1,688.43,1,Pedido histórico field mock (2025-07-29),true,5493876914178
PF-000053,PSQ-0310,DESTAPA CAÑERIAS X LT PSQUIMICA,3,1948.51,1,Pedido histórico field mock (2025-07-29),true,5493876914178
PF-000053,PSQ-0317,DETERGENTE USO DIRECTO X1L,2,1259.34,1,Pedido histórico field mock (2025-07-29),true,5493876914178
PF-000054,PSQ-0457,LIMPIA TAPIZADOS 500ML PSQ,1,688.43,1,Pedido histórico field mock (2025-08-22),true,5493876914178
PF-000054,PSQ-0310,DESTAPA CAÑERIAS X LT PSQUIMICA,1,1948.51,1,Pedido histórico field mock (2025-08-22),true,5493876914178
PF-000054,PSQ-0317,DETERGENTE USO DIRECTO X1L,1,1259.34,1,Pedido histórico field mock (2025-08-22),true,5493876914178
PF-000054,PSQ-0576,QUITAMANCHAS 500ML PSQ,2,1363.64,1,Pedido histórico field mock (2025-08-22),true,5493876914178
PF-000055,PSQ-0457,LIMPIA TAPIZADOS 500ML PSQ,2,688.43,1,Pedido histórico field mock (2025-09-10),true,5493876914178
PF-000055,PSQ-0310,DESTAPA CAÑERIAS X LT PSQUIMICA,2,1948.51,1,Pedido histórico field mock (2025-09-10),true,5493876914178
PF-000055,PSQ-0561,PORTA VASOS CAFE X 50 UNI,2,4440.61,1,Pedido histórico field mock (2025-09-10),true,5493876914178
PF-000056,PSQ-0457,LIMPIA TAPIZADOS 500ML PSQ,3,688.43,1,Pedido histórico field mock (2025-10-03),true,5493876914178
PF-000056,PSQ-0310,DESTAPA CAÑERIAS X LT PSQUIMICA,4,1948.51,1,Pedido histórico field mock (2025-10-03),true,5493876914178
PF-000057,PSQ-0017,ANTI-HONGOS X 5LTS PSQUIMICA,1,14102.66,2,Pedido histórico field mock (2025-06-02),true,5492617175545
PF-000057,PSQ-0457,LIMPIA TAPIZADOS 500ML PSQ,1,791.69,2,Pedido histórico field mock (2025-06-02),true,5492617175545
PF-000057,PSQ-0561,PORTA VASOS CAFE X 50 UNI,3,5106.70,2,Pedido histórico field mock (2025-06-02),true,5492617175545
PF-000058,PSQ-0017,ANTI-HONGOS X 5LTS PSQUIMICA,1,14102.66,2,Pedido histórico field mock (2025-06-21),true,5492617175545
PF-000058,PSQ-0457,LIMPIA TAPIZADOS 500ML PSQ,3,791.69,2,Pedido histórico field mock (2025-06-21),true,5492617175545
PF-000058,PSQ-0582,QUITASARRO GATILLO 500ML PSQ,2,2454.92,2,Pedido histórico field mock (2025-06-21),true,5492617175545
PF-000059,PSQ-0017,ANTI-HONGOS X 5LTS PSQUIMICA,2,14102.66,2,Pedido histórico field mock (2025-07-14),true,5492617175545
PF-000059,PSQ-0457,LIMPIA TAPIZADOS 500ML PSQ,4,791.69,2,Pedido histórico field mock (2025-07-14),true,5492617175545
PF-000060,PSQ-0017,ANTI-HONGOS X 5LTS PSQUIMICA,2,14102.66,2,Pedido histórico field mock (2025-08-06),true,5492617175545
PF-000060,PSQ-0457,LIMPIA TAPIZADOS 500ML PSQ,4,791.69,2,Pedido histórico field mock (2025-08-06),true,5492617175545
PF-000060,PSQ-0453,LAVANDINA X1L,4,1070.24,2,Pedido histórico field mock (2025-08-06),true,5492617175545
PF-000060,PSQ-0205,CAJA PIZZA GRIS CORRUGADA X 50U,2,25831.47,2,Pedido histórico field mock (2025-08-06),true,5492617175545
PF-000061,PSQ-0017,ANTI-HONGOS X 5LTS PSQUIMICA,1,14102.66,2,Pedido histórico field mock (2025-08-25),true,5492617175545
PF-000061,PSQ-0457,LIMPIA TAPIZADOS 500ML PSQ,2,791.69,2,Pedido histórico field mock (2025-08-25),true,5492617175545
PF-000062,PSQ-0017,ANTI-HONGOS X 5LTS PSQUIMICA,4,14102.66,2,Pedido histórico field mock (2025-09-11),true,5492617175545
PF-000062,PSQ-0457,LIMPIA TAPIZADOS 500ML PSQ,2,791.69,2,Pedido histórico field mock (2025-09-11),true,5492617175545
PF-000063,PSQ-0017,ANTI-HONGOS X 5LTS PSQUIMICA,3,14102.66,2,Pedido histórico field mock (2025-10-05),true,5492617175545
PF-000063,PSQ-0457,LIMPIA TAPIZADOS 500ML PSQ,4,791.69,2,Pedido histórico field mock (2025-10-05),true,5492617175545
PF-000063,PSQ-0204,CAJA PIZZA GRANDE ECO VERDE X 100U (1),3,26888.29,2,Pedido histórico field mock (2025-10-05),true,5492617175545
PF-000064,PSQ-0295,DESENGRASANTE 500ML PSQUIMICA,2,1769.28,3,Pedido histórico field mock (2025-06-01),true,5493818437953
PF-000064,PSQ-0310,DESTAPA CAÑERIAS X LT PSQUIMICA,1,1753.66,3,Pedido histórico field mock (2025-06-01),true,5493818437953
PF-000064,PSQ-0212,CAMISETA 40 X 50 ECO MUNDI POLIM. X PAQ (20),4,1777.68,3,Pedido histórico field mock (2025-06-01),true,5493818437953
PF-000065,PSQ-0295,DESENGRASANTE 500ML PSQUIMICA,4,1769.28,3,Pedido histórico field mock (2025-06-27),true,5493818437953
PF-000065,PSQ-0310,DESTAPA CAÑERIAS X LT PSQUIMICA,4,1753.66,3,Pedido histórico field mock (2025-06-27),true,5493818437953
PF-000065,PSQ-0215,CAMISETA 45 X 60 MUNDI MAX X PAQ (20),3,3180.32,3,Pedido histórico field mock (2025-06-27),true,5493818437953
PF-000065,PSQ-0318,DETERGENTE USO DIRECTO X5L,4,4847.89,3,Pedido histórico field mock (2025-06-27),true,5493818437953
PF-000066,PSQ-0295,DESENGRASANTE 500ML PSQUIMICA,1,1769.28,3,Pedido histórico field mock (2025-07-11),true,5493818437953
PF-000066,PSQ-0310,DESTAPA CAÑERIAS X LT PSQUIMICA,3,1753.66,3,Pedido histórico field mock (2025-07-11),true,5493818437953
PF-000066,PSQ-0454,LAVANDINA X5L,3,2308.09,3,Pedido histórico field mock (2025-07-11),true,5493818437953
PF-000067,PSQ-0295,DESENGRASANTE 500ML PSQUIMICA,3,1769.28,3,Pedido histórico field mock (2025-08-04),true,5493818437953
PF-000067,PSQ-0310,DESTAPA CAÑERIAS X LT PSQUIMICA,2,1753.66,3,Pedido histórico field mock (2025-08-04),true,5493818437953
PF-000067,PSQ-0561,PORTA VASOS CAFE X 50 UNI,3,3996.55,3,Pedido histórico field mock (2025-08-04),true,5493818437953
PF-000067,PSQ-0582,QUITASARRO GATILLO 500ML PSQ,2,1921.24,3,Pedido histórico field mock (2025-08-04),true,5493818437953
PF-000068,PSQ-0295,DESENGRASANTE 500ML PSQUIMICA,4,1769.28,3,Pedido histórico field mock (2025-08-29),true,5493818437953
PF-000068,PSQ-0310,DESTAPA CAÑERIAS X LT PSQUIMICA,2,1753.66,3,Pedido histórico field mock (2025-08-29),true,5493818437953
PF-000068,PSQ-0487,MULTIUSO AZULEJOS X 500ML PSQUIMICA,1,1099.64,3,Pedido histórico field mock (2025-08-29),true,5493818437953
PF-000069,PSQ-0295,DESENGRASANTE 500ML PSQUIMICA,4,1769.28,3,Pedido histórico field mock (2025-09-13),true,5493818437953
PF-000069,PSQ-0310,DESTAPA CAÑERIAS X LT PSQUIMICA,3,1753.66,3,Pedido histórico field mock (2025-09-13),true,5493818437953
PF-000070,PSQ-0295,DESENGRASANTE 500ML PSQUIMICA,3,1769.28,3,Pedido histórico field mock (2025-10-07),true,5493818437953
PF-000070,PSQ-0310,DESTAPA CAÑERIAS X LT PSQUIMICA,2,1753.66,3,Pedido histórico field mock (2025-10-07),true,5493818437953
PF-000070,PSQ-0205,CAJA PIZZA GRIS CORRUGADA X 50U,3,20215.94,3,Pedido histórico field mock (2025-10-07),true,5493818437953
PF-000070,PSQ-0215,CAMISETA 45 X 60 MUNDI MAX X PAQ (20),4,3180.32,3,Pedido histórico field mock (2025-10-07),true,5493818437953
PF-000071,PSQ-0310,DESTAPA CAÑERIAS X LT PSQUIMICA,4,1656.23,4,Pedido histórico field mock (2025-06-06),true,5493582132179
PF-000071,PSQ-0017,ANTI-HONGOS X 5LTS PSQUIMICA,1,10423.70,4,Pedido histórico field mock (2025-06-06),true,5493582132179
PF-000071,PSQ-0318,DETERGENTE USO DIRECTO X5L,4,4578.56,4,Pedido histórico field mock (2025-06-06),true,5493582132179
PF-000071,PSQ-0198,CAJA EMPANADA X 100U,4,6636.55,4,Pedido histórico field mock (2025-06-06),true,5493582132179
PF-000072,PSQ-0310,DESTAPA CAÑERIAS X LT PSQUIMICA,3,1656.23,4,Pedido histórico field mock (2025-07-05),true,5493582132179
PF-000072,PSQ-0017,ANTI-HONGOS X 5LTS PSQUIMICA,2,10423.70,4,Pedido histórico field mock (2025-07-05),true,5493582132179
PF-000072,PSQ-0462,LIMPIAVIDRIOS GATILLO 475ML PSQ,4,1420.94,4,Pedido histórico field mock (2025-07-05),true,5493582132179
PF-000073,PSQ-0310,DESTAPA CAÑERIAS X LT PSQUIMICA,4,1656.23,4,Pedido histórico field mock (2025-08-16),true,5493582132179
PF-000073,PSQ-0017,ANTI-HONGOS X 5LTS PSQUIMICA,1,10423.70,4,Pedido histórico field mock (2025-08-16),true,5493582132179
PF-000073,PSQ-0204,CAJA PIZZA GRANDE ECO VERDE X 100U (1),4,19873.95,4,Pedido histórico field mock (2025-08-16),true,5493582132179
PF-000073,PSQ-0462,LIMPIAVIDRIOS GATILLO 475ML PSQ,3,1420.94,4,Pedido histórico field mock (2025-08-16),true,5493582132179
PF-000074,PSQ-0310,DESTAPA CAÑERIAS X LT PSQUIMICA,2,1656.23,4,Pedido histórico field mock (2025-09-27),true,5493582132179
PF-000074,PSQ-0017,ANTI-HONGOS X 5LTS PSQUIMICA,1,10423.70,4,Pedido histórico field mock (2025-09-27),true,5493582132179
PF-000074,PSQ-0317,DETERGENTE USO DIRECTO X1L,1,1070.44,4,Pedido histórico field mock (2025-09-27),true,5493582132179
PF-000074,PSQ-0453,LAVANDINA X1L,4,791.04,4,Pedido histórico field mock (2025-09-27),true,5493582132179
PF-000075,PSQ-0310,DESTAPA CAÑERIAS X LT PSQUIMICA,3,1656.23,4,Pedido histórico field mock (2025-11-03),true,5493582132179
PF-000075,PSQ-0017,ANTI-HONGOS X 5LTS PSQUIMICA,3,10423.70,4,Pedido histórico field mock (2025-11-03),true,5493582132179
PF-000076,PSQ-0310,DESTAPA CAÑERIAS X LT PSQUIMICA,1,1656.23,4,Pedido histórico field mock (2025-12-13),true,5493582132179
PF-000076,PSQ-0017,ANTI-HONGOS X 5LTS PSQUIMICA,4,10423.70,4,Pedido histórico field mock (2025-12-13),true,5493582132179
PF-000076,PSQ-0317,DETERGENTE USO DIRECTO X1L,1,1070.44,4,Pedido histórico field mock (2025-12-13),true,5493582132179
PF-000076,PSQ-0204,CAJA PIZZA GRANDE ECO VERDE X 100U (1),3,19873.95,4,Pedido histórico field mock (2025-12-13),true,5493582132179
PF-000077,PSQ-0310,DESTAPA CAÑERIAS X LT PSQUIMICA,3,1656.23,4,Pedido histórico field mock (2026-01-17),true,5493582132179
PF-000077,PSQ-0017,ANTI-HONGOS X 5LTS PSQUIMICA,3,10423.70,4,Pedido histórico field mock (2026-01-17),true,5493582132179
PF-000078,PSQ-0016,ANTI-HONGOS GATILLO 500ML PSQ,1,1489.18,4,Pedido reciente field mock (2026-04-18),true,5493582132179
PF-000078,PSQ-0310,DESTAPA CAÑERIAS X LT PSQUIMICA,1,1656.23,4,Pedido reciente field mock (2026-04-18),true,5493582132179
PF-000079,PSQ-0295,DESENGRASANTE 500ML PSQUIMICA,1,1670.99,4,Pedido reciente field mock (2026-04-28),true,5493582132179
PF-000079,PSQ-0016,ANTI-HONGOS GATILLO 500ML PSQ,2,1489.18,4,Pedido reciente field mock (2026-04-28),true,5493582132179
PF-000080,PSQ-0295,DESENGRASANTE 500ML PSQUIMICA,1,1670.99,4,Pedido reciente field mock (2026-05-12),true,5493582132179
PF-000080,PSQ-0016,ANTI-HONGOS GATILLO 500ML PSQ,1,1489.18,4,Pedido reciente field mock (2026-05-12),true,5493582132179
PF-000081,PSQ-0016,ANTI-HONGOS GATILLO 500ML PSQ,2,1751.98,1,Pedido histórico field mock (2025-06-06),true,5493872845902
PF-000081,PSQ-0457,LIMPIA TAPIZADOS 500ML PSQ,2,688.43,1,Pedido histórico field mock (2025-06-06),true,5493872845902
PF-000081,PSQ-0487,MULTIUSO AZULEJOS X 500ML PSQUIMICA,1,1221.82,1,Pedido histórico field mock (2025-06-06),true,5493872845902
PF-000082,PSQ-0016,ANTI-HONGOS GATILLO 500ML PSQ,2,1751.98,1,Pedido histórico field mock (2025-07-13),true,5493872845902
PF-000082,PSQ-0457,LIMPIA TAPIZADOS 500ML PSQ,1,688.43,1,Pedido histórico field mock (2025-07-13),true,5493872845902
PF-000082,PSQ-0212,CAMISETA 40 X 50 ECO MUNDI POLIM. X PAQ (20),4,1975.20,1,Pedido histórico field mock (2025-07-13),true,5493872845902
PF-000082,PSQ-0198,CAJA EMPANADA X 100U,1,7807.70,1,Pedido histórico field mock (2025-07-13),true,5493872845902
PF-000083,PSQ-0016,ANTI-HONGOS GATILLO 500ML PSQ,4,1751.98,1,Pedido histórico field mock (2025-08-21),true,5493872845902
PF-000083,PSQ-0457,LIMPIA TAPIZADOS 500ML PSQ,3,688.43,1,Pedido histórico field mock (2025-08-21),true,5493872845902
PF-000083,PSQ-0561,PORTA VASOS CAFE X 50 UNI,3,4440.61,1,Pedido histórico field mock (2025-08-21),true,5493872845902
PF-000084,PSQ-0016,ANTI-HONGOS GATILLO 500ML PSQ,3,1751.98,1,Pedido histórico field mock (2025-09-21),true,5493872845902
PF-000084,PSQ-0457,LIMPIA TAPIZADOS 500ML PSQ,3,688.43,1,Pedido histórico field mock (2025-09-21),true,5493872845902
PF-000085,PSQ-0016,ANTI-HONGOS GATILLO 500ML PSQ,3,1751.98,1,Pedido histórico field mock (2025-11-01),true,5493872845902
PF-000085,PSQ-0457,LIMPIA TAPIZADOS 500ML PSQ,3,688.43,1,Pedido histórico field mock (2025-11-01),true,5493872845902
PF-000085,PSQ-0212,CAMISETA 40 X 50 ECO MUNDI POLIM. X PAQ (20),2,1975.20,1,Pedido histórico field mock (2025-11-01),true,5493872845902
PF-000086,PSQ-0016,ANTI-HONGOS GATILLO 500ML PSQ,3,1751.98,1,Pedido histórico field mock (2025-12-13),true,5493872845902
PF-000086,PSQ-0457,LIMPIA TAPIZADOS 500ML PSQ,3,688.43,1,Pedido histórico field mock (2025-12-13),true,5493872845902
PF-000086,PSQ-0212,CAMISETA 40 X 50 ECO MUNDI POLIM. X PAQ (20),1,1975.20,1,Pedido histórico field mock (2025-12-13),true,5493872845902
PF-000087,PSQ-0016,ANTI-HONGOS GATILLO 500ML PSQ,2,1751.98,1,Pedido histórico field mock (2026-01-12),true,5493872845902
PF-000087,PSQ-0457,LIMPIA TAPIZADOS 500ML PSQ,1,688.43,1,Pedido histórico field mock (2026-01-12),true,5493872845902
PF-000088,PSQ-0016,ANTI-HONGOS GATILLO 500ML PSQ,2,1751.98,1,Pedido reciente field mock (2026-04-05),true,5493872845902
PF-000088,PSQ-0295,DESENGRASANTE 500ML PSQUIMICA,3,1965.87,1,Pedido reciente field mock (2026-04-05),true,5493872845902
PF-000089,PSQ-0295,DESENGRASANTE 500ML PSQUIMICA,1,1965.87,1,Pedido reciente field mock (2026-04-27),true,5493872845902
PF-000089,PSQ-0457,LIMPIA TAPIZADOS 500ML PSQ,2,688.43,1,Pedido reciente field mock (2026-04-27),true,5493872845902
PF-000090,PSQ-0295,DESENGRASANTE 500ML PSQUIMICA,1,1965.87,1,Pedido reciente field mock (2026-05-15),true,5493872845902
PF-000090,PSQ-0310,DESTAPA CAÑERIAS X LT PSQUIMICA,1,1948.51,1,Pedido reciente field mock (2026-05-15),true,5493872845902
PF-000091,PSQ-0017,ANTI-HONGOS X 5LTS PSQUIMICA,1,14102.66,2,Pedido histórico field mock (2025-06-01),true,5492997670210
PF-000091,PSQ-0457,LIMPIA TAPIZADOS 500ML PSQ,1,791.69,2,Pedido histórico field mock (2025-06-01),true,5492997670210
PF-000092,PSQ-0017,ANTI-HONGOS X 5LTS PSQUIMICA,3,14102.66,2,Pedido histórico field mock (2025-07-05),true,5492997670210
PF-000092,PSQ-0457,LIMPIA TAPIZADOS 500ML PSQ,2,791.69,2,Pedido histórico field mock (2025-07-05),true,5492997670210
PF-000092,PSQ-0561,PORTA VASOS CAFE X 50 UNI,3,5106.70,2,Pedido histórico field mock (2025-07-05),true,5492997670210
PF-000093,PSQ-0017,ANTI-HONGOS X 5LTS PSQUIMICA,1,14102.66,2,Pedido histórico field mock (2025-08-18),true,5492997670210
PF-000093,PSQ-0457,LIMPIA TAPIZADOS 500ML PSQ,3,791.69,2,Pedido histórico field mock (2025-08-18),true,5492997670210
PF-000094,PSQ-0017,ANTI-HONGOS X 5LTS PSQUIMICA,2,14102.66,2,Pedido histórico field mock (2025-09-28),true,5492997670210
PF-000094,PSQ-0457,LIMPIA TAPIZADOS 500ML PSQ,3,791.69,2,Pedido histórico field mock (2025-09-28),true,5492997670210
PF-000095,PSQ-0017,ANTI-HONGOS X 5LTS PSQUIMICA,1,14102.66,2,Pedido histórico field mock (2025-10-28),true,5492997670210
PF-000095,PSQ-0457,LIMPIA TAPIZADOS 500ML PSQ,4,791.69,2,Pedido histórico field mock (2025-10-28),true,5492997670210
PF-000095,PSQ-0212,CAMISETA 40 X 50 ECO MUNDI POLIM. X PAQ (20),2,2271.48,2,Pedido histórico field mock (2025-10-28),true,5492997670210
PF-000096,PSQ-0017,ANTI-HONGOS X 5LTS PSQUIMICA,2,14102.66,2,Pedido histórico field mock (2025-12-04),true,5492997670210
PF-000096,PSQ-0457,LIMPIA TAPIZADOS 500ML PSQ,2,791.69,2,Pedido histórico field mock (2025-12-04),true,5492997670210
PF-000097,PSQ-0017,ANTI-HONGOS X 5LTS PSQUIMICA,3,14102.66,2,Pedido histórico field mock (2026-01-14),true,5492997670210
PF-000097,PSQ-0457,LIMPIA TAPIZADOS 500ML PSQ,2,791.69,2,Pedido histórico field mock (2026-01-14),true,5492997670210
PF-000098,PSQ-0295,DESENGRASANTE 500ML PSQUIMICA,2,2260.75,2,Pedido reciente field mock (2026-04-26),true,5492997670210
PF-000098,PSQ-0017,ANTI-HONGOS X 5LTS PSQUIMICA,2,14102.66,2,Pedido reciente field mock (2026-04-26),true,5492997670210
PF-000099,PSQ-0295,DESENGRASANTE 500ML PSQUIMICA,1,2260.75,2,Pedido reciente field mock (2026-05-07),true,5492997670210
PF-000099,PSQ-0016,ANTI-HONGOS GATILLO 500ML PSQ,2,2014.78,2,Pedido reciente field mock (2026-05-07),true,5492997670210
PF-000100,PSQ-0310,DESTAPA CAÑERIAS X LT PSQUIMICA,3,2240.79,2,Pedido reciente field mock (2026-05-14),true,5492997670210
PF-000100,PSQ-0017,ANTI-HONGOS X 5LTS PSQUIMICA,3,14102.66,2,Pedido reciente field mock (2026-05-14),true,5492997670210
PF-000101,PSQ-0457,LIMPIA TAPIZADOS 500ML PSQ,3,619.59,3,Pedido histórico field mock (2025-06-04),true,5493811657614
PF-000101,PSQ-0017,ANTI-HONGOS X 5LTS PSQUIMICA,1,11036.86,3,Pedido histórico field mock (2025-06-04),true,5493811657614
PF-000102,PSQ-0457,LIMPIA TAPIZADOS 500ML PSQ,3,619.59,3,Pedido histórico field mock (2025-07-09),true,5493811657614
PF-000102,PSQ-0017,ANTI-HONGOS X 5LTS PSQUIMICA,4,11036.86,3,Pedido histórico field mock (2025-07-09),true,5493811657614
PF-000102,PSQ-0204,CAJA PIZZA GRANDE ECO VERDE X 100U (1),1,21043.01,3,Pedido histórico field mock (2025-07-09),true,5493811657614
PF-000102,PSQ-0487,MULTIUSO AZULEJOS X 500ML PSQUIMICA,2,1099.64,3,Pedido histórico field mock (2025-07-09),true,5493811657614
PF-000103,PSQ-0457,LIMPIA TAPIZADOS 500ML PSQ,4,619.59,3,Pedido histórico field mock (2025-08-19),true,5493811657614
PF-000103,PSQ-0017,ANTI-HONGOS X 5LTS PSQUIMICA,4,11036.86,3,Pedido histórico field mock (2025-08-19),true,5493811657614
PF-000104,PSQ-0457,LIMPIA TAPIZADOS 500ML PSQ,2,619.59,3,Pedido histórico field mock (2025-09-27),true,5493811657614
PF-000104,PSQ-0017,ANTI-HONGOS X 5LTS PSQUIMICA,2,11036.86,3,Pedido histórico field mock (2025-09-27),true,5493811657614
PF-000104,PSQ-0454,LAVANDINA X5L,1,2308.09,3,Pedido histórico field mock (2025-09-27),true,5493811657614
PF-000104,PSQ-0453,LAVANDINA X1L,3,837.58,3,Pedido histórico field mock (2025-09-27),true,5493811657614
PF-000105,PSQ-0457,LIMPIA TAPIZADOS 500ML PSQ,3,619.59,3,Pedido histórico field mock (2025-10-28),true,5493811657614
PF-000105,PSQ-0017,ANTI-HONGOS X 5LTS PSQUIMICA,4,11036.86,3,Pedido histórico field mock (2025-10-28),true,5493811657614
PF-000105,PSQ-0204,CAJA PIZZA GRANDE ECO VERDE X 100U (1),3,21043.01,3,Pedido histórico field mock (2025-10-28),true,5493811657614
PF-000106,PSQ-0457,LIMPIA TAPIZADOS 500ML PSQ,2,619.59,3,Pedido histórico field mock (2025-12-13),true,5493811657614
PF-000106,PSQ-0017,ANTI-HONGOS X 5LTS PSQUIMICA,3,11036.86,3,Pedido histórico field mock (2025-12-13),true,5493811657614
PF-000106,PSQ-0212,CAMISETA 40 X 50 ECO MUNDI POLIM. X PAQ (20),3,1777.68,3,Pedido histórico field mock (2025-12-13),true,5493811657614
PF-000107,PSQ-0457,LIMPIA TAPIZADOS 500ML PSQ,3,619.59,3,Pedido histórico field mock (2026-01-17),true,5493811657614
PF-000107,PSQ-0017,ANTI-HONGOS X 5LTS PSQUIMICA,3,11036.86,3,Pedido histórico field mock (2026-01-17),true,5493811657614
PF-000107,PSQ-0318,DETERGENTE USO DIRECTO X5L,1,4847.89,3,Pedido histórico field mock (2026-01-17),true,5493811657614
PF-000107,PSQ-0215,CAMISETA 45 X 60 MUNDI MAX X PAQ (20),2,3180.32,3,Pedido histórico field mock (2026-01-17),true,5493811657614
PF-000108,PSQ-0310,DESTAPA CAÑERIAS X LT PSQUIMICA,3,1753.66,3,Pedido reciente field mock (2026-04-10),true,5493811657614
PF-000108,PSQ-0457,LIMPIA TAPIZADOS 500ML PSQ,3,619.59,3,Pedido reciente field mock (2026-04-10),true,5493811657614
PF-000109,PSQ-0310,DESTAPA CAÑERIAS X LT PSQUIMICA,1,1753.66,3,Pedido reciente field mock (2026-04-11),true,5493811657614
PF-000109,PSQ-0017,ANTI-HONGOS X 5LTS PSQUIMICA,1,11036.86,3,Pedido reciente field mock (2026-04-11),true,5493811657614
PF-000110,PSQ-0457,LIMPIA TAPIZADOS 500ML PSQ,3,619.59,3,Pedido reciente field mock (2026-05-02),true,5493811657614
PF-000110,PSQ-0017,ANTI-HONGOS X 5LTS PSQUIMICA,3,11036.86,3,Pedido reciente field mock (2026-05-02),true,5493811657614
PF-000111,PSQ-0016,ANTI-HONGOS GATILLO 500ML PSQ,1,1489.18,4,Pedido histórico field mock (2025-06-03),true,5492994145193
PF-000111,PSQ-0017,ANTI-HONGOS X 5LTS PSQUIMICA,2,10423.70,4,Pedido histórico field mock (2025-06-03),true,5492994145193
PF-000111,PSQ-0561,PORTA VASOS CAFE X 50 UNI,4,3774.52,4,Pedido histórico field mock (2025-06-03),true,5492994145193
PF-000111,PSQ-0205,CAJA PIZZA GRIS CORRUGADA X 50U,2,19092.83,4,Pedido histórico field mock (2025-06-03),true,5492994145193
PF-000112,PSQ-0016,ANTI-HONGOS GATILLO 500ML PSQ,2,1489.18,4,Pedido histórico field mock (2025-07-10),true,5492994145193
PF-000112,PSQ-0017,ANTI-HONGOS X 5LTS PSQUIMICA,1,10423.70,4,Pedido histórico field mock (2025-07-10),true,5492994145193
PF-000112,PSQ-0204,CAJA PIZZA GRANDE ECO VERDE X 100U (1),3,19873.95,4,Pedido histórico field mock (2025-07-10),true,5492994145193
PF-000113,PSQ-0016,ANTI-HONGOS GATILLO 500ML PSQ,3,1489.18,4,Pedido histórico field mock (2025-08-13),true,5492994145193
PF-000113,PSQ-0017,ANTI-HONGOS X 5LTS PSQUIMICA,2,10423.70,4,Pedido histórico field mock (2025-08-13),true,5492994145193
PF-000114,PSQ-0016,ANTI-HONGOS GATILLO 500ML PSQ,3,1489.18,4,Pedido histórico field mock (2025-09-23),true,5492994145193
PF-000114,PSQ-0017,ANTI-HONGOS X 5LTS PSQUIMICA,4,10423.70,4,Pedido histórico field mock (2025-09-23),true,5492994145193
PF-000115,PSQ-0016,ANTI-HONGOS GATILLO 500ML PSQ,4,1489.18,4,Pedido histórico field mock (2025-11-02),true,5492994145193
PF-000115,PSQ-0017,ANTI-HONGOS X 5LTS PSQUIMICA,1,10423.70,4,Pedido histórico field mock (2025-11-02),true,5492994145193
PF-000115,PSQ-0582,QUITASARRO GATILLO 500ML PSQ,3,1814.50,4,Pedido histórico field mock (2025-11-02),true,5492994145193
PF-000115,PSQ-0212,CAMISETA 40 X 50 ECO MUNDI POLIM. X PAQ (20),1,1678.92,4,Pedido histórico field mock (2025-11-02),true,5492994145193
PF-000116,PSQ-0016,ANTI-HONGOS GATILLO 500ML PSQ,2,1489.18,4,Pedido histórico field mock (2025-12-06),true,5492994145193
PF-000116,PSQ-0017,ANTI-HONGOS X 5LTS PSQUIMICA,4,10423.70,4,Pedido histórico field mock (2025-12-06),true,5492994145193
PF-000117,PSQ-0016,ANTI-HONGOS GATILLO 500ML PSQ,4,1489.18,4,Pedido histórico field mock (2026-01-11),true,5492994145193
PF-000117,PSQ-0017,ANTI-HONGOS X 5LTS PSQUIMICA,4,10423.70,4,Pedido histórico field mock (2026-01-11),true,5492994145193
PF-000118,PSQ-0017,ANTI-HONGOS X 5LTS PSQUIMICA,3,10423.70,4,Pedido reciente field mock (2026-04-16),true,5492994145193
PF-000118,PSQ-0457,LIMPIA TAPIZADOS 500ML PSQ,3,585.17,4,Pedido reciente field mock (2026-04-16),true,5492994145193
PF-000119,PSQ-0017,ANTI-HONGOS X 5LTS PSQUIMICA,2,10423.70,4,Pedido reciente field mock (2026-04-23),true,5492994145193
PF-000119,PSQ-0457,LIMPIA TAPIZADOS 500ML PSQ,1,585.17,4,Pedido reciente field mock (2026-04-23),true,5492994145193
PF-000120,PSQ-0295,DESENGRASANTE 500ML PSQUIMICA,2,1670.99,4,Pedido reciente field mock (2026-05-04),true,5492994145193
PF-000120,PSQ-0457,LIMPIA TAPIZADOS 500ML PSQ,3,585.17,4,Pedido reciente field mock (2026-05-04),true,5492994145193
PF-000121,PSQ-0295,DESENGRASANTE 500ML PSQUIMICA,4,1965.87,1,Pedido histórico field mock (2025-06-01),true,5493515971311
PF-000121,PSQ-0017,ANTI-HONGOS X 5LTS PSQUIMICA,3,12263.18,1,Pedido histórico field mock (2025-06-01),true,5493515971311
PF-000121,PSQ-0453,LAVANDINA X1L,1,930.64,1,Pedido histórico field mock (2025-06-01),true,5493515971311
PF-000121,PSQ-0318,DETERGENTE USO DIRECTO X5L,2,5386.54,1,Pedido histórico field mock (2025-06-01),true,5493515971311
PF-000122,PSQ-0295,DESENGRASANTE 500ML PSQUIMICA,3,1965.87,1,Pedido histórico field mock (2025-07-10),true,5493515971311
PF-000122,PSQ-0017,ANTI-HONGOS X 5LTS PSQUIMICA,4,12263.18,1,Pedido histórico field mock (2025-07-10),true,5493515971311
PF-000122,PSQ-0212,CAMISETA 40 X 50 ECO MUNDI POLIM. X PAQ (20),4,1975.20,1,Pedido histórico field mock (2025-07-10),true,5493515971311
PF-000122,PSQ-0218,CAMISETA 50 X 70 MUNDI MAX X PAQ (20),4,5698.52,1,Pedido histórico field mock (2025-07-10),true,5493515971311
PF-000123,PSQ-0295,DESENGRASANTE 500ML PSQUIMICA,4,1965.87,1,Pedido histórico field mock (2025-08-20),true,5493515971311
PF-000123,PSQ-0017,ANTI-HONGOS X 5LTS PSQUIMICA,4,12263.18,1,Pedido histórico field mock (2025-08-20),true,5493515971311
PF-000123,PSQ-0576,QUITAMANCHAS 500ML PSQ,1,1363.64,1,Pedido histórico field mock (2025-08-20),true,5493515971311
PF-000124,PSQ-0295,DESENGRASANTE 500ML PSQUIMICA,1,1965.87,1,Pedido histórico field mock (2025-09-21),true,5493515971311
PF-000124,PSQ-0017,ANTI-HONGOS X 5LTS PSQUIMICA,1,12263.18,1,Pedido histórico field mock (2025-09-21),true,5493515971311
PF-000125,PSQ-0295,DESENGRASANTE 500ML PSQUIMICA,4,1965.87,1,Pedido histórico field mock (2025-11-04),true,5493515971311
PF-000125,PSQ-0017,ANTI-HONGOS X 5LTS PSQUIMICA,4,12263.18,1,Pedido histórico field mock (2025-11-04),true,5493515971311
PF-000125,PSQ-0576,QUITAMANCHAS 500ML PSQ,1,1363.64,1,Pedido histórico field mock (2025-11-04),true,5493515971311
PF-000126,PSQ-0295,DESENGRASANTE 500ML PSQUIMICA,3,1965.87,1,Pedido histórico field mock (2025-12-08),true,5493515971311
PF-000126,PSQ-0017,ANTI-HONGOS X 5LTS PSQUIMICA,4,12263.18,1,Pedido histórico field mock (2025-12-08),true,5493515971311
PF-000126,PSQ-0317,DETERGENTE USO DIRECTO X1L,2,1259.34,1,Pedido histórico field mock (2025-12-08),true,5493515971311
PF-000127,PSQ-0295,DESENGRASANTE 500ML PSQUIMICA,2,1965.87,1,Pedido histórico field mock (2026-01-11),true,5493515971311
PF-000127,PSQ-0017,ANTI-HONGOS X 5LTS PSQUIMICA,1,12263.18,1,Pedido histórico field mock (2026-01-11),true,5493515971311
PF-000127,PSQ-0218,CAMISETA 50 X 70 MUNDI MAX X PAQ (20),3,5698.52,1,Pedido histórico field mock (2026-01-11),true,5493515971311
PF-000127,PSQ-0487,MULTIUSO AZULEJOS X 500ML PSQUIMICA,3,1221.82,1,Pedido histórico field mock (2026-01-11),true,5493515971311
PF-000128,PSQ-0295,DESENGRASANTE 500ML PSQUIMICA,2,1965.87,1,Pedido reciente field mock (2026-04-19),true,5493515971311
PF-000128,PSQ-0457,LIMPIA TAPIZADOS 500ML PSQ,1,688.43,1,Pedido reciente field mock (2026-04-19),true,5493515971311
PF-000129,PSQ-0016,ANTI-HONGOS GATILLO 500ML PSQ,2,1751.98,1,Pedido reciente field mock (2026-04-21),true,5493515971311
PF-000129,PSQ-0310,DESTAPA CAÑERIAS X LT PSQUIMICA,3,1948.51,1,Pedido reciente field mock (2026-04-21),true,5493515971311
PF-000130,PSQ-0295,DESENGRASANTE 500ML PSQUIMICA,2,1965.87,1,Pedido reciente field mock (2026-05-20),true,5493515971311
PF-000130,PSQ-0016,ANTI-HONGOS GATILLO 500ML PSQ,1,1751.98,1,Pedido reciente field mock (2026-05-20),true,5493515971311
PF-000131,PSQ-0017,ANTI-HONGOS X 5LTS PSQUIMICA,4,14102.66,2,Pedido histórico field mock (2025-06-01),true,5492994228106
PF-000131,PSQ-0295,DESENGRASANTE 500ML PSQUIMICA,4,2260.75,2,Pedido histórico field mock (2025-06-01),true,5492994228106
PF-000131,PSQ-0582,QUITASARRO GATILLO 500ML PSQ,1,2454.92,2,Pedido histórico field mock (2025-06-01),true,5492994228106
PF-000131,PSQ-0204,CAJA PIZZA GRANDE ECO VERDE X 100U (1),2,26888.29,2,Pedido histórico field mock (2025-06-01),true,5492994228106
PF-000132,PSQ-0017,ANTI-HONGOS X 5LTS PSQUIMICA,3,14102.66,2,Pedido histórico field mock (2025-07-13),true,5492994228106
PF-000132,PSQ-0295,DESENGRASANTE 500ML PSQUIMICA,3,2260.75,2,Pedido histórico field mock (2025-07-13),true,5492994228106
PF-000132,PSQ-0462,LIMPIAVIDRIOS GATILLO 475ML PSQ,3,1922.44,2,Pedido histórico field mock (2025-07-13),true,5492994228106
PF-000132,PSQ-0317,DETERGENTE USO DIRECTO X1L,1,1448.24,2,Pedido histórico field mock (2025-07-13),true,5492994228106
PF-000133,PSQ-0017,ANTI-HONGOS X 5LTS PSQUIMICA,4,14102.66,2,Pedido histórico field mock (2025-08-18),true,5492994228106
PF-000133,PSQ-0295,DESENGRASANTE 500ML PSQUIMICA,4,2260.75,2,Pedido histórico field mock (2025-08-18),true,5492994228106
PF-000133,PSQ-0318,DETERGENTE USO DIRECTO X5L,1,6194.52,2,Pedido histórico field mock (2025-08-18),true,5492994228106
PF-000133,PSQ-0317,DETERGENTE USO DIRECTO X1L,1,1448.24,2,Pedido histórico field mock (2025-08-18),true,5492994228106
PF-000134,PSQ-0017,ANTI-HONGOS X 5LTS PSQUIMICA,4,14102.66,2,Pedido histórico field mock (2025-09-21),true,5492994228106
PF-000134,PSQ-0295,DESENGRASANTE 500ML PSQUIMICA,4,2260.75,2,Pedido histórico field mock (2025-09-21),true,5492994228106
PF-000134,PSQ-0318,DETERGENTE USO DIRECTO X5L,1,6194.52,2,Pedido histórico field mock (2025-09-21),true,5492994228106
PF-000134,PSQ-0212,CAMISETA 40 X 50 ECO MUNDI POLIM. X PAQ (20),4,2271.48,2,Pedido histórico field mock (2025-09-21),true,5492994228106
PF-000135,PSQ-0017,ANTI-HONGOS X 5LTS PSQUIMICA,1,14102.66,2,Pedido histórico field mock (2025-10-31),true,5492994228106
PF-000135,PSQ-0295,DESENGRASANTE 500ML PSQUIMICA,4,2260.75,2,Pedido histórico field mock (2025-10-31),true,5492994228106
PF-000136,PSQ-0017,ANTI-HONGOS X 5LTS PSQUIMICA,2,14102.66,2,Pedido histórico field mock (2025-12-13),true,5492994228106
PF-000136,PSQ-0295,DESENGRASANTE 500ML PSQUIMICA,3,2260.75,2,Pedido histórico field mock (2025-12-13),true,5492994228106
PF-000136,PSQ-0215,CAMISETA 45 X 60 MUNDI MAX X PAQ (20),3,4063.74,2,Pedido histórico field mock (2025-12-13),true,5492994228106
PF-000137,PSQ-0017,ANTI-HONGOS X 5LTS PSQUIMICA,3,14102.66,2,Pedido histórico field mock (2026-01-15),true,5492994228106
PF-000137,PSQ-0295,DESENGRASANTE 500ML PSQUIMICA,1,2260.75,2,Pedido histórico field mock (2026-01-15),true,5492994228106
PF-000137,PSQ-0576,QUITAMANCHAS 500ML PSQ,3,1568.19,2,Pedido histórico field mock (2026-01-15),true,5492994228106
PF-000137,PSQ-0198,CAJA EMPANADA X 100U,2,8978.85,2,Pedido histórico field mock (2026-01-15),true,5492994228106
PF-000138,PSQ-0017,ANTI-HONGOS X 5LTS PSQUIMICA,1,14102.66,2,Pedido reciente field mock (2026-04-04),true,5492994228106
PF-000138,PSQ-0310,DESTAPA CAÑERIAS X LT PSQUIMICA,3,2240.79,2,Pedido reciente field mock (2026-04-04),true,5492994228106
PF-000139,PSQ-0016,ANTI-HONGOS GATILLO 500ML PSQ,1,2014.78,2,Pedido reciente field mock (2026-05-15),true,5492994228106
PF-000139,PSQ-0310,DESTAPA CAÑERIAS X LT PSQUIMICA,2,2240.79,2,Pedido reciente field mock (2026-05-15),true,5492994228106
PF-000140,PSQ-0017,ANTI-HONGOS X 5LTS PSQUIMICA,2,14102.66,2,Pedido reciente field mock (2026-05-18),true,5492994228106
PF-000140,PSQ-0016,ANTI-HONGOS GATILLO 500ML PSQ,3,2014.78,2,Pedido reciente field mock (2026-05-18),true,5492994228106
PF-000141,PSQ-0016,ANTI-HONGOS GATILLO 500ML PSQ,4,1576.78,3,Pedido histórico field mock (2025-06-02),true,5492998718887
PF-000141,PSQ-0017,ANTI-HONGOS X 5LTS PSQUIMICA,1,11036.86,3,Pedido histórico field mock (2025-06-02),true,5492998718887
PF-000141,PSQ-0218,CAMISETA 50 X 70 MUNDI MAX X PAQ (20),2,5128.67,3,Pedido histórico field mock (2025-06-02),true,5492998718887
PF-000141,PSQ-0204,CAJA PIZZA GRANDE ECO VERDE X 100U (1),3,21043.01,3,Pedido histórico field mock (2025-06-02),true,5492998718887
PF-000142,PSQ-0016,ANTI-HONGOS GATILLO 500ML PSQ,1,1576.78,3,Pedido histórico field mock (2025-07-11),true,5492998718887
PF-000142,PSQ-0017,ANTI-HONGOS X 5LTS PSQUIMICA,1,11036.86,3,Pedido histórico field mock (2025-07-11),true,5492998718887
PF-000142,PSQ-0582,QUITASARRO GATILLO 500ML PSQ,3,1921.24,3,Pedido histórico field mock (2025-07-11),true,5492998718887
PF-000142,PSQ-0318,DETERGENTE USO DIRECTO X5L,4,4847.89,3,Pedido histórico field mock (2025-07-11),true,5492998718887
PF-000143,PSQ-0016,ANTI-HONGOS GATILLO 500ML PSQ,4,1576.78,3,Pedido histórico field mock (2025-08-11),true,5492998718887
PF-000143,PSQ-0017,ANTI-HONGOS X 5LTS PSQUIMICA,4,11036.86,3,Pedido histórico field mock (2025-08-11),true,5492998718887
PF-000143,PSQ-0462,LIMPIAVIDRIOS GATILLO 475ML PSQ,3,1504.52,3,Pedido histórico field mock (2025-08-11),true,5492998718887
PF-000143,PSQ-0453,LAVANDINA X1L,4,837.58,3,Pedido histórico field mock (2025-08-11),true,5492998718887
PF-000144,PSQ-0016,ANTI-HONGOS GATILLO 500ML PSQ,1,1576.78,3,Pedido histórico field mock (2025-09-28),true,5492998718887
PF-000144,PSQ-0017,ANTI-HONGOS X 5LTS PSQUIMICA,3,11036.86,3,Pedido histórico field mock (2025-09-28),true,5492998718887
PF-000144,PSQ-0317,DETERGENTE USO DIRECTO X1L,3,1133.41,3,Pedido histórico field mock (2025-09-28),true,5492998718887
PF-000145,PSQ-0016,ANTI-HONGOS GATILLO 500ML PSQ,3,1576.78,3,Pedido histórico field mock (2025-10-27),true,5492998718887
PF-000145,PSQ-0017,ANTI-HONGOS X 5LTS PSQUIMICA,1,11036.86,3,Pedido histórico field mock (2025-10-27),true,5492998718887
PF-000145,PSQ-0454,LAVANDINA X5L,2,2308.09,3,Pedido histórico field mock (2025-10-27),true,5492998718887
PF-000145,PSQ-0561,PORTA VASOS CAFE X 50 UNI,2,3996.55,3,Pedido histórico field mock (2025-10-27),true,5492998718887
PF-000146,PSQ-0016,ANTI-HONGOS GATILLO 500ML PSQ,4,1576.78,3,Pedido histórico field mock (2025-12-06),true,5492998718887
PF-000146,PSQ-0017,ANTI-HONGOS X 5LTS PSQUIMICA,2,11036.86,3,Pedido histórico field mock (2025-12-06),true,5492998718887
PF-000147,PSQ-0016,ANTI-HONGOS GATILLO 500ML PSQ,4,1576.78,3,Pedido histórico field mock (2026-01-19),true,5492998718887
PF-000147,PSQ-0017,ANTI-HONGOS X 5LTS PSQUIMICA,4,11036.86,3,Pedido histórico field mock (2026-01-19),true,5492998718887
PF-000148,PSQ-0457,LIMPIA TAPIZADOS 500ML PSQ,1,619.59,3,Pedido reciente field mock (2026-04-14),true,5492998718887
PF-000148,PSQ-0016,ANTI-HONGOS GATILLO 500ML PSQ,2,1576.78,3,Pedido reciente field mock (2026-04-14),true,5492998718887
PF-000149,PSQ-0310,DESTAPA CAÑERIAS X LT PSQUIMICA,2,1753.66,3,Pedido reciente field mock (2026-04-23),true,5492998718887
PF-000149,PSQ-0016,ANTI-HONGOS GATILLO 500ML PSQ,3,1576.78,3,Pedido reciente field mock (2026-04-23),true,5492998718887
PF-000150,PSQ-0016,ANTI-HONGOS GATILLO 500ML PSQ,1,1576.78,3,Pedido reciente field mock (2026-05-20),true,5492998718887
PF-000150,PSQ-0295,DESENGRASANTE 500ML PSQUIMICA,1,1769.28,3,Pedido reciente field mock (2026-05-20),true,5492998718887
PF-000151,PSQ-0016,ANTI-HONGOS GATILLO 500ML PSQ,3,1489.18,4,Pedido histórico field mock (2025-06-01),true,5492995028869
PF-000151,PSQ-0310,DESTAPA CAÑERIAS X LT PSQUIMICA,1,1656.23,4,Pedido histórico field mock (2025-06-01),true,5492995028869
PF-000151,PSQ-0212,CAMISETA 40 X 50 ECO MUNDI POLIM. X PAQ (20),4,1678.92,4,Pedido histórico field mock (2025-06-01),true,5492995028869
PF-000151,PSQ-0454,LAVANDINA X5L,3,2179.86,4,Pedido histórico field mock (2025-06-01),true,5492995028869
PF-000152,PSQ-0016,ANTI-HONGOS GATILLO 500ML PSQ,2,1489.18,4,Pedido histórico field mock (2025-07-05),true,5492995028869
PF-000152,PSQ-0310,DESTAPA CAÑERIAS X LT PSQUIMICA,2,1656.23,4,Pedido histórico field mock (2025-07-05),true,5492995028869
PF-000153,PSQ-0016,ANTI-HONGOS GATILLO 500ML PSQ,4,1489.18,4,Pedido histórico field mock (2025-08-13),true,5492995028869
PF-000153,PSQ-0310,DESTAPA CAÑERIAS X LT PSQUIMICA,2,1656.23,4,Pedido histórico field mock (2025-08-13),true,5492995028869
PF-000153,PSQ-0204,CAJA PIZZA GRANDE ECO VERDE X 100U (1),2,19873.95,4,Pedido histórico field mock (2025-08-13),true,5492995028869
PF-000154,PSQ-0016,ANTI-HONGOS GATILLO 500ML PSQ,2,1489.18,4,Pedido histórico field mock (2025-09-20),true,5492995028869
PF-000154,PSQ-0310,DESTAPA CAÑERIAS X LT PSQUIMICA,1,1656.23,4,Pedido histórico field mock (2025-09-20),true,5492995028869
PF-000154,PSQ-0198,CAJA EMPANADA X 100U,4,6636.55,4,Pedido histórico field mock (2025-09-20),true,5492995028869
PF-000154,PSQ-0205,CAJA PIZZA GRIS CORRUGADA X 50U,2,19092.83,4,Pedido histórico field mock (2025-09-20),true,5492995028869
PF-000155,PSQ-0016,ANTI-HONGOS GATILLO 500ML PSQ,1,1489.18,4,Pedido histórico field mock (2025-10-28),true,5492995028869
PF-000155,PSQ-0310,DESTAPA CAÑERIAS X LT PSQUIMICA,4,1656.23,4,Pedido histórico field mock (2025-10-28),true,5492995028869
PF-000155,PSQ-0218,CAMISETA 50 X 70 MUNDI MAX X PAQ (20),1,4843.74,4,Pedido histórico field mock (2025-10-28),true,5492995028869
PF-000155,PSQ-0462,LIMPIAVIDRIOS GATILLO 475ML PSQ,2,1420.94,4,Pedido histórico field mock (2025-10-28),true,5492995028869
PF-000156,PSQ-0016,ANTI-HONGOS GATILLO 500ML PSQ,1,1489.18,4,Pedido histórico field mock (2025-12-12),true,5492995028869
PF-000156,PSQ-0310,DESTAPA CAÑERIAS X LT PSQUIMICA,2,1656.23,4,Pedido histórico field mock (2025-12-12),true,5492995028869
PF-000157,PSQ-0016,ANTI-HONGOS GATILLO 500ML PSQ,4,1489.18,4,Pedido histórico field mock (2026-01-19),true,5492995028869
PF-000157,PSQ-0310,DESTAPA CAÑERIAS X LT PSQUIMICA,1,1656.23,4,Pedido histórico field mock (2026-01-19),true,5492995028869
PF-000158,PSQ-0295,DESENGRASANTE 500ML PSQUIMICA,1,1670.99,4,Pedido reciente field mock (2026-04-08),true,5492995028869
PF-000158,PSQ-0017,ANTI-HONGOS X 5LTS PSQUIMICA,3,10423.70,4,Pedido reciente field mock (2026-04-08),true,5492995028869
PF-000159,PSQ-0310,DESTAPA CAÑERIAS X LT PSQUIMICA,2,1656.23,4,Pedido reciente field mock (2026-04-26),true,5492995028869
PF-000159,PSQ-0016,ANTI-HONGOS GATILLO 500ML PSQ,3,1489.18,4,Pedido reciente field mock (2026-04-26),true,5492995028869
PF-000160,PSQ-0310,DESTAPA CAÑERIAS X LT PSQUIMICA,1,1656.23,4,Pedido reciente field mock (2026-05-03),true,5492995028869
PF-000160,PSQ-0457,LIMPIA TAPIZADOS 500ML PSQ,2,585.17,4,Pedido reciente field mock (2026-05-03),true,5492995028869
PF-000161,PSQ-0310,DESTAPA CAÑERIAS X LT PSQUIMICA,4,1948.51,1,Pedido histórico field mock (2025-06-05),true,5493517304254
PF-000161,PSQ-0295,DESENGRASANTE 500ML PSQUIMICA,1,1965.87,1,Pedido histórico field mock (2025-06-05),true,5493517304254
PF-000161,PSQ-0317,DETERGENTE USO DIRECTO X1L,2,1259.34,1,Pedido histórico field mock (2025-06-05),true,5493517304254
PF-000162,PSQ-0310,DESTAPA CAÑERIAS X LT PSQUIMICA,3,1948.51,1,Pedido histórico field mock (2025-07-05),true,5493517304254
PF-000162,PSQ-0295,DESENGRASANTE 500ML PSQUIMICA,4,1965.87,1,Pedido histórico field mock (2025-07-05),true,5493517304254
PF-000162,PSQ-0582,QUITASARRO GATILLO 500ML PSQ,3,2134.71,1,Pedido histórico field mock (2025-07-05),true,5493517304254
PF-000163,PSQ-0310,DESTAPA CAÑERIAS X LT PSQUIMICA,1,1948.51,1,Pedido histórico field mock (2025-08-19),true,5493517304254
PF-000163,PSQ-0295,DESENGRASANTE 500ML PSQUIMICA,4,1965.87,1,Pedido histórico field mock (2025-08-19),true,5493517304254
PF-000163,PSQ-0198,CAJA EMPANADA X 100U,3,7807.70,1,Pedido histórico field mock (2025-08-19),true,5493517304254
PF-000164,PSQ-0310,DESTAPA CAÑERIAS X LT PSQUIMICA,3,1948.51,1,Pedido histórico field mock (2025-09-25),true,5493517304254
PF-000164,PSQ-0295,DESENGRASANTE 500ML PSQUIMICA,3,1965.87,1,Pedido histórico field mock (2025-09-25),true,5493517304254
PF-000164,PSQ-0576,QUITAMANCHAS 500ML PSQ,1,1363.64,1,Pedido histórico field mock (2025-09-25),true,5493517304254
PF-000165,PSQ-0310,DESTAPA CAÑERIAS X LT PSQUIMICA,1,1948.51,1,Pedido histórico field mock (2025-10-31),true,5493517304254
PF-000165,PSQ-0295,DESENGRASANTE 500ML PSQUIMICA,3,1965.87,1,Pedido histórico field mock (2025-10-31),true,5493517304254
PF-000166,PSQ-0310,DESTAPA CAÑERIAS X LT PSQUIMICA,3,1948.51,1,Pedido histórico field mock (2025-12-11),true,5493517304254
PF-000166,PSQ-0295,DESENGRASANTE 500ML PSQUIMICA,4,1965.87,1,Pedido histórico field mock (2025-12-11),true,5493517304254
PF-000166,PSQ-0205,CAJA PIZZA GRIS CORRUGADA X 50U,3,22462.15,1,Pedido histórico field mock (2025-12-11),true,5493517304254
PF-000167,PSQ-0310,DESTAPA CAÑERIAS X LT PSQUIMICA,4,1948.51,1,Pedido histórico field mock (2026-01-10),true,5493517304254
PF-000167,PSQ-0295,DESENGRASANTE 500ML PSQUIMICA,1,1965.87,1,Pedido histórico field mock (2026-01-10),true,5493517304254
PF-000167,PSQ-0317,DETERGENTE USO DIRECTO X1L,3,1259.34,1,Pedido histórico field mock (2026-01-10),true,5493517304254
PF-000168,PSQ-0310,DESTAPA CAÑERIAS X LT PSQUIMICA,1,1948.51,1,Pedido reciente field mock (2026-04-25),true,5493517304254
PF-000168,PSQ-0457,LIMPIA TAPIZADOS 500ML PSQ,1,688.43,1,Pedido reciente field mock (2026-04-25),true,5493517304254
PF-000169,PSQ-0016,ANTI-HONGOS GATILLO 500ML PSQ,2,1751.98,1,Pedido reciente field mock (2026-04-30),true,5493517304254
PF-000169,PSQ-0017,ANTI-HONGOS X 5LTS PSQUIMICA,1,12263.18,1,Pedido reciente field mock (2026-04-30),true,5493517304254
PF-000170,PSQ-0016,ANTI-HONGOS GATILLO 500ML PSQ,2,1751.98,1,Pedido reciente field mock (2026-05-02),true,5493517304254
PF-000170,PSQ-0295,DESENGRASANTE 500ML PSQUIMICA,3,1965.87,1,Pedido reciente field mock (2026-05-02),true,5493517304254
PF-000171,PSQ-0457,LIMPIA TAPIZADOS 500ML PSQ,1,791.69,2,Pedido histórico field mock (2025-06-01),true,5493416986538
PF-000171,PSQ-0295,DESENGRASANTE 500ML PSQUIMICA,2,2260.75,2,Pedido histórico field mock (2025-06-01),true,5493416986538
PF-000171,PSQ-0561,PORTA VASOS CAFE X 50 UNI,1,5106.70,2,Pedido histórico field mock (2025-06-01),true,5493416986538
PF-000171,PSQ-0205,CAJA PIZZA GRIS CORRUGADA X 50U,3,25831.47,2,Pedido histórico field mock (2025-06-01),true,5493416986538
PF-000172,PSQ-0457,LIMPIA TAPIZADOS 500ML PSQ,1,791.69,2,Pedido histórico field mock (2025-07-09),true,5493416986538
PF-000172,PSQ-0295,DESENGRASANTE 500ML PSQUIMICA,4,2260.75,2,Pedido histórico field mock (2025-07-09),true,5493416986538
PF-000172,PSQ-0212,CAMISETA 40 X 50 ECO MUNDI POLIM. X PAQ (20),3,2271.48,2,Pedido histórico field mock (2025-07-09),true,5493416986538
PF-000172,PSQ-0218,CAMISETA 50 X 70 MUNDI MAX X PAQ (20),1,6553.30,2,Pedido histórico field mock (2025-07-09),true,5493416986538
PF-000173,PSQ-0457,LIMPIA TAPIZADOS 500ML PSQ,3,791.69,2,Pedido histórico field mock (2025-08-21),true,5493416986538
PF-000173,PSQ-0295,DESENGRASANTE 500ML PSQUIMICA,3,2260.75,2,Pedido histórico field mock (2025-08-21),true,5493416986538
PF-000173,PSQ-0215,CAMISETA 45 X 60 MUNDI MAX X PAQ (20),1,4063.74,2,Pedido histórico field mock (2025-08-21),true,5493416986538
PF-000174,PSQ-0457,LIMPIA TAPIZADOS 500ML PSQ,1,791.69,2,Pedido histórico field mock (2025-09-22),true,5493416986538
PF-000174,PSQ-0295,DESENGRASANTE 500ML PSQUIMICA,2,2260.75,2,Pedido histórico field mock (2025-09-22),true,5493416986538
PF-000174,PSQ-0582,QUITASARRO GATILLO 500ML PSQ,3,2454.92,2,Pedido histórico field mock (2025-09-22),true,5493416986538
PF-000174,PSQ-0218,CAMISETA 50 X 70 MUNDI MAX X PAQ (20),1,6553.30,2,Pedido histórico field mock (2025-09-22),true,5493416986538
PF-000175,PSQ-0457,LIMPIA TAPIZADOS 500ML PSQ,1,791.69,2,Pedido histórico field mock (2025-10-28),true,5493416986538
PF-000175,PSQ-0295,DESENGRASANTE 500ML PSQUIMICA,4,2260.75,2,Pedido histórico field mock (2025-10-28),true,5493416986538
PF-000175,PSQ-0454,LAVANDINA X5L,1,2949.22,2,Pedido histórico field mock (2025-10-28),true,5493416986538
PF-000175,PSQ-0212,CAMISETA 40 X 50 ECO MUNDI POLIM. X PAQ (20),1,2271.48,2,Pedido histórico field mock (2025-10-28),true,5493416986538
PF-000176,PSQ-0457,LIMPIA TAPIZADOS 500ML PSQ,4,791.69,2,Pedido histórico field mock (2025-12-09),true,5493416986538
PF-000176,PSQ-0295,DESENGRASANTE 500ML PSQUIMICA,4,2260.75,2,Pedido histórico field mock (2025-12-09),true,5493416986538
PF-000176,PSQ-0212,CAMISETA 40 X 50 ECO MUNDI POLIM. X PAQ (20),3,2271.48,2,Pedido histórico field mock (2025-12-09),true,5493416986538
PF-000177,PSQ-0457,LIMPIA TAPIZADOS 500ML PSQ,2,791.69,2,Pedido histórico field mock (2026-01-16),true,5493416986538
PF-000177,PSQ-0295,DESENGRASANTE 500ML PSQUIMICA,2,2260.75,2,Pedido histórico field mock (2026-01-16),true,5493416986538
PF-000177,PSQ-0318,DETERGENTE USO DIRECTO X5L,4,6194.52,2,Pedido histórico field mock (2026-01-16),true,5493416986538
PF-000178,PSQ-0017,ANTI-HONGOS X 5LTS PSQUIMICA,2,14102.66,2,Pedido reciente field mock (2026-04-13),true,5493416986538
PF-000178,PSQ-0310,DESTAPA CAÑERIAS X LT PSQUIMICA,3,2240.79,2,Pedido reciente field mock (2026-04-13),true,5493416986538
PF-000179,PSQ-0295,DESENGRASANTE 500ML PSQUIMICA,2,2260.75,2,Pedido reciente field mock (2026-04-21),true,5493416986538
PF-000179,PSQ-0457,LIMPIA TAPIZADOS 500ML PSQ,1,791.69,2,Pedido reciente field mock (2026-04-21),true,5493416986538
PF-000180,PSQ-0457,LIMPIA TAPIZADOS 500ML PSQ,2,791.69,2,Pedido reciente field mock (2026-05-07),true,5493416986538
PF-000180,PSQ-0017,ANTI-HONGOS X 5LTS PSQUIMICA,2,14102.66,2,Pedido reciente field mock (2026-05-07),true,5493416986538
PF-000181,PSQ-0016,ANTI-HONGOS GATILLO 500ML PSQ,2,1576.78,3,Pedido histórico field mock (2025-06-01),true,5492619239862
PF-000181,PSQ-0017,ANTI-HONGOS X 5LTS PSQUIMICA,3,11036.86,3,Pedido histórico field mock (2025-06-01),true,5492619239862
PF-000181,PSQ-0215,CAMISETA 45 X 60 MUNDI MAX X PAQ (20),3,3180.32,3,Pedido histórico field mock (2025-06-01),true,5492619239862
PF-000182,PSQ-0016,ANTI-HONGOS GATILLO 500ML PSQ,3,1576.78,3,Pedido histórico field mock (2025-07-11),true,5492619239862
PF-000182,PSQ-0017,ANTI-HONGOS X 5LTS PSQUIMICA,3,11036.86,3,Pedido histórico field mock (2025-07-11),true,5492619239862
PF-000183,PSQ-0016,ANTI-HONGOS GATILLO 500ML PSQ,1,1576.78,3,Pedido histórico field mock (2025-08-21),true,5492619239862
PF-000183,PSQ-0017,ANTI-HONGOS X 5LTS PSQUIMICA,2,11036.86,3,Pedido histórico field mock (2025-08-21),true,5492619239862
PF-000184,PSQ-0016,ANTI-HONGOS GATILLO 500ML PSQ,4,1576.78,3,Pedido histórico field mock (2025-09-25),true,5492619239862
PF-000184,PSQ-0017,ANTI-HONGOS X 5LTS PSQUIMICA,2,11036.86,3,Pedido histórico field mock (2025-09-25),true,5492619239862
PF-000184,PSQ-0318,DETERGENTE USO DIRECTO X5L,4,4847.89,3,Pedido histórico field mock (2025-09-25),true,5492619239862
PF-000185,PSQ-0016,ANTI-HONGOS GATILLO 500ML PSQ,3,1576.78,3,Pedido histórico field mock (2025-11-02),true,5492619239862
PF-000185,PSQ-0017,ANTI-HONGOS X 5LTS PSQUIMICA,3,11036.86,3,Pedido histórico field mock (2025-11-02),true,5492619239862
PF-000185,PSQ-0582,QUITASARRO GATILLO 500ML PSQ,4,1921.24,3,Pedido histórico field mock (2025-11-02),true,5492619239862
PF-000185,PSQ-0218,CAMISETA 50 X 70 MUNDI MAX X PAQ (20),3,5128.67,3,Pedido histórico field mock (2025-11-02),true,5492619239862
PF-000186,PSQ-0016,ANTI-HONGOS GATILLO 500ML PSQ,1,1576.78,3,Pedido histórico field mock (2025-12-12),true,5492619239862
PF-000186,PSQ-0017,ANTI-HONGOS X 5LTS PSQUIMICA,1,11036.86,3,Pedido histórico field mock (2025-12-12),true,5492619239862
PF-000186,PSQ-0462,LIMPIAVIDRIOS GATILLO 475ML PSQ,3,1504.52,3,Pedido histórico field mock (2025-12-12),true,5492619239862
PF-000187,PSQ-0016,ANTI-HONGOS GATILLO 500ML PSQ,3,1576.78,3,Pedido histórico field mock (2026-01-16),true,5492619239862
PF-000187,PSQ-0017,ANTI-HONGOS X 5LTS PSQUIMICA,3,11036.86,3,Pedido histórico field mock (2026-01-16),true,5492619239862
PF-000187,PSQ-0198,CAJA EMPANADA X 100U,4,7026.93,3,Pedido histórico field mock (2026-01-16),true,5492619239862
PF-000188,PSQ-0016,ANTI-HONGOS GATILLO 500ML PSQ,3,1576.78,3,Pedido reciente field mock (2026-04-02),true,5492619239862
PF-000188,PSQ-0017,ANTI-HONGOS X 5LTS PSQUIMICA,2,11036.86,3,Pedido reciente field mock (2026-04-02),true,5492619239862
PF-000189,PSQ-0457,LIMPIA TAPIZADOS 500ML PSQ,1,619.59,3,Pedido reciente field mock (2026-04-19),true,5492619239862
PF-000189,PSQ-0310,DESTAPA CAÑERIAS X LT PSQUIMICA,1,1753.66,3,Pedido reciente field mock (2026-04-19),true,5492619239862
PF-000190,PSQ-0310,DESTAPA CAÑERIAS X LT PSQUIMICA,2,1753.66,3,Pedido reciente field mock (2026-04-23),true,5492619239862
PF-000190,PSQ-0017,ANTI-HONGOS X 5LTS PSQUIMICA,3,11036.86,3,Pedido reciente field mock (2026-04-23),true,5492619239862
PF-000191,PSQ-0295,DESENGRASANTE 500ML PSQUIMICA,4,1670.99,4,Pedido histórico field mock (2025-06-01),true,5493513952681
PF-000191,PSQ-0016,ANTI-HONGOS GATILLO 500ML PSQ,3,1489.18,4,Pedido histórico field mock (2025-06-01),true,5493513952681
PF-000191,PSQ-0205,CAJA PIZZA GRIS CORRUGADA X 50U,2,19092.83,4,Pedido histórico field mock (2025-06-01),true,5493513952681
PF-000191,PSQ-0454,LAVANDINA X5L,2,2179.86,4,Pedido histórico field mock (2025-06-01),true,5493513952681
PF-000192,PSQ-0295,DESENGRASANTE 500ML PSQUIMICA,2,1670.99,4,Pedido histórico field mock (2025-07-14),true,5493513952681
PF-000192,PSQ-0016,ANTI-HONGOS GATILLO 500ML PSQ,4,1489.18,4,Pedido histórico field mock (2025-07-14),true,5493513952681
PF-000192,PSQ-0582,QUITASARRO GATILLO 500ML PSQ,4,1814.50,4,Pedido histórico field mock (2025-07-14),true,5493513952681
PF-000193,PSQ-0295,DESENGRASANTE 500ML PSQUIMICA,3,1670.99,4,Pedido histórico field mock (2025-08-17),true,5493513952681
PF-000193,PSQ-0016,ANTI-HONGOS GATILLO 500ML PSQ,1,1489.18,4,Pedido histórico field mock (2025-08-17),true,5493513952681
PF-000193,PSQ-0204,CAJA PIZZA GRANDE ECO VERDE X 100U (1),3,19873.95,4,Pedido histórico field mock (2025-08-17),true,5493513952681
PF-000193,PSQ-0462,LIMPIAVIDRIOS GATILLO 475ML PSQ,4,1420.94,4,Pedido histórico field mock (2025-08-17),true,5493513952681
PF-000194,PSQ-0295,DESENGRASANTE 500ML PSQUIMICA,3,1670.99,4,Pedido histórico field mock (2025-09-22),true,5493513952681
PF-000194,PSQ-0016,ANTI-HONGOS GATILLO 500ML PSQ,3,1489.18,4,Pedido histórico field mock (2025-09-22),true,5493513952681
PF-000194,PSQ-0212,CAMISETA 40 X 50 ECO MUNDI POLIM. X PAQ (20),2,1678.92,4,Pedido histórico field mock (2025-09-22),true,5493513952681
PF-000195,PSQ-0295,DESENGRASANTE 500ML PSQUIMICA,3,1670.99,4,Pedido histórico field mock (2025-11-05),true,5493513952681
PF-000195,PSQ-0016,ANTI-HONGOS GATILLO 500ML PSQ,1,1489.18,4,Pedido histórico field mock (2025-11-05),true,5493513952681
PF-000196,PSQ-0295,DESENGRASANTE 500ML PSQUIMICA,4,1670.99,4,Pedido histórico field mock (2025-12-03),true,5493513952681
PF-000196,PSQ-0016,ANTI-HONGOS GATILLO 500ML PSQ,1,1489.18,4,Pedido histórico field mock (2025-12-03),true,5493513952681
PF-000196,PSQ-0487,MULTIUSO AZULEJOS X 500ML PSQUIMICA,4,1038.55,4,Pedido histórico field mock (2025-12-03),true,5493513952681
PF-000196,PSQ-0317,DETERGENTE USO DIRECTO X1L,1,1070.44,4,Pedido histórico field mock (2025-12-03),true,5493513952681
PF-000197,PSQ-0295,DESENGRASANTE 500ML PSQUIMICA,3,1670.99,4,Pedido histórico field mock (2026-01-15),true,5493513952681
PF-000197,PSQ-0016,ANTI-HONGOS GATILLO 500ML PSQ,1,1489.18,4,Pedido histórico field mock (2026-01-15),true,5493513952681
PF-000197,PSQ-0205,CAJA PIZZA GRIS CORRUGADA X 50U,4,19092.83,4,Pedido histórico field mock (2026-01-15),true,5493513952681
PF-000198,PSQ-0457,LIMPIA TAPIZADOS 500ML PSQ,2,585.17,4,Pedido reciente field mock (2026-04-12),true,5493513952681
PF-000198,PSQ-0016,ANTI-HONGOS GATILLO 500ML PSQ,3,1489.18,4,Pedido reciente field mock (2026-04-12),true,5493513952681
PF-000199,PSQ-0295,DESENGRASANTE 500ML PSQUIMICA,3,1670.99,4,Pedido reciente field mock (2026-04-18),true,5493513952681
PF-000199,PSQ-0457,LIMPIA TAPIZADOS 500ML PSQ,3,585.17,4,Pedido reciente field mock (2026-04-18),true,5493513952681
PF-000200,PSQ-0457,LIMPIA TAPIZADOS 500ML PSQ,2,585.17,4,Pedido reciente field mock (2026-05-04),true,5493513952681
PF-000200,PSQ-0295,DESENGRASANTE 500ML PSQUIMICA,3,1670.99,4,Pedido reciente field mock (2026-05-04),true,5493513952681
PF-000201,PSQ-0017,ANTI-HONGOS X 5LTS PSQUIMICA,3,12263.18,1,Pedido histórico field mock (2025-06-01),true,5493414799650
PF-000201,PSQ-0295,DESENGRASANTE 500ML PSQUIMICA,4,1965.87,1,Pedido histórico field mock (2025-06-01),true,5493414799650
PF-000201,PSQ-0454,LAVANDINA X5L,1,2564.54,1,Pedido histórico field mock (2025-06-01),true,5493414799650
PF-000201,PSQ-0198,CAJA EMPANADA X 100U,3,7807.70,1,Pedido histórico field mock (2025-06-01),true,5493414799650
PF-000202,PSQ-0017,ANTI-HONGOS X 5LTS PSQUIMICA,3,12263.18,1,Pedido histórico field mock (2025-07-14),true,5493414799650
PF-000202,PSQ-0295,DESENGRASANTE 500ML PSQUIMICA,4,1965.87,1,Pedido histórico field mock (2025-07-14),true,5493414799650
PF-000203,PSQ-0017,ANTI-HONGOS X 5LTS PSQUIMICA,1,12263.18,1,Pedido histórico field mock (2025-08-14),true,5493414799650
PF-000203,PSQ-0295,DESENGRASANTE 500ML PSQUIMICA,3,1965.87,1,Pedido histórico field mock (2025-08-14),true,5493414799650
PF-000204,PSQ-0017,ANTI-HONGOS X 5LTS PSQUIMICA,1,12263.18,1,Pedido histórico field mock (2025-09-23),true,5493414799650
PF-000204,PSQ-0295,DESENGRASANTE 500ML PSQUIMICA,2,1965.87,1,Pedido histórico field mock (2025-09-23),true,5493414799650
PF-000205,PSQ-0017,ANTI-HONGOS X 5LTS PSQUIMICA,3,12263.18,1,Pedido histórico field mock (2025-10-27),true,5493414799650
PF-000205,PSQ-0295,DESENGRASANTE 500ML PSQUIMICA,2,1965.87,1,Pedido histórico field mock (2025-10-27),true,5493414799650
PF-000205,PSQ-0218,CAMISETA 50 X 70 MUNDI MAX X PAQ (20),3,5698.52,1,Pedido histórico field mock (2025-10-27),true,5493414799650
PF-000206,PSQ-0017,ANTI-HONGOS X 5LTS PSQUIMICA,2,12263.18,1,Pedido histórico field mock (2025-12-13),true,5493414799650
PF-000206,PSQ-0295,DESENGRASANTE 500ML PSQUIMICA,1,1965.87,1,Pedido histórico field mock (2025-12-13),true,5493414799650
PF-000207,PSQ-0017,ANTI-HONGOS X 5LTS PSQUIMICA,2,12263.18,1,Pedido histórico field mock (2026-01-18),true,5493414799650
PF-000207,PSQ-0295,DESENGRASANTE 500ML PSQUIMICA,2,1965.87,1,Pedido histórico field mock (2026-01-18),true,5493414799650
PF-000207,PSQ-0198,CAJA EMPANADA X 100U,1,7807.70,1,Pedido histórico field mock (2026-01-18),true,5493414799650
PF-000207,PSQ-0561,PORTA VASOS CAFE X 50 UNI,3,4440.61,1,Pedido histórico field mock (2026-01-18),true,5493414799650
PF-000208,PSQ-0017,ANTI-HONGOS X 5LTS PSQUIMICA,2,12263.18,1,Pedido reciente field mock (2026-04-17),true,5493414799650
PF-000208,PSQ-0016,ANTI-HONGOS GATILLO 500ML PSQ,3,1751.98,1,Pedido reciente field mock (2026-04-17),true,5493414799650
PF-000209,PSQ-0016,ANTI-HONGOS GATILLO 500ML PSQ,3,1751.98,1,Pedido reciente field mock (2026-04-25),true,5493414799650
PF-000209,PSQ-0310,DESTAPA CAÑERIAS X LT PSQUIMICA,1,1948.51,1,Pedido reciente field mock (2026-04-25),true,5493414799650
PF-000210,PSQ-0016,ANTI-HONGOS GATILLO 500ML PSQ,2,1751.98,1,Pedido reciente field mock (2026-05-03),true,5493414799650
PF-000210,PSQ-0295,DESENGRASANTE 500ML PSQUIMICA,2,1965.87,1,Pedido reciente field mock (2026-05-03),true,5493414799650
PF-000211,PSQ-0457,LIMPIA TAPIZADOS 500ML PSQ,4,791.69,2,Pedido histórico field mock (2025-06-06),true,5492992500733
PF-000211,PSQ-0016,ANTI-HONGOS GATILLO 500ML PSQ,4,2014.78,2,Pedido histórico field mock (2025-06-06),true,5492992500733
PF-000212,PSQ-0457,LIMPIA TAPIZADOS 500ML PSQ,1,791.69,2,Pedido histórico field mock (2025-07-04),true,5492992500733
PF-000212,PSQ-0016,ANTI-HONGOS GATILLO 500ML PSQ,3,2014.78,2,Pedido histórico field mock (2025-07-04),true,5492992500733
PF-000212,PSQ-0198,CAJA EMPANADA X 100U,2,8978.85,2,Pedido histórico field mock (2025-07-04),true,5492992500733
PF-000212,PSQ-0462,LIMPIAVIDRIOS GATILLO 475ML PSQ,1,1922.44,2,Pedido histórico field mock (2025-07-04),true,5492992500733
PF-000213,PSQ-0457,LIMPIA TAPIZADOS 500ML PSQ,4,791.69,2,Pedido histórico field mock (2025-08-16),true,5492992500733
PF-000213,PSQ-0016,ANTI-HONGOS GATILLO 500ML PSQ,2,2014.78,2,Pedido histórico field mock (2025-08-16),true,5492992500733
PF-000214,PSQ-0457,LIMPIA TAPIZADOS 500ML PSQ,4,791.69,2,Pedido histórico field mock (2025-09-25),true,5492992500733
PF-000214,PSQ-0016,ANTI-HONGOS GATILLO 500ML PSQ,1,2014.78,2,Pedido histórico field mock (2025-09-25),true,5492992500733
PF-000215,PSQ-0457,LIMPIA TAPIZADOS 500ML PSQ,1,791.69,2,Pedido histórico field mock (2025-10-30),true,5492992500733
PF-000215,PSQ-0016,ANTI-HONGOS GATILLO 500ML PSQ,3,2014.78,2,Pedido histórico field mock (2025-10-30),true,5492992500733
PF-000215,PSQ-0218,CAMISETA 50 X 70 MUNDI MAX X PAQ (20),2,6553.30,2,Pedido histórico field mock (2025-10-30),true,5492992500733
PF-000215,PSQ-0582,QUITASARRO GATILLO 500ML PSQ,3,2454.92,2,Pedido histórico field mock (2025-10-30),true,5492992500733
PF-000216,PSQ-0457,LIMPIA TAPIZADOS 500ML PSQ,2,791.69,2,Pedido histórico field mock (2025-12-12),true,5492992500733
PF-000216,PSQ-0016,ANTI-HONGOS GATILLO 500ML PSQ,3,2014.78,2,Pedido histórico field mock (2025-12-12),true,5492992500733
PF-000216,PSQ-0561,PORTA VASOS CAFE X 50 UNI,2,5106.70,2,Pedido histórico field mock (2025-12-12),true,5492992500733
PF-000217,PSQ-0457,LIMPIA TAPIZADOS 500ML PSQ,4,791.69,2,Pedido histórico field mock (2026-01-10),true,5492992500733
PF-000217,PSQ-0016,ANTI-HONGOS GATILLO 500ML PSQ,1,2014.78,2,Pedido histórico field mock (2026-01-10),true,5492992500733
PF-000217,PSQ-0218,CAMISETA 50 X 70 MUNDI MAX X PAQ (20),4,6553.30,2,Pedido histórico field mock (2026-01-10),true,5492992500733
PF-000217,PSQ-0454,LAVANDINA X5L,2,2949.22,2,Pedido histórico field mock (2026-01-10),true,5492992500733
PF-000218,PSQ-0295,DESENGRASANTE 500ML PSQUIMICA,3,2260.75,2,Pedido reciente field mock (2026-04-03),true,5492992500733
PF-000218,PSQ-0457,LIMPIA TAPIZADOS 500ML PSQ,3,791.69,2,Pedido reciente field mock (2026-04-03),true,5492992500733
PF-000219,PSQ-0310,DESTAPA CAÑERIAS X LT PSQUIMICA,3,2240.79,2,Pedido reciente field mock (2026-04-27),true,5492992500733
PF-000219,PSQ-0295,DESENGRASANTE 500ML PSQUIMICA,3,2260.75,2,Pedido reciente field mock (2026-04-27),true,5492992500733
PF-000220,PSQ-0457,LIMPIA TAPIZADOS 500ML PSQ,1,791.69,2,Pedido reciente field mock (2026-05-20),true,5492992500733
PF-000220,PSQ-0016,ANTI-HONGOS GATILLO 500ML PSQ,3,2014.78,2,Pedido reciente field mock (2026-05-20),true,5492992500733
PF-000221,PSQ-0457,LIMPIA TAPIZADOS 500ML PSQ,1,619.59,3,Pedido histórico field mock (2025-06-01),true,5492615139305
PF-000221,PSQ-0016,ANTI-HONGOS GATILLO 500ML PSQ,3,1576.78,3,Pedido histórico field mock (2025-06-01),true,5492615139305
PF-000221,PSQ-0212,CAMISETA 40 X 50 ECO MUNDI POLIM. X PAQ (20),1,1777.68,3,Pedido histórico field mock (2025-06-01),true,5492615139305
PF-000221,PSQ-0215,CAMISETA 45 X 60 MUNDI MAX X PAQ (20),1,3180.32,3,Pedido histórico field mock (2025-06-01),true,5492615139305
PF-000222,PSQ-0457,LIMPIA TAPIZADOS 500ML PSQ,2,619.59,3,Pedido histórico field mock (2025-07-04),true,5492615139305
PF-000222,PSQ-0016,ANTI-HONGOS GATILLO 500ML PSQ,4,1576.78,3,Pedido histórico field mock (2025-07-04),true,5492615139305
PF-000222,PSQ-0205,CAJA PIZZA GRIS CORRUGADA X 50U,2,20215.94,3,Pedido histórico field mock (2025-07-04),true,5492615139305
PF-000223,PSQ-0457,LIMPIA TAPIZADOS 500ML PSQ,4,619.59,3,Pedido histórico field mock (2025-08-20),true,5492615139305
PF-000223,PSQ-0016,ANTI-HONGOS GATILLO 500ML PSQ,2,1576.78,3,Pedido histórico field mock (2025-08-20),true,5492615139305
PF-000223,PSQ-0487,MULTIUSO AZULEJOS X 500ML PSQUIMICA,2,1099.64,3,Pedido histórico field mock (2025-08-20),true,5492615139305
PF-000224,PSQ-0457,LIMPIA TAPIZADOS 500ML PSQ,1,619.59,3,Pedido histórico field mock (2025-09-19),true,5492615139305
PF-000224,PSQ-0016,ANTI-HONGOS GATILLO 500ML PSQ,4,1576.78,3,Pedido histórico field mock (2025-09-19),true,5492615139305
PF-000224,PSQ-0561,PORTA VASOS CAFE X 50 UNI,2,3996.55,3,Pedido histórico field mock (2025-09-19),true,5492615139305
PF-000224,PSQ-0318,DETERGENTE USO DIRECTO X5L,4,4847.89,3,Pedido histórico field mock (2025-09-19),true,5492615139305
PF-000225,PSQ-0457,LIMPIA TAPIZADOS 500ML PSQ,2,619.59,3,Pedido histórico field mock (2025-10-28),true,5492615139305
PF-000225,PSQ-0016,ANTI-HONGOS GATILLO 500ML PSQ,2,1576.78,3,Pedido histórico field mock (2025-10-28),true,5492615139305
PF-000226,PSQ-0457,LIMPIA TAPIZADOS 500ML PSQ,1,619.59,3,Pedido histórico field mock (2025-12-11),true,5492615139305
PF-000226,PSQ-0016,ANTI-HONGOS GATILLO 500ML PSQ,1,1576.78,3,Pedido histórico field mock (2025-12-11),true,5492615139305
PF-000226,PSQ-0317,DETERGENTE USO DIRECTO X1L,2,1133.41,3,Pedido histórico field mock (2025-12-11),true,5492615139305
PF-000226,PSQ-0205,CAJA PIZZA GRIS CORRUGADA X 50U,4,20215.94,3,Pedido histórico field mock (2025-12-11),true,5492615139305
PF-000227,PSQ-0457,LIMPIA TAPIZADOS 500ML PSQ,4,619.59,3,Pedido histórico field mock (2026-01-13),true,5492615139305
PF-000227,PSQ-0016,ANTI-HONGOS GATILLO 500ML PSQ,1,1576.78,3,Pedido histórico field mock (2026-01-13),true,5492615139305
PF-000227,PSQ-0453,LAVANDINA X1L,4,837.58,3,Pedido histórico field mock (2026-01-13),true,5492615139305
PF-000227,PSQ-0582,QUITASARRO GATILLO 500ML PSQ,1,1921.24,3,Pedido histórico field mock (2026-01-13),true,5492615139305
PF-000228,PSQ-0457,LIMPIA TAPIZADOS 500ML PSQ,1,619.59,3,Pedido reciente field mock (2026-04-08),true,5492615139305
PF-000228,PSQ-0016,ANTI-HONGOS GATILLO 500ML PSQ,3,1576.78,3,Pedido reciente field mock (2026-04-08),true,5492615139305
PF-000229,PSQ-0310,DESTAPA CAÑERIAS X LT PSQUIMICA,3,1753.66,3,Pedido reciente field mock (2026-04-25),true,5492615139305
PF-000229,PSQ-0016,ANTI-HONGOS GATILLO 500ML PSQ,1,1576.78,3,Pedido reciente field mock (2026-04-25),true,5492615139305
PF-000230,PSQ-0457,LIMPIA TAPIZADOS 500ML PSQ,2,619.59,3,Pedido reciente field mock (2026-04-26),true,5492615139305
PF-000230,PSQ-0016,ANTI-HONGOS GATILLO 500ML PSQ,2,1576.78,3,Pedido reciente field mock (2026-04-26),true,5492615139305
PF-000231,PSQ-0310,DESTAPA CAÑERIAS X LT PSQUIMICA,2,1656.23,4,Pedido histórico field mock (2025-06-01),true,5492618861463
PF-000231,PSQ-0295,DESENGRASANTE 500ML PSQUIMICA,3,1670.99,4,Pedido histórico field mock (2025-06-01),true,5492618861463
PF-000231,PSQ-0204,CAJA PIZZA GRANDE ECO VERDE X 100U (1),2,19873.95,4,Pedido histórico field mock (2025-06-01),true,5492618861463
PF-000231,PSQ-0198,CAJA EMPANADA X 100U,3,6636.55,4,Pedido histórico field mock (2025-06-01),true,5492618861463
PF-000232,PSQ-0310,DESTAPA CAÑERIAS X LT PSQUIMICA,1,1656.23,4,Pedido histórico field mock (2025-07-14),true,5492618861463
PF-000232,PSQ-0295,DESENGRASANTE 500ML PSQUIMICA,4,1670.99,4,Pedido histórico field mock (2025-07-14),true,5492618861463
PF-000232,PSQ-0212,CAMISETA 40 X 50 ECO MUNDI POLIM. X PAQ (20),2,1678.92,4,Pedido histórico field mock (2025-07-14),true,5492618861463
PF-000232,PSQ-0215,CAMISETA 45 X 60 MUNDI MAX X PAQ (20),1,3003.64,4,Pedido histórico field mock (2025-07-14),true,5492618861463
PF-000233,PSQ-0310,DESTAPA CAÑERIAS X LT PSQUIMICA,3,1656.23,4,Pedido histórico field mock (2025-08-14),true,5492618861463
PF-000233,PSQ-0295,DESENGRASANTE 500ML PSQUIMICA,4,1670.99,4,Pedido histórico field mock (2025-08-14),true,5492618861463
PF-000233,PSQ-0198,CAJA EMPANADA X 100U,1,6636.55,4,Pedido histórico field mock (2025-08-14),true,5492618861463
PF-000234,PSQ-0310,DESTAPA CAÑERIAS X LT PSQUIMICA,4,1656.23,4,Pedido histórico field mock (2025-09-22),true,5492618861463
PF-000234,PSQ-0295,DESENGRASANTE 500ML PSQUIMICA,4,1670.99,4,Pedido histórico field mock (2025-09-22),true,5492618861463
PF-000234,PSQ-0582,QUITASARRO GATILLO 500ML PSQ,3,1814.50,4,Pedido histórico field mock (2025-09-22),true,5492618861463
PF-000235,PSQ-0310,DESTAPA CAÑERIAS X LT PSQUIMICA,4,1656.23,4,Pedido histórico field mock (2025-10-27),true,5492618861463
PF-000235,PSQ-0295,DESENGRASANTE 500ML PSQUIMICA,2,1670.99,4,Pedido histórico field mock (2025-10-27),true,5492618861463
PF-000235,PSQ-0212,CAMISETA 40 X 50 ECO MUNDI POLIM. X PAQ (20),3,1678.92,4,Pedido histórico field mock (2025-10-27),true,5492618861463
PF-000236,PSQ-0310,DESTAPA CAÑERIAS X LT PSQUIMICA,1,1656.23,4,Pedido histórico field mock (2025-12-06),true,5492618861463
PF-000236,PSQ-0295,DESENGRASANTE 500ML PSQUIMICA,3,1670.99,4,Pedido histórico field mock (2025-12-06),true,5492618861463
PF-000236,PSQ-0204,CAJA PIZZA GRANDE ECO VERDE X 100U (1),4,19873.95,4,Pedido histórico field mock (2025-12-06),true,5492618861463
PF-000237,PSQ-0310,DESTAPA CAÑERIAS X LT PSQUIMICA,2,1656.23,4,Pedido histórico field mock (2026-01-16),true,5492618861463
PF-000237,PSQ-0295,DESENGRASANTE 500ML PSQUIMICA,4,1670.99,4,Pedido histórico field mock (2026-01-16),true,5492618861463
PF-000237,PSQ-0582,QUITASARRO GATILLO 500ML PSQ,1,1814.50,4,Pedido histórico field mock (2026-01-16),true,5492618861463
PF-000238,PSQ-0017,ANTI-HONGOS X 5LTS PSQUIMICA,2,10423.70,4,Pedido reciente field mock (2026-04-04),true,5492618861463
PF-000238,PSQ-0457,LIMPIA TAPIZADOS 500ML PSQ,1,585.17,4,Pedido reciente field mock (2026-04-04),true,5492618861463
PF-000239,PSQ-0457,LIMPIA TAPIZADOS 500ML PSQ,1,585.17,4,Pedido reciente field mock (2026-04-05),true,5492618861463
PF-000239,PSQ-0016,ANTI-HONGOS GATILLO 500ML PSQ,3,1489.18,4,Pedido reciente field mock (2026-04-05),true,5492618861463
PF-000240,PSQ-0016,ANTI-HONGOS GATILLO 500ML PSQ,3,1489.18,4,Pedido reciente field mock (2026-05-07),true,5492618861463
PF-000240,PSQ-0310,DESTAPA CAÑERIAS X LT PSQUIMICA,2,1656.23,4,Pedido reciente field mock (2026-05-07),true,5492618861463
PF-000241,PSQ-0295,DESENGRASANTE 500ML PSQUIMICA,4,1965.87,1,Pedido histórico field mock (2025-06-01),true,5493812941974
PF-000241,PSQ-0017,ANTI-HONGOS X 5LTS PSQUIMICA,4,12263.18,1,Pedido histórico field mock (2025-06-01),true,5493812941974
PF-000242,PSQ-0295,DESENGRASANTE 500ML PSQUIMICA,2,1965.87,1,Pedido histórico field mock (2025-07-10),true,5493812941974
PF-000242,PSQ-0017,ANTI-HONGOS X 5LTS PSQUIMICA,2,12263.18,1,Pedido histórico field mock (2025-07-10),true,5493812941974
PF-000243,PSQ-0295,DESENGRASANTE 500ML PSQUIMICA,4,1965.87,1,Pedido histórico field mock (2025-08-13),true,5493812941974
PF-000243,PSQ-0017,ANTI-HONGOS X 5LTS PSQUIMICA,1,12263.18,1,Pedido histórico field mock (2025-08-13),true,5493812941974
PF-000244,PSQ-0295,DESENGRASANTE 500ML PSQUIMICA,3,1965.87,1,Pedido histórico field mock (2025-09-27),true,5493812941974
PF-000244,PSQ-0017,ANTI-HONGOS X 5LTS PSQUIMICA,1,12263.18,1,Pedido histórico field mock (2025-09-27),true,5493812941974
PF-000244,PSQ-0454,LAVANDINA X5L,1,2564.54,1,Pedido histórico field mock (2025-09-27),true,5493812941974
PF-000245,PSQ-0295,DESENGRASANTE 500ML PSQUIMICA,2,1965.87,1,Pedido histórico field mock (2025-11-05),true,5493812941974
PF-000245,PSQ-0017,ANTI-HONGOS X 5LTS PSQUIMICA,4,12263.18,1,Pedido histórico field mock (2025-11-05),true,5493812941974
PF-000246,PSQ-0295,DESENGRASANTE 500ML PSQUIMICA,3,1965.87,1,Pedido histórico field mock (2025-12-10),true,5493812941974
PF-000246,PSQ-0017,ANTI-HONGOS X 5LTS PSQUIMICA,1,12263.18,1,Pedido histórico field mock (2025-12-10),true,5493812941974
PF-000247,PSQ-0295,DESENGRASANTE 500ML PSQUIMICA,4,1965.87,1,Pedido histórico field mock (2026-01-13),true,5493812941974
PF-000247,PSQ-0017,ANTI-HONGOS X 5LTS PSQUIMICA,2,12263.18,1,Pedido histórico field mock (2026-01-13),true,5493812941974
PF-000247,PSQ-0212,CAMISETA 40 X 50 ECO MUNDI POLIM. X PAQ (20),2,1975.20,1,Pedido histórico field mock (2026-01-13),true,5493812941974
PF-000247,PSQ-0462,LIMPIAVIDRIOS GATILLO 475ML PSQ,1,1671.69,1,Pedido histórico field mock (2026-01-13),true,5493812941974
PF-000248,PSQ-0310,DESTAPA CAÑERIAS X LT PSQUIMICA,2,1948.51,1,Pedido reciente field mock (2026-04-20),true,5493812941974
PF-000248,PSQ-0017,ANTI-HONGOS X 5LTS PSQUIMICA,1,12263.18,1,Pedido reciente field mock (2026-04-20),true,5493812941974
PF-000249,PSQ-0457,LIMPIA TAPIZADOS 500ML PSQ,1,688.43,1,Pedido reciente field mock (2026-04-27),true,5493812941974
PF-000249,PSQ-0016,ANTI-HONGOS GATILLO 500ML PSQ,3,1751.98,1,Pedido reciente field mock (2026-04-27),true,5493812941974
PF-000250,PSQ-0457,LIMPIA TAPIZADOS 500ML PSQ,1,688.43,1,Pedido reciente field mock (2026-05-04),true,5493812941974
PF-000250,PSQ-0310,DESTAPA CAÑERIAS X LT PSQUIMICA,3,1948.51,1,Pedido reciente field mock (2026-05-04),true,5493812941974
PF-000251,PSQ-0310,DESTAPA CAÑERIAS X LT PSQUIMICA,1,2240.79,2,Pedido histórico field mock (2025-06-01),true,5493817404433
PF-000251,PSQ-0295,DESENGRASANTE 500ML PSQUIMICA,4,2260.75,2,Pedido histórico field mock (2025-06-01),true,5493817404433
PF-000251,PSQ-0454,LAVANDINA X5L,3,2949.22,2,Pedido histórico field mock (2025-06-01),true,5493817404433
PF-000252,PSQ-0310,DESTAPA CAÑERIAS X LT PSQUIMICA,4,2240.79,2,Pedido histórico field mock (2025-07-09),true,5493817404433
PF-000252,PSQ-0295,DESENGRASANTE 500ML PSQUIMICA,4,2260.75,2,Pedido histórico field mock (2025-07-09),true,5493817404433
PF-000253,PSQ-0310,DESTAPA CAÑERIAS X LT PSQUIMICA,2,2240.79,2,Pedido histórico field mock (2025-08-21),true,5493817404433
PF-000253,PSQ-0295,DESENGRASANTE 500ML PSQUIMICA,3,2260.75,2,Pedido histórico field mock (2025-08-21),true,5493817404433
PF-000253,PSQ-0561,PORTA VASOS CAFE X 50 UNI,3,5106.70,2,Pedido histórico field mock (2025-08-21),true,5493817404433
PF-000254,PSQ-0310,DESTAPA CAÑERIAS X LT PSQUIMICA,1,2240.79,2,Pedido histórico field mock (2025-09-27),true,5493817404433
PF-000254,PSQ-0295,DESENGRASANTE 500ML PSQUIMICA,2,2260.75,2,Pedido histórico field mock (2025-09-27),true,5493817404433
PF-000255,PSQ-0310,DESTAPA CAÑERIAS X LT PSQUIMICA,3,2240.79,2,Pedido histórico field mock (2025-11-02),true,5493817404433
PF-000255,PSQ-0295,DESENGRASANTE 500ML PSQUIMICA,1,2260.75,2,Pedido histórico field mock (2025-11-02),true,5493817404433
PF-000255,PSQ-0215,CAMISETA 45 X 60 MUNDI MAX X PAQ (20),4,4063.74,2,Pedido histórico field mock (2025-11-02),true,5493817404433
PF-000255,PSQ-0561,PORTA VASOS CAFE X 50 UNI,1,5106.70,2,Pedido histórico field mock (2025-11-02),true,5493817404433
PF-000256,PSQ-0310,DESTAPA CAÑERIAS X LT PSQUIMICA,3,2240.79,2,Pedido histórico field mock (2025-12-05),true,5493817404433
PF-000256,PSQ-0295,DESENGRASANTE 500ML PSQUIMICA,4,2260.75,2,Pedido histórico field mock (2025-12-05),true,5493817404433
PF-000256,PSQ-0205,CAJA PIZZA GRIS CORRUGADA X 50U,3,25831.47,2,Pedido histórico field mock (2025-12-05),true,5493817404433
PF-000257,PSQ-0310,DESTAPA CAÑERIAS X LT PSQUIMICA,4,2240.79,2,Pedido histórico field mock (2026-01-16),true,5493817404433
PF-000257,PSQ-0295,DESENGRASANTE 500ML PSQUIMICA,1,2260.75,2,Pedido histórico field mock (2026-01-16),true,5493817404433
PF-000257,PSQ-0576,QUITAMANCHAS 500ML PSQ,1,1568.19,2,Pedido histórico field mock (2026-01-16),true,5493817404433
PF-000257,PSQ-0561,PORTA VASOS CAFE X 50 UNI,4,5106.70,2,Pedido histórico field mock (2026-01-16),true,5493817404433
PF-000258,PSQ-0295,DESENGRASANTE 500ML PSQUIMICA,3,2260.75,2,Pedido reciente field mock (2026-04-28),true,5493817404433
PF-000258,PSQ-0457,LIMPIA TAPIZADOS 500ML PSQ,1,791.69,2,Pedido reciente field mock (2026-04-28),true,5493817404433
PF-000259,PSQ-0295,DESENGRASANTE 500ML PSQUIMICA,2,2260.75,2,Pedido reciente field mock (2026-05-01),true,5493817404433
PF-000259,PSQ-0457,LIMPIA TAPIZADOS 500ML PSQ,1,791.69,2,Pedido reciente field mock (2026-05-01),true,5493817404433
PF-000260,PSQ-0017,ANTI-HONGOS X 5LTS PSQUIMICA,1,14102.66,2,Pedido reciente field mock (2026-05-06),true,5493817404433
PF-000260,PSQ-0016,ANTI-HONGOS GATILLO 500ML PSQ,3,2014.78,2,Pedido reciente field mock (2026-05-06),true,5493817404433
PF-000261,PSQ-0457,LIMPIA TAPIZADOS 500ML PSQ,1,619.59,3,Pedido histórico field mock (2025-06-01),true,5493419686914
PF-000261,PSQ-0295,DESENGRASANTE 500ML PSQUIMICA,3,1769.28,3,Pedido histórico field mock (2025-06-01),true,5493419686914
PF-000262,PSQ-0457,LIMPIA TAPIZADOS 500ML PSQ,3,619.59,3,Pedido histórico field mock (2025-07-04),true,5493419686914
PF-000262,PSQ-0295,DESENGRASANTE 500ML PSQUIMICA,1,1769.28,3,Pedido histórico field mock (2025-07-04),true,5493419686914
PF-000262,PSQ-0576,QUITAMANCHAS 500ML PSQ,4,1227.28,3,Pedido histórico field mock (2025-07-04),true,5493419686914
PF-000263,PSQ-0457,LIMPIA TAPIZADOS 500ML PSQ,2,619.59,3,Pedido histórico field mock (2025-08-14),true,5493419686914
PF-000263,PSQ-0295,DESENGRASANTE 500ML PSQUIMICA,2,1769.28,3,Pedido histórico field mock (2025-08-14),true,5493419686914
PF-000264,PSQ-0457,LIMPIA TAPIZADOS 500ML PSQ,2,619.59,3,Pedido histórico field mock (2025-09-27),true,5493419686914
PF-000264,PSQ-0295,DESENGRASANTE 500ML PSQUIMICA,4,1769.28,3,Pedido histórico field mock (2025-09-27),true,5493419686914
PF-000265,PSQ-0457,LIMPIA TAPIZADOS 500ML PSQ,2,619.59,3,Pedido histórico field mock (2025-10-27),true,5493419686914
PF-000265,PSQ-0295,DESENGRASANTE 500ML PSQUIMICA,3,1769.28,3,Pedido histórico field mock (2025-10-27),true,5493419686914
PF-000265,PSQ-0317,DETERGENTE USO DIRECTO X1L,3,1133.41,3,Pedido histórico field mock (2025-10-27),true,5493419686914
PF-000266,PSQ-0457,LIMPIA TAPIZADOS 500ML PSQ,1,619.59,3,Pedido histórico field mock (2025-12-08),true,5493419686914
PF-000266,PSQ-0295,DESENGRASANTE 500ML PSQUIMICA,3,1769.28,3,Pedido histórico field mock (2025-12-08),true,5493419686914
PF-000267,PSQ-0457,LIMPIA TAPIZADOS 500ML PSQ,3,619.59,3,Pedido histórico field mock (2026-01-15),true,5493419686914
PF-000267,PSQ-0295,DESENGRASANTE 500ML PSQUIMICA,3,1769.28,3,Pedido histórico field mock (2026-01-15),true,5493419686914
PF-000268,PSQ-0017,ANTI-HONGOS X 5LTS PSQUIMICA,2,11036.86,3,Pedido reciente field mock (2026-04-04),true,5493419686914
PF-000268,PSQ-0457,LIMPIA TAPIZADOS 500ML PSQ,2,619.59,3,Pedido reciente field mock (2026-04-04),true,5493419686914
PF-000269,PSQ-0310,DESTAPA CAÑERIAS X LT PSQUIMICA,3,1753.66,3,Pedido reciente field mock (2026-04-16),true,5493419686914
PF-000269,PSQ-0457,LIMPIA TAPIZADOS 500ML PSQ,1,619.59,3,Pedido reciente field mock (2026-04-16),true,5493419686914
PF-000270,PSQ-0457,LIMPIA TAPIZADOS 500ML PSQ,1,619.59,3,Pedido reciente field mock (2026-05-18),true,5493419686914
PF-000270,PSQ-0017,ANTI-HONGOS X 5LTS PSQUIMICA,1,11036.86,3,Pedido reciente field mock (2026-05-18),true,5493419686914
PF-000271,PSQ-0310,DESTAPA CAÑERIAS X LT PSQUIMICA,1,1656.23,4,Pedido histórico field mock (2025-06-06),true,5493518648263
PF-000271,PSQ-0295,DESENGRASANTE 500ML PSQUIMICA,2,1670.99,4,Pedido histórico field mock (2025-06-06),true,5493518648263
PF-000272,PSQ-0310,DESTAPA CAÑERIAS X LT PSQUIMICA,1,1656.23,4,Pedido histórico field mock (2025-07-06),true,5493518648263
PF-000272,PSQ-0295,DESENGRASANTE 500ML PSQUIMICA,1,1670.99,4,Pedido histórico field mock (2025-07-06),true,5493518648263
PF-000272,PSQ-0582,QUITASARRO GATILLO 500ML PSQ,2,1814.50,4,Pedido histórico field mock (2025-07-06),true,5493518648263
PF-000273,PSQ-0310,DESTAPA CAÑERIAS X LT PSQUIMICA,3,1656.23,4,Pedido histórico field mock (2025-08-14),true,5493518648263
PF-000273,PSQ-0295,DESENGRASANTE 500ML PSQUIMICA,2,1670.99,4,Pedido histórico field mock (2025-08-14),true,5493518648263
PF-000273,PSQ-0561,PORTA VASOS CAFE X 50 UNI,3,3774.52,4,Pedido histórico field mock (2025-08-14),true,5493518648263
PF-000274,PSQ-0310,DESTAPA CAÑERIAS X LT PSQUIMICA,1,1656.23,4,Pedido histórico field mock (2025-09-28),true,5493518648263
PF-000274,PSQ-0295,DESENGRASANTE 500ML PSQUIMICA,1,1670.99,4,Pedido histórico field mock (2025-09-28),true,5493518648263
PF-000274,PSQ-0204,CAJA PIZZA GRANDE ECO VERDE X 100U (1),4,19873.95,4,Pedido histórico field mock (2025-09-28),true,5493518648263
PF-000275,PSQ-0310,DESTAPA CAÑERIAS X LT PSQUIMICA,2,1656.23,4,Pedido histórico field mock (2025-10-26),true,5493518648263
PF-000275,PSQ-0295,DESENGRASANTE 500ML PSQUIMICA,4,1670.99,4,Pedido histórico field mock (2025-10-26),true,5493518648263
PF-000275,PSQ-0576,QUITAMANCHAS 500ML PSQ,4,1159.09,4,Pedido histórico field mock (2025-10-26),true,5493518648263
PF-000275,PSQ-0453,LAVANDINA X1L,2,791.04,4,Pedido histórico field mock (2025-10-26),true,5493518648263
PF-000276,PSQ-0310,DESTAPA CAÑERIAS X LT PSQUIMICA,4,1656.23,4,Pedido histórico field mock (2025-12-11),true,5493518648263
PF-000276,PSQ-0295,DESENGRASANTE 500ML PSQUIMICA,3,1670.99,4,Pedido histórico field mock (2025-12-11),true,5493518648263
PF-000277,PSQ-0310,DESTAPA CAÑERIAS X LT PSQUIMICA,3,1656.23,4,Pedido histórico field mock (2026-01-18),true,5493518648263
PF-000277,PSQ-0295,DESENGRASANTE 500ML PSQUIMICA,1,1670.99,4,Pedido histórico field mock (2026-01-18),true,5493518648263
PF-000277,PSQ-0561,PORTA VASOS CAFE X 50 UNI,4,3774.52,4,Pedido histórico field mock (2026-01-18),true,5493518648263
PF-000278,PSQ-0295,DESENGRASANTE 500ML PSQUIMICA,1,1670.99,4,Pedido reciente field mock (2026-04-05),true,5493518648263
PF-000278,PSQ-0016,ANTI-HONGOS GATILLO 500ML PSQ,2,1489.18,4,Pedido reciente field mock (2026-04-05),true,5493518648263
PF-000279,PSQ-0457,LIMPIA TAPIZADOS 500ML PSQ,1,585.17,4,Pedido reciente field mock (2026-04-20),true,5493518648263
PF-000279,PSQ-0295,DESENGRASANTE 500ML PSQUIMICA,3,1670.99,4,Pedido reciente field mock (2026-04-20),true,5493518648263
PF-000280,PSQ-0016,ANTI-HONGOS GATILLO 500ML PSQ,1,1489.18,4,Pedido reciente field mock (2026-05-01),true,5493518648263
PF-000280,PSQ-0310,DESTAPA CAÑERIAS X LT PSQUIMICA,1,1656.23,4,Pedido reciente field mock (2026-05-01),true,5493518648263
PF-000281,PSQ-0310,DESTAPA CAÑERIAS X LT PSQUIMICA,4,1948.51,1,Pedido histórico field mock (2025-06-03),true,5493516216782
PF-000281,PSQ-0017,ANTI-HONGOS X 5LTS PSQUIMICA,2,12263.18,1,Pedido histórico field mock (2025-06-03),true,5493516216782
PF-000281,PSQ-0215,CAMISETA 45 X 60 MUNDI MAX X PAQ (20),4,3533.69,1,Pedido histórico field mock (2025-06-03),true,5493516216782
PF-000282,PSQ-0310,DESTAPA CAÑERIAS X LT PSQUIMICA,2,1948.51,1,Pedido histórico field mock (2025-07-04),true,5493516216782
PF-000282,PSQ-0017,ANTI-HONGOS X 5LTS PSQUIMICA,4,12263.18,1,Pedido histórico field mock (2025-07-04),true,5493516216782
PF-000282,PSQ-0212,CAMISETA 40 X 50 ECO MUNDI POLIM. X PAQ (20),1,1975.20,1,Pedido histórico field mock (2025-07-04),true,5493516216782
PF-000282,PSQ-0205,CAJA PIZZA GRIS CORRUGADA X 50U,1,22462.15,1,Pedido histórico field mock (2025-07-04),true,5493516216782
PF-000283,PSQ-0310,DESTAPA CAÑERIAS X LT PSQUIMICA,4,1948.51,1,Pedido histórico field mock (2025-08-13),true,5493516216782
PF-000283,PSQ-0017,ANTI-HONGOS X 5LTS PSQUIMICA,1,12263.18,1,Pedido histórico field mock (2025-08-13),true,5493516216782
PF-000283,PSQ-0317,DETERGENTE USO DIRECTO X1L,4,1259.34,1,Pedido histórico field mock (2025-08-13),true,5493516216782
PF-000283,PSQ-0212,CAMISETA 40 X 50 ECO MUNDI POLIM. X PAQ (20),4,1975.20,1,Pedido histórico field mock (2025-08-13),true,5493516216782
PF-000284,PSQ-0310,DESTAPA CAÑERIAS X LT PSQUIMICA,2,1948.51,1,Pedido histórico field mock (2025-09-28),true,5493516216782
PF-000284,PSQ-0017,ANTI-HONGOS X 5LTS PSQUIMICA,2,12263.18,1,Pedido histórico field mock (2025-09-28),true,5493516216782
PF-000284,PSQ-0205,CAJA PIZZA GRIS CORRUGADA X 50U,1,22462.15,1,Pedido histórico field mock (2025-09-28),true,5493516216782
PF-000284,PSQ-0318,DETERGENTE USO DIRECTO X5L,4,5386.54,1,Pedido histórico field mock (2025-09-28),true,5493516216782
PF-000285,PSQ-0310,DESTAPA CAÑERIAS X LT PSQUIMICA,1,1948.51,1,Pedido histórico field mock (2025-10-28),true,5493516216782
PF-000285,PSQ-0017,ANTI-HONGOS X 5LTS PSQUIMICA,2,12263.18,1,Pedido histórico field mock (2025-10-28),true,5493516216782
PF-000285,PSQ-0198,CAJA EMPANADA X 100U,3,7807.70,1,Pedido histórico field mock (2025-10-28),true,5493516216782
PF-000286,PSQ-0310,DESTAPA CAÑERIAS X LT PSQUIMICA,1,1948.51,1,Pedido histórico field mock (2025-12-12),true,5493516216782
PF-000286,PSQ-0017,ANTI-HONGOS X 5LTS PSQUIMICA,1,12263.18,1,Pedido histórico field mock (2025-12-12),true,5493516216782
PF-000286,PSQ-0317,DETERGENTE USO DIRECTO X1L,2,1259.34,1,Pedido histórico field mock (2025-12-12),true,5493516216782
PF-000286,PSQ-0582,QUITASARRO GATILLO 500ML PSQ,3,2134.71,1,Pedido histórico field mock (2025-12-12),true,5493516216782
PF-000287,PSQ-0310,DESTAPA CAÑERIAS X LT PSQUIMICA,4,1948.51,1,Pedido histórico field mock (2026-01-18),true,5493516216782
PF-000287,PSQ-0017,ANTI-HONGOS X 5LTS PSQUIMICA,2,12263.18,1,Pedido histórico field mock (2026-01-18),true,5493516216782
PF-000287,PSQ-0561,PORTA VASOS CAFE X 50 UNI,1,4440.61,1,Pedido histórico field mock (2026-01-18),true,5493516216782
PF-000287,PSQ-0218,CAMISETA 50 X 70 MUNDI MAX X PAQ (20),4,5698.52,1,Pedido histórico field mock (2026-01-18),true,5493516216782
PF-000288,PSQ-0457,LIMPIA TAPIZADOS 500ML PSQ,2,688.43,1,Pedido reciente field mock (2026-04-10),true,5493516216782
PF-000288,PSQ-0310,DESTAPA CAÑERIAS X LT PSQUIMICA,3,1948.51,1,Pedido reciente field mock (2026-04-10),true,5493516216782
PF-000289,PSQ-0295,DESENGRASANTE 500ML PSQUIMICA,2,1965.87,1,Pedido reciente field mock (2026-04-21),true,5493516216782
PF-000289,PSQ-0016,ANTI-HONGOS GATILLO 500ML PSQ,1,1751.98,1,Pedido reciente field mock (2026-04-21),true,5493516216782
PF-000290,PSQ-0295,DESENGRASANTE 500ML PSQUIMICA,3,1965.87,1,Pedido reciente field mock (2026-05-20),true,5493516216782
PF-000290,PSQ-0016,ANTI-HONGOS GATILLO 500ML PSQ,2,1751.98,1,Pedido reciente field mock (2026-05-20),true,5493516216782
PF-000291,PSQ-0017,ANTI-HONGOS X 5LTS PSQUIMICA,4,14102.66,2,Pedido histórico field mock (2025-06-06),true,5492612780568
PF-000291,PSQ-0016,ANTI-HONGOS GATILLO 500ML PSQ,2,2014.78,2,Pedido histórico field mock (2025-06-06),true,5492612780568
PF-000291,PSQ-0453,LAVANDINA X1L,1,1070.24,2,Pedido histórico field mock (2025-06-06),true,5492612780568
PF-000291,PSQ-0218,CAMISETA 50 X 70 MUNDI MAX X PAQ (20),4,6553.30,2,Pedido histórico field mock (2025-06-06),true,5492612780568
PF-000292,PSQ-0017,ANTI-HONGOS X 5LTS PSQUIMICA,3,14102.66,2,Pedido histórico field mock (2025-07-12),true,5492612780568
PF-000292,PSQ-0016,ANTI-HONGOS GATILLO 500ML PSQ,1,2014.78,2,Pedido histórico field mock (2025-07-12),true,5492612780568
PF-000292,PSQ-0487,MULTIUSO AZULEJOS X 500ML PSQUIMICA,3,1405.09,2,Pedido histórico field mock (2025-07-12),true,5492612780568
PF-000292,PSQ-0218,CAMISETA 50 X 70 MUNDI MAX X PAQ (20),2,6553.30,2,Pedido histórico field mock (2025-07-12),true,5492612780568
PF-000293,PSQ-0017,ANTI-HONGOS X 5LTS PSQUIMICA,3,14102.66,2,Pedido histórico field mock (2025-08-15),true,5492612780568
PF-000293,PSQ-0016,ANTI-HONGOS GATILLO 500ML PSQ,1,2014.78,2,Pedido histórico field mock (2025-08-15),true,5492612780568
PF-000293,PSQ-0453,LAVANDINA X1L,3,1070.24,2,Pedido histórico field mock (2025-08-15),true,5492612780568
PF-000294,PSQ-0017,ANTI-HONGOS X 5LTS PSQUIMICA,1,14102.66,2,Pedido histórico field mock (2025-09-21),true,5492612780568
PF-000294,PSQ-0016,ANTI-HONGOS GATILLO 500ML PSQ,2,2014.78,2,Pedido histórico field mock (2025-09-21),true,5492612780568
PF-000294,PSQ-0218,CAMISETA 50 X 70 MUNDI MAX X PAQ (20),4,6553.30,2,Pedido histórico field mock (2025-09-21),true,5492612780568
PF-000294,PSQ-0576,QUITAMANCHAS 500ML PSQ,2,1568.19,2,Pedido histórico field mock (2025-09-21),true,5492612780568
PF-000295,PSQ-0017,ANTI-HONGOS X 5LTS PSQUIMICA,1,14102.66,2,Pedido histórico field mock (2025-11-03),true,5492612780568
PF-000295,PSQ-0016,ANTI-HONGOS GATILLO 500ML PSQ,1,2014.78,2,Pedido histórico field mock (2025-11-03),true,5492612780568
PF-000295,PSQ-0218,CAMISETA 50 X 70 MUNDI MAX X PAQ (20),2,6553.30,2,Pedido histórico field mock (2025-11-03),true,5492612780568
PF-000296,PSQ-0017,ANTI-HONGOS X 5LTS PSQUIMICA,1,14102.66,2,Pedido histórico field mock (2025-12-13),true,5492612780568
PF-000296,PSQ-0016,ANTI-HONGOS GATILLO 500ML PSQ,1,2014.78,2,Pedido histórico field mock (2025-12-13),true,5492612780568
PF-000296,PSQ-0204,CAJA PIZZA GRANDE ECO VERDE X 100U (1),4,26888.29,2,Pedido histórico field mock (2025-12-13),true,5492612780568
PF-000296,PSQ-0215,CAMISETA 45 X 60 MUNDI MAX X PAQ (20),4,4063.74,2,Pedido histórico field mock (2025-12-13),true,5492612780568
PF-000297,PSQ-0017,ANTI-HONGOS X 5LTS PSQUIMICA,4,14102.66,2,Pedido histórico field mock (2026-01-18),true,5492612780568
PF-000297,PSQ-0016,ANTI-HONGOS GATILLO 500ML PSQ,2,2014.78,2,Pedido histórico field mock (2026-01-18),true,5492612780568
PF-000298,PSQ-0310,DESTAPA CAÑERIAS X LT PSQUIMICA,3,2240.79,2,Pedido reciente field mock (2026-04-29),true,5492612780568
PF-000298,PSQ-0016,ANTI-HONGOS GATILLO 500ML PSQ,1,2014.78,2,Pedido reciente field mock (2026-04-29),true,5492612780568
PF-000299,PSQ-0017,ANTI-HONGOS X 5LTS PSQUIMICA,1,14102.66,2,Pedido reciente field mock (2026-05-02),true,5492612780568
PF-000299,PSQ-0457,LIMPIA TAPIZADOS 500ML PSQ,2,791.69,2,Pedido reciente field mock (2026-05-02),true,5492612780568
PF-000300,PSQ-0295,DESENGRASANTE 500ML PSQUIMICA,1,2260.75,2,Pedido reciente field mock (2026-05-06),true,5492612780568
PF-000300,PSQ-0016,ANTI-HONGOS GATILLO 500ML PSQ,2,2014.78,2,Pedido reciente field mock (2026-05-06),true,5492612780568
PF-000301,PSQ-0017,ANTI-HONGOS X 5LTS PSQUIMICA,4,11036.86,3,Pedido histórico field mock (2025-06-01),true,5493582639964
PF-000301,PSQ-0457,LIMPIA TAPIZADOS 500ML PSQ,3,619.59,3,Pedido histórico field mock (2025-06-01),true,5493582639964
PF-000301,PSQ-0582,QUITASARRO GATILLO 500ML PSQ,2,1921.24,3,Pedido histórico field mock (2025-06-01),true,5493582639964
PF-000302,PSQ-0017,ANTI-HONGOS X 5LTS PSQUIMICA,1,11036.86,3,Pedido histórico field mock (2025-07-10),true,5493582639964
PF-000302,PSQ-0457,LIMPIA TAPIZADOS 500ML PSQ,1,619.59,3,Pedido histórico field mock (2025-07-10),true,5493582639964
PF-000302,PSQ-0198,CAJA EMPANADA X 100U,3,7026.93,3,Pedido histórico field mock (2025-07-10),true,5493582639964
PF-000302,PSQ-0487,MULTIUSO AZULEJOS X 500ML PSQUIMICA,3,1099.64,3,Pedido histórico field mock (2025-07-10),true,5493582639964
PF-000303,PSQ-0017,ANTI-HONGOS X 5LTS PSQUIMICA,1,11036.86,3,Pedido histórico field mock (2025-08-18),true,5493582639964
PF-000303,PSQ-0457,LIMPIA TAPIZADOS 500ML PSQ,3,619.59,3,Pedido histórico field mock (2025-08-18),true,5493582639964
PF-000303,PSQ-0561,PORTA VASOS CAFE X 50 UNI,1,3996.55,3,Pedido histórico field mock (2025-08-18),true,5493582639964
PF-000303,PSQ-0453,LAVANDINA X1L,4,837.58,3,Pedido histórico field mock (2025-08-18),true,5493582639964
PF-000304,PSQ-0017,ANTI-HONGOS X 5LTS PSQUIMICA,4,11036.86,3,Pedido histórico field mock (2025-09-27),true,5493582639964
PF-000304,PSQ-0457,LIMPIA TAPIZADOS 500ML PSQ,2,619.59,3,Pedido histórico field mock (2025-09-27),true,5493582639964
PF-000305,PSQ-0017,ANTI-HONGOS X 5LTS PSQUIMICA,2,11036.86,3,Pedido histórico field mock (2025-11-05),true,5493582639964
PF-000305,PSQ-0457,LIMPIA TAPIZADOS 500ML PSQ,3,619.59,3,Pedido histórico field mock (2025-11-05),true,5493582639964
PF-000306,PSQ-0017,ANTI-HONGOS X 5LTS PSQUIMICA,4,11036.86,3,Pedido histórico field mock (2025-12-13),true,5493582639964
PF-000306,PSQ-0457,LIMPIA TAPIZADOS 500ML PSQ,1,619.59,3,Pedido histórico field mock (2025-12-13),true,5493582639964
PF-000306,PSQ-0205,CAJA PIZZA GRIS CORRUGADA X 50U,2,20215.94,3,Pedido histórico field mock (2025-12-13),true,5493582639964
PF-000306,PSQ-0317,DETERGENTE USO DIRECTO X1L,3,1133.41,3,Pedido histórico field mock (2025-12-13),true,5493582639964
PF-000307,PSQ-0017,ANTI-HONGOS X 5LTS PSQUIMICA,3,11036.86,3,Pedido histórico field mock (2026-01-20),true,5493582639964
PF-000307,PSQ-0457,LIMPIA TAPIZADOS 500ML PSQ,2,619.59,3,Pedido histórico field mock (2026-01-20),true,5493582639964
PF-000307,PSQ-0454,LAVANDINA X5L,2,2308.09,3,Pedido histórico field mock (2026-01-20),true,5493582639964
PF-000307,PSQ-0318,DETERGENTE USO DIRECTO X5L,1,4847.89,3,Pedido histórico field mock (2026-01-20),true,5493582639964
PF-000308,PSQ-0017,ANTI-HONGOS X 5LTS PSQUIMICA,3,11036.86,3,Pedido reciente field mock (2026-05-10),true,5493582639964
PF-000308,PSQ-0457,LIMPIA TAPIZADOS 500ML PSQ,3,619.59,3,Pedido reciente field mock (2026-05-10),true,5493582639964
PF-000309,PSQ-0017,ANTI-HONGOS X 5LTS PSQUIMICA,1,11036.86,3,Pedido reciente field mock (2026-05-13),true,5493582639964
PF-000309,PSQ-0016,ANTI-HONGOS GATILLO 500ML PSQ,2,1576.78,3,Pedido reciente field mock (2026-05-13),true,5493582639964
PF-000310,PSQ-0017,ANTI-HONGOS X 5LTS PSQUIMICA,3,11036.86,3,Pedido reciente field mock (2026-05-18),true,5493582639964
PF-000310,PSQ-0310,DESTAPA CAÑERIAS X LT PSQUIMICA,2,1753.66,3,Pedido reciente field mock (2026-05-18),true,5493582639964
PF-000311,PSQ-0457,LIMPIA TAPIZADOS 500ML PSQ,2,585.17,4,Pedido histórico field mock (2025-06-06),true,5493814729528
PF-000311,PSQ-0017,ANTI-HONGOS X 5LTS PSQUIMICA,2,10423.70,4,Pedido histórico field mock (2025-06-06),true,5493814729528
PF-000311,PSQ-0218,CAMISETA 50 X 70 MUNDI MAX X PAQ (20),1,4843.74,4,Pedido histórico field mock (2025-06-06),true,5493814729528
PF-000312,PSQ-0457,LIMPIA TAPIZADOS 500ML PSQ,4,585.17,4,Pedido histórico field mock (2025-07-11),true,5493814729528
PF-000312,PSQ-0017,ANTI-HONGOS X 5LTS PSQUIMICA,1,10423.70,4,Pedido histórico field mock (2025-07-11),true,5493814729528
PF-000313,PSQ-0457,LIMPIA TAPIZADOS 500ML PSQ,4,585.17,4,Pedido histórico field mock (2025-08-18),true,5493814729528
PF-000313,PSQ-0017,ANTI-HONGOS X 5LTS PSQUIMICA,2,10423.70,4,Pedido histórico field mock (2025-08-18),true,5493814729528
PF-000313,PSQ-0582,QUITASARRO GATILLO 500ML PSQ,1,1814.50,4,Pedido histórico field mock (2025-08-18),true,5493814729528
PF-000313,PSQ-0462,LIMPIAVIDRIOS GATILLO 475ML PSQ,1,1420.94,4,Pedido histórico field mock (2025-08-18),true,5493814729528
PF-000314,PSQ-0457,LIMPIA TAPIZADOS 500ML PSQ,2,585.17,4,Pedido histórico field mock (2025-09-25),true,5493814729528
PF-000314,PSQ-0017,ANTI-HONGOS X 5LTS PSQUIMICA,1,10423.70,4,Pedido histórico field mock (2025-09-25),true,5493814729528
PF-000315,PSQ-0457,LIMPIA TAPIZADOS 500ML PSQ,1,585.17,4,Pedido histórico field mock (2025-10-30),true,5493814729528
PF-000315,PSQ-0017,ANTI-HONGOS X 5LTS PSQUIMICA,4,10423.70,4,Pedido histórico field mock (2025-10-30),true,5493814729528
PF-000316,PSQ-0457,LIMPIA TAPIZADOS 500ML PSQ,2,585.17,4,Pedido histórico field mock (2025-12-05),true,5493814729528
PF-000316,PSQ-0017,ANTI-HONGOS X 5LTS PSQUIMICA,1,10423.70,4,Pedido histórico field mock (2025-12-05),true,5493814729528
PF-000316,PSQ-0212,CAMISETA 40 X 50 ECO MUNDI POLIM. X PAQ (20),3,1678.92,4,Pedido histórico field mock (2025-12-05),true,5493814729528
PF-000317,PSQ-0457,LIMPIA TAPIZADOS 500ML PSQ,1,585.17,4,Pedido histórico field mock (2026-01-14),true,5493814729528
PF-000317,PSQ-0017,ANTI-HONGOS X 5LTS PSQUIMICA,1,10423.70,4,Pedido histórico field mock (2026-01-14),true,5493814729528
PF-000317,PSQ-0582,QUITASARRO GATILLO 500ML PSQ,2,1814.50,4,Pedido histórico field mock (2026-01-14),true,5493814729528
PF-000318,PSQ-0310,DESTAPA CAÑERIAS X LT PSQUIMICA,2,1656.23,4,Pedido reciente field mock (2026-05-10),true,5493814729528
PF-000318,PSQ-0295,DESENGRASANTE 500ML PSQUIMICA,3,1670.99,4,Pedido reciente field mock (2026-05-10),true,5493814729528
PF-000319,PSQ-0017,ANTI-HONGOS X 5LTS PSQUIMICA,2,10423.70,4,Pedido reciente field mock (2026-05-19),true,5493814729528
PF-000319,PSQ-0310,DESTAPA CAÑERIAS X LT PSQUIMICA,1,1656.23,4,Pedido reciente field mock (2026-05-19),true,5493814729528
PF-000320,PSQ-0457,LIMPIA TAPIZADOS 500ML PSQ,3,585.17,4,Pedido reciente field mock (2026-05-20),true,5493814729528
PF-000320,PSQ-0310,DESTAPA CAÑERIAS X LT PSQUIMICA,2,1656.23,4,Pedido reciente field mock (2026-05-20),true,5493814729528
PF-000321,PSQ-0457,LIMPIA TAPIZADOS 500ML PSQ,3,688.43,1,Pedido histórico field mock (2025-06-01),true,5493876922419
PF-000321,PSQ-0017,ANTI-HONGOS X 5LTS PSQUIMICA,4,12263.18,1,Pedido histórico field mock (2025-06-01),true,5493876922419
PF-000322,PSQ-0457,LIMPIA TAPIZADOS 500ML PSQ,2,688.43,1,Pedido histórico field mock (2025-07-10),true,5493876922419
PF-000322,PSQ-0017,ANTI-HONGOS X 5LTS PSQUIMICA,1,12263.18,1,Pedido histórico field mock (2025-07-10),true,5493876922419
PF-000322,PSQ-0318,DETERGENTE USO DIRECTO X5L,1,5386.54,1,Pedido histórico field mock (2025-07-10),true,5493876922419
PF-000323,PSQ-0457,LIMPIA TAPIZADOS 500ML PSQ,4,688.43,1,Pedido histórico field mock (2025-08-13),true,5493876922419
PF-000323,PSQ-0017,ANTI-HONGOS X 5LTS PSQUIMICA,1,12263.18,1,Pedido histórico field mock (2025-08-13),true,5493876922419
PF-000323,PSQ-0317,DETERGENTE USO DIRECTO X1L,1,1259.34,1,Pedido histórico field mock (2025-08-13),true,5493876922419
PF-000323,PSQ-0218,CAMISETA 50 X 70 MUNDI MAX X PAQ (20),2,5698.52,1,Pedido histórico field mock (2025-08-13),true,5493876922419
PF-000324,PSQ-0457,LIMPIA TAPIZADOS 500ML PSQ,4,688.43,1,Pedido histórico field mock (2025-09-27),true,5493876922419
PF-000324,PSQ-0017,ANTI-HONGOS X 5LTS PSQUIMICA,4,12263.18,1,Pedido histórico field mock (2025-09-27),true,5493876922419
PF-000325,PSQ-0457,LIMPIA TAPIZADOS 500ML PSQ,1,688.43,1,Pedido histórico field mock (2025-11-04),true,5493876922419
PF-000325,PSQ-0017,ANTI-HONGOS X 5LTS PSQUIMICA,1,12263.18,1,Pedido histórico field mock (2025-11-04),true,5493876922419
PF-000325,PSQ-0204,CAJA PIZZA GRANDE ECO VERDE X 100U (1),4,23381.12,1,Pedido histórico field mock (2025-11-04),true,5493876922419
PF-000326,PSQ-0457,LIMPIA TAPIZADOS 500ML PSQ,1,688.43,1,Pedido histórico field mock (2025-12-07),true,5493876922419
PF-000326,PSQ-0017,ANTI-HONGOS X 5LTS PSQUIMICA,4,12263.18,1,Pedido histórico field mock (2025-12-07),true,5493876922419
PF-000326,PSQ-0487,MULTIUSO AZULEJOS X 500ML PSQUIMICA,1,1221.82,1,Pedido histórico field mock (2025-12-07),true,5493876922419
PF-000327,PSQ-0457,LIMPIA TAPIZADOS 500ML PSQ,2,688.43,1,Pedido histórico field mock (2026-01-14),true,5493876922419
PF-000327,PSQ-0017,ANTI-HONGOS X 5LTS PSQUIMICA,3,12263.18,1,Pedido histórico field mock (2026-01-14),true,5493876922419
PF-000328,PSQ-0295,DESENGRASANTE 500ML PSQUIMICA,3,1965.87,1,Pedido reciente field mock (2026-04-02),true,5493876922419
PF-000328,PSQ-0457,LIMPIA TAPIZADOS 500ML PSQ,1,688.43,1,Pedido reciente field mock (2026-04-02),true,5493876922419
PF-000329,PSQ-0295,DESENGRASANTE 500ML PSQUIMICA,2,1965.87,1,Pedido reciente field mock (2026-04-30),true,5493876922419
PF-000329,PSQ-0017,ANTI-HONGOS X 5LTS PSQUIMICA,1,12263.18,1,Pedido reciente field mock (2026-04-30),true,5493876922419
PF-000330,PSQ-0310,DESTAPA CAÑERIAS X LT PSQUIMICA,2,1948.51,1,Pedido reciente field mock (2026-05-10),true,5493876922419
PF-000330,PSQ-0016,ANTI-HONGOS GATILLO 500ML PSQ,3,1751.98,1,Pedido reciente field mock (2026-05-10),true,5493876922419
PF-000331,PSQ-0016,ANTI-HONGOS GATILLO 500ML PSQ,1,2014.78,2,Pedido histórico field mock (2025-06-03),true,5492618889598
PF-000331,PSQ-0310,DESTAPA CAÑERIAS X LT PSQUIMICA,3,2240.79,2,Pedido histórico field mock (2025-06-03),true,5492618889598
PF-000331,PSQ-0317,DETERGENTE USO DIRECTO X1L,3,1448.24,2,Pedido histórico field mock (2025-06-03),true,5492618889598
PF-000331,PSQ-0561,PORTA VASOS CAFE X 50 UNI,1,5106.70,2,Pedido histórico field mock (2025-06-03),true,5492618889598
PF-000332,PSQ-0016,ANTI-HONGOS GATILLO 500ML PSQ,4,2014.78,2,Pedido histórico field mock (2025-07-07),true,5492618889598
PF-000332,PSQ-0310,DESTAPA CAÑERIAS X LT PSQUIMICA,2,2240.79,2,Pedido histórico field mock (2025-07-07),true,5492618889598
PF-000333,PSQ-0016,ANTI-HONGOS GATILLO 500ML PSQ,1,2014.78,2,Pedido histórico field mock (2025-08-21),true,5492618889598
PF-000333,PSQ-0310,DESTAPA CAÑERIAS X LT PSQUIMICA,2,2240.79,2,Pedido histórico field mock (2025-08-21),true,5492618889598
PF-000333,PSQ-0198,CAJA EMPANADA X 100U,1,8978.85,2,Pedido histórico field mock (2025-08-21),true,5492618889598
PF-000333,PSQ-0487,MULTIUSO AZULEJOS X 500ML PSQUIMICA,4,1405.09,2,Pedido histórico field mock (2025-08-21),true,5492618889598
PF-000334,PSQ-0016,ANTI-HONGOS GATILLO 500ML PSQ,4,2014.78,2,Pedido histórico field mock (2025-09-28),true,5492618889598
PF-000334,PSQ-0310,DESTAPA CAÑERIAS X LT PSQUIMICA,3,2240.79,2,Pedido histórico field mock (2025-09-28),true,5492618889598
PF-000334,PSQ-0454,LAVANDINA X5L,4,2949.22,2,Pedido histórico field mock (2025-09-28),true,5492618889598
PF-000334,PSQ-0212,CAMISETA 40 X 50 ECO MUNDI POLIM. X PAQ (20),4,2271.48,2,Pedido histórico field mock (2025-09-28),true,5492618889598
PF-000335,PSQ-0016,ANTI-HONGOS GATILLO 500ML PSQ,4,2014.78,2,Pedido histórico field mock (2025-10-26),true,5492618889598
PF-000335,PSQ-0310,DESTAPA CAÑERIAS X LT PSQUIMICA,2,2240.79,2,Pedido histórico field mock (2025-10-26),true,5492618889598
PF-000335,PSQ-0218,CAMISETA 50 X 70 MUNDI MAX X PAQ (20),2,6553.30,2,Pedido histórico field mock (2025-10-26),true,5492618889598
PF-000335,PSQ-0215,CAMISETA 45 X 60 MUNDI MAX X PAQ (20),2,4063.74,2,Pedido histórico field mock (2025-10-26),true,5492618889598
PF-000336,PSQ-0016,ANTI-HONGOS GATILLO 500ML PSQ,4,2014.78,2,Pedido histórico field mock (2025-12-08),true,5492618889598
PF-000336,PSQ-0310,DESTAPA CAÑERIAS X LT PSQUIMICA,1,2240.79,2,Pedido histórico field mock (2025-12-08),true,5492618889598
PF-000337,PSQ-0016,ANTI-HONGOS GATILLO 500ML PSQ,1,2014.78,2,Pedido histórico field mock (2026-01-19),true,5492618889598
PF-000337,PSQ-0310,DESTAPA CAÑERIAS X LT PSQUIMICA,3,2240.79,2,Pedido histórico field mock (2026-01-19),true,5492618889598
PF-000338,PSQ-0016,ANTI-HONGOS GATILLO 500ML PSQ,2,2014.78,2,Pedido reciente field mock (2026-04-03),true,5492618889598
PF-000338,PSQ-0310,DESTAPA CAÑERIAS X LT PSQUIMICA,3,2240.79,2,Pedido reciente field mock (2026-04-03),true,5492618889598
PF-000339,PSQ-0310,DESTAPA CAÑERIAS X LT PSQUIMICA,1,2240.79,2,Pedido reciente field mock (2026-04-27),true,5492618889598
PF-000339,PSQ-0295,DESENGRASANTE 500ML PSQUIMICA,3,2260.75,2,Pedido reciente field mock (2026-04-27),true,5492618889598
PF-000340,PSQ-0016,ANTI-HONGOS GATILLO 500ML PSQ,1,2014.78,2,Pedido reciente field mock (2026-05-12),true,5492618889598
PF-000340,PSQ-0457,LIMPIA TAPIZADOS 500ML PSQ,3,791.69,2,Pedido reciente field mock (2026-05-12),true,5492618889598
PF-000341,PSQ-0017,ANTI-HONGOS X 5LTS PSQUIMICA,3,11036.86,3,Pedido histórico field mock (2025-06-02),true,5492615021286
PF-000341,PSQ-0310,DESTAPA CAÑERIAS X LT PSQUIMICA,2,1753.66,3,Pedido histórico field mock (2025-06-02),true,5492615021286
PF-000341,PSQ-0462,LIMPIAVIDRIOS GATILLO 475ML PSQ,1,1504.52,3,Pedido histórico field mock (2025-06-02),true,5492615021286
PF-000341,PSQ-0218,CAMISETA 50 X 70 MUNDI MAX X PAQ (20),1,5128.67,3,Pedido histórico field mock (2025-06-02),true,5492615021286
PF-000342,PSQ-0017,ANTI-HONGOS X 5LTS PSQUIMICA,2,11036.86,3,Pedido histórico field mock (2025-07-13),true,5492615021286
PF-000342,PSQ-0310,DESTAPA CAÑERIAS X LT PSQUIMICA,4,1753.66,3,Pedido histórico field mock (2025-07-13),true,5492615021286
PF-000342,PSQ-0198,CAJA EMPANADA X 100U,1,7026.93,3,Pedido histórico field mock (2025-07-13),true,5492615021286
PF-000343,PSQ-0017,ANTI-HONGOS X 5LTS PSQUIMICA,4,11036.86,3,Pedido histórico field mock (2025-08-11),true,5492615021286
PF-000343,PSQ-0310,DESTAPA CAÑERIAS X LT PSQUIMICA,4,1753.66,3,Pedido histórico field mock (2025-08-11),true,5492615021286
PF-000343,PSQ-0487,MULTIUSO AZULEJOS X 500ML PSQUIMICA,1,1099.64,3,Pedido histórico field mock (2025-08-11),true,5492615021286
PF-000343,PSQ-0317,DETERGENTE USO DIRECTO X1L,4,1133.41,3,Pedido histórico field mock (2025-08-11),true,5492615021286
PF-000344,PSQ-0017,ANTI-HONGOS X 5LTS PSQUIMICA,1,11036.86,3,Pedido histórico field mock (2025-09-22),true,5492615021286
PF-000344,PSQ-0310,DESTAPA CAÑERIAS X LT PSQUIMICA,3,1753.66,3,Pedido histórico field mock (2025-09-22),true,5492615021286
PF-000344,PSQ-0487,MULTIUSO AZULEJOS X 500ML PSQUIMICA,1,1099.64,3,Pedido histórico field mock (2025-09-22),true,5492615021286
PF-000344,PSQ-0215,CAMISETA 45 X 60 MUNDI MAX X PAQ (20),2,3180.32,3,Pedido histórico field mock (2025-09-22),true,5492615021286
PF-000345,PSQ-0017,ANTI-HONGOS X 5LTS PSQUIMICA,4,11036.86,3,Pedido histórico field mock (2025-10-30),true,5492615021286
PF-000345,PSQ-0310,DESTAPA CAÑERIAS X LT PSQUIMICA,3,1753.66,3,Pedido histórico field mock (2025-10-30),true,5492615021286
PF-000345,PSQ-0205,CAJA PIZZA GRIS CORRUGADA X 50U,4,20215.94,3,Pedido histórico field mock (2025-10-30),true,5492615021286
PF-000346,PSQ-0017,ANTI-HONGOS X 5LTS PSQUIMICA,2,11036.86,3,Pedido histórico field mock (2025-12-11),true,5492615021286
PF-000346,PSQ-0310,DESTAPA CAÑERIAS X LT PSQUIMICA,1,1753.66,3,Pedido histórico field mock (2025-12-11),true,5492615021286
PF-000347,PSQ-0017,ANTI-HONGOS X 5LTS PSQUIMICA,4,11036.86,3,Pedido histórico field mock (2026-01-14),true,5492615021286
PF-000347,PSQ-0310,DESTAPA CAÑERIAS X LT PSQUIMICA,1,1753.66,3,Pedido histórico field mock (2026-01-14),true,5492615021286
PF-000348,PSQ-0457,LIMPIA TAPIZADOS 500ML PSQ,2,619.59,3,Pedido reciente field mock (2026-04-23),true,5492615021286
PF-000348,PSQ-0295,DESENGRASANTE 500ML PSQUIMICA,3,1769.28,3,Pedido reciente field mock (2026-04-23),true,5492615021286
PF-000349,PSQ-0295,DESENGRASANTE 500ML PSQUIMICA,3,1769.28,3,Pedido reciente field mock (2026-05-08),true,5492615021286
PF-000349,PSQ-0017,ANTI-HONGOS X 5LTS PSQUIMICA,1,11036.86,3,Pedido reciente field mock (2026-05-08),true,5492615021286
PF-000350,PSQ-0457,LIMPIA TAPIZADOS 500ML PSQ,3,619.59,3,Pedido reciente field mock (2026-05-15),true,5492615021286
PF-000350,PSQ-0310,DESTAPA CAÑERIAS X LT PSQUIMICA,3,1753.66,3,Pedido reciente field mock (2026-05-15),true,5492615021286
PF-000351,PSQ-0310,DESTAPA CAÑERIAS X LT PSQUIMICA,1,1656.23,4,Pedido histórico field mock (2025-06-02),true,5493813520000
PF-000351,PSQ-0017,ANTI-HONGOS X 5LTS PSQUIMICA,1,10423.70,4,Pedido histórico field mock (2025-06-02),true,5493813520000
PF-000351,PSQ-0454,LAVANDINA X5L,2,2179.86,4,Pedido histórico field mock (2025-06-02),true,5493813520000
PF-000352,PSQ-0310,DESTAPA CAÑERIAS X LT PSQUIMICA,4,1656.23,4,Pedido histórico field mock (2025-07-07),true,5493813520000
PF-000352,PSQ-0017,ANTI-HONGOS X 5LTS PSQUIMICA,3,10423.70,4,Pedido histórico field mock (2025-07-07),true,5493813520000
PF-000352,PSQ-0318,DETERGENTE USO DIRECTO X5L,4,4578.56,4,Pedido histórico field mock (2025-07-07),true,5493813520000
PF-000352,PSQ-0487,MULTIUSO AZULEJOS X 500ML PSQUIMICA,2,1038.55,4,Pedido histórico field mock (2025-07-07),true,5493813520000
PF-000353,PSQ-0310,DESTAPA CAÑERIAS X LT PSQUIMICA,1,1656.23,4,Pedido histórico field mock (2025-08-16),true,5493813520000
PF-000353,PSQ-0017,ANTI-HONGOS X 5LTS PSQUIMICA,2,10423.70,4,Pedido histórico field mock (2025-08-16),true,5493813520000
PF-000353,PSQ-0205,CAJA PIZZA GRIS CORRUGADA X 50U,2,19092.83,4,Pedido histórico field mock (2025-08-16),true,5493813520000
PF-000353,PSQ-0561,PORTA VASOS CAFE X 50 UNI,3,3774.52,4,Pedido histórico field mock (2025-08-16),true,5493813520000
PF-000354,PSQ-0310,DESTAPA CAÑERIAS X LT PSQUIMICA,2,1656.23,4,Pedido histórico field mock (2025-09-27),true,5493813520000
PF-000354,PSQ-0017,ANTI-HONGOS X 5LTS PSQUIMICA,4,10423.70,4,Pedido histórico field mock (2025-09-27),true,5493813520000
PF-000354,PSQ-0453,LAVANDINA X1L,1,791.04,4,Pedido histórico field mock (2025-09-27),true,5493813520000
PF-000354,PSQ-0561,PORTA VASOS CAFE X 50 UNI,4,3774.52,4,Pedido histórico field mock (2025-09-27),true,5493813520000
PF-000355,PSQ-0310,DESTAPA CAÑERIAS X LT PSQUIMICA,1,1656.23,4,Pedido histórico field mock (2025-11-04),true,5493813520000
PF-000355,PSQ-0017,ANTI-HONGOS X 5LTS PSQUIMICA,3,10423.70,4,Pedido histórico field mock (2025-11-04),true,5493813520000
PF-000355,PSQ-0205,CAJA PIZZA GRIS CORRUGADA X 50U,3,19092.83,4,Pedido histórico field mock (2025-11-04),true,5493813520000
PF-000356,PSQ-0310,DESTAPA CAÑERIAS X LT PSQUIMICA,4,1656.23,4,Pedido histórico field mock (2025-12-09),true,5493813520000
PF-000356,PSQ-0017,ANTI-HONGOS X 5LTS PSQUIMICA,2,10423.70,4,Pedido histórico field mock (2025-12-09),true,5493813520000
PF-000356,PSQ-0317,DETERGENTE USO DIRECTO X1L,2,1070.44,4,Pedido histórico field mock (2025-12-09),true,5493813520000
PF-000356,PSQ-0462,LIMPIAVIDRIOS GATILLO 475ML PSQ,1,1420.94,4,Pedido histórico field mock (2025-12-09),true,5493813520000
PF-000357,PSQ-0310,DESTAPA CAÑERIAS X LT PSQUIMICA,2,1656.23,4,Pedido histórico field mock (2026-01-15),true,5493813520000
PF-000357,PSQ-0017,ANTI-HONGOS X 5LTS PSQUIMICA,4,10423.70,4,Pedido histórico field mock (2026-01-15),true,5493813520000
PF-000357,PSQ-0205,CAJA PIZZA GRIS CORRUGADA X 50U,2,19092.83,4,Pedido histórico field mock (2026-01-15),true,5493813520000
PF-000357,PSQ-0204,CAJA PIZZA GRANDE ECO VERDE X 100U (1),4,19873.95,4,Pedido histórico field mock (2026-01-15),true,5493813520000
PF-000358,PSQ-0457,LIMPIA TAPIZADOS 500ML PSQ,1,585.17,4,Pedido reciente field mock (2026-04-04),true,5493813520000
PF-000358,PSQ-0017,ANTI-HONGOS X 5LTS PSQUIMICA,1,10423.70,4,Pedido reciente field mock (2026-04-04),true,5493813520000
PF-000359,PSQ-0310,DESTAPA CAÑERIAS X LT PSQUIMICA,1,1656.23,4,Pedido reciente field mock (2026-05-01),true,5493813520000
PF-000359,PSQ-0016,ANTI-HONGOS GATILLO 500ML PSQ,3,1489.18,4,Pedido reciente field mock (2026-05-01),true,5493813520000
PF-000360,PSQ-0457,LIMPIA TAPIZADOS 500ML PSQ,3,585.17,4,Pedido reciente field mock (2026-05-16),true,5493813520000
PF-000360,PSQ-0017,ANTI-HONGOS X 5LTS PSQUIMICA,2,10423.70,4,Pedido reciente field mock (2026-05-16),true,5493813520000
PF-000361,PSQ-0016,ANTI-HONGOS GATILLO 500ML PSQ,2,1751.98,1,Pedido histórico field mock (2025-06-01),true,5492997489876
PF-000361,PSQ-0310,DESTAPA CAÑERIAS X LT PSQUIMICA,2,1948.51,1,Pedido histórico field mock (2025-06-01),true,5492997489876
PF-000362,PSQ-0016,ANTI-HONGOS GATILLO 500ML PSQ,2,1751.98,1,Pedido histórico field mock (2025-07-07),true,5492997489876
PF-000362,PSQ-0310,DESTAPA CAÑERIAS X LT PSQUIMICA,3,1948.51,1,Pedido histórico field mock (2025-07-07),true,5492997489876
PF-000362,PSQ-0198,CAJA EMPANADA X 100U,3,7807.70,1,Pedido histórico field mock (2025-07-07),true,5492997489876
PF-000363,PSQ-0016,ANTI-HONGOS GATILLO 500ML PSQ,1,1751.98,1,Pedido histórico field mock (2025-08-12),true,5492997489876
PF-000363,PSQ-0310,DESTAPA CAÑERIAS X LT PSQUIMICA,2,1948.51,1,Pedido histórico field mock (2025-08-12),true,5492997489876
PF-000363,PSQ-0218,CAMISETA 50 X 70 MUNDI MAX X PAQ (20),3,5698.52,1,Pedido histórico field mock (2025-08-12),true,5492997489876
PF-000363,PSQ-0205,CAJA PIZZA GRIS CORRUGADA X 50U,1,22462.15,1,Pedido histórico field mock (2025-08-12),true,5492997489876
PF-000364,PSQ-0016,ANTI-HONGOS GATILLO 500ML PSQ,3,1751.98,1,Pedido histórico field mock (2025-09-18),true,5492997489876
PF-000364,PSQ-0310,DESTAPA CAÑERIAS X LT PSQUIMICA,1,1948.51,1,Pedido histórico field mock (2025-09-18),true,5492997489876
PF-000364,PSQ-0317,DETERGENTE USO DIRECTO X1L,1,1259.34,1,Pedido histórico field mock (2025-09-18),true,5492997489876
PF-000365,PSQ-0016,ANTI-HONGOS GATILLO 500ML PSQ,1,1751.98,1,Pedido histórico field mock (2025-11-02),true,5492997489876
PF-000365,PSQ-0310,DESTAPA CAÑERIAS X LT PSQUIMICA,3,1948.51,1,Pedido histórico field mock (2025-11-02),true,5492997489876
PF-000366,PSQ-0016,ANTI-HONGOS GATILLO 500ML PSQ,4,1751.98,1,Pedido histórico field mock (2025-12-13),true,5492997489876
PF-000366,PSQ-0310,DESTAPA CAÑERIAS X LT PSQUIMICA,4,1948.51,1,Pedido histórico field mock (2025-12-13),true,5492997489876
PF-000366,PSQ-0454,LAVANDINA X5L,1,2564.54,1,Pedido histórico field mock (2025-12-13),true,5492997489876
PF-000366,PSQ-0212,CAMISETA 40 X 50 ECO MUNDI POLIM. X PAQ (20),3,1975.20,1,Pedido histórico field mock (2025-12-13),true,5492997489876
PF-000367,PSQ-0016,ANTI-HONGOS GATILLO 500ML PSQ,3,1751.98,1,Pedido histórico field mock (2026-01-14),true,5492997489876
PF-000367,PSQ-0310,DESTAPA CAÑERIAS X LT PSQUIMICA,4,1948.51,1,Pedido histórico field mock (2026-01-14),true,5492997489876
PF-000367,PSQ-0561,PORTA VASOS CAFE X 50 UNI,1,4440.61,1,Pedido histórico field mock (2026-01-14),true,5492997489876
PF-000367,PSQ-0212,CAMISETA 40 X 50 ECO MUNDI POLIM. X PAQ (20),2,1975.20,1,Pedido histórico field mock (2026-01-14),true,5492997489876
PF-000368,PSQ-0016,ANTI-HONGOS GATILLO 500ML PSQ,1,1751.98,1,Pedido reciente field mock (2026-04-12),true,5492997489876
PF-000368,PSQ-0295,DESENGRASANTE 500ML PSQUIMICA,2,1965.87,1,Pedido reciente field mock (2026-04-12),true,5492997489876
PF-000369,PSQ-0457,LIMPIA TAPIZADOS 500ML PSQ,3,688.43,1,Pedido reciente field mock (2026-04-17),true,5492997489876
PF-000369,PSQ-0295,DESENGRASANTE 500ML PSQUIMICA,2,1965.87,1,Pedido reciente field mock (2026-04-17),true,5492997489876
PF-000370,PSQ-0310,DESTAPA CAÑERIAS X LT PSQUIMICA,1,1948.51,1,Pedido reciente field mock (2026-05-11),true,5492997489876
PF-000370,PSQ-0016,ANTI-HONGOS GATILLO 500ML PSQ,1,1751.98,1,Pedido reciente field mock (2026-05-11),true,5492997489876
PF-000371,PSQ-0016,ANTI-HONGOS GATILLO 500ML PSQ,3,2014.78,2,Pedido histórico field mock (2025-06-01),true,5493519107005
PF-000371,PSQ-0457,LIMPIA TAPIZADOS 500ML PSQ,3,791.69,2,Pedido histórico field mock (2025-06-01),true,5493519107005
PF-000372,PSQ-0016,ANTI-HONGOS GATILLO 500ML PSQ,4,2014.78,2,Pedido histórico field mock (2025-07-06),true,5493519107005
PF-000372,PSQ-0457,LIMPIA TAPIZADOS 500ML PSQ,4,791.69,2,Pedido histórico field mock (2025-07-06),true,5493519107005
PF-000372,PSQ-0205,CAJA PIZZA GRIS CORRUGADA X 50U,4,25831.47,2,Pedido histórico field mock (2025-07-06),true,5493519107005
PF-000372,PSQ-0576,QUITAMANCHAS 500ML PSQ,3,1568.19,2,Pedido histórico field mock (2025-07-06),true,5493519107005
PF-000373,PSQ-0016,ANTI-HONGOS GATILLO 500ML PSQ,3,2014.78,2,Pedido histórico field mock (2025-08-13),true,5493519107005
PF-000373,PSQ-0457,LIMPIA TAPIZADOS 500ML PSQ,1,791.69,2,Pedido histórico field mock (2025-08-13),true,5493519107005
PF-000373,PSQ-0561,PORTA VASOS CAFE X 50 UNI,4,5106.70,2,Pedido histórico field mock (2025-08-13),true,5493519107005
PF-000373,PSQ-0576,QUITAMANCHAS 500ML PSQ,2,1568.19,2,Pedido histórico field mock (2025-08-13),true,5493519107005
PF-000374,PSQ-0016,ANTI-HONGOS GATILLO 500ML PSQ,4,2014.78,2,Pedido histórico field mock (2025-09-20),true,5493519107005
PF-000374,PSQ-0457,LIMPIA TAPIZADOS 500ML PSQ,3,791.69,2,Pedido histórico field mock (2025-09-20),true,5493519107005
PF-000374,PSQ-0318,DETERGENTE USO DIRECTO X5L,4,6194.52,2,Pedido histórico field mock (2025-09-20),true,5493519107005
PF-000374,PSQ-0198,CAJA EMPANADA X 100U,4,8978.85,2,Pedido histórico field mock (2025-09-20),true,5493519107005
PF-000375,PSQ-0016,ANTI-HONGOS GATILLO 500ML PSQ,4,2014.78,2,Pedido histórico field mock (2025-11-03),true,5493519107005
PF-000375,PSQ-0457,LIMPIA TAPIZADOS 500ML PSQ,2,791.69,2,Pedido histórico field mock (2025-11-03),true,5493519107005
PF-000375,PSQ-0561,PORTA VASOS CAFE X 50 UNI,4,5106.70,2,Pedido histórico field mock (2025-11-03),true,5493519107005
PF-000376,PSQ-0016,ANTI-HONGOS GATILLO 500ML PSQ,1,2014.78,2,Pedido histórico field mock (2025-12-12),true,5493519107005
PF-000376,PSQ-0457,LIMPIA TAPIZADOS 500ML PSQ,1,791.69,2,Pedido histórico field mock (2025-12-12),true,5493519107005
PF-000377,PSQ-0016,ANTI-HONGOS GATILLO 500ML PSQ,3,2014.78,2,Pedido histórico field mock (2026-01-10),true,5493519107005
PF-000377,PSQ-0457,LIMPIA TAPIZADOS 500ML PSQ,2,791.69,2,Pedido histórico field mock (2026-01-10),true,5493519107005
PF-000377,PSQ-0576,QUITAMANCHAS 500ML PSQ,3,1568.19,2,Pedido histórico field mock (2026-01-10),true,5493519107005
PF-000377,PSQ-0317,DETERGENTE USO DIRECTO X1L,1,1448.24,2,Pedido histórico field mock (2026-01-10),true,5493519107005
PF-000378,PSQ-0017,ANTI-HONGOS X 5LTS PSQUIMICA,3,14102.66,2,Pedido reciente field mock (2026-04-23),true,5493519107005
PF-000378,PSQ-0295,DESENGRASANTE 500ML PSQUIMICA,1,2260.75,2,Pedido reciente field mock (2026-04-23),true,5493519107005
PF-000379,PSQ-0016,ANTI-HONGOS GATILLO 500ML PSQ,2,2014.78,2,Pedido reciente field mock (2026-05-10),true,5493519107005
PF-000379,PSQ-0017,ANTI-HONGOS X 5LTS PSQUIMICA,1,14102.66,2,Pedido reciente field mock (2026-05-10),true,5493519107005
PF-000380,PSQ-0017,ANTI-HONGOS X 5LTS PSQUIMICA,2,14102.66,2,Pedido reciente field mock (2026-05-14),true,5493519107005
PF-000380,PSQ-0295,DESENGRASANTE 500ML PSQUIMICA,1,2260.75,2,Pedido reciente field mock (2026-05-14),true,5493519107005
PF-000381,PSQ-0457,LIMPIA TAPIZADOS 500ML PSQ,2,619.59,3,Pedido histórico field mock (2025-06-01),true,5493874104594
PF-000381,PSQ-0017,ANTI-HONGOS X 5LTS PSQUIMICA,4,11036.86,3,Pedido histórico field mock (2025-06-01),true,5493874104594
PF-000381,PSQ-0318,DETERGENTE USO DIRECTO X5L,3,4847.89,3,Pedido histórico field mock (2025-06-01),true,5493874104594
PF-000381,PSQ-0204,CAJA PIZZA GRANDE ECO VERDE X 100U (1),1,21043.01,3,Pedido histórico field mock (2025-06-01),true,5493874104594
PF-000382,PSQ-0457,LIMPIA TAPIZADOS 500ML PSQ,3,619.59,3,Pedido histórico field mock (2025-07-10),true,5493874104594
PF-000382,PSQ-0017,ANTI-HONGOS X 5LTS PSQUIMICA,1,11036.86,3,Pedido histórico field mock (2025-07-10),true,5493874104594
PF-000382,PSQ-0317,DETERGENTE USO DIRECTO X1L,1,1133.41,3,Pedido histórico field mock (2025-07-10),true,5493874104594
PF-000382,PSQ-0561,PORTA VASOS CAFE X 50 UNI,2,3996.55,3,Pedido histórico field mock (2025-07-10),true,5493874104594
PF-000383,PSQ-0457,LIMPIA TAPIZADOS 500ML PSQ,3,619.59,3,Pedido histórico field mock (2025-08-11),true,5493874104594
PF-000383,PSQ-0017,ANTI-HONGOS X 5LTS PSQUIMICA,1,11036.86,3,Pedido histórico field mock (2025-08-11),true,5493874104594
PF-000384,PSQ-0457,LIMPIA TAPIZADOS 500ML PSQ,4,619.59,3,Pedido histórico field mock (2025-09-18),true,5493874104594
PF-000384,PSQ-0017,ANTI-HONGOS X 5LTS PSQUIMICA,1,11036.86,3,Pedido histórico field mock (2025-09-18),true,5493874104594
PF-000385,PSQ-0457,LIMPIA TAPIZADOS 500ML PSQ,1,619.59,3,Pedido histórico field mock (2025-11-01),true,5493874104594
PF-000385,PSQ-0017,ANTI-HONGOS X 5LTS PSQUIMICA,1,11036.86,3,Pedido histórico field mock (2025-11-01),true,5493874104594
PF-000386,PSQ-0457,LIMPIA TAPIZADOS 500ML PSQ,2,619.59,3,Pedido histórico field mock (2025-12-12),true,5493874104594
PF-000386,PSQ-0017,ANTI-HONGOS X 5LTS PSQUIMICA,1,11036.86,3,Pedido histórico field mock (2025-12-12),true,5493874104594
PF-000387,PSQ-0457,LIMPIA TAPIZADOS 500ML PSQ,2,619.59,3,Pedido histórico field mock (2026-01-11),true,5493874104594
PF-000387,PSQ-0017,ANTI-HONGOS X 5LTS PSQUIMICA,3,11036.86,3,Pedido histórico field mock (2026-01-11),true,5493874104594
PF-000387,PSQ-0317,DETERGENTE USO DIRECTO X1L,2,1133.41,3,Pedido histórico field mock (2026-01-11),true,5493874104594
PF-000388,PSQ-0295,DESENGRASANTE 500ML PSQUIMICA,3,1769.28,3,Pedido reciente field mock (2026-04-24),true,5493874104594
PF-000388,PSQ-0016,ANTI-HONGOS GATILLO 500ML PSQ,1,1576.78,3,Pedido reciente field mock (2026-04-24),true,5493874104594
PF-000389,PSQ-0310,DESTAPA CAÑERIAS X LT PSQUIMICA,1,1753.66,3,Pedido reciente field mock (2026-05-01),true,5493874104594
PF-000389,PSQ-0295,DESENGRASANTE 500ML PSQUIMICA,2,1769.28,3,Pedido reciente field mock (2026-05-01),true,5493874104594
PF-000390,PSQ-0017,ANTI-HONGOS X 5LTS PSQUIMICA,1,11036.86,3,Pedido reciente field mock (2026-05-16),true,5493874104594
PF-000390,PSQ-0016,ANTI-HONGOS GATILLO 500ML PSQ,2,1576.78,3,Pedido reciente field mock (2026-05-16),true,5493874104594
PF-000391,PSQ-0017,ANTI-HONGOS X 5LTS PSQUIMICA,4,10423.70,4,Pedido histórico field mock (2025-06-01),true,5492617413812
PF-000391,PSQ-0457,LIMPIA TAPIZADOS 500ML PSQ,1,585.17,4,Pedido histórico field mock (2025-06-01),true,5492617413812
PF-000391,PSQ-0317,DETERGENTE USO DIRECTO X1L,1,1070.44,4,Pedido histórico field mock (2025-06-01),true,5492617413812
PF-000392,PSQ-0017,ANTI-HONGOS X 5LTS PSQUIMICA,3,10423.70,4,Pedido histórico field mock (2025-07-06),true,5492617413812
PF-000392,PSQ-0457,LIMPIA TAPIZADOS 500ML PSQ,1,585.17,4,Pedido histórico field mock (2025-07-06),true,5492617413812
PF-000392,PSQ-0462,LIMPIAVIDRIOS GATILLO 475ML PSQ,3,1420.94,4,Pedido histórico field mock (2025-07-06),true,5492617413812
PF-000392,PSQ-0561,PORTA VASOS CAFE X 50 UNI,1,3774.52,4,Pedido histórico field mock (2025-07-06),true,5492617413812
PF-000393,PSQ-0017,ANTI-HONGOS X 5LTS PSQUIMICA,3,10423.70,4,Pedido histórico field mock (2025-08-13),true,5492617413812
PF-000393,PSQ-0457,LIMPIA TAPIZADOS 500ML PSQ,4,585.17,4,Pedido histórico field mock (2025-08-13),true,5492617413812
PF-000394,PSQ-0017,ANTI-HONGOS X 5LTS PSQUIMICA,2,10423.70,4,Pedido histórico field mock (2025-09-26),true,5492617413812
PF-000394,PSQ-0457,LIMPIA TAPIZADOS 500ML PSQ,4,585.17,4,Pedido histórico field mock (2025-09-26),true,5492617413812
PF-000394,PSQ-0317,DETERGENTE USO DIRECTO X1L,4,1070.44,4,Pedido histórico field mock (2025-09-26),true,5492617413812
PF-000394,PSQ-0212,CAMISETA 40 X 50 ECO MUNDI POLIM. X PAQ (20),2,1678.92,4,Pedido histórico field mock (2025-09-26),true,5492617413812
PF-000395,PSQ-0017,ANTI-HONGOS X 5LTS PSQUIMICA,2,10423.70,4,Pedido histórico field mock (2025-11-01),true,5492617413812
PF-000395,PSQ-0457,LIMPIA TAPIZADOS 500ML PSQ,1,585.17,4,Pedido histórico field mock (2025-11-01),true,5492617413812
PF-000395,PSQ-0204,CAJA PIZZA GRANDE ECO VERDE X 100U (1),4,19873.95,4,Pedido histórico field mock (2025-11-01),true,5492617413812
PF-000396,PSQ-0017,ANTI-HONGOS X 5LTS PSQUIMICA,4,10423.70,4,Pedido histórico field mock (2025-12-12),true,5492617413812
PF-000396,PSQ-0457,LIMPIA TAPIZADOS 500ML PSQ,4,585.17,4,Pedido histórico field mock (2025-12-12),true,5492617413812
PF-000396,PSQ-0318,DETERGENTE USO DIRECTO X5L,2,4578.56,4,Pedido histórico field mock (2025-12-12),true,5492617413812
PF-000396,PSQ-0205,CAJA PIZZA GRIS CORRUGADA X 50U,1,19092.83,4,Pedido histórico field mock (2025-12-12),true,5492617413812
PF-000397,PSQ-0017,ANTI-HONGOS X 5LTS PSQUIMICA,1,10423.70,4,Pedido histórico field mock (2026-01-14),true,5492617413812
PF-000397,PSQ-0457,LIMPIA TAPIZADOS 500ML PSQ,2,585.17,4,Pedido histórico field mock (2026-01-14),true,5492617413812
PF-000398,PSQ-0295,DESENGRASANTE 500ML PSQUIMICA,2,1670.99,4,Pedido reciente field mock (2026-04-28),true,5492617413812
PF-000398,PSQ-0457,LIMPIA TAPIZADOS 500ML PSQ,3,585.17,4,Pedido reciente field mock (2026-04-28),true,5492617413812
PF-000399,PSQ-0457,LIMPIA TAPIZADOS 500ML PSQ,1,585.17,4,Pedido reciente field mock (2026-05-10),true,5492617413812
PF-000399,PSQ-0310,DESTAPA CAÑERIAS X LT PSQUIMICA,1,1656.23,4,Pedido reciente field mock (2026-05-10),true,5492617413812
PF-000400,PSQ-0310,DESTAPA CAÑERIAS X LT PSQUIMICA,3,1656.23,4,Pedido reciente field mock (2026-05-16),true,5492617413812
PF-000400,PSQ-0457,LIMPIA TAPIZADOS 500ML PSQ,3,585.17,4,Pedido reciente field mock (2026-05-16),true,5492617413812
PF-000401,PSQ-0017,ANTI-HONGOS X 5LTS PSQUIMICA,1,12263.18,1,Pedido histórico field mock (2025-06-01),true,5492617236955
PF-000401,PSQ-0295,DESENGRASANTE 500ML PSQUIMICA,1,1965.87,1,Pedido histórico field mock (2025-06-01),true,5492617236955
PF-000401,PSQ-0215,CAMISETA 45 X 60 MUNDI MAX X PAQ (20),2,3533.69,1,Pedido histórico field mock (2025-06-01),true,5492617236955
PF-000401,PSQ-0212,CAMISETA 40 X 50 ECO MUNDI POLIM. X PAQ (20),4,1975.20,1,Pedido histórico field mock (2025-06-01),true,5492617236955
PF-000402,PSQ-0017,ANTI-HONGOS X 5LTS PSQUIMICA,1,12263.18,1,Pedido histórico field mock (2025-07-09),true,5492617236955
PF-000402,PSQ-0295,DESENGRASANTE 500ML PSQUIMICA,4,1965.87,1,Pedido histórico field mock (2025-07-09),true,5492617236955
PF-000403,PSQ-0017,ANTI-HONGOS X 5LTS PSQUIMICA,4,12263.18,1,Pedido histórico field mock (2025-08-18),true,5492617236955
PF-000403,PSQ-0295,DESENGRASANTE 500ML PSQUIMICA,3,1965.87,1,Pedido histórico field mock (2025-08-18),true,5492617236955
PF-000403,PSQ-0582,QUITASARRO GATILLO 500ML PSQ,1,2134.71,1,Pedido histórico field mock (2025-08-18),true,5492617236955
PF-000404,PSQ-0017,ANTI-HONGOS X 5LTS PSQUIMICA,4,12263.18,1,Pedido histórico field mock (2025-09-23),true,5492617236955
PF-000404,PSQ-0295,DESENGRASANTE 500ML PSQUIMICA,4,1965.87,1,Pedido histórico field mock (2025-09-23),true,5492617236955
PF-000405,PSQ-0017,ANTI-HONGOS X 5LTS PSQUIMICA,1,12263.18,1,Pedido histórico field mock (2025-11-01),true,5492617236955
PF-000405,PSQ-0295,DESENGRASANTE 500ML PSQUIMICA,4,1965.87,1,Pedido histórico field mock (2025-11-01),true,5492617236955
PF-000405,PSQ-0218,CAMISETA 50 X 70 MUNDI MAX X PAQ (20),1,5698.52,1,Pedido histórico field mock (2025-11-01),true,5492617236955
PF-000405,PSQ-0561,PORTA VASOS CAFE X 50 UNI,4,4440.61,1,Pedido histórico field mock (2025-11-01),true,5492617236955
PF-000406,PSQ-0017,ANTI-HONGOS X 5LTS PSQUIMICA,1,12263.18,1,Pedido histórico field mock (2025-12-09),true,5492617236955
PF-000406,PSQ-0295,DESENGRASANTE 500ML PSQUIMICA,2,1965.87,1,Pedido histórico field mock (2025-12-09),true,5492617236955
PF-000406,PSQ-0453,LAVANDINA X1L,2,930.64,1,Pedido histórico field mock (2025-12-09),true,5492617236955
PF-000406,PSQ-0218,CAMISETA 50 X 70 MUNDI MAX X PAQ (20),3,5698.52,1,Pedido histórico field mock (2025-12-09),true,5492617236955
PF-000407,PSQ-0017,ANTI-HONGOS X 5LTS PSQUIMICA,3,12263.18,1,Pedido histórico field mock (2026-01-19),true,5492617236955
PF-000407,PSQ-0295,DESENGRASANTE 500ML PSQUIMICA,3,1965.87,1,Pedido histórico field mock (2026-01-19),true,5492617236955
PF-000407,PSQ-0218,CAMISETA 50 X 70 MUNDI MAX X PAQ (20),1,5698.52,1,Pedido histórico field mock (2026-01-19),true,5492617236955
PF-000407,PSQ-0318,DETERGENTE USO DIRECTO X5L,3,5386.54,1,Pedido histórico field mock (2026-01-19),true,5492617236955
PF-000408,PSQ-0016,ANTI-HONGOS GATILLO 500ML PSQ,1,1751.98,1,Pedido reciente field mock (2026-04-05),true,5492617236955
PF-000408,PSQ-0457,LIMPIA TAPIZADOS 500ML PSQ,3,688.43,1,Pedido reciente field mock (2026-04-05),true,5492617236955
PF-000409,PSQ-0295,DESENGRASANTE 500ML PSQUIMICA,2,1965.87,1,Pedido reciente field mock (2026-04-29),true,5492617236955
PF-000409,PSQ-0017,ANTI-HONGOS X 5LTS PSQUIMICA,1,12263.18,1,Pedido reciente field mock (2026-04-29),true,5492617236955
PF-000410,PSQ-0017,ANTI-HONGOS X 5LTS PSQUIMICA,2,12263.18,1,Pedido reciente field mock (2026-05-18),true,5492617236955
PF-000410,PSQ-0457,LIMPIA TAPIZADOS 500ML PSQ,3,688.43,1,Pedido reciente field mock (2026-05-18),true,5492617236955
PF-000411,PSQ-0017,ANTI-HONGOS X 5LTS PSQUIMICA,4,14102.66,2,Pedido histórico field mock (2025-06-05),true,5492612928724
PF-000411,PSQ-0016,ANTI-HONGOS GATILLO 500ML PSQ,1,2014.78,2,Pedido histórico field mock (2025-06-05),true,5492612928724
PF-000411,PSQ-0318,DETERGENTE USO DIRECTO X5L,1,6194.52,2,Pedido histórico field mock (2025-06-05),true,5492612928724
PF-000411,PSQ-0317,DETERGENTE USO DIRECTO X1L,4,1448.24,2,Pedido histórico field mock (2025-06-05),true,5492612928724
PF-000412,PSQ-0017,ANTI-HONGOS X 5LTS PSQUIMICA,2,14102.66,2,Pedido histórico field mock (2025-07-05),true,5492612928724
PF-000412,PSQ-0016,ANTI-HONGOS GATILLO 500ML PSQ,3,2014.78,2,Pedido histórico field mock (2025-07-05),true,5492612928724
PF-000412,PSQ-0462,LIMPIAVIDRIOS GATILLO 475ML PSQ,1,1922.44,2,Pedido histórico field mock (2025-07-05),true,5492612928724
PF-000412,PSQ-0454,LAVANDINA X5L,4,2949.22,2,Pedido histórico field mock (2025-07-05),true,5492612928724
PF-000413,PSQ-0017,ANTI-HONGOS X 5LTS PSQUIMICA,3,14102.66,2,Pedido histórico field mock (2025-08-18),true,5492612928724
PF-000413,PSQ-0016,ANTI-HONGOS GATILLO 500ML PSQ,1,2014.78,2,Pedido histórico field mock (2025-08-18),true,5492612928724
PF-000413,PSQ-0582,QUITASARRO GATILLO 500ML PSQ,3,2454.92,2,Pedido histórico field mock (2025-08-18),true,5492612928724
PF-000414,PSQ-0017,ANTI-HONGOS X 5LTS PSQUIMICA,1,14102.66,2,Pedido histórico field mock (2025-09-28),true,5492612928724
PF-000414,PSQ-0016,ANTI-HONGOS GATILLO 500ML PSQ,2,2014.78,2,Pedido histórico field mock (2025-09-28),true,5492612928724
PF-000414,PSQ-0318,DETERGENTE USO DIRECTO X5L,3,6194.52,2,Pedido histórico field mock (2025-09-28),true,5492612928724
PF-000415,PSQ-0017,ANTI-HONGOS X 5LTS PSQUIMICA,3,14102.66,2,Pedido histórico field mock (2025-11-05),true,5492612928724
PF-000415,PSQ-0016,ANTI-HONGOS GATILLO 500ML PSQ,3,2014.78,2,Pedido histórico field mock (2025-11-05),true,5492612928724
PF-000415,PSQ-0582,QUITASARRO GATILLO 500ML PSQ,2,2454.92,2,Pedido histórico field mock (2025-11-05),true,5492612928724
PF-000415,PSQ-0204,CAJA PIZZA GRANDE ECO VERDE X 100U (1),1,26888.29,2,Pedido histórico field mock (2025-11-05),true,5492612928724
PF-000416,PSQ-0017,ANTI-HONGOS X 5LTS PSQUIMICA,2,14102.66,2,Pedido histórico field mock (2025-12-13),true,5492612928724
PF-000416,PSQ-0016,ANTI-HONGOS GATILLO 500ML PSQ,3,2014.78,2,Pedido histórico field mock (2025-12-13),true,5492612928724
PF-000416,PSQ-0318,DETERGENTE USO DIRECTO X5L,1,6194.52,2,Pedido histórico field mock (2025-12-13),true,5492612928724
PF-000417,PSQ-0017,ANTI-HONGOS X 5LTS PSQUIMICA,1,14102.66,2,Pedido histórico field mock (2026-01-18),true,5492612928724
PF-000417,PSQ-0016,ANTI-HONGOS GATILLO 500ML PSQ,3,2014.78,2,Pedido histórico field mock (2026-01-18),true,5492612928724
PF-000417,PSQ-0582,QUITASARRO GATILLO 500ML PSQ,4,2454.92,2,Pedido histórico field mock (2026-01-18),true,5492612928724
PF-000418,PSQ-0295,DESENGRASANTE 500ML PSQUIMICA,3,2260.75,2,Pedido reciente field mock (2026-04-28),true,5492612928724
PF-000418,PSQ-0457,LIMPIA TAPIZADOS 500ML PSQ,3,791.69,2,Pedido reciente field mock (2026-04-28),true,5492612928724
PF-000419,PSQ-0295,DESENGRASANTE 500ML PSQUIMICA,2,2260.75,2,Pedido reciente field mock (2026-04-29),true,5492612928724
PF-000419,PSQ-0016,ANTI-HONGOS GATILLO 500ML PSQ,2,2014.78,2,Pedido reciente field mock (2026-04-29),true,5492612928724
PF-000420,PSQ-0017,ANTI-HONGOS X 5LTS PSQUIMICA,2,14102.66,2,Pedido reciente field mock (2026-05-02),true,5492612928724
PF-000420,PSQ-0295,DESENGRASANTE 500ML PSQUIMICA,1,2260.75,2,Pedido reciente field mock (2026-05-02),true,5492612928724
PF-000421,PSQ-0310,DESTAPA CAÑERIAS X LT PSQUIMICA,3,1753.66,3,Pedido histórico field mock (2025-06-06),true,5492999435946
PF-000421,PSQ-0295,DESENGRASANTE 500ML PSQUIMICA,1,1769.28,3,Pedido histórico field mock (2025-06-06),true,5492999435946
PF-000421,PSQ-0215,CAMISETA 45 X 60 MUNDI MAX X PAQ (20),3,3180.32,3,Pedido histórico field mock (2025-06-06),true,5492999435946
PF-000422,PSQ-0310,DESTAPA CAÑERIAS X LT PSQUIMICA,2,1753.66,3,Pedido histórico field mock (2025-07-10),true,5492999435946
PF-000422,PSQ-0295,DESENGRASANTE 500ML PSQUIMICA,3,1769.28,3,Pedido histórico field mock (2025-07-10),true,5492999435946
PF-000423,PSQ-0310,DESTAPA CAÑERIAS X LT PSQUIMICA,4,1753.66,3,Pedido histórico field mock (2025-08-16),true,5492999435946
PF-000423,PSQ-0295,DESENGRASANTE 500ML PSQUIMICA,2,1769.28,3,Pedido histórico field mock (2025-08-16),true,5492999435946
PF-000424,PSQ-0310,DESTAPA CAÑERIAS X LT PSQUIMICA,2,1753.66,3,Pedido histórico field mock (2025-09-23),true,5492999435946
PF-000424,PSQ-0295,DESENGRASANTE 500ML PSQUIMICA,4,1769.28,3,Pedido histórico field mock (2025-09-23),true,5492999435946
PF-000425,PSQ-0310,DESTAPA CAÑERIAS X LT PSQUIMICA,2,1753.66,3,Pedido histórico field mock (2025-10-31),true,5492999435946
PF-000425,PSQ-0295,DESENGRASANTE 500ML PSQUIMICA,4,1769.28,3,Pedido histórico field mock (2025-10-31),true,5492999435946
PF-000425,PSQ-0218,CAMISETA 50 X 70 MUNDI MAX X PAQ (20),1,5128.67,3,Pedido histórico field mock (2025-10-31),true,5492999435946
PF-000425,PSQ-0198,CAJA EMPANADA X 100U,4,7026.93,3,Pedido histórico field mock (2025-10-31),true,5492999435946
PF-000426,PSQ-0310,DESTAPA CAÑERIAS X LT PSQUIMICA,3,1753.66,3,Pedido histórico field mock (2025-12-07),true,5492999435946
PF-000426,PSQ-0295,DESENGRASANTE 500ML PSQUIMICA,1,1769.28,3,Pedido histórico field mock (2025-12-07),true,5492999435946
PF-000426,PSQ-0215,CAMISETA 45 X 60 MUNDI MAX X PAQ (20),3,3180.32,3,Pedido histórico field mock (2025-12-07),true,5492999435946
PF-000426,PSQ-0198,CAJA EMPANADA X 100U,4,7026.93,3,Pedido histórico field mock (2025-12-07),true,5492999435946
PF-000427,PSQ-0310,DESTAPA CAÑERIAS X LT PSQUIMICA,2,1753.66,3,Pedido histórico field mock (2026-01-15),true,5492999435946
PF-000427,PSQ-0295,DESENGRASANTE 500ML PSQUIMICA,3,1769.28,3,Pedido histórico field mock (2026-01-15),true,5492999435946
PF-000428,PSQ-0017,ANTI-HONGOS X 5LTS PSQUIMICA,2,11036.86,3,Pedido reciente field mock (2026-05-03),true,5492999435946
PF-000428,PSQ-0457,LIMPIA TAPIZADOS 500ML PSQ,1,619.59,3,Pedido reciente field mock (2026-05-03),true,5492999435946
PF-000429,PSQ-0457,LIMPIA TAPIZADOS 500ML PSQ,3,619.59,3,Pedido reciente field mock (2026-05-11),true,5492999435946
PF-000429,PSQ-0295,DESENGRASANTE 500ML PSQUIMICA,1,1769.28,3,Pedido reciente field mock (2026-05-11),true,5492999435946
PF-000430,PSQ-0295,DESENGRASANTE 500ML PSQUIMICA,1,1769.28,3,Pedido reciente field mock (2026-05-17),true,5492999435946
PF-000430,PSQ-0457,LIMPIA TAPIZADOS 500ML PSQ,1,619.59,3,Pedido reciente field mock (2026-05-17),true,5492999435946
PF-000431,PSQ-0295,DESENGRASANTE 500ML PSQUIMICA,3,1670.99,4,Pedido histórico field mock (2025-06-05),true,5493517632424
PF-000431,PSQ-0310,DESTAPA CAÑERIAS X LT PSQUIMICA,2,1656.23,4,Pedido histórico field mock (2025-06-05),true,5493517632424
PF-000432,PSQ-0295,DESENGRASANTE 500ML PSQUIMICA,4,1670.99,4,Pedido histórico field mock (2025-07-10),true,5493517632424
PF-000432,PSQ-0310,DESTAPA CAÑERIAS X LT PSQUIMICA,1,1656.23,4,Pedido histórico field mock (2025-07-10),true,5493517632424
PF-000432,PSQ-0205,CAJA PIZZA GRIS CORRUGADA X 50U,4,19092.83,4,Pedido histórico field mock (2025-07-10),true,5493517632424
PF-000433,PSQ-0295,DESENGRASANTE 500ML PSQUIMICA,2,1670.99,4,Pedido histórico field mock (2025-08-11),true,5493517632424
PF-000433,PSQ-0310,DESTAPA CAÑERIAS X LT PSQUIMICA,2,1656.23,4,Pedido histórico field mock (2025-08-11),true,5493517632424
PF-000433,PSQ-0462,LIMPIAVIDRIOS GATILLO 475ML PSQ,3,1420.94,4,Pedido histórico field mock (2025-08-11),true,5493517632424
PF-000434,PSQ-0295,DESENGRASANTE 500ML PSQUIMICA,3,1670.99,4,Pedido histórico field mock (2025-09-24),true,5493517632424
PF-000434,PSQ-0310,DESTAPA CAÑERIAS X LT PSQUIMICA,4,1656.23,4,Pedido histórico field mock (2025-09-24),true,5493517632424
PF-000434,PSQ-0582,QUITASARRO GATILLO 500ML PSQ,1,1814.50,4,Pedido histórico field mock (2025-09-24),true,5493517632424
PF-000435,PSQ-0295,DESENGRASANTE 500ML PSQUIMICA,3,1670.99,4,Pedido histórico field mock (2025-11-03),true,5493517632424
PF-000435,PSQ-0310,DESTAPA CAÑERIAS X LT PSQUIMICA,1,1656.23,4,Pedido histórico field mock (2025-11-03),true,5493517632424
PF-000435,PSQ-0561,PORTA VASOS CAFE X 50 UNI,3,3774.52,4,Pedido histórico field mock (2025-11-03),true,5493517632424
PF-000435,PSQ-0204,CAJA PIZZA GRANDE ECO VERDE X 100U (1),3,19873.95,4,Pedido histórico field mock (2025-11-03),true,5493517632424
PF-000436,PSQ-0295,DESENGRASANTE 500ML PSQUIMICA,2,1670.99,4,Pedido histórico field mock (2025-12-06),true,5493517632424
PF-000436,PSQ-0310,DESTAPA CAÑERIAS X LT PSQUIMICA,2,1656.23,4,Pedido histórico field mock (2025-12-06),true,5493517632424
PF-000437,PSQ-0295,DESENGRASANTE 500ML PSQUIMICA,4,1670.99,4,Pedido histórico field mock (2026-01-14),true,5493517632424
PF-000437,PSQ-0310,DESTAPA CAÑERIAS X LT PSQUIMICA,2,1656.23,4,Pedido histórico field mock (2026-01-14),true,5493517632424
PF-000438,PSQ-0457,LIMPIA TAPIZADOS 500ML PSQ,1,585.17,4,Pedido reciente field mock (2026-04-04),true,5493517632424
PF-000438,PSQ-0017,ANTI-HONGOS X 5LTS PSQUIMICA,1,10423.70,4,Pedido reciente field mock (2026-04-04),true,5493517632424
PF-000439,PSQ-0295,DESENGRASANTE 500ML PSQUIMICA,3,1670.99,4,Pedido reciente field mock (2026-04-25),true,5493517632424
PF-000439,PSQ-0310,DESTAPA CAÑERIAS X LT PSQUIMICA,3,1656.23,4,Pedido reciente field mock (2026-04-25),true,5493517632424
PF-000440,PSQ-0310,DESTAPA CAÑERIAS X LT PSQUIMICA,1,1656.23,4,Pedido reciente field mock (2026-05-11),true,5493517632424
PF-000440,PSQ-0017,ANTI-HONGOS X 5LTS PSQUIMICA,1,10423.70,4,Pedido reciente field mock (2026-05-11),true,5493517632424
PF-000441,PSQ-0016,ANTI-HONGOS GATILLO 500ML PSQ,4,1751.98,1,Pedido histórico field mock (2025-06-06),true,5493416524997
PF-000441,PSQ-0457,LIMPIA TAPIZADOS 500ML PSQ,1,688.43,1,Pedido histórico field mock (2025-06-06),true,5493416524997
PF-000441,PSQ-0462,LIMPIAVIDRIOS GATILLO 475ML PSQ,2,1671.69,1,Pedido histórico field mock (2025-06-06),true,5493416524997
PF-000441,PSQ-0561,PORTA VASOS CAFE X 50 UNI,1,4440.61,1,Pedido histórico field mock (2025-06-06),true,5493416524997
PF-000442,PSQ-0016,ANTI-HONGOS GATILLO 500ML PSQ,3,1751.98,1,Pedido histórico field mock (2025-07-13),true,5493416524997
PF-000442,PSQ-0457,LIMPIA TAPIZADOS 500ML PSQ,2,688.43,1,Pedido histórico field mock (2025-07-13),true,5493416524997
PF-000442,PSQ-0215,CAMISETA 45 X 60 MUNDI MAX X PAQ (20),2,3533.69,1,Pedido histórico field mock (2025-07-13),true,5493416524997
PF-000443,PSQ-0016,ANTI-HONGOS GATILLO 500ML PSQ,3,1751.98,1,Pedido histórico field mock (2025-08-11),true,5493416524997
PF-000443,PSQ-0457,LIMPIA TAPIZADOS 500ML PSQ,3,688.43,1,Pedido histórico field mock (2025-08-11),true,5493416524997
PF-000443,PSQ-0561,PORTA VASOS CAFE X 50 UNI,1,4440.61,1,Pedido histórico field mock (2025-08-11),true,5493416524997
PF-000443,PSQ-0212,CAMISETA 40 X 50 ECO MUNDI POLIM. X PAQ (20),3,1975.20,1,Pedido histórico field mock (2025-08-11),true,5493416524997
PF-000444,PSQ-0016,ANTI-HONGOS GATILLO 500ML PSQ,4,1751.98,1,Pedido histórico field mock (2025-09-28),true,5493416524997
PF-000444,PSQ-0457,LIMPIA TAPIZADOS 500ML PSQ,3,688.43,1,Pedido histórico field mock (2025-09-28),true,5493416524997
PF-000444,PSQ-0218,CAMISETA 50 X 70 MUNDI MAX X PAQ (20),2,5698.52,1,Pedido histórico field mock (2025-09-28),true,5493416524997
PF-000445,PSQ-0016,ANTI-HONGOS GATILLO 500ML PSQ,1,1751.98,1,Pedido histórico field mock (2025-11-04),true,5493416524997
PF-000445,PSQ-0457,LIMPIA TAPIZADOS 500ML PSQ,4,688.43,1,Pedido histórico field mock (2025-11-04),true,5493416524997
PF-000445,PSQ-0198,CAJA EMPANADA X 100U,3,7807.70,1,Pedido histórico field mock (2025-11-04),true,5493416524997
PF-000445,PSQ-0215,CAMISETA 45 X 60 MUNDI MAX X PAQ (20),1,3533.69,1,Pedido histórico field mock (2025-11-04),true,5493416524997
PF-000446,PSQ-0016,ANTI-HONGOS GATILLO 500ML PSQ,4,1751.98,1,Pedido histórico field mock (2025-12-06),true,5493416524997
PF-000446,PSQ-0457,LIMPIA TAPIZADOS 500ML PSQ,4,688.43,1,Pedido histórico field mock (2025-12-06),true,5493416524997
PF-000447,PSQ-0016,ANTI-HONGOS GATILLO 500ML PSQ,2,1751.98,1,Pedido histórico field mock (2026-01-19),true,5493416524997
PF-000447,PSQ-0457,LIMPIA TAPIZADOS 500ML PSQ,3,688.43,1,Pedido histórico field mock (2026-01-19),true,5493416524997
PF-000447,PSQ-0218,CAMISETA 50 X 70 MUNDI MAX X PAQ (20),2,5698.52,1,Pedido histórico field mock (2026-01-19),true,5493416524997
PF-000447,PSQ-0576,QUITAMANCHAS 500ML PSQ,1,1363.64,1,Pedido histórico field mock (2026-01-19),true,5493416524997
PF-000448,PSQ-0295,DESENGRASANTE 500ML PSQUIMICA,1,1965.87,1,Pedido reciente field mock (2026-04-09),true,5493416524997
PF-000448,PSQ-0310,DESTAPA CAÑERIAS X LT PSQUIMICA,3,1948.51,1,Pedido reciente field mock (2026-04-09),true,5493416524997
PF-000449,PSQ-0310,DESTAPA CAÑERIAS X LT PSQUIMICA,2,1948.51,1,Pedido reciente field mock (2026-04-14),true,5493416524997
PF-000449,PSQ-0457,LIMPIA TAPIZADOS 500ML PSQ,1,688.43,1,Pedido reciente field mock (2026-04-14),true,5493416524997
PF-000450,PSQ-0017,ANTI-HONGOS X 5LTS PSQUIMICA,1,12263.18,1,Pedido reciente field mock (2026-05-13),true,5493416524997
PF-000450,PSQ-0457,LIMPIA TAPIZADOS 500ML PSQ,1,688.43,1,Pedido reciente field mock (2026-05-13),true,5493416524997
PF-000451,PSQ-0310,DESTAPA CAÑERIAS X LT PSQUIMICA,1,2240.79,2,Pedido histórico field mock (2025-06-01),true,5493876499570
PF-000451,PSQ-0016,ANTI-HONGOS GATILLO 500ML PSQ,2,2014.78,2,Pedido histórico field mock (2025-06-01),true,5493876499570
PF-000452,PSQ-0310,DESTAPA CAÑERIAS X LT PSQUIMICA,3,2240.79,2,Pedido histórico field mock (2025-07-08),true,5493876499570
PF-000452,PSQ-0016,ANTI-HONGOS GATILLO 500ML PSQ,2,2014.78,2,Pedido histórico field mock (2025-07-08),true,5493876499570
PF-000452,PSQ-0205,CAJA PIZZA GRIS CORRUGADA X 50U,1,25831.47,2,Pedido histórico field mock (2025-07-08),true,5493876499570
PF-000452,PSQ-0218,CAMISETA 50 X 70 MUNDI MAX X PAQ (20),2,6553.30,2,Pedido histórico field mock (2025-07-08),true,5493876499570
PF-000453,PSQ-0310,DESTAPA CAÑERIAS X LT PSQUIMICA,3,2240.79,2,Pedido histórico field mock (2025-08-17),true,5493876499570
PF-000453,PSQ-0016,ANTI-HONGOS GATILLO 500ML PSQ,3,2014.78,2,Pedido histórico field mock (2025-08-17),true,5493876499570
PF-000453,PSQ-0487,MULTIUSO AZULEJOS X 500ML PSQUIMICA,1,1405.09,2,Pedido histórico field mock (2025-08-17),true,5493876499570
PF-000454,PSQ-0310,DESTAPA CAÑERIAS X LT PSQUIMICA,3,2240.79,2,Pedido histórico field mock (2025-09-24),true,5493876499570
PF-000454,PSQ-0016,ANTI-HONGOS GATILLO 500ML PSQ,3,2014.78,2,Pedido histórico field mock (2025-09-24),true,5493876499570
PF-000454,PSQ-0487,MULTIUSO AZULEJOS X 500ML PSQUIMICA,2,1405.09,2,Pedido histórico field mock (2025-09-24),true,5493876499570
PF-000455,PSQ-0310,DESTAPA CAÑERIAS X LT PSQUIMICA,3,2240.79,2,Pedido histórico field mock (2025-10-27),true,5493876499570
PF-000455,PSQ-0016,ANTI-HONGOS GATILLO 500ML PSQ,4,2014.78,2,Pedido histórico field mock (2025-10-27),true,5493876499570
PF-000455,PSQ-0576,QUITAMANCHAS 500ML PSQ,2,1568.19,2,Pedido histórico field mock (2025-10-27),true,5493876499570
PF-000456,PSQ-0310,DESTAPA CAÑERIAS X LT PSQUIMICA,2,2240.79,2,Pedido histórico field mock (2025-12-07),true,5493876499570
PF-000456,PSQ-0016,ANTI-HONGOS GATILLO 500ML PSQ,4,2014.78,2,Pedido histórico field mock (2025-12-07),true,5493876499570
PF-000457,PSQ-0310,DESTAPA CAÑERIAS X LT PSQUIMICA,4,2240.79,2,Pedido histórico field mock (2026-01-19),true,5493876499570
PF-000457,PSQ-0016,ANTI-HONGOS GATILLO 500ML PSQ,4,2014.78,2,Pedido histórico field mock (2026-01-19),true,5493876499570
PF-000458,PSQ-0017,ANTI-HONGOS X 5LTS PSQUIMICA,1,14102.66,2,Pedido reciente field mock (2026-04-09),true,5493876499570
PF-000458,PSQ-0310,DESTAPA CAÑERIAS X LT PSQUIMICA,3,2240.79,2,Pedido reciente field mock (2026-04-09),true,5493876499570
PF-000459,PSQ-0457,LIMPIA TAPIZADOS 500ML PSQ,2,791.69,2,Pedido reciente field mock (2026-05-10),true,5493876499570
PF-000459,PSQ-0016,ANTI-HONGOS GATILLO 500ML PSQ,1,2014.78,2,Pedido reciente field mock (2026-05-10),true,5493876499570
PF-000460,PSQ-0457,LIMPIA TAPIZADOS 500ML PSQ,1,791.69,2,Pedido reciente field mock (2026-05-11),true,5493876499570
PF-000460,PSQ-0017,ANTI-HONGOS X 5LTS PSQUIMICA,1,14102.66,2,Pedido reciente field mock (2026-05-11),true,5493876499570
PF-000461,PSQ-0457,LIMPIA TAPIZADOS 500ML PSQ,4,619.59,3,Pedido histórico field mock (2025-06-02),true,5492998066543
PF-000461,PSQ-0310,DESTAPA CAÑERIAS X LT PSQUIMICA,1,1753.66,3,Pedido histórico field mock (2025-06-02),true,5492998066543
PF-000461,PSQ-0215,CAMISETA 45 X 60 MUNDI MAX X PAQ (20),4,3180.32,3,Pedido histórico field mock (2025-06-02),true,5492998066543
PF-000462,PSQ-0457,LIMPIA TAPIZADOS 500ML PSQ,2,619.59,3,Pedido histórico field mock (2025-07-05),true,5492998066543
PF-000462,PSQ-0310,DESTAPA CAÑERIAS X LT PSQUIMICA,4,1753.66,3,Pedido histórico field mock (2025-07-05),true,5492998066543
PF-000462,PSQ-0318,DETERGENTE USO DIRECTO X5L,2,4847.89,3,Pedido histórico field mock (2025-07-05),true,5492998066543
PF-000463,PSQ-0457,LIMPIA TAPIZADOS 500ML PSQ,2,619.59,3,Pedido histórico field mock (2025-08-16),true,5492998066543
PF-000463,PSQ-0310,DESTAPA CAÑERIAS X LT PSQUIMICA,4,1753.66,3,Pedido histórico field mock (2025-08-16),true,5492998066543
PF-000463,PSQ-0582,QUITASARRO GATILLO 500ML PSQ,4,1921.24,3,Pedido histórico field mock (2025-08-16),true,5492998066543
PF-000464,PSQ-0457,LIMPIA TAPIZADOS 500ML PSQ,2,619.59,3,Pedido histórico field mock (2025-09-23),true,5492998066543
PF-000464,PSQ-0310,DESTAPA CAÑERIAS X LT PSQUIMICA,2,1753.66,3,Pedido histórico field mock (2025-09-23),true,5492998066543
PF-000464,PSQ-0204,CAJA PIZZA GRANDE ECO VERDE X 100U (1),4,21043.01,3,Pedido histórico field mock (2025-09-23),true,5492998066543
PF-000464,PSQ-0215,CAMISETA 45 X 60 MUNDI MAX X PAQ (20),4,3180.32,3,Pedido histórico field mock (2025-09-23),true,5492998066543
PF-000465,PSQ-0457,LIMPIA TAPIZADOS 500ML PSQ,1,619.59,3,Pedido histórico field mock (2025-10-30),true,5492998066543
PF-000465,PSQ-0310,DESTAPA CAÑERIAS X LT PSQUIMICA,2,1753.66,3,Pedido histórico field mock (2025-10-30),true,5492998066543
PF-000465,PSQ-0487,MULTIUSO AZULEJOS X 500ML PSQUIMICA,2,1099.64,3,Pedido histórico field mock (2025-10-30),true,5492998066543
PF-000466,PSQ-0457,LIMPIA TAPIZADOS 500ML PSQ,3,619.59,3,Pedido histórico field mock (2025-12-07),true,5492998066543
PF-000466,PSQ-0310,DESTAPA CAÑERIAS X LT PSQUIMICA,4,1753.66,3,Pedido histórico field mock (2025-12-07),true,5492998066543
PF-000466,PSQ-0462,LIMPIAVIDRIOS GATILLO 475ML PSQ,1,1504.52,3,Pedido histórico field mock (2025-12-07),true,5492998066543
PF-000467,PSQ-0457,LIMPIA TAPIZADOS 500ML PSQ,3,619.59,3,Pedido histórico field mock (2026-01-15),true,5492998066543
PF-000467,PSQ-0310,DESTAPA CAÑERIAS X LT PSQUIMICA,1,1753.66,3,Pedido histórico field mock (2026-01-15),true,5492998066543
PF-000468,PSQ-0016,ANTI-HONGOS GATILLO 500ML PSQ,2,1576.78,3,Pedido reciente field mock (2026-04-10),true,5492998066543
PF-000468,PSQ-0295,DESENGRASANTE 500ML PSQUIMICA,3,1769.28,3,Pedido reciente field mock (2026-04-10),true,5492998066543
PF-000469,PSQ-0457,LIMPIA TAPIZADOS 500ML PSQ,2,619.59,3,Pedido reciente field mock (2026-04-14),true,5492998066543
PF-000469,PSQ-0310,DESTAPA CAÑERIAS X LT PSQUIMICA,2,1753.66,3,Pedido reciente field mock (2026-04-14),true,5492998066543
PF-000470,PSQ-0016,ANTI-HONGOS GATILLO 500ML PSQ,3,1576.78,3,Pedido reciente field mock (2026-04-23),true,5492998066543
PF-000470,PSQ-0295,DESENGRASANTE 500ML PSQUIMICA,3,1769.28,3,Pedido reciente field mock (2026-04-23),true,5492998066543
