nombre,zone_type,description,color,dia_visita,codigo_ruta,vendedor_idx,geometry_wkt,is_mock
ZONA NORTE - La Paz,sales,"Zona comercial barrio La Paz, acceso por Av. 25 de Mayo.",#E74C3C,lunes,R01-A,0,"SRID=4326;MULTIPOLYGON(((-58.167828 -26.196868000000002, -58.158593 -26.196868000000002, -58.158593 -26.188356, -58.167828 -26.188356, -58.167828 -26.196868000000002)))",true
ZONA SUR - San Miguel,sales,"Zona comercial barrio San Miguel, acceso por Av. Italia.",#3498DB,martes,R02-B,1,"SRID=4326;MULTIPOLYGON(((-58.182898 -26.169235, -58.173466000000005 -26.169235, -58.173466000000005 -26.160508999999998, -58.182898 -26.160508999999998, -58.182898 -26.169235)))",true
ZONA ESTE - Villa del Rosario,sales,"Zona comercial barrio Villa del Rosario, acceso por Calle 10.",#F1C40F,miercoles,R03-C,2,"SRID=4326;MULTIPOLYGON(((-58.158752 -26.175163, -58.151016 -26.175163, -58.151016 -26.166742, -58.158752 -26.166742, -58.158752 -26.175163)))",true
ZONA OESTE - La Floresta,sales,"Zona comercial barrio La Floresta, acceso por Calle 5.",#9B59B6,jueves,R04-D,0,"SRID=4326;MULTIPOLYGON(((-58.197523 -26.186656000000003, -58.188752 -26.186656000000003, -58.188752 -26.178185, -58.197523 -26.178185, -58.197523 -26.186656000000003)))",true
ZONA NORESTE - El Chorro,sales,"Zona comercial barrio El Chorro, acceso por Av. San Martín.",#E67E22,viernes,R05-E,1,"SRID=4326;MULTIPOLYGON(((-58.168226 -26.159495000000003, -58.161638 -26.159495000000003, -58.161638 -26.150906999999997, -58.168226 -26.150906999999997, -58.168226 -26.159495000000003)))",true
ZONA SUROESTE - San Juan,sales,"Zona comercial barrio San Juan, acceso por Calle 12.",#2ECC71,sabado,R06-F,2,"SRID=4326;MULTIPOLYGON(((-58.194334 -26.177068000000002, -58.186515 -26.177068000000002, -58.186515 -26.169631, -58.194334 -26.169631, -58.194334 -26.177068000000002)))",true
