nombre,zone_type,description,color,dia_visita,codigo_ruta,vendedor_idx,geometry_wkt,is_mock
ZONA NORTE - Villa del Rosario,sales,"Zona comercial Villa del Rosario, acceso por Av. San Martín.",#FF5733,lunes,R01-A,0,"SRID=4326;MULTIPOLYGON(((-58.159099999999995 -26.189500000000002, -58.1511 -26.189500000000002, -58.1511 -26.1815, -58.159099999999995 -26.1815, -58.159099999999995 -26.189500000000002)))",true
ZONA NORTE - La Nueva Formosa,sales,"Zona comercial La Nueva Formosa, acceso por Calle 10.",#33FF57,lunes,R01-B,0,"SRID=4326;MULTIPOLYGON(((-58.1661 -26.1845, -58.158100000000005 -26.1845, -58.158100000000005 -26.176499999999997, -58.1661 -26.176499999999997, -58.1661 -26.1845)))",true
ZONA SUR - San Antonio,sales,"Zona comercial San Antonio, acceso por Av. 25 de Mayo.",#3357FF,martes,R02-A,1,"SRID=4326;MULTIPOLYGON(((-58.199099999999994 -26.174500000000002, -58.1911 -26.174500000000002, -58.1911 -26.1665, -58.199099999999994 -26.1665, -58.199099999999994 -26.174500000000002)))",true
ZONA SUR - La Floresta,sales,"Zona comercial La Floresta, acceso por Calle 5.",#FF33A1,martes,R02-B,1,"SRID=4326;MULTIPOLYGON(((-58.1941 -26.1795, -58.1861 -26.1795, -58.1861 -26.171499999999998, -58.1941 -26.171499999999998, -58.1941 -26.1795)))",true
ZONA OESTE - Villa del Parque,sales,"Zona comercial Villa del Parque, acceso por Av. 9 de Julio.",#FFC300,miercoles,R03-A,2,"SRID=4326;MULTIPOLYGON(((-58.189099999999996 -26.186500000000002, -58.1811 -26.186500000000002, -58.1811 -26.1785, -58.189099999999996 -26.1785, -58.189099999999996 -26.186500000000002)))",true
ZONA OESTE - El Palmar,sales,"Zona comercial El Palmar, acceso por Calle 3.",#DAF7A6,miercoles,R03-B,2,"SRID=4326;MULTIPOLYGON(((-58.1841 -26.1815, -58.176100000000005 -26.1815, -58.176100000000005 -26.173499999999997, -58.1841 -26.173499999999997, -58.1841 -26.1815)))",true
