nombre,zone_type,description,color,dia_visita,codigo_ruta,vendedor_idx,geometry_wkt,is_mock
ZONA NOROESTE - Villa del Cerro,sales,"Zona comercial en Villa del Cerro, acceso por Av. José Belloni.",#E74C3C,lunes,R01-A,0,"SRID=4326;MULTIPOLYGON(((-56.216524 -34.898224, -56.205749000000004 -34.898224, -56.205749000000004 -34.891531, -56.216524 -34.891531, -56.216524 -34.898224)))",true
ZONA NORTE - La Teja,sales,"Zona comercial en La Teja, acceso por Av. Agraciada.",#F39C12,martes,R02-A,1,"SRID=4326;MULTIPOLYGON(((-56.196233 -34.899150999999996, -56.185517000000004 -34.899150999999996, -56.185517000000004 -34.890308000000005, -56.196233 -34.890308000000005, -56.196233 -34.899150999999996)))",true
ZONA NORESTE - Parque Batlle,sales,"Zona comercial en Parque Batlle, acceso por Av. Italia.",#2ECC71,miercoles,R03-A,1,"SRID=4326;MULTIPOLYGON(((-56.176178 -34.899752, -56.167896 -34.899752, -56.167896 -34.890548, -56.176178 -34.890548, -56.176178 -34.899752)))",true
ZONA SUROESTE - Cerrito,sales,"Zona comercial en Cerrito, acceso por Av. 8 de Octubre.",#3498DB,jueves,R04-A,2,"SRID=4326;MULTIPOLYGON(((-56.215865 -34.919982999999995, -56.206766 -34.919982999999995, -56.206766 -34.911706, -56.215865 -34.911706, -56.215865 -34.919982999999995)))",true
ZONA SUR - Ciudad Vieja,sales,"Zona comercial en Ciudad Vieja, acceso por Rambla.",#9B59B6,viernes,R05-A,2,"SRID=4326;MULTIPOLYGON(((-56.196884 -34.920035, -56.18997 -34.920035, -56.18997 -34.91078, -56.196884 -34.91078, -56.196884 -34.920035)))",true
ZONA SURESTE - Punta Carretas,sales,"Zona comercial en Punta Carretas, acceso por Av. 18 de Julio.",#E67E22,sabado,R06-A,0,"SRID=4326;MULTIPOLYGON(((-56.176327 -34.920491999999996, -56.167395 -34.920491999999996, -56.167395 -34.910862, -56.176327 -34.910862, -56.176327 -34.920491999999996)))",true
